repo_id,stars
749137,3789
1555094,3075
2005484,560
4387547,3292
5698643,4091
5797013,5025
7502247,2575
8426406,4928
8681349,49694
9252533,6354
10353211,5939
11274380,118
11579941,1218
12738012,294
13956112,1412
14734876,14244
15988336,1576
18671453,1210
23633128,342
24227875,6430
24561828,14504
25311354,2890
25459400,13848
27222050,4228
29217054,22973
29906842,15511
30860673,2307
30907774,23036
34674210,152
34798315,9526
36420109,1703
36840131,2178
37035067,1593
38182966,3644
38216778,9191
38233033,3304
38696925,29348
39904377,2106
41310523,2506
44961854,968
45103027,214
45271904,9968
45512989,34325
46527265,6039
48660863,2805
48904888,5644
49292670,919
49632852,1250
50202460,3967
53133861,21125
55018634,2432
56639410,1406
57377821,2243
57602001,22932
59341837,934
59982630,2955
60145277,867
60166854,1834
60352717,1551
60377070,7031
61393415,538
61793256,982
61924149,1776
62087567,4602
62476384,166
62824998,2911
62843932,1783
63793563,981
64834778,1344
65017574,6163
65558310,2246
66331305,1539
67437371,643
68125931,14729
69269563,10753
70431106,28840
71849748,633
72225778,602
72329031,425
73964895,14828
74173698,5992
75190475,7370
75587993,1845
75710587,4068
76678740,2165
76768630,2819
77023811,3121
77321225,749
77341954,2571
78200488,5583
78313173,10447
78732688,851
79263545,225
79372336,2122
80240424,4337
82841862,7011
83542054,1796
83878269,15775
84099393,193
84949566,2052
85768267,227
86599573,6581
87067212,9946
88113789,2319
88222263,1754
90733436,3826
90862638,1936
91857770,802
92287968,15422
94956993,1532
95574086,2031
96012614,744
96256108,709
96416890,184
96853855,1977
97794087,816
97817788,115
98441914,1063
98499283,7300
99139417,181
99379143,1951
99412308,9506
99561213,3011
102067496,2178
102102105,769
102538419,837
102692863,21218
103229836,1681
104722806,5108
104854615,7854
105769029,1222
105808063,218
107108009,4279
107111421,73333
107115042,1858
107305157,1773
107878597,201
108945887,4884
109678660,1760
110606051,647
111699912,889
112103066,6930
112488313,1535
113166974,6618
113577479,1301
114540126,3088
114870155,3548
115673437,1835
115744122,4650
116590428,2627
116697549,3583
116797311,12232
117433667,207
119160553,40010
119741627,472
120720556,2088
121637551,9518
122595764,134
122715432,1666
122816625,1472
123197101,1409
123693096,442
124853261,3523
124882400,1093
125007217,1127
125099497,562
125444399,1771
125862390,2286
128061014,180
129847467,3308
131582572,20788
131881622,14836
131955509,274
132464395,157330
133060053,3530
133444044,2261
134584107,109
136799312,890
137123785,275
137789266,1675
138141023,216
138552196,25051
139945544,875
142422739,10889
142569591,248
142908872,6581
143284193,2647
143328315,39498
145693916,11289
146103950,1823
146435045,4727
146633589,37453
146856200,2887
146863062,5405
147229508,416
148067600,198
148550577,330
150864645,1075
151619717,38435
151904296,1948
152071156,878
156157055,48897
156317154,15120
156401841,9884
156946744,6492
157198623,12833
157908837,177
158025053,688
158673445,4644
158744344,3426
159110178,3124
159797814,950
159916548,3027
160361977,3686
161247988,3393
162021652,8136
163235189,1651
164433070,4228
165041732,25818
165645094,617
166911196,286
167694194,34586
168062479,207
168149502,1763
168269440,6346
169158585,2929
169991845,922
170118596,6120
170777132,7044
171564291,230
172407982,839
172519084,175
173005932,2271
173544440,7724
173827642,1464
175052225,10310
176858880,4664
176982014,17228
177614859,626
178470457,502
178626720,31251
178976529,8738
180307968,1535
180827233,9505
181222410,3399
181436799,15736
182067506,10937
182163054,1918
182865216,2142
185401193,1754
186056630,916
186332888,2317
186698598,1685
186872119,5223
187398354,1138
188356619,2973
189425886,218
189602331,268
191179628,1307
191194671,632
191751197,269
193332705,1969
193973813,424
196340907,1791
197009243,107
198483875,225
200004447,4075
200471228,856
200722670,17823
201025777,14819
201441751,2439
203558879,239
204388092,6659
204786174,826
206314293,1384
207454227,447
207988739,788
209556497,9149
209709465,3778
210357243,1413
212056242,1881
212747520,4254
213250662,548
216243021,972
216525761,434
217049858,1134
217113590,6336
217775615,730
218177655,394
218952803,13087
219035799,10928
219623588,4807
221121871,4977
221631156,1823
221733013,747
221787282,5146
222209282,715
222780595,4656
222824662,16102
223357324,4273
224261160,377
224908244,10745
225125850,137
225260962,16448
225572038,5634
226046528,2272
226368168,1535
227055040,418
228203350,3329
232627037,585
232876381,3784
232901618,2190
233587412,441
234676361,421
236624100,799
238593012,612
239828934,132
241021214,2528
244620269,14018
245127811,720
245949080,1022
247865662,1611
248977013,1200
250036571,3812
251041078,5250
251233119,211
251396732,10280
253079431,1272
253849484,6311
255823049,2563
257327148,637
257520135,361
257648141,2822
260420185,4026
261098554,863
261372860,13620
262296122,86326
262424540,3088
264675954,17343
265127379,448
265850286,971
267420351,1417
267857463,5242
269773439,160
270670394,1957
271090649,3989
271800973,2585
271828142,1710
272785290,1900
272924197,326
273082432,1680
273337347,1344
273630336,342
274610956,1995
275182202,236
276288252,1918
279643881,3626
280784933,493
281475256,1769
281519510,4055
284824224,3223
284864176,4428
285951873,2902
285973698,2038
286408558,2090
286876809,545
288142727,768
288187811,944
288411806,286
288482469,10725
289205582,1525
289605524,7636
290091948,67231
290373506,10660
290686772,397
291070953,568
291703561,7734
291787503,11683
292617111,409
292648103,345
292896321,658
293572361,394
293631918,820
295608796,1485
297302063,4278
297535227,718
297672263,7763
300789100,1179
300996055,25443
302827809,9400
303541321,2087
303705119,3786
303953548,142
304530333,1981
305492699,1110
305572443,204
306242293,607
306977633,31166
306980630,5927
307213173,31234
307315411,566
309504885,3463
310368642,540
312042527,1681
312152973,3387
314748658,801
315977578,7756
316328024,784
318515767,170
320299900,9214
320598037,1370
321181247,142
321994701,610
322270485,1028
322855089,10716
323048702,71065
323651234,7448
326174741,35749
326479996,1838
327113050,5629
328236233,432
330325505,4317
330768122,2570
332181872,1323
333421996,5157
333624050,677
333867421,161
334567245,8635
334760721,1214
334848347,9194
336132980,372
337924729,730
338717688,861
340339997,11337
341473983,2065
342728683,9449
343203057,2124
343429224,1347
344069267,489
344190478,52929
345180734,1841
346124279,3030
346676718,757
350375089,4419
350871478,911
351720449,1586
353670076,2960
353968278,773
354138793,6448
354751914,957
356881804,2344
357328206,811
357891182,2011
358208946,381
358276714,155
359839626,8064
361511031,2844
361735570,2289
367549861,835
370275343,646
370342171,1230
370728359,1798
371631642,403
373308826,4742
373674258,8345
377631316,213
377866577,265
379581563,3107
380191749,17341
381317767,165
381952060,1634
382835373,660
383121608,281
384562101,227
385275507,3819
387786881,3450
388636965,2879
391273014,383
391777965,627
393571599,36923
393874035,14641
394089041,3048
395688425,4089
398941751,381
400215964,39374
400918657,357
401484223,9449
404924772,931
405929837,2740
406341006,471
407722319,12363
409653223,3978
411987045,503
415956481,377
416312227,212
417875186,765
418399149,1082
420628968,1830
422148948,4125
422274596,41424
423991420,1741
425484875,1338
427347642,1011
429104828,3647
429736266,10203
432730711,3015
432768606,548
433054511,2261
434324346,975
436617251,183
438416676,2456
438419937,11063
438514144,11220
439033158,4575
439528372,1097
440603375,621
440752086,13958
442706416,691
443220240,5128
443497884,838
444251617,370
444442096,4591
445768278,5189
446713689,968
448167075,2992
448343090,2726
448398954,879
449649393,18351
449649595,2472
450291588,2644
451309277,356
452821660,668
457995289,770
458086533,872
458411579,575
458461908,417
458588993,8333
459466436,2394
460761639,1938
460867737,470
463439055,513
464704193,2992
468576060,74925
469136195,1328
469377939,1165
470779379,788
470832353,161
471249443,3099
472525693,646
473736446,380
474150870,1533
475150006,372
476918521,1947
477657302,368
477846408,825
477999739,1108
478484453,2179
478823173,11308
479199191,3037
479916584,1084
480303698,2214
480318757,521
481427289,1225
483260394,408
483678677,144
483710165,347
484017724,316
486656484,1267
487309566,2827
488091508,113
488641606,41443
489105078,1195
492526669,6367
493209224,108
495587598,8418
496192011,609
496233655,2344
496844646,517
497184741,470
497356715,841
497512032,12915
497780232,1104
498011141,34161
498575448,1449
498766488,10286
499173659,489
499272646,1116
500427876,632
501192860,999
502863191,13353
503178978,417
506404806,537
507861208,3705
507972385,3494
509133407,564
509153572,3826
510360767,701
511003180,1181
511492785,2095
511745849,5981
513534410,973
514644612,314
515647260,36339
516505460,1878
516962930,2430
519577891,47581
520969009,36605
521688260,134
522133400,17253
522165515,792
522180634,1850
522895309,1637
524092789,432
525327651,330
525592995,27668
525605934,366
526514610,1428
526725525,335
527359569,2436
527796682,747
527889855,899
528076983,449
528328355,1247
528350188,3274
528763774,741
528771628,370
529560594,7321
529954479,760
530072220,367
530323399,3505
531653392,2107
531788813,3881
532465933,6243
533127272,13577
533199740,7737
533451541,4703
533601913,430
533752345,354
533934365,367
534330590,8192
534779800,1338
534817329,2623
535063290,658
535379921,396
535492585,369
535691024,3363
536013043,1936
536244334,497
536314590,1485
536492655,892
536614303,365
537093072,491
537940881,3210
538180525,15062
538375570,1881
538408555,494
539045602,418
539389184,7917
539888500,17306
540357453,920
540685210,924
541147441,1959
541269386,52340
541322916,5819
541841924,347
542185751,7316
542713154,1639
542763041,1215
542772373,390
543063415,997
543189172,1986
543297533,790
543955160,4546
544039155,1071
544618040,560
545130358,605
545595027,1549
545918043,2039
546206616,28886
546466467,2545
546476703,8851
547227418,388
547725599,11791
547919119,658
548093252,801
548735230,1970
549133772,1389
549830413,7200
550981146,1239
551376520,60252
551689337,2851
552580878,934
552660722,838
554771302,12388
555532742,497
555659262,539
556522959,1630
556553471,1409
557271203,513
557880310,593
558278400,503
558368772,1348
558653606,487
559759491,810
560299175,21554
560704231,51139
560859378,920
561175504,690
561434347,1851
561902498,534
562595985,646
562754304,2355
563259458,503
564597496,1066
565372076,2420
565563619,4082
565658766,999
565772050,748
566323731,14014
568194185,366
568517086,2678
568776116,441
569265598,2512
569559542,261
569687650,1254
569860278,1263
569988037,375
570015943,769
570020780,4203
570384908,21454
570530787,599
570663084,359
570696986,3901
571055479,4112
571148432,281
571722519,318
572071014,1002
572087603,342
572570113,15771
572620767,1741
573203577,380
573224813,523
573661753,23437
573759422,6452
573822937,3720
573891417,1195
573963587,758
573982889,3886
574046356,2737
574095904,458
574097989,8208
574116196,13061
574156195,3447
574160606,3458
574210381,274
574278577,5518
574347022,919
574411233,2645
574428530,4181
574578825,8241
574612724,3874
574727842,732
574861362,1242
575042276,3453
575051095,5964
575253452,3582
575267939,3743
575295397,3786
575340621,54418
575628616,7545
575997792,1976
576005588,3766
576072728,2105
576204079,691
576254831,3868
576380523,7867
576696753,3997
576799754,453
576869790,2007
576921601,3163
577116112,61177
577603990,37397
577753426,4447
577953547,455
578245357,1237
578272278,552
578460780,322
578685027,7914
579082810,77064
579494713,2024
579947672,2929
580147701,130
580525453,402
580537336,7274
580595594,400
580600129,2702
581656211,781
581913613,7187
582319835,524
582432706,5311
582729142,486
583315360,1275
583616027,537
584167315,375
584639396,9082
584843932,918
584935389,598
586171281,1420
586624356,12676
586903198,278
587031627,1149
587275399,917
587573950,331
587586087,41881
588477692,9499
588533284,771
588732058,2415
588898844,3597
588992876,2564
589013057,2293
589831718,122452
590681558,4608
591667477,916
591782276,3470
591961298,6088
592287689,738
593550728,631
593927328,2208
593961226,720
594096901,3298
594215219,1015
594609262,7210
594679568,1906
594869373,1062
595130474,728
595257557,771
595530574,1184
596205066,322
597240369,461
597490428,682
597583114,8943
597644883,3832
598099426,4184
598375636,2060
598539671,5646
598705038,325
598872262,2106
599293758,7713
599320067,152474
599338659,3081
599524116,31200
599570867,676
599687030,4210
599781179,4345
599811829,463
599950865,784
599976443,3130
600068422,3427
600223950,562
600229707,2062
600362783,3433
600368121,24564
600450326,4449
600534454,1161
600544354,20967
601100396,4417
601161044,16214
601205363,1604
601622432,695
601734711,636
601904916,2196
602005115,12231
602366280,6867
602455110,1126
602465880,647
602478874,3108
602771615,2469
603067222,824
603085008,10841
603215482,941
603535454,9562
603593003,5512
603668088,5654
604651852,3095
604899926,4148
605221864,945
605662936,308
605673387,29148
605998734,341
606329910,2705
606520610,3131
606669199,914
606790323,3661
606803328,6158
606949210,275
606991065,261
607013954,14540
607121301,2504
607202370,4999
607289185,28377
607301922,470
607355225,1180
607375979,354
607503931,117
607667587,510
607840368,809
607845880,2367
607858988,9466
608130371,324
608136755,165
608246343,633
608422802,344
608490374,7950
608896930,10283
609002853,3807
609054077,4270
609090479,3900
609099433,665
609255505,472
609333954,8397
609416865,24957
609427511,3216
609445326,6393
609721722,17151
609727033,764
609790481,955
610038902,3456
610043832,3719
610071879,819
610197072,5315
610217037,7511
610260322,41156
610265797,2351
610487003,1551
610713721,341
611161753,2247
611284377,4421
611291701,1334
611368361,807
611618121,21204
611723171,916
611817888,390
611913815,3267
612275000,1941
612350395,6185
612494680,122
612555408,1938
612562157,834
612603924,353
612750561,4324
613075789,12910
613456719,610
613731840,12192
613984283,12336
614050971,1273
614258120,10741
614325365,18946
614470292,2587
614719201,10173
614764248,33790
614765452,185705
614780968,2119
614826827,2116
614854112,866
614950419,1163
614965975,3994
615133427,545
615208684,1600
615313264,374
615403340,15359
615439742,3337
615510678,17496
615532857,3054
615536358,453
615557134,1444
615684995,573
615695876,4786
615702252,1391
615709657,513
615891862,1194
615910198,533
616027609,1399
616034965,431
616179530,1322
616187681,2593
616263789,318
616372661,71142
616466279,898
616830183,3045
616983144,254
616989909,383
617044480,1087
617048769,2672
617152691,8021
617179274,16393
617206966,913
617325145,3210
617363723,447
617418536,1222
617431627,356
617443880,441
617444598,503
617462489,412
617529988,2215
617577744,473
617708951,2328
617798408,21190
617864263,670
618116667,1888
618229896,950
618291036,1373
618299849,1345
618345160,2791
618503555,1334
618509061,377
618511002,10804
618644310,1606
619047425,358
619059435,2561
619143361,3045
619234173,3016
619312022,4260
619814004,2962
619825247,8487
619959033,77402
620059973,778
620076077,1714
620165658,490
620174542,7289
620225616,477
620275636,3342
620333997,814
620362812,2750
620428566,1039
620458878,14903
620552483,2177
620557779,573
620843043,1234
620943152,917
621226745,449
621562296,812
621575252,7478
621808642,29605
622134485,305
622147274,1694
622163915,442
622202906,3428
622352364,12258
622462950,386
622510230,6477
622569125,3165
622599959,2666
622633514,393
622709062,169
622788147,2876
623119055,1719
623276552,1026
623337398,700
623414622,1545
623453211,445
623499246,1159
623604666,853
623618719,1170
623656022,689
623679404,1051
623737874,329
624156003,676
624214839,2774
624236959,4332
624268705,2253
624294388,329
624421862,927
624432016,2253
624870895,9070
624889833,1161
624906825,134
625187946,16460
625308923,2339
625486047,8080
625502953,304
625659174,816
625673154,1131
625793423,3404
625802141,3314
625802507,1239
625961301,3503
626117554,1088
626161045,554
626166292,525
626239608,778
626509716,4849
626597211,349
626723712,1695
626885698,995
626937684,1561
627132009,1246
627274798,1111
627480054,19570
627534556,477
627561173,18466
627637290,439
627644217,800
627646824,573
627727693,12264
627744002,2899
627915388,659
627962120,939
628087446,1453
628154495,1784
628172054,1534
628230315,2179
628250345,3001
628296906,12202
628479063,397
628749964,147
628853983,835
628959446,5734
629049442,3221
629102662,24947
629142696,5044
629177820,3206
629292062,2466
629411216,192
629494390,6801
629520282,1259
629538245,1190
629651008,1989
629789089,4080
629922458,3344
630208579,910
630292680,3792
630487790,1140
630488256,587
630646591,2041
630755965,4905
630987119,357
631003534,178
631079307,328
631081758,9049
631084700,310
631136535,881
631147793,1219
631169911,4652
631254164,35986
631258918,23672
631285104,5291
631454728,10201
631484230,2554
631493578,285
631522874,4156
631567741,39120
631651537,326
631673804,589
631693079,321
631705933,1609
631755045,424
631822812,6204
631829946,954
631986005,365
631999917,139
632043405,410
632265457,275
632269609,796
632303131,1742
632387128,1270
632394512,393
632538509,1364
632871496,1512
632871628,4353
632902959,3257
633037655,471
633091774,1974
633141345,994
633262635,31199
633738492,1038
633933122,24459
634043200,26628
634081686,23003
634082741,263
634151665,2118
634443338,659
634505738,171
634511992,635
634590129,412
634938527,943
635059080,1817
635129194,3296
635240594,57379
635258975,6347
635392069,489
635785526,306
635992742,845
636344889,4183
636372163,13586
636473464,518
636529302,512
636535720,6444
636693030,17512
636787031,12840
636922549,5087
636986058,4675
637096157,12378
637126931,3141
637237273,3499
637313883,1101
637692988,775
637924634,15003
638018738,819
638054601,4893
638158791,876
638240319,623
638609341,3749
638629097,47720
638722390,1297
638869686,566
638900030,2360
638951438,20906
638977082,321
639001213,4040
639079153,1605
639095114,3536
639096757,6686
639225857,2051
639286908,765
639548771,1474
639673870,2298
639687152,1670
639772835,4939
639835356,28664
639997734,3530
640182997,17642
640476297,383
640495759,413
640683234,1884
640747712,655
640784478,415
640819432,5781
641205268,14879
641213599,1531
641364608,346
641490799,941
641729782,1544
641932376,466
642099326,6032
642323624,35800
642332004,1153
642368010,1505
642416556,642
642578676,512
642608852,12968
642640119,389
642642539,17960
642696395,549
642826885,491
642880013,290
642906925,2219
642917329,20683
643035818,465
643050363,1808
643193835,1092
643298670,296
643405499,4592
643435168,2122
643705885,1549
643722626,373
643749430,3366
643838075,2873
643885884,2628
643916827,22701
643952838,598
643959798,864
643978507,227
644075561,821
644235905,24807
644259800,2460
644335995,1003
644343479,1092
644351982,1081
644461337,25831
644497089,2962
644686905,35130
644799767,958
644827453,555
644862510,3143
644945770,566
645171789,125
645270986,2007
645376002,341
645397533,5485
645423151,195
645471238,7089
645841220,433
646129383,599
646220234,340
646464288,762
646489141,730
646532460,936
646537482,2884
647071735,270
647090216,346
647100790,308
647651782,2331
647752905,749
647951887,990
648133004,958
648145432,774
648450331,583
648461026,877
648474263,2002
648505057,5660
648629873,13026
648704297,287
648800562,737
648854280,1063
648967412,2593
649025519,686
649035177,812
649047066,722
649224670,6318
649402606,633
649494372,774
649647885,6504
650246838,868
650365761,411
650657605,437
650838385,354
650839020,2612
650918061,2970
651145357,702
651479977,1049
651487266,9092
651673736,483
651715861,234
651739863,1222
651856155,235
651961311,1281
652065806,563
652419549,107
652420569,2219
652484969,767
652523482,827
652604373,1826
652712035,24097
652780999,388
652941996,8566
653196037,520
653386433,6320
653589102,13630
653595084,5651
653893086,818
654037367,457
654115596,648
654122609,7979
654124617,7238
654824689,359
654834995,669
655021836,905
655099582,81266
655155250,2414
655253031,311
655459367,29112
655806940,113550
655948482,8676
655949187,2816
656030508,1946
656099147,61821
656181752,1287
656242004,1302
656376920,1528
656385153,3641
656648289,323
657057869,1088
657103388,292
657153187,510
657442586,611
657895120,15539
657992824,520
658169646,263
658277588,4680
658356545,472
658453192,3045
658523581,707
658928958,176974
658954791,1624
659030774,716
659158359,1182
659163102,287
659211539,435
659402878,9206
659412092,7729
659786592,427
660299583,1236
660360373,392
660428571,755
660452634,1063
660489378,11192
660551251,69534
660860817,634
660891114,386
661149290,676
661178361,1610
661481146,326
661792195,436
661847690,317
661917017,392
662443651,1291
662567193,277
662717361,1478
662766482,12256
662871293,321
662878020,7248
663095187,1461
663157481,262
663247362,2460
663396489,2338
663801546,1258
663830644,169
663918038,1650
664102018,1017
664177247,1370
664262546,364
664420782,598
664427248,3848
664529368,1085
664752008,2930
664767555,858
664913876,5164
665164787,1394
665299585,1595
665360778,604
665471631,875
665653661,1185
665986900,560
666140407,743
666163354,2172
666197652,2085
666260877,3108
666461223,605
666826154,1237
667024117,907
667148214,756
667259013,357
667297720,18541
667532295,9260
667751028,320
667828615,2982
668052031,7133
668122773,14746
668132464,2838
668195240,58975
668481985,1362
668513898,1937
668812621,1706
668990200,618
669331976,6042
669402660,552
669420857,4194
669671669,814
669704171,742
669839756,513
670089677,386
670177036,294
670526867,935
670696350,703
671044141,119
671076272,2904
671115276,167
671367604,1957
671542615,653
671737761,692
671759870,3605
672224983,8779
672405848,327
672415139,9854
672418156,215
672490782,357
672673877,996
672678720,2365
672730040,1298
672790711,459
672839549,429
672847735,1702
673277480,2306
673277958,6783
673534316,3747
673596675,11990
673704029,1188
674075444,21482
674149041,207
674448056,288
674782109,691
674804053,223
674827652,372
674841239,348
674921134,138
675151062,2308
675166027,418
675501126,333
675790276,304
675892095,1055
675911200,1344
676012640,373
676028871,4853
676057693,1227
676089005,1333
676793232,2430
676855783,585
677284959,1481
677655818,336
677815836,262
678182421,3267
678526156,22076
678589928,230
678765416,472
679091311,1857
679237742,33726
679402823,1168
679506386,43730
679564879,1043
679673096,402
679869950,29403
680043217,799
680120071,60023
680173591,2825
680797687,2273
680860351,944
680918523,1153
681002458,7263
681075491,6714
681240572,385
681455046,903
681482900,1319
681516317,4522
681566005,17770
681603891,647
681809062,1055
681989160,273
682080300,12557
682556990,219
683009618,5647
683039317,844
683066449,800
683509343,272
683573931,5424
683650472,1725
684049556,666
684718744,913
684881338,6934
684881857,3638
684883012,1757
685444668,4087
685523400,341
685709378,596
685779821,285
685897222,175
686076152,1086
686161611,10382
686476221,1209
686709515,282
687036710,761
687065217,314
687127955,317
687211074,338
687246031,290
687372462,450
687449432,1044
687727674,1337
688164459,27607
688186076,2825
689172454,1304
689214770,2867
689299900,3421
689406476,878
689541424,2760
689765175,854
690349659,442
690609896,8168
690860892,887
691194929,461
691303110,4324
691347156,22251
691978242,691
692175642,1118
692676232,283
693038546,862
693072929,823
693638247,667
694239644,229
694279648,407
694510132,1319
694670164,2689
695229234,967
695699688,1072
696086319,132
696243788,2256
696503950,947
696601819,446
697007681,2076
697356168,167
697550206,1289
697933414,743
698210830,600
698288684,14827
698470143,288
698654711,356
698678789,466
698998233,976
699159727,867
699343375,1205
699396462,735
699581828,222
699727627,407
700724064,2365
700762093,308
701109860,324
701256444,283
701312880,729
701419101,1877
701494311,8633
701547123,146893
701604805,1112
701627142,1102
701867516,514
701872893,362
702050953,1250
702370097,816
702674692,721
702880644,2412
703132587,668
703276306,152
703411624,23979
703433265,1167
703596504,537
704036520,1049
704054996,828
704106022,549
704543233,4961
704959035,4182
705126352,834
705247308,639
705358800,1394
705433049,3039
705695450,3345
705901752,2088
705950346,2609
706023626,1304
706400384,357
706636808,243
706794274,1940
706800296,858
707018563,385
707020503,468
707237272,4130
707248455,821
707356799,1609
707441527,11518
707501489,1082
707504998,900
707552952,822
707818217,3820
707871811,537
707913607,1232
708532926,321
708552127,576
708693209,3013
709504524,270
709603902,12074
709620206,395
710127591,304
710443541,1339
710475189,506
710539769,597
710601088,56208
710781843,424
711291697,137
711319439,916
711391701,1379
711550638,13649
711650878,2039
711864970,525
711904523,170
711904962,3746
712179847,382
712629129,3295
712897010,10698
713152194,825
713419018,512
713609629,318
713967573,7822
714008096,480
714035943,355
714143245,10253
714226745,1520
714374011,1909
714387282,726
714395490,404
714808642,286
714853510,769
714865034,502
714893421,791
714940169,3154
715248012,171
715348647,542
715427466,13581
715523093,2035
715592775,770
715806751,980
715884951,14769
716273663,777
716439063,308
716476891,1974
716579519,513
716583109,3402
716786755,429
716799237,1762
716937075,2096
717009085,330
717026159,1189
717138746,2111
717197250,43548
717216771,493
717287228,6557
717917803,1516
717956516,1203
718107269,943
718323423,944
718379614,22375
718407978,1148
718748920,3436
718853934,394
718875034,220
719367888,31437
719455172,6548
719761455,397
719790983,406
720449800,584
720659604,286
720915219,1198
720959702,309
721250099,2363
721643027,1579
721995615,10104
722184017,11271
722523710,248
722811903,1356
722844356,12812
722954739,1260
723015178,2687
723094714,3196
723226486,2342
723307046,1461
723485772,1169
723665493,670
723728776,417
723758860,1446
723933053,1305
724028394,650
724066757,1802
724118604,1709
724415659,159
724478159,1490
724564445,1016
725157537,861
725334471,241
725463194,363
725476324,804
725658398,409
726013572,970
726390185,913
726478743,411
726518175,866
726570398,2993
726692169,1997
727268148,996
727460041,760
727470807,3013
727502310,584
727519007,314
727699569,1095
728395410,1867
728528910,3151
728758093,465
728820625,2480
729271800,562
729453988,10337
729716514,624
730276071,506
730334347,544
730389199,346
730414546,777
730439488,272
730534580,86119
730728120,3920
730753909,4188
731037923,493
731293077,5980
731397562,1808
731449710,455
731462543,4876
731842419,9679
732366705,598
732401352,721
732543215,397
732849776,1280
732909726,990
733057080,1355
733454789,293
733497470,371
733578284,790
733661878,3542
733802106,5434
733899994,6824
734171107,975
734312577,5630
734626369,1190
734710598,786
735087691,700
735283134,1040
735425203,5166
735469449,1763
735982439,949
736191625,1286
736198723,1735
736272311,13741
736349347,561
736419116,517
736491949,2493
736530793,1060
737050647,651
737607643,363
738046322,2171
738095453,546
738519395,341
738733003,43211
738771232,473
738776129,1539
739486956,1297
739667828,5291
740043450,538
740111119,478
740293013,6918
740316987,9332
740338525,5397
740789348,2020
741100585,3146
741165735,150
741543947,573
741791071,1189
741989385,4969
742015163,1220
742146179,456
742244656,28313
742326880,1046
742902859,653
742949598,395
743007730,579
743107776,765
743533748,2092
743720963,814
743746918,641
743770309,7462
743780291,4152
743789945,162
743825398,5581
744164276,4298
744855992,379
745311984,1411
745546184,8577
745732093,2671
745749489,3939
746122997,135
746295630,745
746380110,504
746430561,1840
746667927,1446
746708555,323
746783381,457
746833579,811
747578582,1805
747648993,1216
748030359,979
748528018,6286
748674684,8983
748833709,484
749135518,284
750069596,2495
750262306,777
750274600,394
750371625,4257
750409062,799
750678695,18102
750896555,1337
751008707,13784
751413469,1323
751474418,1587
751863240,2035
751927947,306
752576871,1274
752672224,454
752798324,235
752815135,1248
752840454,1413
752856939,267
752906381,612
752946440,2962
753490180,72150
753525670,295
753664908,859
753742444,832
753750990,28464
753757613,395
753886289,4160
754066467,1596
754173470,1556
755161958,953
755500149,429
755804236,3346
755874962,458
755952077,638
755979015,761
756142546,7943
756475416,2561
756910902,215
757246914,285
757390591,425
757771051,937
757875395,1070
757885472,754
757899614,589
758197374,18179
758253566,697
758619546,177
759825266,3607
760107045,825
760329856,483
760947966,996
761068700,1026
761150311,6929
761397238,1629
761580012,771
762204955,1787
762224673,5661
762300924,2466
762303728,15113
762355055,2404
763068976,831
763718151,373
763733771,1032
763774926,7533
763784232,435
763795053,6388
763825934,1728
763842651,7663
763923484,3743
763946969,394
763992110,636
764049913,1230
764161180,801
764328003,142
764418725,6787
764684731,642
764867656,727
765001096,118
765212809,361
765636168,445
766789360,2043
767257109,327
767492699,1367
767522148,833
767612356,192
767985271,7691
768036550,5015
768315119,334
768612800,4336
769026721,296
769134044,1056
769264114,655
769564277,7506
769852109,1737
769873873,600
769954254,691
770001062,2942
770153867,99496
770633006,2367
770650946,213
770946179,759
771302083,82275
771670025,17578
771808616,3531
771812200,167
771847852,1037
772047488,803
772179341,1001
772231767,346
772626462,1910
772632148,5104
772900420,516
773015046,675
773093836,1126
773321993,423
773345074,872
773544702,22493
773950709,2464
774011471,1850
774180708,386
775149161,736
775300536,351
775790548,1525
776632801,881
776854298,30343
776908852,23651
777111718,25649
777273508,1178
777392297,579
777597786,2117
777812139,3329
777941000,822
778281287,683
778431525,34902
778560533,289
778768633,488
778819999,2247
779285435,2125
779309317,1502
779312276,872
779499743,356
779843396,1221
779928034,1750
780047246,408
780161909,380
780323643,273
780522250,8713
780584116,228
780685045,2416
780737106,19929
781254183,326
781261349,14046
781367266,887
781412750,478
781420440,1614
781548686,666
781634560,1347
781762105,281
781844208,622
781914762,6599
782308046,3745
782539945,9005
782544882,1569
782597014,1486
782938634,269
782946208,4981
783303222,1340
783512367,38719
783558843,825
783743154,279
783744120,518
783839655,533
784021364,446
784181462,35887
784183059,5253
784528890,1747
784546140,11738
784586462,1194
784700179,241
784769209,554
784797264,734
784800776,978
784852356,144
784906798,2634
785004114,1462
785300720,985
785617449,376
785719030,233
785751279,1315
786008946,1071
786281570,904
786509147,926
786642156,4531
788470926,431
788751269,382
788768107,8752
789379581,293
789457378,305
789480255,6888
789601531,774
790018635,275
790136258,112
790316547,1236
790704526,2307
791124680,8355
791678512,827
791687835,115
791733442,817
791911417,554
792039881,3534
792072603,2657
792550179,250
792608353,663
792840938,588
793152808,785
793375104,128019
793379298,5091
793416920,294
793454852,4442
793526430,518
793795224,6292
795106410,724
795256319,243
795577184,384
795601045,1436
795784338,534
795905076,575
797193117,555
797371964,9367
797507464,112
797526075,106
797531982,446
797821110,1677
798163156,826
798503976,205
798892173,809
799032556,1607
799067071,640
799084863,330
799574583,764
800050396,1704
801447013,292
801547807,1016
801763739,8298
801764728,268
802174871,426
802342616,456
802434683,5567
802821703,8910
803024793,2081
803449223,153
803643412,1541
803733455,4354
804026091,956
804027896,1106
804458911,544
804533296,339
804542745,513
804768546,1795
804867341,4319
805155266,49030
805900550,544
806007891,4074
806192576,7925
806216118,1440
806294968,271
806444030,820
806770482,1229
806804556,2268
806854629,32373
806921131,521
807305060,10906
807477229,166
807512074,7409
807526338,120
807727161,2065
808019331,1326
808072504,722
808091003,765
808123482,1822
808180334,876
808279683,121
808982778,254
809060646,1342
809380023,788
809671338,1960
809673506,6092
809764991,338
809877633,787
810121174,3855
810363572,206
810375738,662
810861466,8072
810940471,637
810975601,187
811330067,324
811374381,1092
811638645,2131
811675345,12577
811918547,703
812111293,295
812535124,197
812975380,18569
813220336,2210
813368909,3668
813390194,314
814018882,872
814403270,1918
814502811,1475
815071490,143
815554514,291
815634288,11161
815654365,314
815778607,327
815946742,2294
816158613,1214
816163847,2009
817354652,10973
817558041,314
817595660,1317
817999901,138
818118661,4375
818331198,18828
818371268,482
819274200,1537
819291550,2632
819613072,1470
819746780,658
820105241,1108
820144741,2800
820723371,1096
820789280,3258
820898375,1547
821257066,1798
821372392,27820
821845183,269
822329559,2086
822439302,364
822604462,41862
823175328,1801
823198721,270
823533826,801
823596198,2019
823731928,600
823919159,528
824091324,1249
824301644,28367
824541776,6285
825079672,954
825151681,294
825279449,2103
826111692,3948
826168160,63835
826170402,18815
826643276,1467
826847986,576
827005317,6357
827224160,295
828487049,402
828505099,4664
828725594,559
828733319,603
829521860,423
829762850,1153
829991333,263
830468922,2166
830613483,671
830859294,2226
831914256,5869
832180352,1239
832452447,14348
832482665,1777
833512367,3945
833803262,221
834050728,1076
834231760,587
834369920,53891
834418003,478
834688418,6900
834978333,382
835317697,882
835704674,2477
835975784,15523
836079752,1042
836554261,352
836899473,353
837411728,515
838093526,4394
838126055,399
838163451,142
838216432,7030
838412119,1005
838528318,1590
838542536,11168
838659679,12346
838970603,6537
839037098,26608
839638772,813
839750798,1079
840056306,29243
840162905,1964
840665645,959
840672252,2243
841242731,1784
841263635,287
841370602,5517
841397199,2071
841472636,10464
841537832,222
842172831,1577
842982339,411
843003613,851
843119525,1163
843570824,8269
843734873,421
843946121,3144
845116230,822
845839905,1230
846166884,532
846504063,246
846579774,3337
846650421,1385
846698999,51784
847717439,16143
847942139,701
848182195,430
848430472,552
848716186,168
849121458,3219
849473290,553
850195226,1823
850267588,28400
850515061,6418
850683423,5253
851036791,1660
851138183,1196
851256132,674
851311691,782
851405219,2793
851492630,1752
851508130,328
851957432,1094
851973702,2258
852211693,711
853516073,489
853853180,393
853922938,759
854337508,10449
855162700,3143
855588588,8371
856013564,333
856917013,317
857301513,520
857378779,295
857596299,6895
858952634,257
859231373,890
859332112,691
859510816,2362
859537060,5660
859956307,4825
860141324,560
861432372,322
861556786,1994
861746639,2567
861758511,1809
861937484,1981
862342240,449
862421352,1576
862449441,16482
862802466,1356
863050120,4617
863276973,2476
863454901,1061
863884238,490
863930645,1446
864107095,659
864683346,385
864768613,307
864976834,555
865062553,1266
865578152,3606
865656561,6459
865674064,753
865687718,185
866356299,592
866513204,38219
866517667,1968
866534224,124
866629172,683
867149056,131
867365585,266
867433720,5162
868173144,20041
868456222,546
868466289,3199
868528979,188
868765642,1680
869057963,251
869529046,358
869964172,310
870039374,2130
870189331,12075
870402765,437
870957129,867
871211266,2734
871368615,8570
871483501,502
871725446,478
871835352,109
872005985,7053
872021590,2377
872550457,1448
872632465,974
872748942,601
873102254,575
873330843,801
873387226,294
873548300,1673
873919267,360
874559208,17754
875190427,220
875857865,389
875989196,538
876000634,2558
876064934,36725
876079530,795
876363500,255
876463366,311
876545970,1753
877230294,10792
877487641,152
877649153,3887
877757116,881
878272507,1047
878401217,550
878605324,528
878634542,674
879091764,619
879473096,1704
879657839,541
879677288,427
879753997,238
879874959,2616
879985123,492
881014682,207
881100462,946
881171866,15441
881201918,1887
881448795,2170
881458615,106964
881804112,8171
881991789,582
882026761,7387
882106204,420
882354535,1930
882486617,1047
882880878,393
883037083,1436
884123664,3919
884452470,1146
884907449,349
885743839,1919
886299924,1519
886448921,1570
886682265,300
886929922,157
886966165,3633
887684103,4962
888092115,169338
888350460,1785
888450044,874
888615536,2039
888977326,848
889371307,4145
889684712,1517
889730722,857
889798967,1704
889850064,909
890043011,4442
890358626,319
891123403,392
891705470,10762
891872929,639
891941403,719
892076269,1031
892173192,4000
892415825,252
892729604,1010
893031915,5686
893198731,206
893612026,662
893720264,300
894138030,173
894215592,279
894382523,172
894727712,123
894876686,2556
894945634,1358
894988451,1773
895079444,678
895124092,291
895224323,806
895253710,7631
895291604,4778
895453957,12373
895508656,70434
895801050,5717
895930732,1579
895942941,15234
896146306,2988
896252863,340
896296825,26871
896335270,91443
896417211,918
896594784,928
896905855,242
896927006,5838
897068154,819
897268988,8224
897308110,1483
897375907,615
897595329,3521
897809208,5623
897865415,1535
898003154,642
898004429,1030
898106797,347
898128804,1343
898304583,12488
898345892,8875
898654014,282
898806615,150
899184149,3415
899268921,151
899309258,2031
899407931,7052
899491463,906
899663167,1220
899983311,894
900152988,1986
900207021,2213
900260982,289
900493069,931
900564894,526
900577388,6505
900708662,184
900908903,2557
901328207,183
901554449,1691
901585471,2224
901596497,211
901680517,1505
901720337,264
901797250,5926
901925992,572
901950528,5364
902201960,5840
902419239,642
902495626,454
903410228,1095
903548628,2229
903606632,234
903643338,314
903700733,15831
903960898,1506
903999320,1773
904010974,895
904031977,476
904060563,587
904190702,229
904249963,696
904277704,657
904534974,7035
904639064,1666
905016458,8480
905450127,2891
905471442,930
905850659,167
906122697,1179
906245192,415
906251482,35224
906326388,1451
906380555,358
906848878,3166
906909760,314
907148362,305
907706400,1151
908054915,131
908705399,196
908734690,2686
908799323,3236
909177153,210
909213664,94701
909215044,465
909466352,877
909717778,1095
910125376,2931
910133553,208
910265773,1570
910277051,295
910336786,1473
910426589,623
910918245,316
910986056,16245
911150848,255
911185631,467
911256711,2273
911303109,18515
911680526,1240
911831076,4852
912452889,341
912499477,2589
912645774,3060
912731730,1082
912869501,1650
913547673,257
913574546,1446
913593764,1237
913907685,1970
914316754,19735
914406146,1524
914475684,198
914625205,1707
915015718,461
915233417,6532
915291641,1985
915358848,2470
915425472,873
915470479,423
915520679,8698
915822493,336
915838812,385
916009087,16842
916292078,268
916386111,3074
916693314,162
916695726,3446
917001485,407
917444482,360
917782991,1638
917868934,30424
917903047,2444
917985457,677
918092521,254
918778709,3872
918932603,38323
918998436,156
919458554,1187
919835586,14359
920159501,3396
920179950,349
920576726,2558
920835737,409
920995232,6343
921048775,1469
921374864,1285
921418273,641
921448845,1802
921652649,583
922050275,3053
922596686,5368
922709376,683
922830617,162
923103714,451
924394244,5315
924706399,2975
924738875,4332
925147332,3961
925298844,6530
925457982,836
925508103,939
925634755,2936
926222936,199
926252103,10741
926285456,748
926297959,1294
926334425,3216
926861272,19431
927890076,7072
928054659,269
928147986,126
928176450,515
928246219,315
928318862,9538
928416110,1201
928766981,460
928976443,483
929050264,903
929121414,23015
929152510,391
929153651,412
929158279,3616
929338255,4037
929591639,187
929918364,266
930007673,323
930132430,2196
930217913,7276
930733499,489
930886482,705
931205747,245
931352845,32719
931365873,4062
931442415,2524
931552739,1064
931705070,2189
931884122,577
931892749,15505
932076703,2486
932348189,330
932644823,5398
932741577,782
932756293,775
932892820,172
932931149,258
933044155,2563
933144612,830
933201974,169
933350408,3424
933392619,1481
933588046,473
933700399,915
933701586,13275
933894892,1501
934119223,252
934139122,505
934147482,1614
934358660,374
934527631,2140
934853350,240
934999287,3017
935223529,986
935450522,5526
935534753,1544
935604638,26690
935753640,417
935895786,270
936036852,505
936075340,304
936151330,880
936369652,1299
936371491,500
936395722,1673
936588488,820
936974548,4684
936986786,5083
936993021,1377
937033828,300
937056810,2110
937106681,403
937347387,253
937527501,1549
937952934,5609
938268326,304
938322627,2810
938379776,2088
938582880,479
938652536,190
938859604,5589
939035618,131
939207877,4844
939242211,212
939371152,591
939648665,4925
939657163,459
939712575,307
939870671,529
939937385,427
940099147,1295
940989522,379
941145803,3549
941160149,3611
941562247,2027
941652610,182
941866087,335
941931006,138
941971657,402
942114501,20069
942206898,7594
942624437,1833
942756187,14703
942771284,31747
942837343,27904
943214141,181
943266643,524
943686184,1521
943950290,7925
944922104,335
944976593,11959
944988714,601
945034056,1123
945121885,336
945309383,204
945411078,10684
945551361,6152
945592798,276
945605057,8190
945763259,2035
946010740,6551
946025961,453
946087422,26542
946153980,3837
946174307,4417
946178371,10534
946228075,460
946270469,149
946278572,3926
946334325,240
946380199,28204
946676136,1253
946702247,6367
946767878,6429
946845941,3088
947349598,1977
947516890,595
948072295,5049
948148972,1845
948264786,2129
948430889,1832
948567826,306
948663423,8512
948725367,584
948839453,6144
948860546,1375
949542298,539
949564493,309
949646929,7886
950019212,372
950061990,1578
950361043,1019
950412509,301
950839330,784
950891299,4063
950937118,162
951125019,787
951163887,634
951254050,207
951416232,506
951543275,3570
951636984,461
951746200,2908
952238700,9506
952294753,2817
952688112,35527
952939763,2102
952977008,501
952999410,753
953089294,4433
953142807,1181
953215797,348
953274130,1686
953321814,2552
953478769,2157
953521037,33883
953587943,934
953683578,26999
953944252,2911
953945624,2536
954045557,462
954295376,351
954321799,642
954528300,1190
954762768,364
954873280,25025
954963562,10803
955112969,182
955577327,711
955620917,59816
956283541,6887
956421280,496
956585124,1333
956657893,5664
956679248,1272
956842312,8290
956908445,4582
957053334,5935
957410714,176
957412694,4317
957479413,1875
957658915,24835
957756643,3380
957812975,1449
957825149,2247
957859485,9553
957960956,187
958189434,1967
958531089,34763
958603506,247
958733763,335
958830671,9979
958852531,557
958956842,1623
959346743,525
959473422,12555
959543974,7470
960225366,790
960292911,246
960665821,16841
960724144,777
961238844,414
961883456,576
962024783,2822
962106649,2530
962125208,2551
962134278,3371
962294285,272
962587799,730
963665823,3811
964314175,1564
964477695,5869
964818213,1108
964996396,3940
965030779,2135
965174143,1519
965232391,510
965313467,8865
965632655,8099
965872694,613
965974441,5778
965998145,3323
966022561,582
966372868,615
966653795,2182
966916741,652
967062640,3177
967155121,547
967543976,198
967670863,649
967738751,8729
968197216,106204
968317835,2035
969005843,234
969010919,19360
969235474,552
969263461,727
969373000,1538
969725165,329
969892666,6497
969920935,1027
970023948,3746
970107711,827
970267776,594
970578570,2551
970691159,389
970875123,882
971300888,4866
971399370,958
971922154,158
971992642,4950
972553373,4262
972862480,626
972930250,844
972957983,1246
973051124,2528
973180254,6756
973223133,4707
973292935,2462
973621150,3449
974157595,5793
974445592,12432
974865573,2102
975012144,381
975045036,2118
975318071,17453
976255395,453
976286833,2069
977737334,310
978236277,8535
978331188,9995
978384239,543
979235459,1226
979345481,1530
979392131,14923
980086077,2375
980428225,2045
980526715,1005
980584668,1964
980669489,202
980793684,224
981177285,9190
981223380,611
982172059,239
982517950,6510
982711664,598
982835425,975
983113668,5040
983757718,1830
983763510,4946
983846239,852
984011683,2831
984119889,1175
984133376,10030
984189260,868
984376616,382
984413599,2840
984625191,3877
985839104,12770
986553289,482
986861312,2824
987252260,1181
987312029,788
987541636,1660
987670088,26885
987682107,2961
987975584,10401
988337333,18281
988488798,4921
988535212,280
988545824,817
988856738,353
988892963,1065
989406293,229
989917360,1218
990310636,653
990811530,235
990919575,276
990985890,579
991030974,881
991037838,345
991047680,1558
991092853,1927
991528882,1704
991626874,814
992021228,255
992114392,827
992325192,534
992907328,311
993236973,1524
993376725,1571
993392548,493
993521808,3475
993635199,366
993864981,891
994061888,273
994252890,6465
995129837,840
995371708,293
995796077,785
995920026,1378
996124831,1776
996329491,6301
996546959,1091
996626040,9814
997085842,3106
997120524,813
997220114,273
997390194,4926
997410148,524
997438135,514
997490512,6260
997890921,22419
998445877,1293
998658053,1795
998903307,1726
999030842,14659
999743169,572
1000362065,37084
1000784797,809
1000933836,676
1001200358,1320
1001452682,11920
1001531356,575
1001889935,3161
1002055021,903
1002069540,2587
1002125012,27542
1002608585,339
1003353701,514
1003434490,1363
1003614809,2946
1003799351,485
1003987503,582
1004147641,17427
1004491404,589
1004631442,8538
1004647857,4902
1004789600,604
1004995740,22230
1005233473,4930
1005959915,290
1006104934,4940
1006340566,411
1006993051,878
1007665741,886
1007681088,5443
1007724038,645
1007845219,852
1008177062,3854
1008373485,12910
1008775535,640
1008961851,894
1009038213,375
1009729416,444
1010094371,1946
1010285990,498
1010311478,244
1010318950,6057
1010478967,2264
1010681419,72358
1010767195,2244
1011137032,1405
1011263959,291
1011716417,610
1012087571,45139
1012470975,151
1012676456,3253
1013335166,326
1013404946,3221
1013480284,29934
1015215237,191
1015232837,332
1015241891,1882
1015280784,2283
1015753941,2533
1015815983,6222
1015852565,750
1016271077,811
1016323751,37880
1016423859,12601
1016903129,853
1017049444,2805
1017500658,158
1017966556,436
1018098280,2047
1018547681,3708
1018830110,1558
1019203263,155
1019360350,3345
1019432584,12421
1019609805,2144
1020779503,1542
1020834440,3586
1020843346,619
1020997213,137
1021219064,3585
1021295105,511
1021369428,201
1021621499,3334
1021895365,22877
1021907170,1609
1022508659,738
1022925092,980
1022984892,4407
1023243010,1087
1024095504,301
1025121037,4742
1025300166,5770
1025363199,170
1025906681,3223
1025924157,2720
1026361581,195
1026589873,340
1027015746,871
1027092197,223
1027207153,812
1027384981,26850
1027472552,1179
1027657650,451
1027735852,1627
1028070615,14063
1028159967,12480
1028492186,14670
1029036679,23761
1029049168,2281
1029161494,489
1029237831,365
1029289585,1913
1029765858,1781
1031066646,235
1031215137,14876
1031572511,330
1031666266,167
1031702103,596
1031738741,3140
1031743438,105
1031953656,1436
1032382011,504
1032429296,3084
1032459340,62733
1032498247,869
1033268244,5501
1033533442,1898
1033618518,245
1033873680,8354
1034122619,1728
1034425196,12031
1034455311,202
1034736943,3688
1035165731,1830
1035903914,586
1035925398,235
1036205124,7995
1036471813,221
1036704760,1495
1036865607,4811
1037029275,182
1037741738,4270
1037868089,675
1037882481,1589
1037962296,5009
1038251341,4638
1038267026,507
1038357256,256
1038413113,1063
1038434342,689
1038507702,1521
1038887977,187
1039282306,2703
1039587768,7376
1040280323,2732
1040397982,8289
1041176052,4042
1041444133,1711
1041920680,4582
1042367133,124023
1042526843,2394
1042774256,893
1043448231,1840
1044010907,1834
1044765979,3195
1045330979,1116
1045721921,9567
1046807713,3369
1046864201,2146
1047320420,2973
1047604775,2369
1047714514,1325
1048132347,294
1048158960,1224
1048282719,2228
1048320382,10949
1048418394,3217
1048564437,270
1048601047,4881
1048652045,178
1049183334,644
1049248085,189
1049886433,2326
1049887781,793
1049911276,355
1050245177,673
1050485604,404
1051229663,1376
1051432019,556
1052016638,962
1052050442,68889
1052094299,969
1052259802,3075
1052387869,537
1052473204,1055
1052828228,4562
1052845083,16973
1053114486,626
1053118194,22130
1053297461,3734
1053496366,1644
1053544737,531
1053598893,4798
1054147333,206
1054677274,2519
1054793726,47678
1056221118,1347
1056452116,764
1056618941,4127
1057381764,804
1057758059,795
1057848324,756
1057909657,569
1058148535,1194
1058223453,540
1058825816,1938
1058850200,3099
1059326899,2311
1059472549,3379
1061041576,26819
1061365581,522
1061953414,164469
1062171191,511
1062210926,987
1062297179,4724
1062458369,27951
1063265931,3994
1064264196,904
1064636662,2710
1065047674,1567
1065066515,1973
1065865385,2513
1066243512,1875
1066509034,2967
1067194496,442
1067611583,146
1068755384,375
1069234314,421
1069446208,3229
1069465928,2539
1069943001,19273
1072539730,11788
1072816188,2424
1073224795,261849
1073579907,649
1074023461,2434
1074175180,368
1074561042,25686
1075241121,253
1075250658,1391
1075381375,11473
1076111130,1739
1076312498,932
1076538757,118
1076969585,2540
1077560986,454
1077591800,182
1077662591,2127
1077701245,878
1077839783,288
1077850011,14356
1077926723,1183
1077989117,2740
1078227922,656
1078434900,500
1078528927,6076
1078598180,2377
1079302078,618
1079469057,2952
1079547517,943
1079619168,5880
1079906817,3496
1079966361,3272
1080070047,10746
1080226559,338
1080442728,2845
1080536031,1712
1080688707,827
1080728121,1392
1080989149,1844
1081336463,2754
1081397957,25002
1081415439,229
1081623471,2044
1081783144,394
1082137380,4428
1082722503,3295
1082927074,3139
1082960574,2904
1083188349,5161
1083363028,2599
1083676347,104
1083790746,444
1083953029,526
1084058975,2137
1084400107,1480
1084853233,29025
1085062248,125
1085086903,11572
1085130367,1164
1085636225,362
1085876386,6054
1086124473,560
1086419061,18832
1086756757,1327
1086808440,199
1086887314,2909
1087021837,630
1087106485,356
1087304134,1709
1087772670,5337
1087915800,505
1087953935,676
1088165333,426
1088558237,11148
1088705108,7419
1088816938,746
1088947514,1174
1089324287,676
1089959414,4830
1090165309,387
1091441963,723
1091563845,2247
1092047360,40597
1092116209,6473
1092279475,5320
1092555455,160
1092747695,230
1093458723,338
1093529841,10196
1093903598,609
1094122545,1519
1094171135,1047
1095936393,1970
1095948794,3724
1096175506,1138
1096608396,3434
1096955196,1362
1097695258,19151
1097835077,1515
1097885806,281
1098549899,566
1098665524,2305
1098866858,554
1099328966,12044
1100358796,714
1100363827,3329
1100776768,32723
1101059247,1140
1101183880,801
1101198567,2399
1101234405,2622
1101358021,846
1101573776,158
1101874129,9789
1102197464,3168
1102438776,1172
1102464845,193
1102475895,285
1103012935,384292
1103039640,544
1103066894,1312
1103502237,1070
1103772881,5420
1104232109,752
1104332987,69479
1104370536,7029
1105067009,624
1105657641,9453
1105906942,5819
1105911868,182
1106046293,2239
1106290890,766
1106440682,581
1106444494,350
1106612431,2315
1106615912,1998
1106663535,15335
1107721554,1106
1107847846,405
1107929306,1176
1108061543,366
1108188054,248
1108246201,247
1108658403,241
1108682714,6479
1108837393,66650
1109163478,942
1110248948,1641
1110443421,15282
1110629675,404
1110724055,430
1110731552,540
1110782890,14360
1110932933,3586
1111221079,884
1111537966,3794
1111937658,2200
1112015061,723
1112154391,348
1112189620,25881
1112733896,733
1112757335,492
1112843446,2286
1113140733,3057
1113326957,777
1113327297,1838
1113373470,657
1113403973,11038
1113476505,525
1113573066,41340
1113922795,2493
1114838453,4328
1115322337,1454
1115438773,2907
1115602775,2270
1115745775,602
1116604175,2848
1116658452,897
1117298172,712
1117388084,1404
1117497732,1858
1117639997,23529
1117851921,731
1117894769,1800
1117896698,449
1117927632,2029
1117942206,3670
1118058753,564
1118085970,12186
1118204739,1010
1118273977,772
1118472080,534
1118483478,1110
1118556483,349
1118601518,34617
1118620356,886
1118981983,599
1119072163,235
1119305249,1079
1119492821,2325
1119523584,5056
1119580695,3861
1119883856,1560
1120106077,1355
1120507300,2055
1120540348,4885
1120583995,1115
1120886225,1755
1120991338,918
1120992116,543
1121405464,3874
1121898861,1311
1121999804,581
1122242121,4657
1122681704,2109
1122873619,1460
1123331936,1041
1123338559,5753
1123956658,7363
1124031902,1579
1124219907,30320
1124236568,379
1124477911,1767
1124754056,2231
1124759447,484
1124936542,688
1125228311,312
1125258937,905
1125683897,438
1125856365,20087
1126064944,1386
1126473386,26847
1126557956,807
1126841840,4849
1127011907,333
1127191351,2841
1127234517,8416
1127276854,1469
1127402712,449
1127793756,5775
1127844060,554
1127855842,227
1128204614,11753
1128579105,338
1128708803,256
1128833454,1860
1129412343,646
1129437678,2454
1129568168,1604
1129583447,3187
1129786550,18227
1129836481,337
1130004860,5427
1130040122,983
1130269053,258
1130325611,1344
1130445785,787
1130564872,75086
1130809465,38108
1130952330,503
1131085323,1793
1131194012,265
1131381274,230
1131513930,59183
1131637627,1111
1131734767,666
1131980797,554
1132063646,1361
1132431999,10775
1132664039,2029
1132750706,15333
1133207146,24214
1133210524,4318
1133660268,1928
1133872562,483
1133901637,5177
1134247238,401
1134445014,541
1134447175,6282
1134743153,729
1134819911,3887
1134882229,806
1135067489,262
1135148452,868
1135169266,2213
1135179558,7386
1135193663,559
1135212071,41884
1135260262,2949
1135473927,871
1135492298,14533
1135501937,2429
1135791677,13582
1135871706,589
1135891523,2825
1135975613,270
1136152017,1177
1136197489,177
1136590548,233826
1136616428,1589
1136666433,31387
1136752401,1495
1136782037,2549
1136945646,215
1137222083,782
1137445686,532
1137485434,2239
1137515077,4949
1137515714,365
1137711311,40153
1137729039,155
1137850293,1071
1138349022,954
1138376193,1405
1138835447,1786
1139111484,326
1139329853,368
1139596354,1013
1139643103,1013
1139782619,13382
1139883371,359
1139971460,73426
1140000232,1749
1140071348,2087
1140152286,369
1140226073,595
1140263746,735
1140481996,663
1140494293,694
1140774520,774
1140788023,376
1141023706,542
1141384261,457
1141468878,172
1141592887,1243
1141701871,1022
1141704318,51542
1141706975,1405
1141720197,1501
1141782198,46984
1141853351,5635
1142132744,203
1142274728,8110
1142397834,542
1142406715,4381
1142413815,304
1142482827,448
1142833038,142
1142857237,235
1143019584,810
1143237475,4847
1143261428,9929
1143295695,5426
1143403408,934
1143408173,1760
1143664622,505
1143753790,308
1143767804,26406
1143816215,605
1143938205,224
1143952193,5663
1144007363,881
1144211118,1085
1144284308,690
1144694071,2431
1144727401,2382
1145075367,705
1145158024,1745
1145420469,2795
1145667945,2361
1145881485,633
1145914675,1195
1146004684,2214
1146153471,1886
1146425139,3900
1146462485,2734
1146471921,1703
1146550474,3145
1146738089,30381
1147019563,2067
1147094660,46287
1147103080,3524
1147294830,367
1147379948,4100
1147566999,2835
1148290190,875
1148314264,478
1148617298,1655
1149110392,462
1149257427,4778
1149469661,532
1149484257,1098
1149919051,2048
1150071903,2390
1150205470,5989
1150626239,7553
1150696087,558
1150781804,400
1150800542,2287
1150865300,843
1150877418,3256
1150995498,601
1151113612,3853
1151205052,3008
1151221822,305
1151379841,853
1151411061,6193
1151667698,5073
1151867743,453
1151870687,366
1151948575,406
1152014594,12442
1152145571,1621
1152159038,3152
1152162423,177
1152600431,1437
1152720637,1214
1152766213,370
1152784189,556
1152844950,328
1152948526,909
1153027372,161
1153111797,246
1153372704,6800
1153483156,359
1153494379,962
1153634897,298
1153688673,407
1153764295,956
1153806672,1930
1153822578,486
1153919891,724
1154009261,4956
1154123797,2208
1154407752,1621
1154879377,2906
1154974019,348
1155025406,2923
1155063795,296
1155091202,5455
1155099363,1707
1155123554,1023
1155232855,1324
1155266070,790
1155268703,1659
1155383451,7534
1155576139,5381
1155681893,181
1155766506,729
1155776799,1260
1155816493,2343
1155965274,23416
1156013210,1568
1156046366,257
1156170875,3926
1156416181,431
1156797572,5859
1156956890,32408
1156960719,14138
1156994049,8601
1157171418,18213
1157299560,168
1157326300,229
1157543432,846
1157643045,165
1157659618,381
1157855507,920
1157909530,313
1157928891,444
1158444028,675
1158472225,2922
1158588224,30741
1158631460,3458
1158722119,80578
1158782187,174
1158799392,10320
1158953185,1948
1159184254,490
1159261054,1495
1159381774,2204
1159910897,229
1160158798,369
1160245783,1226
1160289313,804
1160721237,248
1160886023,1340
1161038816,631
1161355400,738
1161379409,758
1161394125,1614
1162089095,855
1162099055,68097
1162410458,8484
1162907198,292
1162971794,2194
1162985117,398
1163421557,438
1163460850,2133
1163524922,257
1163644748,566
1163855415,1058
1164059777,1370
1164459351,1070
1164521143,826
1164625104,577
1164646909,502
1164655740,1401
1164832776,16276
1164859248,901
1165324947,28655
1165361576,3287
1165489591,533
1165507389,4457
1165663023,1372
1165855406,2903
1166108740,234
1166139870,18064
1166171472,190
1166321809,1449
1166408297,25849
1166706525,1054
1167034425,2689
1167077257,2696
1167209519,7399
1167296906,760
1167300963,39713
1167337904,464
1167413446,3040
1167525683,239
1167626999,324
1167788341,26798
1167791343,1745
1167823778,1324
1168184085,243
1168261320,1291
1168294481,672
1168753718,8377
1168900248,688
1169009889,179
1169078701,313
1169101061,2300
1169144801,2181
1169560166,4009
1169612059,722
1170266927,24518
1170303612,2220
1170321595,579
1170326509,2109
1170548091,3768
1170615905,259
1170634188,684
1170648585,580
1171111467,4935
1171284401,1238
1171290857,490
1171312494,4096
1171376163,2166
1171575871,385
1171605222,249
1171656857,1350
1171755183,192
1171873526,370
1172197625,369
1172251311,459
1172309719,178
1172540122,625
1172574522,6018
1172739419,1810
1172782796,511
1172805219,1237
1172886754,577
1173427820,2831
1173503298,641
1173528409,497
1173769719,779
1173838343,800
1173848034,8808
1174224707,2634
1174262723,404
1174423274,222
1174443757,175
1174614095,350
1174625805,315
1174747993,1397
1174957711,353
1175231820,1524
1175263852,1504
1175316550,1911
1175317731,173
1175414428,273
1175742612,211
1175748759,4056
1175870738,2888
1175900220,2887
1176061718,498
1176129893,19059
1176335208,2014
1176469774,2319
1176497351,871
1176557412,737
1176677271,1267
1176808813,1529
1176898834,3473
1177118700,217
1177129875,553
1177402105,37938
1177456367,1091
1177919337,722
1178198291,1223
1178437140,1825
1178500367,719
1178505369,377
1178584802,280
1178834224,869
1178974910,462
1179046874,10754
1179074781,804
1179124545,4270
1179213731,2626
1179363570,6643
1179413000,8356
1179457582,221
1179478740,267
1179539349,3545
1179682343,792
1179727851,684
1179824727,194
1179959183,4077
1180015183,828
1180226026,1468
1180391077,677
1180445240,334
1180700598,168
1180781840,1186
1180872582,204
1180917769,5398
1181272477,3070
1181318933,1369
1181409661,291
1181429842,574
1181479848,10747
1181624333,520
1181982220,27266
1182000750,2459
1182212878,22530
1182215277,1058
1182216394,2840
1182547092,21954
1182588635,273
1182594286,2152
1182712729,2410
1182741097,1420
1183151083,179
1184096749,399
1184170771,1483
1184249417,482
1184268220,5832
1184313747,468
1184340999,264
1184752645,4381
1184830713,699
1184839874,166
1184996128,1386
1185003107,447
1185016972,493
1185122623,5660
1185233810,1099
1185308721,229
1185389803,27466
1185430378,1946
1185438389,346
1185528404,1465
1186036632,903
1186202698,1553
1186233280,1321
1186304875,227
1186389044,305
1186598756,1015
1186664179,1180
1186701238,939
1186842622,1649
1187150337,2334
1187349447,270
1187386524,122
1187464970,861
1187490902,421
1187573823,364
1187595770,467
1187689258,491
1187718501,212
1187805808,2270
1188009186,555
1188133194,1415
1188180267,6026
1188362803,2463
1188669909,1844
1188684386,475
1188775349,1842
1188833811,250
1189234446,5051
1189384516,4245
1189432033,1165
1189732822,4273
1190042495,1693
1190390511,1053
1190515659,438
1190778303,4232
1191240966,354
1191326562,314
1191398263,580
1191520000,3643
1191671352,1229
1192168837,1689
1192303694,1454
1192555574,14429
1192646696,1502
1192691221,300
1192710260,293
1192845474,486
1193082155,8524
1193276701,185
1193374549,3283
1193430229,466
1193465306,480
1194056092,1956
1194293040,553
1194517182,681
1194576770,359
1194842235,395
1195165448,3392
1195208341,3695
1195243030,10746
1195371847,3267
1195557790,1186
1196568696,246
1196617276,16606
1196674898,265
1196898989,759
1196950132,720
1197043989,10143
1197079556,2086
1197172145,3273
1197183235,2497
1197197392,2127
1197226849,3298
1197227242,2471
1197262207,3158
1197265285,1549
1197357033,2734
1197387463,929
1197473770,921
1197491237,1024
1197496497,1271
1197598190,4008
1197631840,891
1197656055,3861
1197674252,1666
1197690052,1044
1197727671,880
1197782606,2979
1197811764,2027
1197990888,30364
1198040849,2702
1198063129,521
1198068829,519
1198155461,1174
1198211652,231
1198306812,27957
1198331424,160
1198370352,1764
1198604352,759
1198625298,237
1198654685,928
1198829864,1569
1198882870,1181
1198982020,357
1199028956,1278
1199057215,1048
1199548147,540
1199668171,13591
1199720858,411
1199905418,1326
1199916658,708
1200309199,293
1200426344,1462
1200597263,96773
1200800171,840
1200968971,177
1201167354,312
1201173969,93358
1201212574,126
1201253077,3192
1201432708,1425
1201628267,895
1201656210,57780
1201754187,197
1201775166,1643
1201897606,357
1201906543,290
1202070696,1853
1202113460,1352
1202436319,291
1202496880,456
1202549948,3020
1202555904,2226
1202599845,18283
1202634727,984
1202937420,5714
1203115035,643
1203116301,138
1203185600,4610
1203417753,1937
1203463294,315
1203468533,12501
1203485136,1024
1203558071,9310
1203657193,231
1203667901,222
1204165003,2079
1204369117,636
1204383770,184
1204427144,422
1204520409,1224
1205047801,165
1205137520,5377
1205298114,511
1206357666,1415
1206468071,658
1206501749,3359
1206553433,10714
1206566990,2246
1206648335,699
1206910786,163
1207006614,1378
1207091162,9442
1207529559,732
1207639951,9519
1207687985,1990
1207740274,1996
1207908536,242
1207953136,284
1207965399,2173
1208339803,1334
1208451003,767
1208510936,850
1208616942,553
1209020591,542
1209098380,2133
1209350013,557
1209640045,532
1209889782,8954
1210070282,422
1210155353,4812
1210223349,487
1210288370,686
1210537388,2525
1210965499,15
1210969976,609
1210974853,34
1210993610,19
1210995403,18
1210996597,393
1210998536,26
1210999518,21
1211008223,75
1211009406,14
1211010427,13
1211015701,30
1211016441,434
1211026924,26
1211027023,16
1211029147,15
1211045181,30
1211046673,49
1211047453,70
1211049218,143
1211054287,643
1211062214,23
1211066605,12
1211067257,11
1211079624,20
1211081420,13
1211081914,17
1211082205,20
1211083967,52
1211091483,14
1211091844,40
1211092393,103
1211096376,1678
1211100249,451
1211101745,21
1211103743,11
1211105461,17
1211106808,18
1211119746,30
1211134411,288
1211135748,54
1211139949,7420
1211148265,12
1211152788,86
1211153639,531
1211161312,47
1211164307,15
1211182199,37
1211183026,33
1211183428,32
1211185810,13
1211188079,97
1211192559,34
1211200858,11
1211206127,246
1211207463,19
1211213013,58
1211213210,34
1211216973,20
1211231675,18
1211239245,11
1211240086,17
1211242246,12
1211245293,39
1211245881,44
1211246310,44
1211247455,44
1211247978,44
1211248537,44
1211249123,44
1211253535,44
1211254498,44
1211255002,44
1211255474,44
1211255968,44
1211256418,68
1211256910,44
1211258495,44
1211258530,27
1211259024,44
1211260619,16
1211261120,44
1211263474,44
1211263944,44
1211264394,44
1211264885,44
1211265499,44
1211269161,39
1211269625,39
1211288094,15
1211288569,221
1211291830,48
1211292824,13
1211323948,62
1211326181,103
1211328845,41
1211331887,42
1211332487,20
1211334989,89
1211339624,36
1211340505,12
1211341812,16
1211344034,38
1211346525,35
1211347607,16
1211353240,15
1211353708,25
1211357795,297
1211358903,18
1211363745,213
1211363761,19
1211369814,24
1211373664,14
1211373726,13
1211375944,381
1211392915,50
1211396326,104
1211397094,12
1211397985,15
1211406359,12
1211407380,19
1211421149,25
1211424294,114
1211431908,22
1211436356,28
1211437711,24
1211445936,15
1211449139,1057
1211451737,241
1211455718,31
1211472582,24
1211474003,52
1211474546,38
1211478189,397
1211483815,69
1211486387,14
1211495036,238
1211495678,81
1211496271,12
1211496721,13
1211499945,17
1211504567,14
1211506215,127
1211511366,29
1211514405,48
1211516798,27
1211528757,33
1211532216,55
1211537500,2201
1211544888,11
1211547129,13
1211549389,11
1211555810,48
1211560503,14
1211568421,74
1211576866,36
1211589067,873
1211595987,16
1211611644,36
1211614110,212
1211615179,164
1211621353,13
1211628140,13
1211628924,56
1211636743,319
1211639042,64
1211640020,47
1211648517,38
1211664428,83
1211668332,22
1211673552,19
1211688259,32
1211689305,71
1211709322,20
1211709401,41
1211713203,39
1211734353,35
1211762072,17
1211769859,12
1211771701,137
1211786253,11
1211796176,166
1211804342,72
1211805157,20
1211816061,15
1211822834,104
1211841798,47
1211844962,10
1211847033,32
1211852158,21
1211879821,13
1211880680,26
1211883488,17
1211907063,13
1211913026,48
1211933183,29
1211933536,19
1211937619,21
1211947721,17
1211954790,23
1211961956,12
1211973138,16
1211974233,15
1211981858,60
1212012880,17
1212016788,43
1212023672,27
1212030186,36
1212038396,51
1212040616,49
1212041285,41
1212044099,112
1212045148,33
1212046166,15
1212048194,27
1212051246,29
1212054378,23
1212059169,224
1212059453,21
1212060952,59
1212065926,25
1212068500,2524
1212068825,19
1212071331,117
1212071873,11
1212073733,79
1212073877,15
1212074645,29
1212080845,12
1212082239,15
1212098005,25
1212102867,13
1212103871,29
1212104171,71
1212105001,16
1212106565,26
1212109465,14
1212112489,52
1212122101,716
1212122915,11
1212123893,299
1212126095,22
1212133946,367
1212138326,18
1212142448,23
1212142746,31
1212149375,690
1212150078,12
1212152443,15
1212152679,16
1212155273,21
1212156829,53
1212162173,39
1212162858,18
1212163614,26
1212163658,4841
1212171830,57
1212178686,51
1212180639,315
1212184690,12
1212187194,64
1212191053,14
1212192645,11
1212194710,50
1212199101,42
1212202152,73
1212205041,83
1212213795,11
1212215459,23
1212217978,11
1212221277,52
1212224446,100
1212231935,34
1212237753,70
1212240247,23
1212272650,34
1212291096,13
1212297061,17
1212297707,554
1212299698,23
1212301481,14
1212303172,16
1212305418,10
1212309782,14
1212312612,18
1212313395,35
1212313943,22
1212321035,19
1212321780,11
1212322352,13
1212323523,45
1212324108,181
1212326426,13
1212327060,19
1212328464,20
1212335792,1178
1212337929,55
1212339953,13
1212344894,16
1212352704,204
1212353968,471
1212355347,14
1212358471,46
1212361258,89
1212365405,230
1212370575,13
1212380723,67
1212386132,13
1212389344,79
1212396129,17
1212401107,82
1212404364,33
1212405954,13
1212409812,20
1212411769,19
1212416285,50
1212420523,93
1212424025,45
1212425313,20
1212426242,34
1212435342,13
1212436974,12
1212445952,231
1212446074,223
1212458158,33
1212463614,21
1212471969,179
1212485345,12
1212495958,20
1212503250,5274
1212507810,13
1212517694,14
1212519203,16
1212522158,20
1212526449,27
1212534605,44
1212545513,45
1212545562,19
1212545659,18
1212547305,50
1212552738,39
1212556547,47
1212568395,2536
1212579112,19
1212580057,11
1212580972,15
1212584333,14
1212604955,35
1212607944,18
1212608505,35
1212615762,14
1212615823,60
1212626143,11
1212639739,37
1212645406,51
1212655381,217
1212662651,27
1212662699,33
1212674766,16
1212691238,17
1212697436,20
1212698895,22
1212708301,23
1212711737,14
1212716497,42
1212717547,13
1212718768,2298
1212731288,21
1212732933,13
1212741592,16
1212744728,16
1212750508,39
1212751545,14
1212751853,24
1212752329,39
1212756310,15
1212767451,28
1212770626,18
1212772844,55
1212776839,13
1212779336,30
1212792234,384
1212802346,35
1212803197,144
1212818660,141
1212822116,106
1212826524,13
1212832891,13
1212833318,598
1212843730,55
1212854568,44
1212863969,17
1212866717,14
1212873879,18
1212877255,38
1212893754,22
1212898723,48
1212901838,41
1212906611,11
1212912437,14
1212915278,16
1212932043,15
1212936003,17
1212946437,45
1212958625,1945
1212958792,158
1212960200,27
1212964560,98
1212986802,22
1212990952,82
1213004527,51
1213018000,893
1213021084,16
1213021942,24
1213031647,10
1213049020,16285
1213053754,59
1213064866,86
1213065419,18
1213067090,14
1213070486,47
1213072190,61
1213072391,18
1213072853,30
1213074351,23
1213075462,22
1213079400,44
1213079565,13
1213081795,30
1213082786,217
1213083204,11
1213089388,35
1213093442,15
1213096099,20
1213097216,29
1213099006,11
1213099715,16
1213102235,41
1213107404,12
1213121380,207
1213122529,15
1213126085,35
1213128008,11
1213128525,14
1213129179,12
1213135165,33
1213138705,48
1213141996,16
1213150985,40
1213158264,12
1213159910,31
1213166415,27
1213174371,14
1213210884,16
1213212865,1884
1213214826,11
1213215164,11
1213215604,14
1213232466,45
1213239020,15
1213244638,77
1213244979,77
1213254756,12
1213265429,151
1213269387,11
1213270275,11
1213271324,763
1213278007,27
1213278465,41
1213279660,33
1213282074,13
1213286530,42
1213286773,28
1213295040,185
1213298526,31
1213313471,70
1213314710,38
1213320306,65
1213322283,16
1213344454,29
1213347757,44
1213350401,12
1213369035,16
1213369150,13
1213369689,25
1213376196,63
1213377775,282
1213388257,11
1213389047,38
1213390704,28
1213393702,12
1213401667,34
1213406268,46
1213410885,18
1213412750,106
1213418162,23
1213422759,13
1213424550,31
1213438872,19
1213439274,12
1213448295,14
1213456169,38
1213456832,74
1213465959,62
1213477480,653
1213483766,89
1213484834,67
1213489460,30
1213492378,20
1213494393,19
1213494845,94
1213499662,12
1213508077,44
1213522308,59
1213526705,250
1213545146,42
1213546910,85
1213548688,12
1213558515,99
1213572410,14
1213578141,20
1213589825,140
1213589861,312
1213596558,26
1213599866,39
1213602620,27
1213605295,20
1213612261,13
1213616615,1343
1213621353,54
1213627697,98
1213635270,113
1213655814,15
1213665985,12
1213667676,16
1213667879,299
1213671679,12
1213679333,19
1213684532,22
1213690685,38
1213705966,15
1213724156,20
1213726114,45
1213732395,955
1213737277,24
1213738495,16
1213752513,15
1213756841,25
1213757446,223
1213776823,716
1213782040,11
1213783578,22
1213784218,11
1213785946,16
1213789212,40
1213806247,20
1213815713,28
1213816047,601
1213820321,13
1213831079,33
1213840696,32
1213841375,11
1213848993,78
1213850825,20
1213854984,63
1213856502,19
1213858087,36
1213869298,17
1213877989,19
1213882945,27
1213883741,40
1213894274,11
1213899530,25
1213903458,46
1213903931,46
1213921570,18
1213924905,17
1213933023,17
1213936160,15
1213946709,32
1213956965,651
1213958077,17
1213963375,237
1213963816,23
1213969021,52
1213975621,550
1213978779,51
1213989169,14
1213991947,33
1213992071,15
1213993401,11
1213995610,75
1213999980,11
1214023498,33
1214027647,19
1214028696,122
1214031601,45
1214039649,13
1214042231,129
1214048612,30
1214054836,27
1214055530,247
1214056183,29
1214061724,28
1214066049,18
1214073962,11
1214075908,42
1214079192,342
1214086123,174
1214088066,17
1214097767,18
1214103856,14
1214106457,20
1214115656,60
1214116564,42
1214123279,46
1214124594,31
1214125715,3241
1214130539,128
1214132525,23
1214137514,15
1214145978,61
1214157669,35
1214166855,265
1214171422,20
1214186671,18
1214187650,27
1214194417,16
1214198641,43
1214205098,249
1214206049,457
1214207265,33
1214209804,13
1214224482,67
1214230350,82
1214232991,21
1214253933,16
1214259427,49
1214267031,16
1214273599,19
1214284796,132
1214286302,13
1214292570,98
1214308670,34
1214316980,14
1214325159,35
1214330138,29
1214330684,294
1214340119,25
1214344575,57
1214345024,26
1214349536,2222
1214354379,39
1214357854,26
1214365048,26
1214367522,308
1214368528,270
1214371636,15
1214372687,28
1214378079,22
1214378330,13
1214382445,116
1214401834,54
1214402572,155
1214410740,19
1214415239,12
1214417298,19
1214419579,13
1214419813,24
1214421786,24
1214423832,1474
1214430889,16
1214432280,52
1214432636,41
1214444660,75
1214451720,18
1214459508,274
1214464768,383
1214466235,14
1214478877,36
1214479548,17
1214482028,81
1214484185,17
1214488263,97
1214491827,18
1214497982,14
1214499036,29
1214515537,19
1214515716,14
1214522988,15
1214534230,21
1214535662,24
1214541835,151
1214543765,40
1214544186,25
1214545008,33
1214548581,18
1214556362,610
1214564144,23
1214564285,475
1214565094,18
1214565945,22
1214568317,13
1214586312,12
1214590697,26
1214598450,98
1214613536,23
1214614273,61
1214617729,53
1214621535,38
1214621915,12
1214625657,107
1214631343,13
1214633006,11
1214639705,28
1214639959,11
1214643314,31
1214651975,21
1214654038,32
1214661652,19
1214662152,16
1214664730,114
1214668357,27
1214671166,315
1214701984,25
1214706991,12
1214708684,11
1214711567,39
1214712269,14
1214720448,16
1214721509,50
1214732478,14
1214733598,21
1214741287,817
1214744766,15
1214746179,12
1214761986,48
1214764451,188
1214770805,38
1214783544,2099
1214785164,4420
1214788016,634
1214792028,34
1214795107,17
1214799336,74
1214805512,1111
1214805939,14
1214807590,443
1214808136,15
1214809647,18
1214812584,13
1214814133,951
1214823259,29
1214823616,52
1214824471,66
1214825004,18
1214832943,20
1214845304,207
1214847313,15
1214857101,11
1214862520,13
1214873786,27
1214883816,17
1214885213,23
1214885251,12
1214889705,50
1214894588,123
1214895007,16
1214898654,23
1214913459,30
1214914397,590
1214915118,21
1214917315,28
1214921938,50
1214925130,27
1214926344,321
1214932135,12
1214940958,124
1214947572,15
1214948129,15
1214951658,922
1214951702,19
1214958134,369
1214959257,28
1214964352,25
1214966051,18
1214971907,28
1214973617,45
1214980737,39
1215002714,23
1215007786,70
1215011706,20
1215015607,83
1215017190,16
1215020386,51
1215020609,22
1215021756,13
1215025222,15
1215026946,16
1215027194,491
1215034382,54
1215037002,13
1215037136,58
1215044156,12
1215048066,21
1215054020,172
1215071370,23
1215072592,25
1215075128,11
1215089331,11
1215096061,28
1215096318,37
1215104825,13
1215105191,15
1215107073,124
1215109328,11
1215112375,20
1215112716,215
1215114303,31
1215115240,13
1215122415,12
1215124088,15
1215126598,89
1215133631,13
1215136096,21
1215142181,1006
1215145625,22088
1215153409,5357
1215159144,42
1215163675,11
1215167976,33
1215172008,25
1215180660,39
1215184266,22
1215184274,63
1215188084,15
1215188990,16
1215192081,13
1215194738,31
1215213624,264
1215222097,146
1215232646,16
1215235243,47
1215237193,16
1215240744,24
1215247792,16
1215256431,12
1215268822,15
1215274814,65
1215277996,19
1215290046,17
1215297817,69
1215306737,13
1215306761,55
1215317123,16
1215321844,16
1215327975,31
1215338506,23
1215341250,13
1215345965,18
1215353434,376
1215367178,11
1215376308,79
1215388091,95
1215391309,17
1215394372,37
1215398789,32
1215414287,45
1215415060,47
1215417088,47
1215417342,39
1215427805,15
1215431881,19
1215435055,28
1215435141,30
1215435693,119
1215437858,70
1215449317,54
1215453504,19
1215456863,12
1215464508,14
1215469331,21
1215472967,12
1215494831,29
1215501373,1422
1215513042,277
1215525052,23
1215528293,14
1215530108,15
1215535154,36
1215536848,28
1215549140,16
1215559262,13
1215565821,49
1215576669,80
1215580107,23
1215581359,17
1215593067,39
1215598138,50
1215602802,303
1215602835,12
1215609207,19
1215609896,45
1215610146,22
1215612244,831
1215617177,25
1215617234,11
1215627862,49
1215630826,97
1215637209,11
1215641367,97
1215642753,309
1215651941,15
1215653880,39
1215659290,30
1215667929,79
1215670433,38
1215678767,819
1215686624,56
1215693176,57
1215695618,22
1215699839,13
1215703747,47
1215708757,229
1215709831,20
1215711897,27
1215724110,16
1215734700,14
1215754581,32
1215761080,47
1215762204,12
1215763925,140
1215772018,60
1215774013,440
1215778039,22
1215778674,25
1215786287,17
1215802577,27
1215804516,24
1215815598,14
1215820754,16
1215821842,29
1215840941,39
1215840958,12
1215841405,62
1215848131,45
1215848597,76
1215848628,18
1215860363,14
1215880700,85
1215885888,37
1215895293,47
1215895678,134
1215896820,12
1215901237,58
1215904689,69
1215925081,17
1215929924,36
1215941570,21
1215952260,42
1215959245,39
1215961903,124
1215968361,142
1215974868,2962
1215976690,139
1215978264,11
1215980069,12
1215983140,128
1215989105,20
1215999715,22
1216005890,60
1216017171,44
1216017372,51
1216018447,27
1216020101,58
1216022788,25
1216023525,23
1216028377,69
1216030087,23
1216032525,160
1216037740,12
1216061380,50
1216069663,14
1216082712,25
1216087888,20
1216089000,17
1216090751,394
1216092644,13
1216098872,11
1216102513,39
1216104234,61
1216108819,83
1216109475,217
1216109985,26
1216116826,2748
1216131824,247
1216133553,258
1216138306,99
1216144935,13
1216152655,84
1216154126,13
1216157979,17
1216171501,15
1216190131,15
1216201070,24
1216201393,37
1216201523,258
1216208824,13
1216242393,16
1216243094,16
1216253015,66
1216260255,11
1216272351,81
1216283993,12
1216319128,48
1216319430,27
1216321571,11
1216324736,20
1216324944,18
1216328923,62
1216332504,25
1216333449,28
1216334681,23
1216335416,146
1216336936,15
1216350024,22
1216350996,41
1216351315,25
1216352422,185
1216360484,232
1216372376,12
1216375790,206
1216382538,34
1216400972,19
1216401140,25
1216403796,13
1216408253,47
1216414579,20
1216417050,12
1216418105,18
1216429765,54
1216443171,48
1216451834,19
1216456135,23
1216462061,104
1216463076,90
1216475812,34
1216482194,110
1216484498,31
1216490718,41
1216494144,24
1216494445,256
1216501093,13
1216510419,12
1216512254,16
1216513155,21
1216513449,14
1216514794,34
1216523472,55
1216526830,11
1216538171,23
1216540769,12
1216545064,12
1216546135,13
1216557401,126
1216561964,18
1216569752,98
1216571209,756
1216575395,32
1216575633,24
1216578144,17
1216579794,11
1216581384,20
1216583510,45
1216585136,36
1216585843,23
1216592214,25
1216592520,20
1216594612,396
1216602261,22
1216602307,12
1216603405,17
1216604251,11
1216606902,30
1216617312,13
1216621664,42
1216626808,17
1216631222,120
1216634387,67
1216636456,13
1216638612,46
1216657015,18
1216659670,19
1216662529,51
1216666459,14
1216668024,12
1216671362,365
1216672009,2090
1216676682,17
1216687226,14
1216702324,29
1216705316,35
1216710530,71
1216716893,12
1216729729,480
1216733352,12
1216734435,16
1216744997,372
1216753351,26
1216754861,104
1216755814,26
1216760293,34
1216761709,25
1216767127,123
1216774150,15
1216774242,17
1216782078,14
1216783017,12
1216788591,22
1216795554,51
1216802857,97
1216802904,605
1216806001,129
1216807315,13
1216809628,106
1216810108,309
1216813186,34
1216817621,35
1216821891,16
1216823006,23
1216824806,16
1216824855,20
1216828696,17
1216839348,711
1216849186,149
1216851265,27
1216854084,30
1216854661,111
1216863195,30
1216889203,174
1216889464,13
1216890989,30
1216894026,46
1216904708,43
1216916975,15
1216920437,16
1216925406,421
1216947831,663
1216950004,20
1216954187,9829
1216955020,25
1216957019,91
1216961632,78
1216962487,12
1216972280,78
1216978255,163
1216978941,407
1216979884,46
1216980321,21
1216981748,12
1216982911,20
1217002856,14
1217004160,14
1217006906,30
1217013436,32
1217013518,114
1217024571,14
1217027821,13
1217028120,571
1217035059,14
1217036554,61
1217036916,40
1217040185,17138
1217043693,36
1217046685,12
1217048091,16
1217050817,12
1217064635,21
1217064814,20
1217066206,70
1217077268,11
1217078336,97
1217079795,456
1217080687,198
1217086292,14
1217097102,77
1217103809,122
1217105994,24
1217109502,11
1217115101,11
1217117361,11
1217117726,11
1217118687,39
1217122519,12
1217126552,11
1217128906,28
1217129907,16
1217139543,37
1217152169,62
1217154559,57
1217160355,85
1217178567,11
1217180034,45
1217182377,22
1217188876,13
1217190965,23
1217192243,186
1217195695,13
1217201645,18
1217201723,12
1217208761,14
1217209599,111
1217210212,29
1217212029,18
1217212643,28
1217216576,216
1217220793,18
1217222433,45
1217233667,33
1217249705,34
1217252492,10
1217258787,25
1217259193,13
1217259573,503
1217262941,21
1217269188,32
1217269729,18
1217281602,177
1217281692,1119
1217283106,12
1217288862,38
1217291538,8685
1217298686,13
1217299529,21
1217301865,50
1217315946,15
1217325629,20
1217333901,26
1217334368,17
1217339390,12
1217344324,24
1217345178,618
1217350447,71
1217368484,29
1217370937,23
1217388134,12
1217393935,13
1217394553,12
1217396442,2367
1217400042,11
1217408512,52
1217409016,26
1217409285,31
1217423929,14
1217440433,16
1217441118,30
1217456927,20
1217481469,97
1217503846,127
1217508335,32
1217509950,60
1217511504,13
1217511531,12
1217515201,11
1217519452,13
1217522094,29
1217523249,28
1217531704,26
1217534578,26
1217536224,12
1217539691,17
1217550851,22
1217551679,676
1217559252,12
1217567462,41
1217579854,37
1217582381,16
1217588885,131
1217591699,45
1217595194,26
1217598410,28
1217603668,77
1217605771,14
1217620707,25
1217630469,624
1217634097,39
1217635695,24
1217654363,232
1217655472,55
1217663853,29
1217671020,1672
1217679253,12
1217681650,28
1217687846,76
1217694973,28
1217696644,11
1217698251,11
1217699935,82
1217700782,27
1217702792,36
1217706948,116
1217707705,16
1217711317,80
1217713553,29
1217713968,148
1217714762,55
1217717180,27
1217738451,12
1217763769,24
1217767853,17
1217772968,40
1217775138,108
1217781789,14
1217786036,569
1217796049,12
1217808614,448
1217809336,53
1217822489,27
1217829921,15
1217834505,23
1217837484,18
1217838440,75
1217860122,23
1217863633,56
1217865504,20
1217872789,25
1217879288,15
1217883656,13
1217885409,124
1217896031,12
1217897624,21
1217904354,151
1217907067,36
1217914588,743
1217923504,13
1217941030,75
1217951047,56
1217951987,186
1217952569,174
1217954055,48
1217969544,50
1217975777,21
1217991124,57
1217996319,230
1217998780,11
1218000077,24
1218004139,560
1218016275,14
1218017185,97
1218018309,291
1218019071,20
1218035937,57
1218037205,65
1218040416,36
1218046945,86
1218062604,82
1218062941,27
1218081641,18
1218084144,11
1218087980,23
1218088263,670
1218100867,23
1218103164,15
1218104262,620
1218116830,22
1218126087,80
1218126567,11
1218129961,17
1218137657,85
1218146932,33
1218147345,22
1218148432,30
1218155686,2230
1218164293,11
1218174807,19
1218177240,13
1218177391,379
1218178534,39
1218182607,18
1218190285,30
1218191675,20
1218193413,19
1218194584,45
1218195359,31
1218197239,45
1218202403,29
1218208502,4662
1218209681,29
1218211276,44
1218216789,11
1218222850,164
1218235340,33
1218242169,46
1218250144,11
1218252276,127
1218263250,23
1218277073,32
1218280573,11
1218283016,16
1218284806,16
1218293878,127
1218304124,34
1218305232,150
1218306945,28
1218311395,13
1218333096,19
1218340463,14
1218354547,19
1218368663,152
1218369506,21
1218369796,13
1218370235,28
1218371280,65
1218371623,18
1218372872,24
1218375081,12
1218375755,15
1218381586,32
1218384914,70
1218390093,40
1218393421,11
1218394454,35
1218415046,20
1218418799,12
1218419817,11
1218436380,13
1218437719,12
1218444058,35
1218446685,35
1218446841,619
1218448244,29
1218453975,17
1218464479,29
1218466593,264
1218476217,11
1218489387,45
1218489659,52
1218493681,361
1218506731,16
1218519728,12
1218533705,36
1218536620,275
1218540605,27
1218541279,12
1218543409,13
1218557130,17
1218560388,17
1218576239,92
1218580895,21
1218594998,16
1218597110,207
1218600746,30
1218611299,16
1218612615,47
1218613627,31
1218623368,139
1218626992,16
1218635949,21
1218640391,70
1218642260,28
1218651210,166
1218655389,26
1218662021,12
1218682596,2371
1218683765,21
1218684227,31
1218688296,562
1218690244,15
1218694102,12
1218704741,25
1218706004,14
1218710522,37
1218711689,228
1218715924,14
1218716774,12
1218725228,44
1218729723,62
1218729846,41
1218733756,19
1218737406,774
1218743746,12
1218749710,28
1218765387,51
1218767374,12
1218770712,14
1218807909,20
1218815399,10
1218816743,44
1218819993,317
1218822896,20
1218823179,1245
1218826355,41
1218835536,11
1218844081,224
1218855969,153
1218867656,12
1218871120,72
1218881505,21
1218885291,12
1218896483,97
1218900228,12
1218906699,28
1218919346,76
1218919522,14
1218928200,11
1218939714,14
1218960190,14
1218962966,15
1218968930,15
1218972260,42
1218973317,43
1218975799,246
1218978057,543
1218978163,14
1218981305,86
1218987594,40
1218997190,16
1219009070,2141
1219011837,63
1219014440,15
1219018779,14
1219030980,60
1219031547,147
1219035000,10
1219039446,20
1219040524,12
1219042200,22494
1219053872,44
1219060209,128
1219062712,25
1219070729,35
1219075763,37
1219083479,38
1219087723,1508
1219096687,178
1219102141,12
1219103073,14
1219105341,47
1219110005,68
1219111340,14
1219113318,11
1219119800,74
1219121452,25
1219125540,31
1219129212,23
1219133217,64
1219133249,18
1219139049,14
1219141172,39
1219141370,13
1219145354,300
1219151193,621
1219152899,29
1219157502,97
1219158316,46
1219160435,28
1219161733,93
1219162717,30
1219165039,42
1219165613,26
1219171273,26
1219174984,22
1219175109,22
1219184182,141
1219231323,49
1219237875,45
1219243063,86
1219244075,11
1219253193,31
1219254116,33
1219260485,30
1219264163,12
1219268325,12
1219273452,25
1219284263,91
1219286705,31
1219291910,393
1219291943,12
1219295659,77
1219304474,15
1219310759,16
1219314144,39
1219319479,68
1219329571,20
1219334069,111
1219351875,96
1219355698,30
1219370895,103
1219378569,3208
1219380800,117
1219382075,31
1219385288,20
1219389544,21
1219400421,3477
1219410317,11
1219412347,33
1219424400,24
1219424471,60
1219424489,629
1219446293,1940
1219461180,13
1219461862,18
1219463714,98
1219468224,1435
1219472097,40
1219484308,8
1219485919,14
1219488984,73
1219493841,537
1219502106,34
1219502927,37
1219504139,159
1219504831,44
1219509115,21
1219515121,11
1219516950,39
1219521173,52
1219531851,42
1219534231,398
1219536599,80
1219542934,12
1219543409,226
1219547995,109
1219548485,79
1219554320,37
1219558865,187
1219565167,31
1219569035,12
1219572953,137
1219574837,12
1219579626,22
1219583915,11
1219587551,118
1219593472,29
1219594207,27
1219595665,12
1219596464,16
1219597358,13
1219608640,234
1219611080,35
1219616277,111
1219619061,14
1219624930,22
1219627422,12
1219630658,11
1219631371,39
1219634836,210
1219642679,94
1219645555,20
1219650644,17
1219651269,38
1219657136,13
1219690829,291
1219701951,16
1219710688,52
1219711698,21
1219715755,12
1219715787,16
1219715803,148
1219721372,18
1219748199,145
1219755209,43
1219760772,23
1219765831,69
1219770679,26
1219783686,12
1219787573,17
1219806855,12
1219809875,197
1219810783,11
1219813016,37
1219815462,15
1219817956,39
1219828173,71
1219833464,78
1219845641,11
1219852021,142
1219860050,45
1219864617,18
1219866542,242
1219868875,21
1219876482,19
1219882846,33
1219896053,1789
1219898362,13
1219898664,19
1219902572,12
1219904470,11
1219917446,120
1219920268,193
1219923941,279
1219934554,11
1219935155,37
1219935284,23
1219950293,34
1219955687,12
1219956685,23
1219960594,224
1219961908,141
1219962340,331
1219965126,144
1219967630,54
1219975226,235
1219983369,13
1219986280,22
1219989708,110
1219990121,14
1219993725,19
1219995793,28
1219996057,95
1219998363,92
1220000506,4015
1220007647,26
1220010376,19
1220012117,14
1220016354,16
1220037795,30
1220043190,30
1220053648,17
1220054577,13
1220067179,46
1220075313,13
1220075608,44
1220082570,12
1220088588,29
1220090633,17
1220092577,313
1220098492,11
1220125073,19
1220130005,14
1220140390,33
1220144875,886
1220159504,28
1220169409,45
1220173287,19
1220174856,26
1220179368,11
1220182682,27
1220185073,103
1220194478,62
1220215555,351
1220223727,771
1220225368,49
1220238335,12
1220238467,92
1220242986,11
1220258106,13
1220263034,288
1220273153,13
1220275445,19
1220285708,32
1220285949,28
1220299146,13
1220299921,13
1220300275,14
1220302420,14
1220308601,14
1220310845,11
1220316999,109
1220317771,20
1220329626,39
1220332472,14
1220338733,16
1220341616,19
1220348449,14
1220353202,148
1220363221,31
1220363990,19
1220365832,48
1220368375,11
1220374179,27
1220381862,42
1220384784,84
1220389370,22
1220392046,11
1220403506,36
1220404592,29
1220411769,13
1220414137,25
1220418983,759
1220422927,14
1220423005,12
1220424323,13
1220455984,115
1220461696,37
1220469803,20
1220471126,18
1220475543,131
1220491177,35
1220492374,148
1220496752,11
1220498389,199
1220505991,12
1220516737,26
1220529992,37
1220530277,67
1220531892,40
1220532477,18
1220537846,79
1220544718,33
1220548149,16
1220549743,16
1220558446,25
1220567611,14
1220567735,177
1220577936,13
1220600476,211
1220608365,25
1220623008,174
1220627175,17
1220632889,27
1220636828,15
1220638726,13
1220640564,16
1220642173,129
1220642301,24
1220647753,34
1220649868,42
1220651250,10
1220656611,181
1220664071,94
1220679051,456
1220680065,11
1220683883,29
1220690422,425
1220701611,40
1220702116,12
1220703605,69
1220703793,32
1220716870,12
1220717364,116
1220718004,26
1220721979,22
1220728088,43
1220729468,21
1220732691,32
1220732893,14
1220744087,27
1220744720,8806
1220745791,44
1220746027,15
1220749061,14
1220752606,33
1220759940,26
1220761231,22
1220763728,40
1220766820,16
1220768711,74
1220773489,15
1220786764,52
1220788224,19
1220789495,18
1220798236,14
1220798417,12
1220799180,17
1220801645,40
1220816008,27
1220823738,12
1220825109,54
1220832274,11
1220834686,230
1220837462,48
1220839770,41
1220849813,84
1220854477,71
1220862873,11
1220874732,17
1220884982,80
1220885689,171
1220886594,36
1220888415,448
1220899692,7182
1220899915,16
1220902080,104
1220902278,54
1220904453,32
1220914655,1280
1220918585,455
1220924648,36
1220925408,40
1220928655,23
1220929839,98
1220935138,16
1220936047,2039
1220937125,682
1220941467,29
1220944440,26
1220946058,26
1220946370,14
1220946543,11
1220947600,293
1220960618,299
1220971487,18
1220980580,11
1220986068,12
1220992833,16
1220997082,94
1220997378,48
1220998146,25
1221000860,13
1221001476,44
1221002372,13
1221020718,60
1221022475,25
1221024497,12
1221027919,21
1221030613,31
1221034553,215
1221039460,47
1221041276,13
1221048533,219
1221052488,83
1221055970,14
1221060403,15
1221068259,47
1221068793,15
1221068903,235
1221070677,148
1221080309,18
1221082755,19
1221084482,25
1221095263,18
1221106976,36
1221110820,17
1221120906,14
1221120939,542
1221122081,20
1221133188,42
1221135148,32
1221161226,25
1221177199,40
1221180063,196
1221184926,16
1221190110,14
1221195568,38
1221207669,14
1221209689,378
1221210108,50
1221222583,11
1221224535,18
1221224699,54
1221232109,1262
1221235601,14
1221240503,69
1221249352,167
1221249481,333
1221252023,14
1221256937,324
1221261207,23
1221262308,20
1221276979,57
1221282584,21
1221283675,12
1221284398,12
1221285149,12
1221287674,11
1221290320,23
1221292713,44
1221297625,11
1221299116,53
1221305781,31
1221306275,51
1221311014,112
1221324299,15
1221329261,41
1221334231,43
1221334280,14
1221334351,43
1221339736,16
1221349753,11
1221350544,18
1221356410,23
1221358460,13
1221364968,18
1221368271,14
1221369065,73
1221369740,80
1221371853,13
1221378802,108
1221379719,18
1221393754,21
1221394850,25
1221399001,256
1221399354,99
1221402357,31
1221404347,11
1221407662,62
1221409201,11
1221416424,14
1221429772,4195
1221431519,25
1221433219,62
1221435237,19
1221439608,15
1221448780,38
1221456624,18
1221460575,80
1221461052,17
1221463263,22
1221467011,41
1221467572,16
1221482272,89
1221489330,39
1221489445,37
1221499512,20
1221501629,23
1221509404,6022
1221518324,237
1221518435,28
1221522399,12
1221524644,15
1221527554,26
1221531804,16
1221533603,23
1221538357,44
1221543574,46
1221551017,13
1221565029,18
1221574903,31
1221579569,71
1221587346,32
1221587347,12
1221592399,18
1221592798,13
1221598890,13
1221600993,11
1221604075,11
1221616686,19
1221617744,34
1221623636,21
1221625543,11
1221631495,15
1221634436,31
1221641349,1411
1221649738,195
1221651799,48
1221654125,228
1221673609,43
1221688929,24
1221689260,369
1221691036,12
1221702550,12
1221704200,45
1221707935,23
1221710397,25
1221716703,16
1221722107,41
1221723497,17
1221723996,25
1221728904,162
1221733094,61
1221737887,11
1221741915,150
1221742654,736
1221746501,13
1221750692,16
1221751439,12
1221772065,11
1221772225,70
1221772308,21
1221775867,9
1221778133,108
1221780643,36
1221781531,449
1221796063,253
1221797579,16
1221798227,42
1221814255,49
1221814673,68
1221814894,194
1221830959,13
1221831329,30
1221835075,36
1221844677,27
1221851069,231
1221856501,19
1221860353,13
1221864089,43
1221865331,36
1221867246,143
1221892294,98
1221903920,41
1221906609,17
1221922293,1990
1221932119,15
1221933616,31
1221937090,108
1221942000,15
1221944165,14
1221955143,49
1221961972,18
1221963957,50
1221976173,255
1221979804,33
1221981994,236
1221985908,20
1221995568,17
1221998155,16
1222002934,11
1222008889,50
1222009188,13
1222022455,23
1222029303,35
1222042205,679
1222044626,14
1222044811,27
1222047800,18
1222047953,73
1222063724,34
1222064942,17
1222072017,65
1222090116,147
1222092630,27
1222092774,21
1222093674,52
1222102170,266
1222107387,12
1222110047,64
1222110548,2163
1222117874,130
1222120468,2289
1222126520,231
1222128242,50
1222133394,575
1222142792,76
1222147517,14
1222155920,25
1222159197,40
1222160568,36
1222161345,24
1222169973,55
1222173827,361
1222181013,71
1222197263,118
1222213350,4850
1222216275,11
1222221630,42
1222229518,16
1222237818,27
1222250448,21
1222257358,13
1222257602,1859
1222258735,197
1222262982,30
1222269231,12
1222274697,51
1222277117,18
1222281860,12
1222295714,210
1222297562,13
1222298778,12
1222307895,97
1222318103,25
1222333741,11
1222338286,12
1222339926,34
1222343245,144
1222344790,20
1222354812,23
1222356417,50
1222364235,48
1222368361,72
1222372573,255
1222372873,90
1222373496,23
1222375486,66
1222383700,32
1222387700,57
1222389269,22
1222392614,15
1222395717,22
1222404225,32
1222407355,196
1222409861,11
1222413951,901
1222419504,12
1222427087,76
1222440968,12
1222446155,27
1222449264,19
1222451826,14
1222455527,522
1222460606,12
1222468111,21
1222472761,37
1222473027,20
1222476425,28
1222481250,11
1222484199,11
1222495257,16
1222504648,636
1222512550,13
1222515414,42
1222521101,1484
1222529313,332
1222545886,202
1222566478,24
1222567435,55
1222573128,8
1222579145,40
1222585234,56
1222585735,18
1222587475,1789
1222589733,30
1222591322,11
1222594156,25
1222596522,17
1222604391,13
1222608265,128
1222609123,76
1222613133,17
1222632373,68
1222634257,15
1222634748,65
1222637509,219
1222639711,380
1222647433,47
1222655977,32
1222659956,21
1222660901,41
1222674351,28
1222676896,52
1222678009,13
1222685735,21
1222689155,100
1222692857,41
1222698237,15
1222700467,20
1222716018,21
1222734777,37
1222743186,43
1222744121,12
1222745356,27
1222752154,37
1222753133,14
1222766639,89
1222769612,15
1222785238,38
1222788897,21
1222789989,879
1222792842,12
1222792879,17
1222799292,185
1222814323,10
1222814416,11
1222824018,43
1222826242,718
1222835772,17
1222837583,55
1222845504,17
1222847856,26
1222852418,17
1222854008,38
1222856929,21
1222869003,104
1222870709,261
1222884903,11
1222890347,37
1222890567,67
1222890689,12
1222890844,20
1222893766,69
1222903331,11
1222907340,61
1222917575,18508
1222917836,75
1222921129,13
1222946560,125
1222953844,12
1222956315,13
1222961423,14
1222970626,29
1222988636,13
1222998674,812
1223006434,130
1223006510,58
1223006526,77
1223009200,30
1223020752,25
1223039216,33
1223051315,48
1223053891,11
1223054977,16
1223059776,46
1223060975,36
1223062473,54
1223067277,12
1223075782,46
1223076991,18
1223081941,21
1223084838,12
1223087359,28
1223091925,51
1223098661,18
1223118338,21
1223125423,98
1223128651,52
1223133721,16
1223135437,27
1223135475,12
1223139391,20
1223139487,72
1223140677,28
1223141354,109
1223160418,17
1223161782,17
1223162027,92
1223163837,13
1223167370,11
1223169069,38
1223172760,11
1223187010,71
1223189582,15
1223192120,11
1223192596,58
1223194760,84
1223197070,13
1223198048,41
1223198968,41
1223206275,44
1223211246,11
1223215533,154
1223216894,236
1223230665,13
1223234827,9
1223238480,27
1223251391,32
1223253334,13
1223255499,58
1223260156,32
1223273994,49
1223275907,57
1223280581,11
1223282310,31
1223287468,36
1223293586,713
1223296623,63
1223297225,11
1223312639,18
1223318023,26
1223318951,49
1223319768,24
1223325002,32
1223329036,59
1223341630,20
1223342966,32
1223351292,337
1223370395,113
1223373345,112
1223374550,34
1223389180,48
1223392126,18
1223392907,17
1223394733,34
1223396927,11
1223418318,18
1223418686,19
1223420362,89
1223423695,1040
1223423846,21
1223425211,13
1223425250,955
1223427443,33
1223428226,1814
1223431386,38
1223432033,14
1223440125,154
1223452181,11
1223453358,79
1223457247,14
1223476197,1145
1223477018,42
1223481327,12
1223484108,21
1223488585,21
1223492205,86
1223511885,41
1223512305,1998
1223515225,127
1223524158,30
1223535200,33
1223535314,14
1223537324,29
1223542538,12
1223549594,12
1223569332,16
1223585334,15
1223588947,14
1223597497,345
1223599621,39
1223614643,15
1223626282,28
1223631277,40
1223640430,58
1223640606,16
1223641228,32
1223643607,14
1223650754,32
1223664643,11
1223665294,48
1223665356,13
1223671634,50
1223676147,11
1223680545,13
1223691529,33
1223697365,156
1223706171,15
1223713824,315
1223728036,77
1223736934,14
1223742587,238
1223752589,1876
1223756821,11
1223758935,143
1223759393,18
1223761956,28
1223772529,35
1223779346,32
1223781466,13
1223786009,13
1223790834,25
1223793125,16
1223805771,167
1223807538,48
1223811729,22
1223816634,90
1223817677,440
1223826724,17
1223827002,53
1223827147,51
1223827471,42
1223827641,47
1223827804,48
1223827947,44
1223828210,51
1223828346,51
1223828502,41
1223828637,47
1223828917,49
1223829082,43
1223829235,51
1223829381,50
1223829650,55
1223829652,44
1223829655,47
1223829657,56
1223829799,56
1223829801,56
1223829941,50
1223830082,48
1223830230,51
1223830232,53
1223830233,44
1223830237,47
1223831655,11
1223845433,15
1223849551,12
1223853501,12
1223858182,14
1223863863,19
1223869499,66
1223883039,16
1223884751,47
1223886857,11
1223894967,69
1223921326,23
1223925190,18
1223969544,258
1223977600,19
1223980979,11
1223980999,12
1223987407,221
1224021161,11
1224022502,18
1224025688,290
1224033309,496
1224037373,17
1224047453,11
1224062178,68
1224066068,133
1224068505,22
1224077477,20
1224096166,11
1224100238,22
1224110675,282
1224127318,32
1224137561,126
1224137844,54
1224138499,71
1224149089,15
1224157469,32
1224163986,44
1224167985,13
1224169076,15
1224189909,12
1224193010,12
1224193130,27
1224194102,56
1224196440,14
1224200214,37
1224203978,26
1224218617,30
1224227389,37
1224236735,12
1224239089,15
1224243497,25
1224250535,33
1224253491,101
1224258916,13
1224263089,17
1224267893,139
1224269630,22
1224271858,14
1224275784,358
1224277831,13
1224278666,271
1224283053,119
1224287368,15
1224294151,11
1224304627,13
1224309951,72
1224311190,127
1224314007,27
1224314254,22
1224319811,23
1224330181,209
1224343090,18
1224347838,395
1224348278,24
1224353416,21
1224353843,131
1224360317,77
1224368231,455
1224376867,16
1224385314,15
1224387109,22
1224393902,20
1224402483,13
1224408143,41
1224413254,42
1224415020,27
1224431303,175
1224434372,14
1224439365,18
1224446608,15
1224446616,51
1224454782,110
1224455487,110
1224471569,26
1224474408,11
1224476053,15
1224481107,24
1224483176,110
1224483504,69
1224486190,15
1224486824,24
1224489872,13
1224498772,73
1224501168,31
1224508792,203
1224509741,12
1224511035,24
1224526153,60
1224532553,11
1224539373,59
1224543123,52
1224547398,15
1224549174,12
1224558836,34
1224560336,22
1224580914,24
1224584532,15
1224591227,13
1224591740,45
1224598709,14
1224600617,25
1224609919,12
1224610424,13
1224615167,22
1224617188,23
1224620722,29
1224629294,42
1224631526,23
1224645559,226
1224652367,13
1224652560,98
1224653264,15
1224659590,113
1224660488,17
1224661714,55
1224671672,12
1224681639,22
1224683353,28
1224690468,23
1224692542,21
1224701408,205
1224703318,222
1224708689,30
1224712076,12
1224712371,423
1224715013,36
1224716146,12
1224734198,540
1224735108,12
1224738938,69
1224740357,74
1224743032,35
1224753810,14
1224755442,13
1224755974,16
1224757492,16
1224762245,199
1224772110,12
1224775471,27
1224777018,29
1224777703,12
1224778433,500
1224780087,45
1224786239,14
1224786272,12
1224786947,117
1224798921,101
1224799062,13
1224809280,11
1224810795,14
1224813164,13
1224816641,18
1224822906,188
1224823899,123
1224830290,16
1224844395,16
1224854794,4017
1224866871,279
1224879981,13
1224880453,21
1224881335,93
1224887964,57
1224893022,27
1224908126,11
1224912127,16
1224926075,13
1224928087,65
1224930497,14
1224942256,18
1224949386,19
1224956547,48
1224964077,14
1224966022,24
1224968393,81
1224974361,2597
1224975160,51
1224977058,13
1224978706,12
1224987521,22
1225005463,2666
1225010740,16
1225017253,13
1225019919,248
1225046031,11
1225049374,131
1225051897,61
1225059107,164
1225062134,419
1225071533,13
1225077445,15
1225078277,27
1225102492,16
1225119525,11
1225129803,18
1225134435,54
1225141037,322
1225141328,23
1225150929,83
1225154854,31
1225162543,53
1225167529,18
1225171017,29
1225174600,23
1225178950,4818
1225179060,35
1225179105,1564
1225185913,36
1225186502,270
1225188401,2046
1225196741,51
1225197030,16
1225202603,129
1225210265,32
1225226478,45
1225228592,46
1225234444,87
1225241880,32
1225242097,19
1225250312,45
1225263228,23
1225265867,13
1225266305,14
1225272732,23
1225277249,209
1225285890,332
1225296260,15
1225301513,12
1225316611,270
1225333873,18
1225337111,66
1225338289,114
1225344059,207
1225345651,85
1225347547,36
1225357488,41
1225359679,11
1225363703,58
1225364874,29
1225365569,1929
1225375494,34
1225380161,29
1225382028,21
1225391938,13
1225400068,26
1225403584,13
1225420868,25
1225420959,51
1225427533,784
1225427809,28
1225430807,305
1225443129,12
1225443909,20
1225445312,32
1225446523,283
1225448100,11
1225450090,11
1225456147,27
1225457257,80
1225462729,267
1225470108,11
1225473337,21
1225476523,20
1225480734,45
1225492439,525
1225495029,17
1225501987,94
1225506667,36
1225506852,321
1225518061,411
1225519296,28
1225521647,14
1225525367,12
1225529925,23
1225533642,23
1225544568,56
1225550834,47
1225551985,349
1225553633,29
1225556223,18
1225557539,17
1225558656,40
1225570552,17
1225572163,81
1225576792,31
1225583202,32
1225586334,49
1225594874,693
1225599451,116
1225602716,20
1225603857,16
1225605262,82
1225605804,37
1225614660,102
1225614895,53
1225619975,155
1225620122,280
1225626176,180
1225626763,20
1225639773,37
1225642446,13
1225651988,13
1225662585,15
1225666510,21
1225676063,104
1225676909,66
1225681482,28
1225683137,47
1225688424,1219
1225692581,23
1225701232,46
1225704208,19
1225711621,154
1225717117,12
1225722703,1081
1225723635,15
1225723660,14
1225753223,6003
1225753650,13
1225764309,11
1225772996,16
1225774688,6403
1225777233,26
1225779504,22
1225779594,263
1225780897,142
1225780993,16
1225799532,16
1225803835,47
1225809732,34
1225810547,42
1225818500,12
1225821344,28
1225834084,1678
1225834491,17
1225840521,811
1225844031,17
1225850181,31
1225853511,18
1225856988,33
1225857440,32
1225861226,15
1225865375,24
1225876937,41
1225890580,19
1225893563,22
1225900566,59
1225904506,64
1225932464,205
1225933743,18
1225934387,14
1225943680,22
1225968076,15
1225969993,19
1225971591,19
1225983316,32
1225986799,18
1225990269,180
1225994627,25
1226007284,193
1226012688,12
1226012864,11
1226030841,43
1226032210,11
1226033059,18
1226034860,15
1226053598,9
1226056647,11
1226060652,58
1226062469,151
1226065142,96
1226068984,940
1226075327,51
1226079078,17
1226085740,125
1226088627,998
1226093137,13
1226095529,25
1226100929,16
1226108917,45
1226115080,35
1226117657,20
1226128535,33
1226130495,11
1226146401,17
1226150677,17
1226151688,28
1226151883,426
1226161344,11
1226169092,13
1226182842,2210
1226183162,17
1226187070,111
1226187634,112
1226187719,51
1226193564,49
1226199630,51
1226200305,74
1226213530,11
1226227428,30
1226236210,38
1226238042,83
1226244643,11
1226246989,14
1226251409,157
1226252114,106
1226253568,49
1226254918,68
1226256828,295
1226263631,40
1226269138,11
1226278857,536
1226283335,22
1226284422,91
1226284891,11
1226289738,15
1226291577,45
1226292938,36
1226293227,32
1226304875,1572
1226309398,29
1226314049,23
1226314578,86
1226315076,96
1226316657,19
1226323056,14
1226339117,102
1226344275,15
1226349980,64
1226355570,26
1226371446,13
1226379024,3199
1226383350,136
1226384208,46
1226387322,11
1226390973,13
1226392513,12
1226398315,117
1226402027,80
1226406577,29
1226408403,15
1226415818,133
1226416904,21
1226422330,20
1226423849,16
1226427018,16
1226438114,12
1226444988,115
1226448677,85
1226454952,32
1226455806,50
1226456766,45
1226458391,69
1226466427,16
1226477048,13
1226480668,10
1226481856,22
1226489531,20
1226489634,92
1226498208,94
1226501154,31
1226503828,32
1226505078,10
1226505891,19
1226507528,15
1226514391,120
1226518400,75
1226523004,19
1226535806,133
1226538859,38
1226539674,54
1226540982,12
1226541360,14
1226544828,16
1226546604,40
1226547671,13
1226549459,202
1226553585,14
1226556412,313
1226560380,62
1226562178,77
1226571055,101
1226579643,2
1226586920,36
1226594437,14
1226597296,25
1226597750,149
1226607711,108
1226613826,13
1226619487,12
1226622350,12
1226622973,15
1226625878,24
1226626731,306
1226627909,327
1226632537,20
1226632856,37
1226642159,12
1226643987,27
1226646964,12
1226648841,47
1226652468,19
1226654232,79
1226655664,18
1226657498,18
1226658783,53
1226661880,15
1226666101,13
1226674733,11
1226680005,29
1226684518,51
1226685400,12
1226691771,96
1226699436,44
1226707772,21
1226707828,343
1226708151,17
1226709645,11
1226713626,69
1226729515,17
1226734075,11
1226740973,112
1226753901,30
1226755169,38
1226762620,13
1226767159,112
1226772027,21
1226775065,45
1226819062,28
1226821501,21
1226821868,13
1226828149,11
1226850047,15
1226854571,12
1226861761,39
1226863001,14
1226880839,25
1226886541,127
1226889175,63
1226907735,11
1226920373,28
1226922418,52
1226936027,16
1226947837,50
1226957148,43
1226959760,11
1226965804,28
1226967201,13
1226967770,23
1226967819,15
1226971454,242
1226986657,16
1226990646,49
1226990838,28
1227015908,22
1227017537,13
1227019873,192
1227022288,102
1227027199,21
1227039929,13
1227046979,31
1227065728,17
1227067139,139
1227069931,50
1227077394,15
1227085694,54
1227086368,19
1227088125,12
1227096538,26
1227101935,12
1227102698,3601
1227104690,45
1227105346,12
1227110871,43
1227119649,25
1227121063,128
1227125656,48
1227127184,22
1227127969,40
1227128046,18
1227129671,16
1227136764,279
1227152271,16
1227155975,19
1227168652,12
1227170018,42
1227174554,20
1227177719,67
1227179138,94
1227185855,10
1227186335,18
1227194005,118
1227195038,1291
1227205007,14
1227212265,13
1227213432,24
1227213690,13
1227214087,39
1227216141,63
1227220907,11
1227228210,14
1227231165,11
1227232520,17
1227237099,119
1227265762,69
1227276149,39
1227279014,22
1227293556,17
1227304377,12
1227305725,16
1227307732,116
1227308303,13
1227309113,40
1227309157,26
1227309257,102
1227315434,226
1227316546,13
1227317243,12
1227323948,107
1227324720,14
1227329418,61
1227333518,31
1227334684,13
1227339848,450
1227341286,416
1227347243,233
1227354976,15
1227364450,25
1227371987,113
1227377102,177
1227383057,24
1227386646,92
1227390839,471
1227392097,27
1227400359,13
1227406723,21
1227421344,42
1227431177,14
1227432942,598
1227433014,14
1227436157,15
1227440274,27
1227447038,26
1227459967,419
1227465950,11
1227490532,392
1227490571,24
1227497140,240
1227500565,27
1227501308,24
1227502479,31
1227504870,88
1227512772,38
1227519848,11
1227520263,42
1227526743,15
1227527033,101
1227531308,13
1227547559,15
1227569304,17
1227572703,26
1227579597,12
1227581500,11
1227593880,31
1227594572,11
1227601772,16
1227621444,33
1227634482,419
1227651594,15
1227655562,40
1227658387,73
1227659400,51
1227666088,14
1227674193,14
1227674495,61
1227680608,22
1227689238,437
1227689345,13
1227689365,848
1227691444,204
1227691745,32
1227696060,16
1227710607,54
1227710766,37
1227736568,135
1227737079,13
1227738572,124
1227741708,37
1227743772,17
1227745768,13
1227759219,65
1227764627,613
1227764837,12
1227772650,102
1227778716,30
1227780447,66
1227783664,12
1227791598,144
1227791833,11
1227793598,23
1227794635,43
1227796170,23
1227802852,12
1227804086,17
1227819401,23
1227833686,15
1227836678,41
1227837151,15
1227841016,122
1227844943,51
1227854358,11
1227855667,11
1227859687,12
1227887303,17
1227889587,17
1227896191,43
1227896929,12
1227897195,12
1227900401,30
1227908098,37
1227909760,104
1227911136,11
1227920831,11
1227922538,14
1227922565,12
1227926204,16
1227927676,19
1227927721,257
1227928962,17
1227930611,62
1227931090,23
1227934615,18
1227937407,12
1227939012,38
1227941987,14
1227948480,11
1227949952,11
1227952190,14
1227957125,68
1227957130,344
1227957195,13
1227961194,28
1227970381,17
1227974472,17
1227994782,28
1227995235,141
1227997362,18
1228005292,14
1228007020,22
1228013410,83
1228017441,11
1228018833,11
1228032595,16
1228035032,79
1228046130,273
1228053564,139
1228062603,18
1228062617,46
1228067246,12
1228069348,30
1228074884,37
1228076003,160
1228086016,14
1228086182,95
1228088285,17
1228096639,11
1228101172,64
1228104491,46
1228115620,16
1228117001,198
1228125649,15
1228127918,28
1228130702,418
1228130770,12
1228146580,13
1228165644,52
1228168646,57
1228168995,33
1228170055,17
1228178051,11
1228200995,31
1228219566,11
1228221963,561
1228239224,15
1228240362,10
1228247504,34
1228250753,27
1228254460,16
1228261509,16
1228266778,73
1228267278,16
1228275932,51
1228281642,19
1228288173,17
1228295878,32
1228301704,18
1228306162,2225
1228306713,16
1228307422,17
1228312499,2314
1228312506,77
1228313288,32
1228316859,32
1228322256,17
1228323801,32
1228324681,15
1228342438,285
1228350271,28
1228350521,12
1228353720,20
1228366354,176
1228372477,19
1228379700,273
1228400253,55
1228403229,1599
1228411653,45
1228428489,22
1228439915,23
1228444255,494
1228446689,13
1228449634,124
1228473512,15
1228475028,13
1228476271,28
1228476484,54
1228479706,52
1228491972,16
1228493290,178
1228504283,11
1228512606,123
1228513113,11
1228513556,132
1228515248,88
1228515550,11
1228519832,14
1228523019,93
1228523683,64
1228545519,13
1228552104,12
1228558220,3626
1228568556,16
1228574491,15
1228575327,37
1228586120,154
1228588430,17
1228589758,902
1228602335,16
1228612153,94
1228618772,51
1228622177,68
1228631114,16
1228632952,12
1228635904,23
1228636567,170
1228642604,12
1228648424,26
1228657398,12
1228667346,77
1228668841,12
1228669486,14
1228674073,83
1228678241,30
1228680276,53
1228682702,198
1228685110,22
1228687488,789
1228693026,16
1228694959,45
1228695623,80
1228697918,62
1228698955,24
1228699675,20
1228700725,22
1228719920,162
1228724246,46
1228727422,31
1228736718,15
1228738883,21
1228747289,12
1228753050,23
1228757065,22
1228757171,22
1228760265,15
1228764266,16
1228768037,26
1228783107,11
1228810289,29
1228818758,13
1228819544,42
1228828230,13
1228840276,18
1228843980,11
1228844333,104
1228852684,672
1228858762,15
1228859413,14
1228860440,11
1228861830,15
1228862369,11
1228862630,45
1228871992,24
1228876335,18
1228878094,12
1228889804,11
1228895176,313
1228895544,12
1228904236,18
1228908118,12
1228917479,90
1228918500,28
1228920758,22
1228924271,49
1228925375,13
1228931313,265
1228940083,23
1228943778,16
1228957241,24
1228960838,15
1228968888,21
1228969569,46
1228970952,38
1228975741,46
1228980352,22
1229003220,11
1229006538,60
1229017267,89
1229020401,11
1229023725,71
1229031275,12
1229032419,48
1229035202,15
1229035215,14
1229036895,19
1229044921,21
1229048611,13
1229054518,21
1229063586,27
1229079681,74
1229084290,12
1229090312,54
1229105761,13
1229107163,176
1229111282,335
1229124309,12
1229124312,11
1229133593,11
1229158170,11
1229166124,16
1229168545,968
1229172514,87
1229176335,50
1229190386,27
1229193892,21
1229195377,68
1229196808,59
1229204641,13
1229209839,45
1229210803,13
1229218228,175
1229224485,29
1229224593,14
1229238440,48
1229245515,18
1229259494,15
1229261085,11
1229268651,252
1229278525,43
1229279783,22
1229284884,135
1229292419,11
1229298305,20
1229310351,140
1229320971,82
1229349063,15
1229349389,15
1229357719,13
1229373251,20
1229378930,18
1229386356,13
1229397886,17
1229408930,17
1229412034,64
1229418777,40
1229423958,29
1229428033,12
1229428402,17
1229438606,868
1229454546,25
1229457276,12
1229457609,20
1229464883,15
1229466378,60
1229467189,30
1229477362,11
1229488808,15
1229489956,110
1229492049,371
1229495263,14
1229500299,11
1229515933,16
1229520414,30
1229527457,24
1229528792,11
1229531271,3916
1229545347,13
1229555898,97
1229567447,74
1229570567,14
1229574762,586
1229601083,11
1229604063,88
1229613037,34
1229613796,81
1229617802,41
1229618308,1312
1229628532,101
1229629521,50
1229637015,42
1229641799,40
1229642522,90
1229647480,30
1229649395,102
1229650435,27
1229661701,37
1229669329,151
1229674813,13
1229676125,19
1229687336,19
1229689031,739
1229701530,73
1229702296,64
1229703050,35
1229708435,1128
1229721446,69
1229723763,14
1229741211,15
1229745713,14
1229754911,17
1229755072,29
1229783908,80
1229786287,67
1229790796,11
1229795529,29
1229795695,17
1229797518,23
1229800444,12
1229804367,27
1229805967,16
1229826021,15
1229833518,39
1229857613,47
1229861118,57
1229871910,21
1229875399,41
1229879223,12
1229879990,81
1229891190,58
1229897155,12
1229903970,11
1229912653,39
1229913273,16
1229921727,14
1229923980,23
1229925453,26
1229929214,38
1229936612,21
1229951782,46
1229966556,12
1229981114,26
1229996685,11
1230002242,13
1230003467,45
1230006699,39
1230011719,21
1230017515,78
1230024643,21
1230028115,34
1230041935,24
1230043431,66
1230046062,14
1230048764,82
1230050232,12
1230057297,16
1230065851,12
1230068255,1000
1230070449,15
1230084743,612
1230094821,48
1230103632,41
1230107024,56
1230108051,21
1230120460,12
1230123793,23
1230152852,6
1230155372,48
1230159855,13
1230160823,25
1230167645,184
1230176657,19
1230190038,13
1230219819,52
1230223069,30
1230276014,50
1230284069,49
1230292187,26
1230293192,1410
1230321451,112
1230325066,20
1230346035,28
1230373864,11
1230385816,599
1230405663,12
1230406987,18
1230409724,34
1230413282,376
1230418395,13
1230435080,83
1230436729,33
1230439621,13
1230447187,34
1230454104,14
1230454177,14
1230456360,16
1230459107,28
1230459924,191
1230464401,80
1230467838,71
1230476289,11
1230483021,22
1230488118,26
1230490753,22
1230492351,33
1230511039,81
1230513709,48
1230515496,19
1230518059,17
1230520777,50
1230522302,98
1230525793,84
1230526772,19
1230529409,19
1230530146,12
1230541272,635
1230542209,14
1230543109,11
1230544421,36
1230545436,11
1230550463,14
1230552302,162
1230557299,13
1230568421,11
1230571259,30
1230572279,24
1230575245,19
1230579510,12
1230579759,116
1230586927,36
1230615746,15
1230620963,928
1230623377,85
1230625926,29
1230630133,25
1230635158,24
1230642554,15
1230655525,139
1230659792,127
1230660642,16
1230664565,272
1230670201,17
1230673946,23
1230680336,17
1230682729,15
1230692090,11
1230695001,63
1230715250,32
1230717187,22
1230718069,852
1230737007,16
1230742700,17
1230752196,51
1230753416,16
1230754449,18
1230756781,11
1230757897,11
1230768672,44
1230770171,105
1230773043,11
1230783829,33
1230786016,27
1230786055,44
1230788815,77
1230793950,14
1230797184,185
1230802596,11
1230804418,84
1230816656,53
1230825866,17
1230833691,13
1230838153,15
1230838307,51
1230840644,88
1230842937,22
1230844008,12
1230848107,11
1230852546,49
1230857353,13
1230871680,27
1230881343,61
1230881670,12
1230886249,73
1230888286,12
1230888292,12
1230894777,340
1230923893,25
1230925393,2670
1230932548,15
1230933500,1662
1230934830,16
1230949874,203
1230951716,124
1230963108,17
1230966999,65
1230983602,13
1230988115,64
1230992661,31
1231005484,65
1231013771,15
1231027499,75
1231033580,80
1231033969,16
1231045391,163
1231046319,17
1231051334,30
1231055190,51
1231076326,19
1231076877,30
1231085769,56
1231088698,69
1231103016,19
1231109330,15
1231109894,39
1231115153,17
1231132517,15
1231135337,3359
1231139963,15
1231140530,11
1231148257,21
1231148851,19
1231150947,88
1231151385,54
1231151488,14
1231151663,11
1231170332,6368
1231173995,17
1231175554,11
1231190293,13
1231208198,14
1231208519,16
1231210975,255
1231241823,15
1231246471,14
1231252094,14
1231266096,28
1231274914,14
1231290655,16
1231291764,3423
1231317792,75
1231332766,97
1231340225,50
1231340530,31
1231341859,35
1231342894,32
1231355875,29
1231362609,49
1231366492,11
1231370735,16
1231381704,37
1231387029,459
1231393604,29
1231397904,13
1231403659,732
1231404888,16
1231411784,13
1231415007,70
1231419446,12
1231425003,61
1231428995,13
1231433355,29
1231444515,20
1231471942,55
1231477977,53
1231497523,23
1231505124,12
1231510846,13
1231524322,33
1231527664,29
1231530575,11
1231538321,38
1231542361,15
1231545705,15
1231546738,13
1231549501,22
1231550533,14
1231552637,12
1231583450,11
1231585114,12
1231588676,27
1231593995,16
1231598581,19
1231608642,15
1231611366,6
1231614512,112
1231616411,16
1231620129,27
1231625820,39
1231628816,15
1231630576,64
1231642319,12
1231644909,11
1231649071,30
1231664875,142
1231670954,24
1231673216,271
1231680323,11
1231682461,18
1231686879,35
1231689449,272
1231690607,12
1231692013,26
1231693733,11
1231694800,12
1231703771,13
1231704393,73
1231729738,16
1231736896,11
1231743029,2253
1231745368,23
1231745656,187
1231746098,18
1231752523,17
1231758535,14
1231759224,34
1231759515,12
1231759984,11
1231761068,12
1231764379,473
1231764941,16
1231780395,23
1231784866,34
1231788271,13
1231789326,53
1231795778,17
1231798689,14
1231803000,18
1231804068,18
1231804783,59
1231805954,27
1231815937,12
1231823217,55
1231824780,13
1231828364,36
1231833412,44
1231839460,345
1231839648,59
1231841922,27
1231851167,20
1231859271,36
1231866881,23
1231867801,88
1231870852,46
1231873889,20
1231878142,30
1231879080,11
1231881320,160
1231886686,11
1231888139,44
1231892841,13
1231894603,20
1231904604,12
1231905001,130
1231907165,36
1231927624,15
1231939612,13
1231950207,11
1231951255,56
1231951515,31
1231957581,21
1231959993,14
1231961643,147
1231963420,11
1231964765,11
1231964865,27
1231971079,5
1231980017,126
1231981195,57
1231982666,423
1231982924,34
1231983974,23
1231994250,31
1231995031,11
1231995778,34
1231999821,14
1232001105,215
1232009484,25
1232012824,232
1232014015,15
1232030145,820
1232049160,73
1232068112,51
1232070333,33
1232073302,15
1232075306,25
1232075861,12
1232076534,20
1232090563,12
1232094166,321
1232095746,54
1232098068,41
1232101340,18
1232113187,19
1232117277,38
1232117613,147
1232123859,12
1232153525,22
1232158115,13
1232179108,12
1232184481,52
1232186823,11
1232187392,11
1232187559,15
1232194910,12
1232198091,13
1232202151,13
1232204103,25
1232207193,279
1232207397,16
1232227455,22
1232230999,609
1232231222,51
1232234668,35
1232235554,47
1232237836,15
1232239020,82
1232248372,103
1232269102,14
1232276786,15
1232282516,42
1232293202,13
1232306594,15
1232327074,368
1232327866,48
1232334482,48
1232339395,98
1232370714,1163
1232377059,16
1232379583,25
1232385284,51
1232389209,11
1232391229,29
1232392775,12
1232401934,16
1232412113,16
1232423250,20
1232425850,50
1232435913,28
1232438673,13
1232441255,35
1232463120,29
1232464132,237
1232472302,19
1232475356,18
1232480669,114
1232486341,110
1232486433,46
1232498795,75
1232500611,13
1232502928,17
1232503620,13
1232503763,24
1232513743,19
1232516411,18
1232519992,21
1232525596,15
1232527299,87
1232531989,22
1232539952,19
1232540172,31
1232540803,184
1232549174,71
1232572427,198
1232575828,13
1232591685,20
1232599710,742
1232604320,29
1232621817,259
1232647348,20
1232648797,34
1232650857,77
1232656744,37
1232669793,14
1232669890,15158
1232673052,35
1232680785,104
1232691570,57
1232701426,20
1232703184,33
1232705473,54
1232705869,43
1232710515,88
1232712502,1477
1232714995,145
1232722722,88
1232724697,11
1232727602,368
1232744272,52
1232744411,13
1232744559,595
1232750479,471
1232751931,15
1232754722,66
1232776063,153
1232779906,13
1232780747,13
1232789753,51
1232799038,17
1232808085,76
1232810067,85
1232816339,24
1232820476,11
1232821011,12
1232824274,453
1232828202,20
1232840936,43
1232842595,96
1232843240,265
1232845626,14
1232852448,14
1232874124,14
1232881907,36
1232897272,128
1232909411,21
1232909568,171
1232913979,12
1232917858,53
1232918613,11
1232923707,13
1232927836,17
1232938373,85
1232963755,15
1232965265,15
1232972544,11
1232973386,22
1232990838,20
1232995828,1196
1232996564,56
1232997470,1476
1233008152,13
1233008591,28
1233014365,66
1233015992,37
1233021008,21
1233021136,203
1233021488,11
1233023839,25
1233034881,11
1233037001,186
1233038165,30
1233038926,17
1233045914,12
1233049557,42
1233063278,15
1233065556,48
1233067536,11
1233069149,14
1233075087,21
1233079257,19
1233082731,1655
1233083551,12
1233098501,12
1233099780,23
1233104285,12
1233106510,35
1233109239,82
1233119393,1314
1233125421,18
1233131673,15
1233133379,74
1233135720,713
1233142602,2419
1233143212,74
1233154583,22
1233174097,21
1233184997,52
1233186866,14
1233188553,12
1233189346,23
1233194295,42
1233202284,18
1233205881,16
1233207118,32
1233214582,47
1233216116,17
1233216476,21
1233224752,156
1233224946,20
1233251373,12
1233257999,126
1233258841,15
1233265885,44
1233268108,58
1233269361,14
1233277768,17
1233282551,66
1233291379,25
1233295735,22
1233319813,29
1233329720,14
1233329957,21
1233332479,307
1233332668,402
1233334923,12
1233350326,14
1233351502,26
1233363436,11
1233366728,137
1233366936,16
1233368430,12
1233369321,21
1233373060,11
1233382603,21
1233396999,18
1233397063,11
1233398203,202
1233405473,28
1233408615,23
1233408974,21
1233410784,26
1233416003,340
1233434991,58
1233445009,41
1233446849,483
1233448211,21
1233449784,18
1233450404,17
1233453656,75
1233458746,11
1233464839,24
1233465262,14
1233469120,45
1233469226,23
1233476234,13
1233480477,209
1233482326,13
1233488217,13
1233488749,27
1233490795,61
1233493205,34
1233493409,18
1233495945,313
1233506305,14
1233513947,14
1233519809,13
1233520252,554
1233522763,19
1233524712,16
1233530473,742
1233534767,11
1233537327,39
1233541170,133
1233543737,70
1233543984,511
1233544257,80
1233550386,31
1233550493,182
1233553764,90
1233562439,11
1233565815,151
1233569086,545
1233572903,279
1233573420,18
1233573842,57
1233580044,15
1233587089,32
1233598443,30
1233603128,1000
1233603965,19
1233604225,14
1233606911,91
1233610760,12
1233614908,18
1233618223,38
1233627155,17
1233629841,19
1233635142,13
1233646374,242
1233649082,106
1233652236,31
1233652334,11
1233654138,16
1233656750,63
1233656840,237
1233657891,31
1233658145,36
1233679939,16
1233680465,361
1233686144,17
1233693748,11
1233696776,39
1233698270,14
1233699119,13
1233699402,18
1233699918,47
1233701259,255
1233703053,14
1233703424,18
1233705462,39
1233706426,103
1233709504,70
1233710805,12
1233712980,51
1233714212,14
1233720469,23
1233723985,16
1233729011,220
1233729086,67
1233747143,182
1233749549,91
1233753464,192
1233757735,20
1233760877,22
1233765261,20
1233765815,32
1233768853,40
1233769789,29
1233770752,29
1233777384,36
1233798338,38
1233803199,47
1233812013,13
1233816047,30
1233821151,40
1233827788,16
1233828825,13
1233854753,62
1233860222,28
1233864947,28
1233866989,12
1233876194,23
1233879845,23
1233880450,71
1233880644,14
1233894805,11
1233901070,36
1233904235,13
1233906435,177
1233907218,27
1233912286,12
1233919441,31
1233930657,37
1233931276,14
1233933761,62
1233943553,21
1233949434,24
1233958357,17
1233974117,38
1233976060,857
1233993377,12
1233995178,21
1233997710,12
1233998926,99
1234025089,20
1234025876,55
1234028597,72
1234031683,27
1234032496,45
1234034478,590
1234035085,12
1234036165,23
1234036912,12
1234044583,11
1234045986,18
1234052506,11
1234055431,23
1234070879,20
1234092057,18
1234105541,28
1234112226,22
1234118506,31
1234132434,19
1234145889,11
1234147572,17
1234148417,20
1234162438,39
1234169919,41
1234177006,147
1234177512,23
1234178837,22
1234184966,33
1234190555,18
1234200320,29
1234222196,54
1234227627,40
1234233025,19
1234245766,16
1234262086,170
1234264457,21
1234267901,12
1234272109,43
1234280457,27
1234287955,368
1234289791,221
1234294493,14
1234297189,73
1234300923,11
1234303102,18
1234304147,38
1234318070,86
1234319556,15
1234326831,21
1234331775,12
1234335671,49
1234338588,81
1234345172,311
1234349309,14
1234349461,105
1234352205,22
1234369111,16
1234370872,16
1234406300,26
1234406613,94
1234408269,11
1234414395,18
1234422018,153
1234428768,22
1234431556,141
1234453033,16
1234460360,2157
1234461816,40
1234467701,35
1234468941,16
1234477934,93
1234479687,13
1234484212,13
1234497073,19
1234500980,29
1234501960,25
1234503198,76
1234505847,14
1234510527,14
1234512626,17
1234527033,24
1234528389,62
1234537369,202
1234547478,31
1234550622,2576
1234561569,11
1234563660,108
1234568497,59
1234569107,15
1234571279,332
1234584593,12
1234598133,27
1234599332,17
1234600595,22
1234604467,13
1234610717,35
1234612574,11
1234620713,11
1234643563,109
1234648277,32
1234648973,13
1234651011,25
1234659682,30
1234660785,16
1234663284,30
1234664581,21
1234668950,61
1234669280,32
1234670865,73
1234674650,89
1234675369,14
1234678740,12
1234692020,31
1234697322,20
1234703701,36
1234709952,18
1234712383,20
1234717086,74
1234717726,11
1234724745,881
1234728317,43
1234728799,12
1234732702,14
1234736795,25
1234743389,54
1234748523,19
1234759372,67
1234766431,149
1234808106,16
1234817105,13
1234819935,22
1234825297,30
1234829540,830
1234839530,16
1234870827,165
1234871124,14
1234872393,19
1234884845,16
1234901863,13
1234902158,10
1234908161,14
1234910726,30
1234918031,20
1234923277,15
1234924484,20
1234932922,18
1234949873,18
1234965356,32
1234995144,18
1234999285,19
1235003804,338
1235009516,68
1235012977,11
1235028451,12
1235037158,18
1235044422,11
1235045594,24
1235046467,95
1235049982,11
1235050047,24
1235056479,8001
1235076151,91
1235077351,17
1235080900,12
1235091914,73
1235098353,182
1235103257,12
1235109342,67
1235111179,63
1235112405,45
1235113559,103
1235113769,16
1235116683,82
1235117834,19
1235123321,23
1235128023,43
1235128193,36
1235131147,134
1235135158,388
1235145221,27
1235150265,68
1235161765,20
1235167543,21
1235168383,12
1235169587,12
1235175101,703
1235186898,18
1235192172,12
1235192304,37
1235199422,11
1235201909,65
1235210127,98
1235219333,16
1235219714,22
1235221346,26
1235222817,15
1235225511,100
1235226760,96
1235230186,38
1235232111,17
1235254657,514
1235257170,22
1235263729,108
1235266237,21
1235278626,17
1235288917,14
1235295742,156
1235298635,11
1235298988,24
1235311075,13
1235318920,82
1235322661,387
1235324410,268
1235325516,17
1235348945,21
1235349424,18
1235368663,16
1235372092,22
1235384825,27
1235398362,13
1235401698,173
1235403515,36
1235415129,12
1235416020,28
1235419463,12
1235423394,31
1235424374,22
1235433876,17
1235435251,22
1235439841,57
1235467345,209
1235467347,17
1235483809,1031
1235491483,40
1235491525,361
1235491557,424
1235491573,36
1235491599,36
1235491636,32
1235491662,31
1235494902,100
1235507023,70
1235511227,235
1235511271,42
1235515289,29
1235516373,31
1235528350,17
1235528861,12
1235535108,76
1235536039,615
1235557096,30
1235563757,14
1235570981,90
1235600169,13
1235600664,13
1235603352,21
1235604959,1040
1235615622,41
1235620806,41
1235625452,83
1235635879,31
1235635941,69
1235641260,42
1235648424,48
1235666777,12
1235677045,13
1235677889,32
1235682971,59
1235693765,17
1235695972,11
1235696190,21
1235697532,12
1235700241,38
1235703061,12
1235708935,19
1235712635,69
1235713026,12
1235721044,306
1235728605,11
1235730493,207
1235733002,90
1235738333,15
1235745072,15
1235785305,14
1235796446,44
1235801337,17
1235804415,7
1235809841,45
1235821686,279
1235824690,878
1235826853,181
1235832354,2722
1235839978,16
1235841610,61
1235850561,31
1235854800,12
1235864347,39
1235887692,72
1235898898,24
1235904866,12
1235915700,387
1235923517,44
1235928536,312
1235937388,12
1235944874,14
1235950823,17
1235951137,79
1235953029,25
1235957378,27
1235957729,31
1235989465,58
1235991419,168
1235995633,26
1236003844,18
1236010010,32
1236020540,28
1236022353,11
1236024834,324
1236029557,25
1236030607,17
1236032569,13
1236033849,12
1236037886,49
1236038347,22
1236069346,14
1236072112,86
1236080238,46
1236092346,14
1236097343,15
1236103434,95
1236113248,12
1236116882,74
1236134087,50
1236138758,20
1236144809,23
1236146225,17
1236147664,15
1236147743,246
1236150757,27
1236154506,195
1236169319,59
1236183038,303
1236188285,13
1236189703,11
1236192120,63
1236193793,16
1236197117,32
1236205854,14
1236210286,12
1236215173,465
1236217302,27
1236225066,24
1236230376,30
1236231313,87
1236232731,139
1236238799,15
1236242712,82
1236249097,777
1236256286,11
1236258392,23
1236268528,12
1236268781,44
1236270722,11
1236276097,61
1236280432,15
1236281532,13
1236290893,21
1236293784,21
1236297203,11
1236299256,77
1236299970,21
1236299999,17
1236308364,15
1236310444,424
1236311039,18
1236318244,298
1236318314,93
1236318548,42
1236320113,14
1236324961,15
1236325505,11
1236328476,38
1236334602,15
1236336437,555
1236336797,35
1236338255,100
1236350718,59
1236351119,19
1236353193,1362
1236376729,40
1236378975,13
1236390867,27
1236393593,13
1236412595,22
1236415557,80
1236423287,53
1236429199,58
1236430316,17
1236444588,16
1236448624,36
1236456093,110
1236456506,204
1236467467,85
1236472889,155
1236475536,12
1236475951,14
1236477525,12
1236477821,25
1236478732,15
1236490395,492
1236493835,25
1236496917,14
1236501740,14
1236502369,29
1236502968,16
1236505940,49
1236507497,54
1236507612,28
1236514798,18
1236523584,200
1236536813,114
1236539330,24
1236548587,14
1236558471,22
1236558948,87
1236565619,24
1236570104,155
1236572125,26
1236574498,194
1236597439,21
1236611436,24
1236614974,11
1236627656,55
1236654892,21
1236668474,12
1236672762,15
1236677779,143
1236692100,16
1236692111,88
1236692563,25
1236705473,25
1236709079,11
1236710711,13
1236712166,27
1236724617,13
1236724803,56
1236730482,31
1236735790,64
1236755306,111
1236763145,12
1236764229,36
1236767104,12
1236771809,169
1236781628,11
1236782644,14
1236783424,17
1236785802,14
1236788504,18
1236790468,88
1236809377,45
1236816811,11
1236835461,33
1236835492,11
1236851335,30
1236852308,25
1236854679,25
1236859477,17
1236861772,96
1236872415,17
1236877194,23
1236894679,51
1236908206,30
1236910063,98
1236911090,47
1236918072,12
1236931661,25
1236933951,14
1236941307,63
1236945444,15
1236964964,31
1236968473,12
1236981959,82
1236984329,20
1236985474,84
1237004640,1523
1237007359,21
1237010660,51
1237013741,834
1237021776,27
1237037977,11
1237043630,122
1237052662,46
1237054274,40
1237066114,17
1237066616,16
1237067851,19
1237095996,56
1237104157,13
1237109545,30
1237111736,13
1237112689,306
1237113075,37
1237114445,53
1237116511,74
1237131130,12
1237137541,14
1237146076,81
1237163046,209
1237164472,54
1237164513,2149
1237174940,2638
1237176215,11
1237181322,35
1237199276,14
1237215648,18
1237218322,22
1237219351,16
1237225592,17
1237225812,13
1237229663,21
1237231741,14
1237232401,13
1237232532,87
1237232853,70
1237239472,1033
1237241613,22
1237243825,15
1237246004,11
1237250723,12
1237257052,104
1237257560,18
1237259189,36
1237267911,11
1237283836,14
1237284154,10
1237287718,28
1237290361,11
1237295423,26
1237295737,55
1237295946,26
1237299882,28
1237301457,16
1237302913,14
1237308021,51
1237318021,50
1237319927,725
1237342938,15
1237345031,147
1237346118,140
1237353655,20
1237354845,13
1237360639,62
1237365178,89
1237370783,83
1237378117,18
1237383337,28
1237387249,24
1237390322,11
1237392402,20
1237403075,14
1237409271,11
1237416862,14
1237418222,15
1237422941,46
1237424084,17
1237429296,166
1237433527,55
1237436537,12
1237444585,14
1237448423,24
1237461617,11
1237463177,180
1237464523,38
1237465820,280
1237470590,20
1237475996,50
1237500772,11
1237501021,24
1237507452,17
1237514143,12
1237516776,80
1237522343,49
1237524419,567
1237525004,15
1237525965,24
1237527907,14
1237528100,62
1237536657,23
1237548136,16
1237556756,13
1237566150,61
1237567855,33
1237569827,22
1237570742,2426
1237574834,12
1237596235,13
1237604801,18
1237605993,61
1237607224,20
1237610023,24
1237619750,12
1237623600,17
1237625202,163
1237627849,31
1237630202,381
1237639323,241
1237640697,20
1237640922,27
1237643030,16
1237648686,35
1237651000,19
1237652723,14
1237658148,17
1237696009,11
1237699264,17
1237699485,11
1237707289,41
1237717182,10
1237720723,14
1237728861,12
1237729316,11
1237733764,13
1237735665,32
1237749445,35
1237750162,173
1237773425,101
1237781439,16
1237784796,15
1237789963,18
1237809202,363
1237818034,122
1237819660,9038
1237821145,11
1237826064,207
1237833791,12
1237835872,60
1237836502,11
1237839280,18
1237841458,56
1237843760,13
1237845954,15
1237849841,15
1237852816,16
1237856742,26
1237856798,20
1237857534,33
1237858339,55
1237862355,35
1237873111,55
1237876885,23
1237879977,12
1237885983,169
1237886021,41
1237891010,42
1237897310,121
1237898891,30
1237901907,25
1237911785,2533
1237924504,16
1237926298,15
1237930635,33
1237979735,1750
1237988466,13
1237991026,39
1237994338,11
1237999979,28
1238010504,16
1238020455,47
1238042326,15
1238042602,84
1238043239,1554
1238043869,35
1238045437,17
1238047523,882
1238050175,109
1238063840,18
1238071279,69
1238086960,14
1238091730,38
1238096032,461
1238104138,46
1238108965,19
1238120057,10965
1238133044,131
1238139003,31
1238142752,18
1238143049,38
1238157601,29
1238166279,37
1238179349,16
1238187414,17
1238194024,16
1238194631,26
1238203091,11
1238204186,13
1238210020,18
1238212613,29
1238219632,18
1238256194,34
1238264514,38
1238268252,14
1238273556,23
1238275599,22
1238285636,38
1238294428,52
1238294607,107
1238301041,128
1238305550,19
1238314095,31
1238325234,13
1238336148,12
1238339696,11
1238352328,19
1238353357,31
1238359772,11
1238361124,25
1238363307,46
1238364469,43
1238374516,17
1238379684,21
1238384020,19
1238386254,20
1238388797,15
1238392177,29
1238394528,11
1238398366,19
1238402794,113
1238412760,20
1238416752,349
1238420386,18
1238426179,824
1238426791,408
1238434193,371
1238434689,11
1238449822,15
1238453195,22
1238455882,127
1238458554,571
1238460215,36
1238468873,11
1238490261,35
1238496158,182
1238499219,14
1238503477,418
1238505021,27
1238505874,75
1238509745,20
1238514693,13
1238529161,13
1238537858,22
1238542557,13
1238542948,29
1238547139,80
1238552380,13
1238559947,47
1238561908,11
1238571740,26
1238576219,26
1238579838,16
1238580104,11
1238586910,11
1238606716,2546
1238608979,280
1238610334,24
1238611197,22
1238611909,24
1238612611,17
1238634317,16
1238645472,134
1238653384,118
1238669068,55
1238676776,11
1238676972,15
1238677791,31
1238684786,14
1238692464,19
1238707516,11
1238723751,12
1238727325,29
1238731481,25
1238733254,34
1238739631,19
1238742660,20
1238743123,28
1238755764,159
1238758672,325
1238759267,22
1238765688,15
1238775512,598
1238783354,176
1238787403,11
1238808154,18
1238812762,29
1238818691,14
1238830448,97
1238831904,12
1238836672,11
1238850401,11
1238855847,28
1238866442,44
1238872822,137
1238876865,34
1238889388,14
1238894468,14
1238896536,101
1238897954,34
1238911466,15
1238914644,23
1238926475,11
1238930668,15
1238948350,15
1238954573,19
1238954795,16
1238956754,347
1238959575,43
1238968097,41
1238986224,18
1238992253,45
1238993977,19
1238996909,315
1239006019,47
1239011091,28
1239018578,18
1239029437,14
1239032588,13
1239039079,159
1239045423,53
1239056971,13
1239062027,12
1239071762,51
1239077803,19
1239104861,49
1239110217,18
1239115570,35
1239117786,19
1239117832,18
1239119721,1861
1239126926,11
1239135974,30
1239139048,60
1239140279,314
1239151917,21
1239152939,17
1239159840,2011
1239173626,16
1239193196,32
1239197994,31
1239198502,62
1239199313,14
1239200352,32
1239204847,18
1239209837,17
1239210589,211
1239212074,16
1239214607,45
1239216283,44
1239216743,12
1239243690,21
1239251402,11
1239262895,12
1239264029,253
1239273447,11
1239285070,74
1239297672,90
1239309119,11
1239321485,72
1239341513,19
1239351619,103
1239353812,16
1239357956,75
1239359080,16
1239365819,13
1239366397,25
1239373733,18
1239374684,12
1239375488,358
1239375999,11
1239382882,96
1239396861,14
1239398976,15
1239412648,12
1239412733,15
1239414002,15
1239414821,732
1239416779,11
1239427226,19
1239434866,554
1239441299,28
1239447191,59
1239455254,204
1239464173,45
1239469327,33
1239473321,584
1239474789,21
1239489400,36
1239491397,30
1239518697,74
1239522492,578
1239524798,13
1239528524,19
1239532231,30
1239537127,42
1239537612,11
1239544598,17
1239549872,117
1239550442,63
1239557619,50
1239563227,55
1239563655,116
1239567925,16
1239574235,13
1239577913,40
1239579728,18
1239580976,15
1239599225,20
1239600245,29
1239611613,24
1239617900,14
1239618973,43
1239619264,29
1239621046,12
1239622029,13
1239622387,592
1239624733,49
1239644418,13
1239645385,335
1239654352,17
1239660837,11
1239669136,24
1239673198,22
1239676667,136
1239707233,32
1239715093,15
1239716772,13
1239722612,27
1239726217,20
1239728183,56
1239732876,11
1239735146,18
1239735720,13
1239744607,11
1239746319,22
1239749878,11
1239752722,65
1239754392,15
1239757945,26
1239765355,34
1239769034,20
1239774861,201
1239787202,16
1239797781,115
1239797866,14
1239799148,15
1239802726,10
1239806607,27
1239812704,18
1239825801,16
1239826594,19
1239856270,30
1239859061,146
1239864142,678
1239869762,46
1239878087,35
1239878287,169
1239890796,1246
1239894005,39
1239898419,146
1239901771,31
1239906726,23
1239909172,20
1239911524,11
1239918790,2497
1239921355,21
1239923622,59
1239928176,550
1239930788,111
1239940446,96
1239942327,15
1239944495,15
1239949403,22
1239953499,94
1239960519,12
1239961334,25
1239966472,12
1239979370,33
1239982332,12
1239983358,23
1239995275,17
1239996076,5232
1239999657,11
1240003797,35
1240013465,113
1240015023,11
1240019066,12
1240020163,16
1240031323,13
1240045833,23
1240047266,69
1240051005,42
1240052317,31
1240056880,12
1240061827,13
1240062561,152
1240073512,20
1240080694,33
1240083383,18
1240087779,16
1240092403,14
1240111587,185
1240122142,14
1240131152,23
1240132015,17
1240150652,22
1240163211,65
1240163717,19
1240164093,47
1240167455,21
1240183493,38
1240191065,2162
1240192072,12
1240202235,18
1240214550,26
1240224353,14
1240247258,14
1240247529,11
1240249001,11
1240250630,29
1240259223,33
1240272133,59
1240276079,25
1240288571,15
1240299044,11
1240299682,27
1240305839,13
1240308067,122
1240315822,20
1240332026,44
1240333679,16
1240340068,42
1240346607,40
1240346695,120
1240364388,205
1240365600,26
1240374270,35
1240393483,12
1240417420,11
1240419112,27
1240420839,20
1240421258,462
1240437710,12
1240443039,25
1240444875,31
1240448548,11
1240483776,181
1240492421,47
1240498594,11
1240500457,48
1240502884,75
1240515946,13
1240521980,11
1240522440,18
1240537180,90
1240542828,17
1240545670,11
1240545861,31
1240556206,26
1240556566,29
1240560323,57
1240561304,12
1240566648,74
1240567099,16
1240568470,48
1240572887,30
1240579392,13
1240580951,12
1240599492,17
1240601170,45
1240602767,13
1240611559,18
1240644798,19
1240653523,86
1240665936,11
1240667381,13
1240671870,16
1240672860,17
1240682987,13
1240690447,12
1240693623,25
1240698398,227
1240700384,55
1240708362,24
1240713910,52
1240719306,19
1240720849,104
1240724913,19
1240725952,102
1240730830,74
1240732143,131
1240743325,44
1240747229,15
1240755345,13
1240766312,18
1240768914,11
1240771767,38
1240775510,12
1240786277,25
1240793632,11
1240801215,31
1240808459,18
1240820240,11
1240830830,83
1240832183,19
1240844474,32
1240851965,12
1240854296,50
1240856375,19
1240859912,19
1240865540,15
1240868987,36
1240872088,793
1240872126,36
1240894264,11
1240896337,16
1240905795,16
1240919474,39
1240944610,35
1240944626,638
1240948992,20
1240959510,37
1240961226,20
1240963793,13
1240977522,11
1240995825,41
1240996286,329
1241000028,223
1241014702,11
1241017476,37
1241019087,22
1241033447,14
1241040212,13
1241048131,75
1241051113,16
1241054742,50
1241058151,15
1241070039,11
1241074831,20
1241076174,223
1241088351,13
1241096931,23
1241105467,21
1241106368,23
1241132689,37
1241134258,57
1241141239,27
1241146344,56
1241146497,32
1241149979,39
1241152875,889
1241153103,35
1241159711,19
1241169266,15
1241170129,11
1241172117,14
1241176590,13
1241179152,28
1241185532,76
1241208413,34
1241209202,120
1241212925,17
1241215332,27
1241218480,26
1241234879,181
1241246291,13
1241257629,5919
1241258726,197
1241271550,58
1241273478,503
1241275896,53
1241277287,32
1241277589,84
1241279320,15
1241281880,12
1241283238,22
1241295791,22
1241298903,45
1241300226,13
1241309851,11
1241319334,16
1241329902,33
1241335289,20
1241335398,11
1241336268,29
1241338288,38
1241348820,37
1241350460,15
1241353600,16
1241358748,12
1241360951,39
1241362619,2241
1241367216,12
1241368039,21
1241383026,11
1241389997,17
1241397530,14
1241407718,22
1241411485,27
1241412718,81
1241414489,15
1241415025,46
1241420026,22
1241425259,1806
1241430916,126
1241439801,30
1241450690,20
1241453878,23
1241459204,11
1241459358,14
1241469718,16
1241477012,13
1241487212,16
1241488294,12
1241489968,32
1241494140,30
1241500194,96
1241503505,11
1241511155,147
1241515224,338
1241519294,30
1241526989,20
1241535855,11
1241537755,483
1241538479,183
1241539231,97
1241541907,74
1241552156,25
1241553266,11
1241586348,15
1241587887,46
1241588340,25
1241612240,61
1241612644,50
1241613478,141
1241621727,78
1241631637,12
1241633491,17
1241640889,13
1241641410,20
1241644778,12
1241647818,71
1241648746,35
1241650947,27
1241653775,20
1241653839,151
1241657568,22
1241657981,11
1241661785,12
1241665017,15
1241665534,30
1241679569,36
1241704120,19
1241705990,66
1241706792,138
1241709623,105
1241723280,13
1241738234,87
1241742205,33
1241743752,232
1241747058,40
1241749352,36
1241750341,60
1241752946,34
1241761359,31
1241767972,19
1241775611,75
1241778703,52
1241803876,95
1241816625,64
1241825365,25
1241825396,300
1241828177,13
1241837533,29
1241845242,117
1241863775,26
1241878578,13
1241879839,13
1241886270,19
1241889596,16
1241889601,42
1241891788,25
1241894863,31
1241896683,13
1241916676,28
1241954827,32
1241955479,28
1241958508,41
1241959906,299
1241960226,14323
1241963187,59
1241965602,18
1241974928,13
1241975714,13
1241976480,23
1241977188,15
1241979160,84
1241979723,14
1241987162,796
1241990307,68
1241990700,1745
1241994412,37
1242010545,15
1242013932,5
1242027459,119
1242030289,29
1242030344,29
1242034359,52
1242041584,62
1242043952,17
1242047436,82
1242060029,74
1242065628,13
1242070147,14
1242072896,23
1242077970,32
1242077982,98
1242094165,166
1242098463,22
1242099375,13
1242100472,49
1242107382,1998
1242108349,68
1242121583,17
1242128023,32
1242143475,15
1242169673,41
1242170957,16
1242175465,14
1242179708,17
1242180484,108
1242192661,15
1242196870,15
1242203650,164
1242206624,60
1242211335,28
1242230402,28
1242238680,28
1242243557,11
1242244665,15
1242249898,33
1242252209,27
1242268113,44
1242272716,57
1242283903,17
1242288930,18
1242293609,67
1242306495,20
1242306767,302
1242316635,1523
1242320277,11
1242321286,42
1242326448,21
1242339840,44
1242350957,37
1242354790,1622
1242356298,48
1242392922,278
1242402978,163
1242415623,195
1242428415,78
1242432807,11
1242441763,25
1242442927,42
1242442956,18
1242450764,30
1242451241,15
1242472887,15
1242497817,30
1242503983,11
1242517249,56
1242520249,23
1242522317,12
1242534846,12
1242536991,22
1242538725,11
1242552865,14
1242559266,15
1242562576,19
1242565101,11
1242568050,53
1242571544,34
1242572220,11
1242576422,11
1242579794,73
1242581027,38
1242582611,36
1242582771,20
1242591913,15
1242623011,13
1242627057,42
1242637912,14
1242643262,11
1242649859,14
1242665944,19
1242670883,14
1242672160,151
1242679355,1387
1242697027,142
1242705930,19
1242712290,84
1242719319,943
1242750846,11
1242760522,23
1242766913,76
1242787253,230
1242790955,28
1242805637,16
1242808266,11
1242815807,17
1242836028,18
1242847410,78
1242849406,49
1242854746,37
1242858742,42
1242867671,785
1242881254,19
1242885972,13
1242896502,263
1242899551,144
1242899915,48
1242903900,22
1242911893,22
1242916194,13
1242924666,109
1242933539,19
1242956191,12
1242967652,4006
1242974687,30
1242994017,19
1242995930,20
1243001514,15
1243006338,187
1243011353,1544
1243017690,471
1243019455,14
1243020749,120
1243027110,83
1243027635,56
1243027695,18
1243029025,16
1243033047,116
1243037216,12
1243043047,17
1243057319,27
1243060739,18
1243065333,11
1243068376,21
1243068991,23
1243071828,19
1243072224,41
1243090173,15
1243095143,14
1243099463,13
1243100020,109
1243106323,289
1243107271,34
1243109314,11
1243110119,13
1243136561,51
1243146433,222
1243160351,118
1243160855,38
1243164484,69
1243166788,14
1243166945,217
1243176585,326
1243179697,94
1243183766,23
1243199454,30
1243200853,98
1243210367,49
1243217842,17
1243238668,77
1243240174,13
1243242946,45
1243244774,42
1243247507,135
1243249411,18
1243256378,55
1243266259,11
1243270101,14
1243276849,18
1243277861,141
1243279769,11
1243282472,11
1243285960,13
1243296441,149
1243301217,14
1243308022,18
1243316506,14
1243317327,33
1243318039,17
1243319764,11
1243320653,14
1243335820,86
1243337208,11
1243337973,11
1243338375,16
1243339945,14
1243343514,37
1243348295,19
1243353641,84
1243354073,74
1243355836,16
1243364905,206
1243365944,326
1243369427,12
1243370296,23
1243370935,35
1243373853,138
1243384906,20
1243386295,11
1243386953,25
1243393451,53
1243394372,18
1243397963,532
1243401750,57
1243403565,24
1243403791,33
1243407684,17
1243414163,14
1243414364,13
1243432393,11
1243435460,32
1243440891,23
1243456460,24
1243462118,21
1243465661,19
1243470443,11
1243474783,15
1243475954,12
1243480043,25
1243486736,41
1243490323,84
1243499752,99
1243510961,12
1243520031,111
1243536512,101
1243546453,11
1243567693,14
1243589705,25
1243592929,15
1243601229,31
1243601998,21
1243607387,16
1243614106,18
1243618131,611
1243619611,52
1243631224,31
1243632421,12
1243632643,13
1243645314,108
1243646445,14
1243647266,41
1243649535,11
1243660478,16
1243674199,60
1243680833,27
1243704133,17
1243710888,24
1243732556,436
1243739072,405
1243754671,20
1243754968,35
1243761147,13
1243762255,43
1243765551,14
1243765775,45
1243773718,16
1243780058,12
1243795091,34
1243799385,24
1243802511,18
1243808884,54
1243841282,70
1243842380,13
1243843387,113
1243859110,13
1243859417,30
1243860196,42
1243861636,20
1243868004,12
1243878128,46
1243904405,58
1243925666,12
1243928497,41
1243928867,25
1243929420,17
1243945729,13
1243947630,153
1243951513,22
1243954362,71
1243961683,29
1243962929,67
1243963093,197
1243975263,12
1243975449,35
1243978384,61
1243979429,45
1243998884,13
1244000773,15
1244001574,16
1244028703,28
1244036548,11
1244037728,13
1244040752,113
1244045010,26
1244047930,22
1244050587,157
1244051960,27
1244071529,2859
1244073371,32
1244074262,42
1244074490,21
1244074619,13
1244076766,12
1244108994,610
1244116421,16
1244130987,16
1244140869,28
1244142296,48
1244151525,16
1244155308,38
1244155727,88
1244157761,32
1244162403,996
1244168174,37
1244174738,12
1244176206,11
1244178999,17
1244184293,13
1244185155,469
1244194276,31
1244194507,24
1244197679,28
1244200187,11
1244213970,37
1244216551,38
1244217665,18
1244226944,22
1244232710,52
1244238140,16
1244238936,32
1244255120,17
1244255768,11
1244264446,58
1244264505,94
1244277268,15
1244278623,11
1244290601,94
1244295316,20
1244296820,561
1244307392,43
1244307848,18
1244322645,45
1244323702,225
1244325213,12
1244328171,21
1244344645,14
1244346431,22
1244361533,12
1244364968,16
1244370426,14
1244375757,48
1244375832,73
1244377054,23
1244385712,21
1244386148,15
1244391930,13
1244391958,128
1244414971,11
1244425600,15
1244431440,219
1244443711,12
1244459047,22
1244462189,12
1244468619,268
1244473756,34
1244476160,27
1244476739,13
1244482736,11
1244488619,17
1244490397,84
1244493472,1387
1244500483,96
1244530113,17
1244534097,17
1244539716,48
1244541606,19
1244557522,173
1244564263,170
1244565986,252
1244570126,35
1244582483,81
1244593267,40
1244595001,16
1244596735,19
1244598092,19
1244599833,25
1244611777,15
1244615729,25
1244621946,55
1244626627,57
1244638297,11
1244644510,14
1244645507,58
1244664340,66
1244667663,58
1244673218,95
1244688614,29
1244691031,11
1244693229,14
1244693986,26
1244713152,17
1244716271,29
1244742159,11
1244747615,109
1244747754,12
1244750915,67
1244755919,15
1244762126,30
1244770399,19
1244774008,133
1244780636,13
1244782513,121
1244784820,17
1244799378,7
1244801631,28
1244804202,25
1244813010,18
1244814127,187
1244828190,29
1244838109,95
1244848150,51
1244858848,23
1244862129,13
1244872344,68
1244886395,13
1244896384,16
1244926035,100
1244934024,20
1244939861,16
1244948549,61
1244959261,551
1244959516,11
1244959985,17
1244960155,103
1244989350,159
1245004908,33
1245010764,83
1245029777,24
1245035344,14
1245035377,17
1245041174,15
1245043545,54
1245045417,11
1245048633,18
1245051336,11
1245059090,11
1245060355,15
1245061401,30
1245064892,360
1245076219,65
1245097257,23
1245100586,26
1245101224,24
1245104473,97
1245106598,318
1245108765,13
1245113203,15
1245132749,122
1245188885,11
1245192508,13
1245195081,24
1245220559,16
1245220578,12
1245221146,19
1245222189,13
1245223443,16
1245224749,16
1245225769,29
1245227535,114
1245234058,77
1245241908,71
1245243860,41
1245256564,1217
1245258929,13
1245268506,613
1245272377,105
1245274067,21
1245278599,19
1245282108,139
1245290072,54
1245294728,17
1245296273,60
1245308002,34
1245310595,17
1245318030,32
1245319446,735
1245321544,40
1245322596,21
1245325857,55
1245327065,108
1245329241,373
1245331393,11
1245333424,421
1245333938,257
1245344317,20
1245347848,51
1245350611,22
1245355875,30
1245356181,18
1245356640,103
1245356661,62
1245359581,36
1245365519,38
1245369970,21
1245371971,17
1245380838,12
1245391661,30
1245396820,12
1245405409,20
1245412168,96
1245419404,14
1245427200,21
1245427909,61
1245429611,94
1245439294,15
1245439775,11
1245440202,19
1245444273,58
1245451069,13
1245452305,1744
1245458564,177
1245458706,81
1245461700,136
1245465729,2823
1245470955,182
1245476031,1090
1245491192,24
1245509597,15
1245510473,28
1245510932,97
1245511686,12
1245518138,31
1245539123,98
1245540410,156
1245545312,25
1245546693,29
1245549227,150
1245556773,12
1245558372,101
1245561762,472
1245563309,120
1245585947,11
1245591132,116
1245593541,14
1245595783,11
1245617878,38
1245621552,89
1245623286,22
1245633673,13
1245644492,81
1245653552,12
1245664409,11
1245681818,73
1245692484,19
1245695183,111
1245699721,5486
1245699982,22
1245720902,74
1245723733,11
1245725287,13
1245730899,31
1245733063,709
1245738786,36
1245740241,20
1245743299,11
1245746212,11
1245748325,13
1245760328,139
1245771671,28
1245775155,11
1245790592,100
1245797515,136
1245813675,13
1245816682,11
1245820850,72
1245834824,19
1245838621,87
1245849114,33
1245862251,64
1245865164,12
1245871125,17
1245881246,12
1245893489,15
1245894065,15
1245901041,443
1245903975,19
1245921621,347
1245923485,13
1245925715,18
1245927552,31
1245944434,13
1245952606,1626
1245955470,15
1245957017,26
1245959143,83
1245970168,18
1245970899,60
1245998874,14
1246000378,27
1246047187,11
1246073739,24
1246090648,11
1246093394,19
1246132462,14
1246148135,1255
1246196526,35
1246198169,164
1246201104,18
1246205050,17
1246211773,617
1246220668,24
1246224744,31
1246227084,103
1246228717,36
1246229181,20
1246236720,82
1246238195,17
1246243218,104
1246244431,38
1246250743,21
1246251770,56
1246265860,95
1246270079,19
1246273057,247
1246273154,25
1246274264,28
1246276297,191
1246276785,161
1246279685,30
1246280246,15
1246292527,15
1246292540,22
1246304557,16
1246322535,11
1246326252,27
1246326761,150
1246330857,149
1246332472,27
1246337897,12
1246346594,639
1246360316,14
1246389313,13
1246399437,3895
1246402525,123
1246410678,29
1246435403,12
1246440630,1044
1246441409,27
1246442875,70
1246459259,5282
1246471409,15
1246482134,22
1246482207,57
1246483895,177
1246500556,94
1246504454,13
1246510003,12
1246513769,23
1246515824,58
1246515971,12
1246519476,11
1246521575,149
1246529893,13
1246532319,192
1246534911,1551
1246536953,11
1246538174,48
1246539049,14
1246542567,85
1246549494,16
1246561851,17
1246567508,21
1246570817,37
1246574857,16
1246574873,127
1246577741,22
1246582123,39
1246590578,12
1246596878,19
1246600517,962
1246600961,44
1246600993,27
1246602771,27
1246622880,16
1246625636,7258
1246629463,27
1246631932,32
1246638907,37
1246642453,39
1246644567,13
1246646082,17
1246664009,20
1246681024,16
1246687346,12
1246690056,42
1246695181,19
1246709259,35
1246711970,158
1246715834,14
1246717058,14
1246719459,32
1246721062,496
1246722622,1015
1246742103,15
1246745196,19
1246745654,15
1246749616,227
1246751432,15
1246751434,95
1246759937,45
1246767321,16
1246771179,16
1246779788,60
1246782280,46
1246786755,76
1246790422,52
1246795720,113
1246797254,14
1246802646,30
1246803083,47
1246804487,13
1246812750,55
1246814545,11
1246814836,18
1246817571,15
1246843657,19
1246849817,24
1246854395,20
1246857494,28
1246866879,20
1246880217,12
1246887188,43
1246895855,31
1246904632,123
1246905604,91
1246911708,53
1246914307,17
1246924426,13
1246924457,11
1246959565,41
1246959727,40
1246967830,13
1246980923,33
1246989049,29
1246992941,15
1246994155,45
1247000985,13
1247014730,83
1247024515,13
1247024804,125
1247033084,96
1247044553,11
1247045448,26
1247051636,21
1247052265,52
1247062549,41
1247077303,16
1247077505,25
1247086450,16
1247093576,18
1247095976,285
1247100158,23
1247106374,10
1247115218,79
1247115666,58
1247117944,27
1247122194,20
1247124796,13
1247134453,32
1247142210,20
1247149707,116
1247171934,15
1247181447,41
1247188228,37
1247190710,90
1247191183,15
1247195606,29
1247195686,15
1247212350,23
1247217251,82
1247225040,14
1247231088,57
1247236424,494
1247242073,229
1247256403,10
1247256864,305
1247257056,64
1247257077,17
1247257153,11
1247265455,26
1247276507,11
1247281221,37
1247286539,27
1247288896,165
1247289840,28
1247290145,28
1247291997,22
1247292043,45
1247294715,156
1247301782,43
1247302502,97
1247303587,11
1247310533,31
1247314588,100
1247316645,34
1247317288,54
1247321833,313
1247351481,17
1247356796,23
1247365040,60
1247371684,66
1247376153,19
1247376695,108
1247380137,33
1247384825,21
1247388276,47
1247401217,38
1247414152,132
1247418292,32
1247419504,21
1247424466,13
1247433544,82
1247436411,63
1247458577,16
1247458623,23
1247459187,35
1247461066,27
1247469826,179
1247477036,20
1247482929,67
1247489291,46
1247495357,20
1247508851,12
1247509569,21
1247515668,21
1247529759,18
1247546991,154
1247561558,13
1247566922,32
1247581321,60
1247581975,31
1247591069,15
1247591822,24
1247599728,30
1247600704,14
1247602219,30
1247604974,11
1247605879,26
1247605980,53
1247609335,21
1247612350,208
1247622731,148
1247623206,23
1247628069,14
1247630704,48
1247641253,17
1247649672,17
1247649837,16
1247666824,27
1247670071,25
1247671245,111
1247672857,26
1247682155,11
1247682989,21
1247694581,11
1247699938,12
1247702973,121
1247709872,24
1247712689,40
1247712904,23
1247720302,53
1247743070,11
1247743352,138
1247745092,17
1247746103,14
1247746872,11
1247748424,41
1247756899,19
1247777740,19
1247782800,26
1247786593,272
1247799878,18
1247808514,138
1247813845,13
1247826283,11
1247833825,64
1247842541,21
1247845398,17
1247850465,20
1247866311,15
1247897962,11
1247916961,232
1247926868,21
1247938040,100
1247939001,60
1247944288,418
1247953558,68
1247955571,15
1247959177,13
1247960650,66
1247966640,57
1247969231,35
1247972630,32
1247980837,16
1247981517,84
1248011103,1455
1248031872,77
1248032650,23
1248034647,202
1248040531,11
1248040866,16
1248041623,54
1248045931,18
1248050597,16
1248051050,13
1248054102,66
1248055238,289
1248058147,14
1248064498,11
1248066032,13
1248067744,12
1248072541,23
1248078952,68
1248087013,55
1248096254,32
1248105780,45
1248111614,24
1248111899,19
1248123371,91
1248124718,20
1248128332,12
1248129522,13
1248141334,119
1248143320,15
1248150453,16
1248150739,19
1248151636,11
1248155542,20
1248163123,12
1248164821,23
1248165430,18
1248175705,77
1248181720,28
1248182767,21
1248183848,41
1248186446,83
1248199024,32
1248204690,368
1248211654,17
1248213776,59
1248216427,428
1248219709,42
1248221644,40
1248231202,11
1248238380,642
1248243804,21
1248248786,25
1248253333,18
1248255775,21
1248257257,109
1248257430,64
1248264334,25
1248267320,340
1248296770,18
1248302385,24
1248302524,27
1248303277,51
1248305485,65
1248309376,13
1248310439,13
1248315096,330
1248323006,181
1248332641,13
1248333420,32
1248334419,23
1248336086,21
1248340154,20
1248344067,15
1248346724,111
1248348085,15
1248348624,16
1248352148,23
1248354167,24
1248357950,16
1248358923,27
1248359368,25
1248368290,20
1248369746,21
1248373426,61
1248374766,131
1248378025,127
1248384170,32
1248385157,26
1248395430,33
1248396295,29
1248401048,50
1248401658,30
1248403597,60
1248412629,33
1248413615,12
1248414214,21
1248435337,12
1248441930,23
1248442200,45
1248442484,13
1248453360,32
1248453777,33
1248461566,16
1248469137,22
1248474674,54
1248482197,266
1248483021,28
1248489557,66
1248493288,45
1248502601,11
1248509220,14
1248510758,11
1248512702,16
1248516993,143
1248517174,18
1248517528,44
1248528424,35
1248534579,32
1248538120,17
1248559884,12
1248573158,14
1248575408,14
1248579736,47
1248581414,11
1248586873,51
1248587890,12
1248591409,19
1248591897,53
1248597849,18
1248615838,33
1248618409,278
1248620768,179
1248620921,24
1248625781,19
1248628771,24
1248636112,193
1248659915,178
1248670681,50
1248670774,20
1248679982,38
1248685391,617
1248715157,15
1248719717,14
1248726560,28
1248731923,37
1248735456,24
1248735737,47
1248742343,468
1248745413,98
1248747220,648
1248749020,16
1248758524,166
1248761307,635
1248761484,15
1248763048,292
1248766276,45
1248769876,11
1248772557,11
1248774202,155
1248782150,34
1248789121,255
1248793375,14
1248794761,22
1248795924,168
1248796295,21
1248803716,28
1248827715,14
1248836706,16
1248861358,52
1248871857,14
1248872128,44
1248873301,58
1248874742,66
1248874749,64
1248880965,15
1248882195,17
1248883464,22
1248889884,105
1248896213,15
1248897354,23
1248897838,40
1248898453,11
1248898722,17
1248898972,33
1248908185,12
1248915354,22
1248917960,25
1248924479,550
1248925933,15
1248926022,48
1248930600,19
1248931805,25
1248932206,12
1248933347,52
1248941614,32
1248943562,26
1248949848,12
1248950091,22
1248951081,23
1248951507,20
1248952892,11
1248955957,2974
1248958654,55
1248962830,14
1248981027,116
1248981662,80
1248983894,11
1248984067,44
1248986738,15
1248994114,26
1249006271,30
1249013020,16
1249014031,55
1249015197,28
1249015425,14
1249024111,57
1249040497,37
1249047809,109
1249051947,14
1249052052,11
1249052875,13
1249062173,11
1249068419,14
1249094239,85
1249095115,104
1249111989,26
1249123734,109
1249131332,13
1249136784,21
1249158906,14
1249162928,454
1249175775,15
1249178065,19
1249180847,96
1249181353,25
1249182330,22
1249187944,95
1249189589,73
1249202199,20
1249203338,133
1249207787,13
1249209643,254
1249213103,31
1249224062,109
1249225398,24
1249245754,430
1249258514,284
1249261520,1430
1249271148,31
1249276248,14
1249284066,16
1249287005,35
1249290620,35
1249293657,23
1249296723,12
1249300381,94
1249303001,12
1249305626,13
1249315245,25
1249317289,32
1249325080,16
1249332416,42
1249337353,12
1249344928,13
1249345325,24
1249346259,11
1249357615,20
1249360394,10
1249363406,33
1249369480,70
1249380837,17
1249382417,11
1249386263,29
1249386299,30
1249406215,13
1249408490,30
1249409445,40
1249410188,15
1249421739,29
1249422921,59
1249430762,11
1249432822,10
1249454751,12
1249458219,23
1249462231,81
1249462611,93
1249466568,13
1249467039,25
1249488202,16
1249509510,11
1249517670,36
1249519439,22
1249521361,16
1249530651,12
1249530755,24
1249534702,94
1249535239,103
1249548355,33
1249549064,12
1249550191,420
1249550690,47
1249557108,14
1249572987,16
1249573380,13
1249578225,16
1249582990,56
1249619405,23
1249658123,68
1249659243,39
1249662979,17
1249663397,13
1249669193,18
1249681283,16
1249695433,14
1249708194,44
1249709179,75
1249723308,54
1249730633,48
1249731486,36
1249738003,127
1249740810,21
1249766977,17
1249774057,299
1249779388,17
1249784811,19
1249785717,24
1249792018,30
1249808300,17
1249808474,15
1249808814,107
1249809218,11
1249813229,78
1249826669,13
1249826776,12
1249847701,62
1249847920,118
1249849319,45
1249853652,25
1249855865,221
1249868091,14
1249880434,15
1249881776,16
1249887741,36
1249888354,161
1249892130,11
1249893354,20
1249895223,41
1249907578,47
1249908102,13
1249913179,125
1249913251,26
1249915620,12
1249922033,542
1249923101,18
1249942687,36
1249944634,18
1249951168,26
1249978957,18
1249980876,92
1249982319,21
1249983772,200
1249990320,917
1250009810,11
1250020003,12
1250040582,70
1250045863,14
1250050869,171
1250051977,11
1250060426,21
1250065590,36
1250068182,54
1250070490,28
1250072702,12
1250081513,25
1250083495,30
1250085833,15
1250093949,11
1250109958,14
1250122277,32
1250126240,97
1250129192,20
1250134799,14
1250142065,16
1250146825,12
1250157861,12
1250164325,11
1250182657,22
1250204816,24
1250216343,14
1250224428,29
1250229427,19
1250233265,19
1250243010,24
1250244785,19
1250245397,20
1250255823,43
1250257487,43
1250258692,334
1250259248,48
1250265557,18
1250280866,154
1250289468,23
1250295793,45
1250296394,12
1250296864,319
1250301953,74
1250301976,67
1250314473,18
1250315476,23
1250320740,13
1250326588,15
1250328232,75
1250332636,90
1250335928,12
1250336324,13
1250337793,12
1250346244,18
1250360389,53
1250367999,20
1250371224,27
1250377526,11
1250391425,11
1250394838,131
1250404733,25
1250417836,16
1250420602,31
1250439637,57
1250445362,11
1250446965,16
1250459937,35
1250486012,11
1250493755,126
1250504922,19
1250508847,73
1250512479,15
1250528328,22
1250540901,16
1250541123,14
1250553890,12
1250556989,12
1250561399,12
1250568649,36
1250569639,132
1250575980,1076
1250595753,13
1250626860,101
1250634182,63
1250651738,122
1250651755,99
1250658155,13
1250663311,16
1250666404,13
1250673270,70
1250677506,57
1250678702,55
1250680727,57
1250681945,21
1250696677,40
1250706260,45
1250709578,23
1250713849,15
1250741226,36
1250756907,11
1250763371,117
1250763414,169
1250771627,16
1250800380,11
1250806008,75
1250815023,17
1250818845,1780
1250822765,4192
1250824950,107
1250830715,58
1250834429,108
1250835189,102
1250836794,45
1250837740,52
1250837806,14
1250842815,24
1250860168,729
1250863480,11
1250876768,12
1250878990,20
1250889003,19
1250895580,50
1250907050,13
1250911372,364
1250918358,56
1250918529,31
1250931415,17
1250950417,17
1250958854,15
1250977830,25
1250978302,127
1250978888,27
1250981471,25
1250989577,53
1250997037,13
1250998045,24
1251005638,47
1251007586,64
1251009262,15
1251011584,13
1251011879,25
1251012724,34
1251014582,20
1251020438,11
1251020516,11
1251020986,36
1251023065,16
1251023178,14
1251024234,11
1251026554,13
1251032065,52
1251045093,16
1251057798,616
1251066255,85
1251067168,11
1251068284,29
1251069607,20
1251072363,18
1251077755,55
1251078984,15
1251085918,14
1251086916,1052
1251097472,26
1251097626,40
1251103176,16
1251118569,17
1251118601,27
1251122133,283
1251123266,87
1251124565,22
1251127841,94
1251130670,50
1251139326,17
1251139884,37
1251140252,11
1251150120,38
1251156448,29
1251159224,13
1251160046,31
1251169801,66
1251180462,40
1251182451,13
1251186402,2803
1251196102,12
1251213060,39
1251216667,736
1251226689,56
1251240323,20
1251241656,140
1251246810,123
1251254800,11
1251258620,15
1251260343,16
1251263546,5592
1251265302,11
1251266007,14
1251273528,18
1251278834,18
1251280424,81
1251282803,16
1251283920,13
1251285811,28
1251301903,876
1251303564,12
1251313363,12
1251313933,38
1251314041,80
1251314288,25
1251323039,12
1251343430,11
1251352160,32
1251359454,18
1251360469,149
1251368164,102
1251377810,22
1251382271,292
1251382609,23
1251385826,16
1251387822,14
1251398714,16
1251401451,20
1251409505,11
1251421003,23
1251445838,154
1251447656,11
1251450386,444
1251456931,17
1251460378,913
1251460904,18
1251465520,22
1251466224,12
1251467172,28
1251482232,49
1251491910,38
1251497181,13
1251498553,20
1251498620,73
1251504299,19
1251505949,24
1251508685,49
1251523074,46
1251532445,22
1251542434,11
1251547021,14
1251547207,15
1251552989,29
1251558498,21
1251570670,53
1251580441,22
1251583175,84
1251599962,18
1251604333,630
1251624865,24
1251648836,213
1251663029,17
1251670765,13
1251700076,15
1251721871,18
1251723283,34
1251724698,21
1251731366,46
1251734577,300
1251734584,38
1251739081,17
1251756708,17
1251759892,18
1251760410,11
1251772458,69
1251775321,17
1251775733,8608
1251778861,22
1251802067,172
1251802724,12
1251803584,12
1251813045,83
1251827172,13
1251829083,16
1251829476,13
1251845453,11
1251848854,32
1251849393,32
1251849873,17
1251875798,280
1251875808,15
1251884605,99
1251885652,47
1251890389,15
1251897393,783
1251903045,33
1251908803,109
1251910639,21
1251914525,65
1251915392,16
1251922807,216
1251925434,21
1251927617,29
1251929985,58
1251930408,13
1251934611,57
1251942561,48
1251952412,67
1251952732,16
1251953699,15
1251959042,11
1251971351,19
1251972814,204
1251976028,128
1251980172,60
1252004011,25
1252004709,18
1252008320,56
1252018507,45
1252021413,16
1252023224,26
1252031757,13
1252036272,20
1252038744,18
1252041604,34
1252061412,51
1252069793,13
1252078364,66
1252079931,11
1252091728,15
1252093552,81
1252094313,134
1252102710,28
1252117557,364
1252124728,83
1252126809,11
1252127170,23
1252128435,95
1252128712,16
1252129353,16
1252134250,38
1252140935,11
1252147339,295
1252153392,42
1252154132,55
1252163022,18
1252166840,139
1252169477,22
1252174335,250
1252175636,12
1252190566,14
1252192009,24
1252193482,72
1252196939,17
1252197860,21
1252198341,891
1252200141,25
1252203843,11
1252217827,78
1252218467,30
1252218508,44
1252237951,19
1252244572,53
1252248426,33
1252252549,201
1252254864,11
1252258448,909
1252263438,13
1252270191,22
1252273912,39
1252276246,72
1252294823,443
1252298988,13
1252302865,34
1252323344,25
1252329745,14
1252335022,11
1252338417,440
1252344029,11
1252346445,14
1252347222,25
1252349871,18
1252351219,31
1252352256,295
1252353845,20
1252355400,13
1252356934,434
1252369220,23
1252388266,13
1252390722,14
1252416155,119
1252416972,31
1252426483,14
1252427005,65
1252427337,24
1252430502,12
1252432466,1177
1252440552,12
1252450076,48
1252453520,45
1252460350,114
1252480275,13
1252489123,34
1252489441,14
1252504178,48
1252509592,25
1252514339,14
1252529804,108
1252531427,16
1252551939,24
1252565065,100
1252591763,23
1252604518,70
1252614765,20
1252618883,27
1252640395,62
1252663001,37
1252665712,44
1252678407,12
1252683525,149
1252706328,11
1252708837,20
1252709482,95
1252720351,12
1252742425,14
1252753056,47
1252762674,13
1252767968,63
1252769293,13
1252769537,49
1252770030,78
1252773170,92
1252781693,83
1252783246,22
1252786173,11
1252794477,16
1252795971,15
1252796495,20
1252800918,467
1252806653,45
1252812411,13
1252814323,270
1252818966,23
1252834518,326
1252837596,40
1252849584,342
1252855223,14
1252855897,37
1252864153,11
1252865556,150
1252872258,16
1252873338,12
1252906447,186
1252912673,21
1252914174,1109
1252928482,20
1252928995,119
1252936604,20
1252944075,126
1252945188,12
1252952191,12
1252952405,15
1252953230,11
1252954588,49
1252959382,14
1252977352,11
1253003051,16
1253018855,17
1253028636,68
1253029370,18
1253030135,38
1253030239,18
1253035764,13
1253043798,50
1253048130,294
1253053983,32
1253058314,12
1253060190,11
1253073679,82
1253076510,22
1253087813,47
1253093667,19
1253094078,23
1253095831,12
1253105062,17
1253106462,18
1253109536,14
1253136404,104
1253138201,7323
1253140411,11
1253142931,42
1253154385,11
1253161184,22
1253161550,54
1253172163,97
1253173624,13
1253176060,12
1253177447,11
1253180911,31
1253183580,12
1253187784,444
1253188133,41
1253188625,24
1253189731,53
1253190467,245
1253192251,28
1253193912,37
1253196108,21
1253198907,43
1253202484,11
1253209585,14
1253215229,21
1253226365,18
1253229117,75
1253229410,50
1253236308,780
1253246843,116
1253255514,14
1253258627,14
1253263152,11
1253263363,14
1253274530,63
1253276414,11
1253277329,44
1253282479,12
1253289046,19
1253291046,18
1253298475,36
1253298895,12
1253310633,23
1253315866,31
1253321907,13
1253325096,33
1253333823,14
1253338425,40
1253345584,14
1253355909,21
1253360155,12
1253367871,36
1253380025,22
1253383646,28
1253395625,22
1253396714,62
1253399623,13
1253402092,40
1253408150,16
1253408695,14
1253416463,59
1253425173,130
1253434460,23
1253437477,15
1253447693,13
1253468349,21
1253472297,19
1253475617,60
1253502725,12
1253504490,45
1253525979,510
1253541782,30
1253557571,16
1253581456,33
1253582840,12
1253588145,34
1253595420,19
1253615096,16
1253656413,28
1253671303,42
1253675841,25
1253679657,38
1253681844,15
1253690069,11
1253701314,54
1253701802,28
1253702844,232
1253707218,30
1253720103,17
1253729367,33
1253736519,24
1253742875,35
1253751761,28
1253754548,14
1253767152,99
1253777615,16
1253811539,20
1253818087,384
1253828973,14
1253838600,42
1253848583,24
1253848998,43
1253854641,129
1253861590,35
1253884201,25
1253885183,12
1253890132,26
1253895982,19
1253897951,65
1253903395,32
1253909831,25
1253910734,108
1253910903,14
1253911241,21
1253944538,13
1253949245,12
1253958043,86
1253958991,13
1253960983,54
1253965584,25
1253977740,237
1253986450,45
1253990739,13
1253998361,15
1253999202,32
1254012505,20
1254014703,15
1254015381,13
1254016797,37
1254019661,19
1254019975,29
1254024450,11
1254030784,12
1254034581,22
1254042671,137
1254048353,62
1254056681,25
1254057572,11
1254070081,16
1254079730,17
1254079995,12
1254084097,126
1254084271,89
1254098980,38
1254102663,1144
1254109005,43
1254114247,26
1254116142,30
1254116963,11
1254121526,16
1254133915,198
1254138541,50
1254144254,21
1254147730,93
1254160123,32
1254169763,52
1254172144,268
1254181310,15
1254184429,14
1254189492,32
1254212219,13
1254225062,408
1254227775,11
1254236422,23
1254236704,11
1254241414,36
1254252644,344
1254260949,29
1254262014,18
1254264635,46
1254275749,18
1254297242,55
1254301562,20
1254302588,66
1254314982,15
1254319847,13
1254330320,23
1254332563,41
1254334425,320
1254339935,32
1254363469,13
1254364909,12
1254373926,22
1254381594,22
1254384645,24
1254385987,33
1254392393,12
1254399477,12
1254406160,67
1254411461,11
1254412545,12
1254416519,26
1254422214,46
1254431824,21
1254437167,33
1254441434,216
1254442158,19
1254446563,13
1254447437,12
1254452192,11
1254452787,30
1254464469,22
1254468871,123
1254470906,11
1254484582,11
1254485070,104
1254488786,294
1254493862,12
1254494310,11
1254494406,114
1254496741,120
1254511581,50
1254513990,19
1254520394,14
1254524549,16
1254526494,51
1254527180,17
1254542861,53
1254550137,16
1254551153,12
1254554862,319
1254564615,40
1254568308,15
1254581518,13
1254582918,414
1254583584,12
1254587174,13
1254611266,34
1254612542,60
1254621308,13
1254632152,12
1254639681,12
1254654777,14
1254670042,21
1254677146,49
1254677395,26
1254686143,14
1254689754,24
1254694129,35
1254695322,29
1254698689,11
1254705293,15
1254709505,22
1254709542,92
1254709546,91
1254723344,23
1254738596,121
1254747633,70
1254749434,671
1254762496,40
1254770962,93
1254781717,12
1254791906,16
1254796141,35
1254796279,22
1254797756,15
1254806672,11
1254821193,100
1254821263,12
1254821702,18
1254833122,15
1254835140,12
1254842655,14
1254852838,42
1254853575,62
1254855346,21
1254859692,35
1254862084,254
1254864393,35
1254883422,82
1254883580,11
1254883786,15
1254889363,487
1254897550,24
1254902423,37
1254907261,14
1254909527,303
1254916915,23
1254921178,65
1254922746,14
1254925678,17
1254927411,35
1254930923,44
1254933451,54
1254936535,67
1254942874,11
1254957788,26
1254958761,17
1254962360,21
1254968049,11
1254976532,15
1254978612,1092
1254979680,40
1254980620,12
1254981976,27
1254982293,27
1254988625,16
1254989944,23
1254994604,11
1254999058,71
1255000879,19
1255012792,19
1255014875,289
1255018965,205
1255019438,96
1255030433,62
1255035312,104
1255036494,17
1255040895,29
1255048873,13
1255052395,19
1255053392,98
1255058993,40
1255066757,65
1255069527,1048
1255069809,27
1255083276,13
1255084016,158
1255096810,20
1255103576,30
1255106581,14
1255110293,21
1255112026,35
1255112574,38
1255122629,371
1255122754,96
1255125268,30
1255126889,12
1255127941,27
1255138122,110
1255140163,21
1255141143,28
1255148136,45
1255156283,65
1255156294,13
1255160041,31
1255160069,43
1255172001,62
1255180606,62178
1255183845,64
1255184316,11
1255184385,38
1255204332,11
1255204944,118
1255207002,14
1255214093,75
1255215630,53
1255216528,22
1255217938,153
1255221654,169
1255225975,20
1255231979,80
1255237198,668
1255251478,302
1255252768,13
1255262063,51
1255267904,419
1255283013,12
1255291036,974
1255291644,26
1255292571,14
1255296887,44
1255298603,35
1255302592,13
1255305328,139
1255328803,104
1255349692,28
1255351625,16
1255352255,17
1255359164,36
1255361346,46
1255370361,41
1255377268,11
1255388337,96
1255391825,163
1255396262,18
1255399416,82
1255412388,1300
1255437855,26
1255452572,193
1255459277,106
1255466067,79
1255479245,43
1255480829,16
1255488822,12
1255497074,42
1255500482,26
1255508156,39
1255527317,205
1255548448,12
1255551884,545
1255563159,327
1255580602,21
1255596359,299
1255606208,28
1255607931,22
1255610167,55
1255610635,15
1255619122,51
1255623257,52
1255626665,27
1255632247,18
1255635173,18
1255635278,14
1255635956,31
1255636103,16
1255642930,11
1255644879,117
1255645214,254
1255645993,108
1255655571,14
1255658534,17
1255665358,137
1255672659,11
1255689883,271
1255695357,11
1255699364,20
1255701432,378
1255706921,21
1255708192,93
1255715568,28
1255715915,16
1255722057,22
1255725941,23
1255726496,11
1255729003,26
1255734079,37
1255735488,94
1255737222,423
1255738228,41
1255741629,38
1255741729,165
1255742924,141
1255764474,22
1255768549,703
1255772026,26
1255775965,83
1255777137,21
1255779273,19
1255793570,15
1255794238,49
1255798421,18
1255800034,593
1255801447,69
1255809571,53
1255814688,17
1255817315,362
1255835429,56
1255839702,13
1255841045,193
1255841208,41
1255852666,1354
1255854163,126
1255866572,283
1255871614,262
1255875588,19
1255878092,58
1255884999,33
1255887695,19
1255894310,24
1255906464,16
1255926795,11
1255930302,50
1255931715,13
1255932242,29
1255934214,76
1255939006,12
1255939927,770
1255957684,14
1255959569,16
1255962608,15
1255969968,12
1255977012,13
1255978057,41
1255987686,19
1256004106,15
1256004258,32
1256004591,12
1256006352,16
1256008414,12
1256010188,20
1256010196,34
1256013446,102
1256017052,13
1256019022,15
1256035393,126
1256044657,13
1256044850,23
1256057070,24
1256061018,57
1256070689,47
1256075082,169
1256080504,1034
1256081410,26
1256082863,2169
1256100909,12
1256117847,34
1256129531,21
1256134563,19
1256135527,195
1256142741,16
1256150601,141
1256152082,22
1256152256,13
1256157003,24
1256158761,16
1256174716,16
1256203716,36
1256210575,36
1256212160,18
1256225183,375
1256233184,88
1256254749,22
1256267364,48
1256270560,31
1256273336,18
1256283138,50
1256284456,32
1256294633,19
1256335459,184
1256339895,24
1256345172,27
1256353697,65
1256355630,24
1256362818,12
1256365721,11
1256380956,11
1256381100,18
1256384533,26
1256386246,108
1256392208,23
1256393269,29
1256394332,19
1256394914,47
1256395974,21
1256397049,13
1256418773,14
1256421769,14
1256429757,22
1256465772,25
1256469584,25
1256474162,18
1256477021,28
1256488150,11
1256488414,29
1256508800,14
1256525840,279
1256528164,14
1256532379,13
1256536129,21
1256556655,14
1256557633,39
1256569717,41
1256574820,22
1256594473,67
1256613417,500
1256613854,46
1256614080,58
1256616890,589
1256622298,39
1256635590,15
1256668848,80
1256674994,21
1256680367,24
1256685222,12
1256692328,25
1256694816,34
1256695612,13
1256697754,13
1256700912,79
1256706414,13
1256706847,353
1256707537,49
1256708592,203
1256719211,59
1256728599,1832
1256730629,35
1256746773,38
1256753731,14
1256757375,95
1256762495,36
1256766596,41
1256767131,26
1256791924,284
1256792998,22
1256796696,11
1256797384,31
1256810082,12
1256810886,26
1256811075,11
1256811827,16
1256814757,12
1256816449,45
1256826613,105
1256838837,14
1256853835,41
1256855764,150
1256859409,39
1256866626,12
1256868358,796
1256877966,17
1256880556,23
1256880560,21
1256881326,117
1256887864,59
1256896059,22
1256900649,12
1256905546,185
1256921558,20
1256922648,21
1256922851,13
1256948331,226
1256960873,18
1256973124,35
1256980703,59
1256987455,23
1256989150,25
1256993124,24
1256997541,164
1257001631,38
1257015437,17
1257021270,17
1257023848,21
1257026460,15
1257026582,27
1257026599,16
1257033404,11
1257035990,132
1257038971,12
1257059092,11
1257064854,54
1257081095,53
1257081562,32
1257083638,46
1257084734,25
1257086995,23
1257105253,238
1257115788,81
1257121594,93
1257138628,13
1257142330,26
1257149881,26
1257152532,27
1257154160,452
1257164704,22
1257167310,50
1257168102,556
1257168128,13
1257176278,14
1257179976,17
1257184348,88
1257184479,108
1257192156,17
1257196285,13
1257205393,20
1257237972,96
1257238395,100
1257239130,35
1257245859,23
1257246331,12
1257256310,28
1257259287,39
1257267571,11
1257287847,30
1257302750,55
1257306325,318
1257311255,14
1257325436,14
1257326665,110
1257334011,26
1257334909,13
1257336733,33
1257338172,76
1257339205,15
1257340523,18
1257340615,38
1257340967,23
1257342857,31
1257344450,25
1257347274,18
1257350653,19
1257356927,46
1257366746,15
1257374565,49
1257378383,83
1257395037,53
1257410408,46
1257412756,18
1257414614,38
1257420150,121
1257444227,13
1257461065,55
1257473218,26
1257475195,11
1257479175,31
1257488099,14
1257495129,47
1257524396,222
1257527947,13
1257533120,35
1257533286,1061
1257534627,21
1257539780,24
1257543605,54
1257547794,23
1257556156,18
1257558028,25
1257581672,5
1257591931,66
1257597917,11
1257617514,22
1257643781,13
1257687200,234
1257698938,28
1257701836,21
1257711769,14
1257724435,46
1257734455,39
1257735930,36
1257744257,28
1257751567,25
1257753186,20
1257759481,40
1257765230,60
1257766325,16
1257774704,52
1257781328,79
1257798483,105
1257804391,42
1257815288,12
1257821422,12
1257821888,15
1257823859,13
1257823911,13
1257825473,13
1257827184,18
1257850224,19
1257850501,19
1257855543,18
1257858164,397
1257863403,11
1257867023,260
1257868723,47
1257883885,40
1257889861,15
1257890423,12
1257900040,32
1257908328,41
1257915692,268
1257917139,16
1257939823,104
1257947813,74
1257953142,487
1257953914,367
1257960486,11
1257970587,20
1257971581,435
1257979261,11
1257982213,66
1257983666,53
1258006305,112
1258007831,18
1258030732,77
1258031582,64
1258033438,27
1258038455,11
1258039718,14
1258047506,12
1258061785,19
1258061935,28
1258066808,54
1258071797,13
1258079443,11
1258095431,13
1258106719,13
1258115712,14
1258121809,64
1258122081,52
1258124114,10
1258125843,58
1258127863,101
1258135570,30
1258139388,12
1258140778,22
1258140989,11
1258165990,15
1258166617,35
1258168862,102
1258182956,21
1258189993,45
1258193405,11
1258200041,33
1258203386,13
1258221473,405
1258225193,28
1258226171,11
1258228307,28
1258238626,18
1258242408,119
1258244355,13
1258251268,205
1258262448,31
1258299774,29
1258301311,82
1258303369,11
1258305951,77
1258321488,32
1258335228,104
1258340670,113
1258346478,18
1258365577,17
1258373802,129
1258378203,21
1258386431,198
1258390378,68
1258395429,94
1258401277,75
1258413847,512
1258435504,20
1258435606,15
1258441232,16
1258456256,18
1258457725,72
1258459022,21
1258464919,55
1258471673,18
1258483266,23
1258499650,14
1258504422,63
1258556728,31
1258557801,23
1258560454,13
1258588229,22
1258597378,66
1258613313,25
1258619550,15
1258621567,866
1258644344,13
1258646291,878
1258647960,12
1258654823,23
1258661939,13
1258680088,11
1258702484,39
1258710790,58
1258729729,12
1258742941,125
1258744471,11
1258748958,61
1258757115,67
1258763088,78
1258786108,20
1258788077,225
1258788360,98
1258792464,79
1258823740,49
1258829991,46
1258857842,15
1258861605,30
1258862322,764
1258871740,11
1258876319,22
1258907670,108
1258907996,12
1258915869,19
1258919692,1434
1258921750,56
1258926070,62
1258927530,21
1258929370,13
1258931275,15
1258932513,740
1258944375,184
1258968157,20
1258973778,15
1258978313,170
1258992238,34
1258994637,419
1258994885,68
1258995114,15
1258998722,21
1259014725,12
1259018168,14
1259026412,534
1259028314,75
1259034625,19
1259052145,65
1259056815,24
1259059236,16
1259061131,11
1259065572,16
1259077622,13
1259083708,30
1259085213,51
1259085778,13
1259090179,46
1259107621,44
1259108546,33
1259108597,57
1259117115,15
1259131593,28
1259145252,18
1259149438,16
1259165014,18
1259171983,11
1259178633,11
1259181812,17
1259191407,14
1259194804,981
1259201063,87
1259217090,32
1259217247,20
1259222060,11
1259223676,125
1259231858,31
1259245856,15
1259251906,23
1259254831,52
1259260853,41
1259275090,13
1259280063,19
1259286533,26
1259295666,17
1259300797,17
1259304417,33
1259308521,98
1259311205,83
1259327087,27
1259331899,57
1259336125,17
1259343264,35
1259358860,12
1259362413,26
1259362713,16
1259369663,14
1259369963,25
1259384869,12
1259395084,84
1259398032,62
1259405859,71
1259415915,29
1259423904,23
1259425261,58
1259431541,97
1259457554,36
1259462203,34
1259483683,206
1259485799,55
1259494501,18
1259507820,15
1259512035,16
1259522769,74
1259523153,19
1259526897,32
1259531690,15
1259533679,11
1259534208,12
1259537705,11
1259544911,16
1259550938,106
1259564149,14
1259565283,158
1259588531,35
1259603732,48
1259606129,69
1259608817,12
1259609252,12
1259624583,18
1259626350,44
1259628464,27
1259655229,11
1259658765,18
1259659403,14
1259669851,12
1259670522,19
1259675906,291
1259703320,133
1259713623,67
1259719572,19
1259728164,26
1259735963,13
1259737072,14
1259742577,332
1259782962,41
1259786302,19
1259790088,23
1259790639,32
1259836955,11
1259840866,14
1259850204,44
1259853056,14
1259872947,101
1259875534,1700
1259885475,421
1259891275,16
1259891941,15
1259894246,12
1259894852,23
1259899975,13
1259900796,106
1259915957,27
1259920741,67
1259923337,16
1259934942,18
1259939911,1019
1259940171,21
1259951839,77
1259964745,15
1259970025,27
1259981261,23
1259988665,77
1259989062,29
1260000827,36
1260005897,26
1260025410,80
1260026035,195
1260029173,24
1260032978,15
1260035249,106
1260043445,87
1260049044,38
1260061766,15
1260073387,13
1260076099,12
1260076680,15
1260106056,58
1260110388,66
1260112833,26
1260113241,182
1260114957,11
1260115758,13
1260125959,428
1260131768,11
1260133945,30
1260136347,49
1260141196,76
1260143008,134
1260143846,89
1260146854,11
1260151185,12
1260155434,488
1260167177,15
1260170265,98
1260175020,14
1260175350,42
1260177823,102
1260183528,55
1260186676,97
1260187048,11
1260192602,25
1260198724,224
1260209364,32
1260225576,19
1260229560,92
1260233912,17
1260234472,19
1260239529,78
1260240113,124
1260242528,34
1260281911,52
1260281947,41
1260284940,39
1260286969,18
1260287864,24
1260288940,50
1260298891,15
1260300565,13
1260302733,31
1260304654,16
1260306926,31
1260307676,66
1260309411,59
1260314510,25
1260325992,43
1260339805,14
1260339974,240
1260352704,17
1260356003,24
1260364763,11
1260372600,11
1260388212,20
1260391373,17
1260394860,12
1260404909,16
1260411304,163
1260413335,11
1260429066,15
1260436039,154
1260450908,25
1260453112,34
1260465380,18
1260467366,273
1260467916,11
1260468060,159
1260470095,11
1260475954,63
1260487799,44
1260489286,121
1260489444,323
1260493005,13
1260508753,19
1260550899,80
1260565605,22
1260566313,32
1260566992,156
1260570042,14
1260570912,42
1260580223,523
1260580731,138
1260581968,39
1260583277,22
1260584015,74
1260619539,14
1260625224,564
1260633111,14
1260635669,115
1260650150,44
1260672618,28
1260673375,11
1260680138,33
1260684528,85
1260690154,14
1260694049,17
1260694570,15
1260698041,44
1260738363,15
1260747208,26
1260767408,12
1260782172,132
1260783987,90
1260784883,27
1260790246,21
1260802641,24
1260808534,11
1260826634,11
1260829862,14
1260833141,17
1260842109,24
1260858945,15
1260865601,14
1260881431,23
1260888121,22
1260889371,42
1260898583,27
1260900484,489
1260900514,67
1260902344,13
1260912258,12
1260912552,56
1260914994,62
1260923039,11
1260930181,99
1260932922,20
1260940877,220
1260946467,15
1260962896,295
1260971370,17
1260988400,24
1260989566,40
1260990730,46
1260991622,17
1260993476,22
1260994505,15
1260997792,64
1261004744,65
1261005717,32
1261050605,11
1261050660,16
1261053236,23
1261053712,82
1261057454,30
1261060989,239
1261065819,11
1261080024,303
1261091524,17
1261092598,47
1261094281,24
1261102385,37
1261108675,26
1261109384,14
1261114908,215
1261127156,78
1261130089,119
1261131444,20
1261131489,13
1261137992,13
1261139783,24
1261140727,12
1261142701,186
1261142966,12
1261149834,23
1261151781,11
1261155086,15
1261156675,39
1261170027,1403
1261174510,38
1261181445,154
1261184716,22
1261189730,23
1261197598,34
1261202186,20
1261206045,85
1261208315,47
1261209334,20
1261212938,31
1261214597,13
1261215810,16
1261220798,30
1261223819,33
1261240895,15
1261244719,26
1261250729,16
1261261480,55
1261264826,20
1261277035,30
1261279210,101
1261291781,40
1261297671,35
1261303294,32
1261314451,14
1261322128,15
1261322254,22
1261325025,114
1261328849,37
1261335744,96
1261340483,315
1261352043,20
1261359560,16
1261361358,14
1261365430,55
1261418565,25
1261422007,1110
1261444857,60
1261460894,19
1261465639,12
1261473759,25
1261482517,46
1261484186,34
1261489081,14
1261494515,30
1261496045,19
1261510276,12
1261519189,40
1261529607,77
1261555327,316
1261560612,22
1261571908,918
1261575325,89
1261606904,14
1261607128,14
1261613239,139
1261618066,13
1261618291,48
1261637596,58
1261650101,2856
1261653673,12
1261655419,20
1261655913,12
1261663145,152
1261666359,12
1261668478,18
1261676533,15
1261677886,102
1261690469,139
1261692450,13
1261696034,19
1261696687,27
1261696801,12
1261698932,45
1261699679,12
1261700124,25
1261705376,16
1261711686,52
1261717201,270
1261718567,11
1261720977,207
1261721161,12
1261725242,479
1261729018,33
1261729176,21
1261746086,16
1261757282,11
1261760482,27
1261773273,38
1261784190,37
1261784901,14
1261794704,263
1261798970,29
1261810128,36
1261811848,14
1261814068,99
1261819007,14
1261822543,16
1261825338,16
1261836074,50
1261842465,18
1261846836,13
1261851971,18
1261859183,85
1261861097,303
1261864097,50
1261865368,12
1261867321,27
1261880172,113
1261880471,103
1261882969,11
1261887193,24
1261893837,30
1261899136,50
1261904654,24
1261912889,15
1261923892,24
1261925930,19
1261934811,20
1261953460,15
1261958143,134
1261966474,234
1261968483,26
1261974266,15
1261976132,34
1262010385,12
1262011420,48
1262011534,23
1262018067,39
1262031046,39
1262031874,12
1262033876,13
1262034051,369
1262038960,24
1262042046,207
1262078510,37
1262089852,16
1262093995,59
1262094216,11
1262097785,105
1262106658,11
1262108086,2
1262110699,898
1262113622,16
1262139429,13
1262142501,1636
1262183719,327
1262195134,13
1262210750,33
1262210755,13
1262217859,26
1262231970,21
1262250380,70
1262252186,11
1262253113,13
1262255990,38
1262256174,69
1262258494,13
1262260844,12
1262261093,1241
1262266624,20
1262267135,36
1262270573,12
1262281052,24
1262299207,13
1262299325,89
1262310226,29
1262318402,13
1262328297,57
1262331855,11
1262337797,38
1262338410,67
1262354720,11
1262377838,105
1262391566,13
1262396222,82
1262403617,38
1262413069,11
1262434101,341
1262438199,117
1262438610,16
1262454502,27
1262477291,19
1262478282,18
1262482595,60
1262486604,13
1262490703,75
1262495435,517
1262500406,47
1262511183,11
1262517316,196
1262527142,16
1262530176,16
1262530182,1444
1262536690,146
1262548615,14
1262553817,35
1262554977,19
1262557450,19
1262558565,11
1262560274,14
1262583106,14
1262587286,18
1262594832,15
1262595831,174
1262600346,19
1262600576,72
1262603912,486
1262605827,24
1262614973,14
1262617470,16
1262628565,15
1262635330,179
1262635440,12
1262641073,34
1262642235,19
1262652828,12
1262654935,11
1262657910,16
1262679022,25
1262682069,1378
1262710034,70
1262714152,208
1262738818,23
1262739704,29
1262740944,575
1262741170,31
1262748595,17
1262754474,20
1262756007,81
1262758480,30
1262762432,89
1262769725,625
1262775896,16
1262809285,16
1262812820,11
1262824066,11
1262824399,55
1262834835,15
1262839931,16
1262842296,126
1262860046,21
1262870924,27
1262879903,38
1262882328,288
1262885509,13
1262887634,11
1262898434,13
1262913668,56
1262915424,13
1262934014,24
1262940334,105
1262948105,348
1262952180,707
1262971603,12
1262979985,22
1262984601,11
1262989602,21
1262995777,11
1262995939,11
1262996076,12
1262996245,14
1263001383,11
1263022587,40
1263026652,11
1263027923,11
1263041093,113
1263045874,16
1263051452,42
1263054292,84
1263062246,11
1263066411,32
1263067524,12
1263074604,168
1263076167,131
1263079727,533
1263083568,32
1263086677,30
1263098427,122
1263108759,98
1263114987,12
1263120928,48
1263123553,29
1263145127,27
1263145338,48
1263158313,801
1263161226,31
1263168455,57
1263190780,136
1263192944,25
1263193615,15
1263201769,15
1263206805,16
1263210473,22
1263215731,22
1263217954,98
1263220935,22
1263288598,16
1263306054,15
1263337356,25
1263337741,270
1263341555,11
1263344910,64
1263346715,11
1263376372,26
1263378972,53
1263389919,14
1263436794,101
1263460757,18
1263461743,196
1263468392,12
1263469068,12
1263472198,18
1263477177,15
1263494511,13
1263494700,1371
1263497845,267
1263498017,212
1263500923,40
1263503017,11
1263513016,82
1263518262,13
1263519874,17
1263529459,16
1263529852,36
1263530988,33
1263539330,32
1263543625,541
1263543726,670
1263544262,20
1263548429,13
1263549136,286
1263549539,23
1263578760,17
1263579149,12
1263586501,62
1263614411,11
1263642416,271
1263646405,13
1263652392,117
1263662092,109
1263669308,30
1263676410,17
1263679455,18
1263681437,416
1263681504,660
1263682572,15
1263686288,23
1263686305,38
1263688817,20
1263689280,11
1263694034,123
1263697745,23
1263706509,12
1263727392,22
1263731684,104
1263731718,23
1263732150,25
1263739043,240
1263745780,21
1263748076,31
1263748925,423
1263753253,13
1263772632,110
1263773312,80
1263778230,54
1263778677,15
1263790057,14
1263797030,14
1263797851,113
1263800852,95
1263813947,133
1263815266,21
1263817105,17
1263820590,204
1263826844,27
1263836633,13
1263837722,16
1263839399,42
1263841182,20
1263845975,125
1263853624,21
1263858338,20
1263864208,58
1263881930,18
1263883524,12
1263886339,30
1263886755,406
1263898766,45
1263900228,13
1263936864,84
1263951106,113
1263954351,12
1263958197,87
1263958714,24
1263959494,11
1263961048,30
1263966659,21
1263993269,110
1264002437,21
1264006420,11
1264015326,59
1264021866,18
1264023481,61
1264023857,29
1264037739,14
1264038598,369
1264044496,67
1264045527,21
1264046956,17
1264058297,137
1264059987,13
1264065724,69
1264067820,19
1264068873,89
1264069918,25
1264088844,362
1264094531,26
1264095869,13
1264097318,33
1264105561,14
1264117145,16
1264118847,19
1264121778,19
1264122570,14
1264123054,183
1264142220,25
1264148819,11
1264150994,83
1264155972,118
1264161723,20
1264170342,42
1264175252,290
1264177851,12
1264193645,14
1264203334,17
1264208997,19
1264221238,16
1264223799,195
1264227384,53
1264239018,43
1264252157,16
1264252189,16
1264263123,18
1264268237,62
1264268579,37
1264269844,196
1264280082,14
1264283513,15
1264286435,89
1264288688,11
1264297712,144
1264301794,11
1264302819,52
1264305693,38
1264338985,18
1264362107,12
1264364812,12
1264366272,13
1264370356,12
1264379603,41
1264396304,661
1264401689,141
1264405172,12
1264405655,55
1264411005,92
1264412951,62
1264422246,16
1264424867,11
1264430711,49
1264438111,17
1264438885,15
1264452592,14
1264458399,19
1264465126,39
1264471869,13
1264478656,1416
1264490258,11
1264515363,17
1264518139,18
1264529761,29
1264531337,952
1264542642,58
1264556564,29
1264560911,743
1264560983,40
1264576033,16
1264586206,20
1264596339,17
1264604347,76
1264607329,15
1264612845,20
1264613111,15
1264614857,14
1264615549,21
1264618288,38
1264624316,24
1264640680,13
1264645343,59
1264647440,25
1264648433,95
1264648449,67
1264660523,28
1264663828,127
1264663877,11
1264669104,12
1264680063,54
1264683354,188
1264692184,362
1264718849,16
1264735145,12
1264745201,59
1264753245,22
1264759254,16
1264771182,14
1264779904,16
1264782053,12
1264784142,22
1264785723,14
1264805127,12
1264807581,12
1264811161,4254
1264811391,97
1264825687,21
1264829799,11
1264831383,28
1264849705,29
1264854400,15
1264856509,20
1264860429,47
1264860668,11
1264866499,13
1264875310,53
1264894695,13
1264895666,14
1264902224,33
1264916063,89
1264920090,172
1264920217,60
1264921191,11
1264921302,35
1264921402,34
1264922986,47
1264929973,59
1264936952,399
1264938021,39
1264938089,36
1264943577,12
1264959229,40
1264963292,12
1264981155,19
1264985458,29
1264996101,13
1265013383,162
1265017606,50
1265020374,19
1265021119,370
1265024742,19
1265025028,12486
1265025158,75
1265026514,19
1265046112,45
1265056200,46
1265061961,16
1265072174,34
1265085160,12
1265089119,14
1265091045,14
1265095054,19
1265095394,35
1265107923,1727
1265111888,41
1265113238,16
1265119157,59
1265120239,59
1265124479,73
1265140422,11
1265149208,12
1265149787,12
1265157889,12
1265160955,17
1265161025,13
1265161922,139
1265165485,15
1265168957,14
1265169717,99
1265170158,18
1265189318,17
1265191090,16
1265199841,14
1265200861,92
1265202284,24
1265216452,16
1265222064,16
1265228611,14
1265228655,44
1265234733,724
1265247790,11
1265255507,23
1265258509,347
1265259508,15
1265260024,77
1265260318,33
1265264803,15
1265265111,3805
1265269341,13
1265274127,200
1265280126,13
1265280546,13
1265299631,12
1265300288,19
1265306963,13
1265336929,11
1265340208,23
1265347911,120
1265355600,23
1265358918,17
1265359732,32
1265366583,33
1265366905,24
1265372116,14
1265380989,145
1265390757,28
1265394997,14
1265406948,26
1265408665,73
1265411318,11
1265413617,92
1265441951,16
1265442909,12
1265454162,11
1265458126,106
1265476791,75
1265478249,41
1265513304,170
1265549794,26
1265552536,13
1265555134,37
1265567769,16
1265583422,18
1265600028,20
1265603499,39
1265610112,17
1265617033,359
1265617292,377
1265620021,210
1265623659,14
1265629109,68
1265629271,12
1265640685,23
1265641153,95
1265646959,12
1265649420,32
1265650482,28
1265654867,151
1265659832,53
1265683445,34
1265695368,16
1265695680,18
1265703051,26
1265726242,11
1265726822,11
1265733673,13
1265742513,162
1265744392,46
1265752395,36
1265752712,31
1265768013,36
1265768300,22
1265768701,24
1265774025,469
1265794277,28
1265794381,20
1265796764,13
1265803168,21
1265821429,23
1265826291,15
1265832843,129
1265834793,11
1265843504,15
1265846354,14
1265847669,13
1265853198,439
1265864287,12
1265865407,54
1265879849,41
1265890989,48
1265902239,16
1265908792,14
1265908861,173
1265911625,27
1265932691,38
1265939134,81
1265941363,44
1265942011,112
1265946810,12
1265947881,217
1265948491,185
1265949807,11
1265958257,27
1265958906,28
1265971949,31
1265972336,11
1265976488,100
1265987986,115
1265994178,18
1266004872,176
1266008323,12
1266009367,901
1266013406,83
1266014461,46
1266014997,15
1266020160,109
1266020574,56
1266030785,87
1266036898,12
1266037990,385
1266067414,42
1266068908,3
1266075015,35
1266076577,17
1266079353,19
1266080079,22
1266094931,25
1266097798,49
1266105075,15
1266107778,27
1266113070,1490
1266123542,31
1266125334,2594
1266138495,213
1266146028,167
1266151452,87
1266155997,127
1266166969,25
1266173329,20
1266177587,96
1266182461,49
1266183832,22
1266193115,50
1266197764,67
1266201499,17
1266217708,17
1266218243,103
1266219046,36
1266246431,14
1266247085,164
1266255540,20
1266263075,100
1266264841,14
1266267072,146
1266275329,14
1266283205,53
1266290680,86
1266293233,49
1266296455,49
1266304094,49
1266305677,46
1266313328,433
1266318994,15
1266321081,17
1266333761,26
1266345305,50
1266362977,13
1266421724,12
1266423377,13
1266424270,28
1266437081,18
1266438067,20
1266450666,96
1266454367,106
1266457355,13
1266457957,21
1266458733,73
1266461783,50
1266463689,2049
1266468011,11
1266480247,34
1266497775,91
1266523269,26
1266530655,12
1266539703,41
1266546849,23
1266560001,411
1266585104,31
1266590423,34
1266592247,113
1266593507,24
1266608079,35
1266611505,250
1266625409,237
1266634415,36
1266640182,60
1266654184,12
1266665369,47
1266670693,18
1266681147,81
1266683229,21
1266693943,12
1266705384,46
1266714706,12
1266719940,30
1266743317,35
1266746400,17
1266751399,12
1266761189,20
1266762935,20
1266764373,12
1266766270,12
1266767316,13
1266767703,11
1266770863,12
1266770885,11
1266772239,11
1266772424,11
1266775326,11
1266775877,51
1266776491,27
1266777802,11
1266778001,49
1266782242,12
1266790372,213
1266796019,29
1266797999,90103
1266799249,26
1266802954,154
1266805842,57
1266808913,395
1266831814,22
1266839845,11
1266843215,144
1266849821,21
1266850827,96
1266851101,11
1266853656,17
1266858242,201
1266858928,11
1266864281,16
1266878159,18
1266880481,17
1266882364,12
1266884317,1942
1266886046,17
1266896323,15
1266898778,30
1266904606,15
1266907450,28
1266909505,321
1266923310,1764
1266929218,14
1266933346,20
1266936773,24
1266944077,45
1266944346,11
1266947843,88
1266951007,41
1266955308,12
1266973328,45
1266974941,15
1266977227,324
1266992634,22
1266996737,28
1267009695,14
1267009899,15
1267012844,14
1267014036,12
1267017585,40
1267017690,27
1267028123,269
1267029128,22
1267030790,23
1267040436,15
1267046936,194
1267058532,38
1267072080,41
1267072834,16
1267077321,56
1267078448,513
1267078922,17
1267080179,14
1267083417,106
1267084166,71
1267090854,39
1267099925,17
1267106080,217
1267128082,16
1267132878,15
1267144335,15
1267145484,34
1267148249,89
1267148586,73
1267150356,16
1267150781,19
1267154008,13
1267166322,14
1267173419,23
1267178198,35
1267180193,14
1267182294,72
1267187136,26
1267193003,12
1267202750,97
1267206817,24
1267212780,306
1267213347,23
1267216518,76
1267220319,12
1267223777,37
1267239286,491
1267244789,17
1267248648,189
1267270491,11
1267276935,13
1267282504,12
1267298105,28
1267298120,11
1267309954,69
1267314128,3109
1267319628,17
1267344807,35
1267360768,31
1267361485,25
1267365780,30
1267373650,26
1267377090,13
1267377766,31
1267418242,35
1267423357,374
1267424116,13
1267428350,10
1267429913,11
1267435922,15
1267439901,184
1267442156,11
1267442907,2880
1267455254,623
1267462292,65
1267462567,13
1267463135,14
1267478123,17
1267478667,18
1267489981,24
1267507562,15
1267509865,11
1267512077,14
1267515210,22
1267521793,305
1267533614,23
1267545742,26
1267555704,120
1267560967,15
1267567867,21
1267578193,12
1267588585,88
1267600247,34
1267606837,99
1267616623,33
1267625134,191
1267637633,11
1267646326,40
1267646599,12
1267662028,13
1267668301,11
1267704664,45
1267714460,26
1267719513,13
1267720524,21
1267720559,27
1267720676,20
1267727027,25
1267734925,62
1267746149,32
1267750281,30
1267781357,13
1267787802,11
1267790126,13
1267797347,955
1267812693,59
1267834136,37
1267857912,20
1267889604,30
1267895449,36
1267899050,634
1267906132,49
1267909940,28
1267926509,14
1267927082,26
1267930758,19
1267931387,445
1267931785,13
1267944654,29
1267950292,22
1267950499,87
1267961072,125
1267962106,33
1267972630,114
1267976178,25
1267976639,38
1267982346,858
1268020132,13
1268021255,30
1268021824,17
1268025800,135
1268031240,15
1268045022,15
1268051861,83
1268065859,17
1268068714,802
1268072868,93
1268090860,166
1268095849,13
1268096201,309
1268097411,11
1268100973,17
1268111504,15
1268119910,17
1268128556,17
1268145375,14
1268147774,11
1268155691,18
1268173217,18
1268176994,37
1268180661,14
1268200064,56
1268215445,11
1268217254,126
1268218773,21
1268223330,21
1268228289,70
1268229382,17
1268235796,123
1268244339,35
1268252819,21
1268254997,23
1268256719,17
1268259442,31
1268260801,16
1268261820,20
1268267248,42
1268273877,299
1268284228,68
1268285891,33
1268298108,14
1268302580,13
1268304499,23
1268305959,33
1268306885,15
1268307016,45
1268316117,63
1268326291,14
1268327597,15
1268338780,107
1268346928,29
1268356440,16
1268362826,17
1268364062,33
1268369209,36
1268376366,39
1268378017,64
1268378300,11
1268380621,12
1268384113,28
1268387367,15
1268391007,13
1268392304,14
1268404512,38
1268405286,14
1268421611,37
1268424426,102
1268425637,23
1268429667,734
1268432027,15
1268444761,93
1268462870,15
1268473439,91
1268474534,32
1268484853,126
1268486256,14
1268494008,40
1268505810,39
1268515356,11
1268523178,47
1268529281,20
1268530428,15
1268537589,61
1268544206,32
1268549091,39
1268581486,22
1268587146,28
1268591043,19
1268596025,25
1268617925,71
1268620423,29
1268630774,17
1268656356,81
1268664934,27
1268667810,42
1268672542,16
1268677373,41
1268678092,18
1268708084,291
1268727777,15
1268729667,18
1268740212,9
1268741294,48
1268765496,13
1268770925,13
1268774372,463
1268794291,12
1268794733,284
1268804183,73
1268807064,29
1268807806,170
1268808203,98
1268810268,50
1268824522,14
1268827480,20
1268830527,136
1268836911,11
1268846699,19
1268858784,19
1268862613,28
1268869032,30
1268892689,29
1268895491,1133
1268896186,13
1268903356,464
1268906765,45
1268907748,11
1268928622,20
1268930297,100
1268939819,31
1268941272,29
1268946099,13
1268946118,884
1268958229,47
1268963701,21
1268966319,21
1268972487,23
1268973671,12
1268977356,15
1268985285,17
1268988104,17
1268993278,19
1269005241,118
1269006706,17
1269010756,59
1269020094,43
1269022523,34
1269029221,47
1269032936,17
1269041957,11
1269049395,15
1269050856,322
1269059109,21
1269099967,96
1269100267,65
1269104023,12
1269107814,43
1269122407,180
1269122597,13
1269124956,574
1269132133,50
1269137789,25
1269151536,13
1269151566,93
1269153676,12
1269183188,12
1269210627,11
1269223576,12
1269228279,21
1269229845,431
1269238642,32
1269257700,1064
1269258933,21
1269261013,17
1269263114,16
1269266325,155
1269273642,52
1269277076,25
1269296186,11
1269300580,41
1269301416,48
1269305481,28
1269308901,15
1269308923,31
1269316020,34
1269320827,98
1269322853,13
1269335663,31
1269337275,54
1269359249,26
1269395331,3384
1269402869,246
1269427595,13
1269436738,13
1269448154,12
1269454372,72
1269464080,21
1269478615,96
1269497012,11
1269513219,16
1269513884,22
1269518652,29
1269521952,92
1269534849,42
1269535242,15
1269535454,19
1269544321,12
1269563679,43
1269576216,11
1269579327,18
1269596073,18
1269605251,19
1269607964,13
1269622457,37
1269636659,13
1269651669,16
1269661723,59
1269665456,12
1269672979,20
1269676154,12
1269682523,13
1269685084,50
1269685946,22
1269699648,26
1269704533,49
1269704985,18
1269711675,13
1269712221,66
1269717058,30
1269726690,22
1269731710,168
1269742942,17
1269761117,17
1269761412,33
1269764931,13
1269772976,99
1269773493,463
1269794052,46
1269795544,31
1269796292,11
1269796643,75
1269797017,24
1269807645,157
1269812178,71
1269830694,88
1269840257,103
1269850088,83
1269851180,83
1269858379,54
1269860633,16
1269879098,13
1269890027,87
1269891133,50
1269893474,56
1269893717,89
1269895056,25
1269898828,35
1269899136,87
1269900226,50
1269903646,51
1269904726,23
1269904936,51
1269907862,90
1269908181,70
1269908217,88
1269909458,22
1269910083,14
1269921100,89
1269930651,303
1269942268,23
1269954733,33
1269957268,21
1269963508,27
1269969239,15
1269974484,59
1269979871,84
1269985986,51
1269998378,82
1270000366,57
1270004247,16
1270012613,43
1270012861,88
1270015837,86
1270026896,15
1270027424,35
1270028045,36
1270030551,38
1270031391,124
1270040330,14
1270043710,88
1270059391,13
1270062694,51
1270066109,40
1270083345,13
1270088902,133
1270094853,11
1270096568,18
1270102475,29
1270102733,12
1270103958,18
1270108133,128
1270111515,24
1270112941,34
1270113847,100
1270117218,20
1270118026,86
1270118408,12
1270124813,48
1270128259,207
1270140510,30
1270142210,82
1270146800,36
1270152181,69
1270153043,59
1270154954,23
1270167990,13
1270169087,62
1270172711,45
1270180210,25
1270184812,15
1270186926,34
1270187094,227
1270197597,23
1270203332,22
1270211498,30
1270212749,81
1270236264,22
1270236733,155
1270237967,18
1270244429,379
1270247558,15
1270257672,15
1270263798,34
1270272670,1264
1270272683,78
1270278702,12
1270305651,17
1270311793,12
1270319627,23
1270319876,14
1270324476,15
1270330893,27
1270347090,32
1270347637,21
1270349001,15
1270350192,62
1270359331,16
1270376159,16
1270386613,25
1270404590,14
1270418354,23
1270436690,21
1270452141,41
1270460555,21
1270463426,14
1270467991,15
1270468007,26
1270484383,34
1270496550,57
1270519493,121
1270530485,17
1270535333,12
1270544596,20
1270552867,45
1270559321,84
1270564245,11
1270564595,31
1270566770,14
1270568813,35
1270572078,14
1270575067,27
1270576590,446
1270581909,15
1270586785,15
1270587915,433
1270593506,17
1270650562,19
1270650592,16
1270654341,14
1270658081,25
1270661532,274
1270662452,22
1270664730,11
1270665247,11
1270670825,54
1270685284,11
1270706314,328
1270716345,13
1270743726,24
1270745915,12
1270774188,15
1270775324,26
1270782426,23
1270784327,24
1270787191,253
1270799590,22
1270812122,117
1270814918,158
1270817407,50
1270821261,44
1270823576,40
1270841510,13
1270842103,53
1270885892,17
1270895993,14
1270897615,12
1270902730,17
1270935022,19
1270939570,52
1270941393,172
1270942565,22
1270943597,31
1270949711,24
1270953767,11
1270958539,35
1270973004,19
1270978050,19
1270983350,416
1270984756,154
1270985920,14
1270993620,38
1270995833,36
1271007640,15
1271008243,76
1271009327,19
1271016135,101
1271020715,13
1271020926,30
1271029803,42
1271029976,97
1271036184,21
1271041937,12
1271058140,18
1271060545,12
1271063452,153
1271074936,191
1271076630,37
1271088386,23
1271092274,12
1271093776,17
1271096888,13
1271107543,14
1271113810,4103
1271125689,38
1271126468,27
1271151089,153
1271159623,99
1271174023,37
1271177245,19
1271179812,86
1271186753,142
1271193598,26
1271197200,46
1271199377,38
1271203484,100
1271231125,11
1271237172,11
1271245542,14
1271259982,22
1271267166,187
1271268769,11
1271270944,69
1271273008,130
1271274665,27
1271282024,12
1271286007,13
1271294554,13
1271297528,23
1271304238,85
1271314492,17
1271314891,142
1271318343,99
1271323125,871
1271332588,13
1271335719,83
1271341656,21
1271351851,22
1271355875,20
1271364651,30
1271368582,174
1271372403,206
1271376695,62
1271378942,14
1271379258,107
1271380517,12
1271382286,18
1271385222,24
1271394035,41
1271398876,32
1271400466,68
1271420288,35
1271420977,16
1271422457,12
1271424358,22
1271430067,11
1271435898,2
1271437886,49
1271448649,61
1271450465,14
1271455382,493
1271455778,18
1271457758,72
1271459708,19
1271470955,17
1271476200,16
1271484634,21
1271492923,11
1271520816,13
1271535978,39
1271540239,14
1271547037,11
1271548133,27
1271570982,11
1271581989,38
1271626710,21
1271627791,1424
1271630464,28
1271639578,52
1271646025,75
1271669507,28
1271670316,39
1271687319,52
1271709279,11
1271711372,31
1271717980,38
1271725588,18
1271730027,30
1271730307,11
1271744960,107
1271751851,88
1271763503,126
1271765742,23
1271770751,32
1271778933,40
1271779636,21
1271785712,66
1271812884,18
1271829077,29
1271830762,12
1271832502,15
1271834471,19
1271836518,110
1271837463,11
1271851102,20
1271861642,99
1271892689,396
1271894214,640
1271897760,42
1271898598,14
1271899250,49
1271912252,46
1271923086,34
1271940155,30
1271944074,20
1271948043,37
1271951093,78
1271951742,14
1271954866,38
1271963632,37
1271963966,29
1271988435,12
1271993416,356
1271995946,80
1272004366,67
1272008570,18
1272009330,55
1272012407,12
1272031254,219
1272032218,15
1272035915,19
1272036423,21
1272043772,18
1272060580,11
1272062596,35
1272066715,30
1272067033,37
1272069487,11
1272072826,30
1272076570,80
1272079913,283
1272089874,12
1272090879,31
1272098945,15
1272105565,16
1272107021,31
1272111651,152
1272114571,139
1272116617,79
1272136562,23
1272139132,19
1272147124,18
1272151400,136
1272154998,392
1272162595,327
1272167701,52
1272168991,13
1272194482,21
1272199139,17
1272209005,12
1272211920,12
1272212084,50
1272216190,15
1272222798,47
1272230296,37
1272237085,13
1272239121,26
1272243674,94
1272256998,63
1272272492,20
1272273607,32
1272278054,17
1272292267,20
1272294107,88
1272300172,21
1272306281,110
1272308668,13
1272329397,12
1272329661,51
1272335256,12
1272352853,15
1272353680,39
1272361049,19
1272363594,11
1272372441,25
1272374498,17
1272375576,78
1272394355,17
1272394474,31
1272402042,129
1272408187,132
1272408209,11
1272412393,49
1272415285,19
1272418588,44
1272430339,25
1272432833,12
1272443375,90
1272463265,22
1272480305,12
1272481334,40
1272484811,28
1272487463,612
1272488455,76
1272498799,72
1272507264,33
1272508647,43
1272521786,29
1272529524,25
1272536927,15
1272554778,39
1272565581,74
1272573107,100
1272574333,78
1272585317,56
1272596900,14
1272601548,14
1272618533,15
1272637435,30
1272647768,16
1272673683,35
1272677221,83
1272677604,14
1272678676,20
1272687783,14
1272691690,86
1272699504,42
1272701607,19
1272706111,47
1272708842,14
1272710409,98
1272753759,22
1272758718,13
1272763042,36
1272767487,33
1272782661,13
1272788559,89
1272806533,50
1272833484,13
1272839788,61
1272840358,98
1272861960,29
1272869340,15
1272875395,18
1272887430,145
1272893415,246
1272898943,359
1272927396,16
1272941538,20
1272950786,33
1272968536,87
1272987676,17
1272996531,15
1273016975,62
1273018804,19
1273032277,22
1273038999,233
1273054934,495
1273058241,119
1273059507,151
1273065968,24
1273073914,25
1273080329,16
1273087967,21
1273092463,14
1273093466,25
1273116225,60
1273117744,12
1273121905,12
1273153152,24
1273158972,136
1273168529,26
1273198218,16
1273207855,19
1273226668,128
1273234375,112
1273235470,17
1273236370,161
1273241958,13
1273244170,37
1273261870,12
1273262639,18
1273267557,25
1273325705,14
1273354626,19
1273360197,22
1273366252,12
1273379460,786
1273390282,30
1273390455,29
1273404749,13
1273408927,47
1273412710,11
1273427276,2665
1273445261,11
1273449064,56
1273461545,19
1273480337,41
1273513023,20
1273517404,13
1273558528,165
1273565575,162
1273580359,876
1273580682,15
1273596763,18
1273630366,12
1273641903,14
1273643869,46
1273663589,12
1273664895,102
1273665431,24
1273666576,31
1273674103,23
1273677991,39
1273690766,19
1273702114,33
1273705510,37
1273707469,692
1273725939,11
1273742979,51
1273747165,32
1273768116,182
1273768194,96
1273809867,13
1273819492,18
1273822664,28
1273822835,18
1273823886,31
1273824143,315
1273824907,5144
1273830468,24
1273830568,17
1273835322,49
1273859296,120
1273866610,12
1273870399,94
1273887301,208
1273894022,63
1273902369,24
1273907635,11
1273910052,115
1273914365,49
1273921075,126
1273945470,32
1273946285,12
1273947285,18
1273951058,46
1273969283,14
1273991348,12
1274021598,10
1274027793,14
1274028827,22
1274034089,31
1274046250,12
1274050660,64
1274065715,30
1274067670,344
1274068447,11
1274069548,48
1274073109,21
1274085987,28
1274091897,32
1274096236,39
1274106865,36
1274109794,56
1274110623,17
1274115689,32
1274116177,29
1274128923,40
1274130362,12
1274162448,532
1274162776,25
1274165943,24
1274177139,450
1274179498,26
1274186056,23
1274187550,15
1274191784,78
1274194803,57
1274196244,13
1274244010,16
1274272400,12
1274282386,45
1274286443,39
1274290610,17
1274323575,159
1274327218,189
1274333693,16
1274347782,11
1274347870,12
1274352475,12
1274353224,13
1274377670,126
1274377976,19
1274379274,23
1274388991,203
1274395005,20
1274399536,1172
1274410217,42
1274422150,19
1274435787,53
1274452075,149
1274474589,26
1274475076,47
1274477411,12
1274482878,11
1274487235,22
1274491393,31
1274504017,11
1274509298,48
1274518711,20
1274526198,114
1274530343,24
1274548517,143
1274551031,142
1274566622,51
1274572099,25
1274600688,328
1274618325,38
1274625247,14
1274625443,13
1274630894,54
1274645705,13
1274659405,25
1274666296,12
1274671628,41
1274674701,31
1274678743,15
1274683034,58
1274684138,12
1274689099,22
1274690333,31
1274708755,450
1274722544,15
1274723381,38
1274734576,25
1274751552,11
1274755774,54
1274782065,31
1274792587,53
1274797292,20
1274802650,12
1274822133,906
1274836410,21
1274840455,11
1274848749,140
1274890313,22
1274910871,21
1274912120,205
1274921085,18
1274927132,20
1274942644,15
1274947140,17
1274950277,1361
1274956474,18
1274957322,14
1274957825,139
1274959346,21
1274963086,58
1274966563,32
1274976225,12
1274978097,19
1274989973,156
1274991593,13
1275003861,30
1275012508,13
1275025253,15
1275044490,38
1275059220,13
1275060098,25
1275069084,148
1275070381,12
1275073263,19
1275075651,104
1275076041,240
1275076664,27
1275102300,11
1275102452,42
1275130055,129
1275131245,24
1275140990,23
1275145666,31
1275152793,835
1275161859,33
1275162193,17
1275168166,12
1275173343,17
1275175186,237
1275182720,54
1275184152,45
1275191614,16
1275198423,11
1275201476,105
1275207060,17
1275208894,20
1275218737,38
1275237798,17
1275248251,11
1275252612,16
1275257255,76
1275268652,683
1275300007,20
1275300693,11
1275326618,20
1275328113,234
1275328860,18
1275334546,12
1275338283,17
1275353433,49
1275356304,10
1275362861,48
1275365955,39
1275367824,11
1275373382,46
1275375546,24
1275378979,992
1275382167,30
1275398700,39
1275399788,20
1275406931,19
1275408975,24
1275409602,43
1275409857,12
1275426982,32
1275435960,14
1275436512,246
1275438802,11
1275439887,16
1275441117,21
1275443832,54
1275463264,207
1275464621,201
1275476039,206
1275484321,18
1275485578,115
1275487759,19
1275490006,58
1275508434,215
1275529781,17
1275534185,43
1275540111,15
1275545374,77
1275548357,194
1275551473,65
1275555255,23
1275572887,16
1275580348,86
1275608780,19
1275614372,21
1275627632,13
1275631990,14
1275637608,112
1275642440,85
1275645005,13
1275653543,1161
1275661316,25
1275666044,24
1275667403,68
1275688260,21
1275692189,25
1275702441,21
1275702472,18
1275717406,28
1275718468,245
1275719173,14
1275721604,17
1275730750,971
1275740059,20
1275742035,14
1275750805,12
1275750847,31
1275751077,11
1275752001,23
1275753414,52
1275759716,11
1275770420,21
1275771493,39
1275771636,20
1275773301,135
1275774513,21
1275776288,44
1275780695,18
1275781569,488
1275784257,17
1275791557,37
1275800019,15
1275801647,206
1275802499,122
1275806147,1710
1275809133,11
1275816023,11
1275835912,11
1275847986,15
1275849132,46
1275862312,47
1275862425,45
1275862520,18
1275873724,214
1275888604,21
1275895436,11
1275919553,22
1275930411,54
1275932091,24
1275940471,24
1275941970,15
1275953456,27
1275961086,68
1275964022,139
1275968866,81
1275976049,11
1275991516,76
1275998498,188
1276001351,103
1276003841,12
1276024553,35
1276031429,29
1276042293,16
1276053763,11
1276059304,25
1276078615,16
1276083194,32
1276083628,50
1276099689,71
1276107518,39
1276108103,74
1276123512,16
1276126258,15
1276132557,21
1276135867,122
1276173422,12
1276174879,17
1276192674,83
1276192981,45
1276204083,11
1276223472,23
1276236933,630
1276238183,371
1276239073,12
1276242781,12
1276251860,10
1276271904,11
1276273805,23
1276275753,16
1276278055,54
1276278953,11
1276280076,12
1276283874,12
1276285633,21
1276296530,75
1276299637,45
1276305787,107
1276309507,23
1276313599,37
1276315818,17
1276341793,22
1276352451,21
1276373569,14
1276376062,24
1276379563,20
1276391102,88
1276404683,12
1276405439,18
1276406549,31
1276411484,14
1276411563,38
1276415631,16
1276425709,14
1276437202,32
1276438142,31
1276447323,19
1276448889,18
1276448941,16
1276459546,13
1276461266,143
1276469439,29
1276480305,40
1276488493,19
1276496267,18
1276497933,1
1276498033,42
1276510682,59
1276517176,219
1276521542,32
1276527666,862
1276541052,83
1276541290,11
1276541312,32
1276546290,29
1276549659,56
1276562838,196
1276568000,21
1276578580,27
1276594089,130
1276595002,371
1276607131,66
1276616663,21
1276627552,47
1276630793,12
1276631768,24
1276634402,27
1276641245,147
1276645556,16
1276665883,675
1276667029,97
1276682306,18
1276682613,17
1276683938,92
1276684296,15
1276689592,275
1276696490,289
1276700568,25
1276711748,11
1276718530,11
1276740847,15
1276747866,50
1276752077,190
1276755713,25
1276758823,13
1276764289,11
1276770371,11
1276776945,20
1276795737,17
1276798831,26
1276809046,139
1276812919,129
1276847779,18
1276853525,401
1276859360,35
1276861983,16
1276862650,22
1276874027,41
1276885966,438
1276930142,11
1276940779,302
1276950198,79
1276958558,40
1276962100,14
1276966391,543
1276977095,12
1276978035,13
1276983707,22
1276999782,463
1277004822,896
1277011740,33
1277016823,14
1277020166,54
1277026242,23
1277036183,24
1277040638,24
1277048300,26
1277054380,305
1277058567,234
1277063342,32
1277072583,32
1277079211,81
1277079624,181
1277124338,17
1277124966,16
1277131490,11
1277138198,124
1277139033,16
1277165741,44
1277169394,173
1277208602,199
1277214686,17
1277225273,13
1277241268,13
1277269587,16
1277282352,11
1277284594,86
1277286522,450
1277291595,15
1277335948,14
1277377323,33
1277389693,155
1277391537,25
1277405426,677
1277425281,11
1277425617,15
1277432663,16
1277434798,35
1277442050,78
1277451814,77
1277453821,55
1277455152,14
1277476916,102
1277477208,13349
1277479867,27
1277487031,56
1277488771,58
1277491008,12
1277494856,12
1277495137,12
1277499908,59
1277510172,522
1277510760,12
1277515654,12
1277520329,13
1277541374,11
1277544698,393
1277561099,284
1277578751,57
1277579877,26
1277585787,40
1277588122,26
1277590623,96
1277600433,12
1277603748,18
1277614585,469
1277623916,18
1277637600,54
1277646668,13
1277671229,18
1277684919,43
1277690020,21
1277693854,34
1277696037,415
1277714741,26
1277715563,324
1277719566,16
1277737044,22
1277750729,37
1277755058,30
1277769453,29
1277771911,115
1277791233,20
1277795285,26
1277796956,19
1277797277,28
1277797619,54
1277798763,77
1277807615,13
1277814981,12
1277833095,105
1277836854,15
1277842157,13
1277847672,17
1277853749,15
1277854808,20
1277858718,12
1277868994,35
1277872938,17
1277880177,33
1277887325,36
1277888947,33
1277893717,20
1277918666,245
1277926656,20
1277933603,110
1277934977,58
1277936455,58
1277944206,23
1277944593,10
1277946689,37
1277961348,12
1277989920,46
1277991010,23
1278003221,20
1278005100,18
1278013162,12
1278014713,26
1278020293,11
1278021888,75
1278022559,85
1278024385,11
1278025342,39
1278026821,16
1278033420,20
1278040671,133
1278045237,150
1278049086,16
1278055475,11
1278059883,11
1278071262,293
1278073463,107
1278079983,37
1278081820,19
1278082400,349
1278104920,31
1278120949,30
1278138352,17
1278157951,80
1278160330,78
1278196186,30
1278223986,181
1278229113,11
1278243180,70
1278253689,90
1278254044,20
1278265633,104
1278291700,14
1278312228,146
1278320942,256
1278324639,25
1278327133,14
1278332553,15
1278339298,17
1278344410,28
1278344979,99
1278377646,21
1278381956,112
1278395255,192
1278404368,18
1278411775,16
1278435489,21
1278439253,92
1278474208,40
1278480039,20
1278492137,23
1278516883,13
1278536566,158
1278547598,19
1278560693,33
1278568055,70
1278584694,130
1278587549,18
1278594969,18
1278621812,16
1278668528,1119
1278681031,21
1278715940,10
1278717907,368
1278734867,12
1278737636,27
1278757502,475
1278776929,19
1278779353,42
1278798600,18
1278823978,100
1278829954,125
1278838315,132
1278845334,27
1278845749,22
1278854221,26
1278864291,12
1278865145,19
1278866190,56
1278872653,44
1278873576,15
1278881844,60
1278889606,44
1278901777,13
1278913000,129
1278915262,122
1278915857,15
1278919646,17
1278924500,40
1278926400,1373
1278930365,16
1278930806,759
1278940275,174
1278959735,13
1278982238,145
1278993665,36
1279012585,40
1279018568,14
1279049964,12
1279064655,22
1279085846,502
1279086651,11
1279093890,11
1279113820,26
1279121101,15
1279133101,12
1279136063,14
1279140437,46
1279145675,26
1279159149,2699
1279160729,18
1279164234,211
1279164369,13
1279180155,176
1279181033,17
1279184910,17
1279187498,201
1279216221,23
1279218207,14
1279225546,15
1279253971,14
1279275212,31
1279275226,13
1279280095,134
1279299303,56
1279301508,33
1279325204,260
1279328732,48
1279343644,141
1279360413,18
1279362723,147
1279365081,24
1279380501,13
1279384488,20
1279406675,16
1279421241,22
1279423167,17
1279426975,255
1279435409,1565
1279437639,16
1279463850,12
1279468851,24
1279474229,60
1279480946,1004
1279489980,307
1279499470,14
1279508420,43
1279515197,42
1279515370,38
1279519446,14
1279522547,53
1279525967,158
1279532837,313
1279540157,11
1279555835,23
1279578393,33
1279580095,17
1279596088,11
1279604360,38
1279611658,11
1279617454,11
1279624703,65
1279628779,17
1279654497,77
1279659344,174
1279680219,18
1279706266,92
1279721212,27
1279737421,38
1279760665,241
1279773754,11
1279787729,12
1279795528,11
1279795550,17
1279802440,12
1279811464,89
1279825421,11
1279830753,18
1279834357,21
1279836172,14
1279846336,20
1279857804,11
1279886110,14
1279923114,19
1279932127,11
1279940806,26
1279994040,32
1279994504,171
1280002781,20
1280019852,129
1280026191,49
1280026567,12
1280027316,21
1280030529,44
1280038203,24
1280050659,13
1280069770,172
1280089735,16
1280092445,11
1280095430,18
1280097745,14
1280115203,135
1280115630,30
1280129499,665
1280129529,17
1280147188,129
1280155659,123
1280163607,11
1280182204,41
1280210616,72
1280215616,11
1280221360,104
1280231676,54
1280241714,21
1280270159,26
1280270225,19
1280289116,36
1280290209,11
1280296384,21
1280330025,15
1280369733,19
1280392516,11
1280394773,140
1280396163,52
1280408203,16
1280419330,44
1280423622,11
1280434631,136
1280439591,249
1280461698,12
1280467793,22
1280508992,139
1280523866,137
1280524151,19
1280536185,43
1280553461,37
1280557654,12
1280559914,227
1280562970,105
1280577596,138
1280579388,30
1280607135,19
1280608186,13
1280610964,19
1280615153,29
1280620933,121
1280641283,38
1280652237,11
1280655402,11
1280662085,12
1280664963,32
1280700348,10
1280703037,105
1280718019,18
1280760538,17
1280791354,148
1280793558,138
1280799166,11
1280804858,23
1280809609,251
1280825877,59
1280833415,106
1280847472,260
1280858916,12
1280860414,28
1280863441,93
1280866254,2
1280869012,52
1280869399,114
1280891560,18
1280898919,15
1280903659,23
1280908538,11
1280909807,66
1280912404,32
1280913563,139
1280913878,53
1280932746,26
1280955914,1349
1280967898,22
1280984042,573
1280990105,1090
1280998916,11
1281005910,311
1281005934,14
1281019389,29
1281025418,32
1281030225,86
1281030454,30
1281032192,25
1281032298,25
1281054646,182
1281061133,17
1281066641,118
1281071040,11
1281091382,549
1281110750,135
1281123262,23
1281124139,12
1281132799,15
1281133904,14
1281135080,32
1281140983,153
1281168411,195
1281171445,71
1281195074,126
1281200786,75
1281204616,11
1281206777,81
1281220980,39
1281230845,54
1281232928,91
1281235683,180
1281269179,15
1281269977,17
1281271303,38
1281285550,171
1281298965,16
1281315781,6780
1281320664,17
1281328046,253
1281328537,33
1281330782,141
1281337106,11
1281342434,38
1281362103,120
1281364875,14
1281365033,15
1281367277,76
1281377338,25
1281381884,117
1281383171,16
1281383429,13
1281400388,16
1281420131,436
1281431415,55
1281436921,17
1281445089,37
1281473904,170
1281481028,65
1281482961,73
1281483635,26
1281489228,21
1281489745,17
1281514306,25
1281525803,15
1281540408,23
1281565975,12
1281576906,65
1281582807,13
1281591192,30
1281593724,39
1281616740,12
1281622996,12
1281629949,15
1281632165,612
1281635644,58
1281645560,20
1281650273,82
1281655995,11
1281666770,50
1281670519,64
1281674370,29
1281688052,12
1281712143,12
1281769152,12
1281772914,675
1281774250,20
1281819568,238
1281831896,16
1281862290,20
1281863041,29
1281865046,551
1281873897,12
1281879940,18
1281880139,151
1281913298,13
1281916012,13
1281918185,12
1281925464,15
1281954048,29
1281959383,14
1281978113,11
1281981117,25
1282001233,47
1282011183,24
1282014269,16
1282014696,23
1282017359,106
1282025633,573
1282027238,69
1282030207,17
1282040587,15
1282045227,12
1282048314,36
1282049269,72
1282052467,13
1282052906,34
1282056346,26
1282058825,84
1282076425,30
1282080507,24
1282102712,19
1282103176,299
1282106099,11
1282107840,46
1282110174,24
1282120686,31
1282125157,20
1282128957,97
1282132622,29
1282141848,17
1282151191,16
1282159694,209
1282171564,13
1282198847,352
1282203523,12
1282208637,17
1282225905,12
1282231488,53
1282233511,183
1282246237,14
1282253922,14
1282265183,285
1282269007,131
1282273176,36
1282282026,21
1282294081,48
1282310951,34
1282324221,135
1282329734,11
1282340577,157
1282341373,41
1282346681,15
1282350588,53
1282351393,14
1282362391,436
1282364492,138
1282384355,83
1282385165,13
1282401255,15
1282418221,19
1282459536,12
1282467677,121
1282469039,33
1282472011,11
1282474395,103
1282477586,110
1282499854,17
1282514037,79
1282539777,39
1282572282,22
1282577775,28
1282597454,19
1282613745,11
1282634846,16
1282636938,228
1282650900,1286
1282653241,40
1282675658,14
1282680810,1837
1282682864,27
1282694784,78
1282705108,386
1282712646,17
1282748401,35
1282753323,26
1282763835,17
1282766748,45
1282766814,36
1282771204,22
1282777609,129
1282786458,32
1282787424,38
1282795086,58
1282797177,113
1282799832,17
1282835463,178
1282845531,334
1282858165,71
1282882352,15
1282908694,30
1282910754,161
1282916460,333
1282925790,28
1282928973,15
1282937931,20
1282938415,17
1282950465,50
1282958467,44
1282964765,11
1282967472,294
1282972498,22
1282978005,20
1282983086,120
1282984140,18
1283006548,24
1283007956,63
1283008105,128
1283013981,32
1283015427,154
1283015444,152
1283015456,151
1283015458,155
1283022577,22
1283043066,16
1283051151,103
1283059888,14
1283085412,11
1283088493,11
1283118598,75
1283126461,17
1283126780,154
1283131709,16
1283133573,25
1283142725,29
1283143764,22
1283151062,11
1283155270,11
1283168492,54
1283176487,13
1283182898,41
1283183407,11
1283187727,12
1283237512,45
1283252850,15
1283296883,13
1283299226,137
1283301890,151
1283301945,154
1283302652,151
1283302684,153
1283302820,151
1283302855,151
1283305043,151
1283305297,153
1283308335,919
1283308515,151
1283309332,151
1283309505,153
1283309991,151
1283310806,151
1283310807,151
1283311815,151
1283313140,152
1283314136,151
1283318124,155
1283321289,151
1283321505,23
1283324276,151
1283325882,152
1283326518,151
1283327964,150
1283328850,150
1283328907,150
1283329020,152
1283329717,152
1283329800,155
1283331989,151
1283332113,151
1283332466,151
1283333210,153
1283333331,150
1283334060,151
1283334279,154
1283334544,33
1283336941,151
1283341842,151
1283342383,150
1283344388,153
1283346286,151
1283346451,152
1283346987,151
1283347021,151
1283348713,151
1283352405,21
1283352617,61
1283352859,151
1283353368,151
1283353856,152
1283354276,152
1283354800,27
1283354814,151
1283355043,151
1283358155,151
1283360113,152
1283362196,154
1283363395,151
1283365576,151
1283375853,23
1283395530,30
1283398419,19
1283398629,40
1283408258,53
1283410511,45
1283416351,24
1283417522,16
1283427179,21
1283434917,25
1283453011,33
1283460530,15
1283463401,12
1283466765,79
1283467688,115
1283497044,12
1283501535,151
1283501799,12
1283521764,26
1283522472,17
1283540505,197
1283561164,20
1283565828,26
1283572841,43
1283574029,16
1283579994,12
1283580131,16
1283580852,21
1283582119,92
1283584225,11
1283598915,13
1283603794,103
1283610049,14
1283622513,11
1283628638,18
1283652685,14
1283656693,62
1283664500,19
1283678028,45
1283681554,55
1283686041,21
1283686098,14
1283699291,19
1283721731,18
1283721804,19
1283722068,17
1283731455,11
1283735838,21
1283740523,15
1283743529,65
1283762259,40
1283776668,13
1283781487,52
1283796634,12
1283799034,96
1283802261,19
1283821188,57
1283833415,12
1283833758,26
1283836865,28
1283850742,19
1283852448,12
1283852774,13
1283859977,19
1283865819,20
1283868033,173
1283868835,22
1283875369,23
1283880494,14
1283891625,16
1283901628,22
1283923666,17
1283925045,12
1283927346,38
1283940465,23
1283943813,14
1283947846,21
1283968843,24
1283977684,11
1283981615,74
1283986253,28
1284009891,31
1284014215,24
1284030856,42
1284040136,163
1284058045,21
1284066374,22
1284067692,62
1284077348,15
1284077352,20
1284082382,23
1284082910,18
1284088776,121
1284095369,16
1284099955,48
1284104299,42
1284109842,26
1284126768,65
1284129855,23
1284139056,55
1284139792,343
1284168496,31
1284174979,1114
1284182184,24
1284198482,12
1284202424,22
1284208011,12
1284208582,95
1284209689,17
1284210058,25
1284223182,17
1284246323,13
1284246470,181
1284247955,37
1284261810,42
1284271591,184
1284277975,36
1284303399,110
1284304193,12
1284310632,11
1284316868,16
1284322507,14
1284346730,20
1284364149,15
1284382976,12
1284392092,37
1284414913,193
1284420230,25
1284423701,100
1284426808,11
1284435392,13
1284445635,220
1284449744,14
1284452101,14
1284463375,11
1284485443,28
1284518502,12
1284534061,13
1284538699,456
1284541636,12
1284546129,36
1284551780,22
1284555311,27
1284578918,35
1284579907,43
1284580604,39
1284607942,126
1284608173,168
1284608906,105
1284643150,19
1284648689,290
1284658028,28
1284659975,18
1284667422,19
1284672605,136
1284681116,43
1284688466,57
1284692613,103
1284700356,58
1284712193,28
1284714863,11
1284721646,12
1284733159,13
1284734312,15
1284735525,63
1284736292,278
1284740610,333
1284751258,19
1284753142,64
1284756909,12
1284759701,34
1284781487,15
1284785245,39
1284787758,15
1284803064,21
1284808139,12
1284830350,20
1284836640,135
1284845470,727
1284850658,15
1284865806,13
1284875082,33
1284889108,17
1284905996,47
1284958326,18
1284959612,1867
1284962534,32
1284968478,21
1284971043,27
1284986056,33
1285000932,14
1285016676,14
1285027813,37
1285029934,31
1285034691,12
1285072698,47
1285091835,14
1285102035,19
1285104880,37
1285113628,51
1285116275,20
1285126866,38
1285134067,15
1285138167,22
1285150264,21
1285173126,46
1285175428,30
1285179460,30
1285186519,12
1285207270,108
1285223817,140
1285240239,17
1285247004,72
1285260852,28
1285268157,39
1285272914,96
1285276442,11
1285277249,18
1285290091,13
1285290326,21
1285299512,18
1285308005,68
1285358712,12
1285362275,40
1285366850,20
1285372971,12
1285375505,12
1285388916,11
1285404766,11
1285404893,12
1285406575,43
1285455564,15
1285492735,21
1285512939,583
1285532627,33
1285533087,15
1285553511,14
1285584165,23
1285612276,227
1285612368,28
1285612723,50
1285614852,171
1285616007,176
1285616359,169
1285616517,12
1285616548,177
1285617769,170
1285618377,175
1285618505,174
1285618746,181
1285619315,35
1285619366,223
1285620058,179
1285620231,175
1285621166,173
1285635617,17
1285641979,12
1285642601,12
1285643256,67
1285643489,613
1285643868,31
1285649662,26
1285653192,75
1285653194,21
1285654295,14
1285656500,36
1285665224,12
1285669809,17
1285670072,14
1285670188,19
1285672288,31
1285704764,19
1285705904,2572
1285726536,55
1285729011,44
1285736028,14
1285753321,21
1285768056,21
1285769468,15
1285776286,11
1285778184,48
1285781098,21
1285787558,55
1285797092,25
1285808809,293
1285816658,12
1285819874,63
1285863081,15
1285881211,44
1285881563,18
1285885421,12
1285886218,186
1285900799,53
1285902621,45
1285924109,17
1285926464,23
1285940339,19
1285946801,11
1285956092,28
1285957532,179
1285966137,34
1285974683,990
1285994107,25
1285995046,26
1285996394,14
1286010520,326
1286041367,20
1286054177,34
1286055132,33
1286069434,16
1286071002,131
1286080008,13
1286102636,11
1286113664,41
1286116609,29
1286135398,29
1286159878,29
1286203278,14
1286206140,49
1286206293,12
1286210431,30
1286217696,20
1286230821,19
1286232072,11
1286235236,103
1286236913,60
1286243024,14
1286260116,14
1286261242,27
1286266523,25
1286279483,184
1286309178,400
1286349836,26
1286361322,15
1286395891,15
1286406151,26
1286425214,33
1286452688,38
1286475682,68
1286478863,31
1286485360,11
1286498512,25
1286499192,12
1286500812,12
1286501135,17
1286518017,14
1286519799,20
1286529702,23
1286533290,15
1286547006,18
1286551417,23
1286576904,66
1286584533,42
1286589461,55
1286591918,16
1286613567,54
1286622370,16
1286623246,13
1286633499,13
1286638524,24
1286644174,15
1286650072,19
1286652851,84
1286655809,43
1286660559,94
1286663306,17
1286674545,12
1286693015,21
1286705389,11
1286708665,12
1286709271,21
1286732818,1123
1286747417,23
1286757779,12
1286763703,27
1286765396,32
1286769439,11
1286775287,133
1286781880,188
1286792158,17
1286817684,12
1286822346,35
1286842063,32
1286843623,40
1286843683,59
1286845834,59
1286846690,11
1286852030,21
1286854085,75
1286870850,17
1286901904,34
1286921847,216
1286928810,35
1286929516,30
1286936704,45
1286939042,16
1286953511,26
1286955203,12
1286962008,11
1286976854,13
1286986255,14
1287003459,23
1287010006,23
1287015444,15
1287032262,15
1287032505,22
1287040997,13
1287048614,22
1287050833,102
1287054186,12
1287054567,24
1287055640,14
1287057225,12
1287064286,17
1287064367,363
1287065520,16
1287068039,120
1287097047,27
1287103899,14
1287112265,15
1287114669,46
1287118910,47
1287133573,189
1287133718,12
1287137309,41
1287143833,15
1287144800,16
1287154353,11
1287167787,13
1287168491,928
1287168990,546
1287169139,20
1287183937,12
1287188318,16
1287204510,60
1287216871,11
1287216971,23
1287232396,16
1287241330,14
1287242357,17
1287249670,27
1287275352,12
1287282432,891
1287300798,15
1287302739,34
1287319347,27
1287326388,19
1287329807,14
1287332070,30
1287338845,14
1287339827,78
1287341687,35
1287346406,31
1287352822,123
1287355973,307
1287401002,405
1287413468,14
1287418409,60
1287429470,12
1287442244,240
1287444152,43
1287460663,5243
1287461497,38
1287470793,31
1287482439,14
1287486661,39
1287489793,15
1287505428,14
1287518095,15
1287523902,14
1287531513,34
1287549995,13
1287568859,26
1287570647,11
1287594240,12
1287594602,14
1287603239,48
1287607687,12
1287609461,24
1287610282,26
1287612332,36
1287628953,16
1287629488,26
1287663860,67
1287674895,46
1287678199,215
1287687409,29
1287710410,17
1287710445,18
1287710473,20
1287710505,21
1287728325,188
1287733709,13
1287737246,19
1287755141,21
1287769478,615
1287779992,17
1287782481,12
1287783473,14
1287804060,761
1287806129,18
1287816393,12
1287823023,85
1287825471,89
1287831552,47
1287833873,13
1287840943,14
1287846492,270
1287852974,27
1287862936,298
1287870588,60
1287874189,11
1287882910,11
1287890629,62
1287919291,14
1287919581,12
1287936258,16
1287938366,222
1287962749,22
1287966278,106
1287991092,31
1288011918,36
1288054527,14
1288054693,126
1288059458,11
1288064456,49
1288064720,20
1288069617,10
1288076814,98
1288081323,103
1288093218,143
1288095947,22
1288101814,34
1288106370,98
1288107515,19
1288110627,22
1288120439,14
1288151957,15
1288158967,21
1288163028,26
1288175235,36
1288220921,182
1288228170,24
1288262029,14
1288265666,29
1288273711,52
1288276081,12
1288277383,23
1288292418,1604
1288304560,71
1288321115,60
1288325627,35
1288331786,72
1288342491,23
1288362206,23
1288363236,20
1288380908,80
1288388694,13
1288395026,142
1288402762,2863
1288404530,17
1288411750,19
1288414617,510
1288422836,11
1288424187,11
1288433826,19
1288460943,12
1288467466,198
1288476092,14
1288496072,84
1288504075,13
1288505524,89
1288508356,92
1288545282,125
1288570069,23
1288582051,13
1288587093,19
1288595527,78
1288599558,14
1288630993,16
1288642659,19
1288651538,13
1288672674,28
1288682148,16
1288684460,45
1288703620,26
1288706873,43
1288728943,25
1288733503,16
1288758234,12
1288762476,25
1288777867,16
1288777900,226
1288781687,25
1288787277,123
1288787426,42
1288789542,21
1288791412,19
1288820389,190
1288858970,23
1288861827,80
1288900132,18
1288931625,30
1288951030,13
1288952475,136
1288952816,74
1288958400,20
1288972522,32
1288985136,19
1288986083,35
1288998877,23
1289001778,36
1289031324,55
1289037448,91
1289038438,161
1289052336,21
1289066205,30
1289075393,296
1289096470,30
1289096810,41
1289101843,12
1289112181,20
1289123250,37
1289130590,183
1289134166,35
1289148499,11
1289180378,11
1289184179,47
1289191071,17
1289210484,11
1289213389,11
1289213568,26
1289214621,14
1289216565,20
1289237218,21
1289253413,25
1289258261,27
1289268385,17
1289268998,40
1289275691,227
1289281455,12
1289291024,47
1289302468,14
1289303356,12
1289309191,1015
1289313583,13
1289316188,106
1289329590,19
1289344908,61
1289373801,15
1289382533,20
1289383690,13
1289402893,48
1289403900,21
1289409182,32
1289409845,96
1289411321,79
1289419269,17
1289435641,664
1289435661,14
1289445158,12
1289447490,55
1289449692,95
1289456372,21
1289458451,12
1289471395,15
1289475244,13
1289476943,195
1289490233,73
1289500007,18
1289527697,14
1289539646,95
1289551526,67
1289566856,358
1289575092,15
1289578785,13
1289579011,25
1289594768,55
1289595475,28
1289598388,112
1289599380,12
1289599396,25
1289606611,105
1289612923,268
1289634070,18
1289635045,11
1289644132,13
1289647930,80
1289651398,14
1289657695,42
1289661113,315
1289663086,11
1289665394,11
1289684445,17
1289708063,13
1289714083,8
1289718189,17
1289724268,246
1289727134,196
1289735643,12
1289737428,13
1289738717,23
1289739564,11
1289742380,28
1289743790,1031
1289755707,1332
1289770124,82
1289781756,41
1289801839,34
1289805474,167
1289810924,18
1289811218,13
1289816372,43
1289817225,57
1289817233,13
1289834653,51
1289837195,53
1289847529,21
1289855202,38
1289858698,347
1289868346,1130
1289871444,52
1289880549,11
1289888557,79
1289903345,15
1289907287,12
1289907975,14
1289908594,14
1289910520,14
1289911629,11
1289921037,32
1289932122,16
1289949311,184
1289951235,237
1289968844,11
1289973161,16
1289975833,12
1289984605,14
1289989219,12
1289998730,15
1290003469,42
1290004323,14
1290014367,25
1290022584,98
1290025719,57
1290036613,12
1290037030,32
1290039961,152
1290061411,31
1290062238,48
1290068976,124
1290069630,66
1290071994,24
1290081931,23
1290089254,13
1290098318,116
1290111917,23
1290123560,56
1290127517,20
1290146959,57
1290150257,167
1290185333,14
1290185701,43
1290219822,61
1290241977,38
1290251222,13
1290258572,39
1290286902,14
1290326260,287
1290327176,15
1290328251,18
1290335624,14
1290354647,21
1290357699,13
1290361156,106
1290427326,12
1290432479,20
1290445936,129
1290461222,12
1290465737,19
1290474490,20
1290486035,12
1290494976,15
1290495061,16
1290507726,16
1290512486,13
1290534164,11
1290547652,48
1290553178,13
1290553643,14
1290558619,30
1290565606,245
1290565686,218
1290590424,22
1290601520,22
1290627511,21
1290650156,22
1290650462,44
1290653606,289
1290660827,23
1290661234,59
1290680922,38
1290686701,21
1290686985,16
1290696540,45
1290697920,121
1290700307,46
1290728896,309
1290732504,13
1290749098,56
1290754906,17
1290757367,11
1290767643,15
1290768088,78
1290782877,13
1290790488,12
1290807177,11
1290809573,55
1290823246,17
1290830352,15
1290852121,38
1290854596,621
1290857129,20
1290884614,113
1290897015,22
1290897156,628
1290900293,39
1290923480,15
1290927049,14
1290933935,189
1290947992,59
1290950360,104
1290952186,31
1290956546,27
1290961602,68
1290979982,135
1290982812,11
1291007526,16
1291031738,42
1291037585,53
1291037733,21
1291049617,12
1291074566,66
1291098094,469
1291114277,56
1291115716,123
1291116871,22
1291123786,87
1291146703,48
1291154771,36
1291157543,612
1291173264,24
1291173267,16
1291189671,13
1291203310,16
1291210160,258
1291214151,99
1291233408,104
1291242597,551
1291280180,58
1291282235,22
1291305333,24
1291322604,48
1291336189,12
1291336217,29
1291336838,36
1291339585,16
1291342338,18
1291351338,19
1291351498,14
1291360022,20
1291383899,10
1291387853,26
1291414309,100
1291421612,68
1291424008,12
1291431281,24
1291441881,17
1291442636,24
1291455828,20
1291455926,17
1291466723,16
1291466969,14
1291468384,11
1291490166,251
1291492779,41
1291498626,43
1291499934,27
1291501594,12
1291502015,819
1291502103,26
1291503861,294
1291530267,215
1291534737,40
1291536810,12
1291543949,12
1291544092,1936
1291571801,91
1291604065,64
1291613802,95
1291618703,32
1291629775,11
1291629779,11
1291642855,14
1291644553,21
1291658615,32
1291659044,88
1291661471,124
1291673784,20
1291688318,100
1291693853,16
1291728144,35
1291741982,121
1291742788,75
1291765045,23
1291766087,31
1291773488,12
1291779094,49
1291781923,60
1291783779,2872
1291802228,14
1291808712,36
1291831530,23
1291834848,34
1291860076,148
1291886696,20
1291888782,94
1291892045,59
1291896819,16
1291901874,12
1291907563,38
1291921955,104
1291931737,24
1291950976,25
1291958928,223
1291962137,19
1291969904,62
1291971266,17
1291974677,16
1291978751,35
1291987214,17
1291988340,164
1291993456,12
1291994110,127
1292006968,14
1292018156,12
1292028312,33
1292033680,11
1292036695,11
1292088940,437
1292122475,19
1292149371,14
1292158992,332
1292185453,11
1292186249,48
1292197111,107
1292208306,236
1292208583,29
1292215635,11
1292218441,11
1292256306,42
1292265540,19
1292280196,12
1292280249,705
1292287896,15
1292290792,12
1292294946,11
1292295667,16
1292302215,164
1292336215,158
1292339579,12
1292341562,93
1292342255,86
1292354210,75
1292362076,17
1292365126,74
1292373208,16
1292381040,12
1292384008,21
1292406637,810
1292431002,55
1292434453,18
1292436887,341
1292440059,64
1292440486,13
1292458106,43
1292458261,43
1292458276,55
1292462975,66
1292469953,14
1292472665,17
1292477439,45
1292482053,159
1292505690,276
1292523720,15
1292529733,108
1292530568,14
1292532003,22
1292544026,810
1292548604,21
1292550079,20
1292567425,84
1292575405,12
1292581405,29
1292586353,16
1292588083,655
1292591034,27
1292601409,112
1292602748,13
1292603082,530
1292611271,767
1292617331,48
1292652711,60
1292662826,56
1292666572,11
1292668977,156
1292670045,35
1292672931,347
1292678764,32
1292687159,29
1292688393,18
1292699127,16
1292704139,39
1292707082,25
1292709273,120
1292725081,27
1292726463,20
1292729732,36
1292752293,11
1292756053,783
1292758637,914
1292799650,18
1292803076,47
1292805205,13
1292810049,18
1292813857,248
1292815860,64
1292817311,57
1292826636,11
1292842754,104
1292859223,19
1292864285,358
1292887429,14
1292896360,12
1292904557,20
1292908333,97
1292917621,26
1292920091,29
1292930883,26
1292937850,175
1292949057,19
1292959171,81
1292960437,34
1292965534,14
1292967604,28
1292975337,11
1292983476,13
1292983646,16
1292995916,70
1293002033,84
1293011705,15
1293014571,298
1293016738,13
1293023344,94
1293023679,66
1293029871,22
1293047359,74
1293051640,276
1293054306,859
1293055082,69
1293060614,49
1293066810,36
1293079208,50
1293082552,14
1293089313,11
1293097754,33
1293121942,534
1293128596,428
1293133470,139
1293133608,15
1293144497,25
1293145788,23
1293146740,14
1293152736,12
1293153760,29
1293166992,46
1293174594,47
1293188585,31
1293204556,53
1293242972,11
1293267652,20
1293275849,432
1293282148,14
1293287983,63
1293290940,257
1293298064,103
1293302148,80
1293329788,159
1293344456,40
1293344851,15
1293369680,66
1293371220,712
1293372051,1402
1293373926,25
1293392008,11
1293394740,11
1293395679,20
1293418144,15
1293445504,52
1293450941,163
1293462968,25
1293473664,542
1293496062,175
1293519413,17
1293528120,16
1293528352,203
1293548427,98
1293565442,31
1293566414,21
1293583727,127
1293587084,28
1293591465,19
1293597225,98
1293600453,353
1293608593,237
1293617341,21
1293625280,12
1293631192,69
1293640519,244
1293647745,19
1293670798,872
1293691564,101
1293717587,30
1293717823,135
1293727298,103
1293729903,134
1293742072,61
1293743886,62
1293746415,22
1293746575,14
1293747025,136
1293801504,38
1293806470,614
1293840610,19
1293842570,18
1293861908,12
1293889404,53
1293924437,14
1293928825,39
1293948993,228
1293955244,17
1293965946,143
1293975384,32
1294008777,103
1294058995,15
1294080817,12
1294094207,15
1294114499,42
1294147380,11
1294157055,165
1294164685,79
1294259549,15
1294279713,12
1294305994,13
1294311895,11
1294326780,12
1294335516,11
1294351823,21
1294369296,64
1294382024,49
1294390376,94
1294427913,20
1294430749,37
1294440483,18
1294459630,47
1294466084,18
1294480204,13
1294485027,17
1294541211,17
1294544128,610
1294562764,447
1294565886,13
1294567068,69
1294586858,15
1294598436,33
1294604196,36
1294614772,23
1294616380,182
1294624577,12
1294625255,28
1294626733,77
1294637523,344
1294654664,50
1294665149,44
1294673670,134
1294677362,11
1294678204,133
1294679712,21
1294680964,23
1294686811,134
1294704254,132
1294722834,167
1294739070,78
1294760990,136
1294763382,13
1294778982,35
1294787951,137
1294799753,12
1294816362,136
1294821660,164
1294823848,133
1294849806,36
1294852002,15
1294874234,29
1294904000,34
1294907218,13
1294939035,74
1294956555,54
1294964139,732
1294964918,64
1294974964,167
1294988947,216
1294991594,11
1295000646,16
1295002937,61
1295011810,12
1295039995,146
1295042547,13
1295046960,53
1295051598,36
1295073265,221
1295085779,11
1295092827,272
1295108547,35
1295117727,307
1295145837,14
1295154902,935
1295162156,119
1295166457,12
1295167025,35
1295183786,13
1295184546,13
1295185242,13
1295186092,18
1295193750,13
1295194584,14
1295196892,16
1295199205,14
1295206342,16
1295266264,45
1295282395,11
1295282888,46
1295293233,12
1295296921,39
1295310807,51
1295314945,116
1295320127,29
1295320736,52
1295344808,13
1295359708,25
1295363021,133
1295383219,111
1295387006,48
1295415985,135
1295422942,12
1295438128,36
1295450141,16
1295470853,309
1295478728,13
1295482110,218
1295495980,11
1295496217,12
1295510275,67
1295512859,12
1295515267,86
1295524525,24
1295531254,1491
1295543570,12
1295551655,177
1295552086,178
1295553507,176
1295554023,87
1295554311,178
1295555650,178
1295556086,183
1295556192,180
1295557635,165
1295558672,180
1295559630,169
1295559632,170
1295560684,164
1295561884,174
1295561932,174
1295562041,182
1295562436,176
1295562603,175
1295562787,177
1295562981,184
1295565735,175
1295566014,175
1295566035,178
1295566101,174
1295566135,169
1295566800,175
1295566871,178
1295566960,162
1295567535,178
1295568421,189
1295569706,173
1295570257,179
1295570991,182
1295571225,183
1295571302,175
1295571903,174
1295572073,177
1295577734,116
1295578280,16
1295581894,59
1295583883,21
1295584891,56
1295590478,32
1295614877,11
1295618902,51
1295624544,24
1295634529,23
1295648738,213
1295649165,91
1295653887,31
1295657237,11
1295676197,190
1295688847,109
1295708862,540
1295714815,16
1295768859,161
1295803985,29
1295814352,21
1295829277,25
1295835040,59
1295858816,40
1295864070,159
1295864331,18
1295872517,18
1295901464,69
1295902352,16
1295937847,138
1295965137,31
1295965620,60
1295967737,12
1295972337,55
1295975920,17
1295985574,52
1295991094,20
1295994638,33
1295996145,12
1296000930,22
1296016994,37
1296021415,19
1296024548,311
1296036886,1332
1296040105,31
1296041659,97
1296050346,545
1296055654,54
1296056515,16
1296072145,53
1296102301,341
1296107475,853
1296111192,161
1296111638,21
1296111994,15
1296114889,36
1296119852,34
1296135579,26
1296135758,44
1296138876,15
1296163320,20
1296189318,28
1296190079,33
1296248129,55
1296250451,194
1296256899,11
1296260901,36
1296273774,13
1296300799,931
1296301313,791
1296302822,492
1296312541,46
1296324767,92
1296326316,66
1296344930,386
1296347944,132
1296348059,17
1296349582,212
1296350812,22
1296354941,14
1296365237,47
1296370469,5
1296375920,339
1296381450,16
1296385256,290
1296397537,35
1296404338,145
1296408226,16
1296432061,12
1296434943,62
1296435222,21
1296438403,19
1296441594,41
1296449838,58
1296450945,43
1296462200,224
1296471020,12
1296471449,557
1296472403,138
1296478978,24
1296484148,36
1296537614,12
1296550039,14
1296557893,38
1296570575,26
1296573992,19
1296585751,210
1296602376,79
1296607973,97
1296627757,880
1296635340,46
1296635666,13
1296643720,21
1296649748,17
1296649839,238
1296661225,66
1296672011,11
1296678306,217
1296678314,43
1296680841,1229
1296688714,36
1296688895,84
1296711588,173
1296734416,13
1296738161,18
1296751400,88
1296768326,89
1296774563,31
1296775646,28
1296787820,26
1296792947,26
1296793921,27
1296808521,128
1296814267,12
1296817533,86
1296836072,189
1296841294,88
1296854989,86
1296861532,43
1296874887,60
1296882043,25
1296889061,20
1296900853,12
1296903699,17
1296913096,163
1296922843,15
1296926351,12
1296929824,11
1296931670,16
1296932035,78
1296935864,16
1296941059,15
1296959361,26
1296961913,63
1296963477,163
1296965951,50
1296981871,53
1296982152,16
1297003539,23
1297004839,11
1297007256,107
1297010149,426
1297013313,68
1297019929,28
1297022212,114
1297030348,16
1297042736,12
1297072142,25
1297075250,12
1297080538,13
1297089591,53
1297090793,63
1297099848,15
1297100398,18
1297115272,122
1297115450,69
1297117944,36
1297121898,20
1297126969,25
1297147597,25
1297152948,43
1297155925,65
1297161149,16
1297186508,102
1297191394,94
1297197942,97
1297199648,21
1297211063,28
1297212179,50
1297221666,12
1297245314,13
1297251847,16
1297263342,13
1297265714,17
1297278222,336
1297287351,11
1297313158,60
1297316519,3184
1297316564,135
1297317945,25
1297334206,92
1297337135,13
1297343152,32
1297353293,18
1297368894,11
1297368927,19
1297379226,43
1297385317,16
1297386092,18
1297386391,216
1297390767,13
1297390829,35
1297393883,16
1297397966,11
1297400572,18
1297413550,15
1297414511,92
1297429458,56
1297429477,33
1297448989,23
1297462855,12
1297466672,17
1297478882,24
1297479393,16
1297491478,14
1297534990,12
1297538014,134
1297553204,96
1297560842,11
1297567382,30
1297572541,63
1297573774,29
1297574911,12
1297579661,32
1297579800,56
1297586900,16
1297595257,11
1297600783,13
1297608111,67
1297611216,109
1297638533,108
1297650803,12
1297668161,31
1297691747,161
1297694352,53
1297701040,16
1297703342,28
1297738589,38
1297757117,12
1297765263,12
1297766097,19
1297776908,151
1297780347,123
1297789435,19
1297797901,22
1297799377,47
1297814636,13
1297827159,90
1297831184,46
1297878371,119
1297902282,78
1297912696,39
1297916761,18
1297937750,17
1297960940,11
1297972250,41
1297979369,482
1297984221,60
1297986858,14
1297987227,32
1298001693,16
1298021489,123
1298031533,157
1298034949,42
1298037639,132
1298047052,12
1298065682,27
1298076016,16
1298084716,40
1298108536,37
1298112590,30
1298115146,70
1298124536,238
1298127389,24
1298139770,14
1298153351,28
1298158902,37
1298164075,125
1298174000,17
1298175867,20
1298186451,17
1298188743,29
1298189234,858
1298191005,33
1298203529,19
1298208279,23
1298216311,25
1298216890,19
1298228264,16
1298235708,17
1298244810,761
1298248424,25
1298265782,48
1298271854,31
1298282884,93
1298282939,71
1298301815,457
1298306683,27
1298311899,14
1298317899,44
1298324581,84
1298330759,15
1298330762,129
1298335317,11
1298351661,12
1298354563,43
1298354719,41
1298373096,20
1298381505,45
1298389464,22
1298394175,71
1298402208,14
1298402291,17
1298402884,60
1298416012,14
1298427761,42
1298441011,41
1298444438,31
1298458766,99
1298494423,26
1298500250,8
1298518446,12
1298522061,25
1298524881,17
1298526427,11
1298531535,24
1298540929,140
1298569568,29
1298598437,20
1298605985,28
1298611557,51
1298661864,45
1298662780,42
1298677021,12
1298696137,7539
1298699871,26
1298703923,15
1298710636,108
1298717535,11
1298757994,18
1298760593,160
1298776816,55
1298780689,80
1298783547,11
1298794128,35
1298809265,12
1298825209,1060
1298833847,20
1298835702,25
1298849251,68
1298852328,17
1298874131,16
1298890549,1480
1298907438,11
1298912593,27
1298912749,44
1298912807,170
1298916380,38
1298933079,80
1298948475,13
1298954696,84
1298962178,15
1298977090,294
1298997344,14
1298998324,1307
1299023861,122
1299043514,104
1299058088,85
1299059228,377
1299064384,14
1299074098,17
1299075417,29
1299075525,28
1299096615,12
1299098282,13
1299101460,17
1299108987,35
1299109556,152
1299132400,14
1299133936,187
1299153287,40
1299172984,13
1299183411,37
1299193892,13
1299196724,17
1299225226,103
1299238284,21
1299238433,114
1299239337,50
1299248993,16
1299255113,136
1299266129,193
1299274014,18
1299283711,12
1299297301,29
1299299202,12
1299300597,19
1299316742,58
1299322393,17
1299332215,20
1299332376,98
1299352195,35
1299359887,20
1299363480,13
1299377098,29
1299377596,92
1299381557,126
1299391180,44
1299391914,23
1299402689,18
1299405532,63
1299415612,90
1299424782,16
1299427635,11
1299444163,67
1299446983,133
1299460293,284
1299469235,15
1299472893,25
1299483807,34
1299494230,60
1299499111,50
1299504474,135
1299510850,14
1299516451,43
1299516812,45
1299518666,227
1299534286,11
1299544119,29
1299550692,43
1299564899,18
1299573741,39
1299585779,16
1299592457,12
1299593939,22
1299619059,45
1299619868,270
1299627068,18
1299628213,11
1299635121,57
1299639457,118
1299691584,159
1299702144,12
1299704239,13
1299715232,25
1299734316,180
1299750967,125
1299751691,0
1299770029,11
1299811667,34
1299820860,595
1299827099,142
1299833043,25
1299839177,22
1299847522,12
1299851932,18
1299864365,18
1299869694,36
1299885911,435
1299929539,11
1299936609,212
1299946390,16
1299948312,34
1299952233,159
1299952957,81
1299953207,17
1299963641,18
1299966529,425
1299969979,18
1299969985,11
1299980464,33
1299986260,65
1300023993,167
1300024503,4
1300030250,22
1300040942,62
1300059342,80
1300071984,26
1300084498,41
1300088092,29
1300107229,20
1300108628,107
1300123581,172
1300130121,23
1300134200,143
1300140564,37
1300144318,130
1300145782,53
1300153697,253
1300165290,142
1300168072,124
1300171107,129
1300173275,483
1300181963,76
1300184722,22
1300197094,11
1300200526,12
1300204002,132
1300204425,111
1300211152,142
1300212740,68
1300220661,128
1300230372,91
1300237368,142
1300241319,17
1300242971,130
1300259063,142
1300265377,142
1300269999,12
1300271089,40
1300271177,40
1300271266,40
1300271366,42
1300271521,41
1300277628,143
1300282659,76
1300282686,16
1300286845,43
1300290874,22
1300293955,23
1300293986,148
1300295755,13
1300333512,125
1300374453,61
1300401366,15
1300402437,52
1300418295,244
1300430658,38
1300438415,11
1300442898,41
1300446537,117
1300459912,42
1300484864,103
1300502001,24
1300523446,35
1300541341,50
1300541916,50
1300555995,214
1300573378,46
1300576199,14
1300589372,18
1300596785,55
1300599779,49
1300600847,16
1300611018,70
1300612704,1717
1300628885,21
1300631934,50
1300666568,40
1300707779,15
1300713717,22
1300715013,28
1300719974,129
1300735116,15
1300757259,91
1300781672,103
1300791877,36
1300819170,251
1300825775,652
1300827846,19
1300835670,22
1300842713,11
1300901348,20
1300902838,22901
1300907089,36
1300919728,16
1300920852,15
1300955288,13
1300983367,11
1300983387,274
1300991151,19
1300993394,14
1300995235,24
1301005835,14
1301016329,23
1301029211,1
1301035913,24
1301065951,27
1301073151,72
1301078425,41
1301103236,52
1301105296,129
1301131750,71
1301140584,15
1301140808,6447
1301143981,16
1301161752,185
1301178592,60
1301196895,203
1301199747,27
1301201613,147
1301213233,343
1301224634,27
1301231972,124
1301238021,50
1301262267,11
1301266742,40
1301269170,25
1301277455,18
1301304056,51
1301304237,87
1301312343,97
1301322902,24
1301323244,11
1301347593,11
1301348114,99
1301348989,13
1301366518,13
1301373645,14
1301374527,13
1301376039,70
1301386747,54
1301389817,13
1301401232,13
1301417762,15
1301419178,13
1301439040,27
1301445158,21
1301448027,30
1301455815,22
1301458181,18
1301466742,5
1301469329,65
1301485816,348
1301491918,37
1301498505,42
1301498945,79
1301502264,34
1301518021,39
1301525143,24
1301527869,27
1301528097,53
1301533608,108
1301540478,117
1301563271,22
1301575666,11
1301596482,42
1301597356,12419
1301607598,819
1301643310,16
1301653337,246
1301657572,61
1301667013,34
1301672719,390
1301693327,34
1301709626,26
1301774983,41
1301796528,43
1301812872,39
1301819599,12
1301841465,45
1301856089,31
1301856519,54
1301861241,27
1301870117,22
1301875103,12
1301898837,14
1301903391,25
1301934220,11
1301958727,19
1301969071,20
1301983899,64
1301987551,16
1301993377,12
1301998668,12
1302010381,26
1302014092,12
1302019080,232
1302019326,28
1302029387,28
1302030647,15
1302031002,106
1302045369,75
1302077273,818
1302080030,11
1302087529,11
1302093382,269
1302164086,19
1302170043,49
1302202880,30
1302223856,55
1302252210,30
1302262750,98
1302269184,21
1302273154,103
1302287414,61
1302291872,20
1302297836,21
1302315783,30
1302326901,18
1302327379,23
1302335558,26
1302375379,120
1302398032,1482
1302409680,547
1302419828,42
1302427034,13
1302442495,11
1302448737,338
1302460137,85
1302464336,13
1302482437,13
1302483274,75
1302496224,75
1302513724,32
1302521362,30
1302522817,12
1302531339,133
1302544971,59
1302549724,111
1302552260,11
1302584359,28
1302595848,46
1302610309,16
1302615481,21
1302629692,29
1302643506,112
1302657908,18
1302690078,294
1302692944,38
1302701321,15
1302709654,15
1302746638,16
1302754323,25
1302756008,1127
1302761259,56
1302778457,22
1302801301,12
1302802371,122
1302856834,12
1302888707,35
1302911872,62
1302914488,22
1302915552,399
1302919578,4
1302925060,46
1302937875,12
1302961227,42
1302962846,55
1302984367,82
1302986554,12
1302987358,34
1302988703,60
1303008060,103
1303020015,245
1303030097,44
1303043661,16
1303049566,53
1303050614,13
1303051373,11
1303075050,226
1303090597,11
1303104453,50
1303104741,13
1303106583,17
1303110640,30
1303111815,30
1303113964,42
1303123981,13
1303124963,54
1303160078,26
1303179284,12
1303207414,36
1303214804,28
1303228846,12
1303237716,18
1303245406,12
1303253010,96
1303257127,120
1303286155,17
1303294638,29
1303306436,33
1303315918,211
1303323911,158
1303365335,28
1303388198,204
1303415892,12
1303430390,21
1303444609,155
1303463449,97
1303475491,34
1303494416,544
1303503512,24
1303504717,60
1303510493,15
1303516931,108
1303528937,68
1303535896,26
1303542206,35
1303558514,154
1303563430,42
1303576851,1136
1303627608,16
1303648567,39
1303654689,21
1303659182,95
1303665181,52
1303694788,13
1303698387,12
1303711609,62
1303715087,158
1303720794,23
1303725660,14
1303760460,20
1303763995,16
1303780153,17
1303808471,37
1303817447,42
1303829880,1522
1303840800,69
1303843138,37
1303848744,13
1303856272,12
1303900797,33
1303913048,17
1303930771,122
1303945692,38
1303951648,125
1303954218,31
1303954895,13
1303959845,33
1303967338,12
1303967412,31
1303984411,19
1303993210,11
1303996759,17
1304005951,13
1304009131,27
1304012236,41
1304014128,58
1304024914,30
1304027230,101
1304050127,11
1304056775,37
1304080289,49
1304094516,28
1304107002,12
1304125705,16
1304129036,732
1304146485,19
1304159264,250
1304174300,55
1304196094,11
1304207622,2471
1304222831,65
1304229261,123
1304232661,42
1304234956,12
1304237262,36
1304238567,76
1304242618,17
1304260727,41
1304294655,12
1304306112,21
1304315081,94
1304322497,47
1304333897,26
1304335866,12
1304337507,40
1304341067,33
1304349828,51
1304359065,120
1304378982,26
1304404625,12
1304407094,53
1304423757,28
1304443708,14
1304444662,33
1304467806,29
1304471702,21
1304473868,18
1304488632,24
1304495415,68
1304501122,48
1304506703,27
1304517830,19
1304519591,33
1304526833,13
1304529863,53
1304537180,14
1304537472,31
1304542808,40
1304556871,27
1304559533,14
1304567934,23
1304586137,17
1304591688,23
1304595029,141
1304597154,20
1304610471,11
1304628584,21
1304631348,32
1304632302,39
1304663770,69
1304667908,19
1304671769,47
1304680116,51
1304696083,42
1304696714,449
1304734752,13
1304747155,145
1304758893,71
1304766813,41
1304775452,97
1304785049,20
1304806937,28
1304821256,13
1304827709,7
1304828882,7
1304832932,40
1304837172,51
1304837388,14
1304837809,71
1304843457,61
1304856087,18
1304862483,16
1304888461,55
1304901279,44
1304911834,13
1304923286,29
1304926283,92
1304930510,21
1304957651,329
1304995293,17
1305001221,30
1305021260,20
1305036742,12
1305037983,59
1305045933,35
1305046490,26
1305054288,17
1305056966,122
1305056996,31
1305058794,237
1305081749,33
1305087722,11
1305091317,25
1305103103,80
1305115824,144
1305117762,36
1305120640,127
1305129752,38
1305133774,105
1305146030,20
1305148975,35
1305155429,33
1305161350,15
1305178119,253
1305179696,40
1305192376,283
1305195833,12
1305199771,15
1305202283,61
1305213459,22
1305213711,23
1305226250,26
1305228500,14
1305235960,11
1305243497,2371
1305262154,49
1305266704,7
1305267585,115
1305271574,36
1305279821,22
1305283849,213
1305286302,15
1305295802,17
1305361578,57
1305361794,35
1305375036,17
1305383508,199
1305391575,83
1305402694,20
1305405354,105
1305421235,255
1305422688,62
1305428722,124
1305444772,99
1305466278,426
1305475154,38
1305475918,213
1305486782,13
1305492582,20
1305498575,47
1305507742,16
1305508043,33
1305527469,15
1305535459,42
1305540288,6
1305545535,217
1305551862,65
1305553926,11
1305556195,36
1305570895,17
1305587608,52
1305606229,73
1305624022,333
1305625451,36
1305628084,56
1305637317,12
1305663861,2112
1305667339,26
1305704141,35
1305707360,23
1305715709,20
1305731992,31
1305741457,65
1305741622,20
1305744986,51
1305755468,60
1305772131,124
1305773751,15
1305774331,78
1305780550,42
1305789974,14
1305796151,117
1305797201,67
1305803446,237
1305806147,22
1305812425,19
1305814109,14
1305814495,14
1305828240,42
1305841714,42
1305848083,13
1305862430,19
1305863428,13
1305864535,28
1305877496,61
1305904986,43
1305919833,44
1305945075,88
1305949408,11
1305990791,43
1306012498,182
1306022100,12
1306026425,15
1306049663,13
1306059784,31
1306065843,211
1306119612,29
1306128367,7691
1306129196,30
1306142266,31
1306145188,11
1306154585,63
1306169988,107
1306183965,27
1306195002,51
1306196215,38
1306213287,16
1306237950,19
1306263750,12
1306272254,32
1306272949,188
1306273589,39
1306275910,24
1306302333,20
1306313813,12
1306318768,181
1306326204,69
1306330232,17
1306331131,18
1306335487,31
1306342221,11
1306353245,28
1306401233,37
1306402179,22
1306402746,22
1306408422,78
1306413888,32
1306439313,28
1306443880,786
1306446403,80
1306447506,51
1306448176,30
1306451998,16
1306482063,33
1306493579,11
1306496047,41
1306496060,100
1306500877,34
1306503677,256
1306512034,30
1306537922,23
1306539048,32
1306551257,22
1306551587,50
1306578822,61
1306595286,214
1306607268,125
1306613830,85
1306656310,87
1306659537,30
1306664176,286
1306694574,31
1306722822,1018
1306725865,12
1306727166,13
1306736699,21
1306758289,935
1306768200,292
1306826997,41
1306834767,45
1306836270,148
1306883915,13
1306907703,22
1306918164,392
1306932520,37
1306936718,49
1306938692,11
1306959362,16
1306960192,19
1306985935,78
1306989887,427
1307004566,54
1307024852,15
1307025984,166
1307060259,12
1307065438,203
1307065754,22
1307068134,61
1307070667,199
1307074936,13
1307084089,127
1307084846,92
1307096111,20
1307097672,36
1307104496,71
1307144877,15
1307152729,140
1307154301,281
1307157341,47
1307160977,34
1307168916,12
1307169447,40
1307178735,95
1307197725,110
1307203323,51
1307221879,37
1307230282,15
1307234647,11
1307248901,38
1307252454,548
1307266417,38
1307270857,47
1307285110,72
1307328321,39
1307351082,32
1307359698,52
1307372176,13
1307379556,145
1307383231,1127
1307394829,13
1307425320,13
1307432618,29
1307448787,55
1307465082,14
1307486190,659
1307488192,11
1307488992,75
1307514479,58
1307567870,43
1307568662,13
1307603352,43
1307624256,16
1307633669,58
1307643131,11
1307646804,12
1307673508,32
1307694207,20
1307703830,58
1307704843,12
1307713600,15
1307720625,14
1307733763,75
1307742719,11
1307762938,44
1307773072,36
1307773990,18
1307790733,116
1307805451,34
1307809022,16
1307817867,18
1307818034,65
1307821649,31
1307836085,14
1307893307,13
1307896324,18
1307911548,50
1307918371,15
1307944394,40
1307952399,21
1307984484,47
1307987666,55
1307992645,28
1308040005,67
1308102087,38
1308124634,31
1308149332,229
1308175488,172
1308234922,12
1308288667,148
1308295979,22
1308316384,22
1308327451,19
1308336615,13
1308352598,22
1308397376,39
1308398292,13
1308400131,14
1308410531,21
1308444605,19
1308447765,56
1308448263,40
1308458265,28
1308458354,203
1308460307,117
1308474631,15
1308479983,39
1308481724,26
1308482715,19
1308521113,32
1308521559,115
1308535464,22
1308538112,81
1308545018,13
1308548569,24
1308555341,15
1308558657,211
1308565466,13
1308579255,12
1308593621,198
1308599537,23
1308602622,31
1308603606,32
1308612950,32
1308635689,57
1308635795,24
1308648534,354
1308686491,36
1308708421,79
1308739986,16
1308801528,20
1308805179,38
1308813487,75
1308815776,23
1308834602,17
1308843906,56
1308844682,23
1308850915,13
1308873515,92
1308924757,50
1309048757,223
1309088889,161
1309091925,72
1309102418,756
1309107879,105
1309116723,28
1309135706,27
1309151187,38
1309246845,39
1309249926,28
1309280330,11
1309282831,190
1309341321,55
1309343607,15
1309348250,55
1309360788,45
1309370339,12
1309407208,23
1309425913,21
1309433504,41
1309435192,20
1309476358,12
1309487694,25
1309499087,243
1309505221,227
1309510538,39
1309540034,16
1309554690,121
1309561049,11
1309585508,253
1309586086,12
1309587458,35
1309597733,17
1309598784,31
1309617936,56
1309620561,11
1309624659,130
1309664593,30
1309668849,24
1309671224,17
1309681281,16
1309681945,11
1309703648,41
1309709313,11
1309781127,78
1309782162,19
1309793819,24
1309799622,14
1309815142,30
1309818833,45
1309830743,12
1309831189,23
1309846574,46
1309857238,28
1309873735,13
1309902610,23
1309907019,21
1309939393,11
1309949076,13
1309972807,17
1309990836,46
1309992998,45
1309996887,21
1310013986,136
1310014869,186
1310038761,15
1310057619,1571
1310066833,50
1310082015,46
1310109196,105
1310139882,36
1310161451,30
1310162837,320
1310254507,14
1310271207,97
1310274582,33
1310285353,69
1310296661,36
1310314263,20
1310318281,61
1310335350,11
1310380073,67
1310406084,13
1310428322,90
1310429236,34
1310586510,90
1310594307,71
1310624440,157
1310624630,99
1310632392,22
1310641242,14
1310679785,30
1310687669,33
1310692055,24
1310715414,37
1310741811,73
1310751245,13
1310757503,11
1310758816,13
1310767243,55
1310825919,11
1310830484,46
1310865330,33
1310871684,19
1310874500,85
1310885424,19
1310902433,35
1310966347,23
1310968158,160
1311096964,60
1311124886,26
1311147433,26
1311174165,73
1311225763,467
1311242301,29
1311307019,15
1311313529,274
1311384232,883
1311424418,16
1311468146,29
1311473088,21
1311494325,15
1311502709,14
1311529044,15
1311578618,12
1311668806,37
1311678225,13
1311686694,36
1311716728,26
1311726422,13
1311760177,14
1311807280,35
1311829424,11
1311833401,13
1311854354,95
1311855983,26
1311901064,58
1311914043,16
1311956660,14
1312008708,13
1312027571,20
1312049524,99
1312070559,12
1312098151,11
1312139641,13
1312142639,133
1312150421,29
1312153246,40
1312158011,45
1312158335,490
1312161341,72
1312196199,12
1312207885,14
1312228909,12
1312247338,23
1312249564,15
1312257227,834
1312280882,28
1312292672,39
1312346934,26
1312406410,18
1312410567,132
1312428500,27
1312446183,54
1312485662,21
1312488824,158
1312517093,15
1312540818,22
1312546480,40
1312564120,23
1312574524,17
1312609286,30
1312610893,13
1312693131,13
1312693622,15
1312716448,28
1312729279,42
1312756784,40
1312759592,11
1312762173,46
1312909652,56
1312956538,12
1313032827,29
1313062785,14
1313064103,46
1313106112,11
1313112862,14
1313143888,15
1313158724,13
1313164370,28
1313300049,15
1313348123,13
1313352721,20
1313355821,14
1313358017,86
1313358682,13
1313362029,13
1313362873,12
1313368608,14
1313390677,48
1313390925,49
1313391069,49
1313432487,25
1313451184,42
