repo_id,stars
749137,3796
1555094,3079
2005484,560
4387547,3299
5698643,4113
5797013,5102
7502247,2581
8426406,4949
8681349,49850
9252533,6351
10353211,6047
11274380,118
11579941,1217
12738012,294
13956112,1417
14734876,14244
15988336,1724
18671453,1211
23633128,342
24227875,6429
24561828,14509
25311354,2890
25459400,13861
27222050,4229
29217054,23040
29906842,16127
30860673,2309
30907774,23086
34674210,153
34798315,9535
36420109,1704
36840131,2178
37035067,1589
38182966,3644
38216778,9203
38233033,3304
38696925,29426
39904377,2113
41310523,2505
44961854,971
45103027,214
45271904,10020
45512989,34330
46527265,6037
48660863,2804
48904888,5679
49292670,920
49632852,1250
50202460,3967
53133861,21124
55018634,2450
56639410,1407
57377821,2251
57602001,22980
59341837,933
59982630,2953
60145277,868
60166854,1830
60352717,1555
60377070,7066
61393415,537
61793256,981
61924149,1786
62087567,4603
62476384,166
62824998,2910
62843932,1785
63793563,983
64834778,1347
65017574,6161
65558310,2258
66331305,1542
67437371,643
68125931,14753
69269563,10782
70431106,28866
71849748,631
72225778,602
72329031,425
73964895,14879
74173698,5997
75190475,7373
75587993,1851
75710587,4068
76678740,2166
76768630,2820
77023811,3132
77321225,749
77341954,2578
78200488,5598
78313173,10452
78732688,851
79263545,225
79372336,2123
80240424,4396
82841862,7012
83542054,1804
83878269,15841
84099393,193
84949566,2056
85768267,227
86599573,6677
87067212,9961
88113789,2317
88222263,1754
90733436,3838
90862638,1938
91857770,802
92287968,15427
94956993,1531
95574086,2033
96012614,744
96256108,709
96416890,184
96853855,1990
97794087,816
97817788,115
98441914,1064
98499283,7352
99139417,182
99379143,1982
99412308,9577
99561213,3042
102067496,2184
102102105,769
102538419,837
102692863,21353
103229836,1682
104722806,5111
104854615,7867
105769029,1224
105808063,218
107108009,4280
107111421,73787
107115042,1857
107305157,1784
107878597,202
108945887,4917
109678660,1762
110606051,651
110795721,4502
111699912,889
112103066,6946
112488313,1534
113166974,6708
113577479,1301
114540126,3098
114870155,3773
115673437,1855
115744122,4671
116590428,2671
116697549,3580
116797311,12226
117433667,207
119160553,40106
119741627,474
120720556,2089
121637551,9564
122595764,134
122715432,1668
122816625,1485
123197101,1408
123693096,442
124853261,3523
124882400,1111
125007217,1126
125099497,562
125444399,1774
125862390,2285
128061014,180
129847467,3309
131582572,20789
131881622,14843
131955509,273
132464395,158009
133060053,3549
133444044,2274
134584107,109
136799312,892
137123785,275
137789266,1673
138141023,216
138552196,27723
139945544,877
142422739,10897
142569591,248
142908872,6583
143284193,2682
143328315,39639
145693916,11324
146103950,1825
146435045,4734
146633589,37499
146856200,2894
146863062,5406
147229508,416
148067600,197
148550577,330
150864645,1079
151619717,38614
151904296,1956
152071156,879
156157055,49213
156317154,15177
156401841,9963
156946744,6533
157198623,12836
157908837,177
158025053,687
158673445,4658
158744344,3452
159110178,3131
159797814,952
159916548,3030
160361977,3689
161247988,3398
162021652,8159
163235189,1652
164433070,4302
165041732,25887
165645094,617
166911196,285
167694194,35368
168062479,215
168149502,1763
168269440,6341
169158585,2930
169991845,921
170118596,6143
170777132,7042
171564291,230
172407982,841
172519084,174
173005932,2284
173544440,7738
173827642,1465
175052225,10322
176858880,4664
176982014,17574
177614859,629
178470457,506
178626720,31306
178976529,8802
180307968,1534
180827233,9515
181222410,3399
181436799,15963
182067506,10969
182163054,1917
182865216,2144
185401193,1754
186056630,916
186332888,2321
186698598,1683
186872119,5228
187398354,1147
188356619,2980
189425886,219
189602331,270
191179628,1308
191194671,633
191751197,268
193332705,1967
193973813,422
196340907,1795
197009243,107
198483875,225
200004447,4076
200471228,858
200722670,18317
201025777,14806
201441751,2443
203558879,240
204388092,6674
204786174,839
206314293,1394
207454227,447
207988739,788
209556497,9187
209709465,3783
210357243,1415
212056242,1883
212747520,4254
213250662,547
216243021,976
216525761,437
217049858,1133
217113590,6339
217775615,729
218177655,395
218952803,13237
219035799,10993
219623588,4811
221121871,4974
221631156,1827
221733013,748
221787282,5159
222209282,748
222780595,4658
222824662,16197
223357324,4279
224261160,376
224908244,10781
225125850,137
225260962,16529
225572038,6115
226046528,2272
226368168,1546
227055040,420
228203350,3347
232627037,583
232876381,3783
232901618,2191
233587412,442
234676361,422
236624100,799
238593012,613
239828934,132
241021214,2523
244620269,14162
245127811,719
245949080,1023
247865662,1611
248977013,1213
249995750,41688
250036571,3834
251041078,5284
251233119,213
251396732,10348
253079431,1269
253849484,6395
255823049,2573
257327148,639
257520135,359
257648141,2826
260420185,4048
261098554,862
261372860,13721
262296122,88238
262424540,3107
264675954,17377
265127379,449
265850286,972
267420351,1415
267857463,5264
269773439,160
270670394,1962
271090649,3996
271800973,2594
271828142,1718
272785290,1903
272924197,326
273082432,1687
273337347,1353
273630336,344
274610956,1992
275182202,236
276288252,1920
279643881,3659
280784933,495
281475256,1779
281519510,4062
284824224,3222
284864176,4443
285951873,2901
285973698,2048
286408558,2115
286876809,548
288142727,774
288187811,945
288411806,288
288482469,10745
289205582,1538
289605524,7682
290091948,67349
290373506,10676
290686772,397
291070953,577
291703561,7897
291787503,11749
292617111,408
292648103,345
292896321,660
293572361,395
293631918,824
295608796,1496
297302063,4357
297535227,719
297672263,7800
300789100,1181
300996055,25487
302827809,9423
303541321,2089
303705119,3796
303953548,142
304530333,1985
305492699,1111
305572443,205
306242293,609
306977633,31219
306980630,5942
307213173,31454
307315411,565
309504885,3520
310368642,540
312042527,1682
312152973,3394
314748658,801
315977578,7845
316328024,783
318515767,170
320299900,9273
320598037,1374
321181247,143
321994701,615
322270485,1028
322855089,10798
323048702,72254
323651234,7458
326174741,36511
326479996,1844
327113050,5628
328236233,432
330325505,4316
330768122,2573
332181872,1336
333421996,5153
333624050,677
333867421,161
334567245,9461
334760721,1214
334848347,9265
336132980,372
337924729,729
338717688,861
340339997,11443
341473983,2084
342728683,9460
343203057,2129
343429224,1344
344069267,490
344190478,66830
345180734,1839
346124279,3037
346676718,758
350375089,4425
350871478,913
351720449,1598
353670076,2966
353968278,772
354138793,6446
354751914,957
356881804,2354
357328206,811
357891182,2012
358208946,382
358276714,155
359839626,8347
361511031,2913
361735570,2300
367549861,834
370275343,647
370342171,1230
370728359,1799
371631642,403
373308826,4758
373674258,8436
377631316,212
377866577,264
379581563,3109
380191749,17385
381317767,166
381952060,1647
382835373,659
383121608,282
384562101,227
385275507,3821
387786881,3467
388636965,2883
391273014,381
391777965,626
393571599,36912
393874035,14683
394089041,3069
395688425,4148
398941751,380
400215964,39662
400918657,358
401484223,9494
403559729,7792
404924772,928
405929837,2740
406341006,475
406408083,869
407722319,12364
409653223,3994
411987045,503
415956481,377
416312227,211
417875186,764
418399149,1089
420628968,1856
422148948,4126
422274596,41439
423991420,1751
425484875,1491
427347642,1011
429104828,3654
429736266,10285
432730711,3020
432768606,548
433054511,2267
434324346,977
436617251,183
438416676,2484
438419937,11139
438514144,11285
439033158,4584
439528372,1100
440603375,621
440752086,14241
442706416,704
443220240,5157
443497884,843
444251617,370
445768278,5199
446713689,969
448167075,2988
448343090,2757
448398954,878
449649393,18414
449649595,2495
450291588,2644
451309277,356
452821660,667
457995289,778
458086533,872
458411579,580
458461908,417
458588993,8329
459466436,2479
460761639,1938
460867737,464
463439055,524
464704193,3002
468576060,75533
469136195,1328
469377939,1160
469622127,295
470779379,789
470832353,161
471249443,3154
472525693,646
473736446,381
474150870,1544
475150006,372
476918521,1953
477657302,368
477846408,825
477999739,1115
478484453,2184
478823173,11307
479199191,3042
479916584,1084
480303698,2226
480318757,519
481427289,1259
483260394,410
483678677,144
483710165,348
484017724,320
486656484,1269
487309566,2829
488091508,114
488641606,41894
489105078,1197
492526669,6392
493209224,107
495587598,8423
496192011,615
496233655,2360
496844646,517
497184741,472
497356715,865
497512032,12971
497780232,1118
498011141,34374
498575448,1472
498766488,10337
499173659,491
499272646,1116
500427876,632
501192860,1006
502863191,13446
503178978,419
506404806,537
507861208,3711
507972385,3495
509133407,565
509153572,3826
510360767,703
511003180,1194
511492785,2096
511745849,5995
513534410,974
514644612,312
515647260,36634
516505460,1879
516962930,2506
519577891,48745
520969009,37098
521688260,136
522133400,17556
522165515,794
522180634,1853
522895309,1634
524092789,432
525327651,334
525592995,27979
525605934,367
526514610,1442
526725525,335
527359569,2436
527796682,746
527889855,900
528076983,450
528328355,1260
528350188,3371
528763774,742
528771628,370
529560594,7310
529954479,760
530072220,366
530323399,3508
531653392,2125
531788813,3886
532465933,6247
533127272,13582
533199740,7738
533451541,4705
533601913,432
533752345,356
533934365,371
534330590,8194
534779800,1337
534817329,2627
535063290,677
535379921,396
535492585,369
535691024,3363
536013043,1936
536244334,497
536314590,1534
536492655,890
536614303,365
537093072,488
537940881,3211
538144430,780
538180525,15225
538375570,1891
538408555,495
539045602,418
539389184,7911
539888500,17651
540357453,920
540685210,928
541147441,1955
541269386,53155
541322916,5828
541841924,346
542185751,7478
542713154,1636
542763041,1221
542772373,395
543063415,1006
543189172,1986
543297533,789
543955160,4584
544039155,1069
544618040,562
545130358,610
545595027,1569
545918043,2046
546206616,29138
546466467,2549
546476703,8853
547227418,390
547725599,11787
547919119,659
548093252,803
548735230,1968
549133772,1390
549830413,7233
550981146,1242
551376520,61070
551689337,2858
552580878,958
552660722,838
554771302,12532
555532742,498
555659262,541
556522959,1632
556553471,1448
557271203,519
557880310,594
558278400,504
558368772,1349
558653606,485
559759491,809
560299175,21710
560704231,51858
560859378,919
561175504,694
561434347,1853
561902498,535
562595985,644
562754304,2361
563259458,502
564597496,1067
565372076,2420
565563619,4120
565658766,998
565772050,748
566323731,14347
568194185,365
568517086,2677
568776116,442
569265598,2514
569559542,261
569687650,1252
569860278,1267
569988037,374
570015943,767
570020780,4206
570384908,21594
570530787,599
570663084,359
570696986,3900
571055479,4322
571148432,282
571722519,318
572071014,1009
572087603,343
572570113,16111
572620767,1750
573203577,380
573224813,523
573661753,24028
573759422,6444
573822937,3718
573891417,1202
573963587,757
573982889,3886
574046356,2731
574095904,458
574097989,8207
574116196,13049
574156195,3461
574160606,3461
574210381,274
574278577,5529
574347022,918
574411233,2696
574428530,4183
574578825,8227
574612724,3870
574727842,732
574861362,1247
575042276,3451
575051095,6002
575253452,3580
575267939,3741
575295397,3786
575340621,54454
575628616,7550
575997792,1977
576005588,3778
576204079,692
576254831,3868
576380523,7867
576696753,3999
576799754,451
576869790,2004
576921601,3180
577116112,61796
577603990,37405
577753426,4464
577953547,453
578245357,1238
578272278,554
578460780,322
578685027,7926
579082810,77769
579494713,2023
579947672,2936
580147701,129
580525453,402
580537336,7289
580595594,401
580600129,2700
581656211,783
581913613,7318
582319835,523
582432706,5396
582729142,490
583315360,1274
583616027,535
584167315,379
584639396,9128
584843932,918
584935389,598
586171281,1440
586624356,13106
586903198,278
587031627,1151
587275399,916
587573950,331
587586087,41996
588477692,9498
588533284,774
588732058,2420
588898844,3698
588992876,2573
589013057,2295
589831718,129826
590681558,4619
591667477,923
591782276,3473
591961298,6110
592287689,738
593550728,629
593927328,2215
593961226,722
594096901,3293
594215219,1015
594609262,7318
594679568,1905
594869373,1066
595130474,728
595257557,770
595530574,1247
596205066,322
597240369,461
597490428,683
597583114,9089
597644883,3834
598099426,4190
598375636,2059
598539671,5638
598705038,326
598872262,2115
599293758,7745
599320067,153645
599338659,3086
599524116,32622
599570867,676
599687030,4217
599781179,4382
599811829,461
599950865,794
599976443,3127
600068422,3434
600223950,561
600229707,2060
600362783,3423
600368121,25066
600450326,4457
600534454,1168
600544354,21148
601100396,4423
601161044,16264
601205363,1639
601622432,701
601734711,635
601904916,2199
602005115,12329
602366280,6901
602455110,1130
602465880,648
602478874,3103
602771615,2468
603067222,823
603085008,10908
603215482,956
603535454,9630
603593003,5555
603668088,5655
604651852,3094
604899926,4146
605221864,943
605662936,304
605673387,29443
605998734,343
606329910,2712
606520610,3162
606669199,912
606790323,3653
606803328,6191
606949210,274
606991065,260
607013954,15060
607121301,2508
607202370,4996
607289185,28494
607301922,470
607355225,1184
607375979,354
607503931,118
607667587,517
607840368,808
607845880,2407
607858988,9508
608130371,323
608136755,164
608246343,639
608422802,347
608490374,7937
608896930,10391
609002853,3814
609054077,4274
609090479,3899
609099433,665
609255505,470
609333954,8387
609416865,24974
609427511,3210
609445326,6406
609721722,17172
609727033,776
609790481,958
610038902,3499
610043832,3721
610071879,822
610197072,5303
610217037,7525
610260322,41552
610265797,2352
610487003,1557
610713721,340
611161753,2248
611284377,4419
611291701,1345
611368361,807
611618121,21233
611723171,916
611817888,391
611913815,3272
612275000,1942
612350395,6191
612494680,122
612555408,1942
612562157,832
612603924,354
612750561,4324
613075789,12897
613456719,610
613731840,12206
613984283,12404
614050971,1270
614258120,10754
614325365,18932
614470292,2585
614719201,10168
614764248,33834
614765452,186853
614780968,2120
614826827,2117
614854112,866
614950419,1163
614965975,3995
615133427,546
615208684,1635
615313264,375
615403340,15688
615439742,3337
615510678,17634
615532857,3058
615536358,452
615557134,1442
615684995,574
615695876,4787
615702252,1393
615709657,512
615891862,1196
615910198,531
616027609,1397
616034965,430
616179530,1322
616187681,2591
616263789,319
616372661,71229
616466279,913
616830183,3044
616983144,255
616989909,388
617044480,1089
617048769,2670
617152691,8111
617179274,16427
617206966,912
617325145,3239
617363723,446
617418536,1220
617431627,355
617443880,442
617444598,503
617462489,412
617529988,2211
617577744,475
617708951,2327
617798408,21206
617864263,670
618116667,1891
618229896,949
618291036,1388
618299849,1335
618345160,2791
618503555,1339
618509061,380
618511002,10805
618644310,1604
619047425,358
619059435,2598
619143361,3077
619234173,3027
619312022,4257
619814004,2967
619825247,8484
619959033,77398
620059973,777
620076077,1726
620165658,492
620174542,7358
620225616,476
620275636,3341
620333997,818
620362812,2751
620428566,1051
620458878,14902
620552483,2172
620557779,575
620843043,1233
620943152,917
621226745,448
621562296,811
621575252,7621
621808642,29600
622134485,305
622147274,1702
622163915,457
622202906,3435
622352364,12401
622462950,384
622510230,6480
622569125,3212
622599959,2668
622633514,393
622709062,170
622788147,2890
623119055,1723
623276552,1024
623337398,700
623414622,1568
623453211,444
623499246,1158
623604666,853
623618719,1176
623656022,690
623679404,1053
623737874,330
624156003,680
624214839,2771
624236959,4334
624268705,2256
624294388,330
624421862,928
624432016,2266
624870895,9101
624889833,1173
624906825,133
625187946,16483
625308923,2351
625486047,8174
625502953,301
625659174,812
625673154,1130
625793423,3411
625802141,3312
625802507,1239
625961301,3499
626117554,1106
626161045,553
626166292,526
626239608,776
626509716,4901
626597211,350
626723712,1698
626885698,1000
626937684,1626
627132009,1249
627274798,1110
627480054,19792
627534556,477
627561173,18589
627637290,438
627644217,801
627646824,574
627727693,12403
627744002,2899
627915388,659
627962120,938
628087446,1451
628154495,1803
628172054,1610
628230315,2183
628250345,3001
628296906,12225
628479063,400
628749964,147
628853983,834
628959446,5759
629049442,3249
629102662,25002
629142696,5173
629177820,3210
629292062,2466
629411216,192
629494390,7013
629520282,1257
629538245,1213
629651008,1991
629789089,4121
629922458,3346
630208579,911
630292680,3792
630487790,1140
630488256,589
630646591,2044
630755965,4908
630987119,358
631003534,179
631079307,328
631081758,9047
631084700,348
631136535,885
631147793,1223
631169911,4677
631254164,36566
631258918,23764
631285104,5609
631454728,10201
631484230,2596
631493578,285
631522874,4155
631567741,41064
631651537,337
631673804,591
631693079,323
631705933,1618
631755045,425
631822812,6264
631829946,955
631986005,367
631999917,139
632043405,410
632265457,275
632269609,794
632303131,1742
632387128,1270
632394512,392
632538509,1365
632871496,1512
632871628,4528
632902959,3257
633037655,469
633091774,1971
633141345,994
633262635,31747
633738492,1037
633933122,24583
634043200,29092
634081686,23088
634082741,262
634151665,2119
634443338,658
634505738,172
634511992,635
634590129,413
634938527,951
635059080,1821
635129194,3299
635240594,57463
635258975,6388
635392069,492
635785526,308
635992742,845
636344889,4238
636372163,13626
636473464,525
636529302,510
636535720,6462
636693030,17621
636787031,12854
636922549,5114
636986058,4687
637096157,12454
637126931,3139
637237273,3500
637313883,1101
637692988,777
637924634,15460
638018738,827
638054601,4922
638158791,873
638240319,623
638609341,3789
638629097,48469
638722390,1297
638869686,566
638900030,2376
638951438,21588
638977082,321
639001213,4053
639079153,1615
639095114,3536
639096757,6717
639225857,2052
639286908,765
639548771,1474
639673870,2308
639687152,1670
639772835,4947
639835356,29142
639997734,3529
640182997,17658
640476297,385
640495759,433
640683234,1884
640747712,656
640784478,416
640819432,5871
641205268,14910
641213599,1544
641364608,357
641490799,944
641729782,1546
641932376,466
642099326,6053
642323624,35757
642332004,1153
642368010,1506
642416556,643
642578676,512
642608852,13007
642640119,391
642642539,17988
642696395,548
642826885,490
642880013,291
642906925,2224
642917329,20868
643035818,465
643050363,1813
643193835,1091
643298670,294
643405499,4591
643435168,2156
643705885,1550
643722626,375
643749430,3357
643838075,2888
643885884,2626
643916827,22751
643952838,608
643959798,862
643978507,235
644075561,821
644235905,24951
644259800,2460
644335995,1000
644343479,1096
644351982,1081
644461337,26401
644497089,2962
644686905,35621
644799767,961
644827453,554
644862510,3144
644945770,565
645171789,126
645270986,2012
645376002,344
645397533,5491
645423151,195
645471238,7156
645841220,434
646129383,598
646220234,342
646464288,763
646489141,731
646532460,937
646537482,2908
647071735,269
647090216,346
647100790,307
647651782,2338
647752905,761
647951887,991
648133004,954
648145432,772
648450331,583
648461026,884
648474263,2008
648505057,5742
648629873,13193
648704297,287
648800562,738
648854280,1069
648967412,2596
649025519,686
649035177,813
649047066,725
649224670,6398
649402606,633
649494372,775
649647885,6491
650246838,870
650365761,411
650657605,459
650838385,352
650839020,2613
650918061,2980
651145357,704
651479977,1051
651487266,9401
651673736,484
651715861,232
651739863,1222
651856155,235
651961311,1300
652065806,562
652419549,107
652420569,2227
652484969,767
652523482,827
652604373,1857
652712035,32465
652780999,389
652941996,8675
653196037,525
653386433,6333
653589102,13776
653595084,5648
653893086,827
654037367,460
654115596,649
654122609,8019
654124617,7336
654824689,358
654834995,668
655021836,907
655099582,81969
655155250,2415
655253031,313
655459367,29663
655806940,118510
655948482,8680
655949187,2830
656030508,1960
656099147,63986
656181752,1303
656242004,1303
656376920,1537
656385153,3645
656648289,324
657057869,1142
657103388,291
657153187,513
657442586,613
657895120,15528
657992824,535
658169646,264
658277588,4721
658356545,474
658453192,3050
658523581,707
658928958,179375
658954791,1623
659030774,719
659158359,1183
659163102,286
659211539,435
659402878,9349
659412092,7880
659786592,427
660299583,1238
660360373,392
660428571,759
660452634,1062
660489378,11229
660551251,70009
660860817,641
660891114,386
661149290,676
661178361,1610
661481146,329
661792195,439
661847690,317
661917017,393
662443651,1289
662567193,278
662717361,1495
662766482,12698
662871293,324
662878020,7269
663095187,1455
663157481,261
663247362,2483
663396489,2356
663801546,1259
663830644,172
663918038,1648
664102018,1015
664177247,1367
664262546,364
664420782,599
664427248,3847
664529368,1085
664752008,2926
664767555,858
664913876,5182
665164787,1410
665299585,1595
665360778,604
665471631,874
665653661,1196
665986900,558
666140407,744
666163354,2234
666197652,2086
666260877,3161
666461223,606
666826154,1254
667024117,908
667148214,758
667259013,360
667297720,18560
667532295,9291
667751028,323
667828615,2990
668052031,7120
668122773,14736
668132464,2832
668195240,58997
668481985,1362
668513898,1937
668812621,1708
668990200,619
669331976,6238
669402660,553
669420857,4237
669671669,814
669704171,738
669839756,514
670089677,389
670177036,294
670526867,933
670696350,704
671044141,121
671076272,2970
671115276,169
671367604,1957
671542615,655
671737761,694
671759870,3690
671872978,626
672224983,8794
672405848,328
672415139,9951
672418156,219
672490782,360
672673877,998
672678720,2375
672730040,1303
672790711,458
672839549,428
672847735,1708
673277480,2312
673277958,6929
673534316,3791
673596675,12081
673704029,1223
674075444,21641
674149041,210
674448056,288
674782109,701
674804053,224
674827652,371
674841239,348
674921134,138
675151062,2310
675166027,429
675501126,333
675790276,305
675892095,1056
675911200,1359
676012640,385
676028871,4858
676057693,1237
676089005,1337
676793232,2434
676855783,588
677284959,1511
677655818,336
677815836,262
678182421,3395
678526156,22486
678589928,230
678765416,484
679091311,1855
679237742,33689
679402823,1174
679506386,44148
679564879,1051
679673096,402
679869950,29685
680043217,801
680120071,60617
680173591,2833
680797687,2278
680860351,945
680918523,1154
681002458,7306
681075491,6727
681240572,389
681455046,908
681482900,1322
681516317,4535
681566005,17971
681603891,654
681809062,1061
681989160,273
682080300,12821
682556990,221
683009618,5669
683039317,848
683066449,801
683509343,272
683573931,5477
683650472,1725
684049556,670
684718744,913
684881338,6937
684881857,3638
684883012,1762
685444668,4084
685523400,341
685709378,596
685779821,287
685897222,178
686076152,1087
686161611,10503
686476221,1214
686709515,284
687036710,763
687065217,315
687127955,319
687211074,338
687246031,292
687372462,453
687449432,1045
687727674,1348
688164459,27997
688186076,2824
689172454,1314
689214770,2883
689299900,3509
689406476,913
689541424,2767
689765175,858
690349659,480
690609896,8181
690860892,899
691194929,463
691303110,4355
691347156,22597
691978242,689
692175642,1125
692676232,282
693038546,871
693072929,822
693638247,669
694239644,224
694279648,406
694510132,1316
694670164,2686
695229234,967
695699688,1077
696086319,132
696243788,2258
696503950,953
696601819,447
697007681,2076
697356168,167
697550206,1290
697933414,743
698210830,610
698288684,14850
698470143,289
698654711,358
698678789,470
698998233,996
699159727,869
699343375,1214
699396462,735
699581828,222
699727627,411
700724064,2378
700762093,308
701109860,326
701256444,284
701312880,731
701419101,1892
701494311,9077
701547123,149826
701604805,1113
701627142,1133
701867516,516
701872893,363
702050953,1252
702370097,817
702674692,733
702880644,2426
703132587,667
703276306,151
703411624,24425
703433265,1166
703596504,540
704036520,1050
704054996,829
704106022,550
704543233,5026
704959035,4453
705126352,834
705247308,645
705358800,1398
705433049,3106
705695450,3376
705901752,2095
705950346,2646
706023626,1301
706400384,357
706636808,244
706794274,1945
706800296,859
707018563,383
707020503,482
707237272,4158
707248455,821
707356799,1613
707441527,13158
707501489,1082
707504998,898
707552952,845
707818217,3827
707871811,537
707913607,1253
708532926,322
708552127,577
708693209,3021
709504524,271
709603902,12514
709620206,394
710127591,304
710443541,1343
710475189,507
710539769,595
710601088,57576
710781843,472
711291697,138
711319439,917
711391701,1381
711550638,13845
711650878,2041
711864970,525
711904523,171
711904962,3837
712179847,382
712629129,3304
712897010,10740
713152194,833
713419018,520
713609629,318
713967573,7836
714008096,489
714035943,356
714143245,10292
714226745,1521
714374011,1912
714387282,729
714395490,404
714808642,285
714853510,770
714865034,507
714893421,793
714940169,3155
715248012,170
715348647,544
715427466,13582
715523093,2040
715592775,770
715806751,981
715884951,14950
716273663,776
716439063,309
716476891,1979
716579519,518
716583109,3406
716786755,428
716799237,1761
716937075,2094
717009085,330
717026159,1194
717138746,2114
717197250,46198
717216771,491
717287228,6585
717917803,1516
717956516,1200
718107269,941
718323423,946
718379614,22394
718407978,1150
718748920,3571
718853934,394
718875034,220
719367888,31839
719455172,6548
719761455,397
719790983,403
720449800,588
720659604,285
720915219,1198
720959702,308
721250099,2370
721643027,1643
721995615,10143
722184017,11821
722523710,254
722811903,1360
722844356,13450
722954739,1259
723015178,2694
723094714,3200
723226486,2345
723307046,1894
723485772,1178
723665493,675
723728776,424
723758860,1455
723933053,1321
724028394,652
724066757,1816
724118604,1746
724415659,159
724478159,1494
724564445,1031
725157537,862
725334471,242
725463194,364
725476324,809
725658398,409
726013572,971
726390185,918
726478743,408
726518175,871
726570398,3010
726692169,2004
727268148,1000
727460041,775
727470807,3045
727502310,585
727519007,312
727699569,1105
728395410,1879
728528910,3294
728758093,468
728820625,2511
729271800,561
729453988,10441
729716514,624
730276071,507
730334347,553
730389199,348
730414546,783
730439488,272
730534580,89194
730728120,3929
730753909,4355
731037923,493
731293077,5997
731397562,1819
731449710,456
731462543,4879
731842419,9744
732366705,600
732401352,721
732543215,397
732849776,1279
732909726,992
733057080,1353
733454789,295
733497470,370
733578284,789
733661878,3649
733802106,5617
733899994,6859
734171107,975
734312577,5643
734626369,1220
734710598,792
735087691,704
735283134,1048
735425203,5180
735469449,1800
735982439,951
736191625,1315
736198723,1784
736272311,14668
736349347,560
736419116,519
736491949,2500
736530793,1060
737050647,658
737607643,363
738046322,2223
738095453,546
738519395,342
738733003,43521
738771232,474
738776129,1585
739486956,1305
739667828,5344
740043450,544
740111119,476
740293013,7187
740316987,9550
740338525,5400
740789348,2068
741100585,3232
741165735,150
741543947,588
741791071,1213
741989385,5192
742015163,1220
742146179,463
742244656,29513
742326880,1044
742902859,656
742949598,392
743007730,586
743107776,774
743533748,2191
743720963,814
743746918,643
743770309,7687
743780291,4186
743789945,161
743825398,5662
744164276,4348
744855992,386
745311984,1411
745546184,8759
745732093,2685
745749489,3950
746122997,137
746295630,756
746380110,503
746430561,1842
746667927,1444
746708555,349
746783381,457
746833579,814
747578582,1803
747648993,1231
748030359,990
748528018,6334
748674684,9124
748833709,487
749135518,290
750069596,2527
750262306,781
750274600,396
750371625,4261
750409062,802
750678695,18169
750896555,1344
751008707,13884
751413469,1325
751474418,1593
751863240,2042
751927947,316
752576871,1276
752672224,455
752798324,235
752815135,1254
752840454,1415
752856939,267
752906381,613
752946440,2971
753490180,71887
753525670,302
753664908,861
753742444,828
753750990,28885
753757613,400
753886289,4420
754066467,1601
754173470,1579
755161958,965
755500149,432
755804236,3435
755874962,458
755952077,638
755979015,764
756142546,7974
756475416,2649
756910902,214
757246914,288
757390591,428
757771051,952
757875395,1083
757885472,757
757899614,589
758197374,18271
758253566,697
758619546,179
759825266,3628
760107045,825
760329856,483
760947966,1003
761068700,1072
761150311,7165
761397238,1655
761580012,795
762204955,1788
762224673,5756
762300924,2476
762303728,15206
762355055,2418
763068976,829
763718151,376
763733771,1039
763774926,7624
763784232,436
763795053,6389
763825934,1746
763842651,7855
763923484,3777
763946969,393
763992110,638
764049913,1261
764161180,803
764328003,142
764418725,6979
764684731,642
764867656,727
765001096,118
765133369,768
765212809,362
765636168,447
766789360,2072
767257109,326
767492699,1362
767522148,832
767612356,194
767985271,7764
768036550,5017
768315119,343
768612800,4374
769026721,296
769134044,1058
769264114,655
769564277,7616
769818490,412
769852109,1745
769873873,602
769954254,694
770001062,3076
770153867,116125
770633006,2383
770650946,221
770946179,763
771302083,85018
771670025,17698
771808616,3554
771812200,166
771847852,1040
772047488,804
772179341,1089
772231767,348
772626462,1911
772632148,5114
772900420,516
773015046,680
773093836,1127
773321993,423
773345074,885
773544702,22514
773950709,2475
774011471,1944
774180708,385
775149161,741
775300536,351
775790548,1524
776632801,887
776854298,31124
776908852,24043
777111718,25714
777273508,1180
777392297,595
777597786,2347
777812139,3327
777941000,832
778281287,687
778431525,35665
778560533,288
778768633,490
778819999,2250
779285435,2150
779309317,1503
779312276,877
779499743,363
779843396,1229
779928034,1748
780047246,409
780161909,382
780323643,274
780522250,8730
780584116,229
780685045,2482
780737106,20125
781254183,326
781261349,14332
781367266,887
781412750,482
781420440,1621
781548686,696
781634560,1349
781762105,281
781844208,622
781914762,6594
782308046,3758
782539945,9060
782544882,1572
782597014,1487
782938634,270
782946208,5024
783303222,1338
783512367,38854
783558843,829
783743154,280
783744120,516
783839655,540
784021364,447
784181462,36449
784183059,5290
784528890,1771
784546140,11905
784586462,1193
784700179,242
784769209,557
784797264,735
784800776,985
784852356,144
784906798,2641
785004114,1464
785300720,990
785617449,375
785719030,236
785751279,1346
786008946,1075
786281570,955
786509147,935
786642156,4549
788470926,431
788751269,382
788768107,8869
789379581,292
789457378,306
789480255,6915
789601531,774
790018635,275
790136258,115
790316547,1252
790704526,2340
791124680,8460
791678512,854
791687835,116
791733442,815
791911417,568
792039881,3540
792072603,2674
792550179,252
792608353,665
792840938,588
793152808,792
793375104,133976
793379298,5237
793416920,299
793454852,4441
793526430,519
793795224,6367
795106410,726
795256319,246
795577184,383
795601045,1449
795784338,583
795905076,585
797193117,554
797371964,9375
797507464,112
797526075,105
797531982,446
797821110,1691
798163156,833
798470196,634
798503976,206
798892173,831
799032556,1625
799067071,709
799084863,333
799574583,822
800050396,1712
801447013,292
801547807,1054
801763739,8448
801764728,269
802174871,430
802342616,523
802434683,5625
802821703,10171
803024793,2096
803449223,152
803643412,1572
803733455,4756
804026091,958
804027896,1104
804458911,574
804533296,341
804542745,521
804768546,1799
804867341,4329
805155266,51022
805900550,546
806007891,4161
806192576,7946
806216118,1456
806294968,270
806444030,833
806770482,1251
806804556,2696
806854629,33187
806921131,524
807305060,11354
807477229,167
807512074,7412
807526338,121
807727161,2068
808019331,1345
808072504,721
808091003,765
808123482,1836
808180334,884
808279683,124
808982778,254
809060646,1344
809380023,788
809671338,1965
809673506,6196
809764991,349
809877633,787
810121174,3873
810363572,207
810375738,662
810861466,8395
810940471,637
810975601,186
811330067,330
811374381,1093
811638645,2152
811675345,12868
811918547,710
812111293,295
812535124,198
812975380,18958
813220336,2223
813368909,3705
813390194,322
814018882,873
814403270,1982
814502811,1512
815071490,143
815554514,290
815634288,11166
815654365,337
815778607,330
815946742,2299
816158613,1242
816163847,2013
817354652,11078
817558041,317
817595660,1354
817999901,138
818118661,4489
818331198,19488
818371268,487
819274200,1541
819291550,2646
819613072,1472
819746780,663
820105241,1113
820144741,2810
820723371,1111
820789280,3453
820898375,1601
821257066,1839
821372392,28582
821845183,271
822329559,2103
822439302,363
822604462,42079
823175328,1823
823198721,272
823533826,808
823596198,2054
823731928,625
823919159,570
824091324,1258
824541776,6551
825079672,958
825151681,296
825279449,2111
826111692,3990
826168160,65504
826170402,19161
826643276,1472
826847986,579
827005317,6372
827224160,297
828487049,403
828505099,4667
828725594,560
828733319,604
829521860,436
829762850,1154
829991333,265
830468922,2183
830613483,673
830859294,2461
831914256,5865
832180352,1256
832452447,14681
832482665,1792
833512367,3973
833803262,222
834050728,1100
834231760,592
834369920,54985
834418003,477
834688418,6917
834978333,385
835317697,889
835704674,2507
835975784,16005
836079752,1045
836554261,353
836899473,372
837411728,515
838093526,4436
838126055,399
838163451,143
838216432,7196
838412119,1014
838528318,1618
838542536,11327
838659679,12684
838970603,6583
839037098,27448
839428333,12841
839638772,823
839750798,1087
840056306,30276
840162905,1973
840665645,959
840672252,2287
841242731,1803
841263635,384
841370602,5698
841397199,2085
841472636,10852
841537832,223
842172831,1583
842982339,415
843003613,856
843119525,1192
843570824,8323
843734873,424
843946121,3241
845116230,870
845839905,1244
846166884,527
846504063,247
846579774,3384
846650421,1392
846698999,53410
847717439,16148
847942139,708
848182195,439
848430472,563
848716186,171
849121458,3344
849473290,554
850195226,1832
850267588,29143
850515061,6427
850683423,5228
851036791,1668
851138183,1278
851256132,679
851311691,797
851405219,2857
851492630,1784
851508130,327
851957432,1099
851973702,2265
852211693,721
853516073,491
853853180,394
853922938,771
854337508,10697
855162700,3146
855588588,8482
856013564,333
856917013,318
857301513,521
857378779,295
857596299,6899
858952634,256
859231373,888
859332112,692
859510816,2370
859537060,5666
859956307,4884
860141324,564
860826290,108
861432372,329
861556786,2358
861746639,2649
861758511,1835
861937484,1985
862342240,483
862421352,1578
862449441,16521
862570523,9047
862578138,13244
862584018,24115
862802466,1358
863050120,4622
863276973,2479
863454901,1066
863884238,511
863930645,1477
864107095,667
864683346,401
864768613,306
864976834,558
865062553,1275
865578152,3613
865656561,6519
865674064,755
865687718,186
866356299,596
866513204,39157
866517667,1988
866534224,124
866629172,681
867149056,131
867337374,10745
867365585,267
867433720,5467
868173144,20139
868456222,554
868466289,3208
868528979,188
868765642,1700
869057963,252
869529046,360
869964172,309
870039374,2144
870189331,12188
870402765,444
870957129,874
871211266,2831
871368615,8816
871483501,514
871725446,477
871835352,110
872005985,7751
872021590,2423
872550457,1515
872632465,981
872748942,605
873102254,576
873330843,820
873387226,299
873548300,1696
873919267,361
874559208,17751
875190427,220
875857865,387
875989196,538
876000634,2610
876064934,37158
876079530,803
876363500,256
876463366,312
876545970,1822
877230294,10952
877487641,155
877649153,4047
877757116,882
878272507,1058
878401217,551
878605324,528
878634542,677
879091764,622
879473096,1718
879657839,540
879677288,431
879753997,244
879874959,2765
879985123,500
881014682,207
881100462,950
881171866,15734
881201918,1891
881448795,2221
881458615,110424
881991789,583
882026761,7537
882106204,420
882354535,1980
882486617,1046
882880878,400
883037083,1436
884123664,3937
884452470,1190
884907449,350
885743839,1983
886299924,1554
886448921,1616
886682265,299
886929922,158
886966165,3708
887684103,5054
888092115,176095
888350460,1824
888450044,878
888615536,2084
888977326,854
889371307,4149
889684712,1521
889730722,861
889798967,1708
889850064,909
890043011,4444
890358626,321
891123403,392
891705470,10898
891872929,650
891941403,726
892076269,1040
892173192,4095
892415825,253
892729604,1014
893031915,5850
893198731,210
893612026,665
893720264,300
894138030,178
894215592,279
894382523,173
894727712,123
894876686,2566
894945634,1368
894988451,1799
895079444,677
895124092,292
895224323,807
895253710,7782
895291604,4924
895453957,12464
895508656,73169
895801050,5758
895930732,1587
895942941,15337
896146306,3071
896252863,343
896296825,27368
896335270,92768
896417211,920
896594784,929
896905855,242
896927006,5912
897068154,821
897268988,8452
897308110,1514
897375907,619
897595329,3752
897809208,5790
897865415,1569
898003154,646
898004429,1029
898106797,347
898128804,1367
898304583,12807
898345892,9388
898654014,284
898806615,150
899184149,3409
899268921,151
899309258,2105
899407931,7310
899491463,908
899663167,1299
899983311,891
900152988,1996
900207021,2223
900260982,292
900493069,928
900564894,662
900577388,6508
900708662,185
900908903,2558
901328207,189
901554449,1749
901585471,2222
901596497,212
901680517,1535
901720337,245
901797250,6020
901925992,572
901950528,5385
902201960,5828
902419239,640
902495626,455
903410228,1108
903548628,2266
903606632,234
903643338,313
903700733,15909
903960898,1529
903999320,1812
904010974,903
904031977,476
904060563,590
904190702,235
904249963,698
904277704,661
904534974,7344
904639064,1673
905016458,8518
905450127,2981
905471442,971
905850659,168
906122697,1179
906245192,421
906251482,36930
906326388,1538
906380555,358
906848878,3166
906909760,323
907148362,304
907706400,1233
908040880,2425
908054915,131
908705399,196
908734690,2726
908799323,3254
909177153,225
909213664,99785
909215044,467
909466352,881
909717778,1185
910125376,3057
910133553,209
910265773,1584
910277051,296
910336786,1481
910422636,8511
910426589,632
910918245,319
910986056,16294
911150848,257
911185631,467
911256711,4836
911303109,18623
911680526,1241
911831076,4948
912452889,343
912499477,2613
912645774,3121
912731730,1085
912869501,1665
913547673,260
913574546,1449
913593764,1244
913907685,1979
914316754,19872
914406146,1537
914475684,199
914625205,1723
915015718,460
915233417,6554
915291641,2006
915358848,2473
915425472,872
915470479,424
915520679,9399
915822493,350
915838812,386
916009087,17398
916292078,272
916386111,3270
916693314,166
916695726,3465
917001485,419
917444482,334
917782991,1642
917868934,31337
917903047,2522
917985457,686
918092521,264
918778709,3901
918932603,38705
918998436,159
919458554,1211
919609219,3669
919835586,14562
920159501,3576
920179950,350
920576726,2623
920835737,409
920995232,6398
921048775,1492
921101366,194
921374864,1321
921418273,668
921448845,1826
921652649,585
922050275,3337
922278962,2776
922596686,5362
922709376,701
922830617,165
923103714,449
924394244,5485
924706399,3739
924738875,4391
925147332,4045
925298844,6543
925457982,915
925508103,950
925634755,2935
926222936,199
926252103,10784
926285456,752
926297959,1369
926334425,3334
926861272,19595
927890076,7190
928054659,276
928147986,126
928176450,526
928246219,317
928318862,9752
928416110,1217
928766981,483
928857407,2714
928976443,485
929050264,911
929121414,23266
929152510,397
929153651,419
929158279,3639
929338255,4076
929591639,191
929918364,266
930007673,326
930132430,2205
930217913,7298
930733499,510
930886482,708
931205747,245
931352845,33323
931365873,4135
931442415,2532
931552739,1095
931705070,2251
931884122,576
931892749,15708
932076703,2526
932348189,326
932644823,5486
932741577,794
932756293,788
932892820,187
932931149,257
933044155,2576
933144612,829
933201974,173
933350408,3451
933392619,1486
933588046,476
933700399,918
933701586,13487
933894892,1499
934119223,252
934139122,505
934147482,1624
934358660,374
934527631,2618
934753959,3838
934853350,249
934999287,3089
935223529,992
935450522,5727
935534753,1558
935604638,27002
935753640,430
935895786,273
936036852,517
936075340,305
936151330,896
936369652,1320
936371491,498
936395722,1701
936588488,825
936639285,709
936974548,4685
936986786,5128
936993021,1403
937033828,298
937056810,2117
937106681,434
937347387,253
937527501,1574
937952934,5690
938111182,315
938268326,303
938322627,2940
938379776,2092
938582880,480
938652536,192
938859604,5802
939035618,132
939207877,4918
939242211,215
939371152,590
939648665,5357
939657163,466
939712575,314
939870671,530
939937385,428
940099147,1359
940989522,380
941145803,3558
941160149,3753
941562247,2061
941652610,186
941866087,329
941931006,139
941971657,403
942114501,20095
942206898,7853
942624437,1839
942756187,14825
942771284,32485
942837343,28019
943214141,185
943266643,560
943686184,1546
943950290,7901
944414751,26267
944922104,339
944976593,11985
944988714,602
945034056,1324
945121885,345
945309383,206
945411078,10774
945551361,6282
945592798,283
945605057,8362
945763259,2071
946010740,6655
946025961,454
946087422,27011
946153980,3894
946174307,4489
946178371,10659
946228075,463
946270469,151
946278572,3998
946334325,241
946380199,28940
946676136,1272
946702247,7153
946763772,217
946767878,6764
946845941,3253
947349598,2038
947516890,598
948072295,5162
948148972,1874
948264786,2624
948430889,1866
948567826,331
948663423,8825
948725367,617
948839453,7257
948860546,1409
949542298,539
949564493,334
949646929,8853
950019212,394
950061990,1685
950361043,1030
950412509,328
950839330,789
950891299,4523
950937118,167
951125019,786
951163887,783
951254050,210
951416232,513
951429064,2931
951543275,3770
951636984,463
951746200,2988
952238700,9636
952294753,2834
952688112,36442
952939763,2133
952977008,502
952999410,752
953089294,4781
953142807,1191
953215797,375
953274130,1700
953321814,2862
953478769,2249
953521037,35251
953587943,955
953683578,28468
953944252,3005
953945624,2721
954045557,513
954295376,352
954321799,648
954528300,1196
954762768,428
954873280,25485
954963562,11564
955112969,184
955577327,719
955620917,61177
956283541,7014
956421280,500
956585124,1357
956657893,5997
956679248,1325
956842312,8345
956908445,4703
957053334,6190
957410714,179
957412694,4353
957479413,1916
957658915,25472
957756643,3414
957812975,1455
957825149,2331
957859485,9798
957960956,185
958189434,2149
958531089,35317
958603506,248
958733763,350
958830671,10231
958852531,607
958956842,1628
959346743,524
959473422,12631
959543974,7597
960225366,826
960292911,247
960665821,17067
960724144,778
961238844,515
961883456,576
962024783,2955
962106649,2612
962125208,2703
962134278,3380
962294285,296
962587799,758
963665823,4368
964314175,1625
964477695,5958
964818213,1197
964996396,3993
965030779,2147
965174143,1528
965232391,573
965313467,9120
965632655,8125
965872694,615
965974441,5794
965998145,3349
966022561,585
966372868,624
966653795,2211
966916741,655
967062640,3252
967155121,558
967543976,202
967670863,653
967738751,9336
968197216,106674
968317835,2075
969005843,235
969010919,19376
969235474,561
969263461,782
969373000,1545
969725165,328
969892666,6682
969920935,1039
970023948,3771
970107711,825
970267776,744
970578570,2626
970691159,397
970875123,942
971300888,5016
971399370,966
971922154,163
971992642,4631
972553373,4337
972862480,628
972930250,848
972957983,1265
973051124,2557
973180254,6788
973223133,4814
973292935,2487
973621150,3548
974157595,5835
974445592,13099
974865573,2102
975012144,384
975045036,2120
975318071,17757
976255395,454
976286833,2228
977737334,337
978236277,8696
978331188,10075
978384239,542
979235459,1226
979345481,1528
979392131,15526
980086077,2456
980428225,2102
980526715,1023
980584668,1972
980669489,209
980793684,233
981177285,9837
981223380,689
982172059,255
982517950,6815
982711664,608
982835425,983
983113668,5101
983757718,1848
983763510,4993
983846239,883
984011683,2880
984119889,1224
984133376,10151
984189260,871
984376616,398
984413599,2997
984625191,3919
985839104,13326
986553289,495
986861312,2890
987252260,1195
987312029,798
987541636,1668
987670088,27663
987682107,3026
987975584,10612
988337333,18319
988488798,5041
988535212,281
988545824,848
988856738,500
988892963,1074
989406293,235
989917360,1206
990310636,662
990811530,237
990919575,297
990985890,582
991030974,915
991037838,345
991047680,1558
991092853,1949
991528882,1743
991626874,819
992021228,255
992114392,855
992325192,563
992778031,515
992907328,329
993236973,1559
993376725,1605
993392548,494
993521808,3700
993635199,374
993864981,893
994061888,314
994252890,6586
995129837,861
995371708,335
995796077,799
995920026,1416
996124831,1784
996329491,6537
996546959,1128
996626040,10581
997085842,3109
997120524,854
997220114,273
997390194,5322
997410148,523
997438135,519
997490512,6288
997890921,22774
998409746,545
998445877,1337
998658053,1858
998704750,329
998903307,1796
999030842,15133
999743169,581
1000362065,38211
1000784797,822
1000933836,690
1001200358,1331
1001452682,12053
1001531356,575
1001889935,3178
1002055021,907
1002069540,2622
1002125012,27909
1002608585,342
1003353701,536
1003434490,1389
1003614809,3096
1003799351,508
1003987503,593
1004147641,17752
1004491404,601
1004631442,8655
1004647857,5711
1004789600,608
1004995740,22389
1005233473,4949
1005959915,291
1006104934,5627
1006340566,411
1006993051,890
1007665741,892
1007681088,5487
1007724038,646
1007845219,859
1008177062,4539
1008373485,13431
1008713177,27343
1008775535,648
1008961851,894
1009038213,384
1009729416,456
1009904154,396
1010094371,2094
1010285990,497
1010311478,249
1010318950,6735
1010478967,2276
1010681419,75219
1010767195,2664
1011137032,1469
1011263959,299
1011716417,642
1012087571,48677
1012470975,152
1012676456,3279
1013335166,327
1013404946,3310
1013480284,30376
1015215237,198
1015232837,400
1015241891,1911
1015280784,2311
1015753941,2602
1015815983,6998
1015852565,798
1015965886,561
1016271077,812
1016323751,38485
1016423859,12621
1016903129,872
1017049444,2836
1017500658,162
1017966556,435
1018098280,2059
1018547681,3789
1018830110,1592
1019203263,158
1019360350,3433
1019432584,12562
1019609805,2170
1020779503,1749
1020834440,3675
1020843346,617
1020997213,146
1021219064,3635
1021295105,508
1021369428,203
1021621499,3392
1021895365,23499
1021907170,1638
1022508659,750
1022925092,998
1022984892,4413
1023243010,1149
1024010771,563
1024095504,304
1024554267,236018
1025121037,4767
1025300166,5813
1025363199,170
1025906681,3346
1025924157,2779
1026361581,195
1026589873,340
1027015746,871
1027092197,226
1027207153,823
1027384981,28405
1027472552,1459
1027657650,454
1027735852,1672
1028070615,14342
1028159967,12783
1028492186,15098
1029036679,24616
1029049168,2376
1029161494,498
1029237831,366
1029289585,1981
1029765858,1798
1031066646,235
1031215137,15465
1031572511,332
1031666266,167
1031702103,624
1031738741,3155
1031743438,105
1031953656,1503
1032382011,849
1032429296,3100
1032459340,66146
1032498247,876
1033268244,5773
1033504128,107
1033533442,1910
1033618518,250
1033873680,8360
1034122619,1847
1034425196,12557
1034455311,203
1034736943,4217
1035165731,2006
1035890763,3497
1035903914,603
1035925398,264
1036205124,8100
1036441713,3611
1036471813,233
1036704760,1534
1036865607,4992
1037029275,190
1037741738,4632
1037868089,701
1037882481,1652
1037962296,5098
1038251341,4773
1038267026,506
1038357256,297
1038413113,1086
1038434342,724
1038507702,1534
1038887977,187
1039282306,2783
1039587768,7689
1040280323,2754
1040397982,8348
1041176052,4046
1041444133,1750
1041920680,4603
1042367133,131212
1042526843,2488
1042774256,928
1043448231,1857
1044010907,4770
1044765979,3295
1045330979,1149
1045721921,9608
1046807713,3751
1046864201,2212
1047320420,3455
1047604775,2639
1047714514,1349
1048132347,412
1048158960,1250
1048282719,2239
1048320382,11004
1048418394,3285
1048564437,280
1048601047,5014
1048652045,178
1049183334,649
1049248085,192
1049886433,2358
1049887781,791
1049911276,372
1050245177,675
1050485604,405
1051229663,1703
1051432019,559
1052016638,906
1052050442,74641
1052094299,1158
1052259802,3107
1052387869,542
1052473204,1157
1052828228,4785
1052845083,18722
1053114486,626
1053118194,41952
1053297461,3755
1053496366,1769
1053544737,530
1053598893,5067
1054147333,216
1054677274,2811
1054793726,49670
1055778057,677
1056221118,1358
1056452116,801
1056618941,4503
1057381764,810
1057758059,802
1057848324,766
1057909657,603
1058148535,1201
1058223453,540
1058825816,1982
1058850200,3209
1059326899,2372
1059472549,3626
1061041576,28097
1061327311,10888
1061365581,526
1061953414,171436
1062171191,516
1062210926,1008
1062297179,5256
1062458369,28816
1063265931,4154
1064264196,1017
1064636662,2742
1065047674,1680
1065059442,47187
1065066515,2013
1065865385,2512
1066243512,2001
1066509034,2999
1067194496,482
1067611583,147
1068755384,375
1069234314,433
1069446208,3304
1069465928,2752
1069943001,19832
1072539730,12163
1072816188,2446
1073224795,277220
1073579907,669
1074023461,2439
1074175180,392
1074561042,26570
1075241121,253
1075250658,1502
1075381375,14953
1076111130,1795
1076312498,948
1076538757,119
1076969585,2555
1077560986,464
1077591800,186
1077662591,2176
1077701245,887
1077819522,21694
1077839783,290
1077850011,14807
1077926723,1224
1077989117,2775
1078227922,664
1078434900,505
1078528927,6596
1078598180,2368
1079302078,622
1079469057,3061
1079547517,979
1079619168,6122
1079906817,3539
1079966361,3332
1080070047,11156
1080226559,352
1080442728,2875
1080536031,1769
1080688707,828
1080728121,1414
1080989149,1904
1081336463,2752
1081397957,25247
1081415439,272
1081623471,2110
1081770999,2348
1081783144,445
1082137380,4545
1082722503,3373
1082927074,3326
1082960574,3110
1083188349,5221
1083363028,2605
1083676347,105
1083790746,447
1083953029,537
1084058975,2248
1084400107,1605
1084853233,32060
1085062248,130
1085086903,12405
1085130367,1166
1085636225,388
1085876386,6150
1086124473,605
1086419061,21060
1086756757,1561
1086808440,203
1086887314,2984
1087021837,705
1087106485,371
1087304134,1736
1087772670,5361
1087915800,519
1087953935,681
1088165333,442
1088558237,12015
1088705108,8756
1088816938,749
1088947514,1190
1089324287,747
1089959414,4955
1090165309,394
1091441963,728
1091563845,2418
1092047360,41188
1092116209,6563
1092279475,5959
1092555455,168
1092747695,239
1093180734,890
1093458723,337
1093529841,10251
1093903598,653
1094040884,132
1094122545,1537
1094171135,1083
1095936393,1970
1095948794,3807
1095991387,516
1096175506,1151
1096608396,3635
1096955196,1372
1097695258,20547
1097835077,1531
1097885806,264
1098549899,600
1098665524,2502
1098866858,597
1099328966,12449
1100358796,777
1100363827,3764
1100776768,33931
1101059247,1139
1101183880,805
1101198567,2406
1101234405,2759
1101358021,860
1101573776,159
1101874129,9725
1102197464,3278
1102438776,1282
1102464845,195
1102475895,299
1103012935,387504
1103039640,554
1103066894,1431
1103502237,1097
1103772881,5478
1104232109,760
1104332987,71505
1104370536,7236
1105067009,628
1105657641,9909
1105906942,5941
1105911868,200
1106046293,2256
1106290890,947
1106398326,1059
1106440682,603
1106444494,353
1106612431,2592
1106615912,2092
1106663535,15498
1107721554,1178
1107847846,408
1107929306,1194
1108061543,382
1108188054,255
1108246201,262
1108658403,240
1108682714,6558
1108837393,68335
1109163478,957
1110248948,1672
1110443421,15510
1110629675,449
1110724055,457
1110731552,547
1110782890,14961
1110932933,3622
1111221079,906
1111537966,3823
1111937658,2276
1112015061,732
1112154391,366
1112189620,26080
1112733896,754
1112757335,498
1112843446,2322
1113140733,3097
1113326957,791
1113327297,2001
1113373470,678
1113403973,11007
1113476505,563
1113573066,49137
1113922795,2717
1114838453,4541
1115322337,1586
1115438773,3084
1115602775,2337
1115745775,633
1116604175,2967
1116658452,832
1117298172,778
1117388084,1512
1117497732,1886
1117639997,24674
1117827886,297
1117851921,734
1117894769,1867
1117896698,475
1117927632,2238
1117942206,3709
1118058753,565
1118085970,14676
1118204739,1034
1118273977,801
1118472080,662
1118483478,1130
1118556483,360
1118601518,39284
1118620356,933
1118981983,665
1119072163,240
1119305249,1088
1119492821,2515
1119523584,5396
1119580695,3920
1119883856,1613
1120106077,1432
1120507300,2076
1120540348,5008
1120583995,1117
1120886225,1854
1120991338,962
1120992116,544
1121405464,3931
1121898861,1320
1121999804,1846
1122242121,4881
1122681704,1984
1122873619,1505
1123331936,1047
1123338559,5790
1123956658,7994
1124031902,1583
1124219907,37439
1124236568,382
1124477911,2015
1124631986,997
1124754056,2350
1124759447,486
1124936542,779
1124990304,878
1125228311,356
1125258937,979
1125683897,467
1125856365,27251
1126064944,1406
1126473386,27622
1126557956,813
1126841840,5005
1127011907,539
1127191351,3087
1127234517,9240
1127276854,1544
1127402712,450
1127793756,5847
1127844060,554
1127855842,247
1128204614,18488
1128579105,392
1128708803,257
1128833454,1881
1129412343,684
1129437678,2857
1129568168,1626
1129583447,3375
1129597773,368
1129716674,2359
1129786550,18908
1129836481,338
1130004860,5827
1130040122,993
1130269053,270
1130325611,1351
1130445785,808
1130564872,84073
1130809465,38780
1130952330,566
1131085323,1826
1131194012,278
1131286249,292
1131381274,247
1131513930,63808
1131637627,1238
1131734767,713
1131980797,556
1132063646,1938
1132431999,10963
1132664039,2076
1132750706,16031
1133207146,25310
1133210524,4329
1133611462,179
1133660268,2072
1133872562,542
1133901637,5654
1134247238,413
1134445014,545
1134447175,6837
1134743153,768
1134819911,4000
1134882229,938
1135067489,295
1135148452,953
1135169266,2302
1135179558,8389
1135193663,580
1135212071,45525
1135260262,2959
1135473927,747
1135492298,16458
1135501937,2545
1135791677,14026
1135871706,634
1135891523,2949
1135975613,279
1136152017,1644
1136197489,194
1136590548,242984
1136616428,1691
1136666433,37711
1136752401,1638
1136782037,2699
1136945646,224
1137222083,783
1137445686,555
1137485434,2387
1137515077,5072
1137515714,445
1137711311,40840
1137729039,160
1137850293,1322
1138349022,998
1138376193,1467
1138835447,1834
1139111484,336
1139329853,446
1139643103,1072
1139782619,13797
1139883371,377
1139971460,77318
1140000232,1807
1140071348,2120
1140152286,411
1140226073,622
1140263746,1161
1140481996,756
1140494293,722
1140774520,817
1140788023,382
1141023706,550
1141384261,486
1141468878,176
1141582887,1200
1141592887,1302
1141701871,1082
1141704318,52163
1141706975,1418
1141720197,1546
1141782198,51372
1141853351,5787
1142132744,209
1142274728,8851
1142397834,646
1142406715,4498
1142413815,346
1142482827,473
1142833038,153
1142849282,262
1142857237,348
1143019584,812
1143237475,5186
1143261428,9956
1143295695,5398
1143403408,978
1143408173,1908
1143664622,505
1143707508,784
1143753790,322
1143767804,28094
1143816215,625
1143938205,231
1143952193,5794
1144007363,1228
1144211118,1102
1144284308,691
1144422934,629
1144694071,2744
1144727401,2456
1145075367,704
1145158024,2016
1145420469,2835
1145667945,2272
1145741988,1149
1145881485,638
1145914675,1248
1146004684,2254
1146153471,1972
1146425139,3961
1146462485,2808
1146471921,2097
1146550474,3801
1146738089,30615
1147019563,2078
1147094660,47362
1147103080,3888
1147294830,560
1147379948,4109
1147566999,3072
1147646222,204
1147803825,826
1148290190,873
1148314264,489
1148542760,522
1148617298,1691
1148960257,4083
1149110392,498
1149257427,5244
1149469661,564
1149484257,1150
1149919051,2080
1150071903,2548
1150205470,6635
1150626239,7597
1150696087,556
1150781804,399
1150800542,2341
1150865300,868
1150877418,3312
1150995498,602
1151113612,3932
1151205052,3122
1151221822,481
1151379841,859
1151411061,6420
1151667698,5639
1151867743,461
1151870687,357
1151948575,413
1152014594,15043
1152145571,1714
1152159038,3288
1152162423,201
1152600431,1454
1152720637,1456
1152766213,431
1152784189,608
1152844950,342
1152948526,922
1153027372,181
1153111797,278
1153372704,7040
1153416852,2966
1153483156,401
1153494379,1077
1153634897,295
1153688673,414
1153764295,1075
1153806672,2034
1153822578,515
1153886029,182
1153919891,781
1154009261,5002
1154123797,2328
1154407752,1718
1154879377,3012
1154974019,357
1155025406,3296
1155063795,327
1155091202,5803
1155099363,1737
1155123554,1092
1155232855,1340
1155266070,805
1155268703,1890
1155383451,8460
1155576139,6978
1155681893,185
1155766506,1223
1155776799,1285
1155816493,2370
1155965274,24515
1156013210,1730
1156046366,257
1156170875,5342
1156416181,440
1156797572,6086
1156956890,32648
1156960719,14613
1156994049,9935
1157171418,20573
1157299560,175
1157326300,247
1157543432,909
1157643045,177
1157659618,422
1157855507,942
1157909530,318
1157928891,446
1158031396,835
1158444028,694
1158472225,3122
1158588224,33921
1158631460,3481
1158722119,89557
1158782187,176
1158799392,10271
1158953185,2184
1159184254,558
1159261054,1572
1159381774,2226
1159829402,675
1159910897,239
1160158798,374
1160245783,1400
1160289313,827
1160721237,254
1160886023,1357
1161038816,640
1161355400,746
1161379409,769
1161394125,1642
1162089095,865
1162099055,80210
1162410458,9018
1162907198,296
1162971794,2314
1162985117,435
1163081173,578
1163421557,480
1163460571,1026
1163460850,2245
1163524922,257
1163644748,588
1163855415,1112
1164059777,1448
1164459351,1086
1164521143,838
1164625104,608
1164646909,521
1164655740,1412
1164832776,16398
1164859248,1038
1165324947,34425
1165361576,9026
1165489591,575
1165507389,4463
1165663023,1408
1165855406,2920
1166050099,121
1166108740,288
1166119443,2621
1166139870,18134
1166143771,112
1166171472,198
1166321809,1463
1166408297,27382
1166606658,1129
1166706525,1213
1167034425,3094
1167077257,2699
1167209519,7445
1167296906,921
1167300963,43604
1167337904,499
1167413446,2998
1167525683,241
1167626999,346
1167788341,30802
1167791343,1954
1167823778,1410
1168073473,959
1168184085,320
1168261320,1317
1168294481,701
1168625736,262
1168753718,13376
1168900248,688
1169009889,179
1169078701,322
1169101061,2327
1169144801,2234
1169297054,573
1169560166,4554
1169612059,799
1170266927,25614
1170303612,2542
1170321595,568
1170326509,2127
1170548091,4142
1170615905,264
1170634188,663
1170648585,593
1171111467,6109
1171284401,1251
1171290857,518
1171312494,4134
1171376163,2518
1171575871,409
1171605222,261
1171656857,1366
1171755183,193
1171873526,400
1172197625,332
1172251311,464
1172309719,195
1172540122,658
1172574522,6467
1172739419,1906
1172782796,516
1172805219,1257
1172886754,687
1173427820,2868
1173503298,641
1173528409,514
1173769719,877
1173838343,970
1173848034,11659
1174224707,3235
1174262723,430
1174423274,249
1174443757,199
1174614095,395
1174625805,336
1174747993,1445
1174957711,362
1175231820,1779
1175263852,1607
1175316550,2207
1175317731,175
1175414428,291
1175742612,206
1175748759,4413
1175870738,2970
1175900220,3397
1176061718,501
1176129893,19495
1176335208,2027
1176469774,2366
1176497351,907
1176557412,773
1176677271,1291
1176808813,1565
1176898834,3497
1177118700,217
1177129875,565
1177402105,42524
1177456367,1096
1177640089,888
1177919337,724
1178198291,1251
1178437140,1872
1178500367,737
1178505369,399
1178543902,794
1178584802,331
1178834224,885
1178974910,482
1179046874,11735
1179074781,1202
1179124545,4501
1179213731,2904
1179363570,6906
1179413000,9254
1179457582,224
1179478740,270
1179539349,3550
1179682343,1383
1179727851,687
1179824727,222
1179959183,4570
1180015183,830
1180226026,1514
1180391077,664
1180445240,456
1180700598,173
1180781840,1203
1180872582,206
1180917769,5935
1181171430,260
1181272477,3235
1181318933,1383
1181409661,291
1181429842,585
1181479848,11554
1181624333,528
1181899027,1456
1181982220,28538
1182000750,2489
1182212878,29187
1182215277,1197
1182216394,2929
1182547092,22267
1182588635,277
1182594286,2266
1182712729,2435
1182741097,1494
1183151083,205
1183396155,1346
1183845721,399
1184096749,457
1184170771,1357
1184249417,530
1184268220,6023
1184313747,468
1184340999,267
1184626912,8723
1184752645,4430
1184830713,696
1184839874,166
1184996128,1452
1185003107,528
1185016972,783
1185122623,6019
1185233810,959
1185308721,244
1185389803,34399
1185430378,1920
1185438389,390
1185528404,1556
1186036632,897
1186202698,2339
1186233280,1355
1186304875,216
1186389044,305
1186598756,1039
1186664179,1234
1186701238,1040
1186842622,1748
1187150337,2495
1187349447,311
1187386524,126
1187464970,886
1187490902,456
1187573823,437
1187595770,532
1187630119,14949
1187689258,554
1187718501,196
1187805808,2839
1188009186,885
1188133194,1408
1188180267,6995
1188362803,2511
1188669909,2204
1188684386,444
1188775349,1882
1188833811,255
1189234446,5437
1189384516,6216
1189432033,1486
1189732822,4536
1190042495,1837
1190390511,1088
1190515659,471
1190778303,4625
1191240966,372
1191398263,582
1191520000,3730
1191671352,1248
1192168837,1735
1192303694,1463
1192555574,16363
1192646696,1867
1192691221,314
1192710260,301
1192845474,1191
1193082155,8829
1193276701,193
1193374549,3401
1193430229,508
1193465306,496
1193818575,409
1194056092,2129
1194293040,544
1194517182,734
1194576770,386
1194842235,399
1195165448,3470
1195208341,3924
1195243030,14071
1195371847,3777
1195557790,1185
1195828337,23940
1196568696,240
1196617276,17703
1196674898,269
1196898989,824
1196950132,997
1197002442,4502
1197043989,10269
1197079556,2191
1197172145,3285
1197183235,2518
1197197392,2499
1197226849,3513
1197227242,2599
1197262207,3263
1197265285,1568
1197308263,1070
1197357033,2739
1197436636,251
1197473770,927
1197491237,1078
1197496497,1847
1197569406,14211
1197598190,4132
1197631840,944
1197674252,1666
1197690052,1260
1197727671,899
1197782606,3015
1197811764,2212
1197990888,30821
1198040849,2894
1198063129,536
1198068829,529
1198155461,1195
1198211652,233
1198306812,31659
1198331424,163
1198370352,1936
1198604352,768
1198625298,237
1198654685,996
1198829864,1670
1198882870,1194
1198982020,368
1199028956,1294
1199057215,1124
1199548147,570
1199668171,14034
1199720858,414
1199905418,1457
1199916658,728
1200071160,1143
1200192516,195
1200309199,297
1200426344,1509
1200597263,110208
1200800171,952
1200968971,184
1201167354,345
1201173969,100748
1201212574,132
1201253077,3840
1201432708,1524
1201628267,1061
1201656210,58615
1201754187,204
1201775166,2028
1201897606,434
1201906543,230
1202070696,2758
1202113460,1418
1202274504,274
1202436319,466
1202496880,473
1202549948,3282
1202555904,2322
1202599845,20038
1202634727,1018
1202937420,5948
1203115035,687
1203116301,158
1203417753,2038
1203463294,328
1203468533,13836
1203485136,1046
1203558071,24320
1203657193,292
1203667901,226
1204165003,2172
1204369117,932
1204383770,199
1204427144,438
1204520409,1282
1205047801,168
1205137520,5713
1205298114,523
1206357666,1791
1206390571,11606
1206468071,721
1206501749,4098
1206553433,11329
1206566990,2497
1206648335,718
1206910786,174
1207006614,1504
1207091162,10857
1207529559,1118
1207639951,10582
1207687985,2078
1207740274,2496
1207908536,330
1207953136,287
1207965399,2345
1208339803,1531
1208451003,804
1208510936,951
1208616942,848
1209020591,577
1209098380,2190
1209350013,623
1209640045,532
1209889782,9633
1210070282,375
1210155353,5016
1210223349,415
1210288370,794
1210537388,2731
1210965499,15
1210969976,616
1210974853,35
1210993610,18
1210995403,20
1210996597,434
1210998536,26
1210999518,23
1211008223,83
1211009406,14
1211010427,14
1211015701,30
1211016441,405
1211026924,29
1211027023,16
1211029147,20
1211045181,28
1211046673,55
1211047453,78
1211049218,143
1211054287,657
1211062214,24
1211066605,15
1211067257,12
1211079624,25
1211081420,14
1211081914,17
1211082205,20
1211083967,58
1211091483,15
1211091844,43
1211092393,79
1211096376,1887
1211100249,557
1211101745,23
1211103743,12
1211105461,17
1211106808,18
1211119746,34
1211134411,272
1211135748,58
1211139949,15600
1211148265,12
1211152788,95
1211153639,663
1211161312,47
1211164307,22
1211182199,37
1211183026,33
1211183428,35
1211185810,14
1211188079,98
1211192559,35
1211200858,9
1211206127,257
1211207463,20
1211213013,58
1211213210,35
1211216973,20
1211231675,19
1211239245,11
1211240086,17
1211242246,13
1211245293,39
1211245881,44
1211246310,44
1211247455,44
1211247978,44
1211248537,44
1211249123,44
1211253535,44
1211254498,44
1211255002,44
1211255474,44
1211255968,44
1211256418,68
1211256910,44
1211258495,44
1211258530,27
1211259024,44
1211260619,17
1211261120,44
1211263474,44
1211263944,44
1211264394,44
1211264885,45
1211265499,44
1211269161,39
1211269625,39
1211288094,18
1211288569,249
1211291830,43
1211292824,13
1211323948,68
1211326181,116
1211328845,43
1211331887,43
1211332487,20
1211334989,94
1211339624,44
1211340505,12
1211341812,16
1211344034,58
1211346525,36
1211347607,16
1211353240,15
1211353708,34
1211357795,416
1211358903,22
1211363745,214
1211363761,23
1211369814,30
1211373664,17
1211373726,14
1211375944,378
1211392915,51
1211396326,104
1211397094,12
1211397985,16
1211406359,15
1211407380,19
1211421149,28
1211424294,116
1211431908,23
1211436356,28
1211437711,25
1211445936,16
1211449139,1045
1211451737,241
1211455718,42
1211472582,24
1211474003,48
1211478189,426
1211483815,69
1211486387,14
1211495036,246
1211495678,80
1211496271,12
1211496721,15
1211499945,18
1211504567,15
1211506215,133
1211511366,31
1211514405,50
1211516798,27
1211528757,33
1211532216,70
1211537500,2233
1211544888,11
1211547129,13
1211549389,14
1211555810,139
1211560503,15
1211568421,79
1211576866,36
1211589067,977
1211595987,16
1211611644,37
1211614110,212
1211615179,169
1211621353,13
1211628140,14
1211628924,57
1211636743,318
1211639042,71
1211640020,56
1211648517,45
1211664428,85
1211668332,24
1211673552,21
1211688259,28
1211689305,86
1211709322,21
1211709401,42
1211713203,39
1211734353,37
1211762072,17
1211769859,12
1211771701,137
1211786253,11
1211796176,170
1211804342,74
1211805157,20
1211816061,20
1211822834,108
1211841798,47
1211844962,10
1211847033,33
1211852158,24
1211879821,25
1211880680,26
1211883488,29
1211907063,13
1211913026,51
1211933183,29
1211933536,19
1211937619,49
1211947721,17
1211954790,23
1211961956,13
1211973138,18
1211974233,16
1211981858,61
1212012880,19
1212016788,47
1212023672,27
1212030186,37
1212038396,61
1212040616,51
1212041285,45
1212044099,115
1212045148,33
1212046166,16
1212051246,29
1212054378,26
1212059169,318
1212059453,24
1212060952,59
1212065926,25
1212068500,2878
1212068825,19
1212071331,118
1212071873,11
1212073733,79
1212073877,15
1212074645,31
1212080845,13
1212082239,16
1212098005,27
1212102867,13
1212103871,35
1212104171,81
1212105001,15
1212106565,26
1212109465,16
1212112489,68
1212122101,748
1212122915,10
1212123893,314
1212126095,29
1212133946,390
1212138326,18
1212142448,29
1212142746,31
1212149375,813
1212150078,12
1212152443,15
1212152679,8
1212155273,29
1212156829,68
1212162173,40
1212162858,18
1212163614,39
1212163658,8880
1212171830,83
1212178686,44
1212180639,326
1212184690,13
1212187194,65
1212191053,15
1212192645,11
1212194710,54
1212199101,42
1212202152,83
1212205041,86
1212213795,10
1212215459,25
1212217978,12
1212221277,53
1212224446,104
1212231935,34
1212237753,69
1212240247,26
1212272650,35
1212291096,21
1212297061,17
1212297707,585
1212299698,24
1212301481,14
1212303172,16
1212305418,10
1212309782,14
1212312612,18
1212313395,36
1212313943,32
1212321035,19
1212321780,12
1212322352,14
1212323523,45
1212324108,238
1212326426,15
1212327060,19
1212328464,21
1212335792,1316
1212337929,55
1212339953,13
1212344894,18
1212352704,209
1212353968,477
1212355347,14
1212358471,46
1212361258,108
1212365405,399
1212370575,17
1212380723,67
1212386132,13
1212389344,81
1212396129,20
1212401107,73
1212404364,33
1212405954,13
1212409812,20
1212411769,23
1212416285,51
1212420523,98
1212424025,47
1212425313,20
1212426242,34
1212435342,14
1212436974,13
1212445952,249
1212446074,229
1212458158,33
1212463614,21
1212471969,196
1212485345,12
1212495958,22
1212503250,13333
1212507810,14
1212517694,14
1212519203,20
1212522158,25
1212526449,28
1212534605,47
1212545513,47
1212545562,19
1212545659,21
1212547305,50
1212552738,81
1212556547,57
1212568395,2548
1212579112,19
1212580057,11
1212580972,17
1212584333,14
1212604955,41
1212607944,22
1212608505,41
1212615762,14
1212615823,65
1212626143,12
1212639739,38
1212645406,52
1212655381,229
1212662651,37
1212662699,46
1212674766,22
1212691238,18
1212697436,20
1212698895,22
1212708301,41
1212711737,15
1212716497,46
1212717547,13
1212718768,2610
1212731288,23
1212732933,14
1212741592,15
1212744728,16
1212750508,48
1212751545,14
1212751853,26
1212752329,42
1212756310,15
1212767451,29
1212769188,26436
1212770626,20
1212772844,65
1212776839,13
1212779336,42
1212792234,343
1212802346,35
1212803197,148
1212818660,137
1212822116,160
1212826524,14
1212832891,16
1212833318,681
1212843730,56
1212854568,44
1212863969,17
1212866717,14
1212873879,19
1212877255,40
1212893754,26
1212898723,61
1212901838,44
1212906611,11
1212912437,14
1212915278,17
1212932043,16
1212936003,17
1212946437,45
1212958625,2033
1212958792,162
1212960200,26
1212964560,102
1212986802,22
1212990952,72
1213004527,70
1213018000,956
1213021084,17
1213021942,25
1213031647,6
1213049020,17122
1213053754,58
1213064866,138
1213065419,18
1213067090,15
1213070486,53
1213072190,64
1213072391,16
1213072853,37
1213074351,24
1213075462,21
1213079400,49
1213079565,14
1213081795,30
1213082786,200
1213083204,11
1213089388,35
1213093442,15
1213096099,21
1213097216,30
1213099006,12
1213099715,17
1213102235,46
1213107404,11
1213121380,225
1213122529,18
1213126085,54
1213128008,11
1213128525,14
1213129179,12
1213135165,33
1213138705,48
1213141996,16
1213150985,40
1213158264,16
1213159910,31
1213166415,30
1213174371,26
1213210884,19
1213212865,2046
1213214826,9
1213215164,9
1213215604,19
1213232466,51
1213239020,24
1213244638,91
1213244979,80
1213254756,12
1213265429,161
1213269387,11
1213270275,11
1213271324,859
1213278007,29
1213278465,44
1213279660,35
1213282074,15
1213286530,46
1213286773,31
1213295040,200
1213298526,31
1213313471,81
1213314710,39
1213320306,67
1213322283,17
1213344454,32
1213347757,44
1213350401,12
1213369035,16
1213369150,13
1213369689,28
1213376196,66
1213377775,287
1213388257,11
1213389047,38
1213390704,30
1213393702,13
1213401667,34
1213406268,48
1213410885,18
1213412750,145
1213418162,29
1213422759,13
1213424550,31
1213438872,27
1213439274,15
1213448295,18
1213456169,39
1213456832,82
1213465959,62
1213477480,740
1213483766,116
1213484834,69
1213489460,31
1213492378,20
1213494393,20
1213494845,82
1213499662,12
1213508077,44
1213522308,66
1213526705,301
1213545146,46
1213546910,84
1213548688,13
1213558515,102
1213572410,15
1213578141,24
1213589825,154
1213589861,367
1213596558,28
1213599866,40
1213602620,44
1213605295,20
1213612261,15
1213616615,2813
1213621353,55
1213627697,116
1213635270,121
1213655814,15
1213665985,12
1213667676,17
1213667879,322
1213671679,12
1213679333,19
1213684532,22
1213690685,38
1213705966,18
1213724156,20
1213726114,110
1213732395,1091
1213737277,26
1213738495,22
1213752513,16
1213756841,34
1213757446,229
1213776823,764
1213782040,15
1213783578,22
1213784218,13
1213785946,16
1213789212,41
1213806247,21
1213815713,44
1213816047,776
1213820321,13
1213831079,35
1213840696,33
1213841375,12
1213848993,87
1213850825,22
1213854984,65
1213856502,19
1213858087,38
1213869298,17
1213877989,20
1213882945,27
1213883741,40
1213894274,12
1213899530,29
1213903458,50
1213903931,47
1213921570,19
1213924905,25
1213933023,20
1213936160,16
1213946709,32
1213956965,673
1213958077,18
1213963375,274
1213963816,25
1213969021,53
1213975621,666
1213978779,53
1213989169,15
1213991947,39
1213992071,16
1213993401,8
1213995610,77
1213999980,11
1214023498,31
1214027647,20
1214028696,122
1214031601,46
1214039649,14
1214042231,130
1214048612,35
1214054836,27
1214055530,241
1214056183,29
1214061724,61
1214066049,27
1214073962,13
1214075908,60
1214079192,342
1214086123,189
1214088066,18
1214097767,22
1214103856,16
1214106457,20
1214115656,66
1214116564,62
1214123279,46
1214124594,31
1214125715,3533
1214130539,179
1214132525,24
1214137514,17
1214145978,61
1214157669,47
1214166855,362
1214171422,21
1214186671,20
1214187650,30
1214194417,16
1214198641,58
1214205098,255
1214206049,528
1214207265,38
1214209804,14
1214224482,72
1214230350,76
1214232991,21
1214253933,17
1214259427,57
1214267031,19
1214273599,20
1214284796,125
1214286302,13
1214292570,100
1214308670,40
1214316980,11
1214325159,43
1214330138,34
1214330684,568
1214340119,27
1214344575,59
1214345024,31
1214349536,2964
1214354379,38
1214357854,32
1214365048,35
1214367522,310
1214368528,275
1214371636,16
1214378079,22
1214378330,13
1214382445,120
1214401834,68
1214402572,160
1214410740,20
1214415239,13
1214417298,19
1214419579,10
1214419813,26
1214421786,30
1214423832,1600
1214430889,16
1214432280,53
1214432636,52
1214444660,77
1214451720,18
1214459508,284
1214464768,422
1214466235,15
1214478877,37
1214479548,17
1214482028,85
1214484185,17
1214488263,97
1214491827,21
1214497982,17
1214499036,33
1214515537,19
1214515716,18
1214522988,15
1214534230,21
1214535662,38
1214541835,152
1214543765,44
1214544186,31
1214545008,33
1214548581,18
1214556362,718
1214564144,23
1214564285,480
1214565094,18
1214565945,54
1214568317,15
1214586312,11
1214590697,25
1214598450,88
1214613536,24
1214614273,75
1214617729,71
1214621535,40
1214621915,13
1214625657,110
1214631343,3
1214633006,11
1214639705,35
1214639959,11
1214643314,28
1214651975,22
1214654038,33
1214661652,27
1214662152,17
1214664730,120
1214668357,28
1214671166,317
1214701984,26
1214706991,13
1214708684,11
1214711567,38
1214712269,14
1214720448,16
1214721509,55
1214732478,18
1214733598,22
1214741287,824
1214744766,16
1214746179,13
1214761986,50
1214764451,187
1214770805,73
1214783544,2382
1214785164,5935
1214788016,660
1214792028,35
1214795107,17
1214799336,80
1214805512,1200
1214805939,15
1214807590,472
1214808136,15
1214809647,19
1214812584,13
1214814133,1073
1214823259,33
1214823616,61
1214824471,69
1214825004,19
1214832943,21
1214845304,211
1214847313,16
1214857101,11
1214862520,15
1214873786,27
1214883816,2
1214885213,23
1214885251,12
1214889705,72
1214894588,129
1214895007,18
1214898654,23
1214913459,23
1214914397,646
1214915118,24
1214917315,30
1214921938,50
1214925130,31
1214926344,267
1214932135,12
1214940958,133
1214947572,17
1214948129,16
1214951658,1024
1214958134,386
1214959257,28
1214964352,28
1214966051,18
1214971907,27
1214973617,46
1214980737,47
1215002714,23
1215007786,89
1215011706,24
1215015607,114
1215017190,17
1215020386,51
1215020609,27
1215021756,13
1215025222,17
1215026946,19
1215027194,426
1215034382,57
1215037002,15
1215037136,65
1215044156,14
1215048066,23
1215054020,178
1215071370,24
1215072592,35
1215075128,12
1215089331,12
1215096061,32
1215096318,47
1215104825,13
1215105191,16
1215107073,123
1215109328,12
1215112375,22
1215112716,228
1215114303,27
1215115240,14
1215122415,10
1215124088,16
1215126598,164
1215133631,17
1215136096,24
1215142181,1044
1215145625,23498
1215153409,5987
1215159144,46
1215163675,11
1215167976,35
1215172008,33
1215180660,43
1215184266,23
1215184274,63
1215188084,15
1215188990,18
1215192081,14
1215194738,64
1215213624,274
1215222097,160
1215232646,17
1215235243,49
1215237193,16
1215240744,31
1215247792,20
1215256431,13
1215268822,15
1215274814,71
1215277996,19
1215280164,1496
1215290046,18
1215297817,70
1215306737,22
1215306761,59
1215317123,18
1215321844,16
1215327975,33
1215338506,24
1215341250,13
1215345965,18
1215353434,389
1215367178,11
1215376308,90
1215388091,105
1215391309,22
1215394372,37
1215398789,42
1215414287,54
1215415060,47
1215417088,51
1215417342,40
1215427805,19
1215431881,23
1215435055,31
1215435141,31
1215435693,118
1215437858,78
1215449317,65
1215453504,19
1215456863,12
1215464508,13
1215469331,23
1215472967,12
1215494831,32
1215501373,1424
1215513042,278
1215525052,24
1215528293,15
1215530108,19
1215535154,40
1215536848,30
1215549140,17
1215565821,54
1215576669,29
1215580107,24
1215581359,17
1215593067,41
1215598138,67
1215602802,295
1215602835,11
1215609207,18
1215609896,51
1215610146,22
1215612244,831
1215617177,25
1215617234,11
1215627862,66
1215630826,99
1215637209,11
1215641367,102
1215642753,313
1215651941,17
1215653880,36
1215659290,31
1215667929,86
1215670433,41
1215678767,862
1215686624,55
1215693176,76
1215695618,22
1215699839,16
1215703747,47
1215708757,240
1215709831,20
1215711897,27
1215724110,16
1215734700,14
1215754581,31
1215761080,61
1215762204,12
1215763925,132
1215772018,59
1215774013,442
1215778039,29
1215778674,25
1215786287,18
1215802577,27
1215804516,24
1215815598,14
1215820754,21
1215821842,34
1215840941,39
1215840958,12
1215841405,61
1215848131,48
1215848597,90
1215848628,26
1215860363,14
1215880700,84
1215895293,117
1215895678,142
1215896820,18
1215901237,62
1215904689,71
1215925081,19
1215929924,45
1215941570,21
1215952260,43
1215959245,38
1215961903,249
1215968361,143
1215974868,3056
1215976690,140
1215978264,11
1215980069,12
1215983140,144
1215989105,20
1215999715,22
1216005890,65
1216017171,46
1216017372,62
1216018447,28
1216020101,58
1216022788,27
1216023525,23
1216028377,73
1216030087,25
1216032525,182
1216037740,12
1216061380,52
1216069663,18
1216082712,27
1216087888,23
1216089000,19
1216090751,419
1216092644,14
1216098872,11
1216102513,44
1216104234,65
1216108819,85
1216109475,213
1216109985,32
1216116826,2853
1216131824,251
1216133553,269
1216138306,105
1216144935,13
1216152655,105
1216154126,17
1216157979,18
1216171501,16
1216190131,16
1216201070,25
1216201393,27
1216201523,277
1216208824,13
1216242393,21
1216243094,16
1216253015,83
1216260255,11
1216272351,81
1216319128,52
1216319430,29
1216321571,11
1216324736,21
1216324944,18
1216328923,64
1216332504,25
1216333449,30
1216334681,23
1216335416,165
1216336936,16
1216350024,27
1216350996,41
1216351315,25
1216352422,199
1216360484,208
1216372376,13
1216375790,220
1216382538,33
1216400972,19
1216401140,27
1216403796,14
1216408253,48
1216414579,24
1216417050,12
1216418105,18
1216429765,56
1216443171,47
1216451834,24
1216456135,23
1216462061,103
1216463076,233
1216475812,33
1216482194,111
1216484498,33
1216490718,42
1216494144,26
1216494445,621
1216501093,13
1216510419,12
1216512254,21
1216513155,22
1216513449,15
1216514794,38
1216523472,55
1216526830,11
1216538171,28
1216540769,15
1216545064,13
1216546135,14
1216557401,128
1216561964,18
1216569752,99
1216571209,774
1216575395,32
1216575633,33
1216578144,21
1216579794,13
1216581384,20
1216583510,45
1216585136,44
1216585843,23
1216592214,25
1216592520,21
1216594612,423
1216602261,25
1216602307,16
1216603405,20
1216604251,11
1216606902,47
1216617312,13
1216621664,42
1216626808,16
1216631222,156
1216634387,71
1216636456,14
1216638612,48
1216657015,23
1216659670,30
1216662529,66
1216666459,14
1216668024,13
1216671362,364
1216672009,2442
1216676682,17
1216687226,14
1216702324,30
1216705316,44
1216710530,72
1216716893,13
1216729729,535
1216733352,12
1216734435,28
1216744997,384
1216753351,27
1216754861,104
1216755814,27
1216760293,35
1216761709,25
1216767127,125
1216774150,16
1216774242,17
1216782078,15
1216783017,12
1216788591,24
1216795554,74
1216802857,99
1216802904,666
1216806001,139
1216807315,17
1216809628,112
1216810108,463
1216813186,35
1216817621,36
1216821891,16
1216823006,23
1216824806,16
1216824855,21
1216828696,22
1216839348,748
1216849186,181
1216851265,27
1216854084,37
1216854661,111
1216863195,27
1216889203,182
1216889464,13
1216890989,30
1216894026,48
1216904708,47
1216916975,16
1216920437,19
1216925406,433
1216947831,865
1216950004,30
1216954187,10612
1216955020,24
1216957019,91
1216961632,78
1216962487,13
1216972280,83
1216978255,169
1216978941,417
1216979884,47
1216980321,24
1216981748,12
1216982911,21
1217002856,72
1217004160,14
1217006906,31
1217013436,36
1217013518,122
1217024571,14
1217027821,13
1217028120,625
1217036554,61
1217036916,40
1217040185,19960
1217043693,51
1217046685,13
1217048091,16
1217050817,12
1217064635,22
1217064814,20
1217066206,94
1217077268,15
1217078336,98
1217079795,470
1217080687,200
1217086292,14
1217097102,76
1217098957,130
1217103809,140
1217105994,29
1217109502,11
1217115101,13
1217117361,11
1217117726,12
1217118687,39
1217122519,15
1217126552,11
1217128906,674
1217129907,17
1217139543,39
1217152169,61
1217154559,60
1217160355,88
1217178567,12
1217180034,48
1217182377,22
1217188876,15
1217190965,22
1217192243,193
1217195695,13
1217201645,20
1217201723,12
1217208761,20
1217209599,118
1217210212,38
1217212029,18
1217212643,28
1217216576,215
1217220793,18
1217222433,51
1217233667,34
1217249705,39
1217252492,11
1217258787,27
1217259193,13
1217259573,509
1217262941,25
1217269188,32
1217269729,19
1217281602,200
1217281692,1149
1217283106,2
1217288862,38
1217291538,9095
1217298686,14
1217299529,28
1217301865,60
1217315946,17
1217325629,18
1217333901,28
1217334368,17
1217339390,15
1217344324,34
1217345178,715
1217350447,79
1217368484,38
1217370937,24
1217388134,14
1217393935,13
1217394553,12
1217396442,3135
1217400042,11
1217408512,78
1217409016,29
1217409285,32
1217423929,15
1217440433,16
1217441118,33
1217456927,20
1217481469,100
1217503846,129
1217508335,33
1217509950,69
1217511504,14
1217511531,14
1217515201,11
1217519452,13
1217522067,13866
1217522094,28
1217523249,28
1217531704,29
1217534578,40
1217536224,12
1217539691,18
1217550851,23
1217551679,714
1217559252,13
1217567462,41
1217579854,37
1217582381,16
1217588885,129
1217591699,44
1217595194,30
1217598410,47
1217603668,81
1217605771,20
1217620707,26
1217630469,614
1217634097,43
1217635695,24
1217654363,250
1217655472,58
1217663853,29
1217671020,1742
1217679253,12
1217681650,30
1217687846,77
1217694973,28
1217696644,12
1217698251,11
1217699935,94
1217700782,38
1217702792,49
1217706948,116
1217707705,19
1217711317,90
1217713553,32
1217713968,149
1217714762,58
1217717180,32
1217738451,11
1217763769,24
1217767853,17
1217772968,46
1217775138,117
1217781789,15
1217786036,678
1217796049,15
1217808614,509
1217809336,62
1217822489,28
1217829921,17
1217834505,29
1217837484,23
1217838440,83
1217860122,28
1217863633,59
1217865504,21
1217872789,45
1217879288,15
1217883656,14
1217885409,128
1217896031,12
1217897624,22
1217904354,171
1217907067,37
1217914588,745
1217923504,13
1217941030,80
1217951047,65
1217951987,193
1217952569,182
1217954055,48
1217969544,51
1217975777,25
1217991124,61
1217996319,240
1217998780,11
1218000077,29
1218004139,655
1218016275,14
1218017185,121
1218018309,299
1218019071,21
1218035937,59
1218037205,66
1218040416,32
1218046945,83
1218062604,92
1218062941,28
1218081641,18
1218084144,12
1218087980,24
1218088263,679
1218100867,23
1218103164,18
1218104262,953
1218116830,23
1218126087,82
1218126567,12
1218129961,17
1218137657,90
1218146932,95
1218147345,22
1218148432,38
1218155686,2333
1218164293,14
1218177240,15
1218177391,402
1218178534,39
1218182607,21
1218190285,87
1218191675,20
1218193413,19
1218194584,63
1218195359,31
1218197239,59
1218202403,31
1218208502,6042
1218209681,33
1218211276,44
1218216789,12
1218222850,181
1218235340,33
1218242169,53
1218250144,11
1218252276,133
1218263250,23
1218277073,33
1218280573,11
1218283016,27
1218284806,15
1218293878,133
1218304124,44
1218305232,345
1218306945,37
1218311395,18
1218333096,19
1218340463,14
1218354547,20
1218368663,154
1218369506,22
1218369796,13
1218370235,38
1218371280,67
1218371623,18
1218372872,25
1218375081,12
1218375755,19
1218381586,33
1218384914,107
1218390093,47
1218393421,13
1218394454,44
1218415046,22
1218418799,12
1218419817,11
1218436380,13
1218437719,11
1218444058,41
1218446685,40
1218446841,835
1218448244,33
1218453975,60
1218464479,29
1218466593,278
1218476217,11
1218489387,56
1218489659,54
1218493681,392
1218506731,16
1218519728,13
1218533705,38
1218536620,274
1218540605,27
1218541279,12
1218543409,13
1218557130,17
1218560388,18
1218576239,96
1218580895,24
1218594998,15
1218597110,220
1218600746,39
1218611299,20
1218612615,54
1218613627,34
1218623368,162
1218626992,16
1218635949,23
1218640391,75
1218642260,29
1218651210,178
1218655389,28
1218662021,13
1218682596,2258
1218683765,25
1218684227,31
1218688296,606
1218690244,17
1218694102,15
1218704741,29
1218706004,16
1218710522,47
1218711689,260
1218715924,14
1218716774,12
1218725228,48
1218729723,76
1218729846,31
1218733756,22
1218737406,850
1218743746,12
1218749710,31
1218765387,51
1218767374,13
1218770712,16
1218807909,20
1218815399,10
1218816743,45
1218819993,510
1218822896,21
1218823179,1131
1218826355,45
1218835536,11
1218844081,240
1218855969,345
1218867656,12
1218871120,70
1218881505,32
1218885291,13
1218896483,101
1218900228,12
1218906699,26
1218919346,76
1218919522,16
1218928200,11
1218939714,20
1218960190,14
1218962966,15
1218968930,16
1218972260,45
1218973317,44
1218975799,374
1218978057,544
1218978163,14
1218981305,90
1218987594,46
1218997190,16
1219009070,2423
1219011837,64
1219014440,21
1219018779,16
1219030980,62
1219031547,164
1219039446,29
1219040524,35
1219042200,24807
1219053872,44
1219060209,140
1219062712,38
1219070729,36
1219075763,37
1219083479,40
1219087723,1807
1219096687,179
1219102141,12
1219103073,14
1219105341,47
1219110005,68
1219111340,14
1219113318,12
1219119800,72
1219121452,24
1219125540,35
1219129212,23
1219133217,65
1219133249,21
1219139049,15
1219141172,43
1219141370,13
1219145354,305
1219151193,772
1219152899,32
1219157502,95
1219158316,51
1219160435,30
1219161733,94
1219162717,32
1219165039,43
1219165613,28
1219171273,27
1219174984,21
1219175109,32
1219184182,140
1219231323,54
1219237875,53
1219243063,96
1219244075,11
1219253193,32
1219254116,41
1219260485,34
1219264163,12
1219268325,12
1219273452,30
1219284263,90
1219286705,31
1219291910,328
1219291943,12
1219295659,84
1219304474,15
1219310759,17
1219314144,44
1219319479,70
1219329571,21
1219334069,113
1219351875,114
1219355698,30
1219370895,119
1219378569,3535
1219380800,122
1219382075,39
1219385288,20
1219389544,20
1219400421,3881
1219410317,11
1219412347,37
1219424400,24
1219424471,85
1219424489,705
1219446293,1969
1219461180,15
1219461862,20
1219463714,99
1219468224,1721
1219472097,42
1219484308,7
1219485919,15
1219488984,74
1219493841,564
1219502106,42
1219502927,40
1219504139,182
1219504831,49
1219509115,56
1219515121,10
1219516950,38
1219521173,53
1219531851,41
1219534231,443
1219536599,82
1219542934,15
1219543409,225
1219547995,116
1219548485,83
1219554320,38
1219558865,209
1219565167,31
1219569035,12
1219572953,191
1219574837,13
1219579626,22
1219583915,11
1219587551,119
1219593472,29
1219594207,29
1219595665,12
1219596464,17
1219597358,14
1219608640,197
1219611080,37
1219616277,132
1219619061,15
1219624930,25
1219627422,13
1219630658,11
1219631371,39
1219634836,225
1219642679,102
1219645555,21
1219650644,79
1219651269,40
1219657136,13
1219690829,345
1219701951,16
1219710688,51
1219711698,27
1219715755,12
1219715787,16
1219715803,147
1219721372,22
1219748199,168
1219755209,46
1219760772,25
1219765831,74
1219770679,26
1219783686,12
1219787573,22
1219806855,12
1219809875,208
1219810783,10
1219813016,37
1219815462,15
1219817956,46
1219828173,88
1219833464,86
1219845641,11
1219852021,151
1219860050,45
1219864617,22
1219866542,243
1219868875,21
1219876482,44
1219882846,34
1219896053,1898
1219898362,13
1219898664,19
1219902572,13
1219904470,8
1219917446,123
1219920268,196
1219923941,325
1219934554,14
1219935155,47
1219935284,27
1219950293,41
1219955687,14
1219956685,23
1219960594,253
1219961908,153
1219962340,355
1219965126,183
1219967630,87
1219972145,636
1219975226,268
1219983369,13
1219986280,22
1219989708,116
1219990121,14
1219993725,23
1219995793,29
1219996057,102
1219998363,92
1220000506,4960
1220007647,30
1220010376,20
1220012117,20
1220016354,19
1220037795,44
1220043190,31
1220053648,23
1220054577,15
1220067179,60
1220075313,13
1220075608,47
1220082570,14
1220088588,29
1220090633,18
1220092577,321
1220098492,14
1220125073,25
1220130005,17
1220140390,34
1220144875,974
1220159504,25
1220169409,48
1220173287,19
1220174856,28
1220179368,11
1220182682,28
1220185073,108
1220194478,58
1220215555,387
1220223727,828
1220225368,88
1220238335,12
1220238467,101
1220242986,11
1220258106,14
1220263034,300
1220273153,13
1220275445,19
1220285708,34
1220285949,29
1220299146,13
1220299921,15
1220300275,17
1220302420,13
1220308601,16
1220310845,14
1220316999,102
1220317771,20
1220329626,44
1220332472,15
1220338733,17
1220341616,19
1220348449,15
1220353202,156
1220363221,33
1220363990,19
1220365832,54
1220368375,11
1220374179,26
1220381862,36
1220384784,150
1220389370,24
1220392046,11
1220403506,48
1220404592,29
1220411769,14
1220414137,25
1220418983,765
1220422927,14
1220423005,13
1220424323,22
1220455984,133
1220461696,38
1220469803,32
1220471126,20
1220475543,138
1220491177,38
1220492374,151
1220496752,11
1220498389,234
1220505991,19
1220516737,26
1220529992,38
1220530277,78
1220531892,45
1220532477,17
1220537846,88
1220544718,36
1220548149,26
1220549743,16
1220558446,24
1220567611,15
1220567735,184
1220577936,12
1220600476,270
1220608365,25
1220623008,190
1220627175,17
1220632889,28
1220636828,16
1220638726,13
1220640564,16
1220642173,131
1220642301,24
1220647753,35
1220649868,47
1220651250,10
1220656611,189
1220664071,109
1220679051,657
1220680065,12
1220683883,25
1220690422,451
1220701611,40
1220702116,12
1220703605,79
1220703793,32
1220716870,13
1220717364,107
1220718004,28
1220721979,22
1220728088,49
1220729468,21
1220732691,34
1220732893,15
1220744087,34
1220744720,16093
1220745791,47
1220746027,16
1220749061,15
1220752606,33
1220759940,26
1220763728,44
1220766820,16
1220768711,74
1220773489,17
1220786764,64
1220788224,19
1220789495,18
1220798236,15
1220798417,17
1220799180,17
1220801645,47
1220816008,28
1220823738,15
1220825109,69
1220832274,11
1220834686,235
1220837462,62
1220839770,54
1220849813,104
1220854477,76
1220862873,11
1220874732,17
1220884982,83
1220885689,191
1220886594,36
1220888415,584
1220899692,9224
1220899915,18
1220902080,91
1220902278,56
1220904453,32
1220914655,1355
1220918585,461
1220924648,45
1220925408,43
1220928655,25
1220929839,99
1220935138,16
1220936047,3942
1220937125,1050
1220941467,29
1220944440,26
1220946058,31
1220946370,23
1220946543,17
1220947600,284
1220960618,304
1220971487,18
1220980580,12
1220986068,13
1220992833,16
1220997082,106
1220997378,51
1220998146,26
1221000860,13
1221001476,44
1221002372,13
1221020718,66
1221022475,26
1221024497,13
1221027919,21
1221030613,31
1221034553,223
1221039460,48
1221041276,13
1221048533,223
1221052488,86
1221055970,12
1221060403,16
1221068259,46
1221068793,18
1221068903,234
1221070677,160
1221080309,19
1221082755,20
1221084482,25
1221095263,18
1221106976,56
1221110820,19
1221120906,14
1221120939,598
1221122081,20
1221133188,43
1221135148,39
1221161226,28
1221177199,41
1221180063,242
1221184926,20
1221190110,14
1221195568,38
1221207669,16
1221209689,490
1221210108,62
1221222583,11
1221224535,17
1221224699,54
1221232109,1721
1221235601,14
1221240503,78
1221249352,167
1221249481,455
1221252023,14
1221256937,332
1221261207,24
1221262308,20
1221276979,57
1221282584,21
1221283675,13
1221284398,13
1221285149,11
1221287674,16
1221290320,26
1221292713,44
1221297625,11
1221299116,53
1221305781,32
1221306275,49
1221311014,112
1221324299,16
1221329261,44
1221334231,54
1221334280,14
1221334351,46
1221339736,16
1221349753,11
1221350544,20
1221356410,25
1221358460,17
1221364968,18
1221368271,14
1221369065,75
1221369740,84
1221371853,14
1221378802,113
1221379719,18
1221393754,22
1221394850,26
1221399001,263
1221399354,125
1221402357,40
1221404347,11
1221407662,77
1221409201,11
1221416424,15
1221429772,5187
1221431519,26
1221433219,80
1221435237,21
1221439608,16
1221448780,42
1221460575,83
1221461052,24
1221463263,28
1221467011,42
1221467572,16
1221482272,92
1221489330,39
1221489445,38
1221499512,25
1221501629,23
1221509404,6927
1221518324,244
1221518435,29
1221522399,13
1221527554,31
1221531804,16
1221533603,23
1221538357,49
1221543574,48
1221551017,104
1221565029,20
1221574903,33
1221579569,71
1221587346,33
1221587347,12
1221592399,28
1221592798,26
1221598890,13
1221600993,11
1221604075,11
1221616686,20
1221617744,34
1221623636,23
1221625543,11
1221631495,16
1221634436,39
1221641349,1520
1221649738,207
1221651799,48
1221654125,236
1221673609,41
1221688929,37
1221689260,494
1221691036,15
1221702550,12
1221704200,46
1221707935,23
1221710397,25
1221716703,19
1221722107,41
1221723497,26
1221723996,27
1221728904,150
1221733094,71
1221737887,11
1221741915,157
1221742654,780
1221746501,14
1221750692,16
1221751439,12
1221772065,11
1221772225,72
1221772308,20
1221775867,7
1221778133,117
1221780643,37
1221781531,479
1221796063,257
1221797579,16
1221798227,42
1221814255,51
1221814673,70
1221814894,200
1221830959,13
1221831329,34
1221835075,56
1221844677,28
1221851069,389
1221856501,21
1221860353,16
1221864089,54
1221867246,144
1221892294,108
1221903920,42
1221906609,18
1221922293,2334
1221932119,15
1221933616,43
1221937090,91
1221942000,20
1221944165,15
1221955143,49
1221961972,19
1221963957,60
1221976173,288
1221979804,32
1221981994,239
1221985908,22
1221995568,17
1221998155,16
1222002934,12
1222008889,50
1222009188,14
1222022455,27
1222029303,36
1222042205,706
1222044626,14
1222044811,29
1222047800,22
1222047953,73
1222063724,35
1222064942,22
1222072017,70
1222090116,148
1222092630,36
1222092774,22
1222093674,50
1222102170,282
1222107387,15
1222110047,64
1222110548,2222
1222117874,146
1222120468,2323
1222126520,246
1222128242,65
1222133394,634
1222142792,79
1222147517,15
1222155920,26
1222159197,41
1222160568,40
1222161345,24
1222169973,62
1222173827,488
1222181013,125
1222197263,123
1222213350,5997
1222216275,12
1222221630,48
1222229518,18
1222237818,27
1222250448,22
1222257358,13
1222257602,2495
1222258735,475
1222262982,36
1222269231,12
1222274697,58
1222277117,24
1222281860,12
1222295714,255
1222297562,12
1222298778,12
1222307895,83
1222318103,28
1222333741,11
1222338286,12
1222339926,36
1222343245,144
1222344790,22
1222354812,25
1222356417,52
1222364235,598
1222368361,73
1222372573,328
1222372873,105
1222373496,22
1222375486,111
1222383700,46
1222387700,66
1222389269,23
1222392614,18
1222395717,27
1222404225,32
1222407355,198
1222409861,11
1222413951,922
1222419504,12
1222427087,77
1222440968,12
1222446155,30
1222449264,23
1222451826,14
1222455527,558
1222460606,12
1222468111,23
1222472761,40
1222473027,20
1222476425,29
1222481250,15
1222484199,13
1222495257,20
1222504648,773
1222512550,13
1222515414,40
1222521101,1602
1222529313,339
1222545886,217
1222566478,34
1222567435,59
1222573128,7
1222579145,40
1222585234,58
1222585735,18
1222587475,1916
1222589733,37
1222591322,12
1222594156,30
1222596522,17
1222604391,13
1222608265,133
1222609123,105
1222613133,17
1222632373,68
1222634257,19
1222634748,67
1222637509,526
1222639711,448
1222647433,35
1222655977,28
1222659956,23
1222660901,50
1222674351,28
1222676896,53
1222678009,13
1222685735,25
1222689155,108
1222692857,37
1222698237,15
1222700467,18
1222716018,24
1222734777,37
1222743186,46
1222744121,12
1222745356,39
1222752154,39
1222753133,14
1222766639,98
1222769612,14
1222785238,38
1222788897,28
1222789989,970
1222792842,13
1222792879,16
1222799292,186
1222814323,12
1222814416,12
1222824018,44
1222826242,723
1222835772,18
1222837583,56
1222845504,17
1222847856,27
1222852418,17
1222854008,38
1222856929,22
1222869003,129
1222870709,301
1222884903,11
1222890347,41
1222890567,77
1222890689,13
1222890844,22
1222893766,76
1222903331,11
1222907340,64
1222917575,26910
1222917836,77
1222921129,13
1222946560,125
1222953844,13
1222956315,13
1222961423,14
1222970626,29
1222988636,13
1222998674,812
1223006434,164
1223006510,64
1223006526,82
1223009200,44
1223020752,25
1223039216,34
1223051315,49
1223053891,11
1223054977,16
1223059776,48
1223060975,40
1223062473,55
1223067277,10
1223075782,48
1223076991,17
1223081941,21
1223084838,13
1223087359,29
1223091925,44
1223098661,19
1223118338,13
1223125423,110
1223128651,60
1223133721,18
1223135437,34
1223135475,12
1223139391,21
1223139487,78
1223140677,29
1223160418,17
1223161782,24
1223162027,99
1223163837,13
1223167370,11
1223169069,48
1223172760,16
1223187010,73
1223189582,15
1223192120,13
1223192596,87
1223194760,85
1223197070,13
1223198048,47
1223198968,41
1223206275,45
1223211246,11
1223215533,168
1223216894,240
1223230665,14
1223234827,10
1223238480,28
1223251391,40
1223253334,16
1223255499,61
1223260156,27
1223273994,49
1223275907,60
1223280581,16
1223282310,31
1223287468,35
1223293586,723
1223296623,63
1223297225,11
1223312639,21
1223318023,26
1223318951,54
1223319768,32
1223325002,33
1223329036,62
1223341630,23
1223342966,32
1223351292,347
1223370395,123
1223373345,113
1223374550,34
1223389180,38
1223392126,18
1223392907,17
1223394733,39
1223396927,11
1223418318,34
1223418686,19
1223420362,109
1223423695,962
1223423846,21
1223425211,13
1223425250,1024
1223427443,70
1223428226,2082
1223431386,41
1223432033,17
1223440125,335
1223452181,13
1223453358,106
1223457247,21
1223476197,1152
1223477018,44
1223481327,12
1223484108,23
1223488585,22
1223492205,108
1223511885,45
1223512305,2209
1223515225,130
1223524158,34
1223535200,36
1223535314,29
1223537324,71
1223542538,12
1223549594,12
1223569332,18
1223585334,15
1223588947,14
1223597497,461
1223599621,39
1223614643,15
1223626282,33
1223631277,43
1223640430,98
1223640606,19
1223641228,32
1223643607,16
1223650754,54
1223664643,14
1223665294,53
1223665356,15
1223671634,53
1223676147,12
1223680545,16
1223691529,35
1223697365,159
1223706171,15
1223713824,347
1223728036,77
1223736934,31
1223742587,257
1223752589,2736
1223756821,11
1223758935,167
1223759393,18
1223761956,28
1223772529,35
1223779346,35
1223781466,15
1223786009,13
1223790834,34
1223793125,16
1223805771,185
1223807538,50
1223811729,22
1223816634,91
1223817677,484
1223826724,18
1223827002,53
1223827147,50
1223827471,42
1223827641,46
1223827804,48
1223827947,44
1223828210,50
1223828346,51
1223828502,41
1223828637,47
1223828917,48
1223829082,42
1223829235,51
1223829381,51
1223829650,56
1223829652,45
1223829655,47
1223829657,57
1223829799,56
1223829801,56
1223829941,50
1223830082,48
1223830230,51
1223830232,53
1223830233,45
1223830237,47
1223831655,11
1223845433,15
1223849551,12
1223853501,12
1223858182,14
1223863863,19
1223869499,71
1223883039,17
1223884751,52
1223886857,11
1223894967,85
1223921326,24
1223925190,19
1223969544,347
1223977600,19
1223980979,12
1223980999,13
1223987407,277
1224021161,11
1224022502,19
1224025688,294
1224033309,734
1224037373,17
1224047453,12
1224062178,68
1224066068,135
1224068505,21
1224077477,25
1224096166,11
1224100238,22
1224110675,295
1224127318,36
1224137561,134
1224137844,64
1224138499,83
1224149089,16
1224157469,34
1224163986,50
1224167985,13
1224169076,15
1224189909,13
1224193010,17
1224193130,27
1224194102,61
1224196440,14
1224200214,49
1224203978,30
1224218617,28
1224227389,37
1224236735,15
1224239089,15
1224243497,27
1224250535,40
1224253491,98
1224258916,15
1224263089,17
1224267893,139
1224269630,23
1224271858,15
1224275784,375
1224277831,15
1224278666,305
1224283053,122
1224287368,17
1224294151,11
1224304627,15
1224309951,70
1224311190,149
1224314007,27
1224314254,25
1224319811,23
1224330181,235
1224343090,21
1224347838,406
1224348278,26
1224353416,21
1224353843,135
1224360317,79
1224368231,492
1224376867,17
1224385314,15
1224387109,29
1224393902,21
1224402483,14
1224408143,42
1224413254,47
1224415020,27
1224431303,190
1224434372,19
1224439365,18
1224446608,15
1224446616,51
1224454782,122
1224455487,99
1224471569,32
1224474408,19
1224476053,15
1224481107,27
1224483176,209
1224483504,76
1224486190,15
1224486824,27
1224489872,12
1224498772,76
1224501168,33
1224508792,216
1224509741,12
1224511035,28
1224526153,60
1224532553,11
1224539373,63
1224543123,56
1224547398,16
1224549174,12
1224558836,43
1224560336,22
1224580914,26
1224584532,15
1224591227,13
1224591740,46
1224598709,16
1224600617,26
1224609919,12
1224610424,13
1224615167,22
1224617188,26
1224620722,23
1224629294,45
1224631526,23
1224645559,244
1224652367,13
1224652560,85
1224653264,17
1224659590,115
1224660488,20
1224661714,60
1224671672,12
1224681639,28
1224683353,37
1224690468,23
1224692542,23
1224701408,210
1224703318,227
1224708689,30
1224712076,14
1224712371,468
1224715013,40
1224716146,14
1224734198,888
1224735108,12
1224738938,69
1224740357,77
1224743032,40
1224753810,14
1224755442,15
1224755974,19
1224757492,16
1224762245,199
1224772110,19
1224775471,27
1224777018,30
1224777703,12
1224778433,652
1224780087,45
1224786239,30
1224786272,13
1224786947,122
1224798921,102
1224799062,13
1224809280,12
1224810795,14
1224813164,2
1224816641,19
1224822906,200
1224823899,760
1224830290,19
1224844395,16
1224854794,4152
1224866871,241
1224879981,13
1224880453,21
1224881335,113
1224887964,60
1224893022,27
1224908126,16
1224912127,17
1224926075,14
1224928087,77
1224930497,16
1224942256,19
1224949386,20
1224956547,58
1224964077,13
1224966022,28
1224968393,76
1224974361,2691
1224975160,54
1224977058,20
1224978706,12
1224987521,31
1225005463,3166
1225010740,16
1225017253,13
1225019919,259
1225046031,11
1225049374,149
1225051897,74
1225059107,134
1225062134,457
1225071533,13
1225077445,15
1225078277,26
1225102492,24
1225119525,13
1225129803,27
1225134435,72
1225141037,397
1225141328,25
1225150929,84
1225154854,38
1225162543,52
1225167529,20
1225171017,33
1225174600,25
1225178950,5906
1225179060,36
1225179105,1837
1225185913,36
1225186502,351
1225188401,2636
1225196741,50
1225197030,16
1225202603,173
1225210265,38
1225226478,45
1225228592,48
1225234444,98
1225242097,20
1225250312,46
1225263228,27
1225265867,16
1225266305,13
1225272732,26
1225277249,208
1225285890,391
1225296260,16
1225301513,13
1225316611,285
1225333873,16
1225337111,68
1225338289,104
1225344059,216
1225345651,98
1225347547,38
1225357488,45
1225359679,13
1225363703,97
1225364874,27
1225365569,4355
1225375494,31
1225380161,31
1225382028,21
1225391938,12
1225400068,26
1225403584,14
1225420868,26
1225420959,98
1225427533,786
1225427809,33
1225430807,327
1225443129,12
1225443909,21
1225445312,37
1225446523,293
1225448100,13
1225450090,11
1225456147,28
1225457257,79
1225462729,282
1225470108,13
1225473337,21
1225476523,21
1225480734,52
1225492439,527
1225495029,20
1225501987,94
1225506667,39
1225506852,326
1225518061,425
1225519296,30
1225521647,15
1225525367,15
1225529925,25
1225533642,26
1225544568,81
1225550834,55
1225551985,383
1225553633,32
1225556223,19
1225557539,18
1225558656,40
1225570552,17
1225572163,86
1225576792,35
1225583202,41
1225586334,47
1225594874,718
1225599451,118
1225602716,24
1225603857,16
1225605262,82
1225605804,44
1225614660,107
1225614895,53
1225619975,155
1225620122,443
1225626176,179
1225626763,23
1225639773,38
1225642446,13
1225651988,14
1225662585,15
1225666510,26
1225676063,111
1225676909,76
1225681482,46
1225683137,47
1225688424,1330
1225692581,26
1225701232,52
1225704208,21
1225711621,163
1225717117,12
1225722703,1240
1225723635,20
1225723660,13
1225753223,8230
1225753650,14
1225764309,11
1225772996,16
1225774688,7808
1225777233,29
1225779504,30
1225779594,264
1225780897,141
1225780993,16
1225799532,17
1225803835,52
1225809732,35
1225810547,42
1225818500,13
1225821344,24
1225834084,1790
1225834491,18
1225840521,1129
1225844031,17
1225850181,35
1225853511,18
1225856988,33
1225857440,60
1225861226,20
1225865375,24
1225876937,42
1225890580,19
1225893563,23
1225900566,59
1225904506,62
1225932464,229
1225933743,18
1225934387,13
1225943680,23
1225968076,17
1225969993,19
1225971591,20
1225983316,31
1225986799,18
1225990269,186
1225994627,25
1226007284,194
1226012688,12
1226012864,13
1226030841,43
1226032210,11
1226033059,19
1226034860,15
1226053598,8
1226056647,11
1226060652,59
1226062469,395
1226065142,114
1226068984,1055
1226075327,53
1226079078,18
1226085740,112
1226088627,1080
1226093137,15
1226095529,25
1226100929,17
1226108917,45
1226115080,35
1226117657,23
1226123343,25334
1226128535,37
1226130495,11
1226146401,17
1226150677,20
1226151688,30
1226151883,447
1226161344,11
1226169092,13
1226182842,2372
1226183162,18
1226187070,122
1226187634,128
1226187719,59
1226193564,53
1226199630,53
1226200305,79
1226213530,11
1226227428,33
1226236210,39
1226238042,87
1226244643,11
1226246989,16
1226251409,180
1226252114,102
1226253568,54
1226254918,73
1226256828,302
1226263631,41
1226269138,11
1226278857,541
1226283335,23
1226284422,97
1226284891,12
1226289738,14
1226291577,45
1226292938,36
1226293227,34
1226304875,1702
1226309398,31
1226314049,23
1226314578,104
1226315076,108
1226316657,26
1226323056,14
1226339117,113
1226344275,15
1226349980,65
1226355570,28
1226371446,14
1226379024,3984
1226383350,136
1226384208,46
1226387322,11
1226390973,19
1226392513,10
1226398315,138
1226402027,79
1226406577,30
1226408403,16
1226415818,127
1226416904,21
1226422330,23
1226423849,18
1226427018,17
1226438114,16
1226444988,114
1226448677,85
1226454952,36
1226455806,54
1226456766,41
1226458391,81
1226466427,19
1226477048,13
1226480668,10
1226481856,22
1226489531,22
1226489634,80
1226498208,99
1226501154,31
1226503828,32
1226505078,10
1226505891,17
1226507528,15
1226514391,215
1226518400,74
1226523004,27
1226535806,190
1226538859,38
1226539674,62
1226540982,13
1226541360,14
1226544828,17
1226546604,40
1226547671,13
1226549459,221
1226553585,28
1226556412,311
1226560380,77
1226562178,78
1226571055,139
1226579643,20
1226586920,39
1226594437,14
1226597296,28
1226597750,175
1226607711,98
1226613826,20
1226619487,14
1226622350,12
1226622973,15
1226625878,25
1226626731,336
1226627909,329
1226632537,46
1226632856,39
1226642159,12
1226643987,87
1226646964,14
1226648841,47
1226652468,21
1226654232,81
1226655664,17
1226657498,18
1226658783,58
1226661880,15
1226666101,13
1226674733,11
1226680005,29
1226684518,54
1226685400,14
1226691771,117
1226699436,43
1226707772,22
1226707828,310
1226708151,15
1226709645,11
1226713626,94
1226729515,20
1226734075,11
1226740973,133
1226753901,34
1226755169,39
1226762620,13
1226767159,115
1226772027,27
1226775065,45
1226819062,29
1226821501,24
1226821868,15
1226828149,11
1226850047,16
1226854571,14
1226861761,38
1226863001,14
1226880839,33
1226886541,129
1226889175,62
1226907735,18
1226920373,33
1226922418,60
1226936027,17
1226947837,51
1226957148,43
1226959760,13
1226965804,37
1226967201,14
1226967770,23
1226967819,20
1226971454,262
1226986657,16
1226990646,55
1226990838,28
1227015908,43
1227017537,13
1227019873,207
1227022288,102
1227027199,20
1227039929,13
1227046979,31
1227065728,17
1227067139,168
1227069931,51
1227077394,15
1227085694,63
1227086368,19
1227088125,48
1227096538,27
1227101935,12
1227102698,3972
1227104690,88
1227105346,13
1227110871,45
1227119649,28
1227121063,130
1227125656,92
1227127184,24
1227127969,40
1227128046,19
1227129671,21
1227136764,282
1227152271,16
1227155975,20
1227168652,12
1227170018,42
1227174554,20
1227177719,82
1227179138,93
1227185855,14
1227186335,18
1227194005,134
1227195038,1337
1227205007,14
1227212265,13
1227213432,24
1227213690,13
1227214087,77
1227216141,63
1227220907,11
1227228210,14
1227231165,13
1227232520,22
1227237099,121
1227265762,72
1227276149,38
1227279014,31
1227293556,17
1227304377,13
1227305725,17
1227307732,121
1227308303,13
1227309113,40
1227309157,28
1227309257,98
1227315434,310
1227316546,13
1227317243,12
1227323948,106
1227324720,14
1227329418,64
1227333518,33
1227334684,13
1227339848,455
1227341286,470
1227347243,245
1227354976,15
1227364450,26
1227371987,128
1227377102,172
1227383057,42
1227386646,103
1227390839,523
1227392097,31
1227400359,13
1227406723,21
1227421344,42
1227431177,19
1227432942,630
1227433014,15
1227436157,15
1227440274,34
1227447038,29
1227459967,424
1227465950,11
1227490532,356
1227490571,29
1227497140,251
1227500565,27
1227501308,24
1227502479,32
1227504870,88
1227512772,72
1227519848,11
1227520263,47
1227526743,15
1227527033,105
1227531308,13
1227547559,15
1227569304,24
1227572703,26
1227579597,12
1227581500,11
1227593880,31
1227594572,12
1227601772,19
1227621444,29
1227634482,596
1227651594,20
1227655562,43
1227658387,87
1227659400,64
1227666088,15
1227674193,16
1227674495,66
1227680608,22
1227689238,761
1227689345,14
1227689365,1053
1227691444,206
1227691745,32
1227696060,18
1227710607,55
1227710766,38
1227736568,170
1227737079,12
1227738572,161
1227741708,40
1227743772,15
1227745768,19
1227759219,80
1227764627,615
1227764837,12
1227772650,104
1227778716,30
1227780447,67
1227783664,12
1227791598,165
1227791833,12
1227793598,24
1227794635,42
1227796170,27
1227802852,12
1227804086,24
1227819401,23
1227833686,15
1227836678,41
1227837151,16
1227841016,127
1227844943,48
1227854358,13
1227855667,12
1227859687,12
1227887303,17
1227889587,19
1227896191,46
1227896929,12
1227897195,18
1227900401,32
1227908098,33
1227909760,107
1227911136,11
1227920831,11
1227922538,16
1227922565,14
1227926204,16
1227927676,19
1227927721,272
1227928962,17
1227930611,63
1227931090,24
1227934615,18
1227937407,14
1227939012,39
1227941987,25
1227948480,11
1227949952,11
1227952190,24
1227957125,71
1227957130,350
1227957195,34
1227961194,25
1227970381,23
1227974472,17
1227994782,28
1227995235,146
1227997362,18
1228005292,14
1228007020,25
1228013410,83
1228017441,11
1228018833,11
1228032595,15
1228035032,79
1228046130,296
1228053564,151
1228062603,20
1228062617,49
1228067246,12
1228069348,45
1228074884,41
1228076003,178
1228086016,14
1228086182,101
1228088285,17
1228096639,14
1228101172,67
1228104491,48
1228115620,16
1228117001,212
1228125649,17
1228127918,28
1228130702,490
1228130770,13
1228146580,13
1228165644,48
1228168646,59
1228168995,38
1228170055,17
1228178051,12
1228200995,34
1228219566,10
1228221963,636
1228239224,17
1228240362,10
1228247504,34
1228250753,29
1228254460,16
1228261509,17
1228266778,85
1228267278,16
1228275932,56
1228281642,24
1228288173,19
1228295878,32
1228301704,19
1228306162,2254
1228306713,29
1228307422,23
1228312499,3091
1228312506,79
1228313288,35
1228316859,35
1228322256,17
1228323801,32
1228324681,17
1228342438,310
1228350271,31
1228350521,13
1228353720,23
1228366354,182
1228372477,22
1228379700,274
1228400253,57
1228403229,1652
1228411653,45
1228428489,23
1228439915,23
1228444255,724
1228446689,13
1228449634,138
1228473512,15
1228475028,13
1228476271,27
1228476484,55
1228479706,55
1228491972,101
1228493290,167
1228504283,11
1228512606,125
1228513113,11
1228513556,171
1228515248,103
1228515550,11
1228519832,17
1228523019,107
1228523683,64
1228545519,13
1228552104,14
1228558220,3832
1228568556,16
1228574491,15
1228575327,37
1228586120,189
1228588430,18
1228589758,968
1228602335,17
1228612153,95
1228618772,52
1228622177,60
1228631114,19
1228632952,11
1228635904,24
1228636567,178
1228642604,17
1228648424,26
1228657398,12
1228667346,82
1228668841,12
1228669486,15
1228674073,91
1228678241,29
1228680276,58
1228682702,212
1228685110,27
1228687488,724
1228693026,26
1228694959,59
1228695623,82
1228697918,63
1228698955,25
1228699675,22
1228700725,22
1228719920,166
1228724246,65
1228727422,32
1228736718,24
1228738883,21
1228747289,12
1228753050,23
1228757065,23
1228757171,24
1228760265,16
1228764266,17
1228768037,33
1228783107,11
1228810289,29
1228818758,14
1228819544,49
1228828230,13
1228840276,18
1228843980,18
1228844333,105
1228852684,778
1228858762,16
1228859413,21
1228860440,14
1228861830,15
1228862369,11
1228862630,46
1228871992,24
1228876335,24
1228878094,12
1228889804,13
1228895176,285
1228895544,12
1228904236,20
1228908118,12
1228917479,110
1228918500,44
1228920758,23
1228924271,55
1228925375,14
1228931313,300
1228940083,24
1228943778,16
1228957241,24
1228960838,15
1228968888,22
1228969569,46
1228970952,94
1228975741,56
1228980352,22
1229003220,11
1229006538,67
1229017267,314
1229020401,11
1229023725,73
1229031275,15
1229032419,48
1229035202,15
1229035215,14
1229036895,22
1229044921,18
1229048611,12
1229054518,27
1229063586,34
1229079681,95
1229084290,12
1229090312,56
1229105761,12
1229107163,179
1229111282,339
1229124309,14
1229124312,14
1229133593,11
1229158170,10
1229166124,16
1229168545,1112
1229172514,93
1229176335,50
1229190386,27
1229193892,21
1229195377,73
1229196808,90
1229204641,53
1229209839,47
1229210803,16
1229218228,178
1229224485,31
1229224593,17
1229238440,50
1229245515,22
1229259494,15
1229261085,12
1229268651,295
1229278525,43
1229279783,23
1229284884,150
1229292419,16
1229298305,20
1229310351,138
1229320971,81
1229333016,21
1229349063,15
1229349389,18
1229357719,14
1229373251,26
1229378930,20
1229386356,14
1229397886,17
1229408930,19
1229412034,56
1229418777,38
1229423958,31
1229428033,12
1229428402,20
1229438606,882
1229454546,27
1229457276,12
1229457609,25
1229464883,16
1229466378,61
1229467189,37
1229477362,12
1229488808,16
1229489956,119
1229492049,358
1229495263,14
1229500299,23
1229515933,32
1229520414,33
1229527457,28
1229528792,12
1229531271,4341
1229545347,13
1229555898,101
1229567447,109
1229570567,14
1229574762,594
1229601083,10
1229604063,79
1229613037,41
1229613796,96
1229617802,41
1229618308,1775
1229628532,92
1229629521,51
1229637015,42
1229641799,44
1229642522,90
1229647480,30
1229649395,102
1229650435,28
1229661701,39
1229669329,314
1229674813,12
1229676125,20
1229687336,19
1229689031,769
1229701530,98
1229702296,64
1229703050,44
1229708435,1195
1229721446,71
1229723763,14
1229741211,16
1229745713,15
1229754911,18
1229755072,30
1229783908,84
1229786287,122
1229790796,11
1229795529,29
1229795695,17
1229797518,49
1229800444,16
1229804367,27
1229805967,17
1229826021,15
1229833518,46
1229857613,52
1229861118,59
1229871910,21
1229875399,45
1229879223,12
1229879990,82
1229891190,58
1229897155,12
1229903970,13
1229912653,40
1229913273,17
1229921727,14
1229923980,24
1229925453,28
1229929214,49
1229936612,22
1229951782,113
1229966556,23
1229981114,28
1229996685,12
1230002242,13
1230003467,54
1230006699,39
1230011719,29
1230017515,79
1230024643,22
1230028115,39
1230041935,31
1230043431,68
1230046062,14
1230048764,85
1230050232,12
1230057297,24
1230065851,15
1230068255,1096
1230070449,16
1230084743,668
1230094821,49
1230103632,41
1230107024,56
1230108051,26
1230120460,16
1230123793,26
1230152852,4
1230155372,49
1230159855,14
1230160823,31
1230167645,313
1230176657,19
1230190038,13
1230219819,52
1230223069,33
1230276014,63
1230284069,52
1230292187,26
1230293192,1615
1230321451,122
1230325066,20
1230346035,36
1230373864,11
1230385816,667
1230405663,23
1230406987,22
1230409724,34
1230413282,390
1230418395,15
1230435080,84
1230436729,33
1230439621,13
1230447187,51
1230454104,14
1230454177,16
1230456360,16
1230459107,44
1230459924,290
1230464401,102
1230467838,71
1230476289,14
1230483021,24
1230488118,26
1230490753,22
1230492351,39
1230511039,109
1230513709,51
1230515496,20
1230518059,17
1230520777,51
1230522302,101
1230525793,82
1230526772,29
1230527280,22
1230529409,21
1230530146,12
1230541272,699
1230542209,14
1230543109,15
1230544421,36
1230545436,11
1230550463,16
1230552302,152
1230556858,14
1230557299,13
1230568421,11
1230571259,34
1230572279,34
1230575245,19
1230579510,12
1230579759,103
1230586927,46
1230615746,16
1230620963,920
1230623377,99
1230625926,30
1230630133,25
1230635158,28
1230642554,15
1230655525,323
1230659792,189
1230660642,12
1230664565,322
1230670201,18
1230673946,26
1230680336,24
1230692090,12
1230695001,71
1230715250,32
1230717187,20
1230718069,1001
1230737007,19
1230742700,17
1230752196,52
1230753416,17
1230754449,19
1230756781,12
1230757897,14
1230768672,44
1230770171,169
1230773043,11
1230783829,39
1230786016,41
1230786055,45
1230788815,81
1230793950,24
1230797184,190
1230802596,12
1230804418,94
1230816656,59
1230825866,20
1230833691,13
1230838153,24
1230838307,47
1230840644,89
1230842937,29
1230844008,15
1230848107,12
1230852546,51
1230853768,17
1230857353,13
1230871680,37
1230881343,61
1230881670,12
1230886249,79
1230888286,13
1230888292,14
1230894777,339
1230923893,25
1230925393,2762
1230932548,15
1230933500,1965
1230934830,16
1230949874,216
1230951716,79
1230963108,15
1230966999,89
1230983602,12
1230988115,70
1230992661,33
1231005484,71
1231013771,24
1231027499,74
1231033580,84
1231033969,17
1231045391,203
1231046319,27
1231051334,30
1231055190,57
1231076326,20
1231076877,21
1231085769,78
1231088698,69
1231103016,21
1231109330,16
1231109894,39
1231115153,17
1231132517,19
1231135337,3564
1231139963,21
1231140530,13
1231148257,21
1231148851,19
1231150947,97
1231151385,37
1231151488,17
1231151663,18
1231170332,6663
1231173995,17
1231175554,10
1231190293,14
1231208198,15
1231208519,17
1231210975,335
1231241823,15
1231246471,15
1231252094,14
1231266096,33
1231274914,15
1231290655,17
1231291764,3703
1231317792,76
1231332766,97
1231340225,60
1231340530,34
1231341859,39
1231342894,35
1231355875,32
1231362609,48
1231366492,11
1231370735,17
1231381704,40
1231387029,683
1231393604,34
1231397904,14
1231403659,951
1231404888,16
1231411784,13
1231415007,86
1231419446,12
1231425003,63
1231428995,13
1231433355,31
1231444515,20
1231471942,67
1231477977,61
1231497523,31
1231505124,13
1231510846,15
1231521009,11
1231524322,33
1231527664,25
1231530575,13
1231538321,146
1231542361,17
1231545705,15
1231546738,15
1231549501,24
1231550533,17
1231552637,12
1231583450,13
1231585114,12
1231588676,32
1231593995,17
1231598581,19
1231608642,18
1231611366,7
1231614512,98
1231616411,16
1231620129,30
1231625820,46
1231628816,18
1231630576,67
1231642319,12
1231644909,11
1231649071,30
1231664875,140
1231670954,28
1231673216,273
1231680323,11
1231682461,18
1231686879,35
1231689449,267
1231690607,14
1231692013,26
1231693733,12
1231694800,12
1231704393,155
1231729738,17
1231743029,3218
1231745368,24
1231745656,170
1231746098,18
1231752523,15
1231758535,14
1231759224,38
1231759515,17
1231759984,11
1231761068,13
1231764379,410
1231764941,297
1231780395,24
1231784866,37
1231788271,13
1231789326,94
1231795778,18
1231798689,14
1231803000,18
1231804068,18
1231804783,55
1231805954,31
1231815937,16
1231823217,62
1231824780,13
1231828364,50
1231833412,49
1231839460,347
1231839648,65
1231841922,28
1231851167,41
1231859271,40
1231866881,23
1231867801,92
1231870852,46
1231873889,21
1231878142,51
1231879080,13
1231881320,164
1231886686,12
1231888139,53
1231892841,16
1231894603,20
1231901927,13
1231904604,11
1231905001,128
1231907165,45
1231927624,15
1231939612,14
1231950207,10
1231951255,74
1231951515,32
1231957581,25
1231959993,15
1231961643,152
1231963420,13
1231964765,18
1231964865,27
1231971079,6
1231980017,229
1231981195,63
1231982666,393
1231982924,40
1231983974,23
1231994250,34
1231995031,11
1231995778,46
1231999821,14
1232001105,258
1232009484,67
1232012824,418
1232014015,16
1232030145,893
1232049160,74
1232068112,85
1232070333,34
1232073302,18
1232075306,29
1232075861,12
1232076534,24
1232090563,14
1232094166,326
1232095746,56
1232098068,40
1232101340,21
1232113187,20
1232117277,46
1232117613,153
1232123859,12
1232151729,18
1232153525,23
1232158115,20
1232179108,12
1232184481,57
1232186823,12
1232187392,11
1232187559,15
1232194910,12
1232198091,17
1232202151,14
1232204103,26
1232207193,293
1232207397,18
1232227455,24
1232230999,655
1232231222,51
1232234668,37
1232235554,83
1232237836,23
1232239020,85
1232248372,107
1232269102,14
1232276786,15
1232282516,45
1232293202,13
1232306594,17
1232327074,617
1232327866,44
1232334482,50
1232339395,99
1232370714,1230
1232377059,17
1232379583,26
1232385284,65
1232389209,11
1232391229,35
1232392775,15
1232401934,18
1232412113,19
1232418131,50
1232423250,20
1232425850,44
1232435913,28
1232438673,13
1232441255,37
1232451950,11
1232463120,29
1232464132,248
1232472302,28
1232475356,19
1232480669,184
1232486341,126
1232486433,48
1232498795,85
1232500611,14
1232502928,17
1232503620,17
1232503763,26
1232513743,20
1232516411,19
1232519992,25
1232525596,15
1232527299,89
1232531989,22
1232539952,23
1232540172,34
1232540803,193
1232549174,70
1232572427,247
1232575828,13
1232591685,20
1232599710,618
1232604320,28
1232621817,264
1232647348,24
1232648797,36
1232650857,119
1232656744,34
1232669793,18
1232669890,16315
1232673052,66
1232680785,115
1232691570,57
1232701426,24
1232703184,34
1232705473,60
1232705869,51
1232710515,101
1232712502,1513
1232714995,158
1232722722,82
1232724697,11
1232727602,405
1232733344,23
1232744272,34
1232744411,13
1232744559,619
1232750479,407
1232751931,16
1232754722,75
1232776063,159
1232779906,16
1232780747,13
1232789753,52
1232799038,18
1232808085,80
1232810067,89
1232816339,35
1232820476,13
1232821011,14
1232824274,501
1232828202,20
1232840936,43
1232842595,107
1232843240,281
1232845626,22
1232852448,14
1232874124,14
1232881907,36
1232897272,129
1232909411,24
1232909568,187
1232913979,13
1232917858,60
1232918613,15
1232923707,13
1232927836,17
1232938373,84
1232963755,15
1232965265,15
1232972544,12
1232973386,22
1232990838,21
1232995659,13
1232995828,2246
1232996564,66
1232997470,1508
1233008152,17
1233008591,34
1233010742,12
1233014365,100
1233015992,44
1233021008,23
1233021136,235
1233021488,11
1233023839,26
1233034881,12
1233037001,203
1233038165,31
1233038926,19
1233045914,12
1233049557,45
1233063278,15
1233065556,49
1233067536,11
1233069149,16
1233075087,18
1233079257,19
1233082731,1768
1233083551,9
1233098501,16
1233099780,30
1233104285,11
1233106510,42
1233109239,83
1233119393,1325
1233125421,21
1233133379,79
1233135720,853
1233143212,79
1233154583,24
1233174097,21
1233184997,55
1233186866,17
1233188553,14
1233189346,22
1233194295,43
1233202284,18
1233205881,19
1233207118,38
1233214582,76
1233216116,17
1233216476,22
1233224752,174
1233224946,32
1233251373,15
1233257999,328
1233258841,15
1233265885,44
1233268108,59
1233269361,14
1233277768,17
1233282551,67
1233291379,27
1233295735,25
1233319813,31
1233329720,19
1233329957,20
1233332479,338
1233332668,423
1233334923,15
1233350326,14
1233351502,27
1233363436,11
1233366728,141
1233366936,16
1233368430,13
1233369321,26
1233373060,14
1233382603,25
1233396999,19
1233397063,13
1233398203,212
1233405473,30
1233408615,25
1233408974,21
1233410784,26
1233416003,339
1233434991,59
1233445009,142
1233446849,492
1233448211,29
1233449784,19
1233450404,18
1233453656,81
1233458746,11
1233464839,26
1233465262,14
1233469120,47
1233469226,20
1233476234,16
1233480477,364
1233482326,28
1233488217,15
1233488749,27
1233490795,74
1233490808,11
1233493205,34
1233493409,19
1233495945,319
1233506305,14
1233513947,14
1233519809,21
1233520252,586
1233522763,19
1233524712,17
1233526732,11
1233530473,797
1233534767,11
1233537327,39
1233541170,141
1233543737,58
1233543984,527
1233544257,71
1233550386,31
1233550493,190
1233553764,88
1233562439,10
1233565815,160
1233569086,537
1233572903,278
1233573420,19
1233573842,76
1233580044,20
1233587089,44
1233598443,39
1233603128,878
1233603965,19
1233604225,14
1233606911,95
1233610760,12
1233614908,19
1233618223,47
1233627155,17
1233629841,19
1233635142,19
1233646374,273
1233649082,141
1233652236,32
1233652334,12
1233654138,16
1233656750,54
1233656840,349
1233657891,42
1233658145,86
1233679939,22
1233680465,452
1233686144,17
1233693748,22
1233696776,39
1233698270,16
1233699119,15
1233699402,19
1233699918,5
1233701259,226
1233703053,18
1233703424,18
1233705462,43
1233706426,106
1233709504,74
1233710805,14
1233712980,55
1233714212,14
1233720469,24
1233723985,16
1233725979,12
1233729011,231
1233729086,27
1233747143,191
1233749549,104
1233753464,697
1233757735,25
1233760877,23
1233765261,20
1233765815,32
1233768853,58
1233769789,28
1233770752,35
1233777384,36
1233798338,44
1233803199,48
1233805369,17
1233812013,14
1233816047,32
1233821151,39
1233827788,21
1233828825,13
1233843911,13
1233854753,62
1233860222,29
1233864947,27
1233866989,15
1233869677,12
1233876194,26
1233879845,24
1233880450,72
1233880644,15
1233894805,12
1233901070,37
1233904235,16
1233906435,189
1233907218,35
1233912286,12
1233919441,32
1233930657,41
1233931276,15
1233933761,66
1233943553,23
1233949434,28
1233958357,17
1233974117,86
1233976060,889
1233993377,12
1233995178,28
1233997710,12
1233998926,108
1234017442,13
1234025089,20
1234025876,55
1234028597,74
1234031683,27
1234032496,47
1234034478,601
1234035085,12
1234036165,23
1234036912,12
1234044583,12
1234045986,23
1234052506,11
1234055431,24
1234070879,24
1234092057,18
1234105541,28
1234112226,22
1234118506,33
1234132434,19
1234145889,12
1234147572,18
1234148417,24
1234162438,40
1234169919,56
1234177006,151
1234177512,26
1234178837,26
1234184966,25
1234190555,18
1234200320,30
1234222196,59
1234227627,40
1234233025,22
1234245766,17
1234248776,30
1234262086,171
1234264457,21
1234267901,12
1234272109,44
1234280457,42
1234287955,417
1234289791,207
1234294493,16
1234297189,63
1234300923,31
1234303102,17
1234304147,57
1234318070,91
1234326831,20
1234331775,13
1234335671,49
1234338588,131
1234345172,301
1234349309,19
1234349461,114
1234352205,28
1234369111,18
1234370872,19
1234397786,17
1234406300,27
1234406613,104
1234408269,12
1234414395,19
1234419539,10
1234422018,179
1234428768,21
1234431556,149
1234460360,2305
1234461816,52
1234467701,35
1234468941,16
1234477934,112
1234479687,13
1234484212,14
1234493308,122
1234497073,22
1234500980,25
1234501960,28
1234503198,88
1234505847,16
1234510527,17
1234512626,17
1234527033,30
1234528389,63
1234531190,14
1234531788,16
1234537369,277
1234547478,41
1234550622,2624
1234561569,13
1234563660,119
1234568497,63
1234569107,15
1234571279,339
1234584593,12
1234598133,26
1234599332,18
1234600595,22
1234604467,22
1234610717,33
1234612574,10
1234620713,10
1234643563,119
1234648277,32
1234648973,17
1234651011,29
1234659682,37
1234660785,16
1234663284,31
1234664581,22
1234668950,118
1234669280,42
1234670865,76
1234674650,89
1234675369,14
1234678740,12
1234692020,41
1234697322,22
1234703701,41
1234709952,18
1234712383,21
1234717086,74
1234717726,11
1234724745,2338
1234728317,44
1234728799,12
1234732702,14
1234736795,33
1234743389,70
1234743709,31
1234748523,19
1234759372,67
1234766431,151
1234808106,19
1234817105,31
1234819935,22
1234825297,33
1234829540,828
1234839530,17
1234854174,11
1234870827,167
1234871124,23
1234872393,19
1234884845,16
1234901863,17
1234902158,7
1234908161,14
1234910726,30
1234918031,27
1234923277,17
1234924484,20
1234932922,20
1234949873,19
1234965356,34
1234995144,19
1234999285,20
1235003804,349
1235009516,72
1235012977,15
1235028451,12
1235037158,22
1235044422,12
1235045594,25
1235046467,95
1235049982,11
1235050047,25
1235056479,9201
1235076151,91
1235077351,18
1235080900,14
1235091914,277
1235098353,186
1235103257,28
1235109342,68
1235111179,105
1235112405,52
1235113559,106
1235113769,16
1235116683,253
1235117834,13
1235123321,26
1235128023,51
1235128193,36
1235131147,134
1235135158,428
1235143195,14
1235145221,27
1235150265,72
1235161765,30
1235167543,21
1235168383,12
1235169587,12
1235175101,719
1235186898,23
1235192172,12
1235192304,41
1235199422,11
1235201909,67
1235219333,16
1235219714,22
1235221346,26
1235222817,18
1235225511,119
1235226760,101
1235230186,37
1235232111,17
1235254657,572
1235257170,23
1235259928,85
1235263729,128
1235266237,25
1235278626,19
1235288917,15
1235295742,157
1235298635,11
1235298988,55
1235311075,14
1235318920,82
1235322661,431
1235324410,599
1235325516,17
1235348945,21
1235349424,19
1235368663,20
1235372092,22
1235384825,39
1235398362,15
1235401698,170
1235403515,42
1235415129,12
1235416020,28
1235419463,14
1235423394,31
1235424374,23
1235433876,21
1235435251,20
1235439841,55
1235467345,333
1235467347,16
1235483809,1031
1235491483,40
1235491525,854
1235491557,737
1235491573,37
1235491599,37
1235491636,32
1235491662,31
1235494902,104
1235507023,87
1235511227,246
1235511271,46
1235515289,31
1235516373,27
1235528350,19
1235528861,14
1235535108,77
1235536039,605
1235557096,35
1235561546,392
1235563757,14
1235570981,96
1235600169,13
1235600664,12
1235601806,17
1235603352,23
1235604959,1069
1235615622,41
1235620806,36
1235625452,86
1235635879,32
1235635941,70
1235641260,43
1235648424,50
1235666777,13
1235677045,13
1235677889,33
1235682971,59
1235693765,16
1235695972,12
1235696190,23
1235697532,12
1235700241,39
1235703061,13
1235708935,19
1235712635,79
1235713026,13
1235721044,354
1235728605,11
1235730493,345
1235733002,89
1235738333,15
1235745072,15
1235785305,14
1235796446,45
1235801337,18
1235804415,7
1235809841,45
1235821686,345
1235824690,1278
1235826853,187
1235832354,2749
1235839978,21
1235841610,67
1235850561,33
1235854800,12
1235864347,42
1235887692,79
1235898898,29
1235904866,12
1235915700,385
1235923517,44
1235928536,327
1235937388,17
1235944874,17
1235950823,27
1235951137,88
1235953029,24
1235957378,27
1235957729,29
1235989465,53
1235991419,166
1235995633,26
1236003844,17
1236010010,39
1236020540,30
1236022353,12
1236024834,466
1236029557,19
1236030607,17
1236032569,14
1236033849,12
1236037886,54
1236038347,21
1236069346,18
1236072112,94
1236080238,45
1236092346,14
1236097343,22
1236103434,80
1236113248,12
1236116882,80
1236134087,59
1236138758,22
1236144809,25
1236146225,18
1236147664,15
1236147743,249
1236150757,28
1236154506,205
1236169319,63
1236174636,18
1236183038,315
1236183483,12
1236188285,13
1236189703,13
1236192120,66
1236193793,16
1236197117,32
1236205854,15
1236210286,21
1236215173,754
1236217302,28
1236220169,17
1236225066,27
1236230376,32
1236231313,86
1236232731,134
1236238799,20
1236239871,12
1236242712,375
1236249097,867
1236256286,9
1236258392,26
1236268528,11
1236268781,41
1236270722,11
1236276097,80
1236280432,16
1236281532,13
1236290893,28
1236293784,26
1236297203,12
1236299256,78
1236299970,23
1236299999,36
1236308364,19
1236310444,446
1236311039,19
1236318244,367
1236318314,94
1236318548,44
1236320113,15
1236324961,15
1236325505,13
1236328476,38
1236334602,15
1236336437,743
1236336797,37
1236338255,100
1236348029,21
1236350718,61
1236351119,33
1236353193,1923
1236369867,15
1236376729,41
1236378975,14
1236390867,31
1236393593,18
1236412595,22
1236415557,78
1236416145,12
1236419355,11
1236423287,59
1236429199,67
1236430316,17
1236444588,17
1236448624,40
1236456093,110
1236456506,194
1236467467,98
1236472889,160
1236475536,14
1236475951,14
1236477525,13
1236477821,31
1236478732,15
1236490395,611
1236493835,28
1236496917,18
1236501740,15
1236502369,29
1236502968,19
1236505940,53
1236507497,91
1236507612,23
1236514798,18
1236523584,177
1236536813,117
1236539330,24
1236548587,27
1236558471,24
1236558948,98
1236565619,30
1236570104,155
1236572125,31
1236574498,234
1236597439,22
1236611436,30
1236614974,10
1236627656,55
1236654892,22
1236667081,12
1236668474,13
1236672762,18
1236677779,146
1236692100,20
1236692111,87
1236692563,26
1236705473,25
1236709079,11
1236710711,17
1236712166,31
1236724617,14
1236724803,59
1236730482,31
1236735790,65
1236755306,156
1236763145,15
1236764229,39
1236767104,14
1236771809,171
1236781628,11
1236782644,14
1236783424,21
1236785802,31
1236788504,20
1236790468,101
1236808991,11
1236809377,54
1236816811,12
1236835461,33
1236835492,12
1236840275,108
1236851335,30
1236852308,29
1236854679,25
1236859477,18
1236861772,97
1236872415,20
1236877194,25
1236894679,52
1236908206,32
1236909004,12
1236910063,106
1236911090,62
1236918072,12
1236931661,25
1236933951,16
1236941307,68
1236945444,15
1236957585,499
1236964964,36
1236968473,13
1236981959,87
1236984329,23
1236985474,97
1237004640,1596
1237007359,23
1237010660,57
1237013741,887
1237021776,28
1237023264,21
1237037977,11
1237043630,131
1237046812,14
1237052662,55
1237054274,45
1237062426,14
1237066114,19
1237066616,16
1237067851,20
1237095996,56
1237104157,14
1237109545,30
1237111736,13
1237112689,309
1237113075,49
1237114445,56
1237116511,74
1237131130,12
1237137541,14
1237146076,84
1237159425,16
1237163046,240
1237164472,153
1237164513,3930
1237174940,3071
1237176215,10
1237181322,36
1237199276,17
1237215648,24
1237218322,23
1237219351,15
1237225592,20
1237225812,14
1237229663,29
1237231741,15
1237232401,14
1237232532,162
1237232853,94
1237239472,1043
1237241613,22
1237243825,18
1237246004,13
1237250723,12
1237253926,14
1237257052,128
1237257560,17
1237259189,39
1237267911,15
1237271327,77
1237283836,19
1237284154,10
1237287718,28
1237290361,13
1237295423,26
1237295737,63
1237295946,28
1237299882,28
1237301457,16
1237302913,15
1237308021,62
1237318021,56
1237319927,756
1237342938,16
1237345031,162
1237346118,142
1237353655,21
1237354845,13
1237360639,74
1237365178,118
1237370783,121
1237378117,20
1237383337,24
1237387249,25
1237390322,15
1237392402,23
1237403075,15
1237409271,11
1237416862,15
1237418222,15
1237422941,54
1237424084,19
1237428082,21
1237428154,19
1237429296,214
1237433527,58
1237436537,18
1237444585,15
1237448423,58
1237453528,19
1237461617,11
1237463177,208
1237464523,39
1237465820,292
1237470197,12
1237470590,21
1237475996,51
1237500772,13
1237501021,25
1237507452,17
1237514143,12
1237516776,85
1237522343,50
1237524419,1010
1237525004,18
1237525965,24
1237527907,14
1237528100,66
1237536657,34
1237548136,16
1237556756,14
1237566150,61
1237567431,18
1237567855,61
1237569827,23
1237570742,3000
1237574834,13
1237596235,15
1237604801,16
1237605993,61
1237607224,18
1237610023,23
1237619750,15
1237623600,24
1237625202,164
1237627849,35
1237630202,410
1237639323,338
1237640697,23
1237640922,27
1237643030,16
1237648686,46
1237651000,19
1237652723,14
1237658148,17
1237696009,12
1237699264,17
1237699485,11
1237707289,44
1237717182,11
1237720723,14
1237728861,16
1237729316,13
1237733764,16
1237734940,23
1237735665,34
1237749445,47
1237750162,226
1237773425,86
1237781439,19
1237784796,16
1237786440,15
1237789963,18
1237809202,383
1237818034,121
1237819660,28916
1237821145,13
1237826064,240
1237829770,12
1237833791,13
1237835872,60
1237836502,11
1237839280,18
1237841458,57
1237843760,13
1237845954,15
1237849841,15
1237852816,16
1237856742,26
1237856798,21
1237857534,35
1237858339,57
1237862355,40
1237873111,57
1237876885,25
1237879977,14
1237885983,184
1237886021,35
1237887278,15
1237891010,42
1237897310,131
1237898891,47
1237901907,28
1237904058,11
1237906084,17
1237911785,2762
1237924504,18
1237926298,29
1237930635,36
1237955879,15
1237979735,2022
1237988466,13
1237991026,48
1237994338,12
1237999979,29
1238010504,17
1238020455,46
1238042326,17
1238042602,105
1238043239,1647
1238043869,31
1238045437,20
1238047523,1618
1238050175,110
1238063840,19
1238071279,63
1238086960,18
1238091730,49
1238096032,477
1238104138,46
1238108965,28
1238119796,11
1238120057,23944
1238121115,89
1238133044,160
1238139003,31
1238142752,18
1238143049,45
1238152096,105
1238157601,33
1238166279,37
1238179349,17
1238187414,19
1238194024,18
1238194631,26
1238203091,11
1238204186,14
1238210020,18
1238212613,29
1238219632,22
1238246893,17
1238256194,38
1238264514,36
1238268252,14
1238273556,25
1238275599,24
1238285636,62
1238292307,10
1238294428,56
1238294607,120
1238301041,176
1238305550,19
1238314095,30
1238325234,17
1238336148,13
1238338967,11
1238339696,14
1238352328,23
1238353357,50
1238359772,14
1238361124,25
1238363307,48
1238364469,47
1238374516,17
1238379684,17
1238384020,112
1238386254,20
1238388797,15
1238392177,29
1238394528,17
1238398366,19
1238402794,124
1238412760,32
1238416752,411
1238420386,22
1238426179,898
1238426791,418
1238434689,14
1238449822,14
1238453195,39
1238455882,111
1238458554,561
1238460215,44
1238468873,11
1238490261,35
1238496158,189
1238499219,19
1238503477,456
1238505021,31
1238505874,110
1238509745,16
1238514693,13
1238529161,13
1238537858,22
1238540326,21
1238542557,15
1238542948,28
1238547139,81
1238548881,11
1238552380,18
1238559947,54
1238571740,30
1238573176,15
1238576219,26
1238579838,18
1238580104,15
1238586910,11
1238606716,2837
1238608979,306
1238611197,25
1238611909,25
1238612611,20
1238634317,16
1238645472,373
1238653384,134
1238669068,55
1238676776,12
1238676972,16
1238677791,32
1238684786,14
1238692464,19
1238695224,13
1238707516,12
1238722120,15
1238723751,13
1238727325,31
1238731481,33
1238733254,36
1238739631,19
1238742660,20
1238743123,32
1238755764,170
1238758672,381
1238759267,21
1238765688,16
1238775512,643
1238783354,190
1238787403,11
1238812762,32
1238818691,15
1238830448,102
1238831904,12
1238834247,16
1238836672,11
1238850401,11
1238855847,32
1238866442,88
1238872822,138
1238876865,35
1238889388,19
1238894468,20
1238894762,17
1238896536,110
1238897954,37
1238911466,15
1238914644,24
1238926475,11
1238930668,16
1238948350,18
1238954573,19
1238954795,18
1238956754,429
1238959575,44
1238968097,47
1238986224,18
1238992253,1286
1238993977,19
1238996909,347
1239006019,51
1239011091,43
1239018578,20
1239029437,25
1239032588,14
1239039079,166
1239045423,55
1239056971,6
1239062027,5
1239071762,53
1239077803,19
1239104861,69
1239110217,18
1239112559,12
1239115570,35
1239117786,21
1239117832,20
1239119721,1899
1239126926,17
1239135974,30
1239139048,70
1239140279,355
1239151917,72
1239152939,25
1239159840,2340
1239160406,11
1239173626,17
1239193196,55
1239193572,11
1239197994,42
1239198502,64
1239199313,14
1239200352,32
1239204847,21
1239209837,17
1239210589,225
1239212074,16
1239214607,44
1239216283,45
1239216743,12
1239243690,21
1239249946,12
1239251402,11
1239262895,12
1239264029,269
1239273447,17
1239285070,90
1239297672,136
1239309119,12
1239321485,72
1239341513,19
1239351619,109
1239353812,21
1239357956,78
1239359080,16
1239365819,12
1239366397,26
1239367040,33
1239373733,20
1239374684,13
1239375488,358
1239375999,17
1239382882,100
1239396861,15
1239398976,20
1239402511,13
1239412648,12
1239412733,15
1239414002,15
1239414821,934
1239416779,11
1239427226,24
1239434866,491
1239441299,35
1239447191,53
1239447811,18
1239455254,248
1239464173,46
1239469327,42
1239473321,598
1239489400,51
1239491397,51
1239518697,84
1239522492,580
1239524798,14
1239528524,21
1239532231,35
1239537127,47
1239537612,11
1239544598,17
1239549872,205
1239550442,64
1239556796,209
1239557619,56
1239563227,64
1239563655,126
1239567925,18
1239574235,14
1239577913,44
1239580976,16
1239599225,20
1239600245,21
1239611613,27
1239617900,14
1239618973,57
1239619264,33
1239621046,14
1239622029,13
1239622387,581
1239624733,51
1239630237,14
1239644418,21
1239645385,481
1239654352,17
1239660837,17
1239669136,23
1239673198,21
1239676667,127
1239707233,31
1239715093,15
1239716772,13
1239722612,26
1239726217,23
1239728183,56
1239732876,24
1239735146,19
1239735720,17
1239744607,11
1239746319,22
1239749878,11
1239752722,109
1239754392,15
1239757945,38
1239765355,34
1239769034,21
1239774861,209
1239787202,16
1239797781,105
1239797866,15
1239799148,14
1239802726,10
1239806607,32
1239812704,23
1239825801,17
1239826594,20
1239856270,30
1239859061,146
1239864142,697
1239869762,46
1239878087,40
1239878287,212
1239890796,1486
1239894005,39
1239898419,147
1239901771,31
1239906726,30
1239909172,15
1239911524,11
1239918790,2596
1239921355,22
1239923622,68
1239928176,651
1239930788,123
1239940446,102
1239942327,14
1239944495,15
1239949403,21
1239953499,90
1239960519,12
1239961334,25
1239966472,94
1239977707,12
1239979370,41
1239982332,13
1239983358,30
1239995275,18
1239996076,5339
1239999657,17
1240003797,34
1240013465,100
1240014089,17
1240015023,17
1240019066,12
1240020163,20
1240031323,14
1240043567,11
1240045833,29
1240047266,96
1240051005,48
1240052317,32
1240056880,12
1240061827,22
1240062561,142
1240070838,12
1240073512,21
1240080694,36
1240083383,21
1240087779,14
1240092403,18
1240122142,16
1240131152,23
1240132015,18
1240150652,23
1240159825,12
1240163211,103
1240163717,20
1240164093,48
1240167455,21
1240183493,52
1240191065,2242
1240192072,14
1240195275,12
1240202235,18
1240214550,28
1240224353,15
1240247258,14
1240247529,14
1240249001,11
1240258164,16
1240259223,48
1240269979,12
1240272133,53
1240276079,30
1240288571,14
1240299044,12
1240299682,27
1240305839,12
1240308067,123
1240332026,51
1240333679,16
1240340068,81
1240341386,11
1240346607,55
1240346695,195
1240364388,206
1240365600,27
1240374270,41
1240393483,12
1240394691,18
1240417420,11
1240419112,27
1240420839,23
1240421258,610
1240437710,12
1240443039,51
1240444875,34
1240448548,11
1240483776,237
1240492421,48
1240498594,15
1240500457,60
1240502884,79
1240515946,13
1240521980,11
1240522440,18
1240537180,97
1240542828,18
1240545670,11
1240545861,47
1240556206,32
1240556566,30
1240560323,57
1240566648,74
1240567099,19
1240568470,49
1240572887,31
1240579392,15
1240580951,13
1240599492,61
1240601170,90
1240602767,13
1240611559,18
1240644798,19
1240648531,13
1240652283,18
1240653523,88
1240665936,12
1240667381,13
1240671870,19
1240672860,18
1240677825,51
1240682987,13
1240690447,16
1240693623,25
1240698398,341
1240700384,60
1240708362,29
1240713910,52
1240719306,19
1240720849,91
1240724913,22
1240725237,11
1240725952,118
1240730830,89
1240732143,133
1240743325,45
1240747229,17
1240755345,14
1240766312,21
1240768914,11
1240771767,43
1240775510,386
1240786277,26
1240793632,14
1240801215,38
1240808459,18
1240820240,11
1240830830,84
1240832183,18
1240844474,38
1240851965,20
1240854296,59
1240856375,19
1240859912,18
1240865540,15
1240868987,36
1240872088,792
1240872126,36
1240872943,10
1240894264,12
1240896337,17
1240905795,20
1240919474,45
1240938433,15
1240944610,34
1240944626,779
1240946207,16
1240948992,19
1240955193,13
1240959510,39
1240961226,21
1240963793,14
1240977522,10
1240995825,40
1240996286,321
1241000028,227
1241014702,14
1241017476,64
1241019087,23
1241033447,13
1241037350,12
1241040212,17
1241048131,78
1241051113,17
1241054742,52
1241058151,29
1241070039,12
1241074831,20
1241076174,230
1241088351,14
1241094896,14
1241096931,24
1241105467,21
1241106368,27
1241110664,12
1241114653,18
1241132689,37
1241134258,76
1241141239,68
1241146344,56
1241146497,31
1241149979,42
1241152875,986
1241153103,35
1241159711,19
1241163802,13
1241169266,15
1241170129,11
1241172117,14
1241179152,30
1241185532,86
1241208413,34
1241209202,123
1241212925,17
1241215332,26
1241218480,28
1241223523,76
1241234879,288
1241246291,12
1241257629,7029
1241258726,209
1241271550,61
1241273478,530
1241275896,53
1241277287,39
1241277589,85
1241279320,15
1241281880,13
1241283238,23
1241295791,27
1241298903,48
1241300226,13
1241309851,14
1241319334,16
1241329902,37
1241335289,21
1241335398,13
1241336268,36
1241338288,44
1241345946,18
1241348820,39
1241350460,15
1241353600,16
1241358748,13
1241360951,38
1241362619,2860
1241367216,12
1241368039,22
1241383026,12
1241389997,17
1241397530,16
1241407718,20
1241411485,29
1241412718,92
1241414489,16
1241415025,48
1241420026,22
1241425259,1899
1241430916,148
1241450690,20
1241453878,24
1241459204,11
1241459358,16
1241469718,16
1241476818,16
1241477012,13
1241487212,17
1241488294,14
1241489968,32
1241494140,31
1241500194,81
1241503505,13
1241511155,168
1241515224,350
1241519294,30
1241526989,21
1241535855,11
1241537755,519
1241538479,234
1241539231,100
1241540822,13
1241541907,76
1241552156,41
1241553266,14
1241586348,15
1241587887,47
1241588340,35
1241611273,18
1241612240,69
1241612644,59
1241613478,184
1241621727,84
1241631637,13
1241633491,18
1241640889,13
1241641410,20
1241644778,16
1241647818,85
1241648746,37
1241650947,29
1241653775,20
1241653839,151
1241657568,23
1241657981,11
1241661785,19
1241665017,16
1241665534,29
1241679569,38
1241704120,19
1241705990,70
1241706792,141
1241709623,155
1241723280,17
1241738234,101
1241742205,33
1241743752,244
1241747058,39
1241749352,36
1241750341,60
1241752946,39
1241761359,39
1241767972,25
1241775611,76
1241778703,52
1241803876,143
1241816625,63
1241825365,31
1241825396,302
1241828177,13
1241837533,31
1241845242,117
1241863775,29
1241878578,14
1241879839,13
1241886270,19
1241889596,16
1241889601,92
1241891788,25
1241894863,35
1241896683,13
1241912674,12
1241916676,39
1241954827,32
1241955479,29
1241958508,41
1241959906,332
1241960226,21358
1241963187,70
1241965602,18
1241974928,13
1241975714,17
1241976480,20
1241977003,42
1241977188,22
1241979160,84
1241979723,15
1241987162,978
1241990307,70
1241990700,1884
1241994412,39
1242010545,15
1242013932,5
1242017470,3
1242027459,118
1242030289,29
1242030344,32
1242034359,59
1242041584,62
1242043952,17
1242047436,83
1242060029,133
1242065628,14
1242070147,17
1242072896,24
1242077970,43
1242077982,85
1242094165,181
1242098463,27
1242099375,15
1242100472,50
1242107382,2015
1242108349,191
1242121583,17
1242128023,33
1242143475,16
1242169673,51
1242170957,18
1242175465,14
1242179708,17
1242180484,123
1242192661,18
1242196870,15
1242203650,194
1242206624,68
1242211335,28
1242230402,29
1242238680,0
1242243389,20
1242243557,11
1242244665,15
1242245415,22
1242249898,32
1242252209,43
1242268113,57
1242272716,67
1242283903,18
1242284800,19
1242288930,18
1242293609,65
1242306767,332
1242316635,1575
1242320277,14
1242321286,52
1242326448,21
1242339840,44
1242350957,38
1242354790,1791
1242356298,48
1242384007,12
1242392922,269
1242402978,208
1242415623,237
1242427355,12
1242428415,70
1242432807,11
1242441763,25
1242442927,43
1242442956,18
1242450764,48
1242451241,15
1242472887,21
1242497817,31
1242503983,12
1242517249,63
1242520249,25
1242522317,12
1242534846,12
1242536991,17
1242538725,12
1242552865,21
1242559266,15
1242562576,15
1242564361,11
1242565101,17
1242568050,55
1242571544,38
1242572220,12
1242576422,12
1242579794,76
1242581027,43
1242582611,42
1242582771,20
1242587191,11
1242591913,20
1242595081,11
1242623011,14
1242627057,42
1242637912,25
1242643262,11
1242649859,15
1242665944,32
1242670883,14
1242672160,169
1242679355,1498
1242692799,21
1242697027,147
1242705930,19
1242712290,85
1242719319,1180
1242731930,11
1242750846,14
1242760522,24
1242766913,75
1242787253,328
1242790955,29
1242805637,30
1242808266,11
1242815807,19
1242836028,19
1242847410,85
1242849406,66
1242854746,43
1242858742,42
1242867671,840
1242881254,18
1242885972,15
1242896502,261
1242899551,162
1242899915,51
1242903900,21
1242911893,24
1242916194,13
1242917283,12
1242924666,112
1242933539,20
1242956191,16
1242967652,5534
1242971079,12
1242974687,32
1242994017,135
1242995930,24
1243001514,20
1243006338,212
1243011353,1901
1243017690,410
1243019455,16
1243020749,130
1243027110,80
1243027635,67
1243027695,18
1243029025,17
1243033047,113
1243037216,12
1243043047,18
1243057319,28
1243060739,17
1243065333,13
1243068376,25
1243068991,29
1243071828,25
1243072224,88
1243086146,13
1243090173,17
1243095143,13
1243099463,14
1243100020,118
1243106323,245
1243107271,34
1243109314,15
1243110119,15
1243111477,13
1243130327,11
1243136561,55
1243146433,227
1243160351,434
1243160855,40
1243164484,70
1243166788,15
1243166945,219
1243176585,346
1243179697,84
1243183766,22
1243199454,30
1243200853,98
1243202918,18
1243210367,69
1243217842,33
1243238668,86
1243240174,13
1243242946,62
1243244774,55
1243247507,133
1243249411,18
1243256378,57
1243266259,10
1243270101,15
1243276849,18
1243277861,143
1243279769,80
1243282472,11
1243285960,19
1243288395,11
1243296441,177
1243301217,15
1243308022,17
1243316506,14
1243317327,171
1243318039,18
1243319764,11
1243320653,14
1243335820,87
1243337208,11
1243337973,11
1243338375,17
1243339945,14
1243343514,38
1243348295,43
1243353499,12
1243353641,94
1243354073,94
1243355836,16
1243364905,218
1243365944,354
1243369427,14
1243370296,23
1243370935,39
1243373853,141
1243380368,14
1243384906,19
1243386295,11
1243386953,39
1243393451,56
1243394372,18
1243397963,649
1243401750,70
1243403565,20
1243403791,35
1243407684,17
1243414163,14
1243414364,13
1243432393,11
1243435460,32
1243436931,15
1243440891,23
1243456460,25
1243462118,21
1243465661,19
1243470443,11
1243474783,20
1243475954,15
1243480043,25
1243486736,45
1243490323,84
1243499752,103
1243510961,13
1243520031,178
1243523634,29
1243524942,12
1243529611,11
1243536512,123
1243546453,11
1243567693,14
1243589705,31
1243592929,14
1243594497,12
1243601229,36
1243601998,21
1243607387,16
1243611246,12
1243614106,18
1243618131,637
1243619611,52
1243631224,32
1243632421,13
1243632643,14
1243643571,15
1243645314,110
1243646445,14
1243647266,66
1243649535,11
1243660478,15
1243674199,74
1243680833,25
1243704133,21
1243710888,25
1243720201,12
1243732556,657
1243739072,437
1243754671,21
1243754968,89
1243761147,16
1243762255,54
1243765551,14
1243765775,61
1243773718,42
1243780058,38
1243795091,35
1243799385,31
1243802511,18
1243808884,56
1243841282,75
1243842380,15
1243843387,151
1243859110,18
1243859417,27
1243860196,37
1243861636,20
1243868004,18
1243878128,47
1243889840,2406
1243904405,63
1243908724,20
1243925666,12
1243928497,44
1243928867,30
1243929420,17
1243945729,13
1243947630,159
1243951513,25
1243954362,71
1243959521,11
1243961683,32
1243962929,72
1243963093,200
1243975263,15
1243975449,38
1243978384,92
1243979429,61
1243998884,18
1244000773,15
1244001574,28
1244028703,30
1244036548,11
1244037728,13
1244040752,101
1244045010,29
1244047930,25
1244050587,183
1244051960,36
1244056427,19
1244064544,11
1244071529,3228
1244073371,35
1244074262,45
1244074490,21
1244074619,15
1244076766,12
1244108994,657
1244116421,22
1244130987,26
1244136912,12
1244140869,28
1244142296,52
1244151525,16
1244155308,38
1244155727,64
1244157761,32
1244162403,1119
1244168174,38
1244174738,15
1244176206,11
1244178999,17
1244184293,13
1244185155,417
1244194276,32
1244194507,24
1244197679,34
1244200187,11
1244213970,37
1244216551,48
1244217665,24
1244226944,24
1244231089,13
1244232710,54
1244238140,22
1244238936,33
1244255120,17
1244255768,11
1244263982,11
1244264446,63
1244264505,84
1244277268,17
1244278623,13
1244290601,111
1244295316,20
1244296820,867
1244307392,43
1244307848,20
1244322645,53
1244323702,268
1244325213,15
1244328171,26
1244341252,11
1244344645,14
1244346431,23
1244361533,16
1244364968,18
1244370426,16
1244375757,48
1244375832,75
1244377054,30
1244385712,20
1244386148,14
1244391930,13
1244391958,115
1244425600,17
1244431440,325
1244443711,14
1244459047,24
1244462189,118
1244468619,271
1244473756,36
1244476160,35
1244476739,13
1244482736,11
1244488619,18
1244490397,85
1244491708,217
1244493472,1489
1244500483,155
1244530113,18
1244534097,17
1244539716,54
1244540718,14
1244541606,21
1244548537,11
1244557522,182
1244564263,174
1244565986,256
1244570126,35
1244582483,86
1244593267,38
1244595001,16
1244596735,20
1244598092,21
1244599833,25
1244611777,26
1244615729,26
1244621946,66
1244626627,59
1244638297,11
1244644510,12
1244645507,80
1244647147,13
1244660131,13
1244664340,66
1244666899,12
1244667663,59
1244673218,85
1244675532,17
1244679831,13
1244688614,30
1244691031,11
1244693229,15
1244693986,26
1244713152,17
1244716271,41
1244742159,14
1244747615,112
1244747754,13
1244750915,71
1244755919,16
1244762126,33
1244770399,19
1244774008,161
1244780636,35
1244782513,126
1244784820,115
1244799378,7
1244801083,16
1244801631,50
1244804202,25
1244813010,19
1244814127,199
1244828190,32
1244838109,82
1244838820,13
1244848150,52
1244858848,29
1244859148,363
1244862129,13
1244872344,73
1244886395,15
1244896384,16
1244916257,15
1244926035,100
1244934024,32
1244939861,17
1244948549,61
1244954648,13
1244959261,591
1244959516,12
1244959985,18
1244960155,98
1244989350,210
1245004908,35
1245010764,90
1245029777,33
1245035344,20
1245035377,22
1245041174,42
1245043545,59
1245045417,12
1245048633,22
1245051336,19
1245059090,13
1245060355,23
1245061401,30
1245064524,15
1245064892,394
1245076219,69
1245097257,29
1245100586,30
1245101224,134
1245104473,104
1245106598,331
1245108765,18
1245113203,15
1245132749,121
1245188885,13
1245192508,13
1245195081,27
1245220559,16
1245220578,13
1245221146,23
1245222189,13
1245223443,16
1245224749,16
1245225769,30
1245227535,114
1245234058,85
1245241908,168
1245243244,18
1245243860,42
1245256564,1593
1245258929,14
1245259290,14
1245267327,113
1245268506,793
1245272377,105
1245274067,29
1245278599,19
1245279396,20
1245282108,145
1245290072,59
1245292227,25
1245294728,19
1245296273,103
1245308002,65
1245310595,19
1245318030,38
1245319446,645
1245322596,20
1245325857,77
1245327065,110
1245329241,894
1245331393,13
1245333424,453
1245333938,279
1245344317,57
1245347848,53
1245350611,25
1245355875,24
1245356181,30
1245356640,106
1245356661,75
1245359581,36
1245362186,12
1245364257,14
1245365519,40
1245368109,39
1245369970,24
1245371971,17
1245380838,12
1245391661,31
1245396820,15
1245405409,22
1245412168,121
1245419404,14
1245425969,18
1245427200,21
1245427909,62
1245429611,99
1245439294,17
1245439775,13
1245440202,22
1245444273,58
1245451069,13
1245452305,2826
1245458564,156
1245458706,101
1245461700,138
1245465729,3614
1245470955,191
1245476031,1337
1245491192,24
1245509597,14
1245510473,28
1245510932,88
1245511686,13
1245518138,42
1245524843,11
1245539123,97
1245540410,160
1245545312,30
1245546693,48
1245549227,155
1245556773,20
1245558372,219
1245561762,941
1245563309,127
1245585947,12
1245591132,178
1245593541,14
1245595783,14
1245617878,37
1245621552,171
1245623286,21
1245633673,13
1245635988,11
1245644492,80
1245647600,18
1245653552,12
1245664409,12
1245681818,86
1245692484,19
1245695183,124
1245699721,6243
1245699982,22
1245720361,11
1245720902,79
1245723733,12
1245725287,16
1245730899,31
1245733063,725
1245738786,42
1245740241,19
1245743299,12
1245746212,13
1245748325,13
1245760328,149
1245771671,28
1245772322,12
1245775155,13
1245790592,91
1245797515,140
1245813675,14
1245816682,12
1245820850,57
1245834824,19
1245838621,87
1245849114,33
1245862251,64
1245865164,14
1245871125,17
1245872885,63
1245881246,12
1245893489,21
1245894065,15
1245901041,553
1245903975,18
1245921621,430
1245923485,18
1245925715,19
1245927552,33
1245944434,13
1245952606,2148
1245955470,14
1245957017,41
1245959143,104
1245970168,18
1245970899,60
1245998874,16
1246000378,36
1246031278,61
1246047187,14
1246072199,47
1246073739,24
1246090648,11
1246093394,22
1246096751,14
1246104866,12
1246113734,15
1246132462,18
1246148135,4454
1246196526,51
1246198169,174
1246201104,19
1246205050,17
1246211773,668
1246220668,23
1246224744,22
1246227084,108
1246228717,41
1246229181,20
1246236720,105
1246237538,34
1246238195,38
1246243218,112
1246244431,38
1246249472,12
1246250743,23
1246251770,62
1246265860,109
1246270079,21
1246273057,281
1246273154,28
1246274264,29
1246276297,202
1246276785,147
1246279685,27
1246280246,15
1246292527,15
1246292540,39
1246304557,17
1246315244,84
1246322535,12
1246326252,28
1246326761,297
1246330857,148
1246332472,33
1246336325,17
1246337897,12
1246346594,744
1246360316,14
1246389313,13
1246399437,3958
1246402525,139
1246410678,33
1246435403,21
1246440630,1063
1246441409,27
1246442875,76
1246446448,16
1246451746,39
1246459259,7053
1246471409,14
1246482134,23
1246482207,62
1246483895,196
1246500556,96
1246504454,13
1246510003,12
1246513769,25
1246515824,125
1246515971,14
1246519476,12
1246521575,151
1246529893,15
1246532319,204
1246533311,11
1246534911,1574
1246536953,13
1246538174,48
1246539049,16
1246542567,86
1246549494,22
1246561851,18
1246567508,21
1246570817,39
1246574857,18
1246574873,159
1246577741,26
1246582123,47
1246590578,12
1246596727,15
1246596878,22
1246600517,1150
1246600961,44
1246600993,28
1246602771,29
1246622880,16
1246625636,8686
1246629463,28
1246631932,31
1246638907,47
1246642453,39
1246644567,13
1246646082,17
1246662457,11
1246664009,20
1246681024,16
1246687346,12
1246690056,53
1246695181,20
1246709259,35
1246710934,13
1246711970,160
1246712495,11
1246715834,17
1246717058,14
1246719459,42
1246721062,508
1246722622,1062
1246742103,17
1246745196,29
1246745654,13
1246749616,228
1246751432,16
1246751434,122
1246759937,44
1246767321,19
1246771179,17
1246779788,82
1246782280,55
1246786755,81
1246790422,68
1246795720,169
1246797254,20
1246802646,29
1246803083,58
1246804487,14
1246812750,61
1246814545,10
1246814836,18
1246817571,18
1246821609,25
1246837463,13
1246843657,25
1246849817,24
1246854395,20
1246857494,30
1246866879,20
1246880217,12
1246887188,42
1246895855,44
1246904632,127
1246905604,97
1246911708,67
1246914307,18
1246924426,15
1246924457,11
1246959565,41
1246959727,47
1246967830,13
1246980923,43
1246989049,29
1246992941,23
1246994155,45
1247000985,21
1247014730,101
1247024515,17
1247024804,127
1247033084,103
1247044553,16
1247045448,91
1247051636,21
1247052265,53
1247062549,41
1247077303,27
1247077505,27
1247078110,46
1247086450,16
1247093576,21
1247095976,339
1247100158,23
1247106374,10
1247115218,93
1247115666,98
1247117944,31
1247122194,20
1247124796,15
1247134453,50
1247141754,11
1247142210,30
1247149707,134
1247161384,27
1247171934,16
1247181447,45
1247188228,42
1247190710,79
1247191183,15
1247195606,32
1247195686,19
1247212350,27
1247217251,84
1247225040,14
1247231088,67
1247236424,587
1247242073,299
1247256403,9
1247256864,362
1247257056,70
1247257077,19
1247257153,11
1247265455,26
1247276507,11
1247281221,37
1247282947,13
1247286539,27
1247288896,214
1247289840,28
1247290145,28
1247291997,22
1247292043,56
1247294715,274
1247295822,13
1247301782,43
1247302502,87
1247303587,12
1247310533,36
1247314588,132
1247316645,35
1247317288,53
1247321833,396
1247351481,18
1247356796,23
1247365040,80
1247371684,68
1247376153,20
1247376695,153
1247380137,35
1247384825,28
1247388276,47
1247401217,50
1247414152,147
1247418292,47
1247419504,21
1247421999,16
1247424466,13
1247425144,11
1247433544,83
1247436411,77
1247458577,16
1247458623,23
1247459187,36
1247461066,25
1247469826,181
1247473093,13
1247477036,20
1247482929,68
1247489291,64
1247492866,14
1247495357,20
1247508851,14
1247509569,24
1247515668,23
1247529759,18
1247539290,12
1247546991,243
1247561558,13
1247570734,17
1247581321,73
1247581975,39
1247591069,23
1247591822,24
1247594975,11
1247599728,30
1247600704,14
1247602219,26
1247603334,46
1247604974,11
1247605879,38
1247605980,53
1247609335,47
1247612350,217
1247622731,152
1247623206,26
1247625334,11
1247628069,14
1247630704,54
1247641253,17
1247649672,2
1247649837,20
1247663174,12
1247666824,26
1247670071,28
1247671245,112
1247672857,32
1247682155,20
1247682989,23
1247694581,12
1247699938,13
1247702973,115
1247709872,28
1247712689,40
1247712904,23
1247720302,53
1247743070,11
1247743352,146
1247745092,17
1247746103,18
1247746872,15
1247748424,44
1247756899,23
1247777740,19
1247782277,28
1247782800,27
1247786593,274
1247798896,13
1247799878,21
1247808514,182
1247813845,14
1247826283,11
1247833825,75
1247838123,102
1247842541,22
1247845398,20
1247866311,15
1247890345,14
1247897962,11
1247916961,340
1247926868,21
1247938040,157
1247939001,61
1247940076,16
1247944288,420
1247953558,129
1247955571,15
1247959177,16
1247960650,80
1247966640,76
1247969231,36
1247972630,34
1247980837,19
1247981517,117
1247984150,13
1248011103,1854
1248031872,81
1248032650,23
1248034647,127
1248040531,11
1248040866,19
1248041623,54
1248045931,18
1248050597,17
1248051050,14
1248054102,66
1248055238,351
1248058147,38
1248064498,11
1248066032,14
1248067744,11
1248072541,23
1248078952,82
1248082572,12
1248087013,58
1248090936,11
1248096254,43
1248105780,58
1248111614,24
1248111899,19
1248123371,90
1248124718,22
1248128332,12
1248129522,13
1248141334,144
1248143320,16
1248150453,26
1248150739,19
1248151636,12
1248154861,24
1248155542,20
1248160730,18
1248163123,11
1248164821,22
1248165430,19
1248175705,99
1248181720,29
1248182767,21
1248183848,41
1248186446,109
1248199024,36
1248199796,12
1248204690,412
1248211654,19
1248213776,68
1248216427,528
1248219709,55
1248221644,41
1248231202,13
1248243804,25
1248248786,24
1248253333,19
1248255775,22
1248257257,109
1248257430,75
1248264334,27
1248267320,437
1248269184,12
1248275548,12
1248292552,12
1248296770,19
1248302385,24
1248302524,32
1248303277,51
1248305485,88
1248309376,14
1248310439,93
1248315096,353
1248323006,195
1248332641,13
1248333420,33
1248334419,29
1248336086,50
1248340154,20
1248344067,18
1248346724,138
1248348085,15
1248348624,17
1248352148,33
1248353257,12
1248354167,29
1248357950,15
1248358923,473
1248359368,26
1248368290,20
1248369746,21
1248373426,60
1248374766,118
1248378025,113
1248384170,35
1248385157,35
1248395430,36
1248396295,25
1248401048,50
1248401658,30
1248403597,61
1248412629,33
1248413615,13
1248414214,30
1248417002,11
1248435337,12
1248438483,30
1248441930,23
1248442200,56
1248442484,19
1248453360,32
1248453777,35
1248461566,16
1248469137,26
1248474674,54
1248482197,273
1248482770,14
1248483021,28
1248489557,69
1248493288,64
1248502601,11
1248509220,14
1248510758,21
1248512702,19
1248516993,143
1248517174,20
1248517528,44
1248528424,41
1248534579,33
1248538120,19
1248559884,11
1248573158,15
1248575408,18
1248579736,63
1248581414,12
1248586873,51
1248587890,12
1248591409,20
1248591897,55
1248597849,20
1248615838,35
1248618409,320
1248620768,211
1248620921,24
1248625781,19
1248628771,24
1248636112,196
1248647057,15
1248656866,15
1248657228,26
1248659915,176
1248670681,50
1248670774,20
1248679982,38
1248685391,657
1248715157,19
1248719717,26
1248726560,28
1248727836,20
1248731923,37
1248735165,11
1248735456,33
1248735737,46
1248742343,479
1248745413,187
1248747220,657
1248749020,16
1248758524,158
1248761307,933
1248761484,15
1248763048,242
1248766276,95
1248769876,11
1248772322,11
1248772557,11
1248774202,363
1248782150,37
1248789121,254
1248793375,14
1248794761,26
1248795924,170
1248796295,22
1248803716,31
1248827715,18
1248827837,19
1248836706,17
1248861358,53
1248871857,14
1248872128,40
1248873301,59
1248874742,68
1248874749,72
1248880965,15
1248882195,17
1248882718,57
1248883464,28
1248889884,108
1248896213,17
1248897354,23
1248897838,70
1248898453,11
1248898722,19
1248898972,33
1248908185,12
1248915354,23
1248917960,24
1248924479,489
1248925933,18
1248926022,70
1248930600,30
1248931805,26
1248932206,12
1248933347,61
1248941614,36
1248943562,26
1248949848,12
1248950091,25
1248951081,24
1248951507,21
1248952892,13
1248955957,3306
1248958654,55
1248962830,16
1248981027,122
1248981662,87
1248983894,12
1248984067,45
1248986738,15
1248994114,26
1249006271,31
1249013020,22
1249014031,55
1249015197,31
1249015425,14
1249023319,13
1249024111,58
1249027272,11
1249040497,54
1249047809,88
1249051947,14
1249052052,11
1249052875,13
1249062173,14
1249068419,14
1249070629,109
1249094239,122
1249095115,123
1249111989,41
1249123734,118
1249131332,20
1249136784,31
1249157414,14
1249158906,17
1249162928,471
1249175775,15
1249178065,20
1249180847,160
1249181353,26
1249182330,23
1249187944,95
1249189589,82
1249202199,20
1249203338,356
1249207787,14
1249209643,272
1249213103,32
1249224062,120
1249225398,25
1249239992,14
1249245754,438
1249258514,290
1249261520,1849
1249271148,27
1249276248,15
1249284066,17
1249287005,36
1249290620,37
1249293657,24
1249296723,13
1249300381,97
1249303001,12
1249305626,15
1249305805,12
1249315245,30
1249317289,32
1249325080,38
1249332416,45
1249337353,14
1249344928,19
1249345325,26
1249346259,14
1249357615,38
1249360394,9
1249363406,33
1249369480,69
1249380837,22
1249382417,12
1249386263,32
1249386299,30
1249406215,13
1249408490,31
1249409445,41
1249410188,17
1249421739,32
1249422921,59
1249430762,11
1249432822,10
1249454751,12
1249458219,23
1249462231,83
1249462611,109
1249466568,13
1249467039,28
1249488202,58
1249509510,11
1249519439,22
1249521361,16
1249530651,25
1249530755,35
1249534702,85
1249535239,83
1249548355,34
1249549064,13
1249550191,415
1249550690,72
1249557108,14
1249572987,16
1249573380,14
1249578225,16
1249582990,56
1249619405,23
1249628271,13
1249634577,85
1249655286,26
1249658123,70
1249659243,54
1249662979,19
1249663397,13
1249669193,18
1249681283,16
1249695433,14
1249708194,45
1249709179,85
1249723308,60
1249730633,55
1249731486,44
1249738003,131
1249740810,34
1249756800,18
1249766977,19
1249774057,385
1249779388,17
1249784811,19
1249785717,25
1249792018,31
1249808300,25
1249808474,17
1249808814,112
1249809218,12
1249813229,79
1249814139,106
1249826669,16
1249826776,13
1249847701,78
1249847920,132
1249849319,61
1249853652,31
1249855865,210
1249866465,2420
1249868091,20
1249880434,15
1249881776,16
1249883059,11
1249887741,41
1249888354,160
1249892130,13
1249893354,20
1249895223,41
1249897175,30
1249903076,15
1249907578,58
1249908102,13
1249910480,11
1249913179,134
1249913251,38
1249915620,13
1249922033,838
1249923101,18
1249942687,38
1249944634,19
1249951168,28
1249964612,14
1249973862,33
1249978957,18
1249980876,93
1249982319,21
1249983772,190
1249989933,11
1249990320,909
1250007509,12
1250009810,23
1250016256,13
1250020003,15
1250040582,284
1250045863,15
1250050869,126
1250051977,12
1250057030,12
1250060426,28
1250065590,39
1250068182,54
1250070490,48
1250072702,12
1250081513,27
1250083495,33
1250085833,15
1250093949,12
1250109958,17
1250113821,30
1250122277,32
1250123107,18
1250126240,97
1250129192,21
1250134799,15
1250142065,17
1250143574,12
1250146825,12
1250157861,13
1250160502,11
1250164325,12
1250182657,22
1250204816,25
1250216343,14
1250224428,22
1250229427,26
1250233265,23
1250237069,15
1250243010,32
1250244785,19
1250245397,20
1250255823,47
1250257487,44
1250258692,320
1250258829,13
1250259248,50
1250265557,18
1250276806,59
1250280866,158
1250289468,24
1250293035,13
1250295793,51
1250296394,12
1250296864,331
1250301953,76
1250301976,68
1250308031,11
1250314473,18
1250315476,23
1250320740,14
1250326588,11
1250328232,85
1250332636,91
1250335928,13
1250336324,13
1250337793,16
1250346244,19
1250354179,16
1250360389,61
1250361878,12
1250367999,20
1250377526,11
1250391425,12
1250394838,140
1250404733,32
1250413436,14
1250414618,23
1250417836,16
1250420602,37
1250439637,58
1250445362,11
1250446965,20
1250459937,117
1250468542,16
1250486012,17
1250493755,135
1250500177,27
1250504922,23
1250505481,20
1250508847,74
1250510717,13
1250512479,19
1250528328,22
1250529441,11
1250540901,26
1250541123,16
1250553890,15
1250556989,12
1250561399,14
1250568649,49
1250569639,156
1250575980,1093
1250595753,21
1250626860,108
1250634182,63
1250651738,135
1250651755,108
1250658155,19
1250658283,16
1250663311,20
1250666404,14
1250673270,43
1250677506,57
1250678702,55
1250680727,62
1250681945,28
1250689756,11
1250696677,40
1250696765,17
1250706260,45
1250709578,26
1250713849,15
1250716184,12
1250741226,37
1250756907,11
1250763371,124
1250763414,178
1250771627,18
1250806008,98
1250812354,106
1250815023,19
1250818845,2008
1250822765,4455
1250824950,110
1250830715,59
1250834429,123
1250835189,102
1250835709,108
1250836794,50
1250837740,52
1250837806,14
1250842815,25
1250848732,19
1250860168,810
1250863480,12
1250868690,56
1250876768,14
1250878990,22
1250889003,20
1250895580,62
1250907050,17
1250911372,584
1250918358,56
1250918529,36
1250924595,46
1250931415,29
1250937916,11
1250950417,17
1250958854,15
1250977830,27
1250978302,142
1250978888,27
1250981471,25
1250989577,59
1250997037,15
1250998045,29
1251005638,46
1251007586,83
1251009262,15
1251011584,15
1251011879,27
1251012724,37
1251014582,20
1251020438,11
1251020516,11
1251020986,38
1251023065,17
1251023178,14
1251024234,13
1251025862,12
1251026554,13
1251032065,56
1251045093,60
1251057798,1458
1251066255,91
1251067168,19
1251068284,33
1251069607,28
1251072363,20
1251077755,55
1251078984,15
1251085918,14
1251086499,12
1251086916,1515
1251097472,28
1251097626,52
1251103176,16
1251118569,29
1251118601,33
1251122133,327
1251123266,110
1251124565,34
1251126765,14
1251127841,101
1251130670,54
1251139326,17
1251139884,40
1251140252,23
1251145978,15
1251150120,39
1251156448,29
1251159224,13
1251160046,33
1251169801,79
1251180462,40
1251182451,18
1251186402,2981
1251187002,11
1251194539,11
1251196102,13
1251213060,41
1251216667,1060
1251226689,46
1251240181,12
1251240323,23
1251241656,487
1251246810,221
1251249025,13
1251254800,20
1251258620,16
1251260343,18
1251263546,6599
1251265302,21
1251266007,14
1251273528,20
1251278834,18
1251280424,136
1251282803,17
1251283920,13
1251285811,31
1251301903,1081
1251303564,19
1251308481,16
1251313363,12
1251313933,38
1251314041,83
1251314288,30
1251323039,12
1251343430,21
1251352160,33
1251359454,19
1251360469,151
1251368164,87
1251377810,45
1251382271,326
1251382609,25
1251385826,18
1251387822,14
1251387915,11
1251398714,29
1251401451,20
1251409505,11
1251420451,19
1251421003,23
1251433180,14
1251445838,147
1251447656,15
1251450386,449
1251456931,17
1251460378,3037
1251460904,18
1251465520,23
1251466224,13
1251467172,28
1251482232,74
1251491910,40
1251497181,12
1251498553,21
1251498620,78
1251504299,19
1251505949,33
1251508685,50
1251523074,46
1251532445,22
1251542434,14
1251547021,14
1251547207,19
1251552989,29
1251558498,23
1251570670,71
1251580441,22
1251583175,87
1251599962,19
1251604333,655
1251624865,34
1251626339,49
1251648836,217
1251663029,19
1251670765,16
1251689896,14
1251699671,14
1251700076,19
1251721871,19
1251723283,38
1251724698,22
1251731366,50
1251731376,12
1251734577,300
1251734584,40
1251739081,22
1251740335,27
1251756708,17
1251759892,36
1251760410,11
1251772458,72
1251775321,21
1251775733,10131
1251778861,22
1251792143,19
1251802067,173
1251802724,13
1251803584,14
1251813045,84
1251827172,13
1251829083,15
1251829476,13
1251845453,11
1251848854,37
1251849393,40
1251849873,42
1251875798,316
1251875808,20
1251884605,87
1251885652,53
1251890389,15
1251897393,1081
1251899628,17
1251903045,43
1251908803,113
1251910639,21
1251914525,67
1251915392,16
1251922807,242
1251925434,23
1251927617,29
1251929985,109
1251930408,13
1251934611,68
1251942561,48
1251952412,69
1251952732,17
1251953699,15
1251959042,11
1251971351,20
1251972814,204
1251976028,132
1251980172,70
1252004011,49
1252004709,18
1252008320,54
1252018507,44
1252021413,16
1252023224,26
1252031757,20
1252036272,21
1252038744,18
1252041604,34
1252061412,62
1252069793,13
1252078364,59
1252079931,12
1252091728,16
1252094313,162
1252102710,43
1252117557,389
1252124728,89
1252126809,11
1252127170,63
1252128435,95
1252128712,16
1252129353,18
1252130548,46
1252131252,11
1252134250,42
1252136178,15
1252140935,11
1252147339,330
1252153392,42
1252154132,53
1252159801,57
1252163022,21
1252166840,158
1252169477,23
1252174335,217
1252175636,14
1252190566,14
1252192009,54
1252193482,63
1252196939,19
1252197860,21
1252198341,963
1252200141,26
1252203843,20
1252211432,14
1252217827,95
1252218467,30
1252218508,44
1252237951,41
1252243502,20
1252244572,58
1252248426,34
1252252549,182
1252254864,13
1252255944,16
1252258448,817
1252263438,13
1252270191,30
1252273912,39
1252276246,73
1252291546,13
1252294823,914
1252298988,14
1252302865,43
1252306996,150
1252311044,68
1252323344,28
1252324680,11
1252329745,21
1252335022,12
1252338417,386
1252344029,11
1252346445,14
1252347222,48
1252349871,18
1252351219,32
1252352256,264
1252353845,20
1252355400,14
1252356934,397
1252369220,23
1252388266,15
1252390722,18
1252416155,135
1252416972,33
1252426483,18
1252427005,131
1252427337,33
1252430502,18
1252432466,1626
1252440552,12
1252450076,95
1252453520,48
1252460350,131
1252480275,15
1252489123,38
1252489441,15
1252504178,48
1252504826,12
1252509592,25
1252514339,14
1252529804,157
1252531427,21
1252551939,29
1252565065,107
1252591763,40
1252604518,62
1252612897,12
1252614765,25
1252618883,33
1252640395,62
1252660578,15
1252663001,43
1252665712,266
1252674082,11
1252678407,12
1252683525,129
1252706328,11
1252708837,47
1252709482,95
1252714485,11
1252720351,14
1252742425,17
1252753056,107
1252762674,13
1252767968,63
1252769293,14
1252769537,54
1252770030,117
1252773170,152
1252781693,86
1252783246,22
1252786173,19
1252794477,18
1252795971,16
1252796495,32
1252800918,479
1252806653,44
1252807060,15
1252812411,13
1252814323,298
1252818966,24
1252834518,352
1252837596,43
1252849584,376
1252855223,14
1252855897,40
1252864153,11
1252865556,235
1252872258,16
1252873338,12
1252906447,250
1252912673,26
1252914174,1266
1252928482,20
1252928995,153
1252936604,24
1252944075,114
1252945188,16
1252947649,12
1252952191,13
1252952405,14
1252953230,20
1252954588,55
1252959382,13
1252977352,16
1252983492,102
1252984906,15
1253003051,18
1253009493,21
1253018855,19
1253018922,42
1253028636,91
1253029370,18
1253030135,37
1253030239,20
1253035764,14
1253043798,53
1253048130,303
1253051799,11
1253053983,32
1253058314,13
1253060190,11
1253073679,172
1253076510,23
1253087813,68
1253093667,19
1253094078,23
1253095831,13
1253096577,16
1253105062,17
1253106462,19
1253109536,15
1253136404,111
1253138201,9700
1253140411,13
1253142931,60
1253154385,15
1253159229,12
1253161184,24
1253161550,56
1253172163,100
1253173624,14
1253176060,12
1253177447,11
1253180911,31
1253183580,12
1253187784,470
1253188133,53
1253188625,25
1253189731,63
1253190467,443
1253192251,15
1253193912,39
1253196108,56
1253198907,43
1253202484,11
1253209585,20
1253215229,21
1253226365,15
1253229117,77
1253229410,54
1253236308,838
1253246843,105
1253255514,18
1253258627,17
1253263152,11
1253263363,16
1253264520,15
1253274530,72
1253276414,11
1253277329,48
1253282479,12
1253289046,23
1253291046,18
1253298475,39
1253298895,305
1253310633,23
1253315866,32
1253321907,13
1253325096,46
1253333823,19
1253338425,50
1253345584,14
1253355518,12
1253355909,22
1253360155,12
1253367871,36
1253380025,32
1253383646,30
1253395625,21
1253396714,64
1253399623,20
1253402092,47
1253404011,11
1253408150,16
1253408695,15
1253416463,144
1253425173,116
1253434460,28
1253437477,17
1253447693,13
1253468349,26
1253469197,277
1253472297,19
1253475617,84
1253485086,11
1253502725,15
1253504490,48
1253525979,522
1253530425,16
1253537209,11
1253541782,33
1253553116,19
1253557571,17
1253570680,20
1253581456,40
1253582840,19
1253588145,30
1253595420,20
1253613039,11
1253615096,19
1253623979,17
1253656413,110
1253671303,72
1253675841,28
1253679657,41
1253681844,15
1253689538,23
1253690069,12
1253701314,62
1253701802,42
1253702844,377
1253707218,30
1253720103,17
1253729367,33
1253736519,31
1253742875,33
1253751761,32
1253754548,14
1253767152,98
1253777615,20
1253792211,12
1253810861,135
1253811539,26
1253818087,440
1253828973,14
1253838600,48
1253848583,25
1253848998,43
1253854641,131
1253861590,36
1253884201,28
1253885183,12
1253890132,28
1253895982,20
1253897951,102
1253903395,32
1253909831,25
1253910734,108
1253910903,15
1253911241,22
1253931164,18
1253944538,13
1253949245,16
1253958043,78
1253958991,14
1253960983,55
1253965584,25
1253977740,273
1253986450,46
1253990739,13
1253998361,19
1253999202,33
1254012505,24
1254014703,24
1254015381,41
1254016797,35
1254019661,18
1254019975,33
1254024450,11
1254030784,12
1254034581,30
1254042671,187
1254048353,63
1254056681,32
1254057572,13
1254070081,16
1254079730,19
1254079995,12
1254082382,30
1254083542,12
1254084097,133
1254084271,201
1254094317,11
1254098980,58
1254102663,1393
1254109005,140
1254114247,27
1254116142,33
1254116963,15
1254121526,17
1254133915,208
1254138541,82
1254144254,21
1254144284,12
1254146279,12
1254147730,83
1254160123,35
1254169763,58
1254172144,291
1254179462,248
1254181310,25
1254184429,20
1254189492,47
1254212219,13
1254222212,11
1254225062,444
1254227775,13
1254236422,23
1254236704,11
1254241414,38
1254252644,385
1254255091,12
1254260949,34
1254262014,18
1254264635,71
1254275329,15
1254275749,21
1254290765,1
1254297242,89
1254301562,20
1254302588,94
1254314982,16
1254319847,15
1254330320,23
1254332563,46
1254334425,389
1254339935,35
1254363469,14
1254364909,12
1254373926,23
1254381594,27
1254384645,24
1254385987,38
1254390017,11
1254392393,12
1254398677,229
1254399477,12
1254401289,18
1254406160,86
1254411461,10
1254412545,12
1254416519,28
1254422214,52
1254431824,21
1254437167,39
1254441434,217
1254442158,38
1254446563,14
1254447437,18
1254452192,15
1254452787,34
1254464469,26
1254468871,124
1254470906,13
1254484582,11
1254485070,109
1254488786,297
1254493862,12
1254494310,20
1254494406,120
1254496741,129
1254511581,52
1254512342,13
1254513990,22
1254520394,26
1254524549,20
1254526494,67
1254527180,20
1254542861,63
1254550137,17
1254551153,12
1254554862,442
1254563196,12
1254564615,41
1254568308,17
1254581518,14
1254582918,420
1254583584,26
1254587174,14
1254611266,35
1254612542,61
1254621308,13
1254626919,11
1254628874,13
1254632152,16
1254639681,13
1254654777,14
1254670042,29
1254677146,51
1254677395,26
1254683579,11
1254686143,14
1254689754,40
1254690960,11
1254694129,42
1254695322,32
1254698689,13
1254705293,15
1254709505,26
1254709542,93
1254709546,96
1254723344,25
1254738596,126
1254747633,72
1254749434,731
1254762496,40
1254770962,106
1254781717,27
1254786830,16
1254791906,16
1254793224,13
1254796141,36
1254796279,27
1254797756,15
1254804097,97
1254806672,11
1254821193,107
1254821263,13
1254821702,34
1254822800,14
1254833122,38
1254835140,13
1254841524,16
1254842655,14
1254844644,48
1254852838,51
1254853575,64
1254855346,41
1254859692,38
1254862084,305
1254864393,38
1254883422,86
1254883580,19
1254883786,15
1254889363,423
1254897550,24
1254902423,41
1254907261,14
1254909527,318
1254916915,31
1254921178,68
1254922746,14
1254925678,17
1254927411,36
1254930923,106
1254933451,55
1254936535,70
1254942874,13
1254957788,26
1254958761,18
1254962360,21
1254968049,12
1254975170,20
1254976532,15
1254978612,1314
1254979680,53
1254980620,12
1254981976,31
1254982293,27
1254988625,18
1254989944,23
1254994604,11
1254999058,74
1255000879,20
1255012792,20
1255014875,328
1255018965,216
1255019438,137
1255030433,105
1255035312,104
1255036494,29
1255040895,39
1255047944,15
1255048873,16
1255052395,25
1255053392,90
1255058993,39
1255066757,133
1255069527,1305
1255069809,29
1255083276,13
1255084016,174
1255096810,25
1255103576,24
1255106581,16
1255110293,21
1255112026,43
1255112574,44
1255122629,681
1255122754,85
1255125268,35
1255126889,12
1255127941,38
1255129589,13
1255138122,111
1255139597,12
1255140163,23
1255141143,29
1255148136,55
1255156283,69
1255156294,13
1255160041,31
1255160069,45
1255163849,11
1255172001,74
1255180606,86151
1255182796,11
1255183845,73
1255184316,11
1255184385,39
1255204332,12
1255204944,147
1255207002,14
1255207455,16
1255214093,75
1255215630,58
1255216528,26
1255217938,5093
1255221654,177
1255225975,77
1255231979,88
1255237198,4165
1255240664,14
1255248708,18
1255251136,101
1255251478,302
1255252768,15
1255259812,15
1255262063,71
1255267904,488
1255281808,17
1255283013,13
1255291036,1035
1255291644,26
1255292571,14
1255294416,11
1255296887,53
1255298603,35
1255302592,13
1255305328,140
1255328803,138
1255337613,13
1255349692,31
1255351625,24
1255352255,19
1255359164,38
1255361346,49
1255370361,42
1255377268,11
1255388337,160
1255391825,175
1255396003,13
1255396262,18
1255399416,83
1255400304,23
1255412388,1337
1255435041,16
1255437855,26
1255452572,206
1255459277,109
1255466067,84
1255479245,88
1255480829,24
1255488822,16
1255497074,44
1255500482,27
1255508156,45
1255527317,205
1255529982,11
1255548271,91
1255548448,17
1255563159,790
1255566884,15
1255580602,33
1255592467,14
1255596359,315
1255606208,29
1255607374,130
1255607681,9
1255607931,26
1255608362,25
1255610167,48
1255610635,16
1255619122,59
1255623257,90
1255626665,34
1255632247,24
1255635173,18
1255635278,15
1255635956,40
1255636103,18
1255642930,11
1255644879,118
1255645214,251
1255645993,94
1255649592,14
1255655571,19
1255658534,18
1255665358,154
1255672659,14
1255689883,285
1255695357,12
1255699364,20
1255701432,768
1255706921,34
1255708192,93
1255715568,73
1255715915,32
1255722057,44
1255725941,23
1255726496,12
1255729003,26
1255734079,43
1255735488,80
1255737222,468
1255738228,49
1255741629,37
1255741729,177
1255742924,241
1255753477,25
1255754715,11
1255764474,33
1255768549,844
1255772026,27
1255775965,87
1255777137,21
1255779273,18
1255793570,15
1255794238,71
1255798421,18
1255800034,684
1255801447,68
1255809571,60
1255811098,28
1255814688,18
1255816229,11
1255817315,402
1255835429,59
1255839702,14
1255841045,239
1255841208,47
1255852666,1417
1255854163,137
1255866572,292
1255868108,20
1255871614,283
1255875588,25
1255878092,60
1255884999,36
1255887695,20
1255894310,32
1255906464,16
1255926795,13
1255930302,147
1255931715,17
1255932242,42
1255934214,65
1255939006,13
1255939927,1056
1255952586,11
1255957684,20
1255959569,16
1255962608,16
1255964317,11
1255969968,12
1255977012,14
1255978057,41
1255987686,21
1256004106,19
1256004258,36
1256004591,12
1256006352,80
1256008414,12
1256010188,25
1256010196,37
1256013446,102
1256017052,13
1256019022,19
1256035393,155
1256044657,13
1256044850,25
1256057070,27
1256057097,23
1256061018,58
1256068437,21
1256070689,70
1256075082,188
1256080504,1224
1256081410,28
1256082863,2720
1256087672,17
1256100909,13
1256101061,12
1256117847,36
1256129531,26
1256134563,19
1256135527,172
1256142741,17
1256150601,153
1256152082,22
1256152256,13
1256157003,25
1256158761,16
1256162488,11
1256168258,329
1256174716,18
1256203716,41
1256206719,14
1256210575,39
1256212160,24
1256225183,426
1256233184,93
1256245174,23
1256253725,11
1256254749,25
1256267364,51
1256270560,30
1256273336,18
1256283138,56
1256284456,34
1256294633,20
1256335459,151
1256339895,24
1256345172,29
1256353697,90
1256355630,27
1256362818,12
1256365721,11
1256369595,27
1256380956,12
1256381100,28
1256384533,26
1256386246,131
1256392208,25
1256393269,42
1256394332,20
1256394914,49
1256395974,22
1256397049,21
1256418773,14
1256421769,10
1256425092,12
1256429757,24
1256465772,24
1256469584,28
1256474162,23
1256477021,32
1256488150,13
1256488414,29
1256508800,15
1256525840,294
1256528164,27
1256532379,16
1256536129,21
1256556655,13
1256557633,38
1256569717,41
1256574820,24
1256594473,77
1256613417,813
1256613854,51
1256614080,63
1256616890,511
1256622298,40
1256635590,15
1256663368,11
1256668848,86
1256674994,24
1256680367,27
1256685222,14
1256692328,25
1256694816,34
1256695612,13
1256697754,24
1256700912,97
1256706414,19
1256706847,370
1256707537,50
1256708592,251
1256719211,70
1256728599,1882
1256730629,39
1256746773,38
1256753731,13
1256757375,109
1256762317,25
1256762495,56
1256766596,43
1256767131,27
1256791924,291
1256792998,29
1256796696,14
1256797384,35
1256810082,14
1256810886,27
1256811075,11
1256811827,16
1256814757,12
1256816449,48
1256826613,104
1256838837,18
1256853835,57
1256855764,155
1256859409,41
1256862575,13
1256866626,14
1256868358,986
1256877966,18
1256880556,23
1256880560,22
1256881326,169
1256887864,64
1256896059,25
1256900649,13
1256905546,190
1256921558,19
1256922648,20
1256922851,14
1256948073,21
1256948331,205
1256958861,11
1256960873,24
1256973124,46
1256980703,68
1256987455,29
1256989150,32
1256993124,24
1256996978,13
1256997541,163
1257001631,40
1257015437,16
1257021270,21
1257023848,25
1257026460,15
1257026582,29
1257026599,15
1257033404,17
1257035990,133
1257038971,14
1257049996,12
1257059092,13
1257064854,55
1257081095,48
1257081562,32
1257083638,46
1257084734,27
1257086995,23
1257097658,31
1257105253,330
1257115788,81
1257121594,120
1257135861,56
1257138628,15
1257142330,27
1257149881,57
1257150485,70
1257152532,23
1257154160,655
1257164704,27
1257167310,42
1257168102,838
1257168128,13
1257176278,14
1257179976,24
1257184348,90
1257184479,108
1257192156,18
1257196285,13
1257205393,26
1257237972,98
1257238395,126
1257239130,35
1257245859,26
1257246331,12
1257256310,28
1257259287,56
1257267571,10
1257287847,37
1257302750,62
1257306325,426
1257311255,14
1257312136,16
1257325436,15
1257326665,138
1257334011,29
1257334909,14
1257336733,44
1257338172,82
1257339205,16
1257340523,18
1257340615,39
1257340967,23
1257342857,31
1257344450,27
1257347274,19
1257350653,19
1257356927,58
1257366746,34
1257374565,52
1257378383,86
1257395037,74
1257410408,40
1257412756,21
1257414614,39
1257420150,122
1257444227,14
1257461065,49
1257473218,27
1257475195,12
1257479175,31
1257488099,18
1257493303,14
1257495129,50
1257524396,283
1257527947,23
1257533120,36
1257533286,1395
1257534627,21
1257539780,25
1257543605,59
1257547794,25
1257551522,13
1257556156,22
1257558028,25
1257581672,5
1257591931,78
1257597917,11
1257617514,21
1257643781,15
1257660639,65
1257661520,11
1257685893,11
1257687200,237
1257696179,11
1257698938,34
1257701836,22
1257711769,28
1257717114,13
1257724435,47
1257729787,13
1257734455,38
1257735930,36
1257744257,54
1257751567,25
1257753186,21
1257759481,54
1257765230,53
1257766325,17
1257774704,53
1257781328,95
1257796544,16
1257798483,140
1257804050,13
1257804391,50
1257815288,19
1257821422,12
1257821888,15
1257823859,13
1257823911,14
1257825473,13
1257827184,19
1257838048,34
1257849583,12
1257849871,15
1257850224,20
1257850501,20
1257855543,18
1257858164,442
1257863403,11
1257867023,269
1257868723,51
1257869916,11
1257870136,14
1257870356,13
1257883885,44
1257889861,15
1257890423,12
1257891396,12
1257900040,32
1257908328,42
1257915692,276
1257917139,17
1257939823,106
1257940229,11
1257947813,80
1257953142,513
1257953914,485
1257960486,13
1257970587,20
1257971581,461
1257979261,12
1257982213,73
1257983666,63
1257995739,12
1257997012,19
1258006305,106
1258007831,43
1258009125,14
1258023796,14
1258030732,82
1258031582,89
1258033438,27
1258038455,11
1258039718,15
1258047506,13
1258061785,20
1258061935,28
1258066808,81
1258071797,13
1258079443,11
1258095431,14
1258106719,15
1258115712,15
1258121809,73
1258122081,55
1258124114,1
1258125843,59
1258127863,68
1258135570,31
1258139388,13
1258140778,36
1258140989,11
1258165990,15
1258166617,43
1258168862,137
1258176958,41
1258182956,24
1258189993,58
1258193405,11
1258200041,36
1258203386,14
1258221473,424
1258225193,34
1258226171,10
1258227143,15
1258228307,28
1258238626,25
1258242408,127
1258244355,15
1258244763,11
1258251268,209
1258259975,14
1258260539,14
1258262448,34
1258288849,11
1258299774,41
1258301311,1117
1258303369,15
1258305951,143
1258321488,41
1258332155,38
1258335228,108
1258340670,105
1258346478,20
1258365577,18
1258367539,24
1258373802,133
1258377532,33
1258378203,25
1258386431,176
1258390378,67
1258395429,77
1258401277,63
1258413847,517
1258428688,12
1258434033,12
1258435504,20
1258435606,17
1258439249,11
1258441232,21
1258456256,18
1258457725,152
1258459022,22
1258460717,24
1258464919,57
1258471673,20
1258473132,40
1258483266,24
1258496446,1084
1258499650,13
1258504422,60
1258504679,46
1258521451,14
1258556728,45
1258557801,27
1258560454,17
1258588229,26
1258588698,29
1258597378,66
1258602218,15
1258613313,25
1258619550,15
1258621567,912
1258626648,15
1258644344,21
1258646291,894
1258647960,16
1258649388,21
1258649467,14
1258654823,24
1258661939,14
1258680088,12
1258702484,59
1258710790,62
1258728537,14
1258729729,13
1258742941,173
1258744471,11
1258748958,62
1258757115,69
1258758594,11
1258763088,78
1258786108,21
1258788077,681
1258788360,112
1258792464,86
1258812574,37
1258823740,51
1258829991,49
1258837516,12
1258857842,17
1258861605,31
1258862322,1046
1258868919,15
1258871740,11
1258875542,11
1258876319,26
1258891039,11
1258896369,15
1258907670,126
1258907996,13
1258915869,48
1258919692,1853
1258921750,147
1258926070,62
1258927530,25
1258929370,13
1258931275,17
1258932513,992
1258942809,11
1258944375,187
1258968157,22
1258973778,16
1258978313,183
1258992238,37
1258994637,480
1258994885,69
1258995114,18
1258998722,21
1259014725,12
1259018168,15
1259026412,731
1259028314,112
1259034115,11
1259034625,29
1259052145,79
1259056815,25
1259059236,17
1259061131,24
1259065572,18
1259075745,11
1259077622,14
1259083708,31
1259085213,52
1259085778,14
1259090179,48
1259107621,45
1259108546,34
1259108597,237
1259117115,16
1259120931,19
1259131593,38
1259145252,18
1259147822,17
1259149438,17
1259159255,14
1259165014,20
1259171983,11
1259178633,11
1259181812,17
1259191407,16
1259194804,1270
1259201063,106
1259217090,33
1259217247,20
1259222060,11
1259223676,130
1259225551,12
1259231858,31
1259245856,28
1259249706,17
1259251906,24
1259254831,57
1259260853,42
1259275090,24
1259280063,29
1259283484,11
1259286533,33
1259295666,20
1259300797,19
1259304417,33
1259308521,84
1259311205,87
1259327087,34
1259331899,57
1259335163,20
1259336125,38
1259343264,41
1259358860,12
1259362413,29
1259362713,20
1259369663,15
1259369963,26
1259384869,12
1259395084,121
1259398032,64
1259405859,119
1259415915,31
1259423904,30
1259425261,60
1259431541,78
1259457554,36
1259462203,28
1259474972,14
1259483683,234
1259485799,56
1259491562,11
1259494501,18
1259497581,12
1259507820,15
1259512035,18
1259522769,86
1259523153,19
1259526897,33
1259531690,15
1259533679,13
1259534208,25
1259537705,13
1259544911,17
1259550938,119
1259551693,12
1259564149,14
1259565283,167
1259588531,73
1259603732,50
1259603781,15
1259606129,68
1259608817,12
1259609252,12
1259624583,201
1259626350,52
1259628464,44
1259630883,72
1259638534,46
1259640335,14
1259655229,11
1259658765,19
1259659403,14
1259669851,12
1259670522,19
1259675906,313
1259703320,114
1259713623,75
1259719572,19
1259721870,18
1259728164,28
1259735963,14
1259737072,18
1259742577,404
1259782962,49
1259786302,19
1259790088,27
1259790639,32
1259803392,24
1259809062,11
1259836955,12
1259840866,14
1259850204,44
1259853056,15
1259872947,112
1259875534,2595
1259885475,454
1259888079,1230
1259891275,15
1259891941,17
1259893746,37
1259894246,12
1259894852,26
1259899975,19
1259900796,118
1259901407,15
1259915957,28
1259920741,74
1259923337,23
1259934942,20
1259939911,880
1259940171,23
1259951839,103
1259952460,59
1259964745,16
1259970025,33
1259981261,23
1259988665,82
1259989062,30
1260000827,60
1260005897,27
1260025410,94
1260026035,205
1260029173,26
1260032978,15
1260035249,196
1260043445,126
1260049044,18
1260061766,20
1260073387,13
1260076099,13
1260076680,15
1260091716,20
1260098040,16
1260106056,56
1260110388,123
1260112833,174
1260113241,303
1260114957,16
1260115758,16
1260125959,491
1260131768,11
1260133945,31
1260136347,56
1260141196,79
1260143008,138
1260143846,89
1260146854,11
1260151185,13
1260155434,523
1260167177,24
1260169618,16
1260170265,100
1260175020,15
1260175350,51
1260177823,144
1260183528,48
1260186676,98
1260187048,12
1260192602,26
1260198724,200
1260209364,35
1260225576,20
1260229560,101
1260233912,18
1260234472,19
1260239529,77
1260240113,133
1260242528,32
1260281911,63
1260281947,34
1260284940,38
1260286969,27
1260287864,26
1260288940,8675
1260298891,19
1260300565,15
1260302733,32
1260304654,14
1260306926,32
1260307676,70
1260309411,67
1260314510,27
1260325992,44
1260337660,14
1260339805,14
1260339974,247
1260349072,16
1260349075,20
1260352704,32
1260356003,20
1260364763,11
1260372600,12
1260382821,16
1260384009,11
1260388212,22
1260391373,19
1260394860,12
1260404909,16
1260411304,164
1260413335,11
1260429066,18
1260433115,11
1260436039,140
1260441486,52
1260450908,22
1260453112,34
1260465380,17
1260467366,285
1260467916,12
1260468060,186
1260470095,11
1260473040,42
1260475954,172
1260487799,47
1260489286,117
1260489444,330
1260493005,14
1260508753,20
1260548655,33
1260550899,87
1260565605,21
1260566313,29
1260566992,159
1260570042,14
1260570912,43
1260580223,568
1260580731,204
1260581968,38
1260583277,27
1260584015,86
1260592293,22
1260619539,16
1260625224,587
1260633111,15
1260635669,129
1260650150,50
1260651471,28
1260654077,11
1260672618,36
1260673375,11
1260680138,42
1260684528,75
1260690154,14
1260694049,18
1260694570,15
1260698041,58
1260705693,12
1260719601,16
1260738363,15
1260747208,27
1260767408,15
1260777109,460
1260782172,136
1260783987,95
1260784883,27
1260785845,11
1260790246,21
1260802641,28
1260808534,13
1260820152,18
1260826634,18
1260829862,14
1260833141,17
1260842109,24
1260858945,17
1260865601,15
1260868321,45
1260881431,23
1260888121,22
1260889371,53
1260898583,28
1260900484,513
1260900514,140
1260902344,11
1260912258,12
1260912552,61
1260914994,72
1260915817,12
1260923039,15
1260930181,122
1260932128,11
1260932922,20
1260940877,249
1260946467,15
1260962896,571
1260970028,13
1260971370,17
1260981282,11
1260988400,24
1260989566,35
1260990730,48
1260991622,17
1260993476,22
1260994505,16
1260997792,68
1261004744,67
1261005717,53
1261048001,11
1261050605,12
1261050660,16
1261053236,24
1261053712,94
1261057454,30
1261060989,266
1261065819,11
1261075496,12
1261077889,30
1261080024,320
1261091524,17
1261092598,70
1261094281,23
1261102385,33
1261108675,27
1261109384,16
1261114908,231
1261127156,107
1261130089,142
1261131444,18
1261131489,13
1261137992,16
1261139783,25
1261140727,12
1261142701,206
1261142966,12
1261149834,31
1261151781,13
1261151796,11
1261155086,37
1261156607,129
1261156675,45
1261170027,1906
1261174510,38
1261181445,148
1261184716,28
1261189730,24
1261192484,19
1261197598,35
1261200106,12
1261202186,20
1261204838,93
1261206045,93
1261208315,47
1261209334,23
1261212474,13
1261212938,35
1261214597,15
1261215810,16
1261220798,29
1261223819,35
1261239100,15
1261240895,15
1261244719,31
1261250729,17
1261261480,55
1261263626,11
1261264826,20
1261277035,31
1261279210,106
1261283764,11
1261291781,45
1261299715,28
1261303294,34
1261308038,12
1261314451,14
1261322128,16
1261322254,23
1261325025,120
1261328849,43
1261335744,178
1261340483,269
1261350061,11
1261352043,23
1261359560,16
1261361358,15
1261365430,56
1261418565,26
1261422007,1193
1261435181,21
1261444857,61
1261460894,19
1261465639,15
1261465806,24
1261473759,28
1261473844,13
1261477736,14
1261482517,48
1261484186,34
1261489081,14
1261494515,32
1261496045,19
1261510276,16
1261519189,55
1261529607,77
1261555327,378
1261560612,21
1261571908,1713
1261575325,94
1261602522,69
1261605201,132
1261606904,25
1261607128,13
1261613239,137
1261618066,13
1261618291,48
1261620020,14
1261637596,44
1261650101,3571
1261653673,14
1261655419,33
1261655913,14
1261663145,354
1261666359,13
1261668478,18
1261676533,20
1261677886,102
1261690469,129
1261692450,13
1261696687,27
1261696801,13
1261698932,53
1261699679,12
1261700124,30
1261705376,26
1261706872,14
1261709082,24
1261711686,41
1261717201,249
1261718567,11
1261720977,211
1261721161,20
1261725242,543
1261729018,49
1261729176,30
1261729403,15
1261742826,22
1261746086,16
1261760482,41
1261761574,29
1261773273,74
1261784190,35
1261784901,14
1261794704,363
1261795590,12
1261798970,52
1261810128,38
1261811848,26
1261814068,112
1261819007,17
1261822543,18
1261825338,16
1261836074,57
1261842465,21
1261846836,16
1261851971,20
1261859183,235
1261861097,310
1261864097,47
1261865368,14
1261867321,25
1261880172,216
1261880471,115
1261882969,11
1261887193,26
1261891241,18
1261893837,29
1261899136,56
1261904654,29
1261912889,20
1261923892,24
1261925930,19
1261930573,15
1261934811,21
1261952114,20
1261953460,15
1261958143,151
1261964579,13
1261966474,239
1261968483,29
1261974266,15
1261976132,59
1261979582,26
1262010385,13
1262011244,22
1262011420,61
1262011534,29
1262018067,43
1262031046,51
1262031874,22
1262033876,13
1262034051,391
1262038960,27
1262042046,284
1262061170,14
1262078510,42
1262089852,19
1262093995,63
1262094216,21
1262097785,130
1262099015,20
1262104463,63
1262106658,16
1262108086,3
1262110699,910
1262113622,16
1262139429,15
1262142501,1800
1262161485,11
1262183719,345
1262195134,14
1262210750,51
1262210755,47
1262212892,382
1262217859,33
1262231970,26
1262250380,77
1262251616,11
1262252186,11
1262253113,13
1262255990,51
1262256174,78
1262258494,14
1262260844,12
1262261093,1153
1262266624,20
1262267135,48
1262270573,12
1262274066,12
1262281052,24
1262299207,13
1262299325,91
1262300001,14
1262310226,34
1262318402,25
1262328297,59
1262331855,15
1262337797,38
1262338410,71
1262354720,12
1262377838,90
1262391566,14
1262392277,14
1262396222,83
1262403617,41
1262413069,11
1262423362,394
1262434101,454
1262438199,119
1262438610,17
1262454502,30
1262477291,34
1262478282,21
1262482595,72
1262483844,11
1262485265,49
1262486604,13
1262490703,85
1262495435,528
1262500406,40
1262511183,11
1262517316,197
1262527142,18
1262530176,22
1262530182,1976
1262536690,165
1262548615,15
1262553817,37
1262554977,19
1262557450,23
1262558565,15
1262560274,14
1262583106,14
1262587110,22
1262587286,21
1262594832,15
1262595831,178
1262600318,11
1262600346,32
1262600576,88
1262603912,490
1262605827,29
1262614973,17
1262617470,16
1262628565,20
1262635330,154
1262635440,12
1262641073,42
1262642235,34
1262652828,13
1262654935,11
1262656442,80
1262657910,21
1262668020,36
1262679022,29
1262682069,1254
1262710034,67
1262714152,209
1262717434,12
1262738818,23
1262739704,30
1262740944,639
1262741170,32
1262748595,17
1262754474,21
1262756007,86
1262758480,30
1262762432,89
1262769725,641
1262775896,20
1262784746,12
1262806794,15
1262809285,17
1262812820,14
1262816915,41
1262819626,78
1262824066,12
1262824399,80
1262834835,15
1262839931,22
1262842296,127
1262860046,28
1262870924,34
1262879903,45
1262882328,425
1262885509,13
1262885515,11
1262887634,11
1262889313,11
1262898434,15
1262913668,59
1262915424,13
1262934014,34
1262940334,110
1262948105,362
1262952180,746
1262957623,12
1262968414,11
1262971603,13
1262979985,22
1262984601,13
1262989602,20
1262995777,11
1262995939,11
1262996076,13
1262996245,14
1263001383,11
1263011041,20
1263022587,46
1263026652,14
1263027923,11
1263041093,99
1263045874,26
1263051452,45
1263054292,76
1263055981,16
1263062246,13
1263066411,32
1263067524,12
1263074604,170
1263076167,205
1263079727,509
1263083568,35
1263086677,39
1263098427,134
1263108759,117
1263114987,13
1263120928,49
1263123553,29
1263145127,32
1263145338,42
1263158313,893
1263161226,36
1263168455,58
1263169627,14
1263174131,32
1263190780,123
1263192350,11
1263192944,27
1263193615,15
1263201769,19
1263206805,16
1263210473,24
1263215731,32
1263217954,86
1263220935,45
1263288598,16
1263306054,15
1263317286,293
1263337356,26
1263337741,301
1263341555,11
1263344910,72
1263346715,11
1263354297,11
1263376372,38
1263378972,55
1263389919,13
1263394947,17
1263436794,93
1263460757,18
1263461743,205
1263468392,12
1263469068,14
1263471882,1
1263472198,20
1263477177,16
1263494511,17
1263494700,1437
1263497845,1658
1263498017,304
1263500923,41
1263503017,13
1263513016,74
1263518262,14
1263519874,32
1263529459,16
1263529852,37
1263530988,33
1263539330,34
1263543625,739
1263543726,865
1263544262,24
1263548429,21
1263549136,578
1263549539,33
1263578760,17
1263579149,12
1263586501,50
1263614411,13
1263642416,481
1263646405,14
1263652392,138
1263662092,119
1263669308,30
1263676410,18
1263679455,18
1263681437,673
1263681504,698
1263682572,15
1263686288,23
1263686305,37
1263688817,20
1263689280,13
1263694034,115
1263696450,19
1263697745,27
1263706509,12
1263727392,25
1263731684,136
1263731718,38
1263732150,27
1263734978,50
1263739043,293
1263740445,11
1263745780,23
1263748076,44
1263748925,463
1263753253,13
1263772632,110
1263773312,86
1263778230,57
1263778677,16
1263784022,11
1263790057,15
1263797030,21
1263797851,122
1263800852,103
1263813947,129
1263814983,12
1263815266,21
1263817105,27
1263820590,205
1263826844,27
1263836633,14
1263837722,39
1263839399,42
1263841182,29
1263845975,151
1263853624,27
1263858338,20
1263864208,61
1263877714,11
1263881930,21
1263883524,14
1263886339,50
1263886755,409
1263898766,54
1263900228,13
1263936864,83
1263951106,146
1263954351,13
1263958197,83
1263958714,30
1263959494,12
1263961048,40
1263966659,20
1263993269,114
1264002437,23
1264006420,12
1264015326,68
1264021866,19
1264023481,251
1264023857,23
1264026813,11
1264037739,14
1264038598,379
1264044496,71
1264045527,24
1264046956,24
1264058297,142
1264059987,13
1264065724,77
1264067820,22
1264068873,87
1264069918,27
1264088844,400
1264094531,27
1264095869,13
1264097318,26
1264101293,34
1264105561,20
1264117145,16
1264118847,22
1264121778,21
1264122570,41
1264123054,181
1264142220,28
1264147349,22
1264148819,11
1264150994,88
1264155972,122
1264161723,109
1264162018,51
1264170342,55
1264175252,300
1264177851,12
1264187422,23
1264193645,14
1264203334,20
1264208997,20
1264221238,16
1264223799,200
1264227384,46
1264238884,17
1264239018,55
1264245933,42
1264252157,16
1264252189,16
1264253788,17
1264263123,18
1264268237,83
1264268579,54
1264269844,207
1264280082,21
1264283513,24
1264286435,120
1264288688,11
1264297712,146
1264301794,13
1264302819,57
1264305693,52
1264338985,18
1264341415,12
1264362107,39
1264364812,12
1264366272,15
1264370356,12
1264379603,48
1264383051,11
1264396304,1231
1264401689,165
1264403672,11
1264405172,60
1264405655,58
1264411005,82
1264412951,75
1264422246,16
1264424593,12
1264424867,11
1264430711,53
1264434310,99
1264436461,15
1264438111,19
1264438885,16
1264452592,15
1264458399,30
1264465126,39
1264471869,13
1264478656,2214
1264490258,11
1264515363,17
1264518139,19
1264520874,13
1264529761,29
1264531337,992
1264540632,12
1264550876,23
1264552450,11
1264556564,29
1264560911,769
1264560983,44
1264569353,13
1264576033,17
1264586206,21
1264596339,21
1264604347,92
1264606715,14
1264607329,14
1264611792,11
1264612845,25
1264613111,18
1264614857,17
1264615549,25
1264618288,43
1264620024,59
1264624316,25
1264640680,13
1264644535,11
1264645343,53
1264647440,23
1264648433,99
1264648449,71
1264660523,29
1264663828,131
1264663877,13
1264666096,11
1264669104,14
1264680063,50
1264683354,294
1264690543,44
1264692184,395
1264718849,23
1264733604,18
1264735145,15
1264745201,61
1264753245,22
1264759254,17
1264771182,14
1264779904,18
1264782053,12
1264784142,20
1264785723,25
1264805127,17
1264807434,15
1264807581,13
1264811161,6198
1264811391,82
1264825687,24
1264829799,14
1264831383,33
1264849705,30
1264854400,15
1264856509,23
1264860429,52
1264860668,11
1264866499,15
1264875310,56
1264888983,16
1264890026,11
1264894695,15
1264895666,14
1264902224,36
1264913325,10
1264916063,172
1264920090,188
1264920217,58
1264921191,11
1264921302,38
1264921402,30
1264922986,52
1264929973,67
1264936952,404
1264938021,45
1264938089,39
1264943577,11
1264957878,11
1264959229,44
1264963292,14
1264981155,21
1264985151,11
1264985458,30
1264996101,13
1264996910,12
1264999260,11
1265011796,18
1265013383,167
1265017606,71
1265020374,19
1265021119,442
1265024742,30
1265025028,12866
1265025158,77
1265026514,21
1265036022,12
1265043857,11
1265046112,45
1265056200,37
1265061961,18
1265072174,38
1265085160,12
1265089119,15
1265091045,13
1265095054,26
1265095394,36
1265107923,1790
1265111888,44
1265113238,16
1265119157,64
1265120239,64
1265124479,95
1265127985,11
1265140422,11
1265149208,12
1265149787,12
1265154925,11
1265157889,14
1265160955,30
1265161025,13
1265161922,139
1265165485,15
1265166906,11
1265168957,14
1265169717,145
1265170158,24
1265177654,12
1265183354,11
1265189318,17
1265191090,18
1265199841,16
1265200861,95
1265202284,25
1265216452,16
1265222064,20
1265228611,23
1265228655,44
1265234733,1172
1265234847,11
1265247790,11
1265248423,13
1265255507,24
1265258509,368
1265259508,17
1265260024,78
1265260318,33
1265264803,15
1265265111,4084
1265269341,14
1265274127,174
1265280126,14
1265280546,13
1265299631,16
1265300288,22
1265306963,17
1265336929,11
1265340208,24
1265345247,42
1265347911,120
1265351140,12
1265355600,23
1265358918,17
1265366583,35
1265366905,33
1265372116,17
1265380989,182
1265390757,29
1265394997,14
1265406948,34
1265408665,74
1265410918,18
1265413617,150
1265441951,17
1265442909,12
1265454162,27
1265458126,112
1265476791,79
1265478249,43
1265494008,29
1265513304,174
1265549794,34
1265552536,13
1265555134,48
1265567769,17
1265583422,19
1265594654,28
1265600028,22
1265603499,41
1265610112,19
1265617033,466
1265617292,395
1265620021,243
1265623659,14
1265629109,69
1265629271,16
1265640275,35
1265640685,23
1265641153,97
1265646959,12
1265649420,34
1265650482,52
1265654867,685
1265655524,12
1265659832,53
1265662960,52
1265683445,49
1265695368,20
1265695680,18
1265703051,29
1265726242,17
1265726822,13
1265733673,14
1265735397,11
1265742513,228
1265744392,44
1265752395,42
1265752712,31
1265768013,46
1265768300,30
1265768701,24
1265772310,11
1265774025,560
1265789540,12
1265794277,33
1265794381,20
1265796764,20
1265803168,26
1265804183,34
1265821429,38
1265826291,15
1265832843,122
1265832968,33
1265834793,10
1265843504,15
1265846354,15
1265847669,16
1265853198,561
1265862055,11
1265864287,12
1265865407,61
1265879849,45
1265890989,56
1265896849,15
1265902239,18
1265908792,15
1265908861,240
1265911625,39
1265912071,13
1265932691,37
1265939134,84
1265941363,64
1265942254,20
1265946810,13
1265947881,343
1265948491,221
1265949807,12
1265954180,11
1265958257,29
1265958906,30
1265971949,37
1265972336,14
1265976488,106
1265987986,113
1265994178,24
1266004872,185
1266008323,24
1266009367,931
1266014461,58
1266014997,14
1266020574,68
1266030785,108
1266036898,15
1266037990,417
1266067414,110
1266068908,5
1266075015,35
1266076577,18
1266079353,23
1266080079,26
1266094931,30
1266097798,53
1266105075,15
1266107778,28
1266108902,14
1266113070,1797
1266123542,36
1266125334,2951
1266138495,211
1266146028,187
1266151452,87
1266152452,163
1266155997,240
1266166969,25
1266168156,20
1266173329,20
1266177587,108
1266182461,45
1266183832,23
1266193115,56
1266197764,74
1266201499,19
1266217708,19
1266218243,104
1266219046,44
1266246431,16
1266247085,209
1266255540,22
1266261363,12
1266263075,84
1266264841,14
1266267072,154
1266270458,19
1266275329,16
1266283205,64
1266290680,89
1266293233,72
1266296455,51
1266304094,52
1266305677,50
1266307899,12
1266313328,449
1266318994,15
1266321081,55
1266333761,30
1266345305,42
1266352518,13
1266362977,15
1266368115,13
1266381087,11
1266395583,11
1266419325,17
1266423377,16
1266424270,25
1266430207,20
1266436116,11
1266437081,18
1266438067,35
1266450666,81
1266454367,138
1266456576,11
1266457355,13
1266457957,21
1266458733,80
1266461783,52
1266463689,2468
1266468011,14
1266480247,32
1266483577,11
1266497775,96
1266506220,11
1266523269,32
1266530655,14
1266531956,14
1266539703,43
1266545941,14
1266546849,24
1266560001,463
1266585104,34
1266590423,35
1266592247,121
1266593507,27
1266608079,39
1266611505,257
1266625409,239
1266634415,37
1266640182,65
1266642244,51
1266654184,12
1266665369,58
1266668632,34
1266670693,16
1266681147,102
1266683229,26
1266693943,13
1266705384,48
1266714706,12
1266719940,30
1266729582,26
1266739973,12
1266743317,35
1266746400,17
1266753238,30
1266760430,128
1266761189,23
1266762935,20
1266770885,11
1266772424,11
1266775877,62
1266776491,30
1266778001,76
1266782242,16
1266785962,101
1266790372,218
1266795001,14
1266796019,39
1266797999,110024
1266799249,27
1266802954,183
1266805842,64
1266808913,535
1266820242,17
1266824049,11
1266831814,26
1266832724,14
1266839845,14
1266843215,155
1266844941,13
1266849821,28
1266850827,98
1266851101,11
1266853656,17
1266858242,204
1266858928,19
1266864281,16
1266878159,18
1266880481,21
1266882364,13
1266884317,4082
1266886046,22
1266892708,13
1266896323,18
1266898778,30
1266904606,15
1266907450,32
1266909505,397
1266923310,2036
1266929218,14
1266933346,20
1266936628,12
1266936773,32
1266944077,45
1266944346,11
1266947843,148
1266951007,43
1266955308,13
1266966338,19
1266973328,45
1266974941,25
1266977227,368
1266992634,22
1266996737,34
1267009695,16
1267009899,15
1267012844,15
1267014036,12
1267017585,44
1267017690,29
1267028123,284
1267029128,21
1267030790,24
1267040436,16
1267046936,260
1267052097,33
1267058532,40
1267072080,47
1267072834,22
1267077321,76
1267078448,537
1267078922,35
1267080179,19
1267083417,107
1267084166,95
1267090854,39
1267099925,51
1267101716,12
1267106080,220
1267118279,13
1267128082,26
1267132878,16
1267144335,16
1267145484,1505
1267148249,94
1267148586,75
1267150356,15
1267150781,18
1267154008,14
1267166322,15
1267167585,15
1267173419,25
1267178198,42
1267180193,14
1267182294,77
1267187136,61
1267188301,15
1267202750,254
1267206817,17
1267213347,23
1267216518,81
1267220319,12
1267223777,38
1267239286,501
1267244789,14
1267248648,268
1267248700,38
1267252704,12
1267254468,67
1267270491,12
1267276935,13
1267282504,14
1267298105,38
1267298120,11
1267304221,47
1267309954,83
1267314128,3353
1267319628,18
1267338478,22
1267344807,38
1267357812,11
1267360768,30
1267361485,51
1267365780,31
1267373650,27
1267377090,17
1267377766,30
1267389846,11
1267403310,11
1267418242,31
1267423357,403
1267428350,14
1267429913,14
1267435922,14
1267439901,249
1267440487,33
1267442156,11
1267442907,3055
1267449244,11
1267455254,638
1267462292,69
1267462567,13
1267463135,15
1267478123,20
1267478667,27
1267489981,28
1267507562,21
1267509865,14
1267512077,14
1267515210,32
1267521793,353
1267532788,13
1267533614,23
1267545742,27
1267555704,145
1267562469,15
1267562753,79
1267567867,19
1267578193,15
1267588585,96
1267600247,45
1267606837,115
1267616623,33
1267625134,194
1267637633,11
1267640232,11
1267646326,42
1267646599,12
1267661626,52
1267662028,28
1267668301,11
1267683663,11
1267704664,61
1267714460,23
1267719513,16
1267720524,21
1267720559,30
1267720676,21
1267727027,45
1267734925,68
1267746149,34
1267750281,46
1267781357,13
1267787384,17
1267787802,14
1267790126,17
1267797347,1016
1267812693,62
1267827423,13
1267834136,45
1267848511,11
1267857912,21
1267889604,25
1267895449,37
1267899050,534
1267903052,21
1267906132,66
1267909940,28
1267926509,17
1267927082,26
1267930758,26
1267931387,549
1267931785,14
1267944654,29
1267945395,13
1267950292,20
1267950499,121
1267950642,11
1267961072,171
1267962106,34
1267972630,134
1267976178,30
1267976639,38
1267982346,764
1268020132,13
1268021255,143
1268021824,18
1268025800,154
1268031240,18
1268045022,16
1268051861,83
1268057341,11
1268065859,17
1268068714,835
1268072868,102
1268075935,27
1268090860,180
1268095849,14
1268096201,360
1268097411,21
1268100973,21
1268111504,15
1268119910,28
1268128556,17
1268145375,14
1268146725,19
1268147774,11
1268155691,18
1268160811,26
1268173217,19
1268173783,11
1268176994,35
1268180661,15
1268215445,12
1268217254,426
1268218773,21
1268223330,21
1268228289,99
1268229382,22
1268235796,122
1268241706,33
1268244339,34
1268252819,37
1268254997,25
1268256719,22
1268259442,33
1268260801,16
1268261820,27
1268267248,54
1268273877,344
1268284228,68
1268285891,33
1268297030,12
1268298108,14
1268302580,46
1268304499,23
1268305959,45
1268306885,15
1268307016,46
1268316117,68
1268326291,14
1268327597,28
1268338780,180
1268346928,31
1268364062,35
1268366562,14
1268369209,36
1268376366,43
1268378017,71
1268380621,9
1268384113,29
1268387367,1
1268391007,10
1268404512,49
1268405286,17
1268406038,12
1268408332,78
1268421611,37
1268424426,172
1268425637,24
1268428452,16
1268429667,899
1268432027,19
1268444761,171
1268457437,22
1268457645,12
1268462466,11
1268462870,16
1268473439,102
1268474534,33
1268484853,135
1268486256,18
1268494008,81
1268505810,38
1268515356,13
1268517555,13
1268523178,59
1268529281,23
1268530428,15
1268537589,64
1268539305,599
1268540986,20
1268544206,58
1268549091,42
1268581486,22
1268587146,70
1268591043,54
1268596025,28
1268617925,74
1268620423,29
1268630414,3
1268630774,18
1268656356,83
1268661539,14
1268664934,29
1268667810,61
1268672542,16
1268677373,41
1268678092,21
1268708084,324
1268720033,10
1268727777,15
1268729667,18
1268740212,8
1268741294,53
1268765496,34
1268770925,15
1268774372,468
1268794733,323
1268804183,76
1268807064,32
1268807806,170
1268808203,131
1268810268,56
1268824522,14
1268827480,26
1268830527,162
1268836911,11
1268845710,21
1268846699,19
1268846873,12
1268858784,19
1268862613,29
1268869032,31
1268878256,44
1268892689,31
1268895491,1342
1268896186,14
1268903356,545
1268906765,71
1268907748,11
1268928622,34
1268930297,87
1268932733,15
1268939819,33
1268941272,22
1268946099,13
1268946118,895
1268958229,64
1268963701,24
1268966319,17
1268972487,21
1268972829,13
1268973671,12
1268977356,17
1268979227,14
1268985285,17
1268988104,17
1268989271,11
1268993278,21
1269005241,172
1269006706,18
1269010756,68
1269020094,46
1269022523,18
1269023104,14
1269029221,50
1269032936,19
1269049395,18
1269050856,478
1269057665,12
1269059109,26
1269099967,145
1269100267,72
1269104023,13
1269107814,49
1269122407,192
1269122597,13
1269124956,1303
1269129148,14
1269132133,68
1269137789,26
1269151536,14
1269151566,337
1269153676,14
1269165011,85
1269179412,11
1269183188,11
1269200759,11
1269208043,175
1269209167,14
1269210627,13
1269223576,12
1269228279,25
1269229845,435
1269238642,35
1269257700,1199
1269258933,21
1269261013,95
1269263114,17
1269266325,144
1269273642,47
1269277076,30
1269296186,11
1269300580,41
1269301416,53
1269305481,32
1269308901,24
1269308923,104
1269316020,34
1269317272,15
1269320827,82
1269322853,12
1269323448,11
1269335663,31
1269337275,58
1269359249,32
1269391765,19
1269395331,3994
1269402869,252
1269413789,11
1269427595,13
1269430114,12
1269436738,27
1269448154,12
1269454372,75
1269464080,21
1269478615,100
1269481044,11
1269491088,73
1269494425,26
1269497012,16
1269498525,21
1269509505,11
1269513219,16
1269513884,24
1269518652,29
1269521952,99
1269534849,42
1269535242,17
1269535454,19
1269538790,12
1269544321,14
1269563679,517
1269576216,11
1269579327,19
1269585871,12
1269596073,22
1269603321,30
1269605251,21
1269607964,14
1269608035,14
1269622457,108
1269636659,12
1269641096,13
1269651669,18
1269654289,13
1269661723,291
1269665456,13
1269672979,7
1269676154,12
1269682523,16
1269685084,50
1269685946,30
1269692569,15
1269699648,29
1269704533,39
1269704985,19
1269705487,92
1269705763,11
1269711675,17
1269712221,65
1269717058,38
1269726690,19
1269731710,195
1269742116,12
1269742942,21
1269761117,5
1269761412,36
1269764931,13
1269764950,16
1269772976,84
1269773027,17
1269773493,468
1269794052,48
1269795544,33
1269796292,13
1269796643,106
1269797017,25
1269798156,14
1269807645,193
1269812178,76
1269830694,86
1269840257,123
1269850088,82
1269851180,120
1269858379,54
1269860633,23
1269879098,13
1269891133,50
1269893474,53
1269893717,98
1269895056,28
1269898828,46
1269899136,88
1269900226,49
1269903646,51
1269904726,55
1269904936,51
1269907862,88
1269908181,70
1269908217,89
1269909458,23
1269909482,15
1269910083,15
1269921100,88
1269930651,375
1269931032,12
1269942268,28
1269954733,33
1269957268,20
1269957437,13
1269963508,27
1269969239,15
1269972053,13
1269974484,52
1269979871,106
1269985986,70
1269998378,80
1270000366,59
1270004247,22
1270012613,39
1270026896,15
1270027424,36
1270028045,32
1270030551,38
1270031391,205
1270040330,19
1270048721,42
1270059391,12
1270062694,50
1270066109,43
1270083345,14
1270088902,156
1270094853,108
1270096568,18
1270102475,24
1270102733,11
1270103958,17
1270108133,124
1270111515,24
1270112941,37
1270113847,110
1270117218,20
1270118026,84
1270118408,16
1270123573,13
1270124813,57
1270128259,183
1270140510,32
1270142210,91
1270146800,47
1270152181,69
1270153043,60
1270154954,26
1270166508,11
1270167990,19
1270169087,80
1270172711,45
1270173407,22
1270180210,26
1270184812,18
1270186926,38
1270187094,296
1270197597,20
1270198684,279
1270203332,22
1270211498,35
1270212749,64
1270220481,13
1270236264,26
1270236733,156
1270237967,19
1270244429,372
1270247558,17
1270257672,16
1270263798,40
1270272670,1277
1270272683,79
1270278702,13
1270281105,28
1270305651,31
1270311793,13
1270317534,17
1270318542,15
1270319627,26
1270319876,29
1270324476,26
1270330893,40
1270335342,12
1270335537,21
1270337939,26
1270347090,35
1270347637,81
1270349001,17
1270350192,63
1270353108,11
1270359331,18
1270376159,22
1270386613,30
1270404590,19
1270418354,27
1270436690,31
1270450973,12
1270452141,71
1270460555,21
1270463426,15
1270467991,15
1270468007,27
1270479467,13
1270483699,12
1270484383,129
1270496550,437
1270509498,27
1270509963,14
1270519493,137
1270526561,13
1270530485,17
1270535333,22
1270541126,12
1270544596,23
1270552867,39
1270559321,542
1270564245,12
1270564595,34
1270566770,157
1270568813,80
1270572078,18
1270575067,33
1270576590,529
1270577393,14
1270581909,15
1270586785,19
1270587915,446
1270593506,20
1270606117,15
1270639637,15
1270648268,16
1270650562,19
1270650592,17
1270652457,13
1270654341,14
1270658081,25
1270661532,359
1270662452,22
1270664730,25
1270665247,13
1270670825,54
1270685284,11
1270706314,343
1270716345,15
1270727384,11
1270735113,49
1270743726,26
1270745915,12
1270754807,14
1270774188,15
1270775324,37
1270776668,11
1270782426,23
1270784327,23
1270787191,258
1270792738,14
1270794083,27
1270799590,24
1270807583,12
1270812122,121
1270812624,136
1270814918,153
1270817407,74
1270821261,65
1270823576,43
1270825267,13
1270826520,19
1270841510,13
1270842103,56
1270847012,148
1270885892,21
1270895993,17
1270897577,23
1270897615,14
1270902730,22
1270928799,12
1270932665,39
1270935022,19
1270939570,55
1270941393,175
1270942565,22
1270943597,33
1270949711,26
1270953767,14
1270958539,39
1270973004,27
1270978050,19
1270983350,462
1270984756,225
1270985920,1
1270993620,54
1270995833,44
1271006086,12
1271007640,14
1271008243,105
1271009327,19
1271014683,11
1271016135,135
1271020715,18
1271020926,27
1271029803,54
1271029976,74
1271035445,11
1271036184,26
1271041937,14
1271058140,19
1271060545,12
1271063452,155
1271074936,197
1271076630,40
1271088386,25
1271092274,13
1271093776,24
1271096888,16
1271107543,14
1271113810,4792
1271125689,56
1271151089,194
1271153363,15
1271159623,114
1271174023,48
1271177245,19
1271179812,89
1271186753,146
1271193598,26
1271197200,52
1271199377,41
1271203484,85
1271209041,14
1271231125,11
1271237172,12
1271245542,14
1271259982,22
1271263310,10
1271267166,205
1271268769,14
1271270944,69
1271273008,145
1271274665,27
1271282024,15
1271286007,13
1271294554,13
1271297528,53
1271304238,88
1271314492,17
1271314891,331
1271318343,122
1271323125,960
1271332588,14
1271335719,92
1271341656,22
1271351851,23
1271355875,19
1271364651,78
1271368582,169
1271372403,197
1271376695,88
1271378942,19
1271379258,112
1271380517,14
1271382286,32
1271385222,32
1271391719,11
1271394035,41
1271398876,69
1271399089,20
1271400466,83
1271404132,19
1271420288,36
1271420977,16
1271422457,12
1271424358,22
1271430067,11
1271435898,2
1271437886,49
1271448649,53
1271450465,14
1271455778,19
1271457758,90
1271459708,21
1271470955,17
1271476200,17
1271484634,24
1271492923,11
1271520816,13
1271535978,69
1271540239,16
1271547037,12
1271548133,60
1271570982,11
1271574062,13
1271581989,39
1271626710,21
1271627791,1760
1271630464,28
1271639578,55
1271646025,74
1271659862,31
1271669507,28
1271670316,39
1271687319,56
1271709279,15
1271711372,39
1271712722,28
1271717980,38
1271725588,23
1271730027,32
1271730307,13
1271733827,12
1271744960,109
1271751851,182
1271763503,126
1271765742,22
1271770751,33
1271778933,41
1271779636,21
1271785712,78
1271798363,50
1271812884,19
1271829077,25
1271830762,12
1271832502,15
1271834471,21
1271836518,188
1271837463,14
1271851102,15
1271861642,105
1271880068,12
1271892689,413
1271894214,584
1271897760,42
1271898598,20
1271899250,54
1271904851,21
1271908885,15
1271910930,10
1271912252,46
1271923086,39
1271928601,13
1271940155,33
1271944074,21
1271948043,52
1271951093,86
1271951742,16
1271954774,136
1271954866,43
1271963632,38
1271963966,64
1271988435,12
1271993416,478
1271995946,84
1272004366,85
1272008570,20
1272009330,49
1272012407,12
1272024618,25
1272031254,224
1272032218,15
1272035915,20
1272036423,23
1272043772,26
1272060580,13
1272062596,39
1272066715,27
1272067033,112
1272068425,65
1272069487,11
1272070832,13
1272072826,36
1272076570,93
1272090879,29
1272098945,19
1272105565,20
1272107021,44
1272111651,139
1272114571,142
1272116617,87
1272136562,23
1272139132,27
1272147124,22
1272151400,171
1272154998,443
1272157495,69
1272162595,449
1272167701,36
1272168991,13
1272178757,19
1272190228,32
1272194482,21
1272199139,26
1272209005,12
1272211920,12
1272212084,53
1272216190,21
1272222798,46
1272230296,39
1272237085,20
1272239121,29
1272243674,114
1272251780,25
1272256998,67
1272272492,21
1272273607,35
1272278054,17
1272289747,27
1272292267,25
1272294107,89
1272300172,17
1272306281,359
1272308668,17
1272310004,11
1272329397,12
1272329661,50
1272335256,15
1272352853,16
1272353680,38
1272361049,34
1272363594,12
1272372441,26
1272374498,130
1272375576,89
1272390008,20
1272392110,11
1272394355,17
1272394364,14
1272394474,32
1272395609,9
1272402042,130
1272408187,137
1272408209,11
1272412393,40
1272415285,25
1272417086,61
1272418588,60
1272428065,12
1272429683,11
1272430339,26
1272432833,12
1272443375,104
1272451079,19
1272463265,22
1272480305,18
1272481334,41
1272484811,29
1272487463,634
1272488455,77
1272498799,72
1272507264,38
1272508647,62
1272521786,44
1272529106,22
1272529524,30
1272534312,12
1272536927,16
1272554778,39
1272557298,14
1272564262,16
1272565581,76
1272573107,137
1272574333,78
1272585317,61
1272596900,14
1272618533,16
1272637435,35
1272647768,17
1272673683,37
1272677604,14
1272678676,21
1272687783,14
1272691690,105
1272699504,47
1272701607,25
1272706111,50
1272708842,15
1272710409,108
1272710943,14
1272753759,23
1272758718,13
1272763042,78
1272767487,30
1272776005,17
1272782661,13
1272788310,22
1272788559,106
1272806533,93
1272822699,16
1272833484,13
1272839788,62
1272840358,98
1272851010,14
1272861960,29
1272869340,16
1272875395,54
1272887430,202
1272893415,292
1272898943,435
1272927396,16
1272941538,25
1272950786,34
1272968536,107
1272987676,20
1272996531,20
1273016975,62
1273018804,31
1273032277,23
1273038969,31
1273038999,501
1273054934,736
1273058241,119
1273059507,155
1273065968,58
1273073914,27
1273080329,267
1273087967,24
1273092463,14
1273093466,36
1273105169,15
1273116225,100
1273117744,17
1273121905,12
1273123916,149
1273136102,14
1273150184,13
1273151023,12
1273153152,24
1273158972,146
1273168529,26
1273198218,19
1273207855,18
1273226668,131
1273234375,125
1273235470,20
1273236370,242
1273241958,18
1273244170,42
1273261870,15
1273262639,19
1273264754,11
1273267557,26
1273290231,17
1273316605,16
1273319739,12
1273324178,286
1273325705,17
1273354626,20
1273360197,23
1273366252,20
1273379460,820
1273390282,35
1273390455,33
1273404749,18
1273408927,52
1273412710,11
1273427276,3047
1273445261,14
1273449064,53
1273455251,11
1273461545,19
1273468795,19
1273480337,41
1273513023,27
1273517404,13
1273536495,34
1273552420,12
1273558528,581
1273560464,36
1273565575,201
1273580359,871
1273580682,15
1273590574,11
1273596763,18
1273622478,73
1273630366,12
1273641903,15
1273643869,47
1273663589,11
1273664895,106
1273665431,25
1273666576,32
1273674103,25
1273677991,42
1273686456,12
1273690766,19
1273702114,35
1273705510,87
1273707469,706
1273721854,21
1273724034,11
1273725939,12
1273742979,58
1273747165,32
1273750352,12
1273768116,225
1273768194,99
1273809867,13
1273811777,13
1273814630,21
1273819492,20
1273822664,87
1273822835,18
1273823886,37
1273824143,323
1273824907,12047
1273830468,30
1273830568,18
1273859296,123
1273866610,19
1273870399,99
1273887301,277
1273894022,84
1273902369,24
1273905245,57
1273907635,11
1273908520,15
1273910052,124
1273921075,107
1273945470,33
1273946285,12
1273947285,18
1273951058,46
1273969283,14
1273983782,13
1273991348,15
1274021598,10
1274027793,18
1274028827,23
1274034089,56
1274046250,12
1274050660,69
1274065715,42
1274067670,415
1274068447,11
1274069548,48
1274072121,11
1274073109,24
1274085987,30
1274091897,33
1274096236,53
1274106865,45
1274107935,204
1274109794,56
1274110623,21
1274115689,33
1274116177,29
1274128923,33
1274130362,14
1274162448,570
1274162776,25
1274165943,30
1274177139,613
1274179498,28
1274186056,23
1274187550,15
1274191784,82
1274194803,58
1274196244,14
1274209386,40
1274218871,12
1274224909,11
1274244010,16
1274262885,241
1274272400,70
1274282386,56
1274286443,40
1274290610,17
1274323575,121
1274327218,248
1274333693,16
1274347782,11
1274347870,12
1274352475,12
1274353213,21
1274353224,13
1274373874,11
1274377670,317
1274377976,20
1274379274,30
1274388991,210
1274395005,32
1274399536,1213
1274410217,44
1274417136,12
1274422150,21
1274444915,12
1274452075,280
1274461040,11
1274466455,25
1274474589,27
1274475076,52
1274477411,15
1274482878,13
1274485547,68
1274485766,16
1274487235,45
1274491393,35
1274504017,11
1274504257,14
1274509298,56
1274518711,27
1274526198,129
1274530343,26
1274534327,11
1274548517,173
1274551031,329
1274566622,42
1274572099,33
1274574043,168
1274600688,290
1274618325,39
1274625247,14
1274625443,14
1274630894,75
1274645705,13
1274659405,25
1274666296,13
1274671628,42
1274674701,30
1274678743,19
1274683034,69
1274684138,13
1274689099,22
1274690333,31
1274708755,748
1274722544,17
1274722784,16
1274723381,39
1274734576,33
1274751552,11
1274755774,66
1274781008,13
1274782065,33
1274792587,63
1274794325,12
1274797292,20
1274802650,12
1274822133,788
1274836410,22
1274840455,13
1274848749,144
1274890313,25
1274904822,12
1274910871,24
1274912120,304
1274921085,20
1274927132,20
1274927923,112
1274942644,27
1274947140,17
1274950277,1388
1274956474,23
1274957322,17
1274957825,153
1274959346,21
1274963086,82
1274966563,33
1274976225,13
1274978097,145
1274989973,180
1274991593,30
1275001555,12
1275003861,47
1275012508,16
1275023165,12
1275025253,22
1275044490,40
1275059220,14
1275060098,32
1275065456,13
1275069084,170
1275070381,16
1275073263,18
1275075651,174
1275076041,296
1275076664,56
1275077335,14
1275102300,21
1275102452,42
1275130055,206
1275131245,22
1275139588,11
1275140990,28
1275145666,32
1275152793,923
1275161859,36
1275162193,34
1275168166,12
1275173343,18
1275175186,527
1275177106,12
1275182720,57
1275184152,25
1275189541,32
1275191614,17
1275198423,16
1275199411,512
1275201476,104
1275207060,17
1275208894,19
1275218737,42
1275237798,17
1275239491,50
1275248251,11
1275252612,16
1275257255,89
1275268652,1120
1275300007,27
1275300693,11
1275326618,28
1275328113,245
1275328860,18
1275334546,13
1275338283,18
1275353433,52
1275356304,9
1275360962,11
1275362861,52
1275365955,43
1275367824,14
1275373382,52
1275375546,24
1275378979,951
1275382167,31
1275398700,39
1275399788,20
1275406931,21
1275408975,26
1275409602,46
1275409857,16
1275426982,34
1275435960,16
1275436512,447
1275438802,14
1275439887,18
1275441117,23
1275443832,64
1275463264,221
1275464621,311
1275474507,16
1275476039,253
1275484321,20
1275485578,123
1275487759,23
1275490006,60
1275502743,11
1275508434,232
1275516320,11
1275529781,20
1275534185,44
1275540111,18
1275545374,76
1275548357,210
1275551473,67
1275555255,23
1275560536,322
1275572887,20
1275580348,72
1275608780,19
1275613946,17
1275614372,45
1275616384,31
1275620871,8
1275627632,14
1275631990,15
1275637608,121
1275642440,91
1275645005,13
1275653543,1349
1275661316,25
1275666044,46
1275667403,108
1275688260,22
1275692189,37
1275702441,22
1275702472,18
1275717406,34
1275718468,353
1275719173,14
1275721604,22
1275730750,1341
1275740059,21
1275742035,17
1275746690,101
1275750805,12
1275750847,33
1275751077,19
1275752001,31
1275753414,52
1275759716,30
1275770420,17
1275771493,41
1275771523,11
1275771636,20
1275773301,130
1275774513,22
1275776288,146
1275780695,22
1275781569,450
1275784257,19
1275791557,37
1275798277,11
1275800019,14
1275801647,220
1275802499,139
1275806147,1942
1275809133,11
1275810331,23
1275816023,11
1275818342,11
1275835912,14
1275847986,16
1275849132,52
1275850323,89
1275851291,14
1275859075,12
1275862312,47
1275862425,47
1275862520,29
1275873724,269
1275888604,20
1275895436,13
1275919553,22
1275930411,40
1275932091,24
1275940471,30
1275941970,16
1275953456,29
1275961086,116
1275964022,281
1275968866,81
1275976049,12
1275991516,76
1275998498,408
1276001351,105
1276003841,13
1276008331,12
1276018440,117
1276024553,36
1276031429,73
1276039558,14
1276042293,20
1276053763,16
1276059304,35
1276077286,12
1276078615,16
1276083194,25
1276083628,54
1276099689,96
1276107518,53
1276108103,75
1276123063,130
1276123512,19
1276126258,15
1276132557,21
1276135867,141
1276151370,11
1276164270,12
1276173422,12
1276174879,19
1276192674,86
1276192981,30
1276204083,13
1276208459,15
1276223472,21
1276236504,16
1276236933,668
1276238183,501
1276239073,12
1276242781,12
1276251860,10
1276255085,15
1276264171,23
1276271904,11
1276273805,33
1276275753,16
1276278055,60
1276278953,16
1276280076,13
1276283874,12
1276285633,62
1276296530,105
1276299637,67
1276305787,117
1276309507,23
1276313599,43
1276315818,17
1276320499,11
1276341793,22
1276352451,23
1276368237,567
1276373569,14
1276376062,23
1276379563,24
1276390991,11
1276391102,100
1276404683,16
1276405439,19
1276405554,12
1276406549,32
1276411484,14
1276411563,56
1276415631,16
1276417315,11
1276425709,10
1276437202,36
1276438142,33
1276447323,19
1276448889,93
1276448941,7
1276457096,1
1276459546,13
1276461266,219
1276469439,80
1276480305,42
1276486859,14
1276487550,19
1276487624,14
1276488493,19
1276496267,36
1276497933,1
1276498033,98
1276510682,63
1276517176,246
1276521542,45
1276527666,948
1276541052,91
1276541290,18
1276541312,32
1276546290,34
1276548713,17
1276549659,92
1276562838,251
1276568000,23
1276578580,24
1276594089,90
1276595002,394
1276605322,38
1276607131,100
1276614392,11
1276616663,21
1276627552,89
1276628959,18
1276630793,14
1276631768,26
1276634402,29
1276641245,180
1276645556,16
1276665883,1311
1276667029,87
1276675503,78
1276679162,12
1276682306,25
1276682613,19
1276683938,94
1276684296,15
1276689592,315
1276696490,316
1276700568,26
1276711748,12
1276718530,11
1276739924,11
1276740847,16
1276747866,56
1276752077,214
1276755627,21
1276755713,30
1276758823,14
1276764289,11
1276770371,17
1276773725,14
1276776945,25
1276791347,11
1276795737,24
1276798831,29
1276809046,168
1276810210,203
1276812919,145
1276828003,11
1276847779,21
1276853390,12
1276853525,655
1276855113,13
1276859161,77
1276859360,34
1276860951,11
1276861983,16
1276862650,26
1276868904,11
1276874027,47
1276876288,22
1276885966,455
1276888344,12
1276919083,47
1276930142,46
1276940779,385
1276944225,19
1276950198,102
1276958558,69
1276962100,16
1276966391,762
1276977095,12
1276978035,13
1276983707,31
1276999782,497
1277004822,965
1277007031,17
1277008800,11
1277011316,211
1277011740,37
1277016823,15
1277020166,54
1277026242,23
1277036183,27
1277040638,24
1277048300,33
1277054380,314
1277058567,243
1277063342,27
1277070400,18
1277072583,39
1277079211,84
1277079624,201
1277097844,102
1277124338,19
1277124966,21
1277131490,19
1277138198,134
1277165741,65
1277169394,181
1277203643,11
1277208602,167
1277214686,18
1277225273,16
1277265216,12
1277269587,16
1277282352,17
1277284594,84
1277286522,740
1277291595,17
1277293249,45
1277301155,11
1277335948,21
1277377323,39
1277389693,149
1277391537,25
1277405426,781
1277425281,12
1277425617,18
1277432663,16
1277434798,37
1277442050,92
1277446916,12
1277451814,87
1277453821,65
1277455152,13
1277470372,18
1277476916,105
1277477208,15578
1277479867,40
1277487031,58
1277488771,74
1277491008,62
1277494856,13
1277495137,18
1277498503,16
1277499908,61
1277510172,549
1277510760,13
1277515654,12
1277520329,15
1277541374,11
1277544698,429
1277560144,14
1277561099,310
1277571999,12
1277572326,971
1277578751,70
1277579877,28
1277585787,40
1277588122,30
1277590623,107
1277600433,12
1277603748,26
1277610497,16
1277614585,481
1277623916,30
1277637600,90
1277646668,13
1277670480,11
1277671229,23
1277684919,55
1277685376,11
1277690020,23
1277693854,35
1277694349,13
1277696037,456
1277714741,54
1277715563,622
1277719566,19
1277737044,24
1277750729,39
1277755058,37
1277769453,30
1277771911,117
1277774590,13
1277791233,20
1277795285,43
1277796956,22
1277797277,29
1277797619,75
1277798763,80
1277807615,14
1277814981,11
1277825694,11
1277833095,98
1277836854,29
1277842157,31
1277847449,11
1277847672,17
1277853749,16
1277854808,20
1277858718,13
1277868994,38
1277870870,18
1277872938,17
1277880177,35
1277887325,38
1277888947,40
1277893717,30
1277911581,21
1277918666,336
1277926656,20
1277933603,158
1277934977,99
1277936455,60
1277944206,23
1277944593,10
1277946689,39
1277957002,12
1277961348,11
1277972001,11
1277989920,56
1277991010,24
1278000763,11
1278003221,24
1278005100,19
1278013162,12
1278014713,6
1278019716,11
1278020293,11
1278021888,76
1278022559,88
1278024385,11
1278025342,38
1278026821,45
1278033420,21
1278033467,950
1278040671,142
1278045237,176
1278049086,16
1278055475,11
1278059883,11
1278066474,11
1278071262,434
1278073463,108
1278079983,43
1278081820,19
1278082400,385
1278092019,11
1278104920,31
1278105901,15
1278114076,12
1278120949,42
1278138352,17
1278157951,82
1278160330,94
1278196186,31
1278223986,190
1278229113,12
1278231268,26
1278243180,72
1278246083,12
1278253689,92
1278254044,34
1278265633,108
1278287808,12
1278291700,17
1278293841,41
1278295496,12
1278312228,144
1278320942,220
1278322564,11
1278324639,28
1278327133,14
1278332553,15
1278332767,13
1278339298,20
1278344410,33
1278344979,73
1278366645,12
1278374245,13
1278377646,20
1278381956,115
1278395255,177
1278404368,59
1278411775,17
1278435489,24
1278439253,108
1278457179,85
1278474208,41
1278474226,38
1278480039,21
1278492027,13
1278492137,24
1278516883,16
1278536566,439
1278547598,25
1278560693,39
1278568055,103
1278584694,187
1278587549,18
1278594969,25
1278597727,11
1278621812,107
1278624991,12
1278644903,12
1278668528,1402
1278676884,297
1278681031,21
1278711372,16
1278714916,31
1278715940,10
1278717907,472
1278730680,14
1278734867,13
1278737636,40
1278757502,532
1278776929,23
1278779353,35
1278798600,19
1278823978,80
1278829954,126
1278838315,129
1278840500,15
1278845334,45
1278845749,24
1278854221,28
1278862001,11
1278862632,11
1278864291,13
1278865145,19
1278866190,56
1278872653,45
1278873576,15
1278881844,129
1278889606,80
1278895912,75
1278901777,13
1278913000,162
1278915262,106
1278915857,15
1278919646,39
1278924500,49
1278926400,1367
1278930365,22
1278930806,841
1278937895,57
1278940275,242
1278959735,19
1278964608,19
1278982238,148
1278993665,42
1279018568,14
1279049964,15
1279064655,24
1279085846,665
1279086651,14
1279093890,12
1279103174,23
1279109870,16
1279109984,11
1279113820,37
1279121101,16
1279133101,13
1279140437,47
1279145675,26
1279149268,22
1279159149,3753
1279160729,20
1279164234,233
1279164369,13
1279171235,27
1279180155,182
1279181033,23
1279184910,17
1279185910,12
1279187498,222
1279199688,13
1279205412,26
1279216221,37
1279218207,15
1279225546,20
1279253971,15
1279256466,13
1279275212,34
1279275226,20
1279280095,132
1279298346,38
1279299303,58
1279301508,33
1279319463,22
1279325204,272
1279328732,58
1279329809,10
1279343644,140
1279345508,13
1279360413,27
1279362723,149
1279365081,30
1279373995,13
1279380501,13
1279384488,20
1279402999,12
1279406675,24
1279414816,12
1279421241,22
1279423167,16
1279426975,286
1279435409,2373
1279437639,19
1279463850,12
1279468851,23
1279474229,65
1279480946,1196
1279489980,403
1279499470,50
1279508420,67
1279515197,46
1279519446,15
1279522547,54
1279525967,220
1279532837,368
1279540157,11
1279555835,42
1279561249,13
1279578393,38
1279580095,17
1279596088,18
1279604360,39
1279611658,18
1279617454,18
1279624703,69
1279625094,14
1279628779,25
1279654497,78
1279659344,374
1279680219,19
1279706266,95
1279721212,28
1279722854,13
1279731992,11
1279737208,14
1279737421,49
1279760665,240
1279773754,13
1279781841,31
1279786142,14
1279787729,15
1279795528,16
1279795550,99
1279802440,12
1279803089,105
1279811464,99
1279815402,12
1279825421,16
1279830753,36
1279834357,19
1279836172,15
1279846336,26
1279857804,11
1279886110,16
1279903025,12
1279923114,23
1279932127,11
1279940806,53
1279946840,12
1279949713,12
1279994040,32
1279994443,11
1279994504,232
1280002781,19
1280019852,566
1280026191,90
1280026567,12
1280027316,21
1280030529,47
1280038203,26
1280048408,20
1280050659,34
1280056986,11
1280069770,149
1280089735,17
1280092445,22
1280095430,23
1280097745,14
1280103264,21
1280115203,294
1280115630,30
1280128498,18
1280129499,818
1280129529,27
1280147188,201
1280155659,123
1280156793,23
1280163607,11
1280181372,11
1280182204,41
1280202820,16
1280210616,82
1280215616,11
1280221360,107
1280231676,59
1280241714,27
1280257962,12
1280262851,12
1280270159,27
1280270225,29
1280282164,12
1280282376,14
1280289116,39
1280290209,12
1280293058,15
1280296384,61
1280330025,19
1280369733,19
1280379860,18
1280383510,18
1280392516,13
1280394773,162
1280396163,45
1280408203,16
1280419330,48
1280423622,12
1280434631,157
1280439591,250
1280461698,12
1280465155,14
1280467793,30
1280469592,14
1280470795,19
1280479916,12
1280508992,141
1280523866,136
1280524151,19
1280536185,46
1280553461,39
1280557654,66
1280557740,38
1280559914,202
1280562970,96
1280567896,12
1280577596,138
1280579388,26
1280607135,19
1280607497,11
1280608186,73
1280610964,28
1280615153,63
1280620933,119
1280641283,62
1280652237,22
1280655402,11
1280662085,12
1280664963,40
1280700348,11
1280702430,12
1280703037,123
1280718019,26
1280732127,125
1280760538,18
1280767222,17
1280791354,177
1280793558,139
1280799166,11
1280804858,28
1280809609,273
1280810591,31
1280825877,167
1280833415,212
1280847472,283
1280858916,13
1280860414,27
1280863441,117
1280866254,0
1280869012,105
1280869399,189
1280871093,12
1280885358,22
1280891560,18
1280896898,24
1280898919,17
1280899448,27
1280900448,15
1280903659,22
1280908538,11
1280909807,70
1280912404,34
1280913563,147
1280913878,59
1280927151,15
1280932746,54
1280934172,1116
1280951465,12
1280955914,387
1280967898,28
1280984042,624
1280990105,1213
1280998916,12
1281005910,317
1281005934,14
1281019389,32
1281025418,38
1281030225,164
1281030454,32
1281032192,28
1281032298,27
1281054646,282
1281061133,18
1281066641,117
1281069074,17
1281071040,11
1281085540,14
1281091382,518
1281094446,26
1281098289,13
1281110750,135
1281120025,18
1281123262,33
1281124139,12
1281132799,18
1281133904,16
1281135080,38
1281140983,188
1281149586,12
1281154124,16
1281168411,245
1281171445,74
1281195074,137
1281200786,81
1281204616,33
1281220980,44
1281222801,18
1281230845,57
1281232928,92
1281235683,232
1281269179,15
1281269977,18
1281271303,47
1281285550,335
1281298965,16
1281315781,7033
1281320664,137
1281328046,513
1281328458,12
1281328537,38
1281330782,174
1281337106,12
1281342434,42
1281358460,11
1281362103,145
1281364875,14
1281365033,17
1281365850,12
1281367277,75
1281377338,29
1281381884,191
1281383429,13
1281400388,16
1281415855,11
1281420131,524
1281431415,63
1281436921,15
1281445089,38
1281473904,173
1281481028,65
1281482961,100
1281483635,26
1281489228,59
1281489745,21
1281495756,1
1281514306,23
1281522736,11
1281525803,17
1281540408,26
1281565975,12
1281576906,68
1281582807,13
1281591192,106
1281593724,60
1281616740,15
1281622996,12
1281629949,18
1281632165,656
1281633872,342
1281635644,59
1281645560,21
1281650273,89
1281655995,12
1281666770,76
1281670519,77
1281674370,53
1281682555,11
1281688052,15
1281712143,15
1281755529,11
1281769152,15
1281774250,22
1281819568,211
1281831896,20
1281852693,12
1281862290,22
1281863041,48
1281865046,915
1281865940,134
1281869415,15
1281873897,11
1281879940,28
1281880139,176
1281901396,21
1281913298,45
1281918185,18
1281925464,26
1281954048,52
1281959383,15
1281963787,60
1281978113,34
1281981117,2
1282001233,56
1282011183,22
1282014269,22
1282014696,3
1282017359,201
1282025633,499
1282027238,192
1282030207,16
1282040587,15
1282045227,20
1282048314,29
1282049269,84
1282052467,13
1282052906,38
1282056346,30
1282058637,14
1282058825,93
1282076425,31
1282080507,31
1282089882,11
1282102712,24
1282103176,344
1282106099,13
1282107840,32
1282107851,11
1282109891,19
1282110174,24
1282120686,35
1282125157,21
1282128957,105
1282132622,33
1282141848,23
1282151191,36
1282159515,15
1282159694,184
1282171564,13
1282178367,15
1282195104,32
1282198847,428
1282203523,17
1282208637,17
1282225905,12
1282231488,56
1282233511,243
1282239707,11
1282246237,18
1282253922,16
1282265183,501
1282269007,149
1282273176,40
1282277393,15
1282282026,21
1282294081,48
1282310951,249
1282324221,144
1282329734,12
1282335857,39
1282340577,184
1282341373,50
1282346681,16
1282350588,53
1282351393,15
1282360547,482
1282362391,521
1282364492,179
1282384355,88
1282385165,14
1282401255,17
1282418221,19
1282459536,27
1282467677,180
1282469039,36
1282472011,11
1282474395,191
1282477586,143
1282489596,11
1282490647,44
1282499854,0
1282514037,114
1282539777,45
1282558300,11
1282572282,28
1282577775,37
1282589931,43
1282597454,21
1282613745,7
1282634846,30
1282636938,302
1282650900,1701
1282653241,48
1282675658,17
1282680810,4036
1282682864,25
1282694784,83
1282705108,670
1282711658,14
1282712646,20
1282734569,27
1282748401,69
1282753323,26
1282763835,17
1282766748,49
1282766814,39
1282771204,23
1282777609,148
1282782264,14
1282786458,26
1282787424,44
1282791912,12
1282792053,12
1282795086,35
1282797177,164
1282799832,58
1282831444,12
1282835463,206
1282838347,11
1282839359,20
1282845531,864
1282858165,70
1282862525,20
1282882227,11
1282882352,15
1282906969,11
1282910754,224
1282916460,379
1282925790,107
1282928973,16
1282937931,21
1282938415,22
1282938682,21
1282950465,66
1282958467,37
1282964765,11
1282967472,305
1282972498,37
1282978005,23
1282983086,159
1282984140,28
1283006548,34
1283007956,817
1283008105,148
1283013981,31
1283015427,120
1283015444,116
1283015456,115
1283015458,122
1283019799,11
1283022577,33
1283043066,27
1283051151,126
1283059888,18
1283085412,13
1283088493,11
1283118598,71
1283126461,129
1283126780,208
1283131709,16
1283133573,25
1283142725,31
1283143215,93
1283143764,24
1283151062,17
1283155270,11
1283158668,88
1283168492,57
1283176487,13
1283182898,49
1283183407,11
1283187727,14
1283208084,18
1283231201,15
1283237512,50
1283252850,16
1283286182,15
1283296883,16
1283299226,128
1283300177,28
1283301890,115
1283302652,115
1283302684,117
1283302820,116
1283302855,115
1283305043,116
1283308335,940
1283309332,116
1283309505,117
1283309991,116
1283310806,115
1283310807,115
1283311815,115
1283313140,117
1283314136,115
1283318124,122
1283321289,115
1283321505,25
1283324276,115
1283325882,117
1283326518,115
1283327964,117
1283328850,116
1283328907,114
1283329020,117
1283329717,116
1283329800,120
1283331989,115
1283332113,115
1283332466,115
1283333210,119
1283333331,115
1283334060,115
1283334279,117
1283334544,56
1283334655,14
1283336941,115
1283342383,114
1283344388,119
1283346286,115
1283346451,117
1283346987,116
1283347021,115
1283348713,116
1283352405,23
1283352617,63
1283352859,115
1283353368,115
1283353856,116
1283354276,115
1283354800,26
1283354814,115
1283354974,76
1283355043,115
1283358155,115
1283360113,117
1283362196,118
1283363395,115
1283365576,115
1283375853,51
1283376338,514
1283395530,33
1283398419,31
1283398629,47
1283408258,55
1283410511,46
1283416351,187
1283417522,16
1283427179,23
1283434917,37
1283453011,43
1283460530,18
1283463401,12
1283466765,182
1283466833,11
1283467688,118
1283475355,16
1283494260,39
1283495582,13
1283497044,15
1283501535,170
1283501799,14
1283521764,32
1283522472,17
1283522880,11
1283540505,235
1283561164,18
1283563241,51
1283565828,27
1283570249,13
1283572841,42
1283574029,16
1283576600,24
1283579994,13
1283580131,16
1283580852,38
1283582119,95
1283584225,16
1283598915,13
1283603794,109
1283610049,14
1283611177,12
1283622513,9
1283628638,25
1283644135,11
1283647317,12
1283652685,14
1283653121,18
1283656693,127
1283657805,33
1283669789,11
1283678028,59
1283681554,70
1283686041,18
1283686098,17
1283699291,19
1283721731,28
1283721804,19
1283722068,15
1283731203,15
1283731455,11
1283735838,24
1283740523,15
1283743529,66
1283762259,42
1283766654,65
1283781487,84
1283783477,49
1283792171,25
1283796634,16
1283799034,97
1283802261,23
1283819872,15
1283821188,87
1283833415,22
1283833758,27
1283836865,27
1283850742,19
1283852448,16
1283852774,14
1283859977,20
1283865819,22
1283868033,231
1283868835,23
1283873694,24
1283875369,30
1283876614,12
1283880494,14
1283891625,18
1283901628,22
1283923666,20
1283925045,16
1283927346,73
1283939838,16
1283940465,134
1283943813,14
1283947846,24
1283963928,14
1283968843,25
1283977684,11
1283981615,77
1283986253,42
1283993031,258
1284009891,31
1284014215,22
1284030856,41
1284040136,176
1284052134,34
1284058045,23
1284066374,20
1284067692,72
1284077348,19
1284077352,21
1284082382,22
1284082910,18
1284088776,123
1284095369,21
1284099955,50
1284104299,45
1284109842,34
1284124788,12
1284126768,70
1284128909,17
1284129855,54
1284131526,11
1284139056,57
1284155780,15
1284168496,47
1284172888,15
1284174979,2273
1284180721,690
1284182184,24
1284198482,13
1284202424,48
1284208011,24
1284208582,107
1284209689,16
1284210058,29
1284214156,11
1284223182,20
1284246323,13
1284246470,271
1284247955,38
1284261810,42
1284271591,198
1284277975,40
1284286206,13
1284303399,115
1284304193,12
1284310632,15
1284316868,21
1284317596,11
1284322503,12
1284322507,14
1284346730,75
1284364149,19
1284378743,11
1284382976,12
1284392092,40
1284414913,596
1284420230,29
1284423701,1
1284426808,13
1284435392,17
1284435823,11
1284445635,306
1284449744,35
1284452101,14
1284463375,32
1284479480,13
1284485443,28
1284518502,22
1284522908,16
1284534061,34
1284541636,13
1284546129,54
1284551780,18
1284555311,66
1284568818,12
1284578918,42
1284579907,100
1284580604,40
1284589598,22
1284595670,13
1284607942,146
1284608173,187
1284608906,175
1284626782,11
1284643150,27
1284648689,305
1284658028,29
1284659975,18
1284667422,19
1284672605,166
1284674449,40
1284677252,15
1284681116,45
1284688466,79
1284692613,107
1284698263,16
1284700356,60
1284712193,58
1284714863,10
1284721646,11
1284727934,22
1284733052,12
1284733159,14
1284734312,16
1284735525,82
1284736292,319
1284740610,564
1284751258,19
1284753142,115
1284756909,19
1284759701,53
1284765721,17
1284768463,12
1284781487,17
1284783817,42
1284785245,45
1284787758,16
1284803064,21
1284808139,16
1284830350,20
1284836640,512
1284837284,11
1284845470,752
1284850658,16
1284862935,25
1284865806,13
1284867443,13
1284869933,27
1284873579,11
1284875082,34
1284889108,38
1284895820,11
1284905996,54
1284915598,14
1284956847,13
1284958326,19
1284959612,2062
1284962534,36
1284967045,12
1284968478,25
1284971043,28
1284986056,35
1285000932,14
1285016676,14
1285027813,48
1285029934,30
1285034691,7
1285072698,53
1285076358,15
1285091835,14
1285102035,20
1285104880,54
1285113628,61
1285116275,22
1285126866,43
1285134067,16
1285138167,24
1285145325,11
1285150264,29
1285173126,51
1285175428,38
1285179460,37
1285186519,12
1285203380,13
1285207270,115
1285223817,216
1285240239,17
1285247004,50
1285257302,11
1285260006,14
1285260852,28
1285268157,39
1285268296,10
1285271027,14
1285272914,103
1285276442,13
1285277249,19
1285290091,14
1285290326,21
1285299512,19
1285308005,72
1285358058,13
1285358712,11
1285362275,42
1285366850,21
1285372971,11
1285375505,12
1285388916,14
1285404766,11
1285404893,16
1285406575,51
1285427809,11
1285432701,59
1285455564,20
1285459193,13
1285469911,13
1285485466,33
1285492735,4
1285512939,812
1285522430,11
1285532627,32
1285533087,21
1285553511,15
1285565409,11
1285584165,28
1285612368,28
1285613614,26
1285613772,12
1285614272,12
1285616517,12
1285619315,39
1285633187,21
1285635617,17
1285641018,14
1285641979,12
1285642601,12
1285643256,81
1285643489,697
1285643868,31
1285649662,31
1285653192,99
1285653194,21
1285654295,19
1285656500,41
1285665224,13
1285669809,21
1285670072,37
1285670188,23
1285672288,36
1285694624,12
1285699839,22
1285704764,23
1285705904,3292
1285716169,16
1285726301,11
1285726536,81
1285729011,46
1285736028,12
1285753321,31
1285768056,27
1285769468,18
1285774142,39
1285776286,11
1285778184,52
1285781098,19
1285784272,11
1285787558,106
1285791932,29
1285797092,40
1285801639,17
1285801929,17
1285808809,291
1285812887,17
1285816658,0
1285819874,78
1285860457,12
1285863081,18
1285881211,46
1285881563,22
1285885421,12
1285886218,246
1285900799,184
1285902621,45
1285904119,13
1285924109,22
1285926464,28
1285946801,11
1285956092,28
1285957532,243
1285966137,40
1285974683,1499
1285994107,32
1285995046,28
1285996394,14
1286010520,1220
1286041367,19
1286041430,212
1286045037,13
1286054177,46
1286055132,56
1286055730,16
1286069434,20
1286071002,290
1286080008,11
1286102636,11
1286104608,12
1286113664,44
1286116609,29
1286124464,19
1286135398,26
1286142799,38
1286159878,25
1286163119,36
1286203278,18
1286206140,81
1286206293,12
1286210431,32
1286217696,20
1286230821,22
1286232072,21
1286233631,11
1286235236,94
1286236913,63
1286243024,15
1286260116,15
1286261242,40
1286266523,52
1286279483,244
1286309178,417
1286310557,14
1286313018,11
1286313645,11
1286319925,17
1286347510,11
1286349836,29
1286361322,18
1286395891,15
1286406151,30
1286421437,14
1286425214,33
1286451756,11
1286452688,41
1286459067,12
1286462942,16
1286475682,71
1286478863,37
1286485360,13
1286497554,12
1286498512,26
1286499192,14
1286500654,13
1286500812,12
1286506347,11
1286514652,163
1286518017,14
1286519799,21
1286529702,23
1286533290,15
1286534320,12
1286547006,20
1286548050,52
1286550596,87
1286551417,30
1286576904,69
1286584533,43
1286589461,35
1286591918,17
1286613567,85
1286622370,16
1286622681,12
1286623246,14
1286633499,13
1286638524,27
1286644174,17
1286650072,47
1286652851,131
1286655809,42
1286657898,105
1286660559,86
1286663306,19
1286674545,26
1286693004,11
1286701048,21
1286705389,14
1286708665,27
1286709271,39
1286728102,24
1286732818,1358
1286733418,35
1286747417,23
1286754616,31
1286757779,15
1286758195,11
1286762321,51
1286762528,21
1286763703,44
1286765396,54
1286769439,11
1286775287,164
1286781880,244
1286792158,27
1286817684,16
1286820615,14
1286822346,45
1286842063,32
1286843623,43
1286843683,61
1286845834,75
1286846690,12
1286849644,11
1286852030,35
1286854085,87
1286870850,36
1286901904,36
1286921847,231
1286928810,35
1286929516,42
1286936704,213
1286939042,16
1286953511,47
1286955203,14
1286962008,54
1286963131,1
1286976854,23
1286981693,19
1286986255,26
1287003459,26
1287005135,30
1287010006,24
1287015444,19
1287032262,15
1287032505,30
1287040997,13
1287048614,22
1287050833,124
1287054186,23
1287054567,24
1287055640,17
1287057225,13
1287063635,26
1287064286,13
1287064367,727
1287065520,17
1287068039,118
1287097047,27
1287103899,23
1287109448,15
1287112265,15
1287114669,1536
1287117896,11
1287118910,50
1287127015,13
1287133573,157
1287133718,14
1287137309,47
1287143833,18
1287144800,16
1287154353,13
1287167787,13
1287168491,1149
1287168990,622
1287169139,29
1287177495,10
1287183937,12
1287188318,18
1287195249,14
1287204510,64
1287205623,14
1287216871,6
1287216971,41
1287228538,18
1287232396,16
1287234722,11
1287241330,15
1287242357,31
1287249670,27
1287250090,43
1287253720,24
1287263044,13
1287275352,15
1287282432,769
1287300798,22
1287302739,53
1287319347,29
1287321565,11
1287326388,19
1287329807,15
1287331518,14
1287332070,32
1287333722,18
1287338845,1
1287339827,88
1287341687,38
1287346406,31
1287352822,123
1287355973,344
1287401002,450
1287408207,74
1287413468,14
1287418409,64
1287429470,12
1287442244,270
1287444152,44
1287460663,5663
1287461497,43
1287470793,31
1287472924,28
1287481170,40
1287482439,13
1287486661,51
1287489793,28
1287494718,11
1287505428,18
1287518095,15
1287523902,16
1287530240,16
1287531513,36
1287549995,14
1287564317,14
1287568859,205
1287570647,11
1287585416,15
1287594240,12
1287594602,20
1287599281,12
1287603239,49
1287607687,12
1287609461,24
1287610282,26
1287612332,37
1287625631,348
1287628953,16
1287629488,31
1287631198,21
1287659684,12
1287663860,75
1287674895,48
1287678199,249
1287687409,43
1287710410,39
1287710445,40
1287710473,44
1287710505,49
1287728325,277
1287733709,14
1287737246,28
1287751585,101
1287755141,21
1287763956,14
1287766456,11
1287769478,738
1287779992,39
1287780961,19
1287782481,12
1287783473,15
1287802914,66
1287804060,3092
1287806129,20
1287806983,12
1287816393,12
1287823023,66
1287825471,131
1287831552,42
1287833347,1
1287833873,15
1287840943,14
1287846492,364
1287852974,27
1287862936,530
1287867452,11
1287870588,83
1287874189,11
1287882910,11
1287890629,65
1287919291,32
1287919581,22
1287928146,14
1287936258,23
1287938366,247
1287947258,16
1287952887,16
1287962749,24
1287962934,22
1287966278,106
1287967526,18
1287982437,17
1287987060,12
1287991092,43
1288001931,1061
1288011918,35
1288025747,12
1288054527,22
1288054693,161
1288059458,11
1288064456,53
1288064720,20
1288069617,13
1288076814,95
1288081323,83
1288081425,12
1288083612,14
1288085257,13
1288093218,156
1288093254,14
1288095947,23
1288096154,8
1288101814,41
1288106370,100
1288107515,23
1288110627,25
1288118919,12
1288120439,16
1288131984,34
1288147191,15
1288151957,18
1288158967,21
1288163028,29
1288175235,83
1288176337,15
1288213067,13
1288220921,259
1288228170,26
1288234715,16
1288262029,17
1288265666,29
1288273711,55
1288276081,12
1288277383,25
1288278242,12
1288292418,1794
1288298712,11
1288304560,70
1288321115,61
1288325627,4825
1288331786,74
1288342491,47
1288362206,28
1288363236,20
1288380908,94
1288388694,15
1288395026,240
1288402762,3337
1288404530,17
1288411750,23
1288414617,479
1288422836,16
1288422944,19
1288424187,11
1288433826,18
1288453231,18
1288460943,11
1288462699,10
1288463361,14
1288475375,13
1288476092,14
1288492734,15
1288496072,92
1288504075,16
1288505524,84
1288508356,108
1288513932,91
1288540223,16
1288543585,12
1288545282,126
1288570069,25
1288582051,13
1288587093,22
1288595527,78
1288599558,15
1288603421,27
1288608468,15
1288608768,16
1288630993,16
1288642659,26
1288651538,14
1288672674,402
1288682148,17
1288684460,53
1288700771,13
1288703620,32
1288706873,51
1288728943,26
1288733503,19
1288758234,13
1288762476,28
1288777867,16
1288777900,233
1288781687,25
1288787277,142
1288787426,47
1288789542,22
1288791412,19
1288795546,11
1288820389,204
1288848940,2790
1288858970,22
1288861827,82
1288873391,12
1288892017,12
1288895330,17
1288900132,55
1288913882,26
1288919960,14
1288922934,13
1288931625,38
1288951030,13
1288952475,181
1288952816,75
1288958400,33
1288972522,33
1288978309,12
1288985136,22
1288986083,35
1288998877,18
1289000483,17
1289001778,37
1289010771,13
1289022368,12
1289031324,79
1289037448,97
1289038438,164
1289052336,21
1289066205,30
1289075393,361
1289096470,42
1289096810,48
1289101843,17
1289112181,24
1289122820,13
1289123250,37
1289130590,221
1289134166,35
1289148499,11
1289180378,13
1289182307,14
1289184179,46
1289191071,18
1289210484,12
1289213389,13
1289213568,29
1289214621,14
1289216565,21
1289216873,11
1289237218,22
1289253413,28
1289254089,15
1289258261,33
1289268385,23
1289268998,43
1289275691,293
1289277901,14
1289281455,26
1289287656,12
1289291024,54
1289300100,45
1289302468,17
1289303356,12
1289313583,14
1289316188,90
1289329590,40
1289333270,17
1289344908,60
1289346310,16
1289357453,14
1289373801,17
1289382533,22
1289383690,18
1289402893,56
1289403900,23
1289409182,55
1289409845,102
1289411321,98
1289419269,19
1289435281,12
1289435641,1378
1289435661,18
1289445158,14
1289447490,269
1289449692,90
1289456372,23
1289458451,12
1289459154,26
1289468620,11
1289471395,18
1289475244,14
1289476943,270
1289479753,13
1289490233,74
1289500007,18
1289527697,15
1289539646,113
1289551526,99
1289566856,544
1289575092,15
1289578785,16
1289594768,107
1289595475,28
1289598388,112
1289599380,28
1289599396,27
1289606611,141
1289606934,91
1289612923,289
1289634070,18
1289635045,14
1289644132,14
1289647930,93
1289651398,16
1289657695,46
1289661113,755
1289663086,11
1289665394,34
1289678764,13
1289684445,26
1289708063,18
1289714083,12
1289717310,16
1289718189,25
1289722646,16
1289724268,314
1289726568,11
1289727060,11
1289727134,201
1289735643,13
1289737428,17
1289738717,24
1289739564,21
1289739593,16
1289742380,28
1289743790,2173
1289749597,16
1289751966,11
1289755707,2278
1289767911,83
1289770124,93
1289772049,12
1289772198,15
1289779378,14
1289781756,43
1289801839,35
1289805474,178
1289810924,35
1289811218,20
1289813626,33
1289815509,37
1289816372,52
1289817225,117
1289817233,13
1289834653,88
1289837195,59
1289847529,23
1289855202,38
1289858093,11
1289858698,512
1289868346,1370
1289871444,54
1289872092,20
1289880549,17
1289888557,120
1289903345,17
1289907287,12
1289908594,13
1289909279,19
1289910520,13
1289921008,10
1289921037,32
1289932122,107
1289949311,222
1289951235,526
1289958986,537
1289960958,13
1289968844,12
1289971944,77
1289973161,16
1289975833,7
1289984605,10
1289989219,14
1289997043,13
1289998730,15
1290003469,40
1290004323,17
1290014367,25
1290022584,218
1290025719,63
1290031396,33
1290036613,12
1290037030,57
1290039961,142
1290061411,38
1290062238,47
1290068976,127
1290069630,78
1290071994,33
1290081931,27
1290089254,17
1290098318,121
1290111917,24
1290112926,45
1290123560,100
1290127517,30
1290128725,12
1290130146,14
1290140058,11
1290146959,60
1290150257,205
1290164166,14
1290169280,18
1290185333,17
1290185701,38
1290219822,57
1290241977,43
1290251222,10
1290252911,20
1290258572,48
1290286902,20
1290325510,17
1290326260,325
1290327176,28
1290328251,21
1290335624,13
1290348818,14
1290354647,26
1290357699,31
1290361156,327
1290371866,13
1290411054,32
1290427326,96
1290432479,31
1290433922,14
1290440324,43
1290445936,340
1290461222,13
1290465737,23
1290474490,39
1290483547,52
1290484537,11
1290486035,15
1290494976,17
1290495061,16
1290507726,19
1290512486,30
1290519989,75
1290534164,20
1290534496,49
1290545197,22
1290547652,55
1290553178,13
1290553643,17
1290558619,33
1290565606,510
1290565686,250
1290590424,51
1290601520,23
1290601834,30
1290627511,18
1290646752,20
1290650156,25
1290650462,48
1290653606,306
1290660827,35
1290661234,67
1290680888,16
1290680922,53
1290682233,26
1290686701,21
1290686985,17
1290695545,14
1290696540,65
1290697920,107
1290700307,66
1290723062,16
1290728896,328
1290732504,13
1290749098,90
1290754906,17
1290757367,11
1290762482,33
1290767643,26
1290768088,227
1290768901,36
1290776864,12
1290782877,14
1290790488,14
1290799649,19
1290804584,12
1290807177,10
1290809573,61
1290823246,17
1290830352,15
1290838121,19
1290838935,11
1290852121,25
1290854596,688
1290857129,52
1290878523,12
1290884614,127
1290897015,23
1290897156,1072
1290898097,23
1290898656,65
1290900293,43
1290923480,15
1290927049,15
1290929180,12
1290933935,201
1290947992,61
1290950360,144
1290951560,27
1290952186,35
1290956546,30
1290960638,11
1290961602,78
1290979982,131
1290982812,12
1291007526,16
1291031738,47
1291031778,16
1291037585,66
1291037733,19
1291049617,13
1291074566,89
1291079909,11
1291080376,15
1291085789,21
1291088056,15
1291088888,18
1291092395,21
1291098094,601
1291098747,17
1291114277,150
1291115716,122
1291116871,25
1291123786,91
1291137394,13
1291146703,98
1291154771,69
1291155153,41
1291155173,21
1291157543,720
1291173264,32
1291173267,17
1291189671,14
1291203310,17
1291210160,526
1291214151,150
1291215338,12
1291221848,11
1291233408,104
1291242597,627
1291255325,2172
1291269550,12
1291280180,70
1291282235,23
1291286746,16
1291296643,16
1291297284,58
1291301285,33
1291305333,24
1291310024,12
1291322604,56
1291336189,12
1291336217,30
1291336838,37
1291339585,18
1291342338,22
1291351338,20
1291351498,13
1291360022,25
1291383899,10
1291387853,27
1291414309,111
1291421612,81
1291423504,22
1291424008,12
1291431281,73
1291441881,19
1291442636,31
1291455828,28
1291455926,20
1291466723,79
1291466969,5
1291468384,16
1291481144,19
1291490166,251
1291492779,28
1291498626,47
1291499934,36
1291501594,12
1291502015,990
1291502103,28
1291503861,417
1291527731,11
1291530267,238
1291531038,13
1291534737,70
1291536810,13
1291543949,12
1291544092,2246
1291571801,96
1291595187,12
1291604065,64
1291613802,1
1291618703,32
1291629775,16
1291629779,10
1291642855,112
1291643562,19
1291644553,25
1291658615,37
1291659044,156
1291660478,30
1291661471,120
1291673784,18
1291675170,14
1291688318,342
1291691703,94
1291693853,27
1291702016,12
1291709438,251
1291720073,23
1291727921,15
1291728144,52
1291729207,12
1291734043,64
1291741982,206
1291742788,79
1291744232,13
1291748193,32
1291765045,26
1291766087,31
1291773488,14
1291777847,13
1291779094,52
1291779342,37
1291781923,65
1291783779,5948
1291802228,14
1291808712,32
1291831530,23
1291834848,54
1291860076,169
1291886696,20
1291888782,112
1291892045,59
1291896819,277
1291901874,14
1291907563,39
1291915843,14
1291921955,92
1291923249,44
1291928218,558
1291931737,28
1291936449,93
1291937778,12
1291943729,12
1291950976,25
1291958928,234
1291962137,28
1291969904,66
1291971266,17
1291973553,12
1291974677,15
1291978751,37
1291984090,11
1291987214,28
1291988340,353
1291991682,36
1291993456,12
1291994110,269
1292006968,17
1292018156,14
1292028312,34
1292028472,18
1292033680,95
1292036695,19
1292072706,371
1292088940,581
1292122475,18
1292128802,63
1292146250,12
1292149371,19
1292158992,360
1292163871,22
1292170877,31
1292185453,12
1292186249,52
1292197111,116
1292208306,345
1292208583,47
1292215635,11
1292218441,22
1292223573,11
1292226955,12
1292249533,83
1292251343,23
1292253630,11
1292256306,46
1292265540,56
1292266680,674
1292267299,11
1292280196,14
1292280249,902
1292287896,15
1292290792,12
1292294946,14
1292295667,17
1292299068,11
1292302215,169
1292320543,23
1292336215,162
1292339579,17
1292341562,95
1292342255,139
1292354118,23
1292354210,75
1292362076,18
1292365126,80
1292373208,22
1292381040,14
1292384008,19
1292406637,1056
1292431002,54
1292434453,18
1292436887,521
1292440059,67
1292440486,24
1292447933,12
1292458106,50
1292458261,49
1292458276,62
1292462975,114
1292469953,15
1292472665,31
1292477439,87
1292480695,39
1292482053,196
1292493380,7
1292505690,311
1292512549,15
1292523720,19
1292529733,211
1292530568,18
1292532003,33
1292544026,858
1292548604,28
1292550079,38
1292567425,105
1292575405,14
1292581405,35
1292586353,25
1292588083,793
1292591034,29
1292593684,13
1292601409,137
1292602748,14
1292603082,934
1292611271,839
1292612825,11
1292617331,51
1292634875,11
1292652711,71
1292661106,37
1292661997,71
1292662826,63
1292666572,11
1292668977,179
1292670045,37
1292672931,389
1292678764,32
1292687159,63
1292688393,20
1292699127,18
1292704139,49
1292706893,13
1292707082,27
1292709273,132
1292725081,52
1292726463,77
1292729732,41
1292735425,11
1292747834,18
1292752293,15
1292756053,947
1292758637,1154
1292799650,22
1292803076,55
1292805205,22
1292810049,20
1292813857,254
1292815860,65
1292817311,97
1292818025,16
1292826636,13
1292842754,111
1292859223,29
1292864285,636
1292887429,15
1292893151,33
1292896360,12
1292904557,23
1292908333,138
1292915032,93
1292917621,28
1292920091,30
1292930883,26
1292937850,177
1292949057,27
1292959171,99
1292960437,35
1292961099,11
1292965534,14
1292967604,37
1292975337,13
1292983476,12
1292983646,52
1292995916,102
1293002033,182
1293011705,15
1293014571,317
1293016738,15
1293023344,115
1293023679,75
1293029871,33
1293047359,103
1293051640,283
1293054306,724
1293055082,63
1293060614,81
1293066810,38
1293079208,448
1293080938,14
1293082552,12
1293082777,14
1293089313,13
1293092240,12
1293097754,28
1293099389,12
1293121942,642
1293123016,23
1293128596,655
1293133470,192
1293133608,17
1293142835,777
1293144497,25
1293145788,25
1293146740,43
1293152736,23
1293153760,70
1293166992,61
1293174594,66
1293188585,29
1293204556,104
1293213640,11
1293219971,106
1293238217,64
1293242972,13
1293267652,48
1293275849,445
1293282148,15
1293287983,55
1293290940,466
1293297917,13
1293298064,133
1293302148,86
1293329788,183
1293335769,20
1293344456,215
1293344851,16
1293359656,14
1293366476,12
1293371220,889
1293372051,1558
1293373926,29
1293392008,65
1293394740,12
1293395679,33
1293400026,22
1293418144,16
1293424064,12
1293445504,54
1293450941,164
1293462979,19
1293473664,662
1293496062,153
1293499204,11
1293519413,22
1293522928,10
1293528120,17
1293528352,272
1293532831,13
1293536570,11
1293548427,413
1293565442,36
1293566414,24
1293583727,132
1293587084,28
1293591465,35
1293596948,11
1293597225,104
1293600453,1152
1293608593,854
1293617341,36
1293625280,12
1293627972,18
1293631192,87
1293640519,491
1293647745,27
1293670798,934
1293691564,95
1293698128,32
1293717587,30
1293717823,135
1293718969,184
1293725667,12
1293727298,93
1293729903,141
1293742072,240
1293743886,73
1293745475,11
1293746415,23
1293746575,43
1293747025,136
1293801504,44
1293806470,830
1293840610,35
1293842570,109
1293851627,11
1293861908,13
1293878496,16
1293889404,102
1293898786,42
1293924437,16
1293928825,43
1293935952,14
1293948993,309
1293950824,11
1293955244,27
1293963558,30
1293965946,171
1293975384,45
1294008777,97
1294032882,50
1294038867,11
1294058995,14
1294069826,12
1294075523,11
1294080817,14
1294094207,17
1294114499,44
1294119998,24
1294147380,11
1294157055,192
1294164685,80
1294200741,60
1294251753,11
1294259549,15
1294279713,13
1294301160,11
1294301448,11
1294305994,13
1294311895,11
1294326780,17
1294327901,23
1294335516,11
1294339931,181
1294369296,67
1294382024,52
1294390376,108
1294424063,13
1294427913,169
1294430749,38
1294440483,30
1294459630,72
1294466084,18
1294480204,20
1294485027,18
1294528581,17
1294541211,29
1294544128,985
1294544597,17
1294559854,15
1294560117,11
1294562764,433
1294565886,14
1294567068,87
1294586858,37
1294598436,32
1294604196,37
1294612352,924
1294614772,43
1294616380,219
1294624577,11
1294625255,34
1294626733,82
1294637523,547
1294651771,28
1294654664,53
1294665149,56
1294667605,17
1294673670,134
1294674709,11
1294677362,13
1294678204,131
1294679712,21
1294680964,25
1294682236,17
1294686811,132
1294697127,12
1294704254,130
1294722834,169
1294739070,175
1294760990,140
1294763382,14
1294778982,38
1294787951,134
1294799753,14
1294821660,168
1294849806,37
1294852002,18
1294874234,24
1294885537,43
1294904000,78
1294906029,33
1294907218,13
1294939035,76
1294942498,16
1294942686,43
1294956555,146
1294964139,939
1294964918,69
1294974964,168
1294980132,12
1294988947,391
1294991594,13
1295000646,18
1295002937,84
1295011810,12
1295012792,21
1295023708,14
1295039995,365
1295042547,14
1295046960,72
1295051598,109
1295060983,16
1295070151,66
1295073265,222
1295085779,14
1295092827,311
1295108547,42
1295117727,305
1295145837,16
1295154902,1284
1295162156,3
1295166457,22
1295167025,37
1295170501,52
1295183786,12
1295184546,12
1295185242,12
1295186092,17
1295193750,15
1295194584,13
1295196892,15
1295199205,13
1295206342,15
1295262141,13
1295282395,13
1295282888,4
1295293233,15
1295296921,40
1295298451,21
1295303557,15
1295310807,51
1295314945,165
1295320127,33
1295320736,53
1295344808,14
1295352755,19
1295357346,17
1295359708,37
1295363021,133
1295373582,11
1295383219,122
1295386434,13
1295387006,59
1295422942,12
1295438128,36
1295450141,87
1295470853,888
1295478728,14
1295482110,294
1295484476,52
1295495980,11
1295496217,14
1295510275,69
1295512859,15
1295515267,106
1295524525,27
1295531254,1614
1295543570,12
1295554023,106
1295577734,110
1295578280,18
1295581894,106
1295583883,22
1295584891,60
1295589978,11
1295590478,32
1295597289,76
1295614877,12
1295618902,63
1295624544,23
1295634529,28
1295648738,263
1295649165,105
1295650615,15
1295653490,33
1295653887,34
1295657237,11
1295658103,21
1295661278,19
1295663128,20
1295663977,10
1295676197,211
1295680592,4
1295688847,109
1295700623,2
1295708862,578
1295714815,17
1295752474,265
1295764899,16
1295765493,16
1295766600,28
1295768859,161
1295773286,1
1295801352,11
1295803985,30
1295809480,16
1295814352,23
1295829277,38
1295835040,139
1295852963,11
1295858816,40
1295864070,163
1295864331,40
1295872517,20
1295877973,12
1295901464,107
1295902352,16
1295906282,11
1295937847,140
1295965137,58
1295965620,62
1295967737,12
1295970455,104
1295972337,59
1295975920,16
1295985574,69
1295989621,38
1295989737,19
1295991094,28
1295994638,67
1295996145,13
1296000788,107
1296000930,51
1296010200,82
1296016994,44
1296021415,30
1296024548,1159
1296036886,2454
1296040105,31
1296041659,103
1296050346,608
1296055654,54
1296056515,19
1296072145,71
1296078951,15
1296083576,15
1296090089,20
1296102301,398
1296107475,781
1296111192,666
1296111638,30
1296111994,18
1296114889,40
1296119852,34
1296124729,11
1296129407,10
1296135579,26
1296135758,43
1296137450,11
1296138876,16
1296153067,15
1296163320,22
1296189318,29
1296190079,38
1296191071,14
1296243058,22
1296248129,57
1296250451,217
1296256899,11
1296260901,38
1296273774,15
1296300799,4289
1296301313,1055
1296302822,1069
1296312541,48
1296324767,127
1296326316,67
1296344930,526
1296347944,190
1296348059,18
1296349582,214
1296350812,59
1296354941,10
1296365237,279
1296370469,27
1296375920,532
1296381450,26
1296383855,148
1296385256,295
1296390238,13
1296397537,90
1296404338,135
1296408226,16
1296425754,13
1296432061,12
1296432740,70
1296434943,116
1296435222,21
1296438403,29
1296441594,59
1296444434,11
1296449838,76
1296450945,47
1296452875,15
1296462200,243
1296465177,13
1296471020,14
1296471449,1556
1296472403,140
1296476248,23
1296478978,39
1296484148,36
1296496065,821
1296507270,11
1296537614,11
1296544815,14
1296550039,175
1296553907,14
1296555600,34
1296557893,44
1296570575,43
1296573992,21
1296584227,13
1296585751,263
1296602376,85
1296607973,281
1296627757,960
1296635340,46
1296635666,15
1296643720,29
1296649748,18
1296661225,128
1296668674,25
1296672011,141
1296678306,318
1296678314,50
1296680841,1315
1296688714,41
1296688895,401
1296694442,12
1296711588,259
1296713807,13
1296717138,21
1296734416,12
1296738161,37
1296742217,17
1296751400,138
1296768326,92
1296774563,26
1296775646,28
1296780960,154
1296787820,29
1296792947,49
1296793921,32
1296808521,180
1296814267,12
1296817533,92
1296830362,28
1296833527,53
1296836072,235
1296841294,99
1296854989,136
1296861532,43
1296874887,63
1296882043,28
1296889061,22
1296900853,12
1296903699,17
1296904602,12
1296913096,222
1296922843,15
1296926351,13
1296926632,11
1296929824,13
1296931670,16
1296932035,84
1296935864,124
1296937336,11
1296941059,16
1296944672,23
1296959361,31
1296961913,71
1296963477,397
1296965951,81
1296980330,12
1296981871,55
1296982152,63
1297000919,25
1297003539,32
1297004839,28
1297007256,111
1297007799,14
1297010149,498
1297013313,72
1297019929,49
1297022212,119
1297029834,13
1297030348,19
1297030493,12
1297042736,31
1297049157,13
1297072142,98
1297075250,14
1297089591,187
1297090793,168
1297091782,20
1297099848,26
1297100398,92
1297115272,113
1297115450,99
1297117944,42
1297121898,33
1297147597,28
1297152948,55
1297155925,71
1297161149,21
1297163433,12
1297185351,22
1297186508,62
1297191394,137
1297197707,1
1297197942,97
1297198645,22
1297199648,23
1297201544,12
1297204247,0
1297208047,13
1297211063,48
1297212179,114
1297221666,16
1297241435,27
1297245314,61
1297248636,138
1297251847,19
1297263342,21
1297265714,17
1297278222,633
1297287351,12
1297290359,11
1297309880,11
1297313158,191
1297316519,6500
1297316564,179
1297317945,30
1297334206,82
1297337135,13
1297343152,34
1297344540,15
1297353293,18
1297368894,11
1297368927,20
1297376870,19
1297377707,12
1297379226,45
1297385317,17
1297385905,13
1297386092,40
1297386391,361
1297390767,14
1297390829,34
1297391498,34
1297393883,17
1297397966,20
1297400572,18
1297413550,17
1297414511,103
1297429458,65
1297429477,38
1297446091,14
1297448989,188
1297451632,11
1297461538,13
1297462855,18
1297466672,21
1297478882,31
1297479393,22
1297491478,15
1297510474,18
1297517585,11
1297526964,21
1297534990,32
1297538014,121
1297551407,11
1297553204,106
1297560051,19
1297560842,11
1297567382,29
1297572541,97
1297573774,29
1297574911,50
1297579661,32
1297579800,55
1297586900,32
1297595257,12
1297600783,15
1297607175,93
1297608111,69
1297611216,129
1297616368,14
1297633053,104
1297638533,136
1297643511,18
1297645533,1019
1297650803,19
1297660778,15
1297668161,39
1297680341,11
1297684377,16
1297691747,168
1297694352,68
1297701040,19
1297703342,33
1297709406,16
1297730581,17
1297738589,45
1297757117,21
1297762386,13
1297766097,20
1297776074,208
1297776908,128
1297780347,98
1297789435,19
1297797901,58
1297799377,177
1297814636,13
1297827159,119
1297831184,53
1297839489,11
1297874042,15
1297878371,121
1297899871,23
1297902282,83
1297912696,144
1297916761,22
1297920557,21
1297937750,22
1297941714,20
1297960940,10
1297972250,53
1297979369,482
1297980145,156
1297984221,102
1297985737,108
1297986858,17
1297987227,33
1297988963,102
1297991968,12
1297996943,63
1298001693,79
1298006204,13
1298013097,12
1298015891,12
1298021489,502
1298031533,160
1298034949,57
1298037639,233
1298047052,14
1298065682,63
1298073124,22
1298076016,18
1298084716,197
1298096233,25
1298105768,22
1298108536,39
1298112590,38
1298115146,115
1298121347,16
1298124536,331
1298127389,56
1298128822,14
1298139536,13
1298139770,14
1298145673,149
1298153351,43
1298158902,66
1298164075,212
1298174000,18
1298175867,20
1298176929,11
1298186451,23
1298188743,40
1298189234,862
1298191005,35
1298203529,35
1298208279,25
1298209482,14
1298212519,11
1298216311,33
1298216890,22
1298217981,11
1298228264,21
1298235708,18
1298244810,1368
1298248424,27
1298265782,184
1298271854,32
1298282884,99
1298282939,133
1298301815,704
1298301851,11
1298306683,46
1298311899,14
1298314398,16
1298317899,31
1298319935,11
1298324581,107
1298330759,15
1298330762,149
1298335317,12
1298337778,12
1298351236,12
1298351661,12
1298354563,58
1298354719,40
1298358083,28
1298373096,21
1298373549,19
1298381505,51
1298389464,27
1298394175,125
1298402208,22
1298402291,22
1298402884,100
1298416012,16
1298420807,17
1298427761,43
1298430385,11
1298441011,94
1298444438,33
1298458766,121
1298481506,17
1298494423,27
1298500250,50
1298511776,11
1298514297,20
1298518446,14
1298522061,26
1298524881,16
1298526427,12
1298531535,24
1298540929,159
1298568456,15
1298569568,45
1298598437,21
1298605985,35
1298611557,193
1298624897,11
1298661166,21
1298661864,51
1298662780,44
1298664835,27
1298677021,16
1298696137,8553
1298699871,26
1298699946,12
1298703923,21
1298710636,108
1298717535,18
1298735948,202
1298757994,19
1298760593,176
1298761206,25
1298776816,56
1298780689,108
1298781357,112
1298783167,42
1298783547,13
1298794128,51
1298803736,33
1298809265,12
1298809747,20
1298817286,55
1298818939,32
1298823265,11
1298825209,1752
1298833847,28
1298834861,13
1298835702,29
1298841963,13
1298849251,212
1298852328,53
1298872729,12
1298874131,17
1298890469,28
1298890549,1550
1298907438,11
1298912593,28
1298912749,77
1298912807,225
1298916380,41
1298933079,96
1298948475,17
1298954696,89
1298962178,16
1298962714,106
1298977090,462
1298994476,13
1298997344,30
1298998324,1666
1299013183,13
1299021024,11
1299021923,20
1299023861,234
1299043514,275
1299058088,95
1299059228,420
1299064384,18
1299071115,17
1299074098,17
1299075417,33
1299075519,318
1299075525,28
1299086165,22
1299096615,28
1299098282,15
1299101460,19
1299102186,16
1299103445,25
1299104550,71
1299108987,156
1299109556,159
1299110267,13
1299119693,16
1299120455,12
1299128832,14
1299132400,14
1299132437,15
1299133936,210
1299153287,41
1299172984,22
1299183411,46
1299193892,13
1299196724,20
1299225226,111
1299227072,793
1299238284,17
1299238433,141
1299239337,51
1299248993,19
1299251844,14
1299255113,161
1299261309,18
1299266129,249
1299274014,18
1299283711,14
1299297301,72
1299299202,32
1299300597,20
1299306532,178
1299316742,65
1299322393,19
1299326490,20
1299332215,20
1299332376,136
1299332647,17
1299352195,52
1299359887,21
1299363480,18
1299377098,54
1299377596,79
1299381557,158
1299391180,138
1299391914,24
1299395003,14
1299402689,38
1299405532,106
1299411037,14
1299415612,106
1299421080,14
1299424782,18
1299427635,12
1299436675,61
1299444163,82
1299446983,132
1299449396,14
1299454616,28
1299460293,506
1299469235,17
1299472893,219
1299481757,18
1299483807,62
1299499111,51
1299501821,11
1299504474,170
1299510850,15
1299516451,43
1299518666,348
1299521785,20
1299531705,18
1299534286,14
1299542547,162
1299544119,32
1299550692,67
1299564899,21
1299570761,30
1299573741,40
1299585779,21
1299592457,12
1299593939,24
1299608688,85
1299619059,51
1299619868,413
1299627068,62
1299628213,21
1299635121,71
1299639457,153
1299641278,11
1299650759,18
1299691584,169
1299702144,12
1299704239,13
1299711281,20
1299715232,39
1299734316,185
1299750967,97
1299751691,0
1299769220,10150
1299770029,11
1299809384,14
1299811667,59
1299816105,12
1299820860,523
1299827099,177
1299833043,28
1299839177,22
1299847522,13
1299849814,20
1299851932,23
1299864365,18
1299869694,36
1299885911,485
1299896218,89
1299907984,38
1299929539,14
1299936609,423
1299946390,19
1299946731,11
1299948312,39
1299952233,367
1299952957,82
1299953207,25
1299963641,79
1299964707,12
1299965162,51
1299966529,460
1299969979,79
1299969985,25
1299980464,49
1299986260,65
1299986993,22
1300023993,159
1300024503,417
1300030250,26
1300037652,11
1300040942,90
1300044327,11
1300059342,83
1300071253,16
1300071984,26
1300084498,52
1300088092,29
1300107229,37
1300108628,186
1300123581,184
1300130121,22
1300134200,142
1300140564,48
1300144318,129
1300145782,172
1300146141,17
1300153697,281
1300163727,16
1300164869,16
1300165290,141
1300168072,141
1300171107,128
1300173275,712
1300181963,106
1300184722,23
1300197094,18
1300200526,13
1300204002,129
1300204425,637
1300211152,141
1300212740,73
1300220661,126
1300229326,19
1300230372,89
1300237368,140
1300241319,19
1300242971,127
1300259063,140
1300265377,140
1300269999,18
1300271089,40
1300271177,41
1300271266,40
1300271366,42
1300271521,41
1300273081,39
1300277628,145
1300282659,81
1300282686,17
1300286845,58
1300287685,10
1300290874,28
1300293955,26
1300293986,178
1300295755,17
1300296756,16
1300301101,39
1300333512,139
1300337557,41
1300342376,15
1300346777,11
1300374453,122
1300393596,0
1300401366,27
1300402437,63
1300418295,423
1300426327,11
1300430658,60
1300438415,21
1300442898,87
1300446024,14
1300446537,129
1300459912,37
1300470235,24
1300484864,191
1300502001,61
1300521661,13
1300523446,57
1300531108,23
1300537112,12
1300541341,91
1300541916,53
1300555995,652
1300568623,13
1300573378,51
1300576199,14
1300577620,27
1300585573,16
1300589372,25
1300596785,95
1300599779,99
1300600847,20
1300608745,13
1300610806,29
1300611018,186
1300612704,2128
1300619513,20
1300628885,19
1300631934,57
1300644821,26
1300652164,22
1300660330,32
1300666568,40
1300667851,20
1300682631,24
1300707779,15
1300711133,14
1300713717,27
1300715013,30
1300719974,244
1300725289,20
1300735116,28
1300757259,71
1300781672,138
1300791877,42
1300815089,13
1300819170,269
1300825690,12
1300825775,856
1300827846,15
1300835670,22
1300838692,13
1300842713,16
1300874608,12
1300882050,13
1300901348,25
1300901573,13
1300902838,26016
1300907089,41
1300919728,17
1300920852,22
1300925674,13
1300926657,35
1300955288,13
1300982703,64
1300983367,16
1300983387,241
1300991151,317
1300993394,14
1300995235,36
1301005835,35
1301016329,23
1301017059,16
1301035913,24
1301065951,27
1301067430,20
1301073151,75
1301073295,12
1301078425,46
1301103236,105
1301105296,305
1301107406,12
1301120666,40
1301131750,204
1301135117,22
1301140584,129
1301140808,13512
1301143981,16
1301149423,23
1301150154,15
1301161602,14
1301161752,213
1301178592,62
1301196895,215
1301197444,18
1301199747,35
1301201613,153
1301214182,14
1301224634,30
1301231972,224
1301238021,109
1301246878,21
1301254363,11
1301254884,244
1301262267,25
1301266742,42
1301269170,26
1301277455,18
1301292883,27
1301304056,61
1301304237,87
1301312343,165
1301318281,21
1301322902,24
1301323244,21
1301337818,139
1301347593,13
1301348114,99
1301348989,13
1301356813,12
1301366518,31
1301371493,15
1301373645,17
1301374527,26
1301376039,183
1301376665,15
1301386747,63
1301389817,13
1301401232,21
1301419178,18
1301421907,12
1301439040,27
1301445158,27
1301448027,43
1301454477,17
1301455815,25
1301458181,18
1301463756,11
1301466742,0
1301469329,94
1301471093,15
1301472408,13
1301485123,1451
1301485816,432
1301486204,11
1301491918,46
1301492559,46
1301493865,20
1301494149,12
1301498505,43
1301498945,156
1301502264,44
1301503296,12
1301518021,44
1301525143,23
1301527869,37
1301528097,64
1301533608,101
1301540478,140
1301558649,17
1301563271,154
1301565741,15
1301570059,242
1301575666,11
1301596482,70
1301597356,14096
1301607598,1190
1301611769,17
1301639709,20
1301640367,149
1301641528,27
1301643310,31
1301645599,149
1301647948,11
1301650386,13
1301653337,677
1301657572,598
1301667013,46
1301672719,652
1301683816,377
1301693327,33
1301707902,12
1301709626,66
1301725592,17
1301738357,15
1301756334,30
1301774983,45
1301788801,11
1301790724,41
1301793165,12
1301796528,56
1301809788,12
1301812872,48
1301819599,17
1301841465,52
1301842269,13
1301856089,61
1301856519,54
1301861241,30
1301870117,23
1301875103,15
1301898837,47
1301903391,173
1301910694,12
1301917947,26
1301934220,12
1301938254,17
1301958727,16
1301967069,11
1301969071,24
1301983899,75
1301987551,26
1301992438,22
1301993377,12
1301998668,14
1302005433,19
1302010381,20
1302014092,13
1302019080,244
1302019326,50
1302029387,31
1302029423,21
1302030647,15
1302031002,117
1302033406,11
1302037370,18
1302045369,68
1302055571,11
1302067941,21
1302077273,1234
1302080030,15
1302087529,12
1302093382,425
1302124928,29
1302126016,11
1302130459,12
1302164086,29
1302170043,123
1302170604,24
1302172683,872
1302190660,64
1302193564,12
1302201356,13
1302202107,59
1302202880,35
1302223856,55
1302242606,18
1302252210,126
1302262750,124
1302268312,21
1302269184,21
1302273154,90
1302277405,22
1302287414,68
1302291872,21
1302296412,18
1302297046,16
1302297836,33
1302314093,14
1302315783,31
1302319451,51
1302326901,22
1302327379,24
1302329332,93
1302335558,26
1302375379,92
1302393186,16
1302398032,1952
1302409680,860
1302413366,18
1302419828,43
1302426780,31
1302427034,22
1302442495,11
1302448737,380
1302459541,60
1302460137,164
1302464336,14
1302471470,20
1302482437,28
1302483274,96
1302484474,26
1302494840,13
1302496224,961
1302501377,14
1302513724,35
1302521362,30
1302522817,13
1302531339,163
1302544971,205
1302549724,117
1302552260,14
1302584359,28
1302595848,76
1302610309,18
1302615481,25
1302629692,33
1302634008,20
1302637373,13
1302641378,55
1302643506,106
1302655029,12
1302657908,21
1302669715,24
1302690078,1826
1302692944,46
1302701321,31
1302709654,15
1302734131,17
1302746638,21
1302754015,13
1302754323,31
1302756008,1455
1302761259,76
1302778457,24
1302780148,26
1302793047,39
1302800669,17
1302801301,20
1302802371,112
1302812797,11
1302835106,12
1302855458,30
1302856834,16
1302875835,13
1302888707,39
1302893901,15
1302911872,78
1302914488,30
1302915552,344
1302920880,23
1302925060,72
1302937875,28
1302938232,24
1302959913,11
1302961227,43
1302962846,77
1302984367,105
1302986554,1085
1302987358,34
1302988703,72
1303008060,96
1303020015,287
1303030097,60
1303043661,16
1303050614,20
1303051373,17
1303057578,14
1303075050,382
1303082204,199
1303090597,15
1303104453,56
1303104741,14
1303106583,34
1303110640,43
1303111815,31
1303113964,43
1303123981,20
1303124963,83
1303160078,27
1303179284,13
1303197338,45
1303207414,52
1303214804,40
1303225493,14
1303228846,14
1303237716,19
1303245406,12
1303253010,102
1303257127,95
1303258850,3230
1303265999,183
1303275522,11
1303286155,28
1303294638,43
1303299294,17
1303306436,35
1303311265,11
1303315918,225
1303322746,32
1303323911,195
1303358961,15
1303365335,34
1303388198,403
1303415892,18
1303424682,13
1303426000,29
1303430390,90
1303433856,12
1303444609,1587
1303452678,89
1303463449,137
1303475491,40
1303494416,1193
1303499948,14
1303503512,26
1303504717,103
1303510493,15
1303516931,571
1303528937,70
1303535947,12
1303542206,69
1303546492,125
1303558514,172
1303563430,52
1303576851,1236
1303602767,13
1303608426,30
1303612962,33
1303627608,25
1303631320,12
1303635921,12
1303648567,45
1303649436,12
1303650717,16
1303654689,27
1303659182,120
1303663690,40
1303663929,17
1303665181,71
1303694788,19
1303698387,16
1303700237,18
1303711609,770
1303715087,219
1303720794,26
1303725660,34
1303760460,29
1303763995,33
1303772993,11
1303775804,26
1303777396,15
1303780153,29
1303792328,24
1303808471,37
1303816773,18
1303823150,11
1303829880,2688
1303838051,11
1303840800,97
1303843138,49
1303846871,24
1303848201,110
1303848744,13
1303852154,16
1303852365,15
1303856272,24
1303862796,11
1303882206,12
1303900797,51
1303908751,21
1303913048,18
1303935999,14
1303942681,57
1303943786,18
1303945692,40
1303951648,145
1303954218,28
1303954895,18
1303964380,14
1303967338,21
1303967412,41
1303968701,12
1303972604,12
1303984411,52
1303989795,11
1303993210,12
1303996759,18
1304005951,14
1304007356,22
1304009131,48
1304012236,85
1304014128,62
1304019895,92
1304024914,33
1304027230,150
1304050127,11
1304052892,18
1304056775,218
1304080289,62
1304094516,53
1304107002,20
1304125705,21
1304129036,1074
1304146485,23
1304149672,195
1304152620,19
1304159264,6318
1304160686,11
1304174300,227
1304196000,13
1304196094,20
1304207622,4483
1304222831,149
1304225766,13
1304226508,12
1304229261,527
1304232661,42
1304234956,22
1304237262,46
1304238224,17
1304238567,82
1304242618,25
1304246254,12
1304260727,46
1304294655,11
1304306112,23
1304315081,102
1304318009,14
1304322497,51
1304333897,29
1304335866,30
1304336034,12
1304337507,41
1304341067,35
1304347403,11
1304349828,80
1304349839,20
1304351988,12
1304355918,16
1304359065,200
1304373890,19
1304378523,38
1304378982,36
1304380332,12
1304384931,66
1304397764,15
1304404625,13
1304407094,156
1304420160,11
1304423757,31
1304431028,124
1304442749,21
1304443708,14
1304444662,43
1304451904,187
1304467806,57
1304471702,92
1304473868,27
1304488632,33
1304488811,23
1304493978,21
1304495415,121
1304495445,14
1304501122,52
1304506703,32
1304517830,20
1304518726,131
1304519591,39
1304520950,15
1304526833,13
1304529385,174
1304529863,64
1304537180,16
1304537472,78
1304539881,16
1304542808,47
1304556871,32
1304559533,29
1304567127,47
1304567934,24
1304583136,13
1304586137,18
1304591688,25
1304593240,11
1304593880,19
1304594889,12
1304597154,21
1304599770,31
1304607940,12
1304610471,12
1304628219,13
1304628584,20
1304631348,34
1304632302,43
1304642476,13
1304663770,174
1304669452,48
1304671769,51
1304679633,32
1304680116,56
1304682395,17
1304694242,27
1304694611,27
1304696083,99
1304696714,1022
1304697544,17
1304731994,26
1304734752,19
1304747155,150
1304750838,3
1304753624,28
1304758893,76
1304766813,51
1304775452,101
1304785049,24
1304794847,33
1304799387,34
1304802486,18
1304806937,30
1304821256,15
1304827709,0
1304828386,39
1304828882,0
1304832932,48
1304837172,61
1304837388,15
1304837809,91
1304843457,207
1304856087,31
1304862483,25
1304863350,14
1304888461,70
1304901279,70
1304911834,16
1304914989,13
1304923286,35
1304926283,113
1304927496,199
1304930510,28
1304935616,12
1304937943,88
1304957651,1239
1304962944,11
1304963373,34
1304980197,13
1304985779,75
1304988216,19
1304995104,17
1304995293,19
1304997851,109
1305001221,104
1305002900,11
1305005489,13
1305006110,13
1305016405,14
1305019885,12
1305021260,23
1305036742,15
1305037983,164
1305045450,11
1305045933,35
1305046490,29
1305049060,11
1305054288,17
1305056966,130
1305056996,30
1305058794,700
1305081749,43
1305087722,18
1305087895,40
1305091317,31
1305103103,80
1305115824,147
1305117762,76
1305120640,133
1305129752,61
1305133774,103
1305146030,38
1305148975,137
1305151705,69
1305155356,13
1305155429,34
1305161350,22
1305176990,16
1305177869,12
1305178119,308
1305179696,79
1305184384,18
1305186432,21
1305188958,18
1305192376,328
1305195833,14
1305199771,21
1305202283,84
1305213459,27
1305213711,26
1305226250,26
1305228500,16
1305235960,27
1305236221,15
1305243497,2563
1305247069,20
1305260901,11
1305262154,91
1305266704,18
1305267585,202
1305271574,47
1305279821,28
1305280727,16
1305283849,191
1305286302,18
1305295802,18
1305303119,11
1305317087,29
1305322797,125
1305325533,51
1305351688,20
1305361578,77
1305361794,64
1305375036,37
1305383508,1649
1305384204,31
1305391575,96
1305402694,63
1305405354,109
1305421235,460
1305422688,150
1305428722,124
1305435762,11
1305444772,149
1305457480,124
1305464963,13
1305466278,473
1305472088,11
1305475154,59
1305475918,278
1305476274,16
1305486782,15
1305490851,201
1305492582,25
1305498575,720
1305507742,38
1305508043,54
1305509209,11
1305514578,16
1305525627,11
1305527469,21
1305535459,42
1305540288,73
1305545535,349
1305549420,20
1305550169,11
1305551862,682
1305553926,12
1305556195,117
1305561172,21
1305570895,17
1305587608,76
1305588644,13
1305591013,23
1305592881,11
1305603066,16
1305606229,148
1305616760,14
1305624022,466
1305625451,34
1305628084,58
1305637317,14
1305651780,13
1305660185,17
1305662208,13
1305662779,29
1305663861,6276
1305667339,66
1305679958,26
1305682786,17
1305699858,11
1305704141,58
1305707360,24
1305709115,19
1305715709,21
1305721097,15
1305731992,35
1305741457,180
1305741622,23
1305744986,52
1305755468,70
1305772131,166
1305773751,15
1305774331,80
1305780550,47
1305782176,25
1305788388,20
1305789974,30
1305790403,13
1305792661,74
1305796151,151
1305797201,86
1305803446,272
1305806069,29
1305806147,37
1305812425,28
1305814109,82
1305814495,19
1305816675,20
1305818123,33
1305824431,15
1305828240,43
1305841714,44
1305844835,118
1305848083,13
1305848792,11
1305853976,11
1305862430,22
1305863428,13
1305863751,14
1305864535,32
1305877496,74
1305892412,11
1305900997,12
1305904986,51
1305919833,56
1305923374,14
1305945075,289
1305949408,9
1305990791,81
1306012498,293
1306022100,15
1306026425,20
1306027397,20
1306036902,116
1306049663,12
1306054893,12
1306059784,36
1306061660,15
1306065843,2869
1306100351,16
1306119612,28
1306128367,15024
1306128677,18
1306129196,45
1306136148,16
1306138051,12
1306142266,68
1306145188,14
1306154480,38
1306154585,88
1306167802,12
1306169988,122
1306183965,60
1306195002,78
1306195025,11
1306196215,43
1306213287,53
1306234870,27
1306237950,43
1306263750,16
1306272254,41
1306272949,254
1306273589,44
1306275910,33
1306277970,12
1306298776,97
1306302333,26
1306308600,25
1306313813,17
1306318768,239
1306319469,19
1306319471,21
1306319479,20
1306326204,252
1306330232,20
1306331131,18
1306332390,12
1306335487,34
1306342221,14
1306353245,32
1306364195,134
1306378942,81
1306386497,25
1306401233,22
1306402179,8
1306402746,8
1306405145,13
1306408422,106
1306410375,12
1306411267,17
1306413888,32
1306427790,23
1306430083,529
1306439313,29
1306443880,1017
1306446403,111
1306447506,497
1306448176,61
1306448250,11
1306451998,20
1306471514,14
1306476560,27
1306482063,165
1306485176,96
1306493579,11
1306494403,57
1306496047,42
1306496060,118
1306498057,14
1306500877,46
1306503677,871
1306505953,44
1306509662,39
1306512034,36
1306537922,29
1306539048,42
1306551257,24
1306551587,108
1306568539,142
1306578822,52
1306586377,34
1306595286,189
1306600992,24
1306607268,206
1306613830,201
1306616266,33
1306619570,43
1306633324,12
1306637593,15
1306656310,125
1306657349,12
1306659537,51
1306662378,124
1306664176,368
1306694574,59
1306697289,11
1306706347,36
1306722822,2418
1306725865,58
1306727166,16
1306733753,1410
1306736699,44
1306741502,15
1306743583,269
1306758289,1302
1306768200,1888
1306781567,19
1306804150,132
1306826997,43
1306834767,58
1306836270,305
1306846091,20
1306848735,20
1306851637,9
1306851819,21
1306859228,12
1306869516,7
1306872292,6
1306876863,5
1306882201,16
1306883915,20
1306885243,16
1306886896,37
1306900312,1
1306905377,16
1306907703,36
1306912075,0
1306912613,69
1306918164,1092
1306932520,71
1306938692,25
1306959362,18
1306960192,22
1306969596,131
1306985935,122
1306986142,12
1306989887,1996
1307004566,34
1307024852,30
1307025984,211
1307038453,1
1307060259,17
1307065127,13
1307068134,61
1307070667,183
1307074936,22
1307084089,327
1307084846,130
1307093709,11
1307096111,26
1307097672,47
1307100597,15
1307104496,88
1307110961,12
1307119235,69
1307122649,14
1307122986,12
1307125130,11
1307144877,20
1307154301,301
1307157054,56
1307160977,67
1307161130,80
1307168916,16
1307169447,89
1307178612,12
1307178735,99
1307179412,25
1307180092,12
1307183421,14
1307194740,29
1307195678,11
1307197725,252
1307202159,292
1307203323,76
1307213552,49
1307221879,44
1307230282,14
1307234647,13
1307244279,54
1307248901,51
1307252454,1261
1307266417,119
1307270186,17
1307270471,15
1307270857,55
1307285110,107
1307328321,76
1307341214,27
1307347876,13
1307350189,298
1307351082,39
1307354870,14
1307359698,65
1307372176,17
1307376509,105
1307379556,248
1307383231,2580
1307394829,14
1307404521,11
1307409549,12
1307416356,12
1307425320,23
1307432618,81
1307448787,101
1307465082,16
1307467681,31
1307476583,15
1307486190,1540
1307488192,20
1307488992,192
1307489758,14
1307514479,90
1307527826,21
1307540755,12
1307547413,12
1307556669,12
1307559411,40
1307567870,76
1307568662,2785
1307584540,52
1307588143,44
1307596191,24
1307603352,51
1307624256,20
1307628678,12
1307633669,61
1307643131,12
1307646804,16
1307649454,43
1307649953,80
1307671429,18
1307672574,11
1307673508,36
1307679581,1964
1307694207,22
1307697837,60
1307703830,163
1307704843,12
1307713600,21
1307720625,17
1307733763,81
1307742719,20
1307746958,12
1307751634,25
1307762938,336
1307767186,22
1307773072,38
1307773457,12
1307773990,25
1307787792,90
1307790733,111
1307805451,45
1307807240,36
1307809022,25
1307815143,14
1307817867,20
1307818034,85
1307821649,30
1307831948,13
1307836085,22
1307873912,27
1307885966,33
1307893307,23
1307896324,14
1307911548,53
1307913805,18
1307918371,15
1307944394,45
1307949895,11
1307952399,22
1307954344,108
1307966960,25
1307972723,16
1307984484,213
1307987666,55
1307990988,12
1307992645,28
1308019466,23
1308040005,82
1308045091,23
1308097408,17
1308102087,39
1308110606,16
1308122629,53
1308123071,25
1308124634,89
1308138907,18
1308149332,280
1308192854,11
1308206794,16
1308229925,12
1308234922,3013
1308268969,73
1308288667,123
1308295979,64
1308316384,25
1308326597,27
1308327451,20
1308331067,17
1308334569,20
1308336615,19
1308340659,11
1308352598,23
1308359696,14
1308361498,42
1308364098,18
1308369084,54
1308381095,12
1308397376,53
1308398292,13
1308400131,20
1308404399,266
1308410531,25
1308414454,11
1308419721,43
1308444605,28
1308447765,55
1308448263,98
1308448270,299
1308458265,53
1308458354,389
1308460307,666
1308461658,14
1308479983,42
1308481724,39
1308482715,22
1308499720,13
1308503336,16
1308519003,11
1308521113,57
1308521559,145
1308530009,95
1308535464,32
1308538112,118
1308545018,22
1308548569,28
1308555341,22
1308558657,274
1308565466,16
1308567776,13
1308579255,19
1308593621,375
1308599537,88
1308602622,37
1308603606,32
1308612950,177
1308618376,14
1308622617,57
1308635689,47
1308635795,17
1308648534,611
1308673015,19
1308686491,147
1308708421,97
1308739986,22
1308745348,15
1308747824,19
1308758430,19
1308759155,26
1308766310,13
1308779766,23
1308788921,20
1308795025,302
1308801528,36
1308805179,42
1308813487,96
1308815776,56
1308834602,19
1308844682,23
1308850915,42
1308865998,24
1308867877,42
1308873515,84
1308878403,32
1308921817,22
1308924757,70
1308942123,414
1308959443,58
1308968509,16
1309035989,15
1309048757,304
1309051991,19
1309088427,20
1309088889,166
1309091925,108
1309102418,2289
1309107879,125
1309116723,34
1309124917,17
1309135706,209
1309137852,15
1309144942,12
1309151187,42
1309160635,13
1309164822,22
1309188262,13
1309225609,13
1309245485,13
1309246845,73
1309249926,39
1309280330,15
1309282831,549
1309286742,12
1309341321,224
1309343607,13
1309348250,68
1309349093,13
1309360788,43
1309370339,17
1309385521,20
1309391856,16
1309399723,281
1309403290,12
1309407208,25
1309410209,12
1309425913,44
1309433170,14
1309433504,76
1309435192,36
1309437536,533
1309451980,3312
1309472658,17
1309476358,153
1309487694,25
1309499087,1113
1309505221,1281
1309510538,39
1309540034,19
1309545902,16
1309553976,23
1309554690,254
1309561049,13
1309581098,13
1309583104,13
1309585508,1056
1309586086,45
1309586764,11
1309587458,169
1309597733,19
1309601929,22
1309605115,13
1309611294,20
1309617936,32
1309620561,12
1309631593,13
1309640971,38
1309647838,66
1309661157,13
1309661906,200
1309664593,75
1309664986,79
1309668849,124
1309671224,34
1309676304,51
1309680814,14
1309681281,19
1309681855,219
1309681945,20
1309687875,16
1309697928,16
1309703648,49
1309704070,23
1309709313,47
1309712229,15
1309737637,68
1309738430,16
1309751899,4165
1309759774,101
1309760179,68
1309781127,93
1309782162,22
1309790222,32
1309793819,22
1309799622,26
1309804498,25
1309804746,24
1309815142,30
1309818833,56
1309830743,16
1309831189,23
1309832934,20
1309836866,218
1309846497,26
1309846574,74
1309857238,141
1309873735,18
1309889408,19
1309902610,96
1309907019,31
1309914275,11
1309929858,13
1309939393,13
1309949076,66
1309960637,14
1309963061,13
1309964649,29
1309965117,57
1309966437,24
1309972807,27
1309976848,11
1309990836,1
1309992998,66
1309994258,23
1309996887,21
1309997615,23
1310007456,27
1310007689,13
1310013986,446
1310014869,347
1310038761,18
1310045865,11
1310057619,4158
1310066833,63
1310082015,27
1310097724,42
1310109196,235
1310126867,207
1310139882,43
1310140413,11
1310156788,28
1310159401,36
1310161451,43
1310162837,1079
1310169028,11
1310187403,15
1310191503,78
1310199195,15
1310208173,30
1310243342,100
1310243752,57
1310254507,22
1310260640,54
1310271207,227
1310274020,51
1310274582,50
1310285353,92
1310294466,99
1310296661,69
1310307310,255
1310309392,57
1310313058,12
1310314263,32
1310314499,18
1310318281,1
1310363431,41
1310380073,72
1310383349,17
1310396953,18
1310406084,23
1310428322,170
1310429236,58
1310450222,17
1310451183,12
1310474846,78
1310495129,11
1310500533,14
1310505194,19
1310538762,77
1310543401,152
1310577552,26
1310586510,102
1310594307,83
1310601561,124
1310610581,25
1310624440,240
1310624630,661
1310629295,23
1310630466,29
1310632392,22
1310635707,16
1310636883,13
1310641242,19
1310650417,17
1310665145,15
1310666689,1822
1310679785,45
1310681525,16
1310682277,29
1310685702,12
1310687669,38
1310691580,963
1310692055,26
1310694908,12
1310696198,17
1310700974,92
1310705177,5
1310705824,39
1310715414,206
1310716843,169
1310727310,26
1310736783,15
1310741811,424
1310748800,192
1310757100,138
1310757503,11
1310758816,1225
1310767243,131
1310767575,18
1310782328,26
1310785779,15
1310788413,24
1310791404,385
1310798572,16
1310813330,262
1310819016,25
1310825919,56
1310830484,66
1310844245,38
1310847317,1099
1310858736,11
1310865330,310
1310871684,21
1310874500,130
1310885424,34
1310891138,90
1310902433,175
1310922073,14
1310922614,14
1310937286,13
1310940802,81
1310964744,30
1310966347,46
1310967763,56
1310968158,161
1310973801,46
1310976735,28
1310981351,93
1310982497,62
1311000158,69
1311000427,32
1311004634,15
1311007832,11
1311043182,11
1311058503,52
1311071006,18
1311073479,11
1311085469,179
1311089623,14
1311096964,47
1311097438,11
1311098573,15
1311108439,2535
1311124886,26
1311138783,12
1311147433,55
1311153410,354
1311160595,13
1311163719,44
1311174165,77
1311175410,23
1311186098,25
1311196031,16
1311213274,40
1311225763,642
1311242301,33
1311245795,65
1311250427,69
1311257557,1
1311273226,20
1311304578,95
1311307019,42
1311313529,353
1311345774,11
1311345825,12
1311349557,25
1311384232,1094
1311394991,11
1311401615,11
1311411474,98
1311422733,13
1311424418,29
1311425451,12
1311437062,25
1311468146,35
1311473088,43
1311485484,90
1311491381,87
1311494325,24
1311500998,17
1311501610,17
1311502074,18
1311502709,19
1311503215,17
1311503723,12
1311504457,16
1311505830,12
1311529044,17
1311535386,11
1311562347,13
1311578618,21
1311581613,15
1311615093,21
1311616339,42
1311630122,38
1311640403,53
1311664525,164
1311668806,61
1311672561,11
1311673540,23
1311678225,156
1311686694,46
1311697330,100
1311705381,78
1311705407,14
1311706813,30
1311716728,173
1311726422,21
1311732585,23
1311737455,12
1311739668,19
1311740729,25
1311747864,26
1311760177,21
1311760221,11
1311762905,57
1311769536,56
1311777322,28
1311777851,15
1311803282,18
1311807280,43
1311807406,174
1311829424,11
1311833401,24
1311854354,137
1311869304,12
1311892484,13
1311901064,61
1311914043,64
1311921003,150
1311928786,11
1311936638,39
1311956660,23
1311957569,48
1311964297,44
1311974330,11
1311982302,19
1311998459,52
1312008708,113
1312026582,113
1312027571,26
1312029783,210
1312033853,22
1312038136,14
1312038724,47
1312044413,14
1312044635,22
1312045449,19
1312049432,23
1312049524,343
1312051024,17
1312052589,19
1312055438,19
1312055731,17
1312056523,17
1312070559,45
1312086672,60
1312090216,11
1312098151,13
1312117697,134
1312126862,18
1312139641,13
1312142639,668
1312146061,23
1312150421,129
1312150651,48
1312153246,125
1312158011,71
1312158335,1465
1312161341,90
1312193222,115
1312196199,19
1312196547,13
1312198605,169
1312220956,292
1312224999,50
1312228909,16
1312239443,15
1312245950,400
1312247338,67
1312249564,21
1312257227,3264
1312258286,11
1312278161,21
1312280882,273
1312288602,300
1312292672,53
1312306755,25
1312341145,11
1312346598,56
1312346934,66
1312375880,168
1312403743,17
1312406410,29
1312422942,71
1312424308,13
1312428500,37
1312438113,19
1312446183,101
1312462049,12
1312466494,48
1312473145,63
1312477654,92
1312485662,140
1312488824,490
1312493082,14
1312517093,33
1312530712,13
1312532956,13
1312538053,13
1312540818,36
1312543008,17
1312545580,36
1312545887,59
1312546480,85
1312547265,33
1312551044,109
1312554298,674
1312554404,455
1312563136,14
1312564120,67
1312574524,18
1312580372,89
1312590850,81
1312591765,199
1312609286,542
1312610893,23
1312612110,11
1312619737,482
1312627260,62
1312661484,11
1312665350,252
1312680132,49
1312683471,11
1312685460,35
1312693131,15
1312693622,17
1312698116,34
1312710283,228
1312716448,125
1312723278,232
1312728158,14
1312729279,113
1312738975,13
1312740155,34
1312752179,136
1312756784,105
1312759592,291
1312762173,233
1312806315,36
1312807575,1467
1312808843,11
1312814720,16
1312835170,35
1312835660,18
1312859624,15
1312866998,46
1312879027,53
1312879869,16
1312902046,101
1312909652,148
1312909869,57
1312910397,11
1312912332,13
1312917672,11
1312919844,26
1312920018,30
1312920802,18
1312924030,47
1312924533,11
1312924592,48
1312925920,30
1312927051,27
1312934614,25
1312949602,35
1312949782,116
1312956538,14
1312957276,31
1312966353,17
1312985062,20
1312985238,22
1312987866,24
1312990519,15
1312990898,29
1313000137,74
1313004200,23
1313006074,40
1313011686,86
1313012236,14
1313026445,101
1313032827,72
1313041772,340
1313044653,14
1313045538,11
1313064103,68
1313070818,12
1313085544,53
1313088952,13
1313106112,11
1313130082,10
1313138826,56
1313142522,82
1313157720,16
1313164370,62
1313166155,71
1313181765,84
1313197580,44
1313214764,40
1313215450,824
1313222155,11
1313225248,101
1313232630,13
1313236648,37
1313239727,145
1313243427,14
1313281849,15
1313288190,31
1313290235,52
1313292616,12
1313295846,57
1313300049,37
1313315719,16
1313325215,113
1313351403,95
1313352721,92
1313355587,30
1313358017,116
1313360734,40
1313360851,21
1313362873,15
1313369906,16
1313374269,30
1313375317,113
1313378548,125
1313381402,67
1313392636,29
1313397312,83
1313411155,40
1313427207,11
1313430820,19
1313432487,38
1313434625,675
1313435339,2235
1313435665,20
1313436648,50
1313441607,13
1313451184,266
1313453387,26
1313463885,72
1313488505,19
1313488876,12
1313512177,11
1313524608,16
1313548808,56
1313549651,16
1313550097,13
1313550111,37
1313572572,12
1313573635,285
1313576395,8612
1313580625,24
1313592821,15
1313594931,26
1313605451,13
1313610207,39
1313612260,18
1313614650,474
1313627220,13
1313635970,43
1313670990,16
1313671055,41
1313678749,38
1313691908,20
1313699888,12
1313706469,11
1313732283,215
1313733120,11
1313733249,4
1313742872,13
1313744584,21
1313763142,72
1313785939,159
1313805296,48
1313805761,16
1313808387,81
1313817088,148
1313835429,21
1313843554,136
1313844277,104
1313847312,11
1313865197,17
1313886041,62
1313901190,60
1313902928,11
1313905017,14
1313914433,11
1313919481,78
1313919842,23
1313921896,108
1313941347,28
1313950222,35
1313951228,117
1313954221,37
1313966068,1149
1313978749,17
1313993247,35
1313999061,34
1314005304,33
1314007736,24
1314017272,23
1314017288,12
1314029122,88
1314033208,47
1314035762,13
1314036825,115
1314048518,2221
1314064046,27
1314070900,84
1314075859,162
1314077782,14
1314090794,16
1314104494,91
1314105991,101
1314112828,37
1314121831,24
1314131289,78
1314140996,60
1314141621,26
1314159634,36
1314180940,22
1314181734,16
1314186121,12
1314190101,123
1314213737,226
1314223012,114
1314223440,33
1314225526,61
1314243622,57
1314267613,86
1314268068,81
1314272530,16
1314277259,31
1314289943,28
1314300684,58
1314304412,111
1314331320,74
1314351367,20
1314351515,16
1314365508,9
1314368765,335
1314372174,15
1314384305,13
1314400315,11
1314404827,778
1314407693,11
1314411582,41
1314411983,12
1314426744,17
1314435335,51
1314435709,18
1314437735,46
1314446438,345
1314448411,13
1314465738,12
1314502072,16
1314507647,30
1314510108,25
1314510451,89
1314513956,65
1314515526,17
1314518085,459
1314521366,30
1314525428,81
1314530051,13
1314535038,332
1314539144,11
1314549531,46
1314553634,185
1314555301,11
1314556783,157
1314575500,11
1314575864,67
1314577732,46
1314582570,14
1314587317,58
1314597444,368
1314597640,22
1314606490,43
1314609786,102
1314621723,52
1314646280,20
1314650261,22
1314665580,113
1314692458,47
1314696900,42
1314705337,34
1314708146,27
1314708569,11
1314719265,41
1314751354,17
1314761721,28
1314768270,12
1314771915,121
1314775126,4
1314785707,141
1314787397,207
1314793770,92
1314796671,90
1314797404,43
1314807642,66
1314810821,15
1314828347,71
1314839093,91
1314848571,12
1314861868,44
1314886398,26
1314897407,13
1314898286,36
1314902293,13
1314907124,18
1314908790,911
1314921459,14
1314930526,71
1314930742,35
1314935411,33
1314939164,27
1314942306,14
1314942734,16
1314955865,14
1314963175,213
1314965195,27
1314965780,11
1315002015,21
1315011203,14
1315013718,45
1315019806,112
1315046220,13
1315050467,16
1315060524,145
1315090338,30
1315107360,167
1315124331,17
1315145555,19
1315148422,132
1315161527,14
1315162321,14
1315174739,46
1315202731,34
1315206477,13
1315250209,81
1315253319,19
1315259344,124
1315261510,15
1315264982,209
1315274753,25
1315310857,306
1315325448,121
1315345631,11
1315360669,235
1315380003,14
1315384578,325
1315386783,15
1315387640,13
1315396243,31
1315403737,29
1315417479,23
1315423038,12
1315424242,2261
1315427742,74
1315458055,223
1315467948,30
1315490794,29
1315496140,646
1315506094,24
1315507441,13
1315524449,40
1315554178,19
1315554554,17
1315555252,103
1315559738,68
1315590382,62
1315593981,176
1315606516,12
1315608225,38
1315612819,16
1315615915,30
1315616754,19
1315617533,16
1315624465,99
1315633191,303
1315636287,164
1315650270,29
1315653133,63
1315655500,11
1315666966,874
1315694205,54
1315704673,918
1315704894,31
1315719035,52
1315725201,2
1315727835,31
1315754570,28
1315756690,17
1315759320,15
1315771979,888
1315773456,104
1315775537,118
1315780685,53
1315782075,13
1315782500,57
1315788070,18
1315788496,1330
1315791355,11
1315799079,420
1315812726,336
1315815106,30
1315829821,66
1315850048,598
1315854686,1460
1315862117,47
1315868156,18
1315872547,25
1315873482,12
1315881431,28
1315882506,35
1315885684,186
1315898112,26
1315908836,12
1315913180,15
1315917939,20
1315929647,2768
1315946971,46
1315962414,142
1315994465,105
1315995847,30
1316017987,14
1316018310,32
1316027708,79
1316033508,108
1316035735,64
1316038912,14
1316040374,20
1316058101,101
1316065836,2
1316073756,120
1316084541,20
1316091624,14
1316095157,78
1316114472,135
1316125494,50
1316132985,13
1316182715,22
1316187395,62
1316195094,109
1316202030,13
1316217740,29
1316220263,19
1316239060,20
1316240573,20
1316262618,25
1316266139,32
1316273378,52
1316282601,27
1316292189,98
1316295800,23
1316298108,12
1316301768,11
1316321471,14
1316327387,21
1316331731,12
1316344428,13
1316356625,15
1316365555,569
1316371799,338
1316373075,38
1316378608,53
1316380795,16
1316387098,11
1316388080,141
1316440427,111
1316441040,30
1316443307,3394
1316443332,38
1316451942,180
1316474873,62
1316478168,32
1316485187,76
1316490853,32
1316509952,16
1316527318,14166
1316536180,28
1316538156,58
1316538729,45
1316544157,53
1316553733,289
1316568189,13
1316580848,16
1316586400,17
1316590209,14
1316591500,15
1316592914,11
1316594544,14
1316594840,84
1316595638,62
1316596909,53
1316597022,22
1316597685,66
1316597776,14
1316597823,10
1316599000,55
1316599118,12
1316601917,15
1316642877,35
1316673002,46
1316673337,25
1316678048,14
1316679883,30
1316686157,98
1316701203,15
1316703022,26
1316707723,85
1316712864,39
1316715856,14
1316762886,15
1316765705,13
1316775238,17
1316783029,39
1316793737,296
1316795029,219
1316795249,23
1316808195,51
1316825297,115
1316826510,11
1316827897,45
1316838184,16
1316860569,24
1316875788,4340
1316883315,77
1316894183,17
1316909862,13
1316924477,136
1316933090,11
1316944679,100
1316946692,662
1316947252,12
1316954065,12
1316968835,64
1316983376,59
1317000300,23
1317005876,25
1317011745,43
1317026993,18
1317028114,85
1317035639,81
1317036455,14
1317041031,6986
1317054555,366
1317064728,11
1317066429,112
1317066456,21
1317066828,38
1317071286,13
1317086026,109
1317089093,75
1317093528,15
1317095624,15
1317118119,135
1317118467,54
1317152420,17
1317170588,12
1317172464,112
1317183975,11
1317190160,17
1317191653,112
1317198312,63
1317202867,85
1317210052,73
1317211370,21
1317211809,81
1317234451,12
1317237779,14
1317239419,1019
1317239540,13
1317248227,49
1317261674,38
1317266955,55
1317273101,112
1317280647,19
1317304497,78
1317322071,50
1317322518,21
1317323848,80
1317328379,11
1317332295,6
1317333477,4
1317348950,11
1317353600,0
1317354312,10
1317355443,3
1317355814,6
1317356529,4
1317358185,658
1317358607,4
1317359824,3
1317360095,3
1317360904,6
1317361536,11
1317362445,3
1317363305,6
1317376183,122
1317379324,67
1317380479,22
1317380531,21
1317381990,13
1317385739,55
1317390768,15
1317392030,15
1317395460,11
1317405392,11
1317413024,22
1317420606,20
1317434942,124
1317438192,23
1317439916,17
1317448886,1
1317463144,27
1317466681,16
1317467366,14
1317472781,37
1317496789,22
1317498322,137
1317515809,562
1317527211,59
1317541451,3
1317564135,180
1317571548,42
1317575332,18
1317584210,55
1317597851,69
1317608912,21
1317611495,25
1317638285,97
1317638368,41
1317679835,36
1317695757,13
1317703606,11
1317714743,19
1317714931,17
1317721033,30
1317724906,21
1317742704,138
1317749372,65
1317780464,126
1317805815,49
1317820455,22
1317834385,40
1317842624,92
1317845318,61
1317845894,108
1317850140,17
1317853585,40
1317857887,11
1317863622,56
1317890750,14
1317893214,48
1317902880,52
1317915210,13
1317920445,35
1317924808,13
1317927085,27
1317930819,32
1317946380,41
1317970569,94
1317978834,13
1317979155,11
1317985760,13
1317991438,35
1317996135,103
1317998700,20
1318002754,4
1318009903,12
1318019826,24
1318023660,65
1318025112,1551
1318037436,25
1318057073,23
1318057433,17
1318072933,45
1318081867,15
1318087745,354
1318091082,37
1318092877,52
1318096478,162
1318100800,32
1318102439,40
1318111439,21
1318150396,69
1318152768,38
1318164526,26
1318184764,1213
1318187016,3609
1318197751,11
1318211548,20
1318213206,15
1318229004,83
1318233396,11
1318237562,11
1318241125,23
1318245682,19
1318251650,13
1318252591,27
1318257480,32
1318258994,18
1318274214,4
1318289209,16
1318289840,17
1318289843,122
1318293898,18
1318294378,12
1318304916,175
1318310911,39
1318320674,59
1318330553,66
1318341671,71
1318348313,61
1318353635,14
1318360190,30
1318361504,141
1318379446,56
1318382003,58
1318382587,705
1318383417,362
1318384640,12
1318387487,13
1318388542,52
1318400137,17
1318404555,24
1318411646,27
1318423155,37
1318425443,13
1318425496,28
1318431764,50
1318436431,60
1318436679,13
1318445542,13
1318458711,12
1318465490,21
1318479117,12
1318483994,13
1318490286,18
1318504079,30
1318529228,28
1318548997,15
1318562243,36
1318609608,55
1318614758,11
1318621602,12
1318658418,13
1318664032,36
1318672654,51
1318675746,14
1318681359,97
1318712528,31
1318722718,102
1318725835,46
1318727352,133
1318734428,30
1318738214,22
1318768894,8897
1318788427,19
1318795016,19
1318796567,13
1318801695,231
1318802395,36
1318804206,15
1318805473,14
1318820565,22
1318826614,19
1318830493,107
1318832252,108
1318832652,78
1318833049,109
1318833449,375
1318849324,0
1318855915,28
1318858576,23
1318865785,0
1318866049,0
1318866816,106
1318873117,0
1318873253,370
1318873509,0
1318875738,12
1318877719,0
1318882771,1
1318883031,23
1318885938,9
1318892468,16
1318893208,760
1318894586,77
1318896542,0
1318897483,15
1318900501,12
1318900928,14
1318904076,295
1318905261,13
1318906944,0
1318913074,6
1318914813,40
1318937120,133
1318944817,11
1318947048,440
1318961055,15
1318963796,101
1318963974,12
1318966444,45
1318967247,12
1318969718,18
1318977228,28
1318977673,14
1318978967,16
1318979351,16
1318987374,19
1319004034,11
1319010645,95
1319017608,19
1319031883,32
1319036011,13
1319037509,33
1319051191,35
1319051889,14
1319066980,2
1319067720,39
1319075968,28
1319085701,45
1319087070,21
1319093879,254
1319095350,16
1319102721,24
1319109139,238
1319112594,19
1319119605,41
1319132573,16
1319136719,127
1319137793,15
1319139342,11
1319156283,32
1319158290,13
1319160890,24
1319168519,11
1319169607,13
1319174653,1105
1319185876,90
1319198340,63
1319201095,15
1319201916,58
1319213105,21
1319215459,11
1319221351,11
1319225586,11
1319247547,174
1319248989,637
1319268814,165
1319277794,59
1319280026,1
1319290417,131
1319294522,38
1319296913,33
1319299763,25
1319308368,70
1319312065,41
1319318004,12
1319325765,132
1319336961,2336
1319353851,58
1319357404,12
1319357442,13
1319366891,10
1319367318,50
1319368210,122
1319373413,22
1319374673,21
1319378448,312
1319394660,20
1319419492,4349
1319423199,41
1319440456,11
1319441113,27
1319443961,13
1319445130,76
1319474007,488
1319475824,11
1319495166,101
1319535995,17
1319540329,123
1319544310,19
1319566713,90
1319573043,19
1319580960,116
1319592497,0
1319600255,134
1319602786,20
1319608945,0
1319609065,0
1319609835,2
1319610055,0
1319610556,13
1319610743,0
1319612476,0
1319612605,0
1319612775,0
1319616329,13
1319616569,1
1319621005,20
1319622644,2
1319625231,2
1319625842,1
1319630301,5
1319630833,2
1319634614,3
1319636380,26
1319638566,2
1319638787,0
1319643307,0
1319644682,20
1319645021,5
1319645784,0
1319647108,1
1319648286,290
1319651356,0
1319651581,0
1319652485,29
1319655999,1
1319656092,26
1319656926,3
1319659765,5
1319662583,0
1319665034,2
1319678347,171
1319680328,1
1319697693,12
1319701315,0
1319702332,13
1319709827,0
1319709905,2
1319711005,43
1319715231,0
1319720221,0
1319749836,13
1319753754,3
1319756036,0
1319756096,3
1319760746,29
1319776248,42
1319778645,14
1319780465,13
1319781586,13
1319782366,2
1319785149,0
1319786688,97
1319789375,14
1319793410,26
1319795009,3
1319797823,22
1319823035,59
1319824147,50
1319827146,33
1319830431,2
1319832335,55
1319835565,138
1319840926,14
1319849272,12
1319851399,72
1319855210,1199
1319870867,27
1319873617,151
1319873856,4
1319879136,96
1319913823,330
1319919713,15
1319921002,335
1319927892,627
1319929531,19
1319930579,12
1319935567,19
1319936575,11
1319940995,11
1319941229,40
1319945044,71
1319946565,14
1319951501,24
1319960845,23
1319996831,15
1320010935,59
1320019880,127
1320029807,15
1320032479,0
1320038780,96
1320039160,51
1320039519,87
1320057578,14
1320069781,39
1320078754,11
1320081580,53
1320085548,48
1320086941,92
1320088898,117
1320091816,373
1320101490,2556
1320109030,15
1320110114,32
1320127508,48
1320140163,12
1320145775,105
1320148460,12
1320151833,153
1320154042,58
1320154809,23
1320160089,20
1320162302,16
1320178198,63
1320187512,16
1320191889,761
1320193282,2
1320195608,144
1320198992,2
1320201809,11
1320203112,3
1320206061,19
1320208076,68
1320210031,12
1320216862,15
1320223657,0
1320225787,0
1320226649,0
1320231703,4
1320236696,18
1320239169,104
1320242285,1173
1320243208,1
1320246076,65
1320246435,1
1320252722,20
1320257424,17
1320258128,16
1320260594,11
1320269374,0
1320270455,683
1320271414,99
1320277476,0
1320279890,27
1320283832,220
1320283956,18
1320289812,18
1320291718,17
1320292651,16
1320295785,26
1320297326,3
1320298299,2
1320298687,1
1320301761,13
1320307428,538
1320308769,23
1320308904,17
1320316688,47
1320324014,1
1320324475,0
1320328062,11
1320332255,13
1320332437,17
1320335794,13
1320336874,17
1320337931,57
1320339732,193
1320340321,17
1320342909,17
1320347777,28
1320349038,15
1320349933,25
1320354524,11
1320360869,1
1320361231,1
1320361728,2
1320369294,40
1320371134,0
1320377629,24
1320378523,26
1320379092,22
1320380005,15
1320383259,0
1320387914,102
1320388319,0
1320389065,15
1320393115,23
1320394130,11
1320394663,1
1320404240,0
1320406751,1
1320410702,0
1320412291,1
1320413062,0
1320417534,0
1320418391,1
1320419451,0
1320419730,0
1320423970,0
1320444346,743
1320448084,2
1320448216,117
1320453043,148
1320456030,1
1320456601,22
1320457204,16
1320463247,20
1320463514,28
1320472884,31
1320479894,15
1320486737,0
1320488375,0
1320490421,0
1320490739,0
1320491907,0
1320493145,0
1320495821,26
1320496553,0
1320498228,0
1320500320,0
1320500692,26
1320502145,295
1320502581,36
1320507130,0
1320508734,0
1320512475,0
1320532788,0
1320532948,0
1320533264,0
1320538689,28
1320578276,29
1320603795,16
1320605477,24
1320623548,21
1320658226,37
1320682291,54
1320707005,23
1320719264,0
1320723546,18
1320737819,12
1320763344,44
1320767711,91
1320804509,35
1320818729,118
1320824737,73
1320827273,974
1320838720,17
1320874379,12
1320905866,14
1320932400,29
1320943282,22
1321015213,12
1321035178,15
1321045269,91
1321050149,284
1321050932,7
1321063327,19
1321069859,10
1321085715,17
1321088913,81
1321100725,12
1321135386,120
1321139753,11
1321142548,54
1321152436,152
1321161662,63
1321164726,11
1321166557,253
1321177738,14
1321182314,39
1321204158,23
1321205409,12
1321209080,53
1321213830,18
1321216024,53
1321219788,146
1321236807,14
1321239702,27
1321259990,1
1321260596,65
1321275205,37
1321277409,16
1321280018,71
1321280738,256
1321285248,11
1321291692,50
1321324242,25
1321327978,15
1321336595,11
1321342529,79
1321356000,58
1321359471,22
1321376069,47
1321379766,32
1321382020,30
1321396874,137
1321397116,37
1321399490,41
1321407943,0
1321408165,337
1321408361,43
1321422619,13
1321423834,34
1321436547,148
1321441704,40
1321458166,13
1321458559,20
1321458827,13
1321461994,11
1321465913,17
1321469177,11
1321478154,12
1321490481,39
1321493628,15
1321499283,33
1321505820,29
1321507377,37
1321515356,23
1321517392,45
1321545971,21
1321546743,11
1321559698,394
1321574827,25
1321591183,98
1321624668,1145
1321632884,12
1321637157,27
1321674005,22
1321674874,81
1321678498,85
1321678758,21
1321688525,628
1321689447,18
1321695604,16
1321699044,19
1321714128,16
1321722857,11
1321738568,18
1321749130,44
1321770621,68
1321772520,28
1321773119,54
1321773777,56
1321776044,92
1321781742,60
1321784163,53
1321786097,84
1321790489,558
1321818508,50
1321826970,209
1321841047,11
1321878142,123
1321884777,44
1321888095,113
1321890359,31
1321906459,14
1321907813,11
1321908669,35
1321917067,0
1321920026,1670
1321921283,155
1321926278,35
1321929305,0
1321936789,2
1321952946,18
1321957043,0
1321967766,16
1321968329,0
1321968445,0
1321988451,64
1321992041,0
1321994122,11
1321996634,63
1322012299,18340
1322016298,26
1322030451,82
1322033157,0
1322041286,1
1322054270,32
1322055568,59
1322083929,303
1322091211,99
1322098015,116
1322098652,39
1322113808,15
1322120053,92
1322136828,1319
1322162271,14
1322183015,181
1322187842,273
1322193747,26
1322195763,19
1322214052,237
1322224491,11
1322226624,568
1322239420,80
1322241466,275
1322241610,4
1322243816,33
1322245839,2
1322254311,259
1322256167,3
1322256388,24
1322284570,32
1322298114,20
1322307430,1
1322339572,79
1322350350,47
1322351307,49
1322356489,34
1322370305,40
1322371775,43
1322388294,65
1322396669,53
1322411592,26
1322432533,14
1322438508,78
1322439023,77
1322477142,38
1322480547,78
1322481762,240
1322497894,11
1322502505,894
1322505194,36
1322510470,31
1322524751,149
1322532419,17
1322551166,13
1322579884,11
1322584104,52
1322620648,13
1322621080,35
1322626388,87
1322633620,116
1322640431,28
1322651268,2029
1322652272,61
1322660175,49
1322662035,30
1322668478,22
1322671404,25
1322685769,17
1322694663,24
1322695516,342
1322698650,1650
1322699193,88
1322701347,17
1322725897,12
1322734311,37
1322754000,354
1322754864,74
1322761659,11
1322767235,23
1322768766,4737
1322781104,170
1322794014,43
1322795798,62
1322796395,31
1322797880,19
1322798245,271
1322799348,178
1322800734,35
1322801375,68
1322819359,42
1322820611,16
1322821393,22
1322825368,740
1322829806,3
1322840923,17
1322850354,577
1322858344,13
1322860688,52
1322861156,17
1322882679,27
1322889322,74
1322892096,85
1322906687,59
1322918377,112
1322919742,29
1322934980,23
1322938008,15
1322938843,44
1322943860,556
1322948077,25
1322956121,26
1322956288,16
1322957439,29
1322963697,70
1322972550,11
1322976119,66
1322976829,68
1322979659,96
1322983543,100
1323002898,12
1323003537,105
1323005921,80
1323012485,13
1323018222,14
1323031425,24
1323039537,250
1323039916,90
1323045322,46
1323045821,140
1323048240,375
1323064086,31
1323076522,24
1323076885,16
1323081107,30
1323093689,34
1323101134,45
1323121740,14
1323122780,51
1323125178,13
1323127278,521
1323130935,178
1323148141,11
1323164432,11
1323166404,109
1323192475,26
1323215530,34
1323217400,11
1323231803,15
1323260088,34
1323280384,42
1323288013,124
1323306782,62
1323315123,11
1323322459,800
1323366767,32
1323366961,203
1323374070,13
1323375521,89
1323385695,18
1323389770,12
1323419190,389
1323419458,17
1323437451,14
1323441852,11
1323449258,31
1323452550,862
1323463941,125
1323467011,43
1323479933,169
1323482446,48
1323487520,28
1323490949,12
1323494570,17
1323498380,33
1323508453,11
1323511527,3041
1323514075,52
1323525253,43
1323545303,20
1323548506,482
1323552500,15
1323562930,22
1323569480,13
1323577359,43
1323581499,71
1323595365,2
1323600817,45
1323610205,21
1323629688,148
1323646443,13
1323654521,29
1323663794,656
1323673335,159
1323688475,12
1323692802,453
1323695128,34
1323695325,177
1323695358,185
1323712925,44
1323729948,12
1323731499,18
1323736669,22
1323739326,15
1323741593,15
1323742531,22
1323743516,18
1323758620,20
1323763720,1596
1323764338,11
1323777381,2
1323780819,20
1323787093,1
1323796113,288
1323809707,93
1323833414,85
1323840812,40
1323841129,20
1323845482,38
1323869266,48
1323875882,15
1323907664,112
1323908322,24
1323919094,396
1323926490,10
1323931693,22
1323933315,68
1323938708,47
1323950321,146
1323950625,104
1323957541,33
1323961166,261
1323968214,12
1323978754,1063
1323984334,548
1323985353,64
1323988988,16
1323993731,53
1323995843,58
1324010126,19
1324010880,13
1324015717,124
1324016826,11
1324058131,35
1324059656,18
1324063135,38
1324071199,209
1324083696,47
1324107430,25
1324116672,20
1324117656,127
1324124790,15
1324132179,11
1324137339,31
1324139494,26
1324157281,75
1324166631,151
1324208491,807
1324216451,41
1324219364,40
1324223080,48
1324224872,11
1324232013,17
1324240706,75
1324250345,42
1324263473,283
1324284666,39
1324303646,138
1324311422,166
1324339417,52
1324356135,36
1324366886,30
1324381785,96
1324382874,89
1324385140,32
1324395929,78
1324446719,12
1324460855,47
1324469331,13
1324477638,16
1324482694,138
1324485862,114
1324487331,11
1324488755,21
1324491658,226
1324495180,35
1324516919,33
1324519003,37
1324527947,50
1324537078,46
1324538069,136
1324542295,14
1324543298,21
1324546795,19
1324553091,23
1324562076,12
1324588172,106
1324596201,78
1324596307,181
1324599689,93
1324600233,138
1324601866,212
1324606184,191
1324606434,327
1324607505,73
1324610642,250
1324611806,367
1324612808,212
1324614213,365
1324617921,265
1324618596,125
1324620344,230
1324620765,109
1324625041,203
1324627514,166
1324627622,164
1324631712,350
1324636939,185
1324639578,212
1324640215,38
1324644624,214
1324645048,123
1324645135,158
1324645677,374
1324652098,457
1324658671,30
1324659389,168
1324663201,81
1324664250,311
1324665350,29
1324666092,295
1324668664,17
1324669155,32
1324673997,11
1324679594,527
1324685189,211
1324689014,170
1324702702,205
1324704163,55
1324704245,38
1324713299,25
1324715563,15
1324720705,24
1324721157,1
1324727538,13
1324731844,42
1324741372,11
1324744711,30
1324749263,641
1324769510,57
1324776233,39
1324795580,41
1324803269,20
1324817742,146
1324824206,13
1324838427,13
1324847108,505
1324849012,13
1324853220,34
1324858135,34
1324858352,13
1324891625,46
1324895208,35
1324899104,37
1324932440,66
1324948322,43
1324949198,50
1324950805,56
1324952686,31
1324958927,18
1324971080,31
1324983964,27
1325016742,12
1325028032,90
1325049119,11
1325052623,11
1325059793,44
1325060410,33
1325064335,107
1325072646,17
1325096132,1993
1325097653,15
1325101953,145
1325104810,236
1325112478,23
1325128920,13
1325141112,64
1325142316,16
1325155347,22
1325182514,20
1325188164,28
1325194554,0
1325202227,14
1325206693,177
1325230804,26
1325231370,16
1325241665,33
1325286935,11
1325297391,83
1325304283,12
1325315882,12
1325324098,50
1325331240,85
1325331751,34
1325334963,18
1325337668,75
1325344471,346
1325371159,12
1325376764,52
1325381890,54
1325392505,13
1325410311,12
1325423888,32
1325437839,11
1325458789,39
1325459387,131
1325475853,12
1325478362,18
1325483573,51
1325509713,51
1325576698,31
1325588165,17
1325592680,30
1325604847,79
1325614151,45
1325687429,30
1325714602,21
1325723889,45
1325748595,47
1325805237,45
1325839630,11
1325853520,44
1325888868,32
1325895668,21
1325897531,63
1325901216,13
1325902812,29
1325916970,41
1325996077,94
1326008263,189
1326035801,19
1326044641,119
1326053961,31
1326054908,5
1326056513,233
1326071833,56
1326088798,120
1326089811,247
1326100627,26
1326115288,64
1326130379,27
1326134013,24
1326137943,27
1326140471,33
1326143244,33
1326154796,11
1326164488,19
1326173426,15
1326177141,45
1326180722,53
1326189017,92
1326194383,16
1326198592,50
1326199068,50
1326210686,61
1326222384,32
1326224688,38
1326228297,16
1326235132,159
1326235614,11
1326235960,33
1326239454,37
1326240806,84
1326244070,109
1326249163,141
1326251311,103
1326261673,42
1326266863,34
1326292154,45
1326302831,20
1326316542,242
1326317824,53
1326325297,54
1326329875,681
1326344042,52
1326350218,52
1326392947,23
1326394141,42
1326394720,162
1326402179,51
1326420620,205
1326452281,34
1326458055,52
1326464530,18
1326467757,51
1326479281,12
1326480303,915
1326486804,0
1326489552,26
1326497156,54
1326515774,164
1326522983,14
1326529720,19
1326531152,496
1326547070,32
1326554666,92
1326574350,560
1326578519,15
1326586077,51
1326593358,13
1326596330,31
1326607979,23
1326609621,11
1326639319,11
1326642999,74
1326654671,2023
1326671554,15
1326675251,20
1326681144,174
1326682918,312
1326723034,26
1326723184,20
1326728658,11
1326729848,12
1326737916,33
1326757672,51
1326773343,23
1326779390,15
1326785577,26
1326794832,115
1326807637,155
1326825726,20
1326836323,183
1326844625,19
1326853912,132
1326856161,54
1326893710,2851
1326915228,444
1326920589,24
1326935802,52
1326939689,11
1326942966,17
1326963227,11
1326963742,371
1326970364,88
1327005655,12
1327008838,21
1327016629,15
1327070180,280
1327071007,104
1327076283,20
1327081238,51
1327088798,464
1327114542,28
1327124384,27
1327135163,61
1327170623,27
1327180127,121
1327190291,111
1327191572,107
1327214801,2013
1327221128,45
1327225282,433
1327230913,14
1327274680,141
1327274904,13
1327285989,17
1327287225,14
1327302572,18
1327310658,99
1327327043,140
1327328463,99
1327329738,135
1327333040,39
1327334049,12
1327346569,11
1327360831,163
1327364812,102
1327367130,19
1327387768,42
1327391344,31
1327394183,72
1327399926,29
1327407830,12
1327408088,14
1327411925,67
1327414207,90
1327451853,75
1327455678,23
1327458936,19
1327480429,14
1327485749,52
1327494327,12
1327497611,464
1327497865,224
1327502931,1367
1327504083,45
1327504314,51
1327504713,18
1327506365,29
1327516253,53
1327530585,14
1327537217,52
1327537702,1
1327541787,52
1327542058,1
1327544079,1
1327546939,1
1327549440,1
1327551340,52
1327556525,23
1327574724,51
1327574742,97
1327584991,66
1327587687,15
1327589312,2
1327591718,51
1327597546,12
1327600825,16
1327610423,26
1327615345,58
1327616101,33
1327630460,12
1327634219,26
1327647115,56
1327654942,50
1327672071,45
1327678038,77
1327679001,113
1327679348,78
1327688858,232
1327703576,26
1327722130,12
1327741635,557
1327745309,23
1327760492,15
1327769792,23
1327770542,90
1327771378,71
1327772426,71
1327812422,112
1327819882,12
1327829284,14
1327855429,46
1327859722,83
1327882465,16
1327912660,94
1327935413,79
1327979474,35
1327981697,81
1327982974,13
1327999315,15
1328004208,95
1328010825,33
1328021837,141
1328035329,250
1328038695,11
1328041729,17
1328053986,50
1328078040,11
1328103438,70
1328146553,13
1328147909,12
1328154517,107
1328179440,37
1328194657,27
1328202159,66
1328222462,35
1328232367,11
1328249282,14
1328249314,81
1328251573,57
1328264456,32
1328284302,69
1328287322,18
1328310747,38
1328312204,58
1328330941,39
1328335662,106
1328340947,214
1328355234,107
1328366185,15
1328389467,78
1328406087,119
1328406804,11
1328433769,157
1328443059,16
1328444511,107
1328455222,11
1328466187,11
1328468175,105
1328474181,73
1328481144,70
1328481917,11
1328497862,51
1328498728,23
1328501436,31
1328501958,554
1328526159,165
1328527258,250
1328532063,27
1328542091,25
1328550807,23
1328564479,23
1328572130,11
1328580275,32
1328590564,27
1328596181,14
1328597658,14
1328599392,109
1328627783,2410
1328634552,11
1328655966,19
1328656683,35
1328656904,115
1328667649,15
1328668543,12
1328692002,54
1328707869,128
1328712465,88
1328730284,27
1328742496,20
1328757117,21
1328764415,12
1328769721,1121
1328783846,33
1328795639,23
1328798993,16
1328803446,11
1328809295,19
1328816228,59
1328824432,50
1328825933,13
1328829300,45
1328830359,55
1328853711,42
1328861070,12
1328862207,37
1328868896,89
1328879183,16
1328879530,18
1328889333,37
1328931719,15
1328934583,13
1328936229,29
1328939473,18
1328945410,172
1328952004,230
1328955645,109
1328958105,250
1328966233,53
1328973416,57
1328983281,80
1328989945,50
1328993998,11
1329015230,20
1329019919,11
1329049965,13
1329050462,119
1329068056,11
1329078157,294
1329080568,11
1329096836,212
1329105755,111
1329110841,51
1329128263,225
1329136737,284
1329163060,584
1329167133,253
1329183470,67
1329192162,32
1329193820,15
1329197939,12
1329203213,14
1329206395,132
1329223745,77
1329267018,30
1329270526,79
1329272295,2284
1329284982,17
1329291338,24
1329295499,67
1329307780,31
1329315609,21
1329316947,32
1329320094,26
1329351407,32
1329353712,44
1329356755,15
1329357004,32
1329358049,13
1329364536,24
1329365055,17
1329370534,96
1329374056,96
1329380787,240
1329396176,12
1329410717,14
1329412905,29
1329421755,17
1329423195,36
1329430882,35
1329438460,26
1329441055,11
1329442515,12
1329457912,8
1329459029,34
1329477354,70
1329482074,52
1329484633,52
1329491612,185
1329501906,9
1329504081,91
1329505047,11
1329520982,102
1329523769,94
1329527700,14
1329532338,123
1329535056,36
1329535977,38
1329561971,690
1329573100,12
1329575745,30
1329592703,52
1329595774,158
1329596477,12
1329601540,52
1329624699,51
1329629252,1840
1329643274,531
1329658588,92
1329663737,31
1329665466,56
1329681238,12
1329688801,85
1329695341,20
1329697250,55
1329702794,17
1329704476,12
1329704518,21
1329705938,274
1329706276,29
1329710106,16
1329711203,65
1329717122,103
1329719848,25
1329723865,65
1329730975,63
1329758650,181
1329766967,55
1329772796,29
1329778496,78
1329802802,40
1329806020,4
1329807733,45
1329817321,16
1329834110,101
1329843554,723
1329846683,105
1329849289,1092
1329896761,12
1329915046,57
1329918442,14
1329919679,31
1329925237,14
1329938634,19
1329954529,22
1329969587,38
1329972462,398
1329973913,14
1329980266,27
1330005206,132
1330006371,25
1330015402,18
1330046460,61
1330046962,15
1330048600,25
1330063459,0
1330075875,113
1330081591,46
1330084370,13
1330103508,19
1330108323,78
1330122331,12
1330127155,46
1330132149,104
1330133167,38
1330135801,2230
1330143688,17
1330144990,486
1330157080,15
1330160336,541
1330175803,19
1330202874,21
1330204791,19
1330206754,43
1330220596,16
1330222125,34
1330222767,20
1330239706,388
1330248807,38
1330259315,88
1330260295,30
1330271159,24
1330282006,141
1330297001,40
1330298097,21
1330318865,101
1330332758,75
1330332851,12
1330339939,14
1330347036,27
1330367520,105
1330369527,152
1330387157,80
1330409659,2
1330412774,13
1330413963,95
1330434395,190
1330439658,25
1330450385,44
1330457932,37
1330460638,15
1330461845,43
1330462451,12
1330462520,16
1330473381,123
1330476066,101
1330493920,43
1330496923,12
1330507810,6
1330510119,4
1330513780,11
1330516569,49
1330516937,314
1330530171,202
1330531961,275
1330541122,12
1330542419,129
1330551342,8
1330568623,82
1330573139,12
1330578988,11
1330585128,58
1330595379,45
1330606242,21
1330606607,136
1330620024,26
1330621209,108
1330627533,162
1330632565,2
1330644388,172
1330646326,228
1330647435,63
1330647543,34
1330647892,77
1330652318,3
1330652407,716
1330669096,102
1330683084,17
1330687306,56
1330698126,157
1330702515,2383
1330717140,49
1330719310,100
1330738995,14
1330762310,133
1330775457,90
1330775624,101
1330785579,51
1330797406,20
1330797628,15
1330805756,13
1330809662,144
1330817460,25
1330828102,91
1330836689,99
1330847698,11
1330857517,12
1330858727,38
1330864189,740
1330869473,58
1330875586,35
1330882929,158
1330901644,100
1330908282,59
1330909640,6
1330919548,88
1330930488,11
1330938244,12
1330948735,109
1330959200,26
1330960529,16
1330983726,38
1330984071,105
1331014414,108
1331018891,165
1331023859,144
1331025830,56
1331030378,0
1331044795,87
1331048894,15
1331049113,73
1331078494,178
1331078718,24
1331079127,361
1331084199,4
1331086429,126
1331086670,5
1331086842,12
1331105012,21
1331112087,165
1331118057,85
1331119731,22
1331119852,18
1331122776,18
1331126576,50
1331135578,12
1331135699,18028
1331135798,96
1331141764,12
1331168484,49
1331183783,35
1331196092,139
1331202439,68
1331207288,350
1331208948,36
1331209128,79
1331217585,111
1331225083,29
1331238111,40
1331242694,77
1331261687,1568
1331283163,150
1331306269,11
1331328001,25
1331333821,26
1331340460,44
1331343223,23
1331349107,12
1331366070,11
1331368522,18
1331392011,16
1331399015,25
1331417844,45
1331440110,102
1331441014,616
1331466051,32
1331470986,68
1331473860,19
1331477935,16
1331479180,16
1331500511,32
1331510024,13
1331514192,16
1331519486,181
1331530885,119
1331532226,89
1331534901,95
1331538256,15
1331538751,51
1331551027,2
1331581864,285
1331604310,132
1331608070,75
1331619047,18
1331629885,32
1331635528,37
1331636953,5991
1331644818,88
1331646849,14
1331649570,44
1331651339,19
1331660357,36
1331661622,100
1331687431,44
1331693594,40
1331694732,1
1331707935,100
1331712273,29
1331718729,96
1331721780,13
1331723225,422
1331724387,14
1331728719,2055
1331732980,12
1331740864,13
1331741216,22
1331748819,1
1331752587,43
1331753988,18
1331754319,23
1331759511,14
1331760244,0
1331763167,140
1331765777,116
1331787386,1
1331788266,1
1331788336,103
1331788893,14
1331796968,13
1331801753,12
1331803157,11
1331813703,13
1331825203,85
1331826815,33
1331837555,22
1331857587,21
1331869739,123
1331897397,28
1331901587,156
1331913904,19
1331919771,96
1331927895,101
1331933796,32
1331944527,18
1331949060,97
1331975250,475
1331994955,16
1331999365,34
1332009127,1001
1332028915,40
1332043249,24
1332059443,14
1332073142,977
1332080070,3610
1332098727,33
1332104789,105
1332105799,24
1332109784,15
1332114272,98
1332122666,17
1332135149,300
1332137279,29
1332137861,25
1332145538,38
1332162237,108
1332163947,41
1332164591,16
1332165704,15
1332174495,14
1332184066,16
1332185853,214
1332212466,153
1332216306,20
1332216413,226
1332222725,39
1332228998,12
1332230141,27
1332230734,74
1332243516,100
1332244698,12
1332247470,76
1332249222,137
1332269543,32
1332277078,15
1332281808,12
1332299623,11
1332299633,32
1332348091,61
1332394842,96
1332396395,49
1332396549,52
1332403959,41
1332435127,35
1332450492,377
1332481591,38
1332485851,21
1332498297,35
1332500792,31
1332505367,16
1332532363,15
1332559302,44
1332570754,24
1332582761,84
1332585907,36
1332590617,195
1332596477,101
1332599518,66
1332604484,109
1332615194,18
1332616861,14
1332619774,65
1332621372,105
1332626527,100
1332635704,52
1332643644,95
1332652922,89
1332654537,43
1332656411,72
1332659211,149
1332665268,67
1332667033,88
1332674770,95
1332683811,92
1332692074,12
1332692176,90
1332692519,234
1332693263,14
1332696398,46
1332700417,25
1332705907,29
1332715766,73
1332722846,179
1332730190,13
1332736374,179
1332736816,26
1332750396,80
1332750652,11
1332756442,55
1332766794,15
1332781509,1243
1332787357,22
1332798328,97
1332799087,317
1332807475,45
1332818293,13
1332819701,94
1332840481,14
1332841701,11
1332854064,91
1332868730,119
1332880861,32
1332887136,93
1332893475,102
1332903042,73
1332905634,17
1332916939,13
1332920500,11
1332923668,17
1332935366,9
1332948732,11
1332955374,12
1332958756,12
1332967299,169
1332968205,21
1332978872,79
1332984685,21
1332989832,62
1332999200,22
1333000249,12
1333000741,631
1333016032,19
1333029054,157
1333033450,35
1333058192,237
1333065091,193284
1333074594,11
1333076632,114
1333084323,29
1333084899,34
1333088207,38
1333089866,19
1333096882,29
1333097145,99
1333099739,43
1333100390,99
1333103530,35
1333111883,188
1333111893,2510
1333116579,29
1333118570,39
1333122965,13
1333125623,54
1333132389,169
1333139588,12
1333141598,138
1333142935,326
1333144072,274
1333150357,78
1333152408,47
1333155576,12
1333156486,195
1333161040,13
1333165619,2327
1333167552,201
1333171737,295
1333175049,12411
1333178360,20
1333183397,171
1333185096,82
1333209944,15
1333210012,11
1333211388,51
1333212317,176
1333218091,12
1333224461,17
1333226405,28
1333228186,32
1333232606,54
1333234252,27
1333234667,58
1333235870,185
1333243747,44
1333247282,252
1333249891,14
1333252932,23
1333254657,46
1333258936,672
1333263294,265
1333266800,121
1333275113,21
1333276203,41
1333279808,11
1333284620,66
1333285776,67
1333285997,39
1333286217,35
1333287238,56
1333287836,37
1333288958,13
1333289615,12
1333290303,16
1333294170,28
1333294285,558
1333295863,140
1333303761,83
1333306299,11
1333307560,153
1333320049,42
1333321333,19927
1333322877,43
1333328202,22
1333329582,647
1333340876,25
1333343804,58
1333348052,28
1333350630,168
1333351747,30
1333358267,52
1333362686,243
1333364378,13
1333365124,59
1333367960,47
1333376987,52
1333382690,24
1333391530,11
1333397767,23
1333398680,198
1333399642,79
1333406789,207
1333413311,26
1333417632,18
1333418376,24
1333421030,14
1333421403,25
1333421854,20
1333424882,20
1333428970,42
1333429325,63
1333445152,20
1333446374,967
1333447648,99
1333451307,16
1333452358,159
1333452698,85
1333466908,13
1333468243,22
1333470417,27
1333471394,61
1333472422,11
1333479437,67
1333482618,99
1333483404,51
1333486649,189
1333491534,67
1333496313,33
1333522020,15
1333556422,534
1333559105,85
1333560682,20
1333577584,12
1333579278,66
1333579583,30
1333591877,13
1333594899,111
1333605725,61
1333607666,318
1333608411,12
1333612974,49
1333622771,45
1333628502,77
1333629201,228
1333630193,212
1333633428,14
1333637290,32
1333643722,25
1333646693,44
1333652151,403
1333661810,192
1333662860,20
1333671088,90
1333671427,72
1333672877,93
1333673564,103
1333681306,89
1333682494,57
1333685863,120
1333686963,11
1333687005,219
1333687717,16
1333689922,91
1333690733,12
1333691675,13
1333693108,60
1333694353,35
1333696087,17
1333700083,45
1333704579,13
1333705619,54
1333708088,34
1333710014,12
1333711733,98
1333712699,33
1333713967,31
1333718792,1134
1333719936,16
1333720250,170
1333729444,18
1333732618,13
1333732838,122
1333738786,38
1333741624,131
1333742677,1181
1333744314,7
1333749131,30
1333750613,89
1333750727,14
1333751689,64
1333752187,78
1333755311,252
1333755444,87
1333756521,25
1333759458,12
1333759772,44
1333768172,44
1333773567,46
1333781342,56
1333785789,35
1333786261,24
1333787962,37
1333788844,11
1333800859,28
1333802136,50
1333805762,27
1333807290,2258
1333814075,12
1333814934,16
1333816459,31
1333819496,81
1333820264,12
1333823235,18
1333826930,81
1333833261,29
1333836885,14
1333842753,41
1333844350,39
1333845161,22
1333846196,17
1333846315,24
1333852561,26
1333857917,25
1333860049,16
1333868242,82
1333868738,20
1333868821,43
1333871456,17
1333882104,25
1333888744,12
1333889515,13
1333889802,85
1333898352,17
1333901551,35
1333906002,67
1333907823,89
1333908465,33
1333913099,67
1333921957,60
1333928744,37
1333935622,44
1333936445,29
1333939283,130
1333953001,23
1333953498,14
1333959391,30
1333961389,1015
1333964468,268
1333968715,14
1333969047,148
1333969048,61
1333974533,70
1333978174,111
1333978320,41
1333979896,12
1333980820,18
1333981728,84
1333983461,13
1333984161,16
1333986968,43
1333992581,110
1334001035,83
1334001399,28
1334003760,12
1334012210,53
1334013845,16
1334014671,14
1334017055,62
1334020733,114
1334020974,101
1334022793,20
1334022816,41
1334023333,13
1334028660,25
1334040575,97
1334042515,11
1334049596,20
1334063554,63
1334067476,14
1334070408,39
1334073773,29
1334075920,65
1334076307,97
1334088923,15
1334089233,23
1334105013,13
1334109809,25
1334111073,25
1334114196,12
1334114994,14
1334117350,14
1334118559,99
1334120194,64
1334125889,24
1334136067,17
1334142865,16
1334146979,11
1334150998,22
1334151801,23
1334155887,14
1334156126,27
1334158914,15
1334161261,79
1334167430,125
1334170202,48
1334178589,37
1334198162,440
1334205011,36
1334206998,105
1334211162,36
1334214605,76
1334216502,11
1334221903,12
1334231497,16
1334236148,61
1334237364,76
1334239695,37
1334242984,12
1334244124,11
1334245678,3748
1334246540,140
1334249383,384
1334252774,88
1334258848,180
1334259243,20
1334260665,21
1334266376,28
1334266810,49
1334268109,35
1334278770,31
1334282453,11
1334296085,36
1334301205,101
1334303936,16
1334304098,21
1334305310,78
1334305951,53
1334309081,37
1334309410,42
1334315235,30
1334339967,22
1334340339,33
1334344116,20
1334348217,105
1334353846,20
1334359396,22
1334359931,102
1334360795,18
1334362778,211
1334363727,48
1334369459,31
1334373503,1277
1334373890,11
1334374940,23
1334377747,44
1334381943,58
1334384058,57
1334389803,12
1334392318,252
1334392728,13
1334400948,11
1334410695,29
1334430510,221
1334431456,207
1334434081,24
1334441048,24
1334442247,109
1334454708,41
1334459444,373
1334460196,52
1334464448,30
1334469990,49
1334475603,34
1334478349,44
1334481534,11
1334490046,126
1334494531,40
1334495031,27
1334496909,30
1334497772,28
1334498837,27
1334499588,28
1334507347,11
1334515984,156
1334525377,213
1334526169,13
1334526991,16
1334554248,104
1334561781,815
1334563025,16
1334580563,32
1334586481,6774
1334610101,29
1334613831,92
1334614062,232
1334616460,20
1334617361,24
1334630805,237
1334641482,20
1334657231,271
1334657392,67
1334663580,16
1334664261,42
1334664494,19
1334666637,13
1334670095,65
1334673908,13
1334675743,55
1334680608,16
1334685457,200
1334692596,135
1334697523,20
1334706134,17
1334711961,12
1334714311,495
1334719824,13
1334726163,22
1334747723,513
1334753031,44
1334754594,38
1334759863,24
1334759868,17
1334766747,129
1334785968,42
1334788662,177
1334800778,13
1334821195,40
1334824785,170
1334827616,19
1334838753,485
1334847244,37
1334862599,22
1334864632,62
1334866577,20
1334869048,24
1334869051,20
1334871947,45
1334881845,77
1334886021,672
1334892339,11
1334892591,29
1334893847,107
1334897143,63
1334899250,14
1334904197,83
1334905443,66
1334910786,55
1334912034,39
1334913907,20
1334921369,16
1334922788,17
1334923843,102
1334929461,31
1334935003,51
1334938665,47
1334939514,20
1334944307,13
1334946538,25
1334946608,558
1334954277,96
1334962266,615
1334964169,31
1334964434,21
1334973129,40
1334974438,14
1334981118,11
1334981593,69
1334984194,90
1334992514,12
1334993967,40
1335005265,309
1335008301,34
1335016012,78
1335029930,15
1335030435,23
1335034417,24
1335045464,29
1335047324,15
1335048946,67
1335052083,54
1335056021,20
1335058602,14
1335061439,25
1335064650,92
1335068806,11
1335072032,16
1335075540,22
1335079998,47
1335080558,16
1335082381,33
1335084025,202
1335085754,224
1335086034,46
1335090338,59
1335095553,24
1335095892,422
1335101620,101
1335104760,764
1335106729,53
1335108708,126
1335113546,12
1335115548,12
1335116723,24
1335127844,162
1335128252,12
1335130938,95
1335143909,29
1335144165,28
1335152899,36
1335155355,249
1335189481,33
1335198601,15
1335200032,40
1335212898,74
1335219884,18
1335220704,36
1335221105,20
1335228821,40
1335236473,57
1335236592,14
1335239016,64
1335242525,12
1335253559,13
1335257165,49
1335272583,18
1335277779,33
1335279198,159
1335287012,27
1335289503,20
1335297766,45
1335300607,46
1335303378,15
1335304622,275
1335321431,12
1335324856,61
1335334308,872
1335352554,20
1335354851,69
1335381999,16
1335386553,13
1335401089,119
1335419770,102
1335435191,62
1335438980,126
1335472527,12
1335480912,109
1335490343,78
1335502205,32
1335504690,12
1335510018,14
1335517093,14
1335520628,20
1335520848,12
1335529420,17
1335530417,179
1335541602,13
1335545044,101
1335574883,191
1335577443,55
1335580282,18
1335588244,13
1335591771,25
1335595428,94
1335596223,48
1335604263,33
1335604707,34
1335620846,39
1335630981,140
1335639807,13
1335645343,13
1335654115,53
1335654221,111
1335656816,31
1335659068,104
1335660277,35
1335661102,23
1335665091,26
1335673673,50
1335678174,19
1335678778,13
1335681939,12
1335711818,59
1335718387,22
1335721092,12
1335722570,178
1335724194,11
1335740572,15
1335741900,26
1335743026,13
1335752695,12
1335753770,33
1335759152,29
1335766616,13
1335772029,37
1335784003,52
1335787333,381
1335788701,38
1335795491,109
1335797107,21
1335799735,31
1335803989,102
1335806584,14
1335813860,87
1335815757,26
1335823455,170
1335825540,13
1335827487,25
1335828785,15
1335829557,36
1335830636,135
1335853519,19
1335860007,15
1335867536,1035
1335874180,45
1335877752,99
1335885703,33
1335895658,27
1335907828,157
1335909167,19
1335912279,15
1335912966,89
1335914257,30
1335922448,119
1335944000,36
1335951900,0
1335960835,35
1335967154,21
1335983168,14
1336014816,29
1336037828,106
1336052087,14
1336052866,52
1336053850,44
1336054308,98
1336068061,111
1336076986,29
1336081708,30
1336085426,108
1336087795,28
1336092462,11
1336092482,113
1336111792,17
1336112305,17
1336134468,20
1336136924,24
1336137027,49
1336138968,67
1336155185,164
1336158655,15
1336201793,43
1336204120,130
1336215028,34
1336242970,16
1336248697,544
1336259941,91
1336264556,253
1336275025,139
1336300986,42
1336301267,44
1336302099,35
1336330801,21
1336353897,45
1336370355,95
1336373577,33
1336381528,11
1336388573,24
1336416579,65
1336470784,364
1336475692,13
1336482340,250
1336487943,758
1336494535,15
1336502227,2719
1336524975,22
1336532371,157
1336562485,12
1336568049,62
1336591441,64
1336611652,11
1336616320,233
1336643065,347
1336644753,23
1336654874,31
1336661106,30
1336663851,685
1336664744,14
1336687701,61
1336690016,27
1336698710,12
1336700403,12
1336700566,32
1336707765,338
1336718458,13
1336725446,26
1336731315,14
1336732106,25
1336734730,107
1336739291,50
1336750151,49
1336762621,47
1336764619,11
1336769768,132
1336774403,55
1336783814,559
1336787958,60
1336791624,35
1336793734,255
1336795852,82
1336807890,12
1336809331,22
1336816530,14
1336819612,23
1336836593,51
1336849011,128
1336849558,50
1336870197,80
1336875304,175
1336890161,12
1336899053,13
1336901242,16
1336910524,16
1336922223,49
1336932674,13
1336932824,15
1336933337,3076
1336935849,14
1336948153,56
1336953396,26
1336963289,11
1336972285,263
1336991775,55
1336998102,138
1336998801,184
1337013258,25
1337030059,208
1337043852,16
1337044566,259
1337079150,71
1337088225,17
1337089090,60
1337089243,1212
1337114883,40
1337154009,15
1337175615,64
1337179865,18
1337197972,12
1337208333,29
1337219316,333
1337220896,26
1337221385,25
1337248280,47
1337274902,131
1337303060,344
1337305068,15
1337317752,68
1337318437,12
1337322085,17
1337335939,88
1337347330,16
1337355290,41
1337367085,15
1337369002,34
1337386123,90
1337392547,11
1337403931,58
1337420546,14
1337421625,12
1337423542,11
1337429987,53
1337439833,35
1337477702,13
1337486663,123
1337489889,16
1337500215,120
1337506732,120
1337511446,22
1337517051,20
1337536120,126
1337546913,35
1337571992,34
1337572127,68
1337578304,24
1337578818,207
1337579398,19
1337596700,50
1337602979,18
1337621009,62
1337654108,11
1337656691,22
1337657531,188
1337692487,58
1337705732,40
1337772677,101
1337788143,85
1337812117,23
1337815068,46
1337824285,57
1337825385,23
1337849777,58
1337855913,27
1337857692,94
1337858576,149
1337877406,111
1337914644,24
1337915408,372
1337918481,219
1337920628,916
1337931942,112
1337938067,12
1337955304,1833
1337957143,105
1337964424,93
1337966059,117
1337970244,11
1337972266,49
1337973368,13
1337977437,27
1337984443,34
1337985430,52
1337990266,21
1338007151,13
1338044881,24
1338047693,12
1338050462,31
1338054093,16
1338059579,19
1338060611,34
1338070588,51
1338072710,15
1338080566,29
1338082659,35
1338086501,91
1338095980,94
1338119569,15
1338123411,15
1338136303,37
1338176891,90
1338188635,48
1338197350,11
1338220660,267
1338237504,607
1338244450,16
1338246647,16
1338256280,29
1338267325,26
1338268130,50
1338290116,450
1338291563,101
1338299113,14
1338302505,38
1338324457,77
1338333908,94
1338338357,116
1338341195,47
1338364833,13
1338371085,60
1338372146,18
1338390527,61
1338399339,98
1338409520,288
1338410086,12
1338420427,22
1338421329,12
1338429250,12
1338438385,21
1338445797,32
1338449348,72
1338449813,70
1338457188,52
1338460111,24
1338470351,23
1338470635,4194
1338485857,46
1338525632,35
1338527485,45
1338528444,64
1338543536,15
1338553673,53
1338568803,57
1338600053,192
1338607051,19
1338631832,31
1338640495,36
1338653847,84
1338654346,22
1338666754,35
1338673926,17
1338681838,142
1338728538,14
1338745917,34
1338753298,11
1338754588,17
1338756163,17
1338760528,61
1338806190,34
1338846854,16
1338859337,21
1338887764,12
1338889223,83
1338905690,11
1338909303,128
1338942110,38
1338962361,107
1338967108,51
1338973163,43
1338985108,69
1338998514,14
1339010487,29
1339021256,140
1339039345,32
1339040637,3
1339044753,57
1339061652,30
1339063751,100
1339069883,29
1339101586,15
1339103577,16
1339110580,143
1339127722,113
1339144629,26
1339161965,26
1339185691,21
1339187357,16
1339200244,49
1339203132,19
1339208118,626
1339221311,47
1339237322,22
1339249258,15
1339249937,55
1339251799,28
1339256252,150
1339265861,33
1339276856,13
1339328962,91
1339347406,50
1339356442,16
1339364752,16
1339368171,145
1339397745,16
1339437882,222
1339445525,56
1339449237,20
1339469423,36
1339490898,43
1339498585,35
1339507545,11
1339529355,39
1339530018,32
1339551602,34
1339554313,78
1339579467,21
1339594968,36
1339616902,18
1339632021,13
1339653489,26
1339655769,11
1339725192,42
1339726856,24
1339728060,46
1339733401,11
1339735735,10
1339735736,9
1339736623,118
1339736691,9
1339736982,9
1339737123,8
1339737703,8
1339737707,174
1339737709,8
1339738644,21
1339742577,426
1339773182,55
1339775716,12
1339785537,32
1339788881,18
1339802034,20
1339805394,14
1339813167,68
1339882795,104
1339888634,23
1339894168,51
1339901047,17
1339934566,181
1339958692,15
1339968508,26
1339974909,12
1339990746,11
1340003279,12
1340094258,19
1340108849,14
1340123236,22
1340127888,11
1340164895,24
1340202513,28
1340213355,12
1340219193,29
1340223489,33
1340243403,121
1340244547,44
1340250141,45
1340264441,69
1340266652,40
1340266995,33
1340293245,38
1340295365,53
1340318912,16
1340334830,23
1340380399,13
1340386535,31
1340435253,29
1340437754,105
1340448609,18
1340454386,26
1340458520,11
1340465600,34
1340494633,28
1340501779,116
1340505597,13
1340508826,130
1340525869,73
1340539355,50
1340540832,62
1340543993,21
1340575051,14
1340583144,21
1340589130,38
1340609417,14
1340645826,28
1340671619,29
1340673279,16
1340676550,13
1340715286,11
1340720714,15
1340743476,857
1340749561,67
1340754639,12
1340764497,26
1340773654,57
1340784339,15
1340804364,24
1340859448,274
1340896547,92
1340898649,21
1340901473,15
1340901539,47
1340906871,58
1340915158,22
1340923899,31
1340954053,34
1340986558,32
1341029172,114
1341050308,97
1341055554,20
1341070697,19
1341122474,94
1341129518,42
1341148232,77
1341149365,238
1341153524,60
1341155391,43
1341173577,38
1341245181,141
1341264609,253
1341311122,23
1341325485,33
1341330299,66
1341340606,234
1341373608,44
1341400178,51
1341407028,13
1341430062,14
1341454466,20
1341463282,51
1341520197,213
1341523148,23
1341542459,38
1341548340,19
1341563468,18
1341641447,34
1341648244,13
1341657741,41
1341669331,358
1341676432,46
1341688111,80
1341716416,20
1341733342,16
1341777694,85
1341805689,112
1341812905,50
1341872734,21
1341873210,15
1341876019,23
1341889261,210
1341900733,16
1341954655,48
1341956558,63
1341974904,84
1341979225,28
1341993211,13
1341994273,40
1342024605,27
1342039919,42
1342059924,34
1342068224,16
1342094693,79
1342096549,37
1342126613,31
1342150210,41
1342171870,49
1342194262,14
1342226102,238
1342227253,185
1342259354,111
1342277311,59
1342284671,27
1342316468,45
1342316713,43
1342332401,35
1342361582,12
1342445602,13
1342461518,348
1342470402,13
1342554736,15
1342654340,104
1342664307,27
1342672874,33
1342703663,163
1342705519,34
1342735006,61
1342735114,19
1342754049,29
1342772482,71
1342780597,21
1342819640,92
1342828219,13
1342832444,28
1342844259,24
1342848408,70
1342851168,266
1342873008,21
1342876750,78
1342877083,132
1342886503,1287
1342892230,27
1342930695,696
1342943152,336
1342979008,185
1343020980,166
1343103481,27
1343138303,91
1343138309,17
1343146307,446
1343173231,42
1343183897,50
1343185866,21
1343228481,513
1343256867,55
1343299521,23
1343317564,18
1343320043,119
1343355299,45
1343382345,27
1343392001,63
1343405284,20
1343411249,209
1343413018,13
1343423834,72
1343432847,21
1343434877,22
1343438200,301
1343443200,51
1343478300,15
1343505908,48
1343514685,28
1343580080,36
1343618089,32
1343621706,122
1343680712,110
1343702053,56
1343704879,12
1343708602,32
1343829889,53
1343880269,26
1343884573,96
1343888093,31
1343928863,14
1343981050,41
1344002498,25
1344110151,59
1344185376,45
1344208527,2121
1344223757,782
1344239263,183
1344298447,66
1344421774,29
1344564813,35
1344590699,12
1344790387,29
1344908058,59
1344948661,56
1344968581,99
1345002856,57
1345013588,35
1345185947,78
1345527478,35
