repo_id,stars
749137,3808
1555094,3080
2005484,560
4387547,3303
5698643,4119
5797013,5116
7502247,2582
8426406,4964
8681349,49894
9252533,6350
10353211,6142
11274380,118
11579941,1217
12738012,295
13956112,1421
14734876,14247
15988336,1771
18671453,1212
23633128,343
24227875,6428
24561828,14507
25311354,2889
25459400,13864
27222050,4229
29217054,23056
29906842,16340
30860673,2310
30907774,23122
34674210,153
34798315,9537
36420109,1704
36840131,2182
37035067,1589
38182966,3643
38216778,9203
38233033,3301
38696925,29448
39904377,2113
41310523,2505
44961854,971
45103027,214
45271904,10040
45512989,34339
46527265,6037
48660863,2805
48904888,5691
49292670,920
49632852,1251
50202460,3966
53133861,21114
55018634,2460
56639410,1408
57377821,2254
57602001,22996
59341837,933
59982630,2951
60145277,867
60166854,1830
60352717,1556
60377070,7076
61393415,537
61793256,982
61924149,1789
62087567,4605
62476384,166
62824998,2910
62843932,1786
63793563,984
64834778,1349
65017574,6161
65558310,2276
66331305,1544
67437371,643
68125931,14759
69269563,10786
70431106,28867
71849748,631
72225778,602
72329031,425
73964895,14891
74173698,6002
75190475,7373
75587993,1851
75710587,4067
76678740,2169
76768630,2821
77023811,3137
77321225,749
77341954,2580
78200488,5599
78313173,10454
78732688,851
79263545,225
79372336,2122
80240424,4414
82841862,7014
83542054,1803
83878269,15858
84099393,193
84949566,2054
85768267,227
86599573,6706
87067212,9965
88113789,2317
88222263,1754
90733436,3844
90862638,1938
91857770,802
92287968,15431
94956993,1532
95574086,2032
96012614,746
96256108,709
96416890,184
96853855,1994
97794087,816
97817788,115
98441914,1064
98499283,7370
99139417,182
99379143,2002
99412308,9615
99561213,3053
102067496,2187
102102105,769
102538419,838
102692863,21412
103229836,1684
104722806,5111
104854615,7873
105769029,1223
105808063,218
107108009,4279
107111421,74031
107115042,1857
107305157,1790
107878597,202
108945887,4926
109678660,1762
110606051,652
110795721,4508
111699912,889
112103066,6948
112488313,1534
113166974,6709
113577479,1301
114540126,3099
114870155,3873
115673437,1859
115744122,4681
116590428,2692
116697549,3581
116797311,12228
117433667,207
119160553,40136
119741627,474
120720556,2090
121637551,9588
122595764,133
122715432,1670
122816625,1488
123197101,1410
123693096,442
124853261,3528
124882400,1121
125007217,1126
125099497,562
125444399,1775
125862390,2283
128061014,180
129847467,3307
131582572,20791
131881622,14846
131955509,273
132464395,158263
133060053,3552
133444044,2285
134584107,109
136799312,893
137123785,275
137789266,1673
138141023,216
138552196,28361
139945544,879
142422739,10910
142569591,248
142908872,6589
143284193,2688
143328315,39693
145693916,11344
146103950,1823
146435045,4737
146633589,37515
146856200,2897
146863062,5405
147229508,416
148067600,197
148550577,330
150864645,1079
151619717,38690
151904296,1958
152071156,881
156157055,49347
156317154,15225
156401841,9988
156946744,6543
157198623,12835
157908837,177
158025053,687
158673445,4662
158744344,3459
159110178,3136
159797814,952
159916548,3033
160361977,3692
161247988,3397
162021652,8167
163235189,1653
164433070,4335
165041732,25908
165645094,617
166911196,285
167694194,35621
168062479,217
168149502,1766
168269440,6340
169158585,2930
169991845,921
170118596,6151
170777132,7045
171564291,230
172407982,842
172519084,174
173005932,2286
173544440,7735
173827642,1467
175052225,10333
176858880,4665
176982014,17745
177614859,631
178470457,507
178626720,31318
178976529,8820
180307968,1534
180827233,9521
181222410,3401
181436799,16020
182067506,10989
182163054,1917
182865216,2145
185401193,1755
186056630,916
186332888,2323
186698598,1683
186872119,5229
187398354,1150
188356619,2986
189425886,219
189602331,271
191179628,1308
191194671,633
191751197,268
193332705,1967
193973813,422
196340907,1800
197009243,107
198483875,225
200004447,4074
200471228,859
200722670,18386
201025777,14812
201441751,2444
203558879,241
204388092,6680
204786174,843
206314293,1400
207454227,446
207988739,787
209556497,9193
209709465,3784
210357243,1421
212056242,1878
212747520,4254
213250662,546
216243021,979
216525761,438
217049858,1132
217113590,6341
217775615,730
218177655,395
218952803,13277
219035799,11015
219623588,4824
221121871,4973
221631156,1827
221733013,748
221787282,5165
222209282,754
222780595,4659
222824662,16224
223357324,4279
224261160,376
224908244,10791
225125850,137
225260962,16551
225572038,6172
226046528,2272
226368168,1550
227055040,420
228203350,3351
232627037,583
232876381,3781
232901618,2191
233587412,442
234676361,422
236624100,799
238593012,613
239828934,132
241021214,2523
244620269,14182
245127811,719
245949080,1023
247865662,1612
248977013,1219
249995750,42176
250036571,3844
251041078,5297
251233119,213
251396732,10380
253079431,1269
253849484,6427
255823049,2580
257327148,639
257520135,359
257648141,2826
260420185,4054
261098554,862
261372860,13764
262296122,88853
262424540,3112
264675954,17383
265127379,448
265850286,972
267420351,1417
267857463,5290
269773439,160
270670394,1964
271090649,4000
271800973,2600
271828142,1722
272785290,1903
272924197,327
273082432,1692
273337347,1355
273630336,345
274610956,1993
275182202,236
276288252,1923
279643881,3667
280784933,496
281475256,1778
281519510,4064
284824224,3222
284864176,4445
285951873,2900
285973698,2052
286408558,2121
286876809,549
288142727,776
288187811,947
288411806,288
288482469,10758
289205582,1541
289605524,7694
290091948,67387
290373506,10680
290686772,397
291070953,577
291703561,7935
291787503,11749
292617111,408
292648103,345
292896321,660
293572361,403
293631918,825
295608796,1501
297302063,4385
297535227,720
297672263,7816
300789100,1182
300996055,25498
302827809,9434
303541321,2087
303705119,3802
303953548,141
304530333,1987
305492699,1112
305572443,205
306242293,615
306977633,31221
306980630,5943
307213173,31547
307315411,567
309504885,3533
310368642,541
312042527,1682
312152973,3400
314748658,802
315977578,7886
316328024,783
318515767,169
320299900,9295
320598037,1378
321181247,143
321994701,617
322270485,1030
322855089,10822
323048702,72661
323651234,7461
326174741,36712
326479996,1845
327113050,5626
328236233,432
330325505,4313
330768122,2573
332181872,1336
333421996,5149
333624050,677
333867421,162
334567245,9599
334760721,1215
334848347,9285
336132980,372
337924729,729
338717688,861
340339997,11474
341473983,2090
342728683,9466
343203057,2130
343429224,1344
344069267,490
344190478,68059
345180734,1838
346124279,3040
346676718,758
350375089,4428
350871478,913
351720449,1599
353670076,2968
353968278,772
354138793,6447
354751914,956
356881804,2360
357328206,812
357891182,2012
358208946,382
358276714,155
359839626,8445
361511031,2927
361735570,2301
367549861,834
370275343,646
370342171,1230
370728359,1799
371631642,403
373308826,4757
373674258,8455
377631316,212
377866577,264
379581563,3109
380191749,17392
381317767,166
381952060,1653
382835373,660
383121608,282
384562101,227
385275507,3821
387786881,3479
388636965,2886
391273014,381
391777965,626
393571599,36911
393874035,14695
394089041,3075
395688425,4185
398941751,380
400215964,39747
400918657,357
401484223,9511
403559729,7882
404924772,927
405929837,2740
406341006,476
406408083,868
407722319,12366
409653223,3999
411987045,503
415956481,379
416312227,211
417875186,764
418399149,1095
420628968,1872
422148948,4123
422274596,41443
423101191,1161
423991420,1754
425484875,1493
427347642,1011
429104828,3656
429736266,10309
432730711,3021
432768606,548
433054511,2269
434324346,978
436617251,183
438416676,2499
438419937,11158
438514144,11332
439033158,4591
439528372,1100
440603375,620
440752086,14357
442706416,719
443220240,5165
443497884,850
444251617,370
445768278,5215
446713689,969
448167075,2987
448343090,2770
448398954,878
449649393,18434
449649595,2503
450291588,2644
451309277,356
452821660,670
457995289,778
458086533,872
458411579,580
458461908,417
458588993,8328
459466436,2484
460761639,1937
460867737,463
463439055,526
464704193,3007
468576060,75737
469136195,1326
469377939,1158
469622127,297
470779379,789
470832353,160
471249443,3238
472525693,646
473736446,381
474150870,1554
475150006,372
476918521,1955
477657302,368
477846408,823
477999739,1116
478484453,2186
478823173,11301
479199191,3042
479916584,1084
480303698,2228
480318757,519
481427289,1263
483260394,411
483678677,144
483710165,349
484017724,321
486656484,1269
487309566,2829
488091508,114
488641606,42045
489105078,1196
492526669,6409
493209224,107
495587598,8424
496192011,617
496233655,2374
496844646,517
497184741,472
497356715,869
497512032,12999
497780232,1125
498011141,34443
498575448,1481
498766488,10352
499173659,491
499272646,1116
500427876,632
501192860,1006
502863191,13482
503178978,419
506404806,537
507861208,3712
507972385,3494
509133407,566
509153572,3827
510360767,704
511003180,1199
511492785,2096
511745849,6003
513534410,975
514644612,312
515647260,36802
516505460,1880
516962930,2508
519577891,48981
520969009,37261
521688260,136
522133400,17676
522165515,795
522180634,1852
522895309,1630
524092789,432
525327651,334
525592995,28128
525605934,367
526514610,1450
526725525,335
527359569,2435
527796682,745
527889855,900
528076983,450
528328355,1264
528350188,3407
528763774,741
528771628,370
529560594,7306
529954479,761
530072220,366
530323399,3507
531653392,2126
531788813,3888
532465933,6247
533127272,13582
533199740,7735
533451541,4702
533601913,433
533752345,357
533934365,371
534330590,8197
534779800,1335
534817329,2624
535063290,683
535379921,396
535492585,369
535691024,3364
536013043,1934
536244334,497
536314590,1549
536492655,890
536614303,365
537093072,488
537940881,3212
538144430,785
538180525,15294
538375570,1892
538408555,496
539045602,418
539389184,7908
539888500,17742
540357453,920
540685210,929
541147441,1956
541269386,53433
541322916,5827
541841924,346
542185751,7505
542713154,1635
542763041,1225
542772373,395
543063415,1009
543189172,1987
543297533,789
543955160,4639
544039155,1068
544618040,564
545130358,611
545595027,1570
545918043,2048
546206616,29222
546466467,2550
546476703,8853
547227418,389
547725599,11785
547919119,659
548093252,802
548735230,1967
549133772,1393
549830413,7239
550981146,1244
551376520,61278
551689337,2860
552580878,966
552660722,838
554771302,12559
555532742,498
555659262,541
556522959,1635
556553471,1464
557271203,521
557880310,594
558278400,503
558368772,1351
558653606,484
559759491,809
560299175,21751
560704231,52015
560859378,920
561175504,695
561434347,1851
561902498,535
562595985,644
562754304,2364
563259458,502
564597496,1067
565372076,2421
565563619,4152
565658766,996
565772050,748
566323731,14471
568194185,365
568517086,2676
568776116,442
569265598,2515
569559542,261
569687650,1252
569860278,1267
569988037,374
570015943,767
570020780,4211
570384908,21633
570530787,598
570663084,359
570696986,3902
571055479,4345
571148432,283
571722519,318
572071014,1010
572087603,343
572570113,16210
572620767,1755
573203577,380
573224813,523
573661753,24240
573759422,6443
573822937,3715
573891417,1202
573963587,756
573982889,3884
574046356,2734
574095904,458
574097989,8206
574116196,13050
574156195,3465
574160606,3463
574210381,274
574278577,5528
574347022,918
574411233,2723
574428530,4184
574578825,8220
574612724,3872
574727842,730
574861362,1247
575042276,3450
575051095,6012
575253452,3579
575267939,3741
575295397,3789
575340621,54483
575628616,7553
575997792,1977
576005588,3780
576204079,692
576254831,3872
576380523,7864
576696753,3999
576799754,452
576869790,2004
576921601,3182
577116112,62021
577603990,37400
577753426,4466
577953547,454
578245357,1240
578272278,554
578460780,321
578685027,7954
579082810,78012
579494713,2023
579947672,2940
580147701,129
580525453,403
580537336,7297
580595594,401
580600129,2700
581656211,785
581913613,7331
582319835,523
582432706,5430
582729142,490
583315360,1274
583616027,536
584167315,379
584639396,9138
584843932,918
584935389,598
586171281,1451
586624356,13149
586903198,278
587031627,1152
587275399,916
587573950,331
587586087,42028
588477692,9498
588533284,777
588732058,2420
588898844,3734
588992876,2575
589013057,2293
589831718,131453
590681558,4631
591667477,927
591782276,3469
591961298,6108
592287689,738
593550728,630
593927328,2215
593961226,722
594096901,3293
594215219,1015
594609262,7352
594679568,1903
594869373,1065
595130474,729
595257557,770
595530574,1269
596205066,322
597240369,461
597490428,684
597583114,9151
597644883,3836
598099426,4190
598375636,2060
598539671,5638
598705038,327
598872262,2117
599293758,7751
599320067,154235
599338659,3084
599524116,32999
599570867,676
599687030,4215
599781179,4395
599811829,461
599950865,802
599976443,3125
600068422,3438
600223950,561
600229707,2061
600362783,3420
600368121,25227
600450326,4461
600534454,1170
600544354,21207
601100396,4425
601161044,16286
601205363,1659
601622432,703
601734711,635
601904916,2201
602005115,12379
602366280,6910
602455110,1131
602465880,648
602478874,3102
602771615,2467
603067222,822
603085008,10930
603215482,955
603535454,9667
603593003,5563
603668088,5654
604651852,3092
604899926,4143
605221864,943
605662936,304
605673387,29570
605998734,343
606329910,2713
606520610,3172
606669199,908
606790323,3651
606803328,6202
606949210,274
606991065,260
607013954,15210
607121301,2522
607202370,4993
607289185,28528
607301922,470
607355225,1184
607375979,354
607503931,118
607667587,519
607840368,807
607845880,2411
607858988,9518
608130371,323
608136755,164
608246343,643
608422802,346
608490374,7935
608896930,10427
609002853,3809
609054077,4273
609090479,3898
609099433,663
609255505,470
609333954,8385
609416865,24972
609427511,3208
609445326,6409
609721722,17182
609727033,776
609790481,956
610038902,3513
610043832,3723
610071879,821
610197072,5301
610217037,7531
610260322,41637
610265797,2350
610487003,1560
610713721,341
611161753,2248
611284377,4417
611291701,1349
611368361,806
611618121,21250
611723171,916
611817888,391
611913815,3275
612275000,1943
612350395,6194
612494680,122
612555408,1945
612562157,832
612603924,354
612750561,4320
613075789,12897
613456719,611
613731840,12207
613984283,12422
614050971,1269
614258120,10757
614325365,18935
614470292,2586
614719201,10166
614764248,33858
614765452,187114
614780968,2121
614826827,2122
614854112,866
614950419,1162
614965975,3998
615133427,546
615208684,1642
615313264,376
615403340,15744
615439742,3340
615510678,17670
615532857,3057
615536358,452
615557134,1442
615684995,575
615695876,4788
615702252,1393
615709657,512
615891862,1196
615910198,532
616027609,1399
616034965,430
616179530,1322
616187681,2590
616263789,319
616372661,71291
616466279,915
616830183,3041
616983144,255
616989909,390
617044480,1089
617048769,2669
617152691,8145
617179274,16435
617206966,912
617325145,3254
617363723,446
617418536,1218
617431627,355
617443880,443
617444598,503
617462489,412
617529988,2212
617577744,475
617708951,2329
617798408,21223
617864263,670
618116667,1891
618229896,949
618291036,1394
618299849,1335
618345160,2788
618503555,1340
618509061,380
618511002,10804
618644310,1605
619047425,358
619059435,2613
619143361,3083
619234173,3025
619312022,4253
619814004,2965
619825247,8489
619959033,77385
620059973,777
620076077,1727
620165658,492
620174542,7379
620225616,476
620275636,3340
620333997,820
620362812,2750
620428566,1054
620458878,14901
620552483,2173
620557779,577
620843043,1234
620943152,917
621226745,448
621562296,810
621575252,7672
621808642,29590
622134485,305
622147274,1702
622163915,461
622202906,3438
622352364,12463
622462950,384
622510230,6482
622569125,3231
622599959,2669
622633514,393
622709062,170
622788147,2893
623119055,1723
623276552,1024
623337398,700
623414622,1573
623453211,444
623499246,1157
623604666,852
623618719,1177
623656022,689
623679404,1052
623737874,330
624156003,682
624214839,2771
624236959,4332
624268705,2255
624294388,332
624421862,930
624432016,2270
624870895,9111
624889833,1176
624906825,133
625187946,16493
625308923,2351
625486047,8197
625502953,302
625659174,812
625673154,1130
625793423,3412
625802141,3311
625802507,1238
625961301,3500
626117554,1112
626161045,553
626166292,526
626239608,777
626509716,4923
626597211,350
626723712,1699
626885698,1000
626937684,1648
627132009,1252
627274798,1110
627480054,19864
627534556,478
627561173,18961
627637290,435
627644217,801
627646824,575
627727693,12438
627744002,2899
627915388,661
627962120,938
628087446,1450
628154495,1806
628172054,1635
628230315,2185
628250345,3000
628296906,12240
628479063,400
628749964,147
628853983,834
628959446,5767
629049442,3255
629102662,25014
629142696,5176
629177820,3214
629292062,2465
629411216,192
629494390,7059
629520282,1257
629538245,1216
629651008,1993
629789089,4134
629922458,3348
630208579,910
630292680,3793
630487790,1140
630488256,589
630646591,2043
630755965,4908
630987119,358
631003534,179
631079307,328
631081758,9047
631084700,349
631136535,888
631147793,1221
631169911,4684
631254164,36727
631258918,23789
631285104,5727
631454728,10205
631484230,2611
631493578,285
631522874,4155
631567741,41791
631651537,339
631673804,591
631693079,322
631705933,1620
631755045,425
631822812,6288
631829946,954
631986005,368
631999917,139
632043405,410
632265457,275
632269609,795
632303131,1741
632387128,1270
632394512,392
632538509,1363
632871496,1512
632871628,4682
632902959,3254
633037655,473
633091774,1969
633141345,996
633262635,31923
633738492,1037
633933122,24636
634043200,29534
634081686,23134
634082741,262
634151665,2123
634443338,655
634505738,172
634511992,635
634590129,412
634938527,955
635059080,1824
635129194,3300
635240594,57490
635258975,6394
635392069,493
635785526,311
635992742,844
636344889,4248
636372163,13649
636473464,526
636529302,510
636535720,6466
636693030,17664
636787031,12859
636922549,5120
636986058,4688
637096157,12489
637126931,3141
637237273,3499
637313883,1103
637692988,777
637924634,15616
638018738,829
638054601,4938
638158791,873
638240319,623
638609341,3790
638629097,48731
638722390,1297
638869686,566
638900030,2380
638951438,21785
638977082,321
639001213,4057
639079153,1618
639095114,3537
639096757,6726
639225857,2057
639286908,764
639548771,1473
639673870,2309
639687152,1669
639772835,4946
639835356,29281
639997734,3530
640182997,17672
640476297,384
640495759,445
640683234,1886
640747712,655
640784478,417
640819432,5923
641205268,14919
641213599,1552
641364608,360
641490799,946
641729782,1546
641932376,465
642099326,6061
642323624,35750
642332004,1154
642368010,1507
642416556,643
642578676,512
642608852,13016
642640119,390
642642539,17998
642696395,549
642826885,490
642880013,291
642906925,2224
642917329,20910
643035818,465
643050363,1811
643193835,1089
643298670,294
643405499,4591
643435168,2166
643705885,1552
643722626,378
643749430,3354
643838075,2893
643885884,2625
643916827,22753
643952838,607
643959798,862
643978507,240
644075561,820
644235905,25010
644259800,2461
644335995,1001
644343479,1096
644351982,1083
644461337,26573
644497089,2963
644686905,35757
644799767,961
644827453,554
644862510,3143
644945770,565
645171789,126
645270986,2012
645376002,346
645397533,5493
645423151,195
645471238,7175
645841220,434
646129383,598
646220234,340
646464288,763
646489141,731
646532460,937
646537482,2915
647071735,268
647090216,346
647100790,307
647651782,2341
647752905,762
647951887,993
648133004,955
648145432,771
648450331,585
648461026,886
648474263,2012
648505057,5777
648629873,13260
648704297,287
648800562,736
648854280,1071
648967412,2601
649025519,686
649035177,814
649047066,724
649224670,6419
649402606,633
649494372,775
649647885,6490
650246838,874
650365761,411
650657605,462
650838385,352
650839020,2614
650918061,2981
651145357,705
651479977,1048
651487266,9525
651673736,484
651715861,232
651739863,1221
651856155,235
651961311,1304
652065806,562
652419549,107
652420569,2228
652484969,767
652523482,827
652604373,1871
652712035,33677
652780999,389
652941996,8734
653196037,529
653386433,6344
653589102,13826
653595084,5649
653893086,827
654037367,462
654115596,649
654122609,8041
654124617,7392
654824689,358
654834995,668
655021836,907
655099582,82289
655155250,2416
655253031,313
655459367,29862
655806940,119130
655948482,8681
655949187,2830
656030508,1965
656099147,64690
656181752,1308
656242004,1303
656376920,1539
656385153,3647
656648289,323
657057869,1161
657103388,291
657153187,514
657442586,612
657895120,15525
657992824,540
658169646,264
658277588,4753
658356545,475
658453192,3054
658523581,707
658928958,180118
658954791,1623
659030774,719
659158359,1183
659163102,286
659211539,435
659402878,9402
659412092,7915
659786592,427
660299583,1237
660360373,393
660428571,758
660452634,1062
660489378,11234
660551251,70213
660860817,642
660891114,386
661149290,676
661178361,1608
661481146,329
661792195,439
661847690,317
661917017,393
662443651,1290
662567193,278
662717361,1500
662766482,12848
662871293,324
662878020,7276
663095187,1454
663157481,261
663247362,2492
663396489,2364
663801546,1258
663830644,172
663918038,1647
664102018,1014
664177247,1366
664262546,364
664420782,600
664427248,3848
664529368,1085
664752008,2926
664767555,859
664913876,5188
665164787,1412
665299585,1595
665360778,604
665471631,872
665653661,1198
665986900,559
666140407,745
666163354,2238
666197652,2085
666260877,3180
666461223,609
666826154,1264
667024117,908
667148214,758
667259013,363
667297720,18560
667532295,9307
667751028,324
667828615,2995
668052031,7119
668122773,14745
668132464,2828
668195240,58937
668481985,1364
668513898,1936
668812621,1706
668990200,620
669331976,6331
669402660,553
669420857,4266
669671669,814
669704171,738
669839756,513
670089677,389
670177036,294
670526867,933
670696350,703
671044141,122
671076272,2995
671115276,170
671367604,1956
671542615,658
671737761,694
671759870,3713
671872978,628
672224983,8795
672405848,327
672415139,9976
672418156,220
672490782,360
672673877,999
672678720,2378
672730040,1303
672790711,457
672839549,427
672847735,1708
673277480,2316
673277958,6990
673534316,3801
673596675,12128
673704029,1230
674075444,21695
674149041,209
674448056,287
674782109,702
674804053,224
674827652,371
674841239,348
674921134,138
675151062,2311
675166027,437
675501126,332
675790276,303
675892095,1055
675911200,1368
676012640,388
676028871,4860
676057693,1239
676089005,1340
676793232,2436
676855783,588
677284959,1523
677655818,336
677815836,262
678182421,3427
678526156,22636
678589928,230
678765416,489
679091311,1856
679237742,33677
679402823,1175
679506386,44329
679564879,1053
679673096,402
679869950,29767
680043217,801
680120071,60797
680173591,2835
680797687,2280
680860351,945
680918523,1159
681002458,7337
681075491,6725
681240572,388
681455046,916
681482900,1322
681516317,4538
681566005,18001
681603891,656
681809062,1060
681989160,272
682080300,12898
682556990,220
683009618,5672
683039317,849
683066449,802
683509343,272
683573931,5487
683650472,1731
684049556,672
684718744,915
684881338,6935
684881857,3634
684883012,1763
685444668,4083
685523400,341
685709378,596
685779821,287
685897222,179
686076152,1087
686161611,10536
686476221,1211
686709515,284
687036710,764
687065217,314
687127955,321
687211074,339
687246031,292
687372462,457
687449432,1044
687727674,1353
688164459,28130
688186076,2823
689172454,1319
689214770,2885
689299900,3522
689406476,931
689541424,2772
689765175,859
690349659,512
690609896,8198
690860892,900
691194929,463
691303110,4360
691347156,22712
691978242,690
692175642,1127
692676232,282
693038546,873
693072929,823
693638247,671
694239644,225
694279648,406
694510132,1317
694670164,2686
695229234,967
695699688,1077
696086319,132
696243788,2262
696503950,955
696601819,447
697007681,2076
697356168,167
697550206,1291
697933414,743
698210830,613
698288684,14852
698470143,287
698654711,360
698678789,473
698998233,1002
699159727,869
699343375,1234
699396462,734
699581828,223
699727627,411
700724064,2378
700762093,307
701109860,326
701256444,284
701312880,731
701419101,1890
701494311,9138
701547123,150900
701604805,1111
701627142,1153
701867516,517
701872893,363
702050953,1255
702370097,814
702674692,738
702880644,2427
703132587,668
703276306,151
703411624,24616
703433265,1167
703596504,540
704036520,1053
704054996,829
704106022,550
704543233,5040
704959035,4594
705126352,832
705247308,647
705358800,1402
705433049,3121
705695450,3385
705901752,2095
705950346,2659
706023626,1303
706400384,358
706636808,244
706794274,1944
706800296,859
707018563,383
707020503,489
707237272,4169
707248455,821
707356799,1615
707441527,14003
707501489,1082
707504998,898
707552952,852
707818217,3827
707871811,536
707913607,1257
708532926,322
708552127,578
708693209,3024
709504524,271
709603902,12720
709620206,395
710127591,304
710443541,1346
710475189,507
710539769,595
710601088,58078
710781843,476
711291697,140
711319439,916
711391701,1380
711550638,13909
711650878,2040
711864970,525
711904523,171
711904962,3867
712179847,382
712629129,3313
712897010,10751
713152194,834
713419018,520
713609629,318
713967573,7835
714008096,493
714035943,358
714143245,10292
714226745,1522
714374011,1910
714387282,732
714395490,404
714808642,286
714853510,772
714865034,507
714893421,794
714940169,3154
715248012,170
715348647,544
715427466,13580
715523093,2039
715592775,770
715806751,981
715884951,15029
716273663,776
716439063,309
716476891,1980
716579519,518
716583109,3406
716786755,427
716799237,1762
716937075,2094
717009085,330
717026159,1193
717138746,2117
717197250,47285
717216771,492
717287228,6589
717917803,1515
717956516,1200
718107269,941
718323423,948
718379614,22398
718407978,1149
718748920,3610
718853934,395
718875034,220
719367888,32056
719455172,6549
719761455,396
719790983,406
720449800,591
720659604,284
720915219,1198
720959702,313
721250099,2373
721643027,1668
721995615,10148
722184017,12004
722523710,254
722811903,1362
722844356,13614
722954739,1259
723015178,2695
723094714,3204
723226486,2347
723307046,2004
723485772,1181
723665493,675
723728776,423
723758860,1456
723933053,1325
724028394,655
724066757,1818
724118604,1759
724415659,159
724478159,1495
724564445,1037
725157537,863
725334471,242
725463194,364
725476324,808
725658398,409
726013572,970
726390185,923
726478743,409
726518175,873
726570398,3017
726692169,2007
727268148,1003
727460041,776
727470807,3050
727502310,586
727519007,312
727699569,1109
728395410,1879
728528910,3371
728758093,468
728820625,2524
729271800,568
729453988,10484
729716514,624
730276071,508
730334347,554
730389199,349
730414546,784
730439488,272
730534580,90039
730728120,3936
730753909,4401
731037923,493
731293077,5998
731397562,1826
731449710,456
731462543,4884
731842419,9766
732366705,600
732401352,723
732543215,396
732849776,1280
732909726,992
733057080,1353
733454789,296
733497470,370
733578284,786
733661878,3671
733802106,5697
733899994,6874
734171107,975
734312577,5651
734626369,1226
734710598,797
735087691,707
735283134,1052
735425203,5184
735469449,1818
735982439,953
736191625,1326
736198723,1791
736272311,15200
736349347,559
736419116,519
736491949,2502
736530793,1062
737050647,660
737607643,362
738046322,2234
738095453,546
738519395,344
738733003,43807
738771232,474
738776129,1602
739486956,1310
739667828,5346
740043450,543
740111119,475
740293013,7277
740316987,9631
740338525,5404
740789348,2072
741100585,3250
741165735,150
741543947,593
741791071,1224
741989385,5205
742015163,1221
742146179,465
742244656,30639
742326880,1048
742902859,657
742949598,392
743007730,590
743107776,779
743533748,2194
743720963,813
743746918,645
743770309,7699
743780291,4188
743789945,161
743825398,5683
744164276,4363
744855992,388
745311984,1410
745546184,8818
745732093,2689
745749489,3953
746122997,137
746295630,757
746380110,503
746430561,1843
746667927,1444
746708555,352
746783381,457
746833579,814
747578582,1803
747648993,1239
748030359,995
748528018,6355
748674684,9160
748833709,487
749135518,289
750069596,2539
750262306,782
750274600,395
750371625,4261
750409062,802
750678695,18176
750896555,1343
751008707,13930
751413469,1325
751474418,1597
751863240,2044
751927947,324
752576871,1277
752672224,454
752798324,235
752815135,1254
752840454,1418
752856939,267
752906381,614
752946440,2969
753490180,71813
753525670,306
753664908,861
753742444,829
753750990,29238
753757613,402
753886289,4458
754066467,1602
754173470,1586
755161958,970
755500149,432
755804236,3475
755874962,458
755952077,640
755979015,765
756142546,7990
756475416,2695
756910902,214
757246914,288
757390591,428
757771051,958
757875395,1092
757885472,759
757899614,588
758197374,18276
758253566,699
758619546,181
759825266,3638
760107045,827
760329856,483
760947966,1004
761068700,1080
761150311,7211
761397238,1664
761580012,807
762204955,1789
762224673,5804
762300924,2475
762303728,15230
762355055,2422
763068976,829
763718151,378
763733771,1042
763774926,7655
763784232,437
763795053,6388
763825934,1752
763842651,7911
763923484,3787
763946969,393
763992110,638
764049913,1276
764161180,803
764328003,142
764418725,7020
764684731,641
764867656,728
765001096,119
765133369,798
765212809,361
765636168,448
766789360,2078
767257109,326
767492699,1360
767522148,833
767612356,195
767985271,7790
768036550,5014
768315119,347
768612800,4390
769026721,297
769134044,1059
769264114,655
769564277,7627
769818490,421
769852109,1744
769873873,602
769954254,696
770001062,3121
770153867,120414
770633006,2397
770650946,226
770946179,765
771302083,86151
771670025,17749
771808616,3565
771812200,166
771847852,1040
772047488,804
772179341,1108
772231767,348
772626462,1912
772632148,5122
772900420,516
773015046,682
773093836,1128
773321993,423
773345074,891
773544702,22536
773950709,2476
774011471,1971
774180708,385
775149161,741
775300536,351
775790548,1524
776632801,890
776854298,31218
776908852,24139
777111718,25730
777273508,1179
777392297,599
777597786,2454
777812139,3326
777941000,834
778281287,690
778431525,35836
778560533,289
778768633,492
778819999,2249
779285435,2154
779309317,1503
779312276,880
779499743,364
779843396,1229
779928034,1743
780047246,410
780161909,383
780323643,273
780522250,8727
780584116,229
780685045,2498
780737106,20217
781254183,326
781261349,14506
781367266,888
781412750,484
781420440,1623
781548686,702
781634560,1350
781762105,281
781844208,623
781914762,6593
782308046,3766
782539945,9082
782544882,1575
782597014,1485
782938634,270
782946208,5042
783303222,1337
783512367,38904
783558843,830
783743154,280
783744120,516
783839655,541
784021364,446
784181462,36611
784183059,5312
784528890,1780
784546140,11952
784586462,1192
784700179,242
784769209,559
784797264,735
784800776,986
784852356,145
784906798,2641
785004114,1465
785300720,991
785617449,375
785719030,236
785751279,1356
786008946,1080
786281570,962
786509147,937
786642156,4559
788470926,430
788751269,381
788768107,8915
789008605,417
789379581,292
789457378,306
789480255,6915
789601531,775
790018635,275
790136258,116
790316547,1257
790704526,2350
791124680,8493
791678512,866
791687835,117
791733442,816
791911417,573
792039881,3541
792072603,2681
792550179,253
792608353,665
792840938,588
793152808,805
793375104,135996
793379298,5247
793416920,304
793454852,4441
793526430,519
793795224,6402
795106410,726
795256319,246
795577184,385
795601045,1449
795784338,590
795905076,589
797193117,553
797371964,9383
797507464,112
797526075,106
797531982,447
797821110,1692
798163156,837
798470196,639
798503976,207
798892173,835
799032556,1633
799067071,716
799084863,334
799574583,832
800050396,1716
801447013,292
801547807,1067
801763739,8501
801764728,270
802174871,430
802342616,529
802434683,5634
802821703,10378
803024793,2103
803449223,153
803643412,1583
803733455,4892
804026091,958
804027896,1105
804458911,579
804533296,341
804542745,521
804768546,1804
804867341,4328
805155266,51420
805900550,548
806007891,4181
806192576,7948
806216118,1464
806294968,270
806444030,842
806770482,1259
806804556,2855
806854629,33497
806921131,523
807305060,11648
807477229,167
807512074,7415
807526338,121
807727161,2069
808019331,1348
808072504,721
808091003,766
808123482,1837
808180334,888
808279683,124
808982778,254
809060646,1344
809380023,791
809671338,1966
809673506,6220
809764991,351
809877633,787
810121174,3880
810363572,209
810375738,663
810861466,8521
810940471,638
810975601,186
811330067,330
811374381,1094
811638645,2163
811675345,12976
811918547,710
812111293,295
812535124,198
812975380,19083
813220336,2227
813368909,3714
813390194,326
814018882,876
814403270,1998
814502811,1514
815071490,144
815554514,291
815634288,11177
815654365,337
815778607,328
815946742,2305
816158613,1251
816163847,2012
817354652,11107
817558041,317
817595660,1364
817999901,138
818118661,4532
818331198,19717
818371268,487
819274200,1541
819291550,2653
819613072,1472
819746780,663
820105241,1114
820144741,2816
820723371,1119
820789280,3521
820898375,1614
821257066,1859
821372392,28894
821845183,273
822329559,2109
822439302,363
822604462,42159
823175328,1831
823198721,272
823533826,810
823596198,2063
823731928,626
823919159,588
824091324,1258
824541776,6660
825079672,962
825151681,296
825279449,2117
826111692,4074
826168160,65989
826170402,19243
826643276,1472
826847986,579
827005317,6369
827224160,298
828487049,403
828505099,4671
828725594,561
828733319,606
829521860,439
829762850,1154
829991333,266
830468922,2192
830613483,674
830859294,2487
831914256,5865
832180352,1260
832452447,14775
832482665,1797
833512367,3982
833803262,224
834050728,1112
834231760,594
834369920,58405
834418003,477
834688418,6917
834978333,385
835317697,895
835704674,2516
835975784,16084
836079752,1046
836554261,353
836899473,379
837411728,516
838093526,4466
838126055,399
838163451,143
838216432,7268
838412119,1018
838528318,1625
838542536,11419
838659679,12732
838970603,6600
839037098,27691
839428333,13035
839638772,827
839750798,1087
840056306,30582
840162905,1976
840665645,959
840672252,2305
841242731,1809
841263635,388
841370602,5710
841397199,2091
841472636,10973
841537832,224
842172831,1589
842982339,414
843003613,858
843119525,1200
843570824,8350
843734873,428
843946121,3252
845116230,881
845839905,1250
846166884,528
846504063,248
846579774,3389
846650421,1399
846698999,53900
847717439,16160
847942139,712
848182195,438
848430472,565
848716186,170
849121458,3408
849473290,555
850195226,1834
850267588,29606
850515061,6423
850683423,5224
851036791,1668
851138183,1378
851256132,680
851311691,799
851405219,2884
851492630,1789
851508130,327
851957432,1103
851973702,2265
852211693,724
853516073,492
853853180,394
853922938,772
854337508,10784
855162700,3148
855588588,8552
856013564,331
856917013,318
857301513,521
857378779,295
857596299,6901
858952634,261
859231373,889
859332112,693
859510816,2371
859537060,5668
859956307,4890
860141324,564
860826290,107
861432372,333
861556786,2529
861746639,2665
861758511,1836
861937484,1985
861987013,268
862342240,499
862421352,1579
862449441,16536
862570523,9132
862578138,13325
862584018,24204
862802466,1360
863050120,4623
863276973,2481
863454901,1066
863884238,517
863930645,1497
864107095,667
864683346,407
864768613,306
864976834,559
865062553,1275
865578152,3615
865656561,6531
865674064,754
865687718,187
866356299,596
866513204,39391
866517667,1993
866534224,124
866629172,682
867149056,131
867337374,10825
867365585,269
867433720,5572
868173144,20171
868456222,555
868466289,3210
868528979,191
868765642,1708
869057963,252
869529046,360
869964172,309
870039374,2144
870189331,12222
870402765,447
870957129,879
871211266,2870
871368615,8934
871483501,520
871725446,477
871835352,111
872005985,7923
872021590,2437
872550457,1526
872632465,979
872748942,605
873102254,576
873330843,824
873387226,304
873548300,1710
873919267,361
874559208,17762
875190427,221
875857865,388
875989196,539
876000634,2631
876064934,37325
876079530,802
876363500,256
876463366,313
876545970,1844
877230294,10987
877487641,155
877649153,4324
877757116,884
878272507,1060
878401217,551
878605324,527
878634542,683
879091764,620
879473096,1722
879657839,539
879677288,430
879753997,249
879874959,2848
879985123,501
881014682,207
881100462,951
881171866,15867
881201918,1897
881448795,2237
881458615,112238
881991789,583
882026761,7592
882106204,419
882354535,1992
882486617,1047
882880878,401
883037083,1437
884123664,3942
884452470,1203
884907449,351
885743839,1998
886299924,1573
886448921,1631
886682265,300
886929922,158
886966165,3709
887684103,5101
888092115,178077
888350460,1837
888450044,878
888615536,2097
888977326,856
889371307,4155
889684712,1520
889730722,860
889798967,1711
889850064,910
890043011,4447
890358626,321
891123403,392
891705470,10932
891872929,652
891941403,729
892076269,1049
892173192,4115
892415825,253
892729604,1013
893031915,5887
893198731,212
893612026,665
893720264,300
894138030,179
894215592,279
894382523,173
894727712,123
894876686,2571
894945634,1372
894988451,1812
895079444,677
895124092,291
895224323,808
895253710,7831
895291604,4964
895453957,12496
895508656,73904
895801050,5764
895930732,1587
895942941,15385
896146306,3107
896252863,345
896296825,27517
896335270,94073
896417211,922
896594784,929
896905855,242
896927006,5931
897068154,822
897268988,8532
897308110,1519
897375907,620
897595329,3853
897809208,5846
897865415,1573
898003154,649
898004429,1029
898106797,348
898128804,1381
898304583,12944
898345892,9478
898654014,284
898806615,150
899184149,3404
899268921,151
899309258,2105
899407931,7393
899491463,908
899663167,1299
899983311,891
900152988,2000
900207021,2224
900260982,292
900493069,928
900564894,728
900577388,6508
900708662,185
900908903,2558
901328207,191
901554449,1768
901585471,2221
901596497,213
901680517,1540
901720337,227
901797250,6049
901925992,572
901950528,5395
902201960,5822
902419239,640
902495626,456
903410228,1111
903548628,2314
903606632,235
903643338,312
903700733,15954
903960898,1539
903999320,1830
904010974,905
904031977,477
904060563,590
904190702,239
904249963,709
904277704,660
904534974,7449
904639064,1676
905016458,8524
905450127,2984
905471442,975
905850659,168
906122697,1179
906245192,424
906251482,37392
906326388,1539
906380555,358
906848878,3165
906909760,324
907148362,306
907706400,1236
908040880,2467
908054915,132
908705399,196
908734690,2737
908799323,3260
909177153,228
909213664,102461
909215044,467
909466352,882
909717778,1221
910125376,3072
910133553,209
910265773,1587
910277051,295
910336786,1488
910422636,8953
910426589,636
910918245,321
910986056,16314
911150848,257
911185631,467
911256711,5918
911303109,18668
911680526,1245
911831076,4983
912452889,345
912499477,2618
912645774,3133
912731730,1089
912869501,1666
913547673,260
913574546,1447
913593764,1245
913907685,1982
914316754,19909
914406146,1541
914475684,200
914625205,1726
915015718,460
915233417,6578
915291641,2008
915358848,2476
915425472,873
915470479,425
915520679,9526
915822493,357
915838812,385
916009087,17466
916292078,272
916386111,3277
916693314,166
916695726,3467
917001485,420
917444482,300
917782991,1641
917868934,32173
917903047,2528
917985457,693
918092521,267
918778709,3910
918932603,38837
918998436,161
919458554,1215
919609219,3683
919835586,14735
920159501,3647
920179950,351
920576726,2647
920835737,409
920995232,6415
921048775,1501
921101366,195
921374864,1325
921418273,673
921448845,1826
921652649,584
922050275,3417
922278962,2789
922596686,5364
922709376,703
922830617,174
923103714,449
924394244,5516
924706399,4142
924738875,4419
925147332,4096
925298844,6550
925457982,1047
925508103,950
925634755,2937
926222936,199
926252103,10797
926285456,754
926297959,1408
926334425,3347
926861272,19629
927890076,7218
928054659,277
928147986,126
928176450,528
928246219,317
928318862,9764
928416110,1223
928766981,484
928857407,2749
928976443,485
929050264,928
929121414,23372
929152510,398
929153651,421
929158279,3649
929338255,4092
929591639,191
929918364,266
930007673,329
930132430,2204
930217913,7308
930733499,513
930886482,709
931205747,245
931352845,34072
931365873,4154
931442415,2534
931552739,1097
931705070,2271
931884122,580
931892749,15774
932076703,2536
932348189,313
932644823,5499
932741577,793
932756293,795
932892820,197
932931149,257
933044155,2576
933144612,831
933201974,174
933350408,3463
933392619,1488
933588046,478
933700399,919
933701586,13645
933894892,1498
934119223,252
934139122,505
934147482,1623
934358660,376
934527631,2778
934753959,3867
934853350,254
934999287,3127
935223529,990
935450522,5794
935534753,1560
935604638,27136
935753640,430
935895786,277
936036852,517
936075340,308
936151330,902
936369652,1326
936371491,498
936395722,1713
936588488,827
936639285,723
936974548,4683
936986786,5147
936993021,1471
937033828,298
937056810,2116
937106681,441
937347387,253
937527501,1585
937952934,5721
938111182,321
938268326,303
938322627,3121
938379776,2096
938582880,482
938652536,192
938859604,5880
939035618,132
939207877,4941
939242211,213
939371152,590
939648665,5499
939657163,470
939712575,314
939870671,530
939937385,428
940099147,1377
940989522,379
941145803,3561
941160149,3788
941562247,2087
941652610,185
941866087,330
941931006,139
941971657,402
942114501,20122
942206898,7963
942624437,1840
942756187,14879
942771284,32706
942837343,28045
943214141,187
943266643,576
943686184,1562
943950290,7896
944414751,26798
944922104,341
944976593,12000
944988714,602
945034056,1340
945121885,348
945309383,207
945411078,10781
945551361,6337
945592798,284
945605057,8422
945763259,2080
946010740,6672
946025961,453
946087422,27174
946153980,3895
946174307,4518
946178371,10695
946228075,466
946270469,150
946278572,4040
946334325,241
946380199,29191
946676136,1276
946702247,7393
946763772,217
946767878,6888
946845941,3328
947349598,2070
947516890,602
948072295,5219
948129804,435
948148972,1885
948264786,2803
948430889,1878
948567826,341
948663423,8991
948725367,625
948839453,7534
948860546,1415
949542298,540
949564493,338
949646929,9732
950019212,400
950061990,1712
950361043,1032
950412509,331
950839330,789
950891299,4716
950937118,169
951125019,787
951163887,899
951254050,211
951416232,514
951429064,2966
951543275,3834
951636984,463
951746200,2999
952238700,9657
952294753,2842
952688112,36787
952939763,2138
952977008,501
952999410,751
953089294,4892
953142807,1192
953215797,384
953274130,1703
953321814,2919
953478769,2276
953521037,35603
953587943,957
953683578,28805
953944252,3016
953945624,2779
954045557,521
954295376,352
954321799,648
954528300,1200
954762768,451
954873280,25627
954963562,11823
955112969,184
955577327,719
955620917,61606
956283541,7049
956421280,502
956585124,1356
956657893,6331
956679248,1350
956842312,8369
956908445,4719
957053334,6229
957410714,179
957412694,4362
957479413,1929
957658915,25683
957756643,3447
957812975,1455
957825149,2368
957859485,9819
957960956,185
958189434,2178
958531089,35513
958603506,251
958733763,355
958830671,10280
958852531,625
958956842,1628
959346743,524
959473422,12639
959543974,7628
960225366,838
960292911,248
960665821,17154
960724144,799
961238844,575
961883456,575
962024783,3007
962106649,2637
962125208,2751
962134278,3382
962294285,306
962587799,767
963665823,4417
964314175,1629
964477695,5989
964818213,1233
964996396,4005
965030779,2151
965174143,1530
965232391,588
965313467,9178
965632655,8138
965872694,616
965974441,5799
965998145,3352
966022561,585
966372868,626
966653795,2221
966916741,654
967062640,3307
967155121,566
967543976,203
967670863,653
967738751,9480
968197216,106808
968317835,2118
969005843,235
969010919,19387
969235474,564
969263461,797
969373000,1542
969725165,331
969892666,6737
969920935,1038
970023948,3777
970107711,827
970267776,780
970578570,2643
970691159,398
970875123,950
971300888,5060
971399370,971
971922154,165
971992642,4643
972553373,4352
972862480,630
972930250,848
972957983,1269
973051124,2568
973180254,6801
973223133,4844
973292935,2499
973621150,3570
974157595,5849
974445592,13321
974865573,2104
975012144,385
975045036,2119
975318071,17879
976255395,454
976286833,2260
977737334,345
978236277,8749
978331188,10081
978384239,545
979235459,1229
979345481,1527
979392131,15720
980086077,2471
980428225,2124
980526715,1029
980584668,1975
980669489,212
980793684,234
981177285,10006
981223380,707
982172059,264
982517950,6900
982711664,608
982835425,995
983113668,5125
983757718,1853
983763510,5014
983846239,900
984011683,2890
984119889,1243
984133376,10189
984189260,869
984376616,406
984413599,3042
984625191,3935
985839104,13545
986553289,505
986861312,2908
987252260,1197
987312029,803
987541636,1670
987670088,27898
987682107,3043
987975584,10659
988337333,18329
988488798,5107
988535212,282
988545824,863
988856738,520
988892963,1092
989406293,240
989917360,1214
990310636,667
990811530,237
990919575,308
990985890,582
991030974,932
991037838,346
991047680,1562
991092853,1964
991528882,1757
991626874,821
992021228,257
992114392,875
992325192,564
992778031,515
992907328,340
993236973,1567
993376725,1616
993392548,495
993521808,3753
993635199,376
993864981,895
994061888,320
994252890,6615
995129837,868
995371708,336
995796077,799
995920026,1428
996124831,1788
996329491,6623
996546959,1131
996626040,10820
997085842,3115
997120524,861
997220114,274
997390194,5440
997410148,521
997438135,521
997490512,6544
997890921,22832
998409746,546
998445877,1348
998658053,1872
998704750,327
998903307,1834
999030842,15307
999743169,580
1000362065,38627
1000784797,826
1000933836,696
1001200358,1332
1001452682,12066
1001531356,575
1001889935,3181
1002055021,908
1002069540,2625
1002125012,28013
1002608585,342
1003353701,542
1003434490,1393
1003614809,3116
1003799351,513
1003987503,597
1004147641,17985
1004491404,606
1004631442,8674
1004647857,6572
1004789600,607
1004995740,22394
1005233473,4955
1005959915,299
1006104934,5744
1006340566,410
1006993051,891
1007665741,894
1007681088,5498
1007724038,646
1007845219,862
1008177062,4634
1008373485,13572
1008713177,27643
1008775535,655
1008961851,895
1009038213,387
1009729416,458
1009904154,396
1010094371,2133
1010285990,497
1010311478,250
1010318950,6951
1010478967,2278
1010681419,76030
1010767195,2738
1011137032,1485
1011263959,299
1011716417,647
1012087571,50342
1012470975,156
1012676456,3291
1013335166,327
1013404946,3333
1013480284,30524
1015215237,200
1015232837,412
1015241891,1916
1015280784,2328
1015753941,2619
1015815983,7198
1015852565,815
1015965886,575
1016271077,812
1016323751,38534
1016423859,12631
1016903129,878
1017049444,2848
1017500658,164
1017966556,435
1018098280,2069
1018547681,3802
1018830110,1598
1019203263,158
1019360350,3455
1019432584,12589
1019609805,2179
1019975951,232
1020779503,1839
1020834440,3682
1020843346,621
1020997213,148
1021219064,3652
1021295105,508
1021369428,203
1021621499,3419
1021895365,23634
1021907170,1646
1022508659,752
1022925092,1006
1022937426,8723
1022984892,4423
1023243010,1170
1024010771,564
1024095504,306
1024554267,241184
1025121037,4760
1025300166,5820
1025363199,172
1025906681,3413
1025924157,2780
1026361581,195
1026589873,342
1027015746,874
1027092197,228
1027207153,824
1027384981,28953
1027472552,1481
1027657650,457
1027735852,1677
1028070615,14378
1028159967,12845
1028492186,15182
1029036679,24852
1029049168,2451
1029161494,502
1029237831,367
1029289585,1990
1029765858,1805
1031066646,235
1031215137,15633
1031572511,334
1031666266,167
1031702103,631
1031738741,3154
1031743438,105
1031953656,1536
1032382011,893
1032429296,3103
1032459340,67270
1032498247,884
1033268244,5840
1033504128,109
1033533442,1911
1033618518,254
1033873680,8363
1034122619,1854
1034425196,12764
1034455311,203
1034736943,4351
1035165731,2067
1035890763,3510
1035903914,604
1035925398,271
1036205124,8116
1036441713,3739
1036471813,238
1036704760,1557
1036865607,5100
1037029275,192
1037741738,4728
1037868089,704
1037882481,1663
1037962296,5137
1038251341,4823
1038267026,506
1038357256,304
1038413113,1097
1038434342,734
1038507702,1537
1038887977,187
1039282306,2803
1039587768,7782
1040280323,2762
1040397982,8363
1041176052,4051
1041444133,1761
1041920680,4609
1042367133,133414
1042526843,2491
1042774256,1589
1043448231,1865
1044010907,5314
1044765979,3368
1045330979,1168
1045721921,9621
1046807713,3851
1046864201,2229
1047320420,3676
1047604775,2722
1047714514,1355
1048132347,431
1048158960,1256
1048282719,2239
1048320382,11004
1048418394,3306
1048564437,279
1048601047,5090
1048652045,178
1049183334,651
1049248085,192
1049886433,2371
1049887781,791
1049911276,378
1050245177,675
1050485604,406
1051229663,1712
1051432019,559
1052016638,913
1052050442,76938
1052094299,1169
1052259802,3122
1052387869,543
1052473204,1180
1052828228,4826
1052845083,18881
1053114486,626
1053118194,44652
1053297461,3766
1053496366,1828
1053544737,532
1053598893,5157
1054147333,218
1054677274,2904
1054790989,9544
1054793726,50879
1055778057,791
1056221118,1360
1056452116,810
1056618941,4619
1057381764,811
1057758059,811
1057848324,769
1057909657,616
1058148535,1205
1058223453,540
1058825816,2003
1058850200,3265
1059326899,2390
1059472549,3722
1061041576,30376
1061327311,11239
1061365581,525
1061953414,173892
1062171191,518
1062210926,1006
1062297179,5438
1062458369,28979
1063265931,4275
1064264196,1090
1064636662,2751
1065047674,1688
1065059442,47716
1065066515,2025
1065865385,2509
1066243512,2014
1066509034,3000
1067194496,491
1067611583,147
1068755384,376
1069234314,438
1069446208,3330
1069465928,2770
1069943001,19939
1072539730,12216
1072816188,2465
1073224795,281622
1073579907,676
1074023461,2441
1074175180,396
1074561042,26872
1075241121,253
1075250658,1566
1075381375,15997
1076111130,1822
1076312498,953
1076538757,121
1076969585,2564
1077560986,465
1077591800,191
1077662591,2198
1077701245,888
1077819522,21867
1077839783,290
1077850011,14964
1077926723,1237
1077989117,2781
1078227922,670
1078434900,508
1078528927,6834
1078598180,2367
1078850969,2376
1079302078,625
1079469057,3099
1079547517,994
1079619168,6183
1079906817,3557
1079966361,3349
1080070047,11319
1080226559,360
1080442728,2902
1080536031,1783
1080688707,826
1080728121,1424
1080989149,1925
1081336463,2750
1081397957,25324
1081415439,285
1081623471,2125
1081770999,2374
1081783144,460
1082137380,4577
1082722503,3388
1082927074,3419
1082960574,3201
1083188349,5239
1083363028,2605
1083676347,106
1083790746,452
1083953029,539
1084058975,2300
1084400107,1618
1084853233,33733
1085062248,131
1085086903,12694
1085130367,1167
1085636225,396
1085876386,6172
1086124473,621
1086419061,22424
1086756757,1644
1086808440,202
1086887314,3009
1087021837,707
1087106485,383
1087304134,1739
1087772670,5368
1087915800,529
1087953935,681
1088165333,448
1088558237,12303
1088705108,9194
1088816938,751
1088947514,1196
1089324287,802
1089959414,4982
1090165309,397
1091441963,730
1091563845,2461
1092047360,41352
1092116209,6597
1092279475,6361
1092555455,170
1092747695,239
1093180734,940
1093458723,339
1093529841,10283
1093903598,667
1094040884,132
1094122545,1548
1094171135,1084
1095936393,1975
1095948794,3853
1095991387,517
1096085345,1523
1096175506,1154
1096608396,3880
1096955196,1380
1097695258,20912
1097835077,1540
1097885806,295
1098549899,610
1098665524,2591
1098866858,608
1099328966,12574
1100358796,778
1100363827,3889
1100776768,35882
1101059247,1140
1101183880,805
1101198567,2411
1101234405,2790
1101358021,865
1101573776,160
1101874129,9729
1102197464,3303
1102438776,1318
1102464845,196
1102475895,303
1103012935,388814
1103039640,554
1103066894,1438
1103108740,3155
1103502237,1108
1103772881,5512
1104232109,764
1104301428,381
1104332987,71954
1104370536,7302
1105067009,628
1105657641,10031
1105906942,5995
1105911868,207
1106046293,2263
1106290890,955
1106398326,1248
1106440682,609
1106444494,355
1106612431,2677
1106615912,2143
1106663535,15547
1107721554,1198
1107847846,409
1107929306,1197
1108061543,386
1108188054,260
1108246201,263
1108658403,240
1108682714,6585
1108837393,68675
1109163478,971
1110248948,1684
1110443421,15767
1110629675,464
1110724055,461
1110731552,553
1110782890,15152
1110932933,3635
1111221079,913
1111537966,3826
1111937658,2300
1112015061,733
1112154391,376
1112189620,26162
1112733896,766
1112757335,501
1112843446,2331
1113140733,3105
1113326957,796
1113327297,2043
1113373470,689
1113403973,10999
1113476505,578
1113573066,51948
1113922795,2776
1114838453,4581
1115322337,1627
1115438773,3095
1115602775,2362
1115745775,644
1116604175,2982
1116658452,834
1117298172,783
1117388084,1616
1117497732,1887
1117639997,25020
1117827886,301
1117851921,736
1117894769,1889
1117896698,491
1117927632,2320
1117942206,3728
1118058753,569
1118085970,14962
1118204739,1045
1118273977,813
1118472080,687
1118483478,1137
1118556483,368
1118601518,40426
1118620356,951
1118981983,678
1119072163,241
1119305249,1092
1119492821,2552
1119523584,5480
1119580695,3943
1119883856,1630
1120106077,1458
1120507300,2085
1120540348,5048
1120583995,1118
1120886225,1869
1120991338,978
1120992116,543
1121405464,3935
1121898861,1324
1121999804,1927
1122242121,4956
1122681704,1985
1122873619,1522
1123331936,1054
1123338559,5802
1123956658,8425
1124031902,1589
1124219907,38677
1124236568,384
1124477911,2093
1124631986,1022
1124754056,2380
1124759447,489
1124936542,785
1124990304,884
1125228311,378
1125683897,476
1125856365,29396
1126064944,1413
1126473386,27824
1126557956,813
1126841840,5056
1127011907,583
1127191351,3175
1127234517,9346
1127276854,1554
1127402712,454
1127638187,1039
1127650407,3575
1127793756,5872
1127844060,555
1127855842,256
1128204614,19093
1128579105,407
1128708803,264
1128833454,1886
1129412343,698
1129437678,2942
1129568168,1641
1129583447,3911
1129597773,371
1129716674,2367
1129786550,19132
1129836481,338
1130004860,5912
1130040122,995
1130269053,302
1130325611,1354
1130445785,814
1130564872,85523
1130809465,38995
1130952330,642
1131085323,1836
1131194012,284
1131286249,304
1131381274,266
1131513930,64601
1131637627,1253
1131734767,781
1131980797,556
1132063646,2267
1132431999,11017
1132664039,2173
1132750706,16239
1133207146,25650
1133210524,4346
1133611462,185
1133660268,2104
1133872562,547
1133901637,5769
1134247238,416
1134445014,545
1134447175,6969
1134743153,773
1134819911,4041
1134882229,961
1135067489,306
1135148452,985
1135169266,2326
1135179558,8615
1135193663,584
1135212071,46835
1135260262,2970
1135473927,747
1135492298,17037
1135501937,2571
1135791677,14117
1135871706,651
1135891523,2991
1135975613,283
1136152017,1756
1136197489,208
1136590548,247750
1136616428,1722
1136666433,42084
1136752401,1703
1136782037,2747
1136945646,221
1137222083,787
1137445686,558
1137485434,2424
1137515077,5117
1137515714,485
1137711311,40914
1137729039,160
1137850293,1408
1138349022,1005
1138376193,1484
1138835447,1846
1139111484,342
1139329853,506
1139643103,1088
1139782619,13967
1139883371,386
1139971460,78513
1140000232,1814
1140071348,2149
1140152286,419
1140226073,630
1140263746,1374
1140481996,760
1140494293,731
1140774520,827
1140788023,386
1140946310,1466
1141023706,557
1141384261,498
1141468878,176
1141582887,1580
1141592887,1329
1141701871,1095
1141704318,52363
1141706975,1420
1141720197,1559
1141782198,52281
1141853351,5911
1142132744,209
1142274728,9070
1142397834,666
1142406715,4619
1142413815,354
1142482827,475
1142833038,154
1142849282,274
1142857237,381
1143019584,813
1143237475,5326
1143261428,9958
1143295695,5398
1143403408,1004
1143408173,1928
1143664622,508
1143707508,998
1143753790,324
1143767804,28720
1143816215,631
1143938205,231
1143952193,5844
1144007363,1285
1144211118,1108
1144284308,690
1144422934,629
1144694071,2868
1144727401,2496
1145075367,705
1145158024,2096
1145420469,2844
1145667945,2276
1145741988,1182
1145881485,638
1145914675,1264
1146004684,2260
1146153471,1978
1146425139,3969
1146462485,2841
1146471921,2148
1146550474,3947
1146738089,30693
1147019563,2077
1147094660,47704
1147103080,3992
1147294830,705
1147379948,4110
1147566999,3173
1147646222,209
1147803825,831
1148290190,876
1148314264,491
1148542760,561
1148617298,1698
1148960257,4150
1149110392,510
1149257427,5352
1149469661,572
1149484257,1157
1149919051,2099
1150071903,2587
1150205470,6815
1150626239,7606
1150696087,556
1150781804,405
1150800542,2368
1150865300,886
1150877418,3334
1150995498,603
1151113612,3980
1151205052,3156
1151221822,513
1151379841,863
1151411061,6444
1151667698,6695
1151867743,470
1151870687,357
1151948575,417
1152014594,16271
1152145571,1741
1152159038,3366
1152162423,211
1152600431,1459
1152720637,1472
1152766213,447
1152784189,612
1152844950,348
1152948526,928
1153027372,189
1153111797,286
1153372704,7141
1153416852,3182
1153483156,417
1153494379,1123
1153634897,295
1153688673,415
1153764295,1096
1153806672,2050
1153822578,517
1153886029,188
1153919891,789
1154009261,5019
1154123797,2372
1154407752,1746
1154879377,3063
1154974019,358
1155025406,3355
1155063795,336
1155091202,5912
1155099363,1749
1155123554,1125
1155158769,271
1155232855,1351
1155266070,809
1155268703,1948
1155383451,8722
1155576139,7839
1155681893,188
1155766506,1263
1155776799,1291
1155816493,2386
1155965274,24816
1156013210,1802
1156046366,256
1156170875,6028
1156416181,446
1156797572,6164
1156956890,32722
1156960719,14710
1156994049,10913
1157171418,21398
1157299560,178
1157326300,251
1157543432,920
1157643045,178
1157659618,443
1157855507,954
1157909530,319
1157928891,447
1158031396,839
1158444028,701
1158472225,3161
1158588224,34859
1158631460,3486
1158722119,92190
1158782187,176
1158799392,10278
1158953185,2269
1159184254,582
1159261054,1600
1159381774,2238
1159829402,871
1159910897,239
1160158798,376
1160245783,1450
1160289313,847
1160721237,254
1160886023,1370
1161038816,640
1161355400,748
1161379409,774
1161394125,1653
1162089095,868
1162099055,84204
1162410458,9245
1162907198,299
1162971794,2539
1162985117,463
1163081173,616
1163421557,494
1163460571,1033
1163460850,2270
1163524922,259
1163644748,600
1163855415,1130
1164059777,1477
1164459351,1107
1164521143,841
1164625104,633
1164646909,525
1164655740,1413
1164832776,16829
1164859248,1065
1165324947,34879
1165361576,10228
1165489591,583
1165507389,4461
1165663023,1414
1165855406,2925
1166050099,131
1166108740,303
1166119443,3237
1166139870,18164
1166143771,164
1166171472,202
1166321809,1471
1166408297,28000
1166606658,1141
1166706525,1230
1167034425,3199
1167077257,2705
1167209519,7463
1167296906,950
1167300963,46203
1167337904,509
1167413446,3063
1167525683,243
1167626999,353
1167788341,31171
1167791343,2155
1167823778,1451
1168073473,986
1168184085,322
1168261320,1341
1168294481,706
1168625736,273
1168753718,16831
1168900248,687
1169009889,179
1169078701,327
1169101061,2337
1169144801,2240
1169297054,604
1169560166,4598
1169612059,839
1170266927,25990
1170303612,2599
1170321595,567
1170326509,2133
1170548091,4204
1170615905,265
1170634188,665
1170648585,600
1171111467,6192
1171284401,1257
1171290857,533
1171312494,4139
1171376163,2498
1171575871,420
1171605222,266
1171656857,1372
1171755183,194
1171873526,408
1172197625,337
1172251311,469
1172309719,207
1172540122,673
1172574522,6568
1172739419,1964
1172782796,527
1172805219,1261
1172886754,714
1173427820,2871
1173503298,639
1173528409,515
1173769719,894
1173838343,981
1173848034,12066
1174224707,4086
1174262723,439
1174423274,256
1174443757,214
1174614095,400
1174625805,355
1174747993,1484
1174957711,364
1175231820,1917
1175263852,1762
1175316550,2492
1175317731,177
1175414428,296
1175742612,207
1175748759,4696
1175870738,2991
1175900220,3445
1176061718,503
1176129893,19588
1176335208,2037
1176469774,2381
1176497351,946
1176557412,781
1176677271,1295
1176808813,1580
1176898834,3496
1177118700,217
1177129875,567
1177402105,43910
1177456367,1205
1177640089,1205
1177919337,738
1178198291,1261
1178437140,1876
1178500367,743
1178505369,402
1178543902,808
1178584802,349
1178834224,892
1178974910,490
1179046874,12332
1179074781,1343
1179124545,4553
1179213731,3165
1179363570,6953
1179413000,9420
1179457582,224
1179478740,273
1179539349,3552
1179682343,1522
1179727851,692
1179824727,233
1179959183,4662
1180015183,830
1180226026,1536
1180391077,661
1180445240,488
1180700598,173
1180781840,1212
1180872582,209
1180917769,6001
1181171430,282
1181272477,3283
1181318933,1387
1181409661,292
1181429842,594
1181479848,11615
1181624333,530
1181899027,1600
1181982220,28960
1182000750,2495
1182212878,29821
1182215277,1197
1182216394,2943
1182547092,22367
1182588635,278
1182594286,2277
1182712729,2443
1182741097,1514
1183151083,212
1183396155,1409
1183845721,884
1184096749,474
1184170771,1364
1184249417,548
1184268220,6090
1184313747,473
1184626912,9082
1184752645,4498
1184830713,696
1184839874,167
1184996128,1464
1185003107,557
1185016972,859
1185122623,6137
1185233810,973
1185308721,247
1185389803,40677
1185430378,1960
1185438389,412
1185528404,1566
1186036632,898
1186202698,2536
1186233280,1359
1186304875,215
1186389044,305
1186598756,1043
1186664179,1260
1186701238,1138
1186842622,1788
1187150337,2512
1187349447,326
1187386524,130
1187464970,890
1187490902,467
1187573823,476
1187595770,552
1187630119,16024
1187689258,602
1187718501,196
1187805808,2984
1188009186,1032
1188133194,1410
1188180267,7331
1188362803,2548
1188669909,2229
1188684386,445
1188775349,1890
1188833811,258
1189234446,5553
1189384516,6328
1189432033,1683
1189732822,4618
1190042495,1858
1190390511,1100
1190515659,482
1190778303,4673
1191240966,376
1191398263,581
1191520000,3765
1191671352,1260
1192168837,1751
1192303694,1466
1192555574,16666
1192646696,2023
1192691221,319
1192710260,304
1192845474,1285
1193082155,8897
1193276701,194
1193374549,3451
1193430229,516
1193465306,501
1193742102,360
1193818575,438
1194056092,2181
1194293040,547
1194517182,742
1194576770,391
1194842235,400
1195165448,3486
1195208341,3986
1195243030,14782
1195371847,3983
1195557790,1186
1195828337,24339
1196568696,239
1196617276,18060
1196674898,269
1196898989,840
1196950132,1073
1197002442,4497
1197043989,10288
1197079556,2230
1197172145,3294
1197183235,2525
1197197392,2593
1197226849,3581
1197227242,2634
1197262207,3298
1197265285,1571
1197308263,1075
1197357033,2738
1197436636,372
1197473770,930
1197491237,1089
1197496497,1881
1197569406,14280
1197598190,4169
1197631840,947
1197674252,1661
1197690052,1284
1197727671,906
1197782606,3025
1197811764,2232
1197990888,32491
1198040849,2935
1198063129,542
1198068829,543
1198155461,1201
1198211652,232
1198306812,32422
1198331424,163
1198370352,1975
1198604352,770
1198625298,238
1198654685,1028
1198829864,1702
1198882870,1198
1198982020,369
1199028956,1300
1199057215,1143
1199548147,576
1199668171,14120
1199720858,415
1199905418,1486
1199916658,740
1200071160,1240
1200192516,211
1200309199,300
1200426344,1517
1200597263,114598
1200800171,1009
1200968971,187
1201167354,382
1201173969,103338
1201212574,134
1201253077,4425
1201432708,1569
1201628267,1191
1201656210,58837
1201754187,202
1201775166,2149
1201897606,439
1201906543,230
1202070696,2983
1202113460,1440
1202274504,345
1202436319,480
1202496880,481
1202549948,3344
1202555904,2347
1202599845,20411
1202634727,1036
1202937420,5993
1203115035,700
1203116301,270
1203417753,2153
1203463294,327
1203468533,14281
1203485136,1054
1203558071,25905
1203657193,294
1203667901,228
1204165003,2198
1204369117,1014
1204383770,206
1204427144,443
1204520409,1291
1204804583,575
1205047801,167
1205137520,5814
1205298114,530
1206357666,1848
1206390571,16949
1206468071,735
1206501749,4243
1206553433,11768
1206566990,2556
1206648335,724
1206910786,184
1207006614,1532
1207091162,11207
1207529559,1172
1207639951,10839
1207687985,2094
1207716231,1222
1207740274,2532
1207908536,352
1207953136,289
1207965399,2390
1208339803,1543
1208451003,819
1208510936,979
1208616942,949
1209020591,589
1209350013,635
1209396858,3437
1209640045,533
1209889782,10820
1210070282,327
1210155353,5343
1210223349,415
1210288370,817
1210537388,2791
1210965499,16
1210969976,617
1210974853,35
1210993610,17
1210995403,20
1210996597,446
1210998536,26
1210999518,23
1211008223,84
1211009406,14
1211010427,14
1211015701,30
1211016441,371
1211026924,31
1211027023,16
1211029147,21
1211045181,28
1211046673,55
1211047453,79
1211049218,142
1211054287,669
1211062214,24
1211066605,15
1211067257,12
1211079624,24
1211081420,14
1211081914,17
1211082205,21
1211083967,62
1211091483,19
1211091844,46
1211092393,79
1211096376,1945
1211100249,594
1211101745,23
1211103743,12
1211105461,17
1211106808,18
1211119746,36
1211134411,272
1211135748,58
1211139949,47032
1211148265,12
1211152788,97
1211153639,736
1211161312,48
1211164307,22
1211182199,37
1211183026,34
1211183428,36
1211185810,14
1211188079,98
1211192559,36
1211200858,9
1211206127,260
1211207463,21
1211213013,58
1211213210,38
1211216973,20
1211231675,20
1211239245,11
1211240086,17
1211242246,13
1211245293,39
1211245881,44
1211246310,44
1211247455,44
1211247978,44
1211248537,44
1211249123,44
1211253535,44
1211254498,44
1211255002,44
1211255474,44
1211255968,44
1211256418,68
1211256910,44
1211258495,44
1211258530,29
1211259024,44
1211260619,17
1211261120,44
1211263474,44
1211263944,44
1211264394,44
1211264885,45
1211265499,44
1211269161,39
1211269625,39
1211288094,23
1211288569,263
1211291830,43
1211292824,15
1211323948,68
1211326181,120
1211328845,43
1211331887,44
1211332487,20
1211334989,93
1211339624,44
1211340505,12
1211341812,16
1211344034,67
1211346525,36
1211347607,16
1211353240,15
1211353708,37
1211357795,431
1211358903,24
1211363745,216
1211363761,23
1211369814,31
1211373664,18
1211373726,14
1211375944,381
1211392915,51
1211396326,105
1211397094,12
1211397985,17
1211406359,17
1211407380,19
1211421149,28
1211424294,118
1211431908,24
1211436356,28
1211437711,27
1211445936,17
1211449139,1052
1211451737,241
1211455718,44
1211472582,24
1211474003,48
1211478189,435
1211483815,69
1211486387,14
1211495036,250
1211495678,81
1211496271,12
1211496721,17
1211499945,18
1211504567,15
1211506215,136
1211511366,31
1211514405,51
1211516798,27
1211528757,33
1211532216,76
1211537500,2248
1211544888,11
1211547129,13
1211549389,14
1211555810,141
1211560503,15
1211568421,80
1211576866,38
1211589067,1038
1211595987,18
1211611644,37
1211614110,215
1211615179,170
1211621353,13
1211628140,14
1211628924,57
1211636743,318
1211639042,71
1211640020,60
1211648517,46
1211664428,86
1211668332,24
1211673552,21
1211688259,28
1211689305,91
1211709322,21
1211709401,42
1211713203,39
1211734353,39
1211762072,17
1211769859,12
1211771701,138
1211786253,11
1211796176,176
1211804342,75
1211805157,20
1211816061,20
1211822834,109
1211841798,47
1211844962,10
1211847033,33
1211852158,26
1211879821,25
1211880680,26
1211883488,29
1211907063,13
1211913026,53
1211933183,30
1211933536,20
1211937619,58
1211947721,17
1211954790,23
1211961956,13
1211973138,20
1211974233,16
1211981858,61
1212012880,20
1212016788,47
1212023672,27
1212030186,37
1212038396,65
1212040616,51
1212041285,46
1212044099,116
1212045148,33
1212046166,17
1212051246,29
1212054378,27
1212059169,356
1212059453,25
1212060952,59
1212065926,25
1212068500,2954
1212068825,19
1212071331,117
1212071873,11
1212073733,79
1212073877,15
1212074645,34
1212080845,13
1212082239,17
1212098005,27
1212102867,13
1212103871,35
1212104171,82
1212105001,16
1212106565,26
1212109465,16
1212112489,73
1212122101,755
1212122915,10
1212123893,315
1212126095,34
1212133946,389
1212138326,19
1212142448,30
1212142746,31
1212149375,993
1212150078,12
1212152443,15
1212152679,8
1212155273,30
1212156829,71
1212162173,40
1212162858,18
1212163614,42
1212163658,9473
1212171830,88
1212178686,44
1212180639,331
1212184690,13
1212187194,65
1212191053,15
1212192645,11
1212194710,55
1212199101,42
1212202152,88
1212205041,86
1212213795,10
1212215459,26
1212217978,13
1212221277,53
1212224446,107
1212231935,34
1212237753,69
1212240247,31
1212272650,34
1212291096,22
1212297061,17
1212297707,590
1212299698,24
1212301481,14
1212303172,17
1212305418,10
1212309782,14
1212312612,18
1212313395,37
1212313943,35
1212321035,19
1212321780,13
1212322352,15
1212323523,45
1212324108,248
1212326426,15
1212327060,19
1212328464,21
1212335792,1377
1212337929,55
1212339953,13
1212344894,19
1212352704,210
1212353968,485
1212355347,14
1212358471,48
1212361258,116
1212365405,408
1212370575,17
1212380723,67
1212386132,13
1212389344,82
1212396129,22
1212401107,72
1212404364,34
1212405954,13
1212409812,20
1212411769,23
1212416285,51
1212420523,102
1212424025,48
1212425313,20
1212426242,34
1212435342,15
1212436974,13
1212445952,261
1212446074,232
1212458158,32
1212463614,21
1212471969,206
1212485345,12
1212495958,22
1212503250,15007
1212507810,14
1212517694,14
1212519203,21
1212522158,25
1212526449,28
1212534605,48
1212545513,48
1212545562,19
1212545659,21
1212547305,51
1212552738,122
1212556547,60
1212568395,2559
1212579112,19
1212580057,11
1212580972,18
1212584333,14
1212604955,41
1212607944,22
1212608505,40
1212615762,15
1212615823,69
1212626143,12
1212639739,38
1212645406,53
1212655381,234
1212662651,41
1212662699,47
1212674766,22
1212691238,18
1212697436,20
1212698895,22
1212708301,48
1212711737,15
1212716497,46
1212717547,14
1212718768,2682
1212731288,23
1212732933,15
1212741592,15
1212744728,19
1212750508,55
1212751545,14
1212751853,26
1212752329,42
1212756310,15
1212767451,29
1212769188,30490
1212770626,20
1212772844,68
1212776839,13
1212779336,44
1212792234,344
1212802346,36
1212803197,149
1212818660,143
1212822116,176
1212826524,14
1212832891,16
1212833318,736
1212843730,58
1212854568,44
1212863969,17
1212866717,14
1212873879,20
1212877255,40
1212893754,28
1212898723,67
1212901838,44
1212906611,11
1212912437,15
1212915278,17
1212932043,16
1212936003,17
1212946437,45
1212958625,2062
1212958792,163
1212960200,26
1212964560,102
1212986802,21
1212990952,63
1213004527,73
1213018000,961
1213021084,17
1213021942,25
1213031647,6
1213049020,17371
1213053754,58
1213064866,144
1213065419,21
1213067090,15
1213070486,53
1213072190,65
1213072391,17
1213072853,47
1213074351,24
1213075462,21
1213079400,50
1213079565,14
1213081795,30
1213082786,201
1213083204,11
1213089388,35
1213093442,15
1213096099,21
1213097216,31
1213099006,12
1213099715,17
1213102235,46
1213107404,11
1213121380,227
1213122529,20
1213126085,67
1213128008,11
1213128525,14
1213129179,12
1213135165,33
1213138705,48
1213141996,16
1213150985,39
1213158264,17
1213159910,31
1213166415,33
1213174371,30
1213210884,20
1213212865,2084
1213214826,8
1213215164,8
1213215604,20
1213232466,51
1213239020,24
1213244638,94
1213244979,81
1213254756,12
1213265429,163
1213269387,11
1213270275,11
1213271324,892
1213278007,31
1213278465,44
1213279660,35
1213282074,16
1213286530,48
1213286773,31
1213295040,203
1213298526,31
1213313471,84
1213314710,39
1213320306,66
1213322283,17
1213344454,32
1213347757,44
1213350401,12
1213369035,16
1213369150,13
1213369689,29
1213376196,66
1213377775,289
1213388257,11
1213389047,38
1213390704,30
1213393702,13
1213401667,34
1213406268,49
1213410885,18
1213412750,159
1213418162,30
1213422759,14
1213424550,31
1213438872,30
1213439274,15
1213448295,20
1213456169,41
1213456832,88
1213465959,62
1213477480,779
1213483766,132
1213484834,69
1213489460,31
1213492378,20
1213494393,20
1213494845,84
1213499662,12
1213508077,45
1213522308,71
1213526705,328
1213545146,47
1213546910,84
1213548688,13
1213558515,107
1213572410,15
1213578141,24
1213589825,156
1213589861,374
1213596558,28
1213599866,41
1213602620,50
1213605295,21
1213612261,15
1213616615,3711
1213621353,55
1213627697,118
1213635270,124
1213655814,15
1213665985,12
1213667676,17
1213667879,334
1213671679,12
1213679333,19
1213684532,22
1213690685,38
1213705966,18
1213724156,20
1213726114,123
1213732395,1125
1213737277,27
1213738495,24
1213752513,16
1213756841,35
1213757446,231
1213776823,770
1213782040,16
1213783578,22
1213784218,25
1213785946,16
1213789212,41
1213806247,21
1213815713,45
1213816047,821
1213831079,35
1213840696,33
1213841375,13
1213848993,90
1213850825,24
1213854984,70
1213856502,18
1213858087,38
1213869298,18
1213877989,20
1213882945,27
1213883741,40
1213894274,14
1213899530,29
1213903458,53
1213903931,49
1213921570,21
1213924905,27
1213933023,23
1213936160,16
1213946709,32
1213956965,676
1213958077,18
1213963375,284
1213963816,25
1213969021,55
1213975621,684
1213978779,53
1213989169,15
1213991947,41
1213992071,16
1213993401,8
1213995610,78
1213999980,11
1214023498,31
1214027647,20
1214028696,122
1214031601,47
1214039649,14
1214042231,130
1214048612,35
1214054836,27
1214055530,244
1214056183,29
1214061724,74
1214066049,29
1214073962,13
1214075908,81
1214079192,342
1214086123,191
1214088066,18
1214097767,23
1214103856,16
1214106457,20
1214115656,70
1214116564,64
1214123279,46
1214124594,31
1214125715,3641
1214130539,190
1214132525,24
1214137514,17
1214145978,62
1214157669,52
1214166855,514
1214171422,21
1214186671,22
1214187650,32
1214194417,16
1214198641,58
1214205098,257
1214206049,541
1214207265,40
1214209804,14
1214224482,76
1214230350,66
1214232991,21
1214253933,18
1214259427,60
1214267031,22
1214273599,23
1214284796,125
1214286302,14
1214292570,101
1214316980,12
1214325159,42
1214330138,33
1214330684,578
1214340119,27
1214344575,59
1214345024,35
1214349536,3224
1214354379,38
1214357854,32
1214365048,37
1214367522,310
1214368528,275
1214371636,17
1214378079,22
1214378330,13
1214382445,122
1214401834,70
1214402572,160
1214410740,20
1214415239,14
1214417298,19
1214419579,11
1214419813,28
1214421786,33
1214423832,1630
1214430889,16
1214432280,50
1214432636,53
1214444660,83
1214451720,18
1214459508,288
1214464768,432
1214466235,15
1214478877,37
1214479548,17
1214482028,87
1214484185,17
1214488263,99
1214491827,23
1214497982,18
1214499036,37
1214515537,19
1214515716,21
1214522988,15
1214534230,21
1214535662,42
1214541835,154
1214543765,44
1214544186,32
1214545008,33
1214548581,18
1214556362,739
1214564144,23
1214564285,483
1214565094,18
1214565945,60
1214568317,16
1214586312,11
1214590697,25
1214598450,88
1214613536,24
1214614273,77
1214617729,74
1214621535,42
1214621915,30
1214625657,112
1214631343,3
1214633006,11
1214639705,35
1214639959,10
1214643314,28
1214651975,22
1214654038,33
1214661652,26
1214662152,17
1214664730,123
1214668357,28
1214671166,316
1214701984,27
1214706991,13
1214708684,11
1214711567,38
1214712269,14
1214720448,16
1214721509,56
1214732478,19
1214733598,22
1214741287,830
1214744766,16
1214746179,14
1214761986,55
1214764451,186
1214770805,80
1214783544,2590
1214785164,6507
1214788016,679
1214792028,34
1214795107,18
1214799336,83
1214805512,1244
1214805939,16
1214807590,497
1214808136,16
1214809647,19
1214812584,13
1214814133,1121
1214823259,34
1214823616,62
1214824471,68
1214825004,19
1214832943,23
1214845304,212
1214847313,16
1214857101,11
1214862520,15
1214873786,27
1214883816,2
1214885213,23
1214885251,12
1214889705,76
1214894588,130
1214895007,18
1214898654,23
1214913459,23
1214914397,670
1214915118,26
1214917315,30
1214921938,50
1214925130,32
1214926344,271
1214932135,12
1214940958,134
1214947572,18
1214951658,1047
1214958134,388
1214959257,29
1214964352,29
1214966051,18
1214971907,27
1214973617,50
1214980737,48
1215002714,23
1215007786,91
1215011706,25
1215015607,122
1215017190,17
1215020386,51
1215020609,27
1215021756,13
1215026946,19
1215027194,426
1215034382,58
1215037002,17
1215037136,65
1215044156,14
1215048066,23
1215054020,179
1215071370,24
1215072592,36
1215075128,13
1215089331,12
1215096061,34
1215096318,51
1215104825,13
1215105191,16
1215107073,124
1215109328,12
1215112375,25
1215112716,232
1215114303,28
1215115240,13
1215122415,11
1215124088,15
1215126598,189
1215133631,18
1215136096,24
1215142181,1051
1215145625,23872
1215153409,6146
1215159144,46
1215163675,12
1215167976,36
1215172008,35
1215180660,44
1215184266,24
1215184274,64
1215188084,15
1215188990,18
1215192081,14
1215194738,68
1215213624,277
1215222097,167
1215232646,17
1215235243,50
1215237193,16
1215240744,31
1215247792,20
1215256431,13
1215268822,18
1215274814,73
1215277996,19
1215280164,1533
1215290046,18
1215297817,71
1215306737,24
1215306761,67
1215317123,21
1215321844,16
1215327975,34
1215338506,25
1215341250,13
1215345965,18
1215353434,395
1215367178,11
1215376308,95
1215388091,105
1215391309,24
1215394372,37
1215398789,42
1215414287,54
1215415060,47
1215417088,62
1215417342,43
1215427805,23
1215431881,24
1215435055,32
1215435141,32
1215435693,117
1215437858,82
1215449317,67
1215453504,19
1215456863,13
1215464508,13
1215469331,22
1215472967,12
1215494831,32
1215501373,1427
1215513042,279
1215525052,25
1215528293,15
1215530108,20
1215535154,40
1215536848,31
1215549140,17
1215565821,55
1215576669,29
1215580107,25
1215581359,17
1215593067,41
1215598138,74
1215602802,296
1215602835,11
1215609207,18
1215609896,52
1215610146,22
1215612244,836
1215617177,25
1215617234,11
1215627862,66
1215630826,99
1215637209,11
1215641367,102
1215642753,305
1215651941,17
1215653880,37
1215659290,32
1215667929,91
1215670433,43
1215678767,892
1215686624,55
1215693176,80
1215695618,22
1215699839,19
1215703747,47
1215708757,243
1215709831,20
1215711897,27
1215724110,16
1215734700,14
1215754581,31
1215761080,61
1215762204,13
1215763925,137
1215772018,61
1215774013,445
1215778039,29
1215778674,25
1215786287,18
1215802577,27
1215804516,24
1215815598,14
1215820754,22
1215821842,35
1215840941,39
1215840958,12
1215841405,62
1215848131,49
1215848597,95
1215848628,27
1215860363,14
1215880700,83
1215895293,162
1215895678,144
1215896820,18
1215901237,67
1215904689,72
1215925081,20
1215929924,47
1215941570,22
1215952260,44
1215959245,38
1215961903,257
1215968361,143
1215974868,3062
1215976690,140
1215978264,12
1215980069,12
1215983140,152
1215989105,20
1215999715,22
1216005890,66
1216017171,48
1216017372,65
1216018447,28
1216020101,58
1216022788,27
1216023525,23
1216028377,76
1216030087,25
1216032525,189
1216037740,12
1216061380,52
1216069663,20
1216082712,27
1216087888,25
1216089000,22
1216090751,424
1216092644,14
1216098872,12
1216102513,45
1216104234,67
1216108819,88
1216109475,211
1216109985,33
1216116826,2900
1216131824,254
1216133553,270
1216138306,106
1216144935,14
1216152655,106
1216154126,17
1216157979,18
1216171501,17
1216190131,16
1216201070,25
1216201393,29
1216201523,283
1216208824,13
1216242393,26
1216243094,16
1216253015,86
1216260255,11
1216272351,81
1216319128,52
1216319430,30
1216321571,11
1216324736,21
1216324944,18
1216328923,64
1216332504,25
1216333449,30
1216334681,23
1216335416,168
1216336936,16
1216350024,29
1216350996,41
1216351315,25
1216352422,203
1216360484,173
1216372376,13
1216375790,231
1216382538,33
1216400972,19
1216401140,27
1216403796,14
1216408253,48
1216414579,24
1216417050,12
1216418105,18
1216429765,60
1216443171,47
1216451834,24
1216456135,23
1216462061,103
1216463076,333
1216475812,35
1216482194,111
1216484498,35
1216490718,42
1216494144,26
1216494445,651
1216501093,13
1216510419,12
1216512254,22
1216513155,22
1216513449,15
1216514794,40
1216523472,55
1216526830,11
1216538171,107
1216540769,16
1216545064,13
1216546135,15
1216557401,128
1216561964,18
1216569752,101
1216571209,773
1216575395,32
1216575633,33
1216578144,22
1216579794,13
1216581384,20
1216583510,45
1216585136,45
1216585843,23
1216592214,25
1216592520,22
1216594612,428
1216602261,26
1216602307,18
1216603405,20
1216604251,11
1216606902,53
1216617312,13
1216621664,42
1216626808,17
1216631222,165
1216634387,77
1216636456,14
1216638612,49
1216657015,23
1216659670,30
1216662529,70
1216666459,14
1216668024,14
1216671362,364
1216672009,2475
1216676682,17
1216687226,14
1216702324,30
1216705316,44
1216710530,72
1216716893,15
1216729729,551
1216733352,12
1216734435,34
1216744997,396
1216753351,28
1216754861,104
1216755814,27
1216760293,35
1216761709,26
1216767127,126
1216774150,16
1216774242,17
1216782078,17
1216783017,12
1216788591,25
1216795554,78
1216802857,99
1216802904,672
1216806001,142
1216807315,17
1216809628,112
1216810108,529
1216813186,35
1216817621,37
1216821891,16
1216823006,23
1216824806,16
1216824855,21
1216828696,23
1216839348,748
1216849186,183
1216851265,28
1216854084,39
1216854661,111
1216863195,27
1216889203,184
1216889464,13
1216890989,30
1216894026,48
1216904708,47
1216916975,16
1216920437,19
1216925406,436
1216947831,949
1216950004,35
1216954187,12146
1216955020,24
1216957019,91
1216961632,80
1216962487,13
1216972280,90
1216978255,172
1216978941,418
1216979884,47
1216980321,24
1216981748,12
1216982911,22
1217002856,72
1217004160,14
1217006906,32
1217013436,36
1217013518,124
1217024571,14
1217027821,13
1217028120,653
1217036554,62
1217036916,40
1217040185,24220
1217043693,56
1217046685,14
1217048091,16
1217050817,12
1217064635,23
1217064814,21
1217066206,109
1217077268,15
1217078336,103
1217079795,477
1217080687,201
1217086292,14
1217097102,76
1217098957,150
1217103809,139
1217105994,31
1217109502,11
1217115101,13
1217117361,11
1217117726,12
1217118687,39
1217122519,15
1217126552,11
1217128906,815
1217129907,18
1217139543,40
1217152169,61
1217154559,60
1217160355,92
1217178567,12
1217180034,49
1217182377,23
1217188876,18
1217190965,22
1217192243,190
1217195695,13
1217201645,20
1217201723,13
1217208761,20
1217209599,121
1217210212,37
1217212029,18
1217212643,29
1217216576,215
1217220793,18
1217222433,57
1217233667,35
1217249705,42
1217252492,11
1217258787,27
1217259193,13
1217259573,510
1217262941,26
1217269188,33
1217269729,20
1217281602,206
1217281692,1158
1217283106,2
1217288862,38
1217291538,9158
1217298686,14
1217299529,33
1217301865,60
1217315946,17
1217325629,19
1217333901,29
1217334368,18
1217339390,17
1217344324,37
1217345178,739
1217350447,81
1217368484,47
1217370937,24
1217388134,14
1217393935,14
1217394553,12
1217396442,3474
1217400042,12
1217408512,82
1217409016,29
1217409285,32
1217423929,15
1217440433,16
1217441118,33
1217456927,20
1217481469,100
1217503846,131
1217508335,35
1217509950,69
1217511504,14
1217511531,14
1217515201,11
1217519452,13
1217522067,14298
1217522094,29
1217523249,28
1217531704,31
1217534578,51
1217536224,12
1217539691,19
1217550851,23
1217551679,726
1217559252,13
1217567462,41
1217579854,37
1217582381,18
1217588885,129
1217591699,45
1217595194,30
1217598410,48
1217603668,83
1217605771,22
1217620707,26
1217627355,14
1217630469,623
1217634097,43
1217635695,24
1217654363,261
1217655472,58
1217663853,29
1217671020,1747
1217679253,12
1217681650,30
1217687846,77
1217694973,28
1217696644,12
1217698251,11
1217699935,98
1217700782,66
1217702792,54
1217706948,116
1217707705,20
1217711317,91
1217713553,34
1217713968,150
1217714762,60
1217717180,34
1217738451,11
1217763769,24
1217767853,18
1217772968,46
1217775138,120
1217781789,15
1217786036,706
1217796049,15
1217808614,530
1217809336,63
1217822489,28
1217829921,17
1217834505,31
1217837484,26
1217838440,85
1217860122,31
1217863633,60
1217865504,22
1217872789,49
1217879288,15
1217883656,14
1217885409,130
1217896031,12
1217897624,22
1217904354,176
1217907067,38
1217914588,746
1217923504,13
1217941030,82
1217951047,68
1217951987,194
1217952569,184
1217954055,47
1217969544,51
1217975777,27
1217991124,64
1217996319,242
1217998780,13
1218000077,30
1218004139,676
1218016275,14
1218017185,131
1218018309,301
1218019071,21
1218035937,64
1218037205,67
1218040416,32
1218046945,83
1218062604,95
1218062941,28
1218081641,18
1218084144,12
1218087980,24
1218088263,682
1218100867,23
1218103164,20
1218104262,954
1218116830,23
1218126087,83
1218126567,12
1218129961,17
1218137657,92
1218146932,110
1218147345,22
1218148432,39
1218155686,2369
1218164293,14
1218177240,15
1218177391,410
1218178534,39
1218182607,22
1218190285,102
1218191675,20
1218193413,19
1218194584,63
1218195359,31
1218197239,59
1218202403,31
1218208502,6485
1218209681,33
1218211276,44
1218216789,12
1218222850,187
1218235340,33
1218242169,54
1218250144,10
1218252276,134
1218263250,23
1218277073,34
1218280573,11
1218283016,29
1218284806,14
1218293878,135
1218304124,46
1218305232,395
1218306945,38
1218311395,19
1218333096,19
1218340463,14
1218354547,20
1218368663,155
1218369506,22
1218369796,15
1218370235,42
1218371280,67
1218371623,18
1218372872,25
1218375081,12
1218375755,19
1218381586,33
1218384914,120
1218390093,51
1218393421,13
1218394454,47
1218415046,22
1218418799,12
1218419817,10
1218436380,13
1218437719,12
1218444058,43
1218446685,62
1218446841,857
1218448244,33
1218453975,75
1218464479,29
1218466593,282
1218476217,11
1218489387,59
1218489659,54
1218493681,443
1218506731,16
1218519728,13
1218533705,38
1218536620,275
1218540605,27
1218541279,12
1218543409,13
1218557130,17
1218560388,19
1218576239,97
1218580895,24
1218594998,15
1218597110,220
1218600746,40
1218611299,20
1218612615,55
1218613627,35
1218623368,169
1218626992,17
1218635949,24
1218640391,77
1218642260,29
1218651210,187
1218655389,28
1218662021,13
1218682596,2258
1218683765,25
1218684227,31
1218688296,640
1218690244,22
1218694102,15
1218704741,31
1218706004,17
1218710522,51
1218711689,271
1218715924,14
1218716774,12
1218725228,50
1218729723,81
1218729846,28
1218733756,22
1218737406,868
1218743746,13
1218749710,32
1218765387,51
1218767374,13
1218770712,19
1218807909,20
1218815399,10
1218816743,45
1218819993,549
1218822896,21
1218823179,1132
1218826355,45
1218835536,11
1218844081,244
1218855969,372
1218867656,12
1218871120,69
1218881505,39
1218885291,13
1218896483,102
1218900228,12
1218906699,20
1218919346,76
1218919522,16
1218928200,11
1218939714,26
1218960190,14
1218962966,15
1218968930,16
1218972260,47
1218973317,45
1218975799,409
1218978057,550
1218978163,14
1218981305,91
1218987594,46
1218997190,16
1219009070,2528
1219011837,64
1219014440,33
1219018779,18
1219030980,62
1219031547,166
1219039446,31
1219040524,50
1219042200,25613
1219053872,45
1219060209,143
1219062712,41
1219070729,36
1219075763,39
1219083479,40
1219087723,1921
1219096687,179
1219102141,12
1219103073,15
1219105341,47
1219110005,70
1219111340,14
1219113318,12
1219119800,72
1219121452,24
1219125540,35
1219129212,23
1219133217,65
1219133249,21
1219139049,15
1219141172,48
1219141370,13
1219145354,304
1219151193,795
1219152899,33
1219157502,97
1219158316,53
1219160435,30
1219161733,95
1219162717,31
1219165039,43
1219165613,28
1219171273,27
1219174984,21
1219175109,37
1219184182,140
1219231323,56
1219237875,57
1219243063,96
1219244075,11
1219253193,33
1219254116,44
1219260485,35
1219264163,12
1219268325,12
1219273452,36
1219284263,90
1219286705,31
1219291910,292
1219291943,12
1219295659,87
1219304474,15
1219310759,17
1219314144,44
1219319479,70
1219329571,21
1219334069,113
1219351875,117
1219355698,30
1219370895,129
1219378569,3607
1219380800,123
1219382075,43
1219385288,20
1219389544,20
1219400421,3998
1219410317,11
1219412347,48
1219424400,25
1219424471,89
1219424489,752
1219446293,1970
1219461180,15
1219461862,21
1219463714,101
1219468224,1792
1219472097,42
1219484308,5
1219485919,15
1219488984,75
1219493841,570
1219502106,42
1219502927,40
1219504139,205
1219504831,47
1219509115,65
1219515121,10
1219516950,40
1219521173,52
1219531851,41
1219534231,449
1219536599,83
1219542934,16
1219543409,226
1219547995,119
1219548485,84
1219554320,39
1219558865,214
1219565167,31
1219569035,16
1219572953,195
1219574837,13
1219579626,22
1219583915,11
1219587551,119
1219593472,29
1219594207,30
1219595665,12
1219596464,17
1219597358,14
1219608640,197
1219611080,37
1219616277,143
1219619061,15
1219624930,27
1219627422,13
1219630658,11
1219631371,39
1219634836,235
1219642679,105
1219645555,21
1219650644,62
1219651269,44
1219657136,14
1219690829,357
1219701951,17
1219710688,51
1219711698,27
1219715755,12
1219715787,16
1219715803,148
1219721372,26
1219748199,177
1219755209,45
1219760772,25
1219765831,78
1219770679,26
1219783686,12
1219787573,23
1219806855,12
1219809875,210
1219810783,10
1219813016,37
1219815462,15
1219817956,47
1219828173,100
1219833464,87
1219845641,11
1219852021,153
1219860050,46
1219864617,23
1219866542,244
1219868875,21
1219876482,46
1219882846,34
1219896053,1921
1219898362,13
1219898664,19
1219902572,13
1219904470,8
1219917446,123
1219920268,196
1219923941,323
1219934554,14
1219935155,50
1219935284,27
1219950293,42
1219955687,16
1219956685,27
1219960594,255
1219961908,157
1219962340,363
1219965126,188
1219967630,87
1219972145,695
1219975226,327
1219983369,13
1219986280,22
1219989708,126
1219990121,14
1219993725,24
1219995793,30
1219996057,103
1219998363,93
1220000506,5227
1220007647,30
1220010376,20
1220012117,21
1220016354,21
1220037795,44
1220043190,31
1220053648,22
1220054577,15
1220067179,63
1220075313,13
1220075608,49
1220082570,39
1220088588,29
1220090633,18
1220092577,324
1220098492,14
1220125073,27
1220130005,18
1220140390,35
1220144875,1009
1220159504,25
1220169409,53
1220173287,19
1220174856,29
1220179368,11
1220182682,28
1220185073,110
1220194478,62
1220215555,388
1220223727,846
1220225368,101
1220238335,13
1220238467,104
1220242986,11
1220258106,14
1220263034,312
1220273153,13
1220275445,19
1220285708,36
1220285949,30
1220299146,13
1220299921,15
1220300275,17
1220302420,14
1220308601,16
1220310845,15
1220316999,102
1220317771,20
1220329626,46
1220332472,15
1220338733,17
1220341616,19
1220348449,15
1220353202,158
1220363221,33
1220363990,19
1220365832,56
1220368375,11
1220374179,26
1220381862,36
1220384784,164
1220389370,24
1220392046,11
1220403506,49
1220404592,30
1220411769,13
1220414137,25
1220418983,767
1220422927,14
1220423005,14
1220424323,23
1220455984,137
1220461696,39
1220469803,32
1220471126,21
1220475543,141
1220491177,39
1220492374,152
1220496752,11
1220498389,236
1220505991,18
1220516737,26
1220529992,38
1220530277,87
1220531892,45
1220532477,17
1220537846,91
1220544718,36
1220548149,26
1220549743,16
1220558446,24
1220567611,16
1220567735,185
1220577936,12
1220600476,280
1220608365,25
1220623008,195
1220627175,17
1220632889,29
1220636828,16
1220638726,13
1220640564,14
1220642173,132
1220642301,24
1220647753,39
1220649868,49
1220651250,8
1220656611,189
1220664071,111
1220679051,693
1220680065,13
1220683883,25
1220690422,456
1220701611,40
1220702116,12
1220703605,81
1220703793,32
1220716870,14
1220717364,107
1220718004,28
1220721979,23
1220728088,52
1220729468,21
1220732691,34
1220732893,16
1220744087,35
1220744720,27945
1220745791,47
1220746027,16
1220749061,15
1220752606,33
1220759940,26
1220763728,44
1220766820,16
1220768711,74
1220773489,15
1220786764,68
1220788224,19
1220789495,17
1220798236,18
1220798417,20
1220799180,17
1220801645,51
1220816008,29
1220823738,16
1220825109,69
1220832274,11
1220834686,235
1220837462,65
1220839770,57
1220849813,113
1220854477,78
1220862873,11
1220874732,17
1220884982,85
1220885689,193
1220886594,38
1220888415,592
1220899692,9972
1220899915,19
1220902080,92
1220902278,56
1220904453,33
1220914655,1388
1220918585,465
1220924648,52
1220925408,46
1220928655,26
1220929839,99
1220935138,16
1220936047,4175
1220937125,1076
1220941467,29
1220944440,26
1220946058,45
1220946370,26
1220946543,20
1220947600,283
1220960618,305
1220971487,18
1220980580,12
1220986068,15
1220992833,16
1220997082,111
1220997378,53
1220998146,26
1221000860,13
1221001476,44
1221002372,13
1221020718,66
1221022475,26
1221024497,13
1221027919,21
1221030613,31
1221034553,226
1221039460,49
1221041276,13
1221048533,224
1221052488,86
1221055970,8
1221060403,16
1221068259,46
1221068793,18
1221068903,235
1221070677,164
1221080309,20
1221082755,20
1221084482,26
1221095263,17
1221106976,56
1221110820,19
1221120906,15
1221120939,601
1221122081,20
1221133188,43
1221135148,43
1221161226,28
1221177199,41
1221180063,218
1221184926,20
1221190110,15
1221195568,38
1221207669,16
1221209689,535
1221210108,64
1221222583,11
1221224535,16
1221224699,55
1221232109,1817
1221235601,12
1221240503,79
1221249352,167
1221249481,554
1221252023,14
1221256937,333
1221261207,24
1221262308,20
1221276979,57
1221282584,21
1221283675,13
1221284398,14
1221285149,11
1221287674,17
1221290320,26
1221292713,44
1221297625,12
1221299116,53
1221305781,33
1221306275,49
1221311014,112
1221324299,16
1221329261,44
1221334231,58
1221334280,14
1221334351,46
1221339736,16
1221349753,11
1221350544,21
1221356410,25
1221358460,21
1221364968,17
1221368271,14
1221369065,76
1221369740,84
1221371853,14
1221378802,115
1221379719,18
1221393754,22
1221394850,26
1221399001,267
1221399354,133
1221402357,46
1221404347,13
1221407662,78
1221416424,15
1221429772,5578
1221431519,27
1221433219,78
1221435237,21
1221439608,16
1221448780,43
1221460575,85
1221461052,25
1221463263,29
1221467011,42
1221467572,16
1221482272,93
1221489330,39
1221489445,38
1221499512,26
1221501629,23
1221509404,7387
1221518324,358
1221518435,30
1221522399,13
1221527554,43
1221531804,16
1221533603,24
1221538357,49
1221543574,48
1221551017,104
1221565029,21
1221574903,33
1221579569,71
1221587346,33
1221587347,12
1221592399,32
1221592798,26
1221598890,13
1221600993,11
1221604075,11
1221616686,20
1221617744,34
1221623636,24
1221625543,11
1221631495,16
1221634436,41
1221641349,1556
1221649738,209
1221651799,48
1221654125,239
1221673609,33
1221688929,39
1221689260,565
1221691036,15
1221702550,12
1221704200,46
1221707935,23
1221710397,26
1221716703,19
1221722107,41
1221723497,28
1221723996,28
1221728904,150
1221733094,74
1221737887,12
1221741915,158
1221742654,787
1221746501,14
1221750692,16
1221751439,12
1221772065,12
1221772225,71
1221772308,20
1221775867,6
1221778133,120
1221780643,37
1221781531,490
1221796063,258
1221797579,16
1221798227,42
1221814255,51
1221814673,68
1221814894,202
1221830959,14
1221831329,34
1221835075,58
1221844677,31
1221851069,400
1221856501,21
1221860353,17
1221864089,63
1221867246,144
1221892294,112
1221903920,42
1221906609,18
1221922293,2532
1221932119,15
1221933616,46
1221937090,92
1221942000,22
1221944165,16
1221955143,49
1221961972,19
1221963957,62
1221976173,308
1221979804,32
1221981994,257
1221985908,23
1221995568,17
1221998155,17
1222002934,14
1222008889,50
1222009188,14
1222022455,28
1222042205,754
1222044626,14
1222044811,32
1222047800,22
1222047953,74
1222063724,35
1222064942,26
1222072017,71
1222090116,150
1222092630,38
1222092774,23
1222093674,50
1222102170,291
1222107387,15
1222110047,64
1222110548,2240
1222117874,149
1222120468,2405
1222126520,246
1222128242,68
1222133394,769
1222142792,82
1222147517,15
1222155920,26
1222159197,41
1222160568,46
1222161345,24
1222169973,61
1222173827,517
1222181013,132
1222197263,123
1222213350,6036
1222216275,12
1222221630,49
1222229518,18
1222237818,27
1222250448,23
1222257358,13
1222257602,2661
1222258735,480
1222262982,45
1222269231,13
1222274697,63
1222277117,24
1222281860,12
1222295714,270
1222297562,12
1222298778,13
1222307895,96
1222318103,29
1222333741,11
1222338286,19
1222339926,36
1222343245,225
1222344790,23
1222354812,25
1222356417,52
1222364235,785
1222368361,74
1222372573,350
1222372873,111
1222373496,22
1222375486,123
1222383700,55
1222387700,66
1222389269,24
1222392614,19
1222395717,28
1222404225,32
1222407355,199
1222409861,11
1222413951,933
1222419504,12
1222427087,79
1222440968,12
1222446155,30
1222449264,23
1222451826,14
1222455527,566
1222460606,12
1222468111,25
1222472761,41
1222473027,21
1222476425,31
1222481250,18
1222484199,13
1222495257,21
1222504648,832
1222512550,13
1222515414,40
1222521101,1641
1222529313,341
1222545886,217
1222566478,34
1222567435,62
1222573128,6
1222579145,40
1222585234,64
1222585735,18
1222587475,1933
1222589733,36
1222591322,12
1222594156,32
1222596522,17
1222604391,13
1222608265,133
1222609123,121
1222613133,17
1222632373,68
1222634257,19
1222634748,69
1222637509,552
1222639711,477
1222647433,35
1222655977,28
1222659956,24
1222660901,54
1222674351,28
1222676896,53
1222678009,14
1222685735,25
1222689155,109
1222692857,37
1222698237,15
1222700467,18
1222716018,26
1222734777,41
1222743186,49
1222744121,14
1222745356,49
1222752154,39
1222753133,14
1222766639,112
1222769612,14
1222785238,38
1222788897,29
1222789989,3809
1222792842,13
1222792879,16
1222799292,188
1222814323,12
1222814416,12
1222824018,44
1222826242,721
1222835772,19
1222837583,56
1222845504,17
1222847856,27
1222852418,17
1222854008,38
1222856929,22
1222869003,131
1222870709,309
1222884903,11
1222890347,46
1222890567,82
1222890689,13
1222890844,22
1222893766,81
1222903331,11
1222907340,65
1222917575,28014
1222917836,76
1222921129,13
1222946560,125
1222953844,13
1222956315,16
1222961423,14
1222970626,29
1222988636,13
1222998674,813
1223006434,181
1223006510,64
1223006526,83
1223009200,46
1223020752,24
1223039216,34
1223051315,50
1223053891,11
1223054977,16
1223059776,48
1223060975,41
1223062473,57
1223067277,10
1223075782,50
1223076991,17
1223081941,21
1223084838,13
1223087359,30
1223091925,45
1223098661,19
1223118338,13
1223125423,111
1223128651,62
1223133721,18
1223135437,35
1223135475,12
1223139391,22
1223139487,78
1223140677,29
1223160418,17
1223161782,25
1223162027,100
1223163837,13
1223167370,11
1223169069,49
1223172760,16
1223187010,75
1223189582,15
1223192120,14
1223192596,95
1223194760,85
1223197070,13
1223198048,49
1223198968,41
1223206275,45
1223211246,11
1223215533,169
1223216894,241
1223230665,14
1223234827,10
1223238480,29
1223251391,45
1223253334,16
1223255499,61
1223260156,27
1223273994,50
1223275907,60
1223280581,20
1223282310,31
1223287468,35
1223293586,724
1223296623,63
1223297225,11
1223312639,22
1223318023,26
1223318951,55
1223319768,34
1223325002,33
1223329036,65
1223341630,23
1223342966,32
1223351292,353
1223370395,125
1223373345,115
1223374550,34
1223389180,38
1223392126,18
1223392907,19
1223394733,40
1223396927,11
1223418318,35
1223418686,19
1223420362,116
1223423695,963
1223423846,21
1223425211,13
1223425250,1034
1223427443,75
1223428226,2182
1223431386,42
1223432033,18
1223440125,391
1223453358,110
1223457247,24
1223476197,1153
1223477018,44
1223481327,12
1223484108,23
1223488585,22
1223492205,109
1223511885,45
1223512305,2226
1223515225,132
1223524158,36
1223535200,37
1223535314,30
1223537324,98
1223542538,13
1223549594,12
1223569332,18
1223585334,15
1223588947,15
1223597497,503
1223599621,40
1223614643,15
1223626282,36
1223631277,43
1223640430,106
1223640606,20
1223641228,32
1223643607,17
1223650754,55
1223664643,17
1223665294,54
1223665356,15
1223671634,53
1223676147,12
1223680545,16
1223691529,35
1223697365,161
1223706171,17
1223713824,356
1223717199,17
1223728036,78
1223736934,33
1223742587,261
1223752589,2718
1223756821,11
1223758935,173
1223759393,19
1223761956,29
1223772529,35
1223779346,35
1223781466,15
1223786009,13
1223790834,39
1223793125,16
1223805771,194
1223807538,50
1223811729,22
1223816634,91
1223817677,495
1223826724,18
1223827002,53
1223827147,50
1223827471,41
1223827641,46
1223827804,48
1223827947,44
1223828210,50
1223828346,51
1223828502,41
1223828637,46
1223828917,48
1223829082,41
1223829235,51
1223829381,51
1223829650,56
1223829652,45
1223829655,47
1223829657,57
1223829799,57
1223829801,56
1223829941,50
1223830082,48
1223830230,51
1223830232,52
1223830233,45
1223830237,47
1223831655,11
1223845433,15
1223849551,12
1223853501,12
1223858182,14
1223863863,19
1223869499,72
1223883039,19
1223884751,53
1223886857,11
1223894967,87
1223921326,25
1223925190,19
1223969544,368
1223977600,19
1223980979,12
1223980999,13
1223987407,280
1224021161,11
1224022502,19
1224025688,294
1224033309,816
1224037373,17
1224047453,12
1224062178,68
1224066068,135
1224068505,21
1224077477,25
1224096166,11
1224100238,21
1224110675,299
1224127318,40
1224137561,138
1224137844,73
1224138499,87
1224149089,15
1224157469,34
1224163986,52
1224167985,13
1224169076,15
1224189909,14
1224193010,18
1224193130,27
1224194102,61
1224196440,14
1224200214,50
1224203978,30
1224218617,28
1224227389,37
1224236735,16
1224239089,15
1224243497,27
1224250535,45
1224253491,99
1224258916,16
1224263089,17
1224267893,138
1224269630,23
1224271858,16
1224275784,384
1224277831,16
1224278666,318
1224283053,122
1224287368,20
1224294151,11
1224304627,16
1224309951,71
1224311190,157
1224314007,27
1224314254,25
1224319811,25
1224330181,242
1224343090,21
1224347838,415
1224348278,27
1224353416,21
1224353843,145
1224360317,79
1224368231,496
1224376867,19
1224385314,15
1224387109,31
1224393902,22
1224402483,14
1224408143,43
1224413254,48
1224415020,27
1224431303,195
1224434372,20
1224439365,18
1224446608,15
1224446616,51
1224454782,124
1224455487,100
1224471569,32
1224474408,19
1224476053,16
1224481107,29
1224483176,223
1224483504,78
1224486190,16
1224486824,27
1224489872,12
1224498772,76
1224501168,33
1224508792,216
1224509741,12
1224511035,28
1224526153,61
1224532553,11
1224539373,63
1224543123,58
1224547398,16
1224549174,12
1224558836,49
1224560336,23
1224580914,26
1224584532,15
1224591227,14
1224591740,46
1224598709,17
1224600617,27
1224609919,12
1224610424,13
1224615167,22
1224617188,26
1224620722,23
1224629294,46
1224631526,23
1224645559,250
1224652367,14
1224652560,85
1224653264,17
1224659590,115
1224660488,21
1224661714,61
1224671672,12
1224681639,32
1224683353,42
1224690468,23
1224692542,26
1224701408,211
1224703318,228
1224708689,30
1224712076,14
1224712371,482
1224715013,40
1224716146,16
1224734198,1039
1224735108,12
1224738938,70
1224740357,77
1224743032,40
1224753810,14
1224755442,16
1224755974,19
1224757492,17
1224762245,200
1224772110,21
1224775471,27
1224777018,30
1224777703,12
1224778433,676
1224780087,46
1224786239,36
1224786272,14
1224786947,121
1224798921,102
1224799062,13
1224809280,12
1224810795,14
1224813164,2
1224816641,19
1224822906,202
1224823899,782
1224830290,19
1224844395,16
1224854794,4177
1224866871,240
1224879981,13
1224880453,22
1224881335,113
1224887964,63
1224893022,27
1224908126,17
1224912127,17
1224926075,14
1224928087,84
1224930497,16
1224942256,19
1224949386,21
1224956547,60
1224964077,13
1224966022,30
1224968393,68
1224974361,2749
1224975160,56
1224977058,20
1224978706,12
1224987521,31
1225005463,3281
1225010740,15
1225017253,13
1225019919,261
1225046031,11
1225049374,154
1225051897,75
1225059107,129
1225062134,467
1225071533,14
1225077445,15
1225078277,26
1225102492,24
1225119525,13
1225129803,27
1225134435,74
1225141037,412
1225141328,25
1225150929,84
1225154854,42
1225162543,52
1225167529,20
1225171017,32
1225174600,25
1225178950,6058
1225179060,36
1225179105,1840
1225185913,37
1225186502,382
1225188401,2884
1225196741,50
1225197030,16
1225202603,201
1225210265,44
1225226478,45
1225228592,50
1225234444,100
1225242097,20
1225250312,47
1225263228,27
1225265867,16
1225266305,15
1225272732,26
1225277249,208
1225285890,405
1225296260,17
1225301513,13
1225316611,287
1225333873,16
1225337111,68
1225338289,104
1225344059,216
1225345651,101
1225347547,38
1225357488,47
1225359679,13
1225363703,124
1225364874,27
1225365569,5058
1225375494,31
1225380161,31
1225382028,21
1225391938,12
1225400068,26
1225403584,16
1225420868,29
1225420959,107
1225427533,789
1225427809,35
1225430807,342
1225443129,12
1225443909,23
1225445312,36
1225446523,293
1225448100,17
1225450090,11
1225456147,32
1225457257,79
1225462729,286
1225470108,13
1225473337,21
1225476523,21
1225480734,52
1225492439,529
1225495029,20
1225501987,95
1225506667,41
1225506852,337
1225518061,433
1225519296,31
1225521647,15
1225525367,16
1225529925,25
1225533642,28
1225544568,100
1225550834,56
1225551985,400
1225553633,32
1225556223,19
1225557539,19
1225558656,40
1225570552,17
1225572163,90
1225576792,36
1225583202,43
1225586334,46
1225594874,725
1225599451,118
1225602716,24
1225603857,16
1225605262,83
1225605804,47
1225614660,107
1225614895,53
1225619975,155
1225620122,454
1225626176,180
1225626763,27
1225639773,38
1225642446,14
1225651988,14
1225662585,15
1225666510,26
1225676063,112
1225676909,84
1225681482,45
1225683137,47
1225688424,1364
1225692581,26
1225701232,54
1225704208,21
1225711621,164
1225717117,12
1225722703,1261
1225723635,22
1225723660,14
1225753223,8411
1225753650,16
1225764309,11
1225772996,17
1225774688,7905
1225777233,30
1225779504,29
1225779594,265
1225780897,141
1225780993,16
1225799532,20
1225803835,54
1225809732,36
1225810547,42
1225818500,13
1225821344,25
1225834084,1817
1225834491,19
1225840521,1167
1225844031,17
1225850181,36
1225853511,19
1225856988,33
1225857440,75
1225861226,21
1225865375,25
1225876937,42
1225890580,20
1225893563,23
1225900566,59
1225904506,63
1225932464,236
1225933743,18
1225934387,13
1225943680,23
1225968076,17
1225969993,19
1225971591,22
1225983316,31
1225986799,18
1225990269,202
1225994627,25
1226007284,196
1226012688,12
1226012864,13
1226030841,43
1226032210,11
1226033059,19
1226034860,15
1226053598,7
1226056647,11
1226060652,59
1226062469,462
1226065142,126
1226068984,1071
1226075327,53
1226079078,18
1226085740,112
1226088627,1118
1226093137,15
1226095529,25
1226100929,17
1226108917,45
1226115080,35
1226117657,24
1226123343,28433
1226128535,37
1226130495,11
1226146401,17
1226150677,21
1226151688,30
1226151883,448
1226161344,11
1226169092,13
1226182842,2459
1226183162,19
1226187070,129
1226187634,133
1226187719,61
1226193564,53
1226199630,52
1226200305,79
1226213530,12
1226227428,36
1226236210,39
1226238042,87
1226244643,11
1226246989,17
1226251409,191
1226252114,102
1226253568,54
1226254918,76
1226256828,300
1226263631,45
1226269138,11
1226278857,543
1226283335,24
1226284422,98
1226284891,12
1226289738,14
1226291577,44
1226292938,36
1226293227,35
1226304875,1745
1226309398,31
1226314049,23
1226314578,104
1226315076,111
1226316657,28
1226323056,15
1226339117,114
1226344275,15
1226349980,65
1226355570,29
1226371446,16
1226379024,4209
1226383350,135
1226384208,46
1226387322,11
1226390973,18
1226392513,11
1226398315,144
1226402027,76
1226406577,32
1226408403,18
1226415818,127
1226416904,21
1226422330,27
1226423849,19
1226427018,17
1226438114,21
1226444988,113
1226448677,85
1226454952,36
1226455806,55
1226456766,41
1226458391,82
1226466427,31
1226477048,13
1226480668,10
1226481856,22
1226489531,22
1226489634,80
1226498208,100
1226501154,33
1226503828,33
1226505078,10
1226505891,17
1226507528,15
1226514391,232
1226518400,65
1226523004,27
1226535806,206
1226538859,38
1226539674,63
1226540982,13
1226541360,14
1226544828,23
1226546604,40
1226547671,13
1226549459,231
1226553585,29
1226556412,321
1226560380,79
1226562178,78
1226571055,153
1226579643,21
1226586920,43
1226594437,14
1226597296,28
1226597750,182
1226607711,98
1226613826,21
1226619487,14
1226622350,12
1226622973,17
1226625878,25
1226626731,347
1226627909,331
1226632537,50
1226632856,40
1226642159,12
1226643987,101
1226646964,15
1226648841,47
1226652468,24
1226654232,82
1226655664,18
1226657498,18
1226658783,59
1226661880,16
1226666101,13
1226674733,11
1226680005,29
1226684518,54
1226685400,14
1226691771,122
1226699436,43
1226707772,22
1226707828,309
1226708151,15
1226709645,11
1226713626,100
1226729515,20
1226734075,11
1226740973,138
1226753901,37
1226755169,39
1226762620,13
1226767159,118
1226772027,29
1226775065,45
1226819062,31
1226821501,25
1226821868,17
1226828149,11
1226850047,16
1226854571,15
1226861761,32
1226863001,14
1226880839,35
1226886541,133
1226889175,62
1226907735,18
1226920373,33
1226922418,62
1226936027,17
1226947837,52
1226957148,44
1226959760,13
1226965804,43
1226967201,14
1226967770,23
1226967819,22
1226971454,267
1226986657,16
1226990646,56
1226990838,31
1227015908,52
1227017537,13
1227019873,209
1227022288,103
1227027199,20
1227039929,13
1227046979,31
1227065728,17
1227067139,180
1227069931,51
1227077394,15
1227085694,63
1227086368,22
1227088125,51
1227096538,28
1227101935,12
1227102698,4039
1227104690,94
1227105346,13
1227110871,47
1227119649,28
1227121063,130
1227125656,107
1227127184,24
1227127969,40
1227128046,19
1227129671,23
1227136764,301
1227152271,16
1227155975,21
1227168652,12
1227170018,43
1227174554,19
1227177719,87
1227179138,93
1227185855,14
1227186335,18
1227194005,137
1227195038,1352
1227205007,14
1227212265,13
1227213432,23
1227213690,13
1227214087,86
1227216141,63
1227220907,11
1227228210,14
1227231165,13
1227232520,22
1227237099,124
1227265762,74
1227276149,38
1227279014,33
1227293556,17
1227304377,14
1227305725,17
1227307732,123
1227308303,14
1227309113,40
1227309157,29
1227309257,100
1227315434,322
1227316546,13
1227317243,12
1227323948,106
1227324720,15
1227329418,65
1227333518,33
1227334684,13
1227339848,454
1227341286,493
1227347243,249
1227354976,15
1227364450,27
1227371987,127
1227377102,173
1227383057,45
1227386646,110
1227390839,538
1227392097,32
1227400359,13
1227406723,21
1227421344,42
1227431177,21
1227432942,628
1227433014,16
1227436157,15
1227440274,37
1227447038,30
1227459967,426
1227465950,12
1227490532,328
1227490571,29
1227497140,267
1227500565,27
1227501308,24
1227502479,33
1227504870,88
1227512772,77
1227519848,11
1227520263,48
1227526743,15
1227527033,105
1227531308,13
1227547559,16
1227569304,24
1227572703,27
1227579597,15
1227581500,11
1227593880,31
1227594572,12
1227601772,19
1227621444,29
1227634482,653
1227651594,22
1227655562,43
1227658387,92
1227659400,66
1227666088,15
1227674193,17
1227674495,68
1227680608,22
1227689238,835
1227689345,14
1227689365,1038
1227691444,205
1227691745,35
1227696060,20
1227710607,56
1227710766,39
1227736568,174
1227737079,11
1227738572,183
1227741708,42
1227743772,15
1227745768,20
1227759219,90
1227764627,619
1227764837,12
1227772650,105
1227778716,30
1227780447,67
1227783664,12
1227791598,165
1227791833,12
1227793598,24
1227794635,43
1227796170,27
1227802852,12
1227804086,27
1227819401,23
1227833686,15
1227836678,42
1227837151,16
1227841016,128
1227844943,48
1227854358,13
1227855667,12
1227859687,12
1227887303,17
1227889587,19
1227896191,48
1227896929,12
1227897195,18
1227900401,32
1227908098,27
1227909760,107
1227911136,12
1227920831,11
1227922538,16
1227922565,15
1227926204,16
1227927676,20
1227927721,278
1227928962,17
1227930611,63
1227931090,24
1227934615,18
1227937407,15
1227939012,40
1227941987,28
1227948480,12
1227949952,11
1227952190,25
1227957125,172
1227957130,353
1227957195,39
1227961194,26
1227970381,24
1227974472,17
1227994782,28
1227995235,149
1227997362,18
1228005292,14
1228007020,27
1228013410,83
1228017441,11
1228018833,12
1228032595,15
1228035032,79
1228046130,300
1228053564,157
1228062603,21
1228062617,49
1228067246,12
1228069348,45
1228074884,41
1228076003,182
1228086016,14
1228086182,102
1228088285,17
1228096639,15
1228101172,68
1228104491,48
1228115620,16
1228117001,214
1228125649,17
1228127918,29
1228130702,490
1228130770,13
1228146580,13
1228165644,48
1228168646,59
1228168995,38
1228170055,17
1228178051,12
1228200995,34
1228219566,11
1228221963,657
1228239224,17
1228240362,10
1228247504,34
1228250753,29
1228254460,17
1228261509,17
1228266778,88
1228267278,16
1228275932,57
1228281642,26
1228288173,22
1228295878,31
1228301704,21
1228306162,2258
1228306713,31
1228307422,28
1228312499,3282
1228312506,80
1228313288,35
1228316859,44
1228322256,17
1228323801,32
1228324681,19
1228342438,317
1228350271,34
1228350521,13
1228353720,25
1228366354,182
1228372477,21
1228379700,278
1228400253,57
1228403229,1660
1228411653,45
1228428489,23
1228439915,23
1228444255,756
1228446689,13
1228449634,139
1228473512,15
1228475028,13
1228476271,27
1228476484,58
1228479706,57
1228491972,104
1228493290,170
1228504283,11
1228512606,132
1228513113,11
1228513556,180
1228515248,109
1228515550,11
1228519832,17
1228523019,109
1228523683,64
1228545519,13
1228552104,14
1228558220,3951
1228568556,16
1228574491,15
1228575327,37
1228586120,196
1228588430,18
1228589758,1007
1228602335,17
1228612153,96
1228618772,55
1228622177,62
1228631114,19
1228632952,11
1228635904,24
1228636567,192
1228642604,18
1228648424,26
1228657398,13
1228667346,84
1228668841,12
1228669486,15
1228674073,92
1228678241,29
1228680276,59
1228682702,214
1228685110,30
1228687488,692
1228693026,26
1228694959,59
1228695623,85
1228697918,62
1228698955,25
1228699675,22
1228700725,22
1228719920,168
1228724246,65
1228727422,32
1228736718,25
1228738883,21
1228747289,12
1228753050,23
1228757065,23
1228757171,25
1228760265,16
1228764266,17
1228768037,35
1228783107,11
1228810289,29
1228818758,14
1228819544,51
1228828230,13
1228840276,18
1228843980,18
1228844333,107
1228852684,848
1228858762,16
1228859413,25
1228860440,16
1228861830,16
1228862369,11
1228862630,46
1228871992,24
1228876335,24
1228878094,12
1228889804,13
1228895176,290
1228895544,12
1228904236,21
1228908118,12
1228917479,149
1228918500,44
1228920758,23
1228924271,58
1228925375,15
1228931313,309
1228940083,24
1228943778,16
1228957241,24
1228960838,17
1228968888,23
1228969569,47
1228970952,95
1228975741,67
1228980352,22
1229003220,11
1229006538,68
1229017267,397
1229020401,11
1229023725,73
1229031275,15
1229032419,48
1229035202,16
1229035215,15
1229036895,22
1229044921,18
1229048611,12
1229054518,28
1229063586,35
1229079681,97
1229084290,13
1229090312,56
1229105761,12
1229107163,179
1229111282,342
1229124309,15
1229124312,14
1229133593,11
1229158170,10
1229166124,17
1229168545,1162
1229172514,94
1229176335,51
1229190386,27
1229193892,21
1229195377,73
1229196808,107
1229204641,56
1229209839,47
1229210803,16
1229218228,180
1229224485,31
1229224593,17
1229238440,50
1229245515,21
1229259494,15
1229261085,12
1229268651,316
1229278525,43
1229279783,23
1229284884,155
1229292419,26
1229298305,20
1229310351,138
1229320971,81
1229333016,23
1229349063,15
1229349389,19
1229357719,14
1229373251,27
1229378930,21
1229386356,15
1229397886,17
1229408930,24
1229412034,56
1229418777,34
1229423958,33
1229428033,12
1229428402,20
1229438606,888
1229454546,27
1229457276,12
1229457609,26
1229464883,17
1229466378,62
1229467189,41
1229477362,12
1229489956,125
1229492049,358
1229495263,15
1229500299,28
1229515933,32
1229520414,33
1229527457,29
1229528792,12
1229531271,4475
1229545347,13
1229555898,103
1229567447,119
1229570567,14
1229574762,595
1229601083,10
1229604063,80
1229613037,50
1229613796,97
1229617802,41
1229618308,1876
1229628532,92
1229629521,51
1229637015,42
1229641799,45
1229642522,90
1229647480,30
1229649395,103
1229650435,29
1229661701,37
1229669329,704
1229674813,12
1229676125,20
1229687336,19
1229689031,768
1229701530,104
1229702296,64
1229703050,44
1229708435,1211
1229721446,75
1229723763,14
1229741211,16
1229745713,17
1229754911,18
1229755072,30
1229783908,86
1229786287,138
1229790796,13
1229795529,29
1229795695,17
1229797518,59
1229800444,16
1229804367,27
1229805967,17
1229826021,15
1229833518,49
1229857613,54
1229861118,60
1229871910,21
1229875399,47
1229879223,12
1229879990,80
1229891190,58
1229897155,12
1229903970,13
1229912653,40
1229913273,17
1229921727,14
1229923980,26
1229925453,28
1229929214,50
1229936612,24
1229951782,163
1229966556,32
1229981114,30
1229996685,13
1230002242,13
1230003467,59
1230006699,39
1230011719,35
1230017515,80
1230024643,23
1230028115,40
1230041935,32
1230043431,68
1230046062,14
1230048764,89
1230050232,12
1230057297,27
1230065851,17
1230068255,1098
1230070449,17
1230084743,676
1230094821,49
1230103632,41
1230107024,56
1230108051,27
1230120460,19
1230123793,26
1230152852,4
1230155372,49
1230159855,15
1230160823,35
1230167645,334
1230176657,20
1230190038,13
1230219819,52
1230223069,33
1230276014,68
1230284069,53
1230292187,26
1230293192,1892
1230321451,129
1230325066,20
1230346035,40
1230373864,11
1230385816,672
1230405663,26
1230406987,22
1230409724,34
1230413282,394
1230418395,18
1230435080,85
1230436729,33
1230439621,13
1230447187,51
1230454104,26
1230454177,16
1230456360,16
1230459107,46
1230459924,324
1230464401,96
1230467838,71
1230476289,14
1230483021,24
1230488118,25
1230490753,19
1230492351,39
1230511039,122
1230513709,52
1230515496,20
1230518059,17
1230520777,51
1230522302,102
1230525793,82
1230526772,29
1230527280,22
1230529409,21
1230530146,12
1230541272,723
1230542209,14
1230543109,16
1230544421,36
1230545436,11
1230550463,17
1230552302,152
1230556858,14
1230557299,13
1230568421,11
1230571259,34
1230572279,37
1230575245,19
1230579510,12
1230579759,104
1230586927,47
1230615746,16
1230620963,924
1230623377,105
1230623501,32
1230625926,29
1230630133,25
1230635158,32
1230642554,15
1230655525,391
1230659792,209
1230660642,12
1230664565,344
1230670201,18
1230673946,28
1230680336,25
1230692090,12
1230695001,73
1230715250,32
1230717187,19
1230718069,1050
1230737007,20
1230742700,17
1230752196,54
1230753416,17
1230754449,20
1230756781,13
1230757897,15
1230768672,44
1230770171,191
1230773043,11
1230783829,42
1230786016,42
1230786055,45
1230788815,81
1230793950,26
1230797184,191
1230802596,12
1230804418,98
1230816656,60
1230825866,20
1230833691,13
1230838153,30
1230838307,48
1230840644,89
1230842937,31
1230844008,16
1230848107,14
1230852546,51
1230853768,20
1230857353,13
1230871680,37
1230881343,61
1230881670,12
1230886249,93
1230888286,14
1230888292,14
1230894777,341
1230923893,25
1230925393,2788
1230932548,15
1230933500,2089
1230934830,16
1230949874,218
1230951716,81
1230963108,17
1230966999,95
1230983602,12
1230988115,70
1230992661,33
1231005484,72
1231013771,26
1231027499,74
1231033580,85
1231033969,18
1231045391,213
1231046319,30
1231051334,31
1231055190,57
1231076326,20
1231076877,21
1231085769,82
1231088698,68
1231103016,21
1231109330,16
1231109894,39
1231115153,17
1231132517,19
1231135337,3601
1231139963,23
1231140530,14
1231148257,21
1231148851,19
1231150947,100
1231151385,37
1231151488,21
1231151663,20
1231170332,6906
1231173995,17
1231175554,9
1231190293,17
1231208198,15
1231208519,17
1231210975,369
1231241823,15
1231246471,17
1231252094,14
1231266096,37
1231274914,15
1231290655,17
1231291764,3750
1231317792,77
1231332766,97
1231340225,62
1231340530,35
1231341859,41
1231342894,38
1231355875,32
1231362609,45
1231366492,11
1231370735,16
1231381704,45
1231387029,692
1231393604,34
1231397904,14
1231403659,1048
1231404888,16
1231411784,13
1231415007,88
1231419446,12
1231425003,60
1231428995,13
1231433355,32
1231444515,20
1231471942,73
1231477977,62
1231497523,33
1231505124,13
1231510846,15
1231521009,11
1231524322,33
1231527664,25
1231530575,13
1231538321,158
1231542361,17
1231545705,15
1231546738,15
1231549501,24
1231550533,16
1231552637,12
1231583450,14
1231585114,12
1231588676,34
1231593995,18
1231598581,22
1231608642,18
1231611366,7
1231614512,98
1231616411,16
1231620129,30
1231625820,47
1231628816,18
1231630576,71
1231642319,12
1231644909,11
1231649071,30
1231664875,142
1231670954,29
1231673216,273
1231680323,11
1231682461,18
1231686879,35
1231689449,257
1231690607,17
1231692013,26
1231693733,12
1231694800,12
1231704393,157
1231729738,18
1231736896,12
1231743029,3397
1231745368,24
1231745656,170
1231746098,18
1231752523,15
1231758535,14
1231759224,38
1231759515,17
1231759984,11
1231764379,410
1231764941,584
1231780395,24
1231784866,37
1231788271,13
1231789326,107
1231795778,19
1231798689,14
1231803000,18
1231804068,18
1231804783,54
1231805954,34
1231815937,18
1231823217,64
1231824780,13
1231828364,52
1231833412,51
1231839460,346
1231839648,68
1231841922,28
1231851167,44
1231859271,40
1231866881,23
1231867801,95
1231870852,47
1231873889,23
1231878142,58
1231879080,13
1231881320,166
1231886686,12
1231888139,62
1231892841,17
1231894603,20
1231901927,13
1231904604,11
1231905001,128
1231907165,46
1231927624,15
1231939612,14
1231950207,10
1231951255,81
1231951515,32
1231957581,25
1231959993,14
1231961643,153
1231963420,13
1231964765,19
1231964865,27
1231971079,6
1231980017,255
1231981195,69
1231982666,363
1231982924,45
1231983974,23
1231994250,34
1231995031,11
1231995778,49
1231999821,14
1232001105,275
1232009484,101
1232012824,503
1232014015,16
1232030145,911
1232049160,76
1232068112,87
1232070333,34
1232073302,18
1232075306,29
1232075861,12
1232076534,25
1232090563,15
1232094166,327
1232095746,56
1232098068,40
1232101340,22
1232113187,22
1232117277,52
1232117613,151
1232123859,12
1232151729,21
1232153525,23
1232158115,23
1232179108,13
1232184481,59
1232186823,14
1232187392,11
1232187559,15
1232194910,12
1232198091,19
1232202151,15
1232204103,27
1232207193,296
1232207397,19
1232227455,25
1232230999,672
1232231222,51
1232234668,38
1232237836,26
1232239020,85
1232248372,108
1232269102,14
1232276786,15
1232282516,45
1232293202,13
1232306594,18
1232327074,703
1232327866,34
1232334482,50
1232339395,99
1232370714,1269
1232377059,17
1232379583,26
1232385284,66
1232389209,11
1232391229,35
1232392775,16
1232401934,18
1232412113,20
1232418131,50
1232423250,20
1232425850,44
1232435913,28
1232438673,13
1232441255,35
1232451950,12
1232463120,29
1232464132,249
1232472302,27
1232475356,20
1232480669,212
1232486341,132
1232486433,47
1232498795,86
1232500611,14
1232502928,17
1232503620,17
1232503763,26
1232513743,20
1232516411,19
1232519992,25
1232525596,15
1232527299,91
1232531989,22
1232539952,25
1232540172,35
1232540803,201
1232549174,70
1232572427,263
1232575828,13
1232591685,20
1232599710,618
1232604320,28
1232621817,264
1232647348,24
1232648797,36
1232650857,110
1232656744,34
1232669793,20
1232669890,16686
1232673052,77
1232680785,118
1232691570,61
1232701426,24
1232703184,34
1232705473,60
1232705869,53
1232710515,104
1232712502,1527
1232714995,164
1232724697,11
1232727602,419
1232733344,23
1232744272,92
1232744411,13
1232744559,637
1232750479,407
1232751931,16
1232754722,81
1232776063,162
1232779906,18
1232780747,13
1232789753,52
1232799038,18
1232808085,81
1232810067,89
1232816339,35
1232820476,19
1232821011,15
1232824274,506
1232828202,22
1232840936,43
1232842595,109
1232843240,285
1232845626,24
1232852448,14
1232874124,14
1232881907,36
1232897272,129
1232909411,24
1232909568,192
1232913979,13
1232917858,61
1232918613,17
1232923707,13
1232927836,19
1232938373,84
1232963755,15
1232965265,15
1232972544,12
1232973386,22
1232990838,21
1232995659,13
1232995828,2394
1232996564,69
1232997470,1510
1233008152,18
1233008591,36
1233010742,12
1233014365,110
1233015992,46
1233021008,27
1233021136,264
1233021488,11
1233023839,26
1233034881,12
1233037001,208
1233038165,31
1233038926,20
1233045914,12
1233049557,57
1233063278,15
1233065556,51
1233067536,11
1233069149,16
1233075087,14
1233079257,19
1233082731,1788
1233083551,9
1233098501,16
1233099780,30
1233104285,11
1233109239,83
1233119393,1324
1233125421,22
1233133379,84
1233135720,858
1233142602,2632
1233143212,80
1233154583,24
1233161009,32
1233174097,21
1233184997,55
1233186866,17
1233188553,15
1233189346,22
1233194295,43
1233202284,19
1233205881,19
1233207118,42
1233214582,80
1233216116,18
1233216476,22
1233224752,174
1233224946,33
1233251373,17
1233257999,377
1233258841,15
1233265885,44
1233268108,62
1233269361,14
1233277768,17
1233282551,67
1233291379,29
1233295735,53
1233319813,33
1233329720,30
1233329957,20
1233332479,344
1233332668,425
1233334923,15
1233350326,14
1233351502,28
1233363436,11
1233366728,141
1233366936,16
1233368430,14
1233369321,28
1233373060,16
1233382603,27
1233396999,19
1233397063,13
1233398203,213
1233405473,32
1233408615,27
1233408974,25
1233410784,27
1233416003,338
1233434991,59
1233445009,167
1233446849,490
1233448211,30
1233449784,19
1233450404,19
1233453656,82
1233458746,11
1233464839,27
1233465262,14
1233469120,48
1233469226,21
1233476234,17
1233480477,377
1233482326,30
1233488217,15
1233488749,28
1233490795,82
1233490808,11
1233493205,34
1233493409,19
1233495945,321
1233506305,14
1233513947,14
1233519809,24
1233520252,607
1233522763,19
1233524712,17
1233526732,11
1233530473,810
1233534767,11
1233537327,39
1233541170,142
1233543737,58
1233543984,529
1233544257,61
1233550386,31
1233550493,191
1233553764,90
1233562439,10
1233565815,162
1233569086,542
1233572903,280
1233573420,20
1233573842,79
1233580044,23
1233587089,50
1233598443,45
1233603128,877
1233603965,18
1233604225,14
1233606911,97
1233610760,12
1233614908,19
1233618223,49
1233627155,17
1233629841,19
1233635142,20
1233646374,273
1233649082,144
1233652236,32
1233652334,12
1233654138,17
1233656750,52
1233656840,370
1233657891,45
1233658145,88
1233679939,22
1233680465,471
1233686144,17
1233693748,28
1233696776,41
1233698270,17
1233699119,16
1233699402,19
1233699918,6
1233701259,226
1233703053,20
1233703424,19
1233705462,43
1233706426,107
1233709504,76
1233710805,20
1233712980,56
1233714212,14
1233720469,24
1233723985,16
1233725979,13
1233729011,236
1233729086,40
1233747143,194
1233749549,116
1233753464,845
1233757735,32
1233760877,23
1233765261,21
1233765815,32
1233768853,61
1233769789,28
1233770752,37
1233777384,37
1233798338,46
1233803199,47
1233805369,17
1233812013,14
1233816047,32
1233821151,39
1233827788,27
1233828825,13
1233843911,14
1233854753,64
1233860222,29
1233864947,27
1233866989,16
1233869677,12
1233876194,30
1233879845,26
1233880450,72
1233880644,15
1233894805,14
1233901070,37
1233904235,17
1233906435,192
1233907218,35
1233912286,13
1233919441,32
1233930657,41
1233931276,15
1233933761,68
1233943553,22
1233949434,28
1233958357,17
1233974117,87
1233976060,899
1233993377,12
1233995178,31
1233997710,12
1233998926,110
1234017442,13
1234025089,20
1234025876,55
1234028597,75
1234031683,27
1234032496,47
1234034478,607
1234035085,11
1234036165,24
1234036912,12
1234044583,12
1234045986,44
1234052506,19
1234055431,24
1234070879,25
1234092057,18
1234105541,27
1234112226,21
1234118506,35
1234132434,18
1234145889,12
1234147572,18
1234148417,24
1234162438,40
1234169919,66
1234177006,151
1234177512,26
1234178837,28
1234184966,26
1234190555,18
1234200320,30
1234222196,61
1234227627,42
1234233025,22
1234245766,17
1234248776,30
1234262086,171
1234264457,21
1234267901,12
1234272109,44
1234280457,46
1234287955,421
1234289791,206
1234294493,16
1234297189,63
1234300923,31
1234303102,17
1234304147,145
1234318070,91
1234326831,20
1234331775,31
1234335671,49
1234338588,163
1234345172,303
1234349309,19
1234349461,116
1234352205,28
1234369111,18
1234370872,22
1234397786,18
1234406300,27
1234406613,107
1234408269,12
1234414395,19
1234419539,11
1234422018,182
1234428768,21
1234431556,149
1234460360,2430
1234461816,55
1234467701,35
1234468941,16
1234477934,120
1234479687,13
1234484212,14
1234493308,128
1234497073,22
1234500980,25
1234501960,29
1234503198,89
1234505847,16
1234510527,17
1234512626,17
1234527033,30
1234528389,64
1234531190,17
1234531788,16
1234537369,402
1234547478,42
1234550622,2635
1234561569,13
1234563660,121
1234568497,65
1234569107,15
1234571279,341
1234584593,12
1234598133,27
1234599332,19
1234600595,22
1234604467,24
1234610717,33
1234612574,10
1234620713,10
1234643563,120
1234648277,33
1234648973,17
1234651011,30
1234659682,38
1234660785,16
1234663284,31
1234664581,23
1234668950,129
1234669280,42
1234670865,80
1234674650,89
1234675369,14
1234678740,12
1234692020,44
1234697322,22
1234703701,94
1234709952,18
1234712383,22
1234717086,74
1234717726,11
1234724745,2711
1234728317,44
1234728799,12
1234732702,14
1234736795,35
1234743389,71
1234743709,33
1234748523,19
1234759372,67
1234766431,151
1234808106,24
1234817105,31
1234819935,23
1234825297,33
1234829540,828
1234839530,17
1234854174,11
1234870827,170
1234871124,24
1234872393,19
1234884845,16
1234901863,17
1234902158,5
1234908161,14
1234910726,30
1234918031,28
1234923277,17
1234924484,19
1234932922,21
1234949873,19
1234965356,36
1234995144,19
1234999285,20
1235003804,350
1235009516,74
1235012977,15
1235028451,12
1235037158,23
1235044422,12
1235045594,26
1235046467,95
1235049982,11
1235050047,27
1235056479,9553
1235076151,92
1235077351,19
1235080900,14
1235091914,277
1235098353,186
1235103257,30
1235109342,68
1235111179,118
1235112405,54
1235113559,107
1235113769,16
1235116683,267
1235117834,12
1235123321,29
1235128023,55
1235128193,36
1235131147,135
1235135158,441
1235143195,15
1235145221,39
1235150265,73
1235161765,34
1235167543,21
1235168383,12
1235169587,12
1235175101,727
1235186898,24
1235192172,12
1235192304,41
1235199422,11
1235201909,67
1235219333,18
1235219714,22
1235221346,26
1235222817,18
1235225511,122
1235226760,101
1235230186,37
1235232111,17
1235254657,589
1235257170,23
1235259928,118
1235263729,134
1235266237,28
1235278626,19
1235288917,17
1235295742,158
1235298635,11
1235298988,60
1235311075,14
1235318920,82
1235322661,450
1235324410,673
1235325516,18
1235348945,22
1235349424,19
1235368663,21
1235372092,22
1235384825,41
1235398362,15
1235401698,170
1235403515,42
1235415129,12
1235416020,28
1235419463,14
1235423394,31
1235424374,24
1235433876,21
1235435251,21
1235439841,57
1235467345,373
1235467347,16
1235483809,1031
1235491483,42
1235491525,930
1235491557,822
1235491573,38
1235491599,37
1235491636,33
1235491662,31
1235494902,106
1235507023,89
1235511227,248
1235511271,49
1235515289,32
1235516373,28
1235528350,19
1235528861,14
1235535108,77
1235536039,604
1235557096,35
1235561546,308
1235563757,14
1235570981,96
1235600169,13
1235600664,12
1235601806,22
1235603352,27
1235604959,1098
1235615622,41
1235620806,30
1235625452,86
1235635879,32
1235635941,70
1235641260,43
1235648424,53
1235666777,13
1235677045,12
1235677889,34
1235682971,59
1235693765,16
1235695972,12
1235696190,26
1235697532,12
1235700241,39
1235703061,13
1235708935,19
1235712635,81
1235713026,14
1235721044,357
1235728605,11
1235730493,351
1235733002,89
1235738333,15
1235745072,15
1235785305,15
1235796446,46
1235801337,18
1235804415,7
1235809841,45
1235821686,388
1235824690,1301
1235826853,190
1235832354,2827
1235839978,21
1235841610,70
1235850561,34
1235854800,12
1235864347,44
1235887692,85
1235898898,35
1235904866,12
1235915700,381
1235923517,44
1235928536,334
1235937388,17
1235944874,20
1235950823,31
1235951137,95
1235953029,24
1235957378,27
1235957729,29
1235989465,53
1235991419,166
1235995633,26
1236003844,17
1236010010,43
1236020540,30
1236022353,11
1236024834,591
1236029557,19
1236030607,17
1236032569,14
1236033849,12
1236037886,54
1236038347,21
1236069346,18
1236072112,95
1236080238,36
1236092346,14
1236097343,22
1236103434,70
1236113248,12
1236116882,80
1236134087,64
1236138758,21
1236144809,25
1236146225,18
1236147664,16
1236147743,249
1236150757,28
1236154506,205
1236169319,64
1236174636,23
1236183038,325
1236183483,12
1236188285,14
1236189703,15
1236192120,68
1236193793,16
1236197117,32
1236205854,17
1236210286,26
1236215173,805
1236217302,29
1236220169,17
1236225066,27
1236230376,32
1236231313,86
1236232731,133
1236238799,23
1236239871,12
1236242712,390
1236249097,945
1236256286,9
1236258392,31
1236268528,11
1236268781,32
1236270722,11
1236276097,88
1236280432,18
1236281532,13
1236290893,29
1236293784,29
1236297203,13
1236299256,78
1236299970,25
1236299999,38
1236308364,19
1236310444,455
1236311039,19
1236318244,393
1236318314,94
1236318548,45
1236320113,15
1236324961,15
1236325505,13
1236328476,38
1236334602,15
1236336437,785
1236336797,37
1236338255,100
1236348029,23
1236350718,61
1236351119,35
1236353193,2329
1236369867,15
1236376729,41
1236378975,16
1236390867,32
1236393593,20
1236412595,22
1236415557,79
1236416145,12
1236419355,12
1236423287,62
1236429199,69
1236430316,18
1236444588,18
1236448624,41
1236451209,32
1236456093,113
1236456506,186
1236467467,109
1236472889,161
1236475536,14
1236475951,14
1236477525,13
1236477821,32
1236478732,17
1236490395,677
1236493835,30
1236496917,30
1236501740,16
1236502369,29
1236502968,18
1236505940,50
1236507497,110
1236507612,23
1236514798,18
1236523584,177
1236536813,118
1236539330,24
1236548587,28
1236558471,25
1236558948,102
1236565619,31
1236570104,155
1236572125,31
1236574498,252
1236597439,24
1236611436,35
1236614974,10
1236627656,55
1236654892,22
1236667081,15
1236668474,13
1236672762,22
1236677779,147
1236692100,20
1236692111,87
1236692563,26
1236705473,25
1236709079,11
1236710711,18
1236712166,34
1236724617,15
1236724803,59
1236730482,31
1236735790,65
1236755306,164
1236763145,16
1236764229,39
1236767104,18
1236771809,171
1236781628,11
1236782644,14
1236783424,29
1236785802,34
1236788504,20
1236790468,102
1236808991,11
1236809377,55
1236816811,13
1236835461,33
1236835492,14
1236840275,106
1236851335,31
1236852308,30
1236854679,25
1236859477,18
1236861772,96
1236872415,20
1236877194,25
1236894679,53
1236908206,32
1236909004,13
1236910063,108
1236911090,78
1236918072,12
1236931661,25
1236933951,18
1236941307,70
1236945444,15
1236957585,516
1236964964,36
1236968473,13
1236981959,90
1236984329,23
1236985474,102
1237004640,1613
1237007359,23
1237010660,59
1237013741,900
1237021776,28
1237023264,24
1237037977,11
1237043630,134
1237046812,14
1237052662,56
1237054274,45
1237062426,16
1237066114,19
1237066616,16
1237067851,21
1237095996,57
1237104157,14
1237109545,30
1237111736,13
1237112689,309
1237113075,51
1237114445,57
1237116511,74
1237131130,12
1237137541,14
1237146076,88
1237159425,18
1237163046,262
1237164472,155
1237164513,4127
1237174940,3165
1237176215,10
1237181322,37
1237199276,19
1237215648,24
1237218322,23
1237219351,15
1237225592,22
1237225812,14
1237229663,31
1237231741,15
1237232401,14
1237232532,217
1237232853,104
1237239472,1044
1237241613,22
1237243825,21
1237246004,14
1237250723,12
1237253926,15
1237257052,135
1237257560,17
1237259189,50
1237267911,15
1237271327,79
1237283836,20
1237284154,10
1237287718,28
1237290361,15
1237295423,26
1237295737,63
1237295946,29
1237299882,28
1237301457,19
1237302913,16
1237308021,65
1237318021,56
1237319927,770
1237342938,16
1237345031,165
1237346118,144
1237353655,21
1237354845,13
1237360639,74
1237365178,125
1237370783,124
1237378117,20
1237383337,24
1237387249,25
1237390322,16
1237392402,24
1237403075,15
1237409271,11
1237416862,15
1237418222,16
1237422941,56
1237424084,19
1237428082,22
1237428154,20
1237429296,225
1237433527,59
1237436537,21
1237444585,15
1237448423,67
1237453528,22
1237461617,12
1237463177,213
1237464523,39
1237465820,296
1237470197,12
1237470590,21
1237475996,50
1237500772,13
1237501021,26
1237507452,18
1237514143,12
1237516776,88
1237522343,52
1237524419,1032
1237525004,21
1237525965,24
1237527907,14
1237528100,66
1237536657,34
1237548136,16
1237556756,14
1237566150,61
1237567431,20
1237567855,61
1237569827,23
1237570742,3034
1237574834,13
1237596235,16
1237604801,17
1237605993,61
1237607224,19
1237610023,24
1237619750,15
1237623600,24
1237625202,172
1237627849,37
1237630202,459
1237639323,364
1237640697,23
1237640922,28
1237643030,15
1237648686,48
1237651000,20
1237652723,14
1237658148,18
1237696009,13
1237699264,17
1237699485,11
1237707289,44
1237717182,11
1237720723,17
1237728861,16
1237729316,13
1237733764,17
1237734940,24
1237735665,34
1237749445,49
1237750162,236
1237773425,86
1237781439,20
1237784796,16
1237786440,15
1237789963,18
1237809202,400
1237818034,121
1237819660,34521
1237821145,13
1237826064,247
1237829770,13
1237833791,13
1237835872,60
1237836502,11
1237839280,18
1237841458,57
1237843760,13
1237845954,16
1237849841,15
1237852816,16
1237856742,26
1237856798,24
1237857534,36
1237858339,57
1237862355,41
1237873111,58
1237876885,25
1237879977,15
1237885983,195
1237886021,35
1237887278,16
1237891010,42
1237897310,135
1237898891,47
1237901907,28
1237904058,11
1237906084,18
1237911785,2831
1237924504,18
1237926298,32
1237930635,37
1237955879,15
1237979735,2148
1237988466,12
1237991026,53
1237994338,13
1237999979,31
1238010504,19
1238020455,46
1238042326,17
1238042602,110
1238043239,1726
1238043869,25
1238045437,20
1238047523,1752
1238050175,110
1238063840,21
1238071279,64
1238086960,18
1238091730,51
1238096032,481
1238104138,46
1238108965,35
1238119796,11
1238120057,27047
1238121115,108
1238133044,163
1238139003,31
1238142752,18
1238143049,48
1238152096,155
1238157601,37
1238166279,37
1238179349,17
1238187414,19
1238194024,21
1238194631,26
1238203091,11
1238204186,14
1238210020,18
1238212613,30
1238219632,23
1238246893,17
1238256194,38
1238264514,38
1238268252,14
1238273556,26
1238275599,24
1238285636,63
1238292307,11
1238294428,56
1238294607,123
1238301041,213
1238305550,19
1238314095,30
1238325234,20
1238336148,13
1238338967,11
1238339696,15
1238352328,24
1238353357,62
1238359772,14
1238361124,25
1238363307,48
1238364469,47
1238374516,17
1238379684,17
1238384020,112
1238386254,21
1238388797,15
1238392177,30
1238394528,20
1238398366,19
1238402794,126
1238412760,33
1238416752,433
1238420386,23
1238426179,925
1238426791,421
1238434689,14
1238449822,14
1238453195,49
1238455882,111
1238458554,561
1238460215,45
1238468873,11
1238490261,35
1238496158,189
1238499219,19
1238503477,469
1238505021,32
1238505874,110
1238509745,16
1238514693,13
1238529161,13
1238537858,23
1238540326,22
1238542557,15
1238542948,29
1238547139,82
1238548881,11
1238552380,18
1238559947,57
1238571740,30
1238573176,15
1238576219,26
1238579838,18
1238580104,18
1238586910,11
1238606716,2922
1238608979,355
1238611197,26
1238611909,25
1238612611,21
1238634317,16
1238645472,392
1238653384,141
1238669068,58
1238676776,12
1238676972,16
1238677791,32
1238684786,14
1238692464,19
1238695224,14
1238707516,12
1238722120,15
1238723751,13
1238727325,31
1238731481,34
1238733254,36
1238739631,20
1238742660,20
1238743123,32
1238755764,173
1238758672,384
1238759267,21
1238765688,16
1238775512,647
1238783354,195
1238787403,11
1238812762,32
1238818691,15
1238830448,103
1238831904,12
1238834247,17
1238836672,11
1238850401,11
1238855847,34
1238866442,103
1238872822,139
1238876865,35
1238889388,20
1238894468,22
1238894762,17
1238896536,112
1238897954,38
1238911466,15
1238914644,24
1238926475,11
1238930668,16
1238948350,22
1238954573,21
1238954795,20
1238956754,440
1238959575,44
1238968097,48
1238986224,18
1238992253,3154
1238993977,21
1238996909,357
1239006019,51
1239011091,45
1239018578,21
1239029437,38
1239032588,14
1239039079,171
1239045423,59
1239056971,31
1239062027,6
1239071762,52
1239077803,19
1239104861,75
1239110217,20
1239112559,12
1239115570,35
1239117786,21
1239117832,20
1239119721,1903
1239126926,17
1239135974,29
1239139048,71
1239140279,375
1239151917,83
1239152939,26
1239159840,2440
1239160406,11
1239173626,17
1239193196,63
1239193572,11
1239197994,45
1239198502,64
1239199313,14
1239200352,32
1239204847,22
1239209837,17
1239210589,233
1239212074,18
1239214607,45
1239216283,46
1239216743,12
1239243690,21
1239249946,14
1239251402,12
1239262895,12
1239264029,272
1239273447,17
1239285070,91
1239297672,152
1239309119,12
1239321485,72
1239341513,19
1239351619,110
1239353812,23
1239357956,78
1239359080,17
1239365819,12
1239366397,26
1239367040,34
1239373733,21
1239374684,13
1239375488,359
1239375999,18
1239382882,108
1239396861,15
1239398976,20
1239402511,14
1239412648,13
1239412733,15
1239414002,16
1239414821,996
1239416779,11
1239427226,26
1239434866,459
1239441299,40
1239447191,53
1239447811,18
1239455254,251
1239464173,47
1239469327,42
1239473321,599
1239489400,57
1239491397,57
1239518697,89
1239522492,582
1239524798,15
1239528524,21
1239532231,36
1239537127,47
1239537612,11
1239544598,17
1239549872,250
1239550442,66
1239556796,210
1239557619,58
1239563227,67
1239563655,131
1239567925,19
1239574235,14
1239577913,45
1239580976,16
1239599225,20
1239600245,21
1239611613,28
1239617900,16
1239618973,59
1239619264,35
1239621046,15
1239622029,13
1239622387,579
1239624733,52
1239630237,14
1239644418,21
1239645385,533
1239654352,17
1239660837,18
1239669136,23
1239673198,21
1239676667,127
1239707233,31
1239715093,15
1239716772,13
1239722612,26
1239726217,23
1239728183,56
1239732876,23
1239735146,19
1239735720,17
1239744607,11
1239746319,22
1239749878,12
1239752722,112
1239754392,15
1239757945,41
1239765355,42
1239769034,21
1239774861,212
1239787202,16
1239797781,109
1239797866,14
1239799148,14
1239802726,11
1239806607,35
1239812704,23
1239825801,17
1239826594,20
1239833246,33
1239856270,30
1239859061,147
1239864142,703
1239869762,47
1239878087,42
1239878287,231
1239890796,1604
1239894005,39
1239898419,147
1239901771,31
1239906726,49
1239909172,15
1239911524,12
1239918790,2619
1239921355,22
1239923622,69
1239928176,669
1239930788,131
1239940446,105
1239942327,14
1239944495,18
1239949403,23
1239953499,90
1239960519,12
1239961334,25
1239966472,220
1239977707,13
1239979370,40
1239982332,13
1239983358,32
1239995275,18
1239996076,5352
1239999657,17
1240003797,23
1240013465,96
1240014089,18
1240015023,18
1240019066,12
1240020163,22
1240031323,15
1240043567,11
1240045833,29
1240047266,101
1240051005,50
1240052317,32
1240056880,12
1240061827,25
1240062561,217
1240070838,12
1240073512,21
1240080694,38
1240083383,21
1240087779,14
1240092403,18
1240122142,18
1240131152,23
1240132015,18
1240150652,24
1240159825,15
1240163211,120
1240163717,20
1240164093,48
1240167455,21
1240183493,54
1240191065,2271
1240192072,14
1240195275,12
1240202235,18
1240214550,28
1240224353,16
1240247258,14
1240247529,16
1240249001,10
1240258164,16
1240259223,50
1240269979,13
1240272133,53
1240276079,30
1240288571,14
1240299044,12
1240299682,27
1240305839,12
1240308067,124
1240332026,54
1240333679,16
1240340068,84
1240341386,11
1240346607,64
1240346695,209
1240364388,208
1240365600,27
1240374270,44
1240393483,12
1240394691,19
1240395546,32
1240417420,11
1240419112,27
1240420839,23
1240421258,630
1240437710,13
1240443039,57
1240444875,37
1240448548,11
1240483776,277
1240492421,50
1240498594,17
1240500457,62
1240502884,80
1240515946,14
1240521980,11
1240522440,18
1240537180,99
1240542828,18
1240545670,12
1240545861,51
1240556206,32
1240556566,30
1240560323,56
1240566648,74
1240567099,19
1240568470,49
1240572887,32
1240579392,15
1240580951,14
1240599492,67
1240601170,104
1240602767,15
1240611559,18
1240644798,19
1240648531,13
1240652283,18
1240653523,88
1240665936,12
1240667381,14
1240671870,19
1240672860,18
1240677825,48
1240682987,13
1240690447,17
1240693623,25
1240698398,369
1240700384,61
1240708362,29
1240713910,53
1240719306,19
1240720849,94
1240724913,22
1240725237,11
1240725952,120
1240730830,93
1240732143,135
1240743325,45
1240747229,17
1240755345,14
1240766312,22
1240768914,11
1240771767,44
1240775510,430
1240786277,26
1240793632,14
1240801215,41
1240808459,18
1240820240,11
1240830830,84
1240832183,18
1240844474,38
1240851965,22
1240854296,59
1240856375,19
1240859912,18
1240865540,16
1240868987,36
1240872088,792
1240872126,36
1240872943,10
1240894264,12
1240896337,17
1240905795,20
1240919474,50
1240938433,15
1240944610,34
1240944626,814
1240946207,16
1240948992,19
1240955193,14
1240959510,39
1240961226,21
1240963793,15
1240977522,10
1240995825,40
1240996286,322
1241000028,230
1241014702,16
1241017476,79
1241019087,24
1241033447,13
1241037350,12
1241040212,19
1241048131,78
1241051113,17
1241054742,53
1241058151,34
1241070039,12
1241074831,20
1241076174,232
1241088351,14
1241094896,15
1241096931,25
1241105467,22
1241106368,29
1241110664,12
1241114653,19
1241132689,37
1241134258,91
1241141239,81
1241146344,56
1241146497,31
1241149979,44
1241152875,996
1241153103,35
1241159711,19
1241163802,15
1241169266,15
1241170129,12
1241172117,14
1241179152,33
1241185532,86
1241208413,34
1241209202,126
1241212925,17
1241215332,26
1241218480,29
1241223523,48
1241234879,295
1241246291,12
1241257629,7449
1241258726,209
1241271550,67
1241273478,546
1241275896,54
1241277287,45
1241277589,89
1241279320,15
1241281880,13
1241283238,23
1241295791,28
1241298903,47
1241300226,13
1241309851,21
1241319334,16
1241329902,37
1241335289,22
1241335398,14
1241336268,48
1241338288,45
1241345946,18
1241348820,39
1241350460,15
1241353600,16
1241358748,13
1241360951,38
1241362619,3185
1241367216,13
1241368039,22
1241383026,12
1241389997,20
1241397530,19
1241407718,20
1241411485,29
1241412718,95
1241414489,16
1241415025,49
1241420026,22
1241425259,1947
1241430916,148
1241450690,21
1241453878,24
1241459204,11
1241459358,18
1241469718,18
1241476818,16
1241477012,13
1241487212,17
1241488294,14
1241489968,32
1241494140,31
1241500194,81
1241503505,14
1241511155,179
1241515224,353
1241519294,30
1241526989,21
1241535855,11
1241537755,521
1241538479,258
1241539231,100
1241540822,13
1241541907,76
1241552156,43
1241553266,19
1241586348,15
1241587887,48
1241588340,37
1241611273,21
1241612240,71
1241612644,60
1241613478,193
1241621727,84
1241631637,14
1241633491,18
1241640889,13
1241641410,20
1241644778,16
1241647818,86
1241648746,39
1241650947,29
1241653775,20
1241653839,151
1241657568,23
1241657981,11
1241661785,19
1241665017,16
1241665534,29
1241679569,39
1241704120,20
1241705990,70
1241706792,141
1241709623,164
1241723280,18
1241738234,107
1241742205,33
1241743752,244
1241747058,40
1241749352,36
1241750341,61
1241752946,39
1241761359,41
1241767972,23
1241775611,79
1241778703,52
1241803876,179
1241816625,63
1241825365,32
1241825396,302
1241828177,13
1241837533,32
1241845242,117
1241863775,29
1241878578,14
1241879839,13
1241886270,19
1241889596,16
1241889601,97
1241891788,26
1241894863,36
1241896683,13
1241912674,12
1241916676,39
1241954827,32
1241955479,30
1241958508,41
1241959906,341
1241960226,21916
1241963187,116
1241965602,18
1241974928,13
1241975714,18
1241976480,20
1241977003,52
1241977188,23
1241979160,85
1241979723,15
1241987162,1064
1241990307,73
1241990700,1950
1241994412,40
1242010545,15
1242013932,5
1242017470,12
1242027459,118
1242030289,29
1242030344,33
1242034359,69
1242041584,62
1242043952,16
1242047436,83
1242060029,151
1242065628,14
1242070147,18
1242072896,26
1242077970,45
1242077982,85
1242094165,184
1242098463,28
1242099375,16
1242100472,50
1242107382,2022
1242108349,229
1242121583,17
1242128023,33
1242143475,17
1242169673,54
1242170957,18
1242175465,14
1242179708,17
1242180484,128
1242192661,19
1242196870,15
1242203650,195
1242206624,70
1242211335,29
1242230402,28
1242238680,2
1242243389,23
1242243557,11
1242244665,15
1242245415,22
1242249898,32
1242252209,44
1242268113,57
1242272716,71
1242283903,18
1242284800,15
1242288930,18
1242293609,64
1242306767,344
1242316635,1601
1242320277,14
1242321286,58
1242326448,22
1242339840,44
1242350957,39
1242354790,1917
1242384007,12
1242392922,243
1242402978,226
1242415623,247
1242427355,12
1242428415,70
1242432807,11
1242441763,25
1242442927,43
1242442956,18
1242450764,51
1242451241,15
1242472887,21
1242497817,33
1242503983,13
1242517249,67
1242520249,26
1242522317,18
1242534846,12
1242536991,17
1242538725,13
1242552865,21
1242559266,21
1242562576,11
1242564361,11
1242565101,22
1242568050,62
1242571544,39
1242572220,12
1242576422,12
1242579794,77
1242581027,43
1242582611,42
1242582771,20
1242587191,11
1242591913,20
1242595081,11
1242623011,14
1242627057,42
1242637912,27
1242643262,11
1242649859,15
1242665944,35
1242670883,14
1242672160,174
1242679355,1537
1242692799,24
1242697027,153
1242705930,19
1242712290,86
1242719319,1221
1242731930,12
1242750846,14
1242760522,25
1242766913,76
1242787253,340
1242790955,29
1242805637,34
1242808266,11
1242815807,20
1242836028,19
1242847410,88
1242849406,69
1242854746,44
1242858742,42
1242867671,848
1242881254,18
1242885972,15
1242896502,276
1242899551,170
1242899915,51
1242903900,14
1242911893,26
1242916194,13
1242917283,12
1242924666,114
1242933539,21
1242956191,18
1242967652,6048
1242971079,13
1242974687,32
1242994017,136
1242995930,24
1243001514,23
1243006338,218
1243011353,1961
1243017690,354
1243019455,16
1243020749,132
1243027110,79
1243027635,71
1243027695,18
1243029025,18
1243033047,113
1243037216,12
1243043047,18
1243057319,28
1243060739,18
1243065333,14
1243068376,28
1243068991,29
1243071828,27
1243072224,94
1243086146,19
1243090173,17
1243095143,13
1243099463,16
1243100020,112
1243106323,244
1243107271,34
1243109314,15
1243110119,15
1243111477,13
1243130327,11
1243136561,56
1243146433,230
1243160351,547
1243160855,40
1243164484,71
1243166788,15
1243166945,219
1243176585,354
1243179697,84
1243183766,22
1243199454,30
1243200853,98
1243202918,20
1243210367,80
1243217842,42
1243238668,87
1243240174,13
1243242946,75
1243244774,79
1243249411,18
1243256378,57
1243266259,10
1243270101,16
1243276849,18
1243277861,144
1243279769,80
1243282472,11
1243285960,19
1243288395,11
1243296441,189
1243301217,18
1243308022,18
1243316506,14
1243317327,176
1243318039,18
1243319764,11
1243320653,14
1243335820,86
1243337208,11
1243337973,11
1243338375,17
1243339945,15
1243343514,39
1243348295,44
1243353499,12
1243353641,97
1243354073,99
1243355836,16
1243364905,221
1243365944,357
1243369427,14
1243370296,23
1243370935,42
1243373853,141
1243380368,15
1243384906,19
1243386295,11
1243386953,41
1243393451,58
1243394372,18
1243397963,689
1243401750,78
1243403565,17
1243403791,36
1243407684,17
1243414163,14
1243414364,13
1243432393,11
1243435460,32
1243436931,17
1243440891,23
1243456460,32
1243462118,21
1243465661,19
1243470443,11
1243474783,20
1243475954,15
1243480043,29
1243486736,47
1243490323,84
1243499752,106
1243510961,16
1243520031,190
1243523634,30
1243524942,13
1243529611,12
1243536512,126
1243546453,11
1243567693,14
1243589705,34
1243592929,14
1243594497,12
1243601229,40
1243601998,21
1243607387,16
1243611246,12
1243614106,18
1243618131,664
1243619611,52
1243631224,32
1243632421,14
1243632643,14
1243643571,15
1243645314,111
1243646445,14
1243647266,67
1243649535,11
1243660478,15
1243674199,77
1243680833,26
1243704133,21
1243710888,25
1243720201,14
1243732556,673
1243739072,450
1243754671,21
1243754968,113
1243761147,20
1243762255,55
1243765551,14
1243765775,63
1243773718,44
1243780058,43
1243795091,35
1243799385,34
1243802511,20
1243808884,54
1243841282,80
1243842380,15
1243843387,165
1243859110,18
1243859417,27
1243860196,31
1243861636,19
1243868004,22
1243878128,49
1243889840,2703
1243904405,64
1243908724,20
1243925666,12
1243928497,44
1243928867,32
1243929420,17
1243945729,13
1243947630,160
1243951513,25
1243954362,71
1243959521,14
1243961683,32
1243962929,73
1243963093,200
1243975263,18
1243975449,39
1243978384,106
1243979429,64
1243998884,19
1244000773,15
1244001574,30
1244028703,30
1244036548,11
1244037728,13
1244040752,101
1244045010,30
1244047930,30
1244050587,196
1244051960,38
1244056427,15
1244064544,11
1244071529,3401
1244073371,36
1244074262,45
1244074490,21
1244074619,15
1244076766,12
1244108994,678
1244116421,23
1244130987,34
1244136912,13
1244140869,28
1244142296,52
1244151525,16
1244155308,38
1244155727,64
1244157761,32
1244162403,1143
1244168174,38
1244174738,17
1244176206,11
1244178999,17
1244184293,13
1244185155,418
1244194276,33
1244194507,25
1244197679,36
1244200187,10
1244213970,35
1244216551,48
1244217665,28
1244226944,24
1244231089,14
1244232710,57
1244238140,22
1244238936,33
1244255120,17
1244255768,11
1244263982,11
1244264446,64
1244264505,84
1244277268,18
1244278623,13
1244290601,113
1244295316,20
1244296820,1318
1244307392,43
1244307848,21
1244322645,64
1244323702,295
1244325213,14
1244328171,27
1244341252,12
1244344645,14
1244346431,23
1244361533,16
1244364968,18
1244370426,23
1244375757,48
1244375832,75
1244377054,33
1244385712,20
1244386148,15
1244391930,13
1244391958,116
1244425600,17
1244431440,359
1244443711,15
1244459047,24
1244462189,214
1244468619,271
1244473756,36
1244476160,37
1244476739,13
1244482736,11
1244488619,18
1244490397,85
1244491708,205
1244493472,1528
1244500483,159
1244530113,18
1244534097,18
1244539716,57
1244540718,15
1244541606,20
1244548537,12
1244557522,184
1244564263,176
1244565986,260
1244570126,35
1244582483,86
1244593267,27
1244595001,16
1244596735,20
1244598092,25
1244599833,25
1244611777,26
1244615729,26
1244621946,68
1244626627,60
1244638297,11
1244644510,12
1244645507,83
1244647147,15
1244660131,13
1244664340,66
1244666899,12
1244667663,60
1244673218,86
1244675532,19
1244679831,13
1244688614,30
1244691031,11
1244693229,15
1244693986,27
1244713152,17
1244716271,43
1244742159,17
1244747615,112
1244747754,13
1244750915,71
1244755919,16
1244762126,33
1244770399,19
1244774008,169
1244780636,38
1244782513,125
1244784820,115
1244799378,6
1244801083,17
1244801631,81
1244804202,27
1244813010,20
1244814127,201
1244828190,32
1244838109,82
1244838820,13
1244839354,32
1244848150,52
1244858848,29
1244859148,372
1244862129,13
1244872344,74
1244886395,16
1244896384,16
1244916257,16
1244926035,102
1244934024,34
1244939861,17
1244948549,61
1244954648,13
1244959261,594
1244959516,12
1244959985,18
1244960155,86
1244989350,231
1245004908,36
1245010764,93
1245029777,35
1245035344,23
1245035377,22
1245041174,47
1245043545,60
1245045417,12
1245048633,22
1245051336,22
1245059090,13
1245060355,28
1245061401,30
1245064524,9
1245064892,402
1245076219,69
1245097257,38
1245100586,33
1245101224,134
1245104473,128
1245106598,337
1245108765,20
1245113203,15
1245188885,13
1245192508,13
1245195081,29
1245220559,16
1245220578,13
1245221146,25
1245222189,13
1245223443,16
1245224749,16
1245225769,31
1245227535,114
1245234058,96
1245241908,195
1245243244,30
1245243860,42
1245256564,1662
1245258929,14
1245259290,15
1245267327,109
1245268506,1104
1245272377,105
1245274067,36
1245278599,19
1245279396,23
1245282108,146
1245290072,61
1245292227,37
1245294728,19
1245296273,108
1245308002,66
1245310595,19
1245318030,40
1245319446,614
1245322596,20
1245325857,86
1245327065,110
1245329241,982
1245331393,15
1245333424,468
1245333938,286
1245344317,61
1245347848,53
1245350611,25
1245355875,24
1245356181,31
1245356640,106
1245356661,80
1245359581,36
1245362186,14
1245364257,14
1245365519,43
1245368109,44
1245369970,24
1245371971,17
1245380838,12
1245391661,31
1245396820,15
1245405409,22
1245412168,121
1245419404,14
1245425969,19
1245427200,21
1245427909,63
1245429611,99
1245439294,17
1245439775,15
1245440202,23
1245444273,59
1245451069,13
1245452305,3126
1245458564,157
1245458706,108
1245461700,141
1245465729,3740
1245470955,193
1245476031,1427
1245491192,25
1245509597,14
1245510473,28
1245510932,88
1245511686,14
1245518138,47
1245524843,12
1245539123,97
1245540410,162
1245545312,34
1245546693,55
1245549227,157
1245556773,21
1245558372,233
1245561762,1015
1245563309,129
1245585947,12
1245591132,203
1245593541,14
1245595783,14
1245617878,37
1245621552,170
1245623286,21
1245633673,13
1245635988,11
1245644492,80
1245647600,20
1245653552,12
1245664409,12
1245681818,132
1245692484,19
1245695183,128
1245699721,6275
1245699982,22
1245720361,11
1245720902,85
1245723733,13
1245725287,18
1245730899,31
1245733063,737
1245738786,43
1245740241,19
1245746212,13
1245748325,13
1245760328,151
1245771671,28
1245772322,12
1245775155,13
1245790592,91
1245797515,141
1245813675,14
1245816682,12
1245820850,57
1245838621,89
1245849114,33
1245862251,64
1245865164,16
1245871125,17
1245872885,65
1245881246,12
1245893489,23
1245894065,15
1245901041,570
1245903975,18
1245921621,433
1245923485,23
1245925715,19
1245927552,36
1245944434,13
1245952606,2342
1245955470,14
1245957017,40
1245959143,114
1245970168,18
1245970899,61
1245998874,17
1246000378,40
1246031278,68
1246047187,17
1246072199,49
1246073739,24
1246090648,13
1246093394,22
1246096751,15
1246104866,17
1246113734,15
1246132462,18
1246148135,5675
1246196526,55
1246198169,177
1246201104,19
1246205050,17
1246211773,687
1246220668,23
1246224744,22
1246227084,108
1246228717,42
1246229181,20
1246236720,113
1246237538,36
1246238195,43
1246243218,119
1246244431,39
1246249472,13
1246250743,22
1246251770,66
1246265860,111
1246270079,22
1246273057,286
1246273154,28
1246274264,29
1246276297,205
1246276785,147
1246279685,27
1246280246,15
1246292527,15
1246292540,48
1246304557,17
1246315244,89
1246322535,12
1246326252,28
1246326761,335
1246330857,152
1246332472,35
1246336325,19
1246337897,12
1246346594,773
1246360316,14
1246389313,13
1246399437,3982
1246402525,143
1246410678,34
1246435403,33
1246440630,1065
1246441409,27
1246442875,76
1246446448,24
1246451746,42
1246459259,7248
1246471409,14
1246482134,23
1246482207,62
1246483895,195
1246500556,96
1246504454,13
1246510003,12
1246513769,26
1246515824,143
1246515971,14
1246519476,13
1246521575,153
1246529893,15
1246532319,209
1246533311,12
1246534911,1598
1246536953,14
1246538174,48
1246539049,17
1246542567,87
1246549494,27
1246561851,20
1246567508,21
1246570817,39
1246574857,18
1246574873,160
1246577741,26
1246582123,53
1246590578,12
1246596727,16
1246596878,25
1246600517,1198
1246600961,44
1246600993,29
1246602771,32
1246622880,16
1246625636,9108
1246629463,29
1246631932,30
1246638907,47
1246642453,39
1246644567,13
1246646082,20
1246662457,11
1246664009,22
1246681024,16
1246687346,12
1246690056,55
1246695181,21
1246709259,35
1246710934,12
1246711970,160
1246712495,14
1246715834,17
1246717058,14
1246721062,509
1246722622,1077
1246742103,18
1246745196,31
1246745654,15
1246749616,228
1246751432,16
1246751434,128
1246759937,44
1246767321,20
1246771179,18
1246779788,82
1246782280,58
1246786755,80
1246790422,70
1246795720,178
1246797254,21
1246802646,29
1246803083,59
1246804487,14
1246812750,62
1246814545,10
1246814836,18
1246817571,18
1246821609,29
1246837463,13
1246843657,26
1246849817,25
1246854395,20
1246857494,31
1246866879,20
1246880217,12
1246887188,42
1246895855,44
1246904632,129
1246905604,99
1246911708,67
1246914307,19
1246924426,15
1246924457,11
1246959565,41
1246959727,46
1246967830,13
1246980923,44
1246989049,29
1246992941,23
1246994155,45
1247000985,22
1247014730,104
1247024515,18
1247024804,130
1247033084,104
1247044553,16
1247045448,146
1247052265,53
1247062549,41
1247077303,28
1247077505,28
1247078110,60
1247086450,16
1247093576,21
1247095976,347
1247100158,23
1247106374,10
1247115218,96
1247115666,122
1247117944,32
1247122194,20
1247124796,15
1247134453,55
1247141754,11
1247142210,31
1247149707,139
1247161384,29
1247171934,17
1247181447,46
1247188228,44
1247190710,79
1247191183,15
1247195606,33
1247195686,20
1247212350,27
1247217251,84
1247225040,14
1247231088,69
1247236424,597
1247242073,307
1247256403,9
1247256864,373
1247257056,74
1247257077,19
1247257153,11
1247265455,26
1247276507,11
1247281221,37
1247282947,13
1247286539,27
1247288896,239
1247289840,28
1247290145,28
1247291997,23
1247292043,63
1247294715,287
1247295822,13
1247301782,43
1247302502,86
1247303587,12
1247310533,36
1247314588,139
1247316645,35
1247317288,53
1247321833,400
1247351481,20
1247356796,23
1247365040,82
1247371684,70
1247376153,21
1247376695,154
1247380137,35
1247384825,29
1247388276,47
1247401217,50
1247414152,150
1247418292,48
1247419504,21
1247421999,16
1247424466,13
1247425144,11
1247433544,84
1247436411,88
1247458577,16
1247458623,24
1247459187,36
1247461066,26
1247469826,183
1247473093,13
1247477036,20
1247482929,68
1247489291,64
1247492866,14
1247495357,20
1247508851,15
1247509569,24
1247515668,27
1247529759,18
1247539290,13
1247546991,300
1247561558,13
1247570734,21
1247581321,74
1247581975,42
1247591069,25
1247591822,24
1247594975,11
1247599728,30
1247600704,15
1247602219,26
1247604974,11
1247605879,44
1247605980,53
1247609335,55
1247612350,220
1247622731,154
1247623206,26
1247625334,11
1247628069,14
1247630704,55
1247641253,17
1247649672,4
1247649837,21
1247663174,14
1247666824,27
1247670071,28
1247671245,114
1247672857,32
1247682155,20
1247682989,24
1247694581,12
1247699938,13
1247702973,111
1247709872,29
1247712689,40
1247712904,23
1247720302,53
1247743070,11
1247743352,148
1247745092,17
1247746103,20
1247746872,15
1247748424,44
1247756899,23
1247777740,19
1247782277,35
1247782800,27
1247786593,275
1247798896,15
1247799878,22
1247808514,195
1247813845,14
1247826283,11
1247833825,78
1247838123,134
1247842541,22
1247845398,20
1247866311,15
1247890345,14
1247897962,11
1247916961,395
1247926868,21
1247938040,167
1247939001,62
1247940076,16
1247944288,423
1247953558,131
1247955571,15
1247959177,17
1247960650,83
1247966640,79
1247969231,36
1247972630,39
1247980837,19
1247981517,130
1247984150,13
1248011103,1943
1248031872,84
1248032650,22
1248034647,124
1248040531,11
1248040866,20
1248041623,54
1248045931,18
1248050597,17
1248051050,14
1248054102,66
1248055238,371
1248058147,50
1248064498,11
1248066032,14
1248067744,11
1248072541,23
1248078952,93
1248082572,12
1248087013,58
1248090936,11
1248096254,45
1248105780,59
1248111614,24
1248111899,19
1248123371,91
1248124718,22
1248128332,12
1248129522,13
1248141334,154
1248143320,19
1248150453,26
1248150739,19
1248151636,12
1248154861,24
1248155542,20
1248160730,18
1248163123,11
1248164821,22
1248165430,22
1248175705,100
1248181720,29
1248182767,21
1248183848,41
1248186446,112
1248199024,38
1248199796,12
1248204690,430
1248211654,21
1248213776,69
1248216427,547
1248219709,60
1248221644,44
1248231202,14
1248243804,25
1248248786,24
1248253333,19
1248255775,23
1248257257,111
1248257430,75
1248264334,30
1248267320,461
1248269184,13
1248275548,15
1248292552,11
1248296770,19
1248302385,24
1248302524,32
1248303277,52
1248305485,94
1248309376,14
1248310439,100
1248315096,359
1248323006,204
1248332641,13
1248333420,34
1248334419,30
1248336086,53
1248340154,21
1248344067,19
1248346724,142
1248348085,15
1248348624,18
1248352148,36
1248353257,12
1248354167,29
1248357950,15
1248358923,783
1248359368,26
1248368290,20
1248369746,21
1248373426,61
1248374766,118
1248378025,112
1248384170,37
1248385157,44
1248395430,36
1248396295,25
1248401048,49
1248401658,30
1248403597,61
1248412629,34
1248413615,13
1248414214,31
1248417002,12
1248435337,12
1248438483,31
1248441930,23
1248442200,58
1248442484,20
1248453360,32
1248453777,35
1248461566,16
1248469137,27
1248474674,54
1248482197,277
1248482770,15
1248483021,28
1248489557,69
1248493288,71
1248502601,11
1248509220,14
1248510758,22
1248512702,19
1248516993,143
1248517174,20
1248517528,44
1248528424,40
1248534579,33
1248538120,19
1248559884,11
1248573158,15
1248575408,18
1248579736,63
1248581414,12
1248586873,51
1248587890,12
1248591409,20
1248591897,55
1248597849,21
1248615838,35
1248618409,341
1248620768,221
1248620921,23
1248625781,19
1248628771,24
1248636112,200
1248647057,18
1248656866,17
1248657228,30
1248659915,177
1248670681,50
1248670774,20
1248679982,37
1248685391,671
1248715157,19
1248719717,34
1248726560,28
1248727836,25
1248731923,38
1248735165,11
1248735456,36
1248735737,46
1248742343,480
1248745413,215
1248747220,657
1248749020,16
1248758524,159
1248761307,1029
1248761484,15
1248763048,242
1248766276,96
1248769876,11
1248772322,11
1248772557,11
1248774202,393
1248782150,41
1248789121,256
1248793375,14
1248794761,27
1248795924,170
1248796295,22
1248803716,31
1248827715,18
1248827837,21
1248836706,18
1248861358,54
1248871857,14
1248872128,31
1248873301,59
1248874742,70
1248874749,75
1248880965,15
1248882195,17
1248882718,57
1248883464,28
1248889884,108
1248896213,18
1248897354,23
1248897838,152
1248898453,11
1248898722,19
1248898972,33
1248908185,12
1248915354,23
1248917960,24
1248924479,489
1248925933,18
1248926022,75
1248930600,33
1248931805,26
1248932206,12
1248933347,62
1248941614,38
1248943562,26
1248949848,12
1248950091,26
1248951081,24
1248951507,21
1248952892,13
1248955957,3384
1248958654,55
1248962830,18
1248981027,123
1248981662,94
1248983894,12
1248984067,45
1248986738,15
1248994114,26
1249006271,31
1249013020,22
1249014031,55
1249015197,34
1249015425,14
1249023319,13
1249024111,58
1249027272,12
1249040497,60
1249047809,73
1249051947,14
1249052052,11
1249052875,13
1249062173,14
1249068419,14
1249070629,139
1249094239,127
1249095115,129
1249111989,43
1249123734,118
1249131332,21
1249136784,31
1249157414,15
1249158906,17
1249162928,475
1249175775,15
1249178065,20
1249180847,164
1249181353,26
1249182330,23
1249187944,96
1249189589,84
1249202199,20
1249203338,565
1249207787,14
1249209643,285
1249213103,33
1249224062,125
1249225398,25
1249239992,16
1249245754,441
1249258514,293
1249261520,1896
1249271148,27
1249276248,15
1249284066,19
1249287005,35
1249290620,38
1249293657,24
1249296723,13
1249300381,98
1249303001,12
1249305626,17
1249305805,12
1249315245,30
1249317289,32
1249325080,44
1249332416,45
1249337353,15
1249344928,21
1249345325,26
1249346259,17
1249357615,49
1249360394,10
1249363406,33
1249369480,69
1249380837,22
1249382417,13
1249386263,33
1249386299,30
1249406215,14
1249408490,31
1249409445,42
1249410188,19
1249421739,32
1249422921,59
1249430762,11
1249432822,10
1249454751,13
1249458219,23
1249462231,84
1249462611,111
1249466568,13
1249467039,29
1249488202,78
1249509510,16
1249519439,22
1249521361,16
1249530651,28
1249530755,39
1249534702,71
1249535239,83
1249548355,34
1249549064,15
1249550191,400
1249550690,58
1249557108,15
1249572987,16
1249573380,14
1249578225,16
1249582990,56
1249619405,23
1249628271,16
1249634577,87
1249655286,31
1249658123,72
1249659243,59
1249662979,21
1249663397,13
1249669193,18
1249681283,16
1249695433,14
1249708194,46
1249709179,86
1249723308,62
1249730633,57
1249731486,44
1249738003,133
1249740810,39
1249756800,20
1249766977,19
1249774057,415
1249779388,17
1249784811,19
1249785717,25
1249792018,31
1249808300,27
1249808474,19
1249808814,113
1249809218,12
1249813229,79
1249814139,106
1249826669,16
1249826776,13
1249847701,88
1249847920,133
1249849319,63
1249853652,31
1249855865,192
1249866465,2470
1249868091,21
1249880434,15
1249881776,16
1249883059,11
1249887741,43
1249888354,161
1249892130,13
1249893354,20
1249895223,41
1249897175,30
1249903076,17
1249907578,59
1249908102,18
1249910480,11
1249913179,141
1249913251,41
1249915620,13
1249922033,879
1249923101,18
1249942687,38
1249944634,19
1249951168,29
1249964612,17
1249973862,57
1249978957,18
1249980876,94
1249982319,21
1249983772,191
1249989933,12
1249990320,906
1250007509,12
1250009810,30
1250016256,13
1250020003,17
1250040582,358
1250045863,15
1250050869,125
1250051977,14
1250057030,12
1250060426,29
1250065590,40
1250068182,54
1250070490,55
1250072702,12
1250081513,28
1250083495,33
1250085833,15
1250093949,12
1250109958,15
1250113821,37
1250122277,32
1250123107,18
1250126240,96
1250129192,21
1250134799,16
1250142065,17
1250143574,12
1250146825,12
1250157861,14
1250160502,13
1250164325,12
1250182657,22
1250204816,31
1250216343,14
1250224428,22
1250229427,28
1250233265,23
1250237069,16
1250243010,35
1250244785,19
1250245397,20
1250255823,48
1250257487,47
1250258692,321
1250258829,13
1250259248,51
1250265557,18
1250276806,202
1250280866,161
1250289468,25
1250293035,14
1250295793,54
1250296394,12
1250296864,331
1250301953,76
1250301976,68
1250308031,11
1250314473,19
1250315476,23
1250320740,14
1250326588,11
1250328232,89
1250332636,91
1250335928,13
1250336324,14
1250337793,23
1250346244,21
1250354179,15
1250360389,63
1250361878,13
1250367999,20
1250377526,11
1250391425,12
1250394838,143
1250404733,33
1250413436,16
1250414618,11
1250417836,16
1250420602,37
1250439637,58
1250445362,11
1250446965,20
1250459937,158
1250468542,19
1250486012,20
1250493755,134
1250500177,27
1250504922,23
1250505481,20
1250508847,76
1250510717,17
1250512479,19
1250528328,22
1250529441,11
1250540901,28
1250541123,16
1250553890,16
1250556989,12
1250561399,14
1250568649,56
1250569639,158
1250575980,1100
1250595753,23
1250626860,112
1250634182,65
1250651738,144
1250651755,115
1250658155,19
1250658283,21
1250663311,20
1250666404,15
1250673270,41
1250677506,58
1250678702,55
1250680727,62
1250681945,28
1250689756,11
1250696677,40
1250696765,17
1250706260,46
1250709578,26
1250713849,15
1250716184,15
1250741226,37
1250756907,11
1250763371,128
1250763414,217
1250771627,18
1250806008,98
1250812354,106
1250815023,20
1250818845,2049
1250822765,4513
1250824950,109
1250830715,59
1250834429,134
1250835189,102
1250835709,195
1250836794,54
1250837740,52
1250837806,15
1250842815,26
1250848732,19
1250860168,810
1250863480,12
1250868690,92
1250876768,14
1250878990,23
1250889003,20
1250895580,63
1250907050,17
1250911372,639
1250918358,57
1250918529,36
1250924595,106
1250931415,32
1250937916,11
1250950417,18
1250958854,15
1250977830,28
1250978302,147
1250978888,27
1250981471,22
1250989577,59
1250997037,15
1250998045,29
1251005638,46
1251007586,87
1251009262,15
1251011584,15
1251011879,28
1251012724,43
1251014582,20
1251020438,11
1251020516,11
1251020986,38
1251023065,18
1251023178,17
1251024234,13
1251025862,12
1251026554,14
1251032065,54
1251045093,74
1251057798,1829
1251066255,96
1251067168,19
1251068284,34
1251069607,30
1251072363,24
1251077755,55
1251078984,15
1251085918,14
1251086499,12
1251086916,1665
1251097472,31
1251097626,58
1251103176,16
1251118569,30
1251118601,34
1251122133,334
1251123266,120
1251124565,35
1251126765,15
1251127841,103
1251130670,55
1251139326,18
1251139884,46
1251140252,28
1251145978,16
1251150120,39
1251156448,29
1251159224,13
1251160046,44
1251169801,81
1251180462,40
1251182451,17
1251186402,3037
1251187002,11
1251194539,12
1251196102,13
1251213060,41
1251216667,1262
1251226689,44
1251240181,12
1251240323,25
1251241656,452
1251246810,253
1251249025,13
1251254800,21
1251258620,16
1251260343,18
1251263546,6841
1251265302,22
1251266007,14
1251273528,20
1251278834,18
1251280424,146
1251282803,17
1251283920,13
1251285811,32
1251301903,1101
1251303564,20
1251308481,18
1251313363,12
1251313933,37
1251314041,85
1251314288,30
1251323039,12
1251343430,25
1251352160,33
1251359454,19
1251360469,154
1251368164,87
1251377810,264
1251382271,336
1251382609,25
1251385826,18
1251387822,14
1251387915,12
1251398714,31
1251401451,20
1251409505,11
1251420451,20
1251421003,23
1251433180,15
1251445838,147
1251447656,16
1251450386,454
1251456931,17
1251460378,4681
1251460904,18
1251465520,25
1251466224,13
1251467172,28
1251482232,75
1251491910,40
1251497181,12
1251498553,22
1251498620,78
1251504299,19
1251505949,33
1251508685,50
1251523074,46
1251532445,23
1251542434,15
1251547021,14
1251547207,19
1251552989,29
1251558498,23
1251570670,75
1251580441,23
1251583175,91
1251599962,19
1251604333,663
1251624865,35
1251626339,52
1251648836,220
1251663029,19
1251670765,16
1251689896,16
1251699671,14
1251700076,19
1251721871,19
1251723283,38
1251724698,23
1251731366,50
1251731376,12
1251734577,303
1251734584,40
1251739081,23
1251740335,27
1251756708,17
1251759892,42
1251760410,11
1251772458,76
1251775321,24
1251775733,11013
1251778861,23
1251792143,24
1251802067,174
1251802724,13
1251803584,14
1251813045,86
1251827172,13
1251829083,14
1251829476,13
1251845453,11
1251848854,37
1251849393,43
1251849873,43
1251875798,320
1251875808,22
1251884605,88
1251885652,55
1251890389,15
1251897393,1082
1251899628,17
1251903045,45
1251908803,114
1251910639,21
1251914525,67
1251915392,16
1251922807,253
1251925434,23
1251927617,29
1251929985,113
1251930408,13
1251934611,72
1251942561,48
1251952412,70
1251952732,17
1251953699,16
1251959042,11
1251971351,20
1251972814,205
1251976028,135
1251980172,73
1252004011,65
1252004709,18
1252008320,57
1252018507,41
1252021413,16
1252023224,26
1252031757,23
1252036272,21
1252038744,18
1252041604,34
1252061412,68
1252069793,13
1252078364,55
1252079931,12
1252091728,17
1252094313,167
1252102710,51
1252117557,395
1252124728,93
1252126809,11
1252127170,63
1252128435,95
1252128712,17
1252129353,19
1252130548,53
1252131252,13
1252134250,42
1252136178,16
1252140935,11
1252147339,346
1252153392,42
1252154132,53
1252159801,57
1252163022,22
1252166840,160
1252169477,24
1252174335,218
1252175636,15
1252190566,15
1252192009,60
1252193482,63
1252196939,19
1252197860,21
1252198341,986
1252200141,26
1252203843,20
1252211432,19
1252217827,97
1252218467,30
1252218508,44
1252237951,46
1252243502,24
1252244572,60
1252248426,35
1252252549,182
1252254864,14
1252255944,19
1252258448,772
1252263438,13
1252270191,33
1252273912,41
1252276246,73
1252291546,15
1252294823,1084
1252298988,15
1252302865,45
1252306996,249
1252311044,69
1252323344,28
1252324680,13
1252329745,22
1252335022,12
1252338417,388
1252344029,11
1252346445,14
1252347222,50
1252349871,18
1252351219,32
1252352256,265
1252353845,20
1252355400,14
1252356934,395
1252369220,23
1252388266,23
1252390722,20
1252416155,138
1252416972,33
1252426483,18
1252427005,158
1252427337,34
1252430502,21
1252432466,1652
1252440552,12
1252450076,105
1252453520,48
1252460350,133
1252480275,16
1252489123,40
1252489441,15
1252504178,48
1252504826,12
1252509592,25
1252514339,14
1252529804,169
1252531427,22
1252551939,38
1252565065,111
1252604518,55
1252612897,13
1252614765,26
1252618883,33
1252640395,64
1252660578,17
1252663001,43
1252665712,293
1252674082,13
1252678407,12
1252683525,129
1252706328,11
1252708837,52
1252709482,96
1252714485,11
1252720351,15
1252742425,17
1252753056,136
1252762674,13
1252767968,63
1252769293,15
1252769537,54
1252770030,118
1252773170,161
1252781693,86
1252783246,22
1252786173,21
1252794477,18
1252795971,19
1252796495,39
1252800918,481
1252806653,45
1252807060,15
1252812411,13
1252814323,318
1252818966,24
1252834518,361
1252837596,44
1252849584,389
1252855223,13
1252855897,39
1252864153,11
1252865556,237
1252872258,16
1252873338,12
1252906447,269
1252912673,28
1252914174,1312
1252928482,20
1252928995,215
1252936604,25
1252944075,114
1252945188,16
1252947649,13
1252952191,13
1252952405,14
1252953230,20
1252954588,55
1252959382,13
1252977352,17
1252983492,103
1252984906,15
1253003051,18
1253009493,21
1253018855,19
1253018922,50
1253028636,92
1253029370,19
1253030135,36
1253030239,22
1253035764,15
1253043798,57
1253048130,304
1253051799,11
1253053983,32
1253058314,13
1253060190,11
1253073679,173
1253076510,42
1253087813,73
1253093667,19
1253094078,23
1253095831,14
1253096577,21
1253105062,17
1253106462,20
1253109536,16
1253136404,116
1253138201,9871
1253140411,14
1253142931,64
1253154385,15
1253159229,12
1253161184,25
1253161550,56
1253172163,101
1253173624,15
1253176060,12
1253177447,11
1253180911,31
1253183580,12
1253187784,486
1253188133,54
1253188625,26
1253189731,64
1253190467,492
1253192251,15
1253193912,43
1253196108,63
1253198907,43
1253202484,11
1253209585,22
1253215229,21
1253226365,15
1253229117,79
1253229410,54
1253236308,847
1253246843,105
1253255514,17
1253258627,20
1253263152,11
1253263363,16
1253264520,15
1253274530,73
1253276414,11
1253277329,48
1253282479,12
1253289046,24
1253291046,18
1253298475,41
1253298895,352
1253310633,23
1253315866,32
1253321907,13
1253325096,47
1253333823,19
1253338425,51
1253345584,14
1253355518,13
1253355909,24
1253360155,12
1253367871,36
1253380025,33
1253383646,30
1253395625,22
1253396714,63
1253399623,31
1253402092,52
1253404011,11
1253408150,16
1253408695,22
1253416463,174
1253425173,116
1253434460,31
1253437477,19
1253447693,13
1253468349,27
1253469197,277
1253472297,19
1253475617,91
1253485086,13
1253502725,15
1253504490,49
1253525979,526
1253530425,17
1253537209,11
1253541782,34
1253553116,25
1253557571,17
1253570680,20
1253581456,42
1253582840,20
1253588145,30
1253595420,19
1253613039,12
1253615096,21
1253623979,19
1253656413,124
1253671303,74
1253675841,28
1253679657,41
1253681844,15
1253689538,23
1253690069,12
1253701314,71
1253701802,45
1253702844,445
1253707218,30
1253713483,33
1253720103,17
1253729367,33
1253736519,35
1253742875,34
1253751761,33
1253754548,14
1253767152,98
1253777615,22
1253792211,15
1253810861,270
1253811539,26
1253818087,456
1253828973,15
1253838600,53
1253848583,25
1253848998,43
1253854641,131
1253861590,36
1253884201,28
1253885183,12
1253890132,28
1253895982,21
1253897951,111
1253903395,32
1253909831,25
1253910734,107
1253910903,15
1253911241,22
1253931164,18
1253944538,13
1253949245,16
1253958043,73
1253958991,14
1253960983,55
1253965584,25
1253977740,283
1253986450,46
1253990739,13
1253998361,20
1253999202,34
1254012505,27
1254014703,24
1254015381,51
1254016797,36
1254019661,18
1254019975,33
1254024450,11
1254030784,12
1254034581,31
1254042671,213
1254048353,63
1254056681,65
1254057572,14
1254070081,16
1254079730,19
1254079995,12
1254082382,30
1254083542,12
1254084097,134
1254084271,203
1254094317,11
1254098980,67
1254102663,1465
1254109005,141
1254114247,27
1254116142,35
1254116963,15
1254121526,17
1254133915,211
1254138541,104
1254144254,21
1254144284,13
1254146279,12
1254147730,83
1254160123,35
1254169763,60
1254172144,297
1254179462,261
1254181310,31
1254184429,20
1254189492,58
1254212219,13
1254222212,11
1254225062,447
1254227775,13
1254236422,23
1254236704,11
1254241414,38
1254252644,388
1254255091,14
1254260949,40
1254262014,18
1254264635,82
1254275329,17
1254275749,21
1254290765,1
1254297242,147
1254301562,20
1254302588,109
1254319847,16
1254330320,23
1254332563,46
1254334425,395
1254339935,35
1254363469,14
1254364909,12
1254373926,26
1254381594,29
1254384645,24
1254385987,40
1254390017,12
1254392393,12
1254398677,229
1254399477,12
1254401289,18
1254406160,92
1254411461,10
1254412545,12
1254416519,28
1254422214,52
1254431824,21
1254437167,39
1254441434,217
1254442158,44
1254446563,14
1254447437,23
1254452192,15
1254452787,36
1254464469,26
1254468871,124
1254470906,13
1254484582,11
1254485070,113
1254488786,299
1254493862,12
1254494310,23
1254494406,119
1254496741,140
1254511581,55
1254512342,13
1254513990,22
1254520394,27
1254524549,20
1254526494,69
1254527180,21
1254542861,63
1254550137,18
1254551153,12
1254554862,488
1254563196,12
1254564615,40
1254568308,17
1254581518,15
1254582918,425
1254583584,30
1254587174,14
1254611266,35
1254612542,61
1254621308,13
1254626919,11
1254628874,13
1254632152,16
1254639681,14
1254654777,14
1254670042,33
1254677146,51
1254677395,26
1254683579,12
1254686143,14
1254689754,53
1254690960,11
1254694129,41
1254695322,33
1254698689,14
1254705293,15
1254709505,29
1254709542,94
1254709546,97
1254723344,25
1254738596,128
1254747633,73
1254749434,751
1254762496,40
1254770962,111
1254781717,32
1254786830,18
1254791906,16
1254793224,13
1254796141,36
1254796279,29
1254797756,16
1254804097,103
1254806672,11
1254821193,108
1254821263,12
1254821702,35
1254822800,14
1254833122,43
1254835140,15
1254841524,17
1254842655,14
1254844644,52
1254852838,53
1254853575,64
1254855346,121
1254859692,39
1254862084,323
1254864393,39
1254883422,89
1254883580,19
1254883786,15
1254889363,423
1254897550,24
1254902423,42
1254907261,14
1254909527,320
1254916915,33
1254921178,68
1254922746,14
1254925678,17
1254927411,37
1254930923,126
1254933451,56
1254936535,70
1254942874,15
1254957788,26
1254958761,19
1254962360,21
1254968049,13
1254975170,23
1254976532,14
1254978612,1353
1254979680,54
1254980620,12
1254981976,35
1254982293,27
1254988625,18
1254989944,23
1254994604,11
1254999058,73
1255000879,20
1255012792,20
1255014875,345
1255018965,218
1255019438,139
1255030433,111
1255035312,104
1255036494,32
1255040895,41
1255047944,16
1255048873,17
1255052395,25
1255053392,90
1255058993,39
1255066757,145
1255069527,1329
1255069809,28
1255083276,13
1255084016,180
1255096810,27
1255103576,24
1255106581,17
1255110293,21
1255112026,47
1255112574,44
1255122629,750
1255122754,85
1255125268,36
1255126889,11
1255127941,38
1255129589,13
1255138122,113
1255139597,12
1255140163,23
1255141143,29
1255148136,55
1255156283,70
1255156294,13
1255160041,31
1255160069,45
1255163849,13
1255172001,76
1255180606,86825
1255182796,11
1255183845,79
1255184316,11
1255184385,41
1255204332,12
1255204944,153
1255207002,14
1255207455,18
1255214093,75
1255215630,61
1255216528,26
1255217938,5594
1255221654,182
1255225975,84
1255231979,89
1255237198,6309
1255240664,17
1255248708,23
1255251136,101
1255251478,303
1255252768,15
1255259812,15
1255262063,71
1255267904,522
1255281808,16
1255283013,13
1255291036,1054
1255291644,26
1255292571,14
1255294416,11
1255296887,60
1255298603,35
1255302592,13
1255305328,141
1255328803,150
1255337613,14
1255349692,33
1255351625,23
1255352255,22
1255359164,38
1255361346,48
1255370361,43
1255377268,11
1255388337,158
1255391825,176
1255396003,15
1255396262,18
1255399416,82
1255400304,24
1255412388,1353
1255435041,20
1255437855,26
1255452572,207
1255459277,109
1255466067,87
1255479245,101
1255480829,26
1255488822,17
1255497074,44
1255500482,27
1255508156,45
1255527317,207
1255529982,11
1255548448,17
1255563159,790
1255566884,19
1255580602,37
1255592467,17
1255596359,317
1255606208,29
1255607681,15
1255607931,26
1255608362,52
1255610167,48
1255610635,16
1255619122,60
1255623257,91
1255626665,38
1255632247,24
1255635173,18
1255635278,15
1255635956,41
1255636103,18
1255642930,11
1255644879,119
1255645214,252
1255645993,94
1255649592,14
1255655571,19
1255658534,18
1255665358,155
1255672659,15
1255689883,290
1255695357,12
1255699364,20
1255701432,762
1255706921,51
1255708192,93
1255715568,88
1255715915,35
1255722057,53
1255725941,23
1255726496,14
1255729003,26
1255734079,45
1255735488,80
1255737222,479
1255738228,51
1255741629,36
1255741729,185
1255742924,248
1255753477,27
1255754715,12
1255764474,35
1255768549,865
1255772026,28
1255775965,88
1255777137,21
1255779273,19
1255793570,15
1255794238,74
1255798421,18
1255800034,706
1255801447,68
1255809571,61
1255811098,28
1255814688,18
1255816229,13
1255817315,410
1255835429,60
1255839702,14
1255841045,245
1255841208,51
1255852666,1445
1255854163,140
1255866572,292
1255868108,20
1255871614,288
1255875588,29
1255878092,60
1255884999,36
1255887695,20
1255894310,34
1255906464,17
1255926795,13
1255930302,151
1255931715,17
1255932242,42
1255934214,65
1255939006,14
1255939927,1049
1255952586,12
1255957684,63
1255959569,16
1255962608,16
1255964317,13
1255969968,12
1255977012,14
1255978057,41
1255987686,21
1256004106,19
1256004258,37
1256004591,14
1256006352,85
1256008414,12
1256010188,27
1256010196,38
1256013446,102
1256017052,13
1256019022,19
1256035393,164
1256044657,14
1256044850,25
1256057070,27
1256057097,25
1256061018,58
1256068437,24
1256070689,72
1256075082,193
1256080504,1266
1256081410,28
1256082863,2649
1256087672,19
1256100909,15
1256101061,12
1256117847,38
1256129531,27
1256134563,19
1256135527,175
1256142741,17
1256150601,158
1256152082,22
1256152256,13
1256157003,25
1256158761,16
1256162488,11
1256168258,340
1256174716,18
1256203716,42
1256206719,14
1256210575,40
1256212160,24
1256225183,432
1256233184,93
1256245174,27
1256253725,12
1256254749,27
1256267364,53
1256270560,32
1256273336,20
1256283138,56
1256284456,34
1256294633,20
1256335459,151
1256339895,24
1256345172,37
1256353697,97
1256355630,28
1256362818,12
1256365721,11
1256369595,34
1256380956,13
1256381100,26
1256384533,27
1256386246,133
1256392208,25
1256393269,47
1256394332,21
1256394914,50
1256395974,24
1256397049,25
1256418773,14
1256421769,10
1256425092,12
1256429757,29
1256465772,24
1256469584,28
1256474162,23
1256477021,32
1256488150,13
1256488414,30
1256508800,16
1256525840,328
1256528164,29
1256532379,17
1256536129,21
1256556655,16
1256557633,39
1256569717,41
1256574820,24
1256594473,68
1256613417,935
1256613854,52
1256614080,64
1256616890,472
1256622298,40
1256635590,15
1256663368,11
1256668848,86
1256674994,26
1256680367,27
1256685222,13
1256692328,25
1256694816,34
1256695612,13
1256697754,27
1256700912,110
1256706414,20
1256706847,375
1256707537,50
1256708592,258
1256719211,70
1256728599,2002
1256730629,42
1256746773,38
1256751458,11
1256753731,13
1256757375,115
1256762317,23
1256762495,64
1256766596,44
1256767131,27
1256791924,294
1256792998,33
1256796696,16
1256797384,36
1256810082,14
1256810886,27
1256811075,11
1256811827,16
1256814757,12
1256816449,49
1256826613,104
1256838837,19
1256853835,65
1256855764,156
1256859409,41
1256862575,13
1256866626,15
1256868358,1083
1256877966,18
1256880556,23
1256880560,22
1256881326,181
1256887864,66
1256896059,27
1256900649,14
1256905546,193
1256921461,11
1256921558,19
1256922648,20
1256922851,15
1256948073,21
1256948331,218
1256958861,11
1256960873,23
1256973124,49
1256980703,68
1256987455,30
1256989150,35
1256993124,25
1256996978,13
1256997541,162
1257001631,40
1257015437,16
1257021270,26
1257023848,32
1257026460,15
1257026582,29
1257026599,15
1257033404,17
1257035990,134
1257038971,14
1257049996,12
1257059092,13
1257064854,57
1257081095,44
1257081562,32
1257083638,45
1257084734,27
1257086995,23
1257097658,35
1257105253,382
1257115788,82
1257121594,128
1257135861,113
1257138628,15
1257149881,58
1257150485,70
1257152532,23
1257154160,789
1257164704,27
1257167310,32
1257168102,937
1257168128,13
1257176278,14
1257179976,24
1257184348,91
1257184479,107
1257192156,18
1257196285,13
1257205393,31
1257218160,15
1257237972,99
1257238395,135
1257239130,35
1257245859,28
1257246331,14
1257256310,28
1257259287,61
1257260140,11
1257267571,10
1257272743,11
1257287847,39
1257302750,65
1257306325,433
1257311255,14
1257312136,17
1257325436,17
1257326665,140
1257334011,30
1257334909,14
1257336733,49
1257338172,86
1257339205,17
1257340523,18
1257340615,40
1257340967,25
1257342857,31
1257344450,28
1257347274,19
1257350653,19
1257356927,64
1257366746,38
1257374565,53
1257378383,87
1257395037,79
1257410408,30
1257412756,21
1257414614,39
1257420150,122
1257430841,11
1257444227,14
1257461065,38
1257473218,28
1257475195,12
1257479175,30
1257488099,17
1257493303,15
1257495129,50
1257524396,311
1257527947,25
1257533120,37
1257533286,1435
1257534627,21
1257539780,25
1257543605,57
1257547794,25
1257551522,13
1257556156,22
1257558028,25
1257581672,5
1257591931,80
1257597917,12
1257605213,155
1257617514,21
1257643781,15
1257660639,66
1257661520,11
1257677012,14
1257685893,11
1257687200,237
1257696179,11
1257698938,38
1257701836,23
1257711769,30
1257717114,14
1257724435,48
1257729787,14
1257734455,38
1257735930,36
1257744257,74
1257751567,25
1257753186,21
1257759481,58
1257765230,63
1257766325,17
1257774704,53
1257781328,107
1257796544,16
1257798483,163
1257804050,13
1257804391,54
1257815288,21
1257821422,12
1257821888,15
1257823859,13
1257823911,14
1257825473,13
1257827184,20
1257838048,36
1257849583,12
1257849871,21
1257850224,20
1257850501,20
1257855543,19
1257858164,460
1257863403,11
1257867023,274
1257868723,51
1257869916,12
1257870136,16
1257870356,14
1257883885,44
1257889861,15
1257890423,12
1257891396,12
1257900040,32
1257908328,42
1257915692,284
1257917139,17
1257921640,12
1257933595,108
1257939823,106
1257940229,13
1257947813,81
1257953142,513
1257953914,485
1257960486,13
1257970587,20
1257971581,460
1257979261,12
1257982213,71
1257983666,64
1257995739,12
1257997012,39
1258006305,106
1258007831,46
1258009125,17
1258023796,15
1258030732,82
1258031582,95
1258033438,27
1258038455,11
1258039718,17
1258047506,13
1258061785,20
1258061935,28
1258066808,88
1258071797,13
1258079443,11
1258091885,11
1258095431,14
1258106719,16
1258115712,15
1258121809,84
1258122081,55
1258124114,1
1258125843,59
1258127863,68
1258135570,31
1258139388,13
1258140778,43
1258140989,11
1258165990,15
1258166617,43
1258168862,156
1258176958,41
1258182956,24
1258189993,61
1258193405,11
1258200041,38
1258201451,32
1258203386,14
1258221473,447
1258225193,34
1258227143,18
1258228307,29
1258238626,29
1258242408,134
1258244355,15
1258244763,13
1258251268,209
1258259975,14
1258260539,16
1258262448,34
1258288849,12
1258299774,45
1258301311,1365
1258303369,15
1258305951,148
1258321488,41
1258332155,44
1258335228,110
1258337236,12
1258340670,106
1258346478,20
1258365577,18
1258367539,28
1258373802,136
1258375522,24
1258377532,35
1258378203,25
1258386431,182
1258390378,68
1258395429,78
1258401277,63
1258413847,516
1258428688,12
1258434033,12
1258435504,20
1258435606,19
1258439249,15
1258441232,21
1258456256,18
1258457725,100
1258459022,23
1258460717,38
1258464919,57
1258471673,20
1258473132,63
1258483266,23
1258496446,1187
1258499650,13
1258504422,52
1258504679,50
1258521451,13
1258556728,49
1258557801,28
1258560454,18
1258588229,30
1258588698,29
1258597378,66
1258602218,16
1258613313,25
1258619550,15
1258621567,928
1258626648,16
1258644344,22
1258646291,896
1258647960,16
1258649388,26
1258649428,24
1258649467,16
1258654823,24
1258661939,14
1258680088,12
1258702484,64
1258710790,64
1258728537,15
1258729729,13
1258739820,11
1258742941,186
1258744471,11
1258748958,63
1258757115,70
1258758594,11
1258763088,78
1258773748,11
1258786108,21
1258788077,771
1258788360,111
1258792464,88
1258812574,39
1258823740,51
1258829991,49
1258837516,12
1258857842,17
1258861605,31
1258862322,1091
1258868919,15
1258871740,11
1258875542,13
1258876319,26
1258891039,13
1258896369,15
1258907670,137
1258907996,14
1258915869,56
1258919692,2165
1258921750,183
1258926070,62
1258927530,26
1258929370,13
1258931275,18
1258932513,1118
1258942809,11
1258944375,189
1258957599,37
1258968157,22
1258973778,16
1258978313,188
1258992238,38
1258994637,500
1258994885,69
1258995114,18
1258998722,21
1259014725,12
1259018168,17
1259026412,790
1259028314,116
1259034115,13
1259034625,33
1259052145,86
1259056815,26
1259059236,17
1259061131,24
1259065572,18
1259075745,11
1259077622,14
1259083708,31
1259085213,53
1259085778,14
1259090179,48
1259107621,45
1259108546,35
1259108597,241
1259110872,12
1259117115,16
1259120931,21
1259131593,38
1259145252,18
1259147822,19
1259149438,17
1259159255,18
1259165014,20
1259171983,11
1259178633,11
1259181812,18
1259191407,16
1259194804,1307
1259201063,109
1259217090,35
1259217247,20
1259222060,12
1259223676,130
1259225551,12
1259231858,32
1259245856,28
1259249706,17
1259251906,24
1259254831,60
1259260853,44
1259275090,27
1259280063,34
1259281365,11
1259283484,11
1259286533,34
1259295666,22
1259300797,19
1259304417,34
1259308521,85
1259311205,89
1259327087,35
1259331899,57
1259335163,20
1259336125,41
1259343264,41
1259358860,12
1259362413,31
1259362713,20
1259369663,15
1259369963,27
1259384869,13
1259395084,126
1259398032,65
1259405859,117
1259415915,33
1259423904,31
1259425261,60
1259431541,78
1259457554,36
1259462203,28
1259474972,14
1259483683,237
1259485799,57
1259491562,15
1259494501,18
1259497581,14
1259507820,15
1259512035,19
1259522769,90
1259523153,23
1259526897,31
1259531690,15
1259533679,13
1259534208,28
1259537705,13
1259544911,18
1259550938,119
1259551693,13
1259564149,14
1259565283,171
1259588531,77
1259603732,50
1259603781,16
1259606129,68
1259608817,12
1259609252,13
1259624583,272
1259626350,53
1259628464,47
1259630883,77
1259638534,46
1259640335,15
1259655229,11
1259658765,19
1259659403,14
1259669851,12
1259670522,20
1259675906,322
1259703320,100
1259713623,82
1259719572,19
1259721870,21
1259728164,28
1259735963,14
1259737072,21
1259742577,416
1259782962,55
1259786302,19
1259790088,28
1259790639,33
1259803392,27
1259809062,12
1259836955,12
1259840866,14
1259850204,44
1259853056,17
1259872947,116
1259875534,2712
1259885475,466
1259888079,1608
1259891275,15
1259891941,17
1259893746,46
1259894246,13
1259894852,26
1259899975,19
1259900796,120
1259901407,15
1259915957,29
1259920741,74
1259923337,23
1259934942,20
1259939911,887
1259940171,24
1259951839,103
1259952460,124
1259964745,17
1259970025,34
1259976788,11
1259981261,23
1259988665,83
1259989062,31
1260000827,62
1260005897,30
1260025410,101
1260026035,211
1260029173,26
1260032978,15
1260035249,220
1260043445,135
1260049044,18
1260061766,20
1260073387,13
1260076099,13
1260076680,15
1260091716,22
1260098040,21
1260106056,57
1260110388,146
1260112833,203
1260113241,333
1260114957,17
1260115758,17
1260125959,503
1260131768,11
1260133945,33
1260136347,56
1260141196,79
1260143008,141
1260143846,90
1260146854,12
1260151185,13
1260155434,557
1260167177,25
1260169618,19
1260170265,103
1260175020,15
1260175350,52
1260177823,151
1260183528,48
1260184532,11
1260186676,98
1260187048,12
1260192602,26
1260198724,179
1260209364,36
1260225576,20
1260229560,101
1260233912,18
1260234472,20
1260239529,77
1260240113,135
1260242528,32
1260281911,62
1260281947,33
1260284940,38
1260286969,27
1260287864,28
1260288940,9016
1260298891,19
1260300565,15
1260302733,32
1260304654,10
1260306926,33
1260307676,73
1260309411,69
1260312412,12
1260314510,27
1260325992,46
1260337660,20
1260339805,14
1260339974,247
1260349072,19
1260349075,23
1260352704,36
1260356003,20
1260364763,11
1260372600,13
1260382821,23
1260384009,11
1260388212,22
1260391373,19
1260394860,12
1260404909,18
1260411304,166
1260413335,11
1260429066,19
1260433115,11
1260436039,141
1260441486,49
1260450908,22
1260453112,34
1260465380,17
1260467366,286
1260467916,13
1260468060,193
1260470095,12
1260473040,46
1260475954,122
1260487799,49
1260489286,117
1260489444,330
1260493005,14
1260508753,20
1260548655,43
1260550899,89
1260565605,21
1260566313,29
1260566992,160
1260567504,11
1260570042,14
1260570912,43
1260580223,586
1260580731,227
1260581968,38
1260583277,27
1260584015,88
1260592293,24
1260619539,18
1260625224,598
1260633111,15
1260635669,134
1260638111,12
1260650150,50
1260651471,31
1260654077,11
1260672618,38
1260673375,11
1260680138,44
1260684528,76
1260690154,14
1260694049,18
1260694570,16
1260698041,62
1260703456,11
1260705693,12
1260719601,27
1260738363,15
1260747208,29
1260767408,15
1260777109,960
1260782172,138
1260783987,94
1260784883,27
1260785845,12
1260790246,21
1260802641,30
1260808534,13
1260815573,11
1260820152,22
1260826634,18
1260829862,14
1260833141,17
1260842109,24
1260858945,17
1260865601,15
1260868321,45
1260881431,22
1260888121,23
1260889371,61
1260898583,28
1260900484,511
1260900514,153
1260902344,11
1260912258,12
1260912552,66
1260914994,72
1260915817,12
1260923039,16
1260930181,127
1260932128,11
1260932922,20
1260940877,255
1260946467,15
1260962896,652
1260970028,14
1260971370,17
1260981282,11
1260988400,24
1260989566,35
1260990730,49
1260991622,17
1260993476,23
1260994505,17
1260997792,69
1261004744,69
1261005717,59
1261048001,14
1261050605,12
1261050660,17
1261053236,24
1261053712,100
1261057454,30
1261060989,278
1261065819,11
1261075496,20
1261077889,30
1261080024,328
1261091524,17
1261092598,71
1261094281,17
1261102385,21
1261108675,29
1261109384,18
1261114908,239
1261127156,109
1261130089,147
1261131444,18
1261131489,13
1261137992,16
1261139783,25
1261140727,12
1261142701,206
1261142966,12
1261149834,34
1261151781,13
1261151796,11
1261155086,38
1261156607,135
1261156675,45
1261170027,2068
1261174510,38
1261181445,149
1261184716,30
1261189730,25
1261192484,24
1261197405,12
1261197598,36
1261200106,12
1261202186,20
1261204838,102
1261206045,95
1261208315,47
1261209334,24
1261212474,13
1261212938,37
1261214597,15
1261215810,16
1261220798,29
1261222285,11
1261223819,35
1261239100,20
1261240895,15
1261244719,31
1261248738,12
1261250729,17
1261261480,55
1261263626,14
1261264826,20
1261277035,31
1261279210,111
1261283764,11
1261291781,45
1261299715,39
1261303294,35
1261308038,14
1261314451,14
1261322128,16
1261322254,22
1261325025,122
1261328849,47
1261335744,212
1261340483,269
1261350061,11
1261352043,24
1261359560,17
1261359773,24
1261361358,16
1261365430,56
1261405199,12
1261418565,26
1261422007,1225
1261435181,21
1261444857,62
1261460894,19
1261465639,15
1261465806,25
1261473759,29
1261473844,13
1261477736,15
1261482517,49
1261484186,34
1261489081,14
1261494515,32
1261496045,19
1261510276,19
1261519189,59
1261529607,77
1261539572,57
1261555327,390
1261560612,21
1261571908,2040
1261575325,96
1261602522,70
1261605201,98
1261606904,26
1261607128,14
1261613239,137
1261618066,14
1261618291,48
1261620020,14
1261637596,42
1261650101,3884
1261653673,14
1261655419,33
1261655913,13
1261663145,700
1261666359,13
1261668478,18
1261676533,20
1261677886,102
1261689486,11
1261690469,132
1261692450,13
1261696687,28
1261696801,13
1261698932,54
1261699679,12
1261700124,31
1261705376,31
1261706872,14
1261709082,31
1261711686,41
1261717201,245
1261718567,11
1261720977,212
1261721161,20
1261725242,585
1261729018,53
1261729176,30
1261729403,20
1261742826,22
1261746086,16
1261760482,46
1261761574,29
1261773273,79
1261784190,35
1261784901,15
1261794704,386
1261795590,16
1261798970,56
1261810128,37
1261811848,24
1261814068,116
1261819007,17
1261822543,20
1261825338,16
1261836074,59
1261842465,21
1261846836,17
1261851971,20
1261859183,302
1261861097,314
1261864097,48
1261865368,15
1261867321,25
1261880172,197
1261880471,120
1261882969,11
1261887193,26
1261891241,19
1261893837,30
1261899136,61
1261904654,29
1261912889,20
1261923892,24
1261925930,19
1261930573,15
1261934811,21
1261938453,101
1261952114,24
1261953460,15
1261958143,162
1261964579,14
1261966474,240
1261968483,29
1261974266,15
1261976132,69
1261979582,26
1262010385,13
1262011244,27
1262011420,63
1262011534,31
1262018067,44
1262031046,51
1262031874,24
1262033876,13
1262034051,433
1262034091,17
1262038960,27
1262042046,316
1262044132,11
1262047253,12
1262061170,15
1262078510,43
1262089852,19
1262093995,63
1262094216,27
1262097785,138
1262099015,20
1262104463,65
1262106658,15
1262108086,3
1262110699,911
1262113622,16
1262139429,15
1262142501,1864
1262161485,11
1262183719,350
1262195134,14
1262210750,51
1262210755,47
1262212892,406
1262217859,35
1262231970,30
1262250380,74
1262251616,11
1262252186,11
1262253113,13
1262255990,52
1262256174,81
1262258494,15
1262260844,12
1262261093,1135
1262266624,20
1262267135,52
1262270573,12
1262274066,12
1262281052,24
1262299207,13
1262299325,91
1262300001,14
1262310226,36
1262318402,30
1262328297,59
1262331855,15
1262337797,37
1262338410,73
1262354720,12
1262377838,90
1262391566,15
1262392277,14
1262396222,83
1262403617,42
1262413069,11
1262423362,406
1262434101,511
1262438199,116
1262438610,19
1262454502,32
1262477291,40
1262478282,21
1262482595,74
1262483844,11
1262485265,49
1262486604,13
1262490703,86
1262495435,531
1262500406,40
1262511183,11
1262517316,197
1262527142,19
1262530176,23
1262530182,2051
1262536690,172
1262548615,16
1262553817,39
1262554977,20
1262557450,23
1262558565,15
1262560274,14
1262564274,11
1262583106,14
1262587110,23
1262587286,22
1262594832,15
1262595831,181
1262600318,11
1262600346,34
1262600576,88
1262603912,560
1262605827,30
1262614973,18
1262617470,16
1262628565,20
1262635330,154
1262635440,13
1262641073,43
1262642235,37
1262652828,14
1262654935,11
1262656442,84
1262657910,22
1262668020,36
1262679022,29
1262682069,1253
1262710034,67
1262714152,211
1262717434,12
1262730329,12
1262738818,25
1262739704,33
1262740944,657
1262741170,32
1262748595,17
1262754474,21
1262756007,90
1262758480,31
1262762432,89
1262769725,645
1262775896,25
1262784746,12
1262806794,18
1262808460,33
1262809285,17
1262812820,17
1262816915,61
1262819626,114
1262824066,12
1262824399,81
1262834835,15
1262839931,23
1262842296,128
1262860046,29
1262870924,35
1262879903,45
1262882328,468
1262885509,13
1262885515,15
1262887634,11
1262889313,11
1262898434,16
1262899385,11
1262913668,60
1262915424,14
1262934014,35
1262940334,92
1262948105,366
1262952180,758
1262957623,17
1262968414,16
1262971603,13
1262979985,22
1262984601,13
1262989602,20
1262995777,12
1262995939,11
1262996076,13
1262996245,15
1263001383,12
1263011041,20
1263022587,48
1263026652,15
1263027923,11
1263038771,16
1263041093,99
1263045874,29
1263051452,45
1263054292,76
1263055981,16
1263062246,15
1263066411,32
1263067524,12
1263074604,173
1263076167,216
1263079727,505
1263083568,37
1263086677,40
1263098427,137
1263108759,124
1263114987,14
1263120928,50
1263123553,29
1263145127,32
1263145338,42
1263158313,908
1263161226,36
1263168455,59
1263169627,15
1263174131,43
1263190780,124
1263192350,13
1263192944,27
1263193615,15
1263201769,23
1263206805,16
1263210473,26
1263212116,17
1263215731,33
1263217954,87
1263220935,49
1263288598,45
1263306054,15
1263317286,329
1263337356,26
1263337741,312
1263341555,11
1263344910,74
1263346715,11
1263354297,13
1263376372,38
1263378972,55
1263389919,13
1263394947,17
1263436794,93
1263460757,18
1263461743,206
1263468392,12
1263469068,14
1263471882,1
1263472198,20
1263477177,17
1263494511,18
1263494700,1453
1263497845,2213
1263498017,313
1263500923,41
1263503017,14
1263513016,74
1263518116,120
1263518262,15
1263519874,39
1263529459,16
1263529852,37
1263530988,33
1263539330,34
1263542587,12
1263543625,880
1263543726,954
1263544262,25
1263548429,20
1263549136,656
1263549539,33
1263578760,17
1263579149,12
1263586501,50
1263614411,13
1263642416,491
1263646405,14
1263652392,142
1263662092,121
1263669308,30
1263676410,18
1263679455,18
1263681437,720
1263681504,708
1263682572,15
1263686288,23
1263686305,37
1263688817,20
1263689280,13
1263694034,118
1263696450,20
1263697745,27
1263706509,12
1263727392,25
1263731684,140
1263731718,37
1263732150,27
1263734978,57
1263739043,300
1263740445,12
1263745780,23
1263748076,44
1263748925,471
1263753253,14
1263772632,109
1263773312,87
1263778230,57
1263778677,17
1263784022,12
1263790057,15
1263797030,23
1263797851,127
1263800852,105
1263813947,130
1263814983,12
1263815266,21
1263817105,27
1263820590,206
1263826844,28
1263836633,16
1263837722,45
1263839399,42
1263841182,32
1263845975,154
1263853624,29
1263858338,20
1263864208,63
1263877714,12
1263881930,24
1263883524,14
1263886339,54
1263886755,411
1263898766,56
1263900228,13
1263936864,83
1263948467,14
1263951106,153
1263954351,13
1263958197,67
1263958714,31
1263959494,12
1263961048,41
1263966659,20
1263993269,116
1264002437,23
1264006420,12
1264015326,73
1264021866,19
1264023481,375
1264023857,23
1264026813,12
1264037739,13
1264038598,369
1264044496,66
1264045527,26
1264046956,29
1264058170,11
1264058297,150
1264059987,13
1264065724,78
1264067820,22
1264068873,87
1264069918,28
1264088844,446
1264094531,27
1264095869,13
1264097318,26
1264101293,34
1264105561,20
1264117145,16
1264118847,24
1264121778,21
1264122570,53
1264123054,184
1264142220,28
1264147349,22
1264148819,11
1264150994,91
1264155972,123
1264161723,118
1264162018,59
1264170342,56
1264175252,301
1264177851,12
1264187422,29
1264193645,14
1264203334,20
1264208997,20
1264221238,16
1264223799,200
1264227384,46
1264238884,18
1264239018,58
1264245933,55
1264252157,15
1264252189,16
1264253788,17
1264263123,18
1264268237,83
1264268579,62
1264269844,210
1264280082,22
1264283513,24
1264286435,125
1264288688,11
1264297712,146
1264301794,14
1264302819,58
1264305693,56
1264338985,18
1264341415,13
1264362107,42
1264364812,12
1264366272,15
1264370356,12
1264379603,50
1264383051,11
1264396304,1414
1264401689,173
1264403672,11
1264405172,65
1264405655,58
1264411005,74
1264412951,78
1264422246,16
1264424593,14
1264424867,10
1264430711,53
1264434310,116
1264436461,16
1264438111,19
1264438885,16
1264452592,16
1264458399,36
1264465126,41
1264471869,13
1264478656,2941
1264490258,11
1264515363,17
1264518139,20
1264520874,16
1264529761,29
1264531337,1000
1264540632,12
1264542642,60
1264550876,23
1264556564,30
1264560911,779
1264560983,45
1264569353,13
1264576033,17
1264586206,21
1264596339,21
1264598061,12
1264604347,98
1264606715,14
1264607329,14
1264611792,11
1264612845,25
1264613111,18
1264614857,18
1264615549,28
1264618288,43
1264620024,59
1264624316,25
1264640680,13
1264644535,11
1264645343,53
1264647440,16
1264648433,101
1264648449,75
1264660523,31
1264663828,134
1264663877,13
1264666096,12
1264669104,14
1264680063,50
1264683354,325
1264690159,13
1264690543,51
1264692184,407
1264718849,24
1264733604,20
1264735145,16
1264745201,61
1264753245,23
1264759254,17
1264771182,14
1264779904,18
1264782053,12
1264784142,20
1264785723,33
1264802477,16
1264805127,20
1264807434,17
1264807581,15
1264811161,7500
1264811391,82
1264825687,23
1264829799,14
1264831383,35
1264849705,30
1264854400,16
1264856509,23
1264860429,53
1264860668,11
1264866499,15
1264875310,56
1264888983,16
1264890026,12
1264894695,16
1264895666,16
1264902224,37
1264913325,10
1264916063,168
1264920090,195
1264920217,58
1264921302,38
1264921402,30
1264922986,56
1264929973,69
1264933240,12
1264936952,406
1264938021,49
1264938089,39
1264943577,11
1264957685,111
1264957878,11
1264959229,42
1264963292,14
1264981155,21
1264985151,11
1264985458,31
1264996101,13
1264996910,12
1264999260,13
1265011796,21
1265013383,171
1265017606,79
1265020374,19
1265021119,445
1265025028,12945
1265025158,79
1265026514,24
1265036022,12
1265043857,10
1265046112,44
1265056200,29
1265061961,18
1265072174,37
1265076401,49
1265085160,12
1265089119,15
1265091045,13
1265095054,29
1265095394,39
1265107923,1805
1265111888,45
1265113238,16
1265119157,65
1265120239,66
1265124479,102
1265127985,12
1265140422,11
1265149208,12
1265149787,12
1265150079,12
1265154925,12
1265157889,14
1265160955,32
1265161025,14
1265161922,131
1265165485,15
1265166906,11
1265168957,14
1265169717,149
1265170158,31
1265177654,122
1265183354,12
1265189318,17
1265191090,18
1265199841,16
1265200861,97
1265202284,28
1265216452,16
1265219780,12
1265222064,20
1265228611,26
1265228655,44
1265234733,1246
1265234847,11
1265247790,11
1265248423,13
1265255507,24
1265258509,375
1265259508,17
1265260024,79
1265260318,33
1265264803,15
1265265111,4167
1265269341,15
1265274127,174
1265280126,13
1265280546,13
1265299631,17
1265300288,23
1265306963,17
1265336929,11
1265340208,25
1265345247,42
1265347911,120
1265351140,13
1265355600,23
1265358918,17
1265366583,36
1265366905,33
1265372116,17
1265380989,192
1265381448,12
1265390757,29
1265394997,14
1265406948,38
1265408665,77
1265410918,18
1265413617,168
1265441951,18
1265442909,12
1265454162,28
1265458126,111
1265459672,12
1265476791,83
1265478249,40
1265494008,35
1265513304,176
1265549794,35
1265552536,14
1265555134,50
1265567769,17
1265583422,19
1265594654,30
1265600028,23
1265603499,42
1265610112,19
1265617033,479
1265617292,413
1265620021,245
1265623659,14
1265629109,69
1265629271,18
1265640275,36
1265640685,23
1265641153,98
1265646959,12
1265649420,34
1265650482,56
1265654867,1150
1265655524,12
1265659832,53
1265662960,143
1265675383,14
1265683445,49
1265685978,13
1265695368,20
1265695680,18
1265703051,29
1265726242,17
1265726822,13
1265733673,16
1265735397,11
1265742513,255
1265744392,44
1265752395,42
1265752712,31
1265767849,11
1265768013,48
1265768300,35
1265768701,24
1265772310,11
1265774025,573
1265789540,12
1265794277,34
1265794381,20
1265796764,22
1265803168,26
1265804183,34
1265821429,45
1265826291,15
1265832843,122
1265832968,33
1265834793,9
1265843504,15
1265846354,16
1265847669,17
1265853198,608
1265862055,11
1265864287,12
1265865407,76
1265879849,48
1265890989,57
1265896849,18
1265902239,18
1265908792,17
1265908861,285
1265911625,39
1265912071,13
1265932691,36
1265939134,83
1265941363,67
1265942254,22
1265946810,26
1265947881,418
1265948491,229
1265949807,12
1265954180,11
1265958257,35
1265958906,30
1265971949,37
1265972336,14
1265976488,109
1265987986,113
1265994178,25
1266004872,187
1266008323,28
1266009367,947
1266014461,63
1266014997,14
1266020574,70
1266030785,116
1266036898,15
1266037990,420
1266067414,179
1266068908,5
1266075015,35
1266076577,18
1266079353,24
1266080079,27
1266094931,32
1266097798,54
1266105075,15
1266107778,28
1266108902,16
1266113070,1847
1266123542,36
1266125334,3112
1266138495,209
1266146028,190
1266151452,89
1266152452,169
1266155997,298
1266166969,24
1266168156,22
1266173329,20
1266177587,110
1266182461,52
1266183832,23
1266193115,58
1266197764,79
1266201499,21
1266217708,19
1266218243,105
1266219046,48
1266246431,16
1266247085,217
1266255540,23
1266261363,12
1266263075,84
1266264841,14
1266267072,159
1266270458,21
1266275329,15
1266283205,66
1266290680,91
1266293233,76
1266296455,51
1266304094,52
1266305677,52
1266307899,12
1266313328,462
1266318994,15
1266321081,58
1266333761,32
1266345305,42
1266352518,13
1266362977,18
1266368115,13
1266381087,11
1266395583,11
1266401430,11
1266419325,17
1266423377,16
1266424270,26
1266430207,20
1266436077,13
1266436116,11
1266437081,17
1266438067,37
1266440942,11
1266450666,81
1266454367,149
1266456576,12
1266457355,13
1266457957,22
1266458733,82
1266461783,52
1266463689,2605
1266468011,15
1266480247,32
1266483577,11
1266497775,99
1266506220,11
1266523269,33
1266530655,14
1266531956,16
1266539703,45
1266545941,14
1266546849,24
1266560001,665
1266580006,12
1266585104,35
1266590423,34
1266592247,121
1266593507,29
1266608079,39
1266611505,261
1266625409,240
1266634415,37
1266640182,77
1266642244,79
1266654184,12
1266665369,60
1266668632,40
1266670693,18
1266681147,117
1266683229,27
1266693943,13
1266695553,3684
1266705384,49
1266714706,13
1266719940,31
1266729582,27
1266739973,12
1266743317,36
1266746400,17
1266753238,31
1266760430,129
1266761189,23
1266762935,20
1266770885,11
1266772424,11
1266775877,63
1266776491,30
1266778001,83
1266782242,17
1266785962,98
1266790372,223
1266795001,20
1266796019,44
1266797999,124265
1266799249,27
1266802954,140
1266805842,67
1266808913,546
1266820242,19
1266824049,12
1266827888,11
1266831814,26
1266832724,15
1266839845,14
1266843215,176
1266844941,13
1266849821,35
1266850827,98
1266851101,11
1266853656,19
1266858242,207
1266858928,19
1266864281,16
1266878159,18
1266880481,26
1266882364,13
1266884317,4752
1266886046,28
1266892708,16
1266896323,20
1266898778,30
1266901413,158
1266904606,15
1266907450,33
1266909505,431
1266923310,2152
1266925060,9
1266929218,14
1266933346,20
1266936628,12
1266936773,32
1266944077,45
1266944346,11
1266947843,160
1266951007,43
1266955308,13
1266966338,19
1266973328,46
1266974941,25
1266977227,378
1266992634,24
1266996737,38
1267009695,17
1267009899,15
1267012844,16
1267014036,13
1267017585,45
1267017690,29
1267028123,296
1267029128,21
1267030790,25
1267040436,18
1267046936,316
1267052097,33
1267058532,40
1267072080,48
1267072834,26
1267077321,79
1267078448,540
1267078922,43
1267080179,19
1267083417,107
1267084166,96
1267090854,39
1267099925,58
1267101716,12
1267106080,221
1267118279,13
1267128082,27
1267132878,18
1267144335,17
1267145484,2137
1267148249,96
1267148586,75
1267150356,17
1267150781,18
1267154008,15
1267166322,15
1267167585,22
1267173419,25
1267178198,43
1267180193,14
1267182294,78
1267187136,64
1267188301,17
1267202750,302
1267206817,17
1267213347,23
1267216518,82
1267217182,32
1267220319,12
1267223777,40
1267239286,508
1267244789,17
1267248648,315
1267248700,56
1267252704,12
1267254468,69
1267270491,13
1267276935,13
1267282504,14
1267298105,38
1267298120,11
1267304221,65
1267309954,93
1267314128,3683
1267319628,18
1267338478,28
1267344807,38
1267357812,11
1267360768,30
1267361485,61
1267365780,31
1267373650,27
1267377090,17
1267377766,31
1267389846,11
1267403310,15
1267418242,31
1267423357,416
1267428350,15
1267429913,13
1267435922,14
1267439901,259
1267440487,75
1267442156,11
1267442907,3100
1267449244,11
1267450139,198
1267455254,641
1267462292,71
1267462567,13
1267463135,15
1267478123,20
1267478667,28
1267489981,28
1267507562,23
1267509865,14
1267512077,14
1267515210,32
1267521793,370
1267532788,14
1267533614,26
1267545742,27
1267555704,149
1267562469,15
1267562753,83
1267567867,19
1267577703,360
1267578193,15
1267588585,98
1267600247,47
1267606837,115
1267616623,33
1267625134,195
1267637633,11
1267640232,12
1267646326,42
1267646599,12
1267661626,53
1267662028,40
1267668301,11
1267683663,12
1267704664,64
1267714460,23
1267719513,16
1267720524,21
1267720559,32
1267720676,21
1267727027,46
1267734925,70
1267746149,32
1267750281,51
1267781357,13
1267787384,19
1267787802,15
1267790126,17
1267797347,1036
1267812693,68
1267827423,13
1267834136,45
1267848511,15
1267857912,21
1267889604,23
1267895449,37
1267899050,487
1267903052,23
1267906132,66
1267909940,28
1267926509,19
1267927082,26
1267930758,25
1267931387,551
1267931785,14
1267935053,10
1267944239,11
1267944654,29
1267945395,14
1267950292,20
1267950499,124
1267950642,16
1267961072,176
1267962106,34
1267972630,139
1267976178,30
1267976639,38
1267982346,722
1268020132,13
1268021255,143
1268021332,91
1268021824,18
1268025800,158
1268031240,17
1268045022,16
1268051861,83
1268057341,12
1268065859,18
1268068714,851
1268072868,103
1268075935,27
1268090860,185
1268095849,14
1268096201,360
1268097411,26
1268100973,24
1268111504,16
1268119910,30
1268123137,14
1268128556,22
1268145375,14
1268146725,20
1268147774,11
1268155691,18
1268160811,39
1268173217,19
1268173783,11
1268176994,38
1268180661,15
1268215445,13
1268217254,535
1268218773,21
1268223330,21
1268228289,110
1268229382,28
1268235796,122
1268241706,115
1268243176,71
1268244339,34
1268252819,42
1268254997,25
1268256719,22
1268259442,33
1268260801,17
1268261820,28
1268267248,55
1268273877,362
1268284228,68
1268285891,33
1268297030,12
1268298108,14
1268302580,56
1268304499,24
1268305959,46
1268306885,16
1268307016,48
1268316117,74
1268320248,12
1268326291,14
1268327597,31
1268338780,188
1268346928,31
1268364062,35
1268366562,22
1268369209,36
1268376366,46
1268377717,12
1268378017,71
1268380621,12
1268384113,28
1268386632,14
1268387367,1
1268391007,13
1268404512,52
1268405286,20
1268406038,15
1268408332,79
1268421611,38
1268424426,184
1268425637,24
1268428452,16
1268432027,21
1268444761,234
1268457437,26
1268457645,12
1268462466,11
1268462870,16
1268473439,106
1268474534,33
1268484853,137
1268486256,18
1268494008,102
1268505810,38
1268515356,14
1268517555,13
1268523178,63
1268529281,23
1268530428,16
1268537589,64
1268539305,613
1268540986,23
1268544206,67
1268549091,42
1268581486,22
1268587146,73
1268591043,64
1268596025,30
1268617925,76
1268620423,29
1268630414,48
1268630774,19
1268654983,13
1268656356,83
1268661539,16
1268664934,29
1268667810,64
1268672542,16
1268677373,41
1268678092,20
1268708084,327
1268720033,10
1268727777,15
1268729667,18
1268740212,6
1268741294,55
1268748148,12
1268765496,34
1268770925,15
1268774372,469
1268794733,324
1268804183,77
1268807064,33
1268807806,171
1268808203,145
1268810268,58
1268824522,14
1268827480,28
1268830527,169
1268836911,11
1268845710,21
1268846699,19
1268846873,14
1268858784,20
1268862613,29
1268869032,31
1268878256,44
1268892689,32
1268895491,1401
1268896186,14
1268903356,558
1268906765,74
1268907748,11
1268928622,35
1268930297,87
1268932733,16
1268939819,32
1268941272,23
1268946099,13
1268946118,896
1268958229,65
1268963701,26
1268966319,17
1268972487,21
1268972829,13
1268973671,12
1268977356,17
1268979227,24
1268985285,17
1268989271,11
1268993278,22
1268993344,11
1269005241,193
1269006706,18
1269010756,68
1269020094,47
1269022523,19
1269023104,14
1269029221,53
1269032936,20
1269049395,20
1269050856,499
1269057665,17
1269059109,30
1269086623,14
1269099967,161
1269100267,73
1269104023,13
1269107814,55
1269122407,189
1269122597,13
1269124956,1647
1269129148,15
1269132133,68
1269137789,26
1269151536,14
1269151566,356
1269153676,14
1269165011,117
1269179412,11
1269183188,11
1269197140,20
1269200759,11
1269208043,202
1269209167,14
1269210627,17
1269223576,12
1269228279,25
1269229845,437
1269238642,43
1269257700,1234
1269258933,21
1269261013,115
1269263114,17
1269266325,146
1269273642,38
1269277076,30
1269296186,11
1269300580,41
1269301416,56
1269305481,33
1269308901,26
1269308923,213
1269316020,34
1269317272,16
1269320827,82
1269322853,12
1269323448,11
1269335663,31
1269337275,59
1269356920,13
1269359249,34
1269391765,21
1269395331,4457
1269397720,17
1269402869,257
1269413789,11
1269427595,13
1269430114,12
1269436738,36
1269448154,12
1269454372,75
1269464080,21
1269478615,102
1269481044,11
1269491088,81
1269497012,17
1269498525,34
1269509505,12
1269513219,16
1269513884,24
1269518652,30
1269521952,101
1269534849,42
1269535242,18
1269535454,19
1269538790,14
1269544321,15
1269563679,385
1269576216,11
1269579327,19
1269585871,12
1269596073,22
1269603321,56
1269605251,21
1269607964,15
1269608035,14
1269622457,119
1269636659,12
1269641096,15
1269651669,18
1269654289,12
1269661723,379
1269665456,13
1269672979,8
1269676154,12
1269682523,16
1269685084,50
1269685946,31
1269692569,31
1269699648,28
1269704533,40
1269704985,19
1269705487,136
1269705763,11
1269711675,17
1269712221,65
1269717058,38
1269726690,19
1269731710,204
1269742116,13
1269742942,22
1269761117,5
1269761412,37
1269764931,13
1269764950,18
1269772976,84
1269773027,17
1269773493,468
1269794052,49
1269795544,33
1269796292,15
1269796643,111
1269797017,25
1269798156,18
1269807645,205
1269812178,78
1269830694,87
1269840257,124
1269850088,83
1269851180,125
1269858379,54
1269860633,26
1269879098,14
1269891133,50
1269893474,53
1269893717,99
1269895056,30
1269898828,50
1269899136,88
1269900226,50
1269903646,51
1269904726,56
1269904936,51
1269907862,89
1269908181,70
1269908217,89
1269909458,23
1269909482,28
1269910083,17
1269921100,88
1269930651,402
1269931032,13
1269942268,30
1269954733,33
1269957268,20
1269957437,13
1269963508,27
1269969239,17
1269972053,12
1269974484,52
1269979871,116
1269985986,74
1269998378,80
1270000366,59
1270004247,24
1270012613,30
1270026896,15
1270027424,36
1270028045,34
1270030551,37
1270031391,208
1270040330,19
1270048721,43
1270059391,12
1270062694,50
1270066109,45
1270083345,15
1270088902,160
1270094853,112
1270096568,18
1270102475,24
1270102733,11
1270103958,17
1270108133,126
1270111515,24
1270112941,40
1270113847,110
1270117218,20
1270118026,84
1270118408,17
1270123573,14
1270124813,59
1270128259,156
1270140510,33
1270142210,93
1270146800,55
1270152181,69
1270153043,60
1270154954,27
1270166508,11
1270167990,24
1270169087,81
1270172711,46
1270173407,22
1270180210,26
1270184812,18
1270186926,40
1270187094,348
1270197597,20
1270198684,299
1270203332,22
1270211498,37
1270212749,65
1270220481,13
1270236264,31
1270236733,156
1270236820,11
1270237967,19
1270238490,11
1270244429,371
1270247558,17
1270257672,16
1270263798,43
1270272670,1389
1270272683,102
1270278702,13
1270281105,28
1270305651,34
1270311793,14
1270317534,18
1270318542,15
1270319627,30
1270319876,33
1270324476,26
1270330893,41
1270335342,12
1270335537,34
1270337939,30
1270347090,35
1270347637,92
1270349001,18
1270350192,63
1270353108,11
1270359331,19
1270376159,22
1270386613,30
1270404590,19
1270418354,28
1270436690,34
1270450973,12
1270452141,80
1270460555,21
1270463426,18
1270467991,15
1270468007,29
1270479467,16
1270483699,14
1270484383,133
1270496550,537
1270509498,36
1270509963,15
1270519493,141
1270526561,13
1270530485,18
1270535333,25
1270541126,12
1270544596,27
1270552867,30
1270559321,616
1270564245,13
1270564595,34
1270566770,157
1270568813,108
1270572078,23
1270575067,38
1270576590,538
1270577393,14
1270581909,15
1270586785,19
1270587915,448
1270593506,22
1270606117,15
1270639637,16
1270650562,19
1270650592,18
1270652457,17
1270654341,14
1270658081,25
1270661532,374
1270662452,22
1270664730,25
1270665247,12
1270670825,54
1270685284,11
1270706314,348
1270716345,15
1270727384,11
1270735113,50
1270743726,27
1270745915,12
1270754807,16
1270774188,15
1270775324,43
1270776668,12
1270782426,23
1270784327,23
1270787191,259
1270792738,15
1270794083,27
1270799590,24
1270807583,13
1270812122,121
1270812624,368
1270814918,158
1270817407,80
1270821261,68
1270823576,43
1270825267,16
1270826520,21
1270841510,13
1270842103,57
1270847012,146
1270885645,12
1270885892,23
1270895778,33
1270895993,17
1270897577,23
1270897615,20
1270902730,21
1270928799,14
1270932665,40
1270935022,19
1270939570,57
1270941393,178
1270942565,22
1270943597,33
1270949711,27
1270953767,14
1270958539,39
1270973004,30
1270976337,11
1270978050,19
1270983350,480
1270984756,237
1270985920,7
1270993620,55
1270995833,45
1271006086,13
1271007640,14
1271008243,166
1271009327,19
1271014683,11
1271016135,141
1271020715,19
1271020926,27
1271029803,54
1271029976,74
1271035445,11
1271036184,29
1271041937,13
1271058140,19
1271060545,12
1271063452,156
1271074936,140
1271076630,41
1271088386,25
1271092274,13
1271093776,25
1271096888,15
1271107543,14
1271113810,4967
1271125689,63
1271151089,197
1271153363,15
1271159623,116
1271174023,50
1271177245,19
1271179812,87
1271186753,145
1271193598,26
1271197200,56
1271199377,42
1271203484,85
1271209041,13
1271231125,11
1271237172,12
1271245542,14
1271259982,22
1271263310,10
1271267166,211
1271268769,14
1271270944,70
1271273008,146
1271274665,27
1271282024,16
1271286007,13
1271294554,13
1271297528,53
1271304238,88
1271314492,17
1271314891,450
1271318343,132
1271323125,979
1271332588,14
1271335719,92
1271341656,22
1271351851,24
1271355875,19
1271364651,83
1271368582,169
1271372403,188
1271376695,88
1271378942,19
1271379258,142
1271380517,14
1271382286,33
1271385222,34
1271391719,12
1271394035,43
1271398876,71
1271399089,22
1271400466,84
1271404132,19
1271420288,36
1271420977,16
1271422457,14
1271422620,11
1271424358,22
1271430067,11
1271435898,2
1271437886,50
1271448649,54
1271450465,14
1271455778,19
1271457758,98
1271459708,22
1271470955,18
1271476200,17
1271484634,24
1271492923,11
1271520816,13
1271535978,73
1271540239,16
1271547037,12
1271548133,69
1271570982,11
1271574062,13
1271581989,39
1271585213,19
1271626710,21
1271627791,1843
1271630464,29
1271639578,55
1271646025,68
1271659862,33
1271669507,28
1271670316,47
1271687319,56
1271709279,15
1271711372,43
1271712722,28
1271717980,35
1271725588,25
1271730027,32
1271730307,13
1271733827,13
1271744960,110
1271751851,183
1271763503,125
1271765742,22
1271770751,36
1271778933,137
1271779636,21
1271785712,78
1271793908,29
1271798363,50
1271812884,19
1271829077,25
1271830762,13
1271832502,16
1271834471,21
1271836518,239
1271837463,14
1271851102,15
1271861642,107
1271880068,12
1271892689,413
1271894214,584
1271897760,42
1271898598,25
1271899250,55
1271904851,26
1271908885,15
1271910930,11
1271912252,46
1271923086,41
1271928601,15
1271940155,34
1271944074,21
1271948043,57
1271951093,88
1271951742,17
1271954774,138
1271954866,43
1271963632,40
1271963966,76
1271988435,13
1271993416,514
1271995946,85
1272004366,94
1272008570,23
1272009330,49
1272012407,13
1272024618,27
1272031254,224
1272032218,15
1272035915,20
1272036423,23
1272043772,27
1272060580,14
1272062596,39
1272066715,27
1272067033,126
1272068425,65
1272069487,11
1272070832,19
1272072826,36
1272076570,95
1272090879,29
1272098945,19
1272105565,20
1272107021,45
1272111651,139
1272114571,145
1272116617,87
1272136562,23
1272139132,28
1272147124,23
1272151400,178
1272154998,453
1272157495,67
1272162595,448
1272167701,37
1272168991,13
1272178757,21
1272190228,57
1272194482,21
1272199139,28
1272209005,12
1272211920,12
1272212084,53
1272216190,22
1272222798,45
1272230296,41
1272237085,20
1272239121,29
1272243674,118
1272251780,25
1272256998,68
1272272492,22
1272273607,39
1272278054,18
1272289747,29
1272292267,26
1272294107,89
1272300172,17
1272306281,382
1272308668,20
1272310004,13
1272327342,15
1272329397,12
1272329661,50
1272335256,18
1272352853,16
1272353680,38
1272361049,44
1272363594,12
1272372441,28
1272374498,226
1272375576,95
1272390008,16
1272392110,12
1272394355,17
1272394364,16
1272394474,33
1272395609,9
1272402042,130
1272408187,139
1272408209,12
1272412393,41
1272415285,25
1272417086,110
1272418588,61
1272428065,12
1272429683,11
1272430339,26
1272432833,12
1272443375,105
1272451079,20
1272463265,24
1272480305,20
1272481334,41
1272481811,46
1272484811,29
1272487463,638
1272488455,77
1272497475,11
1272498799,72
1272507264,43
1272508647,77
1272521786,46
1272525441,16
1272529106,22
1272529524,31
1272534312,13
1272536927,16
1272554778,39
1272557298,14
1272558393,34
1272564262,16
1272565581,78
1272573107,144
1272574333,78
1272585317,61
1272596900,20
1272618533,17
1272637435,36
1272647768,17
1272673683,37
1272677604,14
1272678676,22
1272687783,14
1272691690,109
1272699504,69
1272701607,29
1272706111,50
1272708842,15
1272710409,111
1272710943,14
1272753759,24
1272758718,13
1272763042,82
1272767487,20
1272776005,17
1272782661,13
1272788310,24
1272788559,109
1272806533,104
1272808986,14
1272822699,16
1272833484,13
1272839788,63
1272840358,98
1272851010,16
1272861960,29
1272869340,16
1272875395,57
1272887430,206
1272893415,290
1272927396,16
1272941538,25
1272950786,35
1272968536,118
1272987676,20
1272996531,20
1273016975,63
1273018804,40
1273032277,23
1273038969,40
1273038999,528
1273054934,752
1273058241,122
1273059507,155
1273065968,64
1273073914,27
1273080329,395
1273087967,28
1273092463,14
1273093466,38
1273105169,17
1273116225,100
1273117744,17
1273121905,12
1273123916,163
1273136102,15
1273150184,13
1273151023,13
1273153152,24
1273158972,151
1273168529,26
1273198218,20
1273207855,19
1273226668,133
1273234375,129
1273235470,21
1273236370,297
1273241958,20
1273244170,47
1273261870,17
1273262639,20
1273264754,11
1273267557,27
1273269588,12
1273290231,58
1273316605,18
1273319739,14
1273324178,294
1273325705,17
1273354626,20
1273360197,23
1273366252,24
1273379460,846
1273390282,37
1273390455,33
1273404749,19
1273408927,53
1273413368,12
1273427276,3220
1273445261,14
1273449064,53
1273455251,11
1273461545,19
1273468795,22
1273480337,41
1273513023,27
1273517404,13
1273536495,37
1273552420,12
1273558528,674
1273560464,37
1273565575,202
1273580359,872
1273580682,15
1273590574,12
1273596763,19
1273622478,77
1273630366,12
1273641903,15
1273643869,51
1273663589,11
1273664895,107
1273665431,25
1273666576,33
1273674103,25
1273677991,43
1273686456,12
1273690766,19
1273702114,35
1273705510,98
1273707469,711
1273721854,25
1273724034,12
1273725939,13
1273742979,59
1273747165,32
1273750352,12
1273768116,230
1273768194,105
1273809867,13
1273811777,16
1273814630,33
1273819492,21
1273822664,141
1273822835,18
1273823886,38
1273824143,328
1273824907,13260
1273830468,31
1273830568,18
1273859296,123
1273866610,20
1273870399,101
1273874402,11
1273876922,15
1273887301,305
1273894022,86
1273902369,24
1273905245,57
1273907635,11
1273908520,15
1273910052,1059
1273921075,107
1273945470,33
1273946285,12
1273947285,18
1273951058,46
1273969283,15
1273983782,14
1273991348,17
1274006859,11
1274021598,9
1274027793,19
1274028827,23
1274034089,63
1274046250,12
1274065715,42
1274066973,11
1274067670,440
1274068447,11
1274069548,48
1274072121,11
1274073109,24
1274085318,11
1274085987,30
1274091897,33
1274096236,56
1274106865,46
1274107935,214
1274109794,56
1274110623,23
1274115689,33
1274116177,29
1274128923,33
1274130362,15
1274143915,11
1274162448,581
1274162776,25
1274165943,30
1274177139,675
1274179498,28
1274186056,23
1274187550,15
1274191784,82
1274194803,58
1274196244,15
1274209386,41
1274218871,14
1274224909,11
1274244010,16
1274252889,9
1274262885,241
1274272400,72
1274282386,57
1274283930,11
1274286443,41
1274290610,17
1274323575,122
1274327218,280
1274333693,16
1274347782,11
1274347870,12
1274352475,12
1274353213,31
1274353224,13
1274359178,11
1274373874,12
1274377670,355
1274377976,20
1274379274,31
1274388991,211
1274395005,36
1274399536,1226
1274410217,45
1274417136,12
1274422150,21
1274444915,12
1274452075,348
1274466455,28
1274474589,27
1274475076,54
1274477411,16
1274482878,13
1274485547,71
1274485766,17
1274487235,48
1274491393,36
1274504017,11
1274504257,17
1274509298,56
1274518711,29
1274526198,132
1274530343,27
1274534327,12
1274548517,181
1274550171,11
1274551031,375
1274566622,30
1274572099,33
1274574043,185
1274591734,12
1274600688,304
1274618325,39
1274625247,14
1274625443,14
1274630894,75
1274645705,13
1274659405,26
1274666296,13
1274671628,42
1274674701,30
1274678743,23
1274683034,69
1274684138,12
1274689099,22
1274690333,31
1274708755,781
1274722544,17
1274722784,17
1274723381,40
1274734576,34
1274751552,11
1274755774,73
1274781008,16
1274782065,34
1274792587,65
1274794325,14
1274797292,20
1274802650,15
1274822133,739
1274836410,22
1274840455,13
1274848749,157
1274890313,25
1274904822,12
1274910871,28
1274912120,307
1274921085,20
1274927132,22
1274927923,120
1274942644,27
1274947140,17
1274950277,1540
1274956474,27
1274957322,19
1274957825,154
1274959346,21
1274963086,91
1274966563,32
1274976225,14
1274978097,155
1274989973,183
1274991593,38
1275001555,12
1275003861,48
1275012508,16
1275023165,12
1275025253,23
1275044490,40
1275059220,16
1275060098,33
1275065456,14
1275069084,173
1275070381,18
1275073263,17
1275075651,207
1275076041,310
1275076664,58
1275077335,20
1275102300,21
1275102452,43
1275130055,234
1275131245,22
1275139588,11
1275140990,28
1275145666,32
1275152793,943
1275161859,37
1275162193,35
1275168166,13
1275173343,18
1275175186,538
1275177106,12
1275182720,58
1275184152,67
1275189541,32
1275191614,18
1275198423,16
1275199411,520
1275201476,104
1275207060,17
1275208894,19
1275218737,43
1275232100,114
1275237798,18
1275239491,50
1275243370,19
1275248251,11
1275252612,16
1275257255,91
1275268652,1385
1275300007,27
1275300693,11
1275302422,12
1275326618,30
1275328113,247
1275328860,18
1275334546,14
1275338283,18
1275353433,52
1275356304,8
1275360962,11
1275362861,57
1275365955,44
1275367824,18
1275373382,55
1275375546,26
1275378979,1007
1275382167,31
1275396650,11
1275398700,39
1275399788,20
1275406931,21
1275408975,27
1275409602,48
1275409857,16
1275426982,35
1275435960,16
1275436512,595
1275438802,16
1275439887,17
1275441117,23
1275443832,66
1275463264,229
1275464621,334
1275474507,16
1275476039,275
1275484321,20
1275485578,123
1275487759,25
1275490006,61
1275502743,10
1275508434,238
1275516320,10
1275529781,21
1275534185,45
1275540111,19
1275545374,69
1275548357,212
1275551473,67
1275552545,20
1275555255,23
1275560536,328
1275572887,20
1275580348,65
1275608780,20
1275613946,18
1275614372,47
1275616384,31
1275620871,6
1275627632,14
1275631990,15
1275637608,120
1275642440,93
1275645005,14
1275653543,1378
1275661316,25
1275666044,49
1275667403,113
1275688260,24
1275692189,39
1275702441,22
1275702472,18
1275703289,12
1275717406,36
1275718468,391
1275719173,14
1275721604,23
1275730750,1381
1275740059,21
1275742035,18
1275746690,101
1275750805,13
1275750847,33
1275751077,18
1275752001,31
1275753414,52
1275759716,32
1275770420,17
1275771493,41
1275771523,18
1275771636,20
1275773301,130
1275774513,23
1275776288,146
1275780695,22
1275781569,453
1275784257,20
1275791557,37
1275798277,11
1275800019,14
1275801647,224
1275802499,143
1275806147,2009
1275809133,11
1275810331,25
1275816023,11
1275818342,12
1275835912,14
1275847986,16
1275849132,52
1275850323,138
1275851291,19
1275859075,12
1275862312,47
1275862425,48
1275862520,32
1275873724,279
1275888604,20
1275895436,15
1275919553,22
1275930411,37
1275932091,24
1275937112,13
1275940471,32
1275941970,16
1275953456,29
1275961086,124
1275964022,314
1275968866,82
1275976049,12
1275991516,75
1275998498,417
1276001351,104
1276003841,15
1276008331,12
1276015535,11
1276018440,143
1276024553,36
1276031429,85
1276039558,14
1276042293,20
1276053763,27
1276059304,37
1276077286,14
1276078615,16
1276083194,25
1276083628,54
1276099689,102
1276107518,61
1276108103,75
1276112276,20
1276123063,129
1276123512,19
1276126258,15
1276132557,21
1276135867,143
1276151370,11
1276164270,13
1276173422,12
1276174879,21
1276192674,88
1276192981,28
1276201542,11
1276204083,14
1276208459,16
1276223472,21
1276236504,18
1276236933,678
1276238183,563
1276239073,12
1276242781,13
1276251860,10
1276255085,15
1276264171,24
1276271904,11
1276273805,35
1276275753,16
1276278055,63
1276278953,17
1276280076,13
1276283874,12
1276285633,65
1276296530,112
1276299637,73
1276305787,121
1276309507,23
1276313599,43
1276315818,17
1276320499,11
1276341793,22
1276352451,23
1276368237,440
1276373569,14
1276376062,23
1276377419,10
1276379563,25
1276390991,13
1276391102,102
1276404683,16
1276405439,19
1276405554,12
1276406549,32
1276411484,14
1276411563,57
1276415631,15
1276417315,11
1276425709,10
1276437202,35
1276438142,37
1276447323,19
1276448889,79
1276448941,7
1276457096,2
1276459546,13
1276461266,246
1276469439,91
1276480305,43
1276486859,17
1276487550,26
1276487624,17
1276488493,20
1276492532,92
1276496267,48
1276497933,2
1276498033,101
1276510682,63
1276517176,252
1276521542,53
1276527666,971
1276541052,96
1276541290,19
1276541312,32
1276546290,34
1276548713,20
1276549659,93
1276562838,257
1276568000,23
1276578580,24
1276594089,90
1276595002,406
1276605322,38
1276607131,98
1276614392,11
1276616663,22
1276627552,104
1276628959,23
1276630793,15
1276631768,26
1276634402,30
1276641245,199
1276645556,17
1276665883,1754
1276667029,87
1276671725,78
1276675503,85
1276679162,13
1276682306,25
1276682613,19
1276683938,95
1276684296,15
1276689592,314
1276696490,320
1276700568,26
1276711748,13
1276718530,11
1276739924,16
1276740847,17
1276747866,56
1276752077,217
1276755627,21
1276755713,31
1276758823,14
1276764289,11
1276770371,21
1276773725,14
1276776945,27
1276791347,11
1276795737,28
1276798831,29
1276809046,177
1276810210,207
1276812919,152
1276819713,67
1276828003,11
1276847779,22
1276853390,12
1276853525,747
1276855113,12
1276859161,78
1276859360,34
1276860951,13
1276861983,16
1276862650,26
1276868904,15
1276874027,47
1276876288,22
1276885966,457
1276888344,12
1276919083,66
1276930142,47
1276940779,411
1276944225,20
1276950198,112
1276958558,91
1276962100,16
1276966391,793
1276977095,12
1276978035,13
1276983707,37
1276999782,512
1277004822,987
1277007031,20
1277008800,13
1277011316,218
1277011740,37
1277016823,15
1277020166,54
1277026242,24
1277036183,27
1277040638,24
1277048300,35
1277054380,315
1277058567,244
1277063342,28
1277070400,19
1277072583,45
1277079211,85
1277079624,207
1277097844,102
1277124338,19
1277124966,22
1277131490,21
1277138198,141
1277165741,66
1277169394,185
1277203643,11
1277208602,168
1277214686,18
1277225273,16
1277265216,14
1277269587,16
1277282352,18
1277284594,85
1277286522,759
1277291595,19
1277293249,57
1277301155,11
1277335948,28
1277377323,39
1277389693,149
1277391537,27
1277393667,12
1277405426,816
1277425281,12
1277425617,18
1277432663,16
1277434798,37
1277439100,21
1277442050,95
1277446916,12
1277451814,95
1277453821,66
1277455152,13
1277470372,18
1277476916,109
1277477208,16108
1277479867,48
1277487031,58
1277488771,76
1277491008,71
1277494856,13
1277495137,18
1277498503,20
1277499908,61
1277510172,551
1277510760,14
1277515654,12
1277520329,15
1277539708,15
1277540420,13
1277541374,11
1277544698,445
1277560144,16
1277561099,320
1277571999,14
1277572326,1015
1277578751,69
1277579877,31
1277585787,39
1277588122,30
1277590623,113
1277600433,12
1277603748,28
1277610497,23
1277614585,487
1277623916,34
1277637600,99
1277646668,13
1277662921,15
1277670480,11
1277671229,25
1277684919,56
1277685376,11
1277690020,23
1277693854,39
1277694349,13
1277696037,458
1277714741,63
1277715563,845
1277719566,19
1277737044,24
1277750729,40
1277755058,38
1277769453,30
1277771911,114
1277774590,16
1277791233,20
1277795285,47
1277796956,23
1277797277,29
1277797619,79
1277798763,83
1277807615,14
1277814981,11
1277825694,11
1277833095,97
1277836854,30
1277842157,42
1277847449,11
1277847672,17
1277853749,16
1277854808,20
1277858718,13
1277868994,38
1277870870,19
1277872938,17
1277880177,34
1277887325,38
1277888947,42
1277893717,30
1277911581,21
1277918666,368
1277926656,20
1277933603,186
1277934977,102
1277936455,61
1277944206,23
1277944593,9
1277946689,40
1277957002,14
1277961348,11
1277972001,11
1277989920,58
1277991010,24
1278000763,12
1278003221,24
1278005100,20
1278013162,12
1278014713,6
1278019716,11
1278020293,11
1278021888,80
1278022559,89
1278024385,11
1278025342,38
1278026821,66
1278033420,21
1278033467,976
1278040671,142
1278045237,176
1278047700,136
1278049086,16
1278055475,11
1278059883,11
1278066474,11
1278071262,434
1278073463,110
1278079983,44
1278081820,19
1278082400,387
1278092019,12
1278104920,36
1278105901,16
1278114076,14
1278120949,45
1278138352,17
1278157951,83
1278160330,99
1278196186,31
1278223986,191
1278229113,12
1278231268,26
1278243180,74
1278246083,16
1278253689,92
1278254044,35
1278265633,109
1278287808,13
1278291700,17
1278293841,41
1278295496,12
1278312228,147
1278320942,180
1278322564,11
1278324639,28
1278327133,14
1278332553,16
1278332767,14
1278339298,20
1278344410,33
1278344979,75
1278366645,14
1278374245,17
1278377646,20
1278381956,123
1278395255,177
1278404368,61
1278411775,18
1278435489,24
1278439253,111
1278457179,85
1278474208,41
1278474226,104
1278480039,21
1278492027,14
1278492137,24
1278516883,16
1278536566,534
1278547598,25
1278560693,39
1278568055,108
1278584694,253
1278587549,21
1278594969,25
1278597727,12
1278621812,133
1278624991,12
1278644903,12
1278668528,1492
1278676884,402
1278680492,13
1278681031,21
1278711372,18
1278714916,31
1278715940,7
1278717907,558
1278730680,14
1278734867,13
1278737636,42
1278757502,537
1278776929,24
1278779353,37
1278798600,19
1278823978,80
1278828277,11
1278829954,132
1278838315,129
1278840500,15
1278845334,46
1278845749,27
1278854221,28
1278862001,11
1278862632,10
1278864291,13
1278865145,19
1278866190,56
1278872653,46
1278873576,15
1278881844,131
1278889606,71
1278895912,75
1278901777,13
1278908912,33
1278913000,175
1278915262,75
1278915857,15
1278919646,52
1278924500,49
1278926400,1378
1278930365,25
1278930806,864
1278937895,62
1278940275,248
1278959735,22
1278964608,29
1278982238,149
1278993665,42
1279018568,14
1279038949,11
1279049964,15
1279064655,24
1279085846,745
1279086651,14
1279093890,20
1279103174,24
1279109870,22
1279109984,16
1279113820,39
1279121101,16
1279133101,14
1279140437,47
1279145675,26
1279149268,25
1279159149,3921
1279160729,20
1279164234,238
1279164369,13
1279171235,28
1279180155,183
1279181033,23
1279184910,17
1279185910,12
1279187498,243
1279196617,11
1279199688,15
1279205412,27
1279216221,42
1279218207,16
1279225546,21
1279253971,16
1279256466,21
1279275212,34
1279275226,21
1279280095,132
1279298346,39
1279299303,58
1279301508,35
1279319463,22
1279321158,12
1279325204,280
1279329809,12
1279343644,145
1279345508,13
1279360413,30
1279362723,151
1279365081,32
1279373995,13
1279380501,14
1279384488,22
1279402999,12
1279406675,28
1279414816,13
1279421241,23
1279423167,16
1279426975,303
1279435409,2396
1279437639,19
1279463850,12
1279468851,23
1279474229,66
1279480946,1227
1279489980,475
1279499470,50
1279508420,92
1279515197,46
1279519446,15
1279522547,54
1279525967,230
1279532837,533
1279540157,15
1279555835,52
1279561249,13
1279578393,43
1279580095,17
1279596088,18
1279604360,39
1279611658,18
1279617454,18
1279624703,73
1279625094,15
1279628779,29
1279654497,77
1279659344,835
1279660735,300
1279680219,19
1279689423,11
1279706266,95
1279721212,28
1279722854,13
1279728487,13
1279731992,12
1279737208,14
1279737421,53
1279746134,11
1279760665,215
1279773754,13
1279781841,32
1279786142,14
1279787729,14
1279795528,17
1279795550,64
1279802440,12
1279803089,105
1279811464,102
1279815402,12
1279825421,17
1279830753,40
1279834357,19
1279836172,15
1279846336,27
1279857804,11
1279886110,16
1279903025,12
1279918128,22
1279923114,23
1279932127,11
1279940806,64
1279946840,15
1279949713,13
1279994040,32
1279994443,12
1279994504,235
1280002781,19
1280019852,806
1280020029,11
1280026191,103
1280026567,12
1280027316,23
1280030529,48
1280038203,26
1280048408,20
1280050659,44
1280056986,14
1280069770,149
1280089735,17
1280092445,27
1280095430,24
1280097745,13
1280103264,21
1280115203,349
1280115630,38
1280128498,24
1280129499,842
1280129529,27
1280131943,11
1280147188,217
1280155659,123
1280156793,27
1280163607,11
1280181372,11
1280182204,41
1280202820,18
1280210616,88
1280215616,11
1280221360,108
1280231676,62
1280241714,27
1280257962,12
1280262851,17
1280270159,27
1280270225,31
1280282164,12
1280282376,14
1280289116,40
1280290209,12
1280293058,15
1280296384,80
1280324412,13
1280330025,19
1280369733,18
1280379860,18
1280383510,18
1280392516,13
1280394773,162
1280396163,45
1280408203,16
1280419330,49
1280423622,13
1280434631,161
1280439591,511
1280461698,13
1280465155,14
1280467793,31
1280469592,14
1280470795,19
1280479916,14
1280508992,142
1280523866,139
1280524151,19
1280536185,48
1280553461,39
1280557654,74
1280557740,38
1280559914,175
1280562970,96
1280567896,12
1280577596,139
1280579388,26
1280584236,11
1280607135,18
1280607497,12
1280608186,81
1280610964,30
1280615153,63
1280620933,121
1280641283,66
1280652237,27
1280655402,11
1280662085,12
1280664963,40
1280700348,7
1280702430,12
1280703037,125
1280718019,27
1280732127,144
1280760538,18
1280767222,18
1280791354,183
1280793558,140
1280799166,11
1280804858,30
1280809609,279
1280810591,31
1280825877,170
1280833415,456
1280847472,287
1280858916,13
1280860414,28
1280863441,119
1280866254,0
1280869012,128
1280869399,198
1280871093,13
1280876752,12
1280885358,25
1280891560,18
1280896898,26
1280898919,18
1280899448,28
1280900448,19
1280903659,22
1280908538,11
1280909807,71
1280912404,35
1280913563,148
1280913878,60
1280927151,15
1280932746,54
1280934172,1156
1280951465,13
1280955914,643
1280967898,28
1280984042,644
1280990105,1311
1280998916,16
1281005910,319
1281005934,15
1281019389,32
1281025418,37
1281030225,202
1281030454,32
1281032192,35
1281032298,28
1281054646,306
1281061133,14
1281066641,117
1281069074,23
1281071040,11
1281085540,15
1281085820,21
1281091382,521
1281094446,26
1281098289,13
1281110750,136
1281120025,20
1281122559,13
1281123262,35
1281124139,12
1281132799,18
1281133904,17
1281135080,38
1281140983,192
1281142978,45
1281149586,14
1281154124,17
1281168411,262
1281171445,76
1281195074,139
1281200786,81
1281203752,11
1281204616,35
1281220980,52
1281222801,19
1281230845,57
1281232928,92
1281235683,243
1281269179,15
1281269977,18
1281271303,48
1281285550,330
1281298965,16
1281315781,7077
1281320664,140
1281328046,596
1281328458,12
1281328537,39
1281330782,186
1281337106,12
1281342434,46
1281358460,11
1281362103,161
1281364875,14
1281365033,17
1281365850,13
1281367277,76
1281377338,29
1281378740,14
1281381884,206
1281383429,12
1281400388,16
1281415855,11
1281420131,548
1281431415,68
1281436921,16
1281444378,11
1281445089,38
1281473904,175
1281481028,65
1281482961,103
1281483635,27
1281489228,78
1281489745,21
1281495756,1
1281514306,25
1281522736,11
1281525803,17
1281535322,24
1281540408,26
1281565975,12
1281574939,13
1281576906,70
1281582807,14
1281591192,125
1281593724,68
1281616740,15
1281622996,12
1281629949,18
1281632165,671
1281633872,245
1281635644,59
1281645560,21
1281650273,90
1281655995,12
1281666770,88
1281670519,80
1281674370,54
1281682555,1
1281688052,18
1281712143,16
1281755529,13
1281755623,12
1281769152,15
1281774250,25
1281785536,11
1281819568,189
1281831896,21
1281852693,14
1281862290,22
1281863041,48
1281865046,1051
1281865940,142
1281869415,16
1281873897,11
1281879940,29
1281880139,177
1281899169,41
1281901396,37
1281913298,56
1281918185,18
1281925464,25
1281954048,60
1281959383,15
1281963787,67
1281978113,34
1281981117,2
1282001233,58
1282011183,23
1282014269,24
1282014696,3
1282017359,234
1282025633,500
1282027238,358
1282030207,13
1282040587,15
1282045227,23
1282048314,29
1282049269,92
1282052467,13
1282052906,38
1282056346,31
1282058637,18
1282058825,93
1282076425,31
1282080507,31
1282089882,11
1282102712,24
1282103176,347
1282106099,13
1282107840,30
1282107851,11
1282109891,19
1282110174,24
1282120686,35
1282125157,21
1282128957,110
1282132622,34
1282141848,24
1282151191,36
1282159515,19
1282159694,186
1282162553,61
1282171564,13
1282178367,15
1282195104,45
1282198847,441
1282203523,18
1282208637,17
1282225905,12
1282231488,59
1282233511,262
1282239707,11
1282246237,20
1282253922,19
1282265183,1164
1282269007,152
1282273176,41
1282277393,15
1282282026,21
1282294081,48
1282310951,302
1282324221,150
1282329734,13
1282335857,39
1282340577,205
1282341373,51
1282346681,16
1282350588,53
1282351393,16
1282360547,496
1282362391,523
1282364492,180
1282384355,89
1282385165,16
1282401255,17
1282418221,19
1282440237,12
1282459536,28
1282467677,187
1282469039,36
1282472011,11
1282474395,194
1282477586,151
1282489596,12
1282490647,32
1282499854,0
1282514037,118
1282539777,45
1282558300,13
1282572282,28
1282577775,41
1282589931,46
1282597454,22
1282613745,7
1282634846,34
1282636938,314
1282650900,1792
1282653241,50
1282674908,15
1282675658,17
1282680810,4289
1282682864,26
1282694784,85
1282705108,716
1282711658,14
1282712646,21
1282729620,11
1282734569,35
1282748401,70
1282753323,24
1282763835,17
1282766748,50
1282766814,40
1282771204,25
1282777609,156
1282782264,17
1282786458,26
1282787424,47
1282791912,14
1282792053,15
1282795086,35
1282797177,191
1282799832,62
1282809293,11
1282831444,12
1282835463,212
1282837627,19
1282838347,12
1282839359,19
1282845531,967
1282858165,71
1282862525,24
1282882227,14
1282882352,16
1282906969,11
1282910754,253
1282916460,386
1282925790,129
1282928973,16
1282937931,21
1282938415,23
1282938682,21
1282950465,74
1282958467,34
1282964765,12
1282967472,312
1282972498,44
1282978005,23
1282983086,165
1282984140,29
1282986613,11
1283006548,35
1283007956,849
1283008105,159
1283013981,29
1283015427,120
1283015444,117
1283015456,115
1283015458,125
1283019799,13
1283022577,36
1283043066,29
1283051151,127
1283059888,18
1283076208,11
1283085412,13
1283088493,11
1283118598,70
1283126461,148
1283126780,219
1283131709,16
1283133573,25
1283142725,33
1283143215,97
1283143764,26
1283151062,18
1283155270,11
1283158668,90
1283168492,57
1283176487,13
1283182898,51
1283183407,11
1283187727,14
1283208084,18
1283231201,16
1283237512,51
1283252850,16
1283286182,15
1283296883,17
1283299226,128
1283300177,29
1283301890,115
1283302652,115
1283302684,118
1283302820,117
1283302855,115
1283305043,116
1283308335,947
1283309332,116
1283309505,118
1283309991,116
1283310806,115
1283310807,115
1283311815,116
1283313140,117
1283314136,116
1283318124,123
1283321289,116
1283321505,27
1283324276,115
1283325882,117
1283326518,115
1283327964,118
1283328850,117
1283328907,114
1283329020,117
1283329717,116
1283329800,122
1283331989,115
1283332113,115
1283332466,115
1283333210,120
1283333331,116
1283334060,115
1283334279,117
1283334544,58
1283334655,18
1283336941,115
1283342383,114
1283344388,119
1283346286,115
1283346451,117
1283346987,116
1283347021,115
1283348713,116
1283351121,19
1283352405,24
1283352617,64
1283352859,115
1283353368,115
1283353856,116
1283354276,115
1283354800,26
1283354814,115
1283354974,85
1283355043,115
1283358155,115
1283360113,119
1283362196,118
1283363395,115
1283365576,115
1283375853,60
1283376338,752
1283395530,34
1283398419,50
1283398629,48
1283408258,55
1283410511,47
1283416351,197
1283417522,16
1283427179,24
1283434917,41
1283453011,46
1283460530,21
1283463401,12
1283466765,206
1283466833,11
1283467688,118
1283475355,16
1283494260,40
1283495582,13
1283497044,16
1283501535,175
1283501799,15
1283521764,35
1283522472,17
1283522880,11
1283540505,252
1283561164,18
1283563241,52
1283565828,27
1283570249,13
1283572841,42
1283574029,16
1283576600,26
1283579994,13
1283580131,16
1283580852,41
1283582119,96
1283584225,18
1283598915,13
1283603794,108
1283610049,14
1283611177,12
1283622513,6
1283628638,28
1283644135,11
1283647317,14
1283652685,14
1283653121,19
1283656693,143
1283657805,36
1283669789,11
1283678028,89
1283681554,73
1283686041,18
1283686098,18
1283699291,20
1283721731,32
1283721804,19
1283722068,13
1283731203,15
1283731455,11
1283735838,24
1283740523,15
1283743529,66
1283762259,43
1283766654,69
1283776668,13
1283781487,84
1283783477,50
1283792171,31
1283796634,16
1283799034,97
1283802261,28
1283819872,15
1283821188,88
1283833415,24
1283833758,29
1283836865,28
1283850742,19
1283852448,16
1283852774,14
1283859977,20
1283865819,22
1283868033,233
1283868835,23
1283873694,27
1283875369,30
1283876614,12
1283880494,14
1283891625,19
1283901628,22
1283923666,20
1283925045,16
1283927346,76
1283939838,16
1283940465,154
1283943813,14
1283947846,23
1283963928,14
1283968843,25
1283977684,11
1283981615,77
1283984259,14
1283986253,46
1283993031,548
1284009891,31
1284014215,22
1284030856,41
1284040136,175
1284052134,35
1284058045,23
1284066374,19
1284067692,72
1284077348,20
1284077352,22
1284082382,22
1284082910,18
1284088776,125
1284095369,21
1284099955,50
1284104299,47
1284109842,40
1284124788,12
1284126768,74
1284128909,18
1284129855,63
1284131526,12
1284139056,58
1284155780,16
1284168496,55
1284172888,15
1284174979,2322
1284180721,728
1284182184,26
1284198482,13
1284202424,55
1284208011,26
1284208582,109
1284209689,16
1284210058,30
1284214156,12
1284223182,20
1284246323,15
1284246470,284
1284247955,39
1284261810,42
1284271591,201
1284277975,41
1284286206,13
1284303399,117
1284304193,12
1284310632,17
1284316868,25
1284317596,12
1284322503,13
1284322507,16
1284324094,12
1284346730,87
1284357853,12
1284364149,21
1284378743,11
1284382976,12
1284392092,40
1284412888,11
1284414913,635
1284420230,33
1284423701,1
1284426808,13
1284435392,17
1284435823,11
1284445635,358
1284447780,12
1284449744,66
1284452101,14
1284463375,35
1284479480,16
1284485443,28
1284518502,23
1284522908,18
1284534061,35
1284541636,13
1284546129,60
1284551780,18
1284555311,70
1284568818,12
1284578918,42
1284579907,116
1284580604,40
1284589598,22
1284595670,16
1284607942,196
1284608173,187
1284608906,176
1284626782,12
1284643150,30
1284648689,320
1284658028,28
1284659975,18
1284667422,19
1284672605,170
1284674449,40
1284677252,17
1284681116,45
1284688466,82
1284692613,106
1284698263,17
1284700356,52
1284712193,59
1284714863,10
1284721646,11
1284727934,27
1284733052,18
1284733159,14
1284734312,16
1284735525,90
1284736292,326
1284740610,603
1284751258,19
1284753142,124
1284756909,20
1284759701,62
1284765721,17
1284768463,12
1284781487,17
1284783817,45
1284785245,46
1284787758,17
1284803064,21
1284808139,16
1284830350,20
1284836640,703
1284837284,19
1284845470,756
1284850658,16
1284862935,25
1284865806,13
1284867443,13
1284869933,31
1284873579,12
1284875082,35
1284889108,50
1284895820,11
1284905996,57
1284915598,14
1284956847,13
1284958326,20
1284959612,2116
1284962534,37
1284967045,12
1284968478,26
1284971043,28
1284986056,35
1285000932,14
1285016676,14
1285027813,54
1285029934,28
1285034691,7
1285058780,22
1285072698,53
1285076358,17
1285091835,14
1285102035,30
1285104880,55
1285113628,61
1285116275,23
1285126866,43
1285134067,16
1285138167,24
1285145325,9
1285150264,31
1285173126,53
1285175428,42
1285179460,38
1285186519,12
1285203380,16
1285207270,118
1285223817,216
1285240239,19
1285241036,11
1285247004,50
1285257302,11
1285260006,15
1285260852,28
1285268157,39
1285268296,11
1285271027,14
1285272914,105
1285276442,13
1285277249,19
1285290091,14
1285290326,21
1285299512,19
1285308005,72
1285358058,14
1285358712,11
1285362275,46
1285366850,22
1285372971,11
1285375505,12
1285388916,15
1285404766,11
1285404893,18
1285406575,52
1285427809,16
1285432701,59
1285455564,21
1285459193,13
1285469911,16
1285485466,37
1285492735,4
1285512939,848
1285522430,11
1285532627,32
1285533087,25
1285553511,15
1285565409,11
1285577161,21
1285581431,15
1285584165,33
1285612368,28
1285613614,26
1285613772,12
1285614272,13
1285616517,14
1285619315,38
1285633187,26
1285635617,18
1285641018,15
1285641979,12
1285642601,12
1285643256,82
1285643489,711
1285643868,32
1285649662,31
1285653192,103
1285653194,22
1285654295,19
1285656500,44
1285665224,13
1285669809,22
1285670072,40
1285670188,22
1285672288,36
1285694624,12
1285699839,22
1285704764,22
1285705904,3503
1285716169,16
1285726301,14
1285726536,84
1285729011,46
1285736028,13
1285753321,31
1285768056,28
1285769468,20
1285774142,34
1285776286,11
1285778184,52
1285781098,19
1285784272,13
1285787558,112
1285791932,29
1285797092,43
1285801639,17
1285801929,17
1285808809,293
1285812887,17
1285816658,0
1285819874,85
1285860457,12
1285863081,19
1285881211,47
1285881563,23
1285885421,12
1285886218,254
1285900799,199
1285902621,46
1285904119,13
1285924109,23
1285926464,29
1285935899,14
1285945933,11
1285946801,11
1285956092,28
1285957532,261
1285966137,41
1285974683,1612
1285994107,34
1285995046,28
1285996394,14
1285998643,290
1286041367,18
1286041430,223
1286045037,16
1286054177,50
1286055132,56
1286055730,18
1286069434,21
1286071002,338
1286080008,12
1286102636,14
1286104608,15
1286113664,46
1286116609,28
1286124464,19
1286135398,26
1286142799,30
1286159878,25
1286163119,79
1286203278,20
1286206140,81
1286206293,12
1286210431,33
1286217696,20
1286230821,22
1286232072,21
1286233631,15
1286236913,63
1286243024,16
1286249719,14
1286260116,15
1286261242,49
1286266523,54
1286279483,272
1286309178,420
1286310557,17
1286313018,15
1286313645,11
1286319925,30
1286337381,30
1286347510,12
1286349836,29
1286361322,18
1286395891,16
1286406151,31
1286421437,15
1286425214,33
1286426885,21
1286451756,12
1286452688,41
1286459067,14
1286462942,16
1286475682,72
1286478863,40
1286485360,13
1286497554,12
1286498512,26
1286499192,15
1286500654,13
1286500812,12
1286506347,11
1286514652,198
1286518017,14
1286519799,21
1286529702,23
1286533290,15
1286534320,12
1286547006,20
1286548050,62
1286550596,62
1286551417,34
1286576904,70
1286584533,43
1286589461,35
1286591918,20
1286613567,113
1286622370,16
1286622681,20
1286623246,14
1286633499,13
1286634797,15
1286638524,28
1286644174,19
1286650072,49
1286652851,135
1286655809,43
1286657898,118
1286660559,75
1286663306,19
1286674545,29
1286693004,11
1286701048,23
1286705389,21
1286708665,34
1286709271,43
1286728102,25
1286732818,1485
1286733418,34
1286747417,23
1286754616,33
1286757779,15
1286758195,17
1286762321,54
1286762528,20
1286763703,48
1286765396,55
1286769439,11
1286775287,172
1286778609,12
1286781880,258
1286792158,27
1286817684,17
1286820615,16
1286822346,46
1286842063,32
1286843623,45
1286843683,62
1286845834,76
1286846690,13
1286849644,11
1286852030,36
1286854085,88
1286868898,11
1286870850,37
1286901904,36
1286921847,233
1286928810,35
1286929516,43
1286936704,233
1286939042,16
1286953511,51
1286955203,16
1286962008,167
1286963131,1
1286976854,25
1286981493,58
1286981693,19
1286986255,34
1287003459,26
1287005135,31
1287010006,24
1287015444,20
1287032262,15
1287032505,31
1287040997,13
1287048614,23
1287050833,132
1287054186,24
1287054567,24
1287055640,17
1287057225,13
1287063635,30
1287064286,13
1287064367,727
1287065520,17
1287068039,103
1287097047,27
1287103899,25
1287109448,15
1287112265,15
1287114669,1571
1287117896,10
1287118910,50
1287127015,13
1287133573,137
1287133718,15
1287137309,50
1287143833,19
1287144800,16
1287154353,13
1287167787,13
1287168491,1230
1287168990,645
1287169139,29
1287177495,11
1287183937,12
1287188318,19
1287195249,14
1287204510,64
1287205623,10
1287216871,6
1287216971,44
1287228538,28
1287232396,16
1287234722,11
1287241330,15
1287242357,32
1287249670,27
1287250090,29
1287253720,28
1287263044,13
1287275352,16
1287282432,711
1287300798,22
1287302739,54
1287319347,30
1287321565,12
1287326388,19
1287329807,16
1287331518,16
1287332070,34
1287333722,18
1287338845,1
1287339827,90
1287341687,38
1287346406,32
1287352822,123
1287355973,372
1287401002,457
1287408207,79
1287413468,14
1287418409,64
1287429470,13
1287442244,279
1287444152,44
1287460663,5981
1287461497,43
1287463978,19
1287470793,31
1287472924,36
1287481170,42
1287482439,9
1287486661,51
1287489793,31
1287494718,25
1287505428,19
1287507365,11
1287518095,16
1287523902,19
1287525386,51
1287530240,16
1287531513,36
1287549995,14
1287564317,14
1287568859,151
1287570647,11
1287585416,15
1287594240,12
1287594602,20
1287599281,13
1287603239,50
1287607687,13
1287609461,24
1287610282,26
1287612332,37
1287625631,387
1287628953,16
1287629488,31
1287631198,27
1287659684,12
1287663860,76
1287674895,48
1287678199,257
1287687409,43
1287700899,13
1287710410,43
1287710445,44
1287710473,48
1287710505,54
1287728325,279
1287733709,14
1287737246,30
1287751585,62
1287755141,21
1287761832,12
1287763956,14
1287766456,11
1287769478,969
1287779992,45
1287780940,15
1287780961,19
1287782481,12
1287783473,15
1287802914,94
1287804060,3498
1287806129,20
1287806983,12
1287816393,13
1287823023,54
1287825471,133
1287831552,42
1287833347,1
1287833873,17
1287840943,14
1287846492,364
1287852974,27
1287862936,619
1287867452,11
1287870588,87
1287874189,10
1287882910,11
1287890629,66
1287919291,33
1287919581,24
1287921187,11
1287928146,14
1287936258,28
1287938366,250
1287947258,16
1287952887,16
1287962749,24
1287962934,23
1287966278,106
1287967526,20
1287982437,19
1287987060,12
1287991092,44
1288001931,1283
1288011918,35
1288025747,12
1288054527,22
1288054693,167
1288059458,12
1288064456,54
1288064720,21
1288069617,13
1288076814,96
1288081323,83
1288081425,12
1288083612,16
1288085257,15
1288093218,163
1288093254,16
1288095947,23
1288096154,9
1288101814,43
1288106370,102
1288107515,24
1288110627,27
1288118919,12
1288120439,16
1288131984,108
1288147191,16
1288151957,19
1288158967,21
1288163028,30
1288175235,96
1288176337,18
1288198991,15
1288213067,13
1288220921,256
1288228170,26
1288234715,16
1288262029,22
1288265666,31
1288273711,58
1288276081,12
1288277383,25
1288278242,14
1288292418,1826
1288298712,11
1288304560,70
1288319677,14
1288321115,61
1288325627,5530
1288331786,75
1288342491,51
1288362206,37
1288363236,20
1288380908,96
1288388694,16
1288395026,240
1288402762,3466
1288404530,17
1288411750,23
1288414617,471
1288422836,18
1288422944,23
1288424187,11
1288425501,11
1288433826,20
1288453231,24
1288460943,11
1288462699,10
1288463361,15
1288467466,201
1288475375,14
1288476092,16
1288492734,18
1288496072,93
1288504075,16
1288505524,85
1288508356,112
1288513932,91
1288540223,16
1288543585,13
1288545282,125
1288570069,25
1288582051,13
1288587093,23
1288595527,79
1288599558,11
1288603421,32
1288608468,16
1288608768,16
1288630993,16
1288642659,27
1288648417,12
1288651538,14
1288672674,401
1288682148,17
1288684460,55
1288700771,14
1288703620,32
1288706873,52
1288728943,26
1288733503,20
1288758234,13
1288762476,29
1288777867,16
1288777900,235
1288781687,27
1288787277,147
1288787426,47
1288789542,23
1288791412,19
1288795546,11
1288820389,209
1288848940,2986
1288858970,22
1288861827,82
1288873391,17
1288886734,88
1288892017,14
1288895330,18
1288900132,55
1288913882,30
1288919960,14
1288922934,13
1288931625,35
1288951030,13
1288952475,186
1288952816,75
1288958400,33
1288972522,33
1288978309,12
1288985136,22
1288986083,35
1288998877,18
1288998968,42
1289000483,18
1289001778,37
1289010771,13
1289022368,13
1289031324,84
1289037448,97
1289038438,164
1289052336,21
1289066205,30
1289075393,376
1289096470,47
1289096810,49
1289101843,17
1289112181,27
1289122820,13
1289123250,39
1289130590,228
1289134166,35
1289148499,10
1289180378,13
1289182307,15
1289184179,46
1289191071,18
1289210484,12
1289213389,13
1289213568,30
1289214621,14
1289216565,23
1289216873,11
1289237218,22
1289253413,28
1289254089,18
1289258261,33
1289268385,25
1289268998,43
1289275691,311
1289277901,16
1289281455,29
1289287656,12
1289291024,57
1289300100,46
1289302468,17
1289303356,12
1289313583,15
1289316188,90
1289329590,44
1289333270,18
1289344908,61
1289346310,24
1289357453,16
1289364480,11
1289373801,17
1289382533,23
1289383690,18
1289402893,55
1289403900,25
1289409182,57
1289409845,103
1289411321,97
1289419269,20
1289435281,12
1289435641,1475
1289435661,18
1289441909,15
1289443027,19
1289445158,15
1289447490,279
1289449692,90
1289456372,23
1289458451,12
1289459154,23
1289468620,11
1289471395,18
1289475244,14
1289476943,284
1289479753,18
1289490233,75
1289493073,14
1289500007,18
1289527697,17
1289539646,122
1289551526,102
1289566856,542
1289575092,16
1289578785,16
1289594768,130
1289595475,28
1289598388,112
1289599380,39
1289599396,27
1289606611,148
1289606934,95
1289612923,289
1289634070,18
1289635045,15
1289644132,14
1289647930,98
1289651398,17
1289651513,11
1289654767,11
1289657695,49
1289661113,909
1289663086,11
1289665394,43
1289678764,13
1289684445,26
1289708063,20
1289714083,65
1289717310,16
1289718189,28
1289722646,16
1289724268,323
1289724974,63
1289726568,11
1289727060,11
1289727134,202
1289735643,13
1289737428,31
1289738717,24
1289739564,24
1289739593,17
1289742380,28
1289743790,2346
1289749597,16
1289751966,11
1289755707,2584
1289767911,172
1289770124,93
1289772049,13
1289772198,15
1289779378,25
1289780147,16
1289781756,44
1289801839,35
1289805474,178
1289810924,40
1289811218,21
1289813626,33
1289815509,44
1289816372,52
1289817225,151
1289817233,13
1289834653,91
1289837195,59
1289847529,25
1289855202,38
1289858093,11
1289858698,542
1289868346,1395
1289871444,54
1289872092,20
1289880549,18
1289888557,122
1289903345,21
1289907287,12
1289908594,13
1289909279,18
1289910520,13
1289921008,10
1289921037,33
1289932122,109
1289949311,240
1289951235,565
1289958986,650
1289960958,13
1289968844,14
1289971944,129
1289973161,17
1289975833,7
1289984605,10
1289989219,14
1289997043,14
1289998730,17
1290003469,42
1290004323,18
1290014367,26
1290022584,249
1290025719,63
1290031396,35
1290036613,12
1290037030,62
1290039961,144
1290061411,37
1290062238,41
1290068976,130
1290069630,78
1290071994,33
1290081931,27
1290089254,18
1290098318,123
1290111917,25
1290112926,54
1290123560,105
1290127517,30
1290128725,12
1290130146,14
1290140058,13
1290146959,60
1290147262,47
1290150257,205
1290163064,11
1290164166,14
1290169280,18
1290185333,17
1290185701,30
1290219822,58
1290227956,15
1290241977,45
1290251222,9
1290252911,21
1290258572,54
1290268884,12
1290286902,20
1290325510,18
1290327176,28
1290328251,21
1290335624,13
1290348818,16
1290354647,26
1290357699,34
1290361156,390
1290371866,13
1290411054,34
1290427326,111
1290432479,33
1290433922,14
1290440324,46
1290445936,382
1290461222,13
1290465737,23
1290474490,40
1290478283,14
1290483547,52
1290484537,14
1290486035,15
1290494976,17
1290495061,15
1290507726,20
1290512486,32
1290519989,89
1290534164,20
1290534496,49
1290538622,23
1290545197,23
1290547652,55
1290553178,13
1290553643,18
1290558619,33
1290565606,533
1290565686,258
1290590424,57
1290601520,26
1290601834,30
1290627511,18
1290646752,39
1290650156,26
1290650462,49
1290653606,310
1290660827,37
1290661234,76
1290680888,16
1290680922,54
1290682233,27
1290686701,21
1290686985,17
1290695545,16
1290696540,65
1290697920,107
1290700307,66
1290713101,11
1290723062,16
1290728896,341
1290732504,13
1290749098,91
1290754906,17
1290757367,11
1290762482,33
1290767643,26
1290768088,274
1290768901,41
1290776864,12
1290782877,14
1290790488,14
1290799649,22
1290804584,12
1290807177,11
1290809573,62
1290823246,17
1290830352,15
1290838121,19
1290838935,13
1290852121,24
1290854596,706
1290857129,55
1290878523,12
1290897015,23
1290897156,1200
1290898097,26
1290898656,93
1290900293,44
1290923480,15
1290927049,15
1290929180,12
1290933935,203
1290947992,61
1290950360,159
1290951560,28
1290952186,35
1290956546,31
1290960638,12
1290961602,80
1290979660,11
1290979982,118
1290982812,12
1291007526,17
1291013731,13
1291031738,49
1291031778,16
1291037585,68
1291037733,19
1291049617,13
1291054464,12
1291074566,95
1291079909,15
1291080376,18
1291085789,46
1291088056,15
1291088888,18
1291092395,25
1291098094,613
1291098747,22
1291101889,11
1291114277,161
1291115716,123
1291116871,25
1291123786,91
1291137394,13
1291146703,106
1291154771,81
1291155153,57
1291155173,23
1291157543,753
1291173264,34
1291173267,18
1291182160,12
1291189671,15
1291203310,17
1291210160,670
1291214151,164
1291215338,16
1291221848,11
1291233408,104
1291238644,12
1291242597,652
1291245839,92
1291251121,37
1291255325,2609
1291269550,17
1291280180,71
1291282235,23
1291286746,20
1291296643,17
1291297284,30
1291301285,33
1291305333,24
1291310024,13
1291322604,57
1291336189,13
1291336217,30
1291336838,37
1291339585,18
1291342338,23
1291351338,21
1291351498,13
1291360022,25
1291383899,10
1291387853,27
1291414309,112
1291421612,82
1291423504,22
1291424008,12
1291431281,85
1291441881,19
1291442636,34
1291455828,29
1291455926,20
1291466723,85
1291466969,5
1291468384,19
1291471367,13
1291481144,27
1291490166,253
1291490182,16
1291492779,26
1291498626,49
1291499934,39
1291501594,12
1291502015,1005
1291502103,28
1291503861,525
1291521476,30
1291527731,12
1291530267,241
1291531038,14
1291534737,81
1291536810,14
1291543949,12
1291544092,2274
1291571801,96
1291595187,12
1291604065,64
1291613802,5
1291618703,32
1291629775,19
1291629779,10
1291642855,120
1291643562,22
1291644553,27
1291658615,39
1291659044,159
1291660478,33
1291661471,123
1291673784,18
1291675170,15
1291688318,401
1291691703,143
1291693853,28
1291702016,13
1291709438,302
1291720073,25
1291722409,19
1291727921,15
1291728144,56
1291729207,12
1291730691,41
1291734043,63
1291741982,225
1291742788,80
1291744232,15
1291748193,35
1291765045,27
1291766087,31
1291773488,14
1291777847,14
1291779094,53
1291779342,38
1291781923,65
1291783779,7109
1291802228,14
1291808712,32
1291810155,11
1291831530,24
1291834848,59
1291842528,11
1291860076,177
1291886696,20
1291888782,120
1291892045,59
1291896819,416
1291901874,16
1291907563,39
1291915843,14
1291921955,92
1291923249,46
1291928218,2406
1291931737,28
1291936449,79
1291937778,13
1291943729,21
1291950976,26
1291958928,236
1291962137,29
1291968232,15
1291968413,13
1291969904,67
1291971266,18
1291973553,13
1291974677,20
1291978751,37
1291984090,10
1291987214,30
1291988340,393
1291991682,44
1291993456,12
1291994110,323
1292006968,18
1292018156,14
1292028312,35
1292028472,20
1292033680,81
1292036695,20
1292072706,377
1292088940,627
1292122475,18
1292123666,10
1292128802,93
1292146250,15
1292149371,19
1292158992,365
1292163871,22
1292170877,32
1292185453,12
1292186249,52
1292190133,18
1292197111,118
1292208306,353
1292208583,52
1292215635,11
1292218441,23
1292223573,13
1292224631,82
1292226955,12
1292249533,233
1292251343,27
1292253630,11
1292256306,46
1292265540,61
1292266680,763
1292267299,11
1292280196,14
1292280249,929
1292287896,15
1292290792,12
1292294946,14
1292295667,18
1292299068,15
1292302215,170
1292320543,23
1292336215,164
1292339579,17
1292341562,97
1292342255,159
1292354118,24
1292354210,74
1292362076,18
1292365126,80
1292373208,22
1292381040,17
1292384008,19
1292406637,1103
1292419503,13
1292431002,54
1292434453,19
1292436887,568
1292440059,67
1292440486,29
1292445645,16
1292447254,17
1292449656,74
1292458106,52
1292458261,50
1292458276,66
1292462975,121
1292469953,17
1292472665,38
1292477439,94
1292480695,50
1292482053,206
1292493380,6
1292505690,314
1292512549,21
1292523720,19
1292529733,215
1292530568,22
1292532003,35
1292544026,872
1292548604,28
1292550079,43
1292567425,109
1292575405,14
1292581405,34
1292586353,25
1292588083,836
1292591034,29
1292593684,14
1292601409,144
1292602748,14
1292603082,936
1292611271,862
1292612825,12
1292617331,54
1292634875,12
1292652711,71
1292661106,40
1292661997,79
1292662826,65
1292666572,11
1292668977,182
1292670045,37
1292672931,392
1292678764,34
1292687159,73
1292688393,22
1292699127,18
1292704139,49
1292706893,16
1292707082,28
1292709273,135
1292725081,57
1292726463,77
1292729732,43
1292735425,12
1292747834,23
1292752293,16
1292756053,975
1292758637,1313
1292799650,29
1292803076,56
1292805205,24
1292810049,21
1292813857,1
1292815860,66
1292817311,113
1292818025,19
1292826636,13
1292842754,114
1292847561,11
1292859223,29
1292864285,697
1292868982,11
1292887429,16
1292893151,37
1292896360,12
1292904557,23
1292908333,143
1292915032,79
1292917621,29
1292920091,31
1292930883,28
1292931248,11
1292937850,178
1292949057,27
1292959171,107
1292960437,35
1292961099,11
1292965534,14
1292967604,39
1292975337,14
1292983476,12
1292983646,52
1292995916,104
1293002033,235
1293011705,15
1293014571,324
1293016738,15
1293023344,120
1293023679,78
1293029871,35
1293047359,103
1293051640,288
1293054306,669
1293055082,63
1293060614,81
1293066810,39
1293079208,451
1293080938,16
1293082552,11
1293082777,15
1293089313,14
1293092240,12
1293097754,28
1293099389,12
1293121942,671
1293123016,37
1293128596,680
1293133470,200
1293133608,17
1293142835,941
1293144497,25
1293145788,25
1293146740,51
1293152736,26
1293153760,83
1293166992,61
1293174594,66
1293188585,30
1293204556,120
1293213640,11
1293219971,111
1293238217,412
1293242972,13
1293267652,76
1293275849,454
1293282148,15
1293287983,55
1293290940,606
1293297917,13
1293298064,137
1293302148,87
1293329788,187
1293335769,20
1293344456,289
1293344851,16
1293359656,14
1293366476,12
1293369680,7
1293371220,930
1293372051,1584
1293373926,29
1293378728,13
1293392008,66
1293394740,12
1293395679,33
1293400026,26
1293418144,16
1293424064,12
1293445504,56
1293450941,164
1293462979,15
1293473664,683
1293496062,133
1293499204,11
1293502352,26
1293519413,24
1293522928,10
1293528120,17
1293528352,288
1293532831,14
1293536570,11
1293548427,450
1293565442,36
1293566414,27
1293583727,135
1293585276,12
1293587084,28
1293590308,12
1293591465,43
1293596948,11
1293597225,104
1293600453,1435
1293608593,992
1293617341,38
1293625280,12
1293627972,19
1293631192,91
1293640519,552
1293647745,32
1293670798,943
1293691564,95
1293698128,51
1293717587,30
1293717823,135
1293718969,184
1293725667,13
1293727298,78
1293729903,144
1293742072,245
1293743886,77
1293746415,23
1293746575,51
1293747025,138
1293801504,47
1293806470,881
1293840610,36
1293842570,132
1293851627,14
1293861908,13
1293878496,17
1293889404,148
1293898786,44
1293924437,47
1293928181,12
1293928825,45
1293935952,17
1293948993,327
1293950824,12
1293955244,26
1293963558,29
1293965946,171
1293975384,45
1294008777,97
1294032882,127
1294038867,11
1294058995,12
1294069826,12
1294075523,11
1294080817,16
1294094207,17
1294114499,44
1294119998,23
1294147380,11
1294157055,197
1294164685,80
1294200741,64
1294251753,11
1294259549,15
1294279713,13
1294301160,11
1294301448,12
1294305994,13
1294311895,11
1294326780,17
1294327901,30
1294329282,11
1294335516,11
1294339931,181
1294369296,67
1294382024,53
1294390376,111
1294424063,13
1294427913,170
1294430749,38
1294440483,30
1294459630,75
1294466084,19
1294480204,20
1294485027,19
1294528581,22
1294541211,33
1294544128,996
1294544597,20
1294559854,17
1294560117,14
1294562764,421
1294565886,14
1294567068,93
1294577372,11
1294586858,38
1294595799,12
1294598436,32
1294604196,38
1294612352,1191
1294614772,53
1294616380,222
1294624577,11
1294625255,36
1294626733,81
1294637523,765
1294651771,30
1294654664,51
1294665149,60
1294667605,16
1294673670,135
1294674709,12
1294677362,14
1294678204,131
1294679712,21
1294680964,25
1294682236,17
1294686811,133
1294697127,13
1294704254,131
1294722834,172
1294739070,205
1294760990,142
1294763382,15
1294778982,38
1294787951,135
1294795779,12
1294799753,15
1294821660,170
1294843676,11
1294849806,37
1294852002,18
1294874234,24
1294885537,67
1294904000,78
1294906029,35
1294907218,14
1294939035,76
1294942498,17
1294942686,53
1294956555,159
1294964139,963
1294964918,74
1294974964,168
1294980132,13
1294988947,421
1294991594,13
1295000646,18
1295002937,88
1295011810,12
1295012792,31
1295013795,13
1295023708,15
1295039995,366
1295042547,16
1295046960,76
1295051598,129
1295060983,19
1295070151,76
1295073265,222
1295085779,15
1295092827,311
1295108547,42
1295117727,305
1295145837,17
1295154902,1312
1295162156,6
1295166457,22
1295167025,37
1295170501,43
1295183786,12
1295184546,12
1295185242,12
1295186092,17
1295189385,13
1295193750,15
1295194584,13
1295196892,15
1295199205,13
1295206342,15
1295262141,13
1295266264,2
1295282395,13
1295282888,5
1295293233,15
1295296921,40
1295298451,21
1295303557,16
1295310807,51
1295314945,168
1295320127,33
1295320736,53
1295344808,14
1295352755,21
1295357346,36
1295359708,44
1295363021,133
1295373582,12
1295383219,125
1295386434,16
1295387006,61
1295422942,13
1295427123,17
1295438128,36
1295450141,93
1295470853,1179
1295478728,14
1295482110,309
1295484476,52
1295495980,14
1295496217,14
1295503278,11
1295510275,70
1295512859,16
1295515267,109
1295524525,27
1295531254,1638
1295543570,12
1295554023,107
1295577734,109
1295578280,19
1295581894,110
1295583883,22
1295584891,63
1295589978,14
1295590478,31
1295597289,77
1295607005,17
1295614877,12
1295618902,69
1295624544,31
1295634529,31
1295648738,277
1295649165,107
1295650615,17
1295653490,33
1295653887,34
1295657237,11
1295658103,21
1295661278,19
1295663128,20
1295663977,10
1295676197,219
1295680592,3
1295688847,110
1295693134,13
1295708862,577
1295712140,11
1295714815,18
1295752474,289
1295764899,16
1295765493,17
1295766600,31
1295768859,162
1295801352,12
1295803985,30
1295809480,16
1295814352,23
1295829277,39
1295835040,317
1295852963,14
1295858816,41
1295864070,162
1295864331,40
1295872517,20
1295877973,13
1295901464,109
1295902352,16
1295906282,11
1295937847,106
1295965137,60
1295965620,63
1295967737,13
1295970455,104
1295972337,70
1295975920,17
1295985574,69
1295987763,2408
1295989621,38
1295989737,19
1295991094,28
1295994638,73
1295996145,13
1296000788,178
1296000930,56
1296010200,85
1296016994,48
1296021415,33
1296024548,1267
1296024915,33
1296036886,2804
1296040105,31
1296041659,104
1296050346,611
1296055654,54
1296056515,20
1296072145,71
1296078951,17
1296083576,15
1296087127,11
1296090089,26
1296102301,407
1296107475,783
1296111192,901
1296111638,30
1296111994,18
1296114889,44
1296119852,35
1296124729,12
1296129407,10
1296135579,25
1296135758,43
1296137450,11
1296138876,20
1296148658,11
1296163320,22
1296189318,30
1296190079,38
1296191071,15
1296243058,22
1296248129,58
1296250451,226
1296256899,11
1296260901,38
1296273774,15
1296300799,5413
1296301313,1109
1296302822,1206
1296312541,47
1296324767,129
1296326316,67
1296344930,543
1296347944,194
1296348059,18
1296349582,218
1296350812,64
1296354941,10
1296365237,454
1296370469,32
1296375920,570
1296381450,27
1296383855,146
1296385256,295
1296390238,13
1296397537,118
1296404338,137
1296408226,15
1296425754,14
1296432061,12
1296432740,83
1296434943,140
1296435222,24
1296438403,29
1296441594,61
1296444434,11
1296449838,85
1296450945,47
1296452875,16
1296462200,253
1296465177,14
1296471020,14
1296471449,1668
1296472403,140
1296476248,23
1296478978,40
1296484148,36
1296496065,1149
1296507270,11
1296537614,11
1296544815,16
1296550039,185
1296553907,14
1296555600,37
1296557893,45
1296570575,44
1296573992,22
1296584227,13
1296585751,279
1296602376,86
1296607973,356
1296627757,975
1296635340,44
1296635666,15
1296643720,29
1296649748,18
1296661225,129
1296668674,29
1296672011,126
1296678306,332
1296678314,51
1296680841,1319
1296682078,54
1296688714,43
1296688895,532
1296694442,12
1296704062,13
1296711588,282
1296713807,14
1296717138,22
1296734416,12
1296738161,44
1296742217,17
1296751400,160
1296768326,92
1296774563,26
1296775646,28
1296780960,159
1296787820,29
1296792947,54
1296793921,32
1296808521,179
1296814267,12
1296817533,96
1296830362,29
1296833527,67
1296836072,245
1296841294,100
1296854989,144
1296861532,43
1296874887,63
1296882043,29
1296889061,22
1296900853,12
1296903699,18
1296904602,11
1296913096,240
1296922843,15
1296926351,13
1296926632,11
1296929824,13
1296931670,16
1296932035,84
1296935864,125
1296937336,11
1296941059,16
1296944672,19
1296959361,32
1296961913,73
1296963477,470
1296965951,82
1296980330,12
1296981871,56
1296982152,108
1296994850,27
1297000919,27
1297003539,36
1297004839,30
1297007256,111
1297007799,14
1297010149,735
1297013313,71
1297019929,88
1297022212,120
1297029834,14
1297030348,19
1297030493,12
1297042736,40
1297049157,13
1297072142,101
1297075250,16
1297080538,14
1297089591,383
1297090793,193
1297091782,22
1297099848,27
1297100398,136
1297115272,114
1297115450,111
1297117944,43
1297121898,37
1297147597,28
1297152948,59
1297155925,70
1297161149,24
1297161557,41
1297163433,12
1297184998,13
1297185351,23
1297186508,53
1297191394,146
1297197942,101
1297198645,23
1297199648,23
1297208047,13
1297211063,134
1297212179,114
1297221666,17
1297241435,27
1297245314,61
1297248636,138
1297251847,22
1297263342,22
1297265714,17
1297278222,642
1297287351,12
1297290359,11
1297309880,13
1297313158,273
1297316519,7412
1297316564,198
1297317945,30
1297321788,11
1297334206,63
1297337135,14
1297343152,35
1297344540,15
1297353293,18
1297368894,11
1297368927,20
1297376870,19
1297377707,12
1297379226,46
1297385317,17
1297385905,13
1297386092,41
1297386391,372
1297390767,14
1297390829,33
1297391498,32
1297393883,17
1297397966,20
1297400572,18
1297413550,18
1297414511,103
1297429458,68
1297429477,39
1297446091,15
1297448989,287
1297451632,11
1297461538,14
1297462855,20
1297466672,23
1297478882,32
1297479393,24
1297491478,15
1297510474,18
1297517585,13
1297518870,12
1297526964,21
1297534990,32
1297538014,111
1297551407,11
1297553204,106
1297560051,19
1297560842,11
1297567382,22
1297572541,116
1297573774,29
1297574911,70
1297579661,32
1297579800,55
1297586900,32
1297595257,12
1297600783,15
1297607175,115
1297608111,70
1297611216,134
1297616368,14
1297633053,183
1297638533,151
1297643511,17
1297645533,1018
1297650803,21
1297652810,51
1297660778,17
1297668161,40
1297680341,11
1297684377,16
1297691747,172
1297694352,66
1297701040,20
1297703342,33
1297709406,21
1297730581,17
1297738589,40
1297757117,21
1297762386,15
1297766097,20
1297776074,204
1297776908,91
1297780347,94
1297789435,19
1297797901,66
1297799377,182
1297814636,13
1297827159,130
1297831184,57
1297839489,14
1297874042,15
1297878371,119
1297899871,23
1297902282,84
1297912696,190
1297916761,23
1297920557,17
1297937750,22
1297941714,26
1297960940,10
1297972250,54
1297979369,484
1297980145,191
1297984221,116
1297985737,130
1297986858,17
1297987227,33
1297988963,71
1297991968,14
1297996943,63
1298001693,82
1298006204,16
1298013097,12
1298015891,12
1298021489,941
1298031533,160
1298034949,63
1298037639,236
1298047052,14
1298065682,75
1298073124,24
1298076016,18
1298084716,276
1298096233,28
1298098092,11
1298105768,26
1298108536,39
1298112590,39
1298115146,116
1298118528,64
1298121347,16
1298124536,348
1298127389,71
1298128822,15
1298139536,14
1298139770,14
1298145673,153
1298147715,12
1298153351,47
1298158902,74
1298164075,231
1298174000,20
1298175867,20
1298176929,11
1298178349,57
1298186451,23
1298188743,45
1298189234,864
1298191005,37
1298195189,56
1298197046,33
1298203529,39
1298208279,26
1298209482,16
1298212519,11
1298216311,35
1298216890,21
1298217981,13
1298228264,31
1298235708,18
1298244810,1395
1298247950,13
1298248424,27
1298265782,210
1298271854,32
1298282884,101
1298282939,138
1298301815,815
1298301851,11
1298306683,51
1298311899,14
1298314398,16
1298317899,31
1298319935,11
1298324581,111
1298330759,16
1298330762,153
1298332713,13
1298335317,13
1298337778,15
1298351236,12
1298351661,12
1298354563,146
1298354719,29
1298358083,37
1298373096,21
1298373549,23
1298381505,55
1298389464,28
1298394175,126
1298402208,22
1298402291,23
1298402884,104
1298416012,18
1298420807,18
1298423396,57
1298427761,44
1298430385,13
1298439325,11
1298441011,101
1298444438,33
1298453081,37
1298458766,125
1298481506,22
1298494423,27
1298500250,48
1298511776,11
1298514297,61
1298518446,14
1298522061,26
1298524881,17
1298526427,12
1298531535,25
1298540929,171
1298568456,16
1298569568,49
1298598437,21
1298605985,37
1298611557,202
1298624897,15
1298625952,13
1298628293,18
1298661166,21
1298661864,55
1298662780,44
1298664835,30
1298677021,17
1298696137,8550
1298699871,22
1298699946,12
1298703923,24
1298710636,104
1298717535,18
1298735948,201
1298757994,19
1298760593,177
1298761206,25
1298776816,57
1298780689,110
1298781357,113
1298783167,60
1298783301,14
1298783547,14
1298794128,52
1298803736,29
1298809265,12
1298809747,20
1298817286,112
1298818939,35
1298823265,11
1298825209,1824
1298830469,19
1298833847,30
1298834861,14
1298835702,30
1298841963,13
1298848762,11
1298849251,210
1298852328,64
1298872729,15
1298874131,17
1298890469,31
1298890549,1562
1298907438,11
1298912593,28
1298912749,83
1298912807,227
1298916380,44
1298933079,98
1298948475,17
1298954696,89
1298962178,16
1298962714,108
1298977090,481
1298994476,13
1298997344,40
1298998324,1715
1299013183,14
1299021024,11
1299021923,20
1299023861,255
1299043514,300
1299058088,95
1299059228,427
1299064384,19
1299071115,19
1299074098,17
1299075417,34
1299075519,672
1299075525,28
1299086165,22
1299089998,12
1299096615,35
1299098282,17
1299101460,19
1299102186,36
1299103445,25
1299104550,74
1299108987,157
1299109556,158
1299110267,14
1299111270,13
1299119693,16
1299120455,11
1299128832,16
1299132400,14
1299132437,15
1299133936,239
1299153287,42
1299172984,22
1299183411,47
1299193892,13
1299196724,21
1299225226,115
1299227072,808
1299238284,17
1299238433,146
1299239337,51
1299242771,13
1299248993,21
1299249091,26
1299249144,12
1299251844,14
1299255113,162
1299261309,19
1299266129,263
1299274014,18
1299283711,14
1299284253,12
1299297301,80
1299299202,37
1299300597,21
1299306532,227
1299316742,65
1299322393,24
1299326490,23
1299332215,20
1299332376,140
1299332647,21
1299352195,53
1299359887,22
1299363480,18
1299377098,60
1299377596,68
1299381557,165
1299391180,182
1299391914,24
1299395003,14
1299402689,39
1299405532,109
1299411037,14
1299415612,114
1299421080,14
1299424782,18
1299427635,12
1299436675,59
1299444163,83
1299446983,133
1299449396,15
1299454616,40
1299460293,537
1299469235,17
1299472893,236
1299481757,23
1299483807,68
1299499111,51
1299501821,16
1299504474,172
1299510850,15
1299516451,44
1299518666,368
1299521785,18
1299531705,20
1299534286,14
1299534612,12
1299542547,167
1299544119,33
1299550692,75
1299564899,32
1299570761,28
1299573741,40
1299585779,21
1299592457,13
1299593939,25
1299607106,11
1299608688,120
1299619059,53
1299619868,569
1299627068,69
1299628213,23
1299635121,75
1299639457,159
1299641278,11
1299650759,19
1299691584,172
1299702144,12
1299704239,14
1299711281,20
1299715232,39
1299734316,190
1299750967,95
1299751691,0
1299769220,10365
1299770029,13
1299809384,14
1299811667,66
1299816105,13
1299820860,511
1299821808,11
1299827099,179
1299833043,37
1299839177,22
1299847522,13
1299849814,22
1299851932,26
1299864365,20
1299867514,39
1299869694,36
1299885911,493
1299896218,94
1299907984,42
1299929539,13
1299936609,430
1299946390,20
1299946731,11
1299948312,39
1299952233,394
1299952957,83
1299953207,28
1299963641,87
1299964707,12
1299965162,100
1299966529,465
1299969979,83
1299969985,29
1299980464,57
1299986260,65
1299986993,23
1300023993,120
1300024503,321
1300030250,27
1300033738,11
1300037652,11
1300040942,92
1300044327,11
1300055099,29
1300059342,84
1300071253,16
1300071984,26
1300084498,54
1300088092,29
1300107229,41
1300108628,187
1300123581,187
1300130121,22
1300134200,144
1300140564,49
1300144318,129
1300145782,207
1300146141,23
1300153697,284
1300163727,16
1300164590,50
1300164869,16
1300165290,141
1300168072,143
1300171107,129
1300173275,770
1300181963,107
1300184722,23
1300197094,18
1300200526,13
1300204002,130
1300204425,604
1300211152,141
1300212740,74
1300220661,126
1300229326,21
1300230372,91
1300237368,141
1300238188,18
1300241319,20
1300242971,127
1300259063,140
1300264661,20
1300265377,141
1300269999,18
1300271089,40
1300271177,41
1300271266,40
1300271366,42
1300271521,41
1300273081,51
1300277628,147
1300282659,85
1300282686,17
1300286845,57
1300287685,10
1300290874,28
1300293955,26
1300293986,178
1300295755,99
1300296756,16
1300333512,142
1300337557,42
1300342376,43
1300346777,12
1300374453,131
1300401366,29
1300402437,63
1300418295,477
1300426327,11
1300430658,62
1300438415,21
1300442898,97
1300446024,15
1300446537,130
1300454484,14
1300459912,31
1300470235,26
1300484864,191
1300502001,83
1300521661,13
1300523446,58
1300531108,24
1300533212,38
1300537112,13
1300541341,95
1300541916,54
1300555995,735
1300573378,51
1300576199,14
1300577620,29
1300585573,19
1300589372,27
1300596785,113
1300599779,106
1300600847,20
1300608745,13
1300610806,31
1300611018,198
1300612704,2282
1300619513,20
1300628885,19
1300631934,63
1300652164,24
1300660330,100
1300666568,40
1300667851,20
1300682631,13
1300707779,15
1300708293,11
1300711133,15
1300712725,13
1300713717,28
1300715013,30
1300719974,306
1300734020,12
1300735116,29
1300757259,38
1300781672,150
1300791877,42
1300815089,13
1300819170,278
1300825690,13
1300825775,917
1300827846,4
1300835670,22
1300836505,12
1300838692,13
1300842713,16
1300848633,11
1300874608,12
1300882050,15
1300895082,11
1300901348,28
1300901573,13
1300902838,26453
1300907089,42
1300919728,17
1300920852,22
1300955288,13
1300982703,91
1300983367,16
1300983387,202
1300991151,440
1300993394,14
1300995235,37
1301005835,37
1301016329,23
1301017059,18
1301032546,11
1301035913,24
1301065951,28
1301067430,24
1301073151,75
1301073295,16
1301078425,48
1301103236,114
1301105296,335
1301107406,12
1301120666,41
1301131750,329
1301135117,25
1301140584,138
1301140808,15176
1301143981,16
1301149423,26
1301150154,15
1301161602,16
1301161752,214
1301178592,62
1301197444,22
1301199747,41
1301201613,151
1301214182,23
1301224634,30
1301231972,236
1301238021,130
1301246878,31
1301253208,61
1301254363,10
1301254884,314
1301262267,26
1301266742,43
1301269170,26
1301277455,18
1301292883,32
1301304056,62
1301304237,88
1301312343,169
1301318281,22
1301322902,24
1301323244,22
1301337818,209
1301347593,13
1301348114,99
1301348989,13
1301356813,12
1301366518,44
1301371493,15
1301373645,17
1301374527,29
1301376039,202
1301376665,15
1301386747,63
1301389817,13
1301401232,22
1301419178,19
1301421907,13
1301439040,27
1301444342,14
1301445158,27
1301448027,46
1301454477,18
1301455815,25
1301458181,18
1301463756,14
1301466336,12
1301466742,0
1301469329,97
1301471093,18
1301472408,13
1301482787,12
1301485123,1453
1301485816,445
1301486204,12
1301491918,46
1301492559,48
1301493865,25
1301494149,18
1301495364,16
1301498505,43
1301498945,169
1301502264,51
1301503296,14
1301518021,47
1301525143,19
1301527869,40
1301528097,64
1301533608,104
1301540478,159
1301541289,12
1301558114,18
1301558649,17
1301563271,225
1301565741,17
1301570059,250
1301575666,11
1301592495,13
1301596482,70
1301597356,14310
1301607598,1242
1301611769,24
1301639709,20
1301640367,153
1301641528,31
1301643310,33
1301645599,153
1301647948,12
1301650386,14
1301653337,741
1301657572,1169
1301664801,52
1301667013,47
1301672719,702
1301683816,385
1301693327,34
1301707902,12
1301709626,71
1301723360,15
1301725592,17
1301738357,16
1301756334,30
1301774983,47
1301788801,11
1301790724,44
1301793165,12
1301796528,56
1301809788,12
1301812872,48
1301819599,18
1301837591,15
1301841465,52
1301842269,14
1301856089,62
1301856519,54
1301861241,23
1301870117,24
1301875103,15
1301893348,11
1301898837,54
1301903391,174
1301910694,13
1301917947,29
1301934220,13
1301938254,18
1301958727,15
1301967069,11
1301969071,26
1301983899,77
1301987551,28
1301992438,22
1301993377,12
1301998668,14
1302005433,20
1302010381,21
1302014092,13
1302019080,246
1302019326,53
1302029387,31
1302029423,21
1302030647,15
1302031002,118
1302033406,11
1302037370,18
1302045369,68
1302055571,11
1302067941,31
1302077273,1299
1302080030,15
1302087529,12
1302093382,464
1302124928,29
1302126016,11
1302130459,11
1302164086,30
1302170043,129
1302170604,28
1302172683,899
1302190660,66
1302193564,15
1302201356,14
1302202107,63
1302202880,51
1302223856,49
1302236535,12
1302242606,22
1302252210,142
1302262750,127
1302268312,23
1302269184,27
1302273154,90
1302277405,29
1302287414,70
1302291872,21
1302296412,18
1302297046,16
1302297836,34
1302314093,18
1302315783,31
1302319451,101
1302326901,22
1302327379,24
1302329332,93
1302335558,28
1302375379,92
1302377433,21
1302393186,16
1302398032,2039
1302409680,906
1302413366,19
1302419828,43
1302426780,93
1302427034,22
1302438629,11
1302442495,11
1302448737,390
1302459541,62
1302460137,178
1302464336,14
1302471470,20
1302482437,29
1302483274,128
1302484474,28
1302494840,15
1302496224,1241
1302501377,14
1302513724,35
1302521362,30
1302522817,14
1302531339,162
1302544971,316
1302549724,118
1302552260,16
1302584359,28
1302595848,84
1302610309,18
1302612528,529
1302615481,26
1302629692,34
1302634008,21
1302637373,13
1302641378,70
1302643506,102
1302655029,12
1302657908,21
1302669715,26
1302690078,4534
1302692944,48
1302701321,34
1302709654,15
1302734131,18
1302746638,21
1302754015,14
1302754323,34
1302756008,1439
1302761259,83
1302778457,24
1302780148,27
1302793047,49
1302800669,34
1302801301,20
1302802371,112
1302812797,11
1302835106,12
1302855458,101
1302856834,16
1302875835,13
1302888707,41
1302893901,15
1302903993,13
1302911872,81
1302914488,30
1302915552,294
1302920880,25
1302925060,73
1302937875,28
1302938232,24
1302940207,11
1302949847,25
1302956564,11
1302959913,12
1302961227,43
1302962846,79
1302973507,107
1302984367,108
1302986554,1565
1302987358,34
1302988703,75
1303008060,95
1303020015,295
1303030097,60
1303043661,17
1303050614,21
1303051373,17
1303057578,14
1303075050,518
1303082204,251
1303090597,15
1303104453,55
1303104741,14
1303106583,39
1303110640,43
1303111815,33
1303113964,45
1303123981,20
1303124963,85
1303160078,28
1303172472,12
1303179284,13
1303197338,51
1303207414,54
1303214804,41
1303225493,20
1303228846,14
1303237716,19
1303245406,12
1303253010,102
1303257127,68
1303258850,3632
1303265999,184
1303275522,11
1303275802,11
1303286155,28
1303294638,46
1303299294,23
1303306436,35
1303311265,11
1303315918,226
1303322746,37
1303323911,202
1303358961,17
1303365335,38
1303388198,558
1303415892,18
1303424682,14
1303426000,29
1303430390,90
1303433856,19
1303444609,2020
1303452678,101
1303463449,152
1303475491,40
1303494416,1281
1303499948,14
1303503512,27
1303504717,115
1303509322,11
1303510493,16
1303516931,778
1303528937,71
1303535947,12
1303542206,69
1303546492,143
1303556295,13
1303558514,174
1303563430,52
1303576851,1243
1303602767,13
1303608426,46
1303612962,33
1303627608,26
1303631320,12
1303633647,70
1303635921,12
1303648567,45
1303649436,15
1303650717,17
1303654689,37
1303659182,122
1303663690,55
1303663929,18
1303665181,75
1303694788,20
1303698387,17
1303700237,20
1303711609,844
1303715087,216
1303720794,26
1303725660,35
1303760460,30
1303763995,34
1303771560,12
1303772019,11
1303772993,11
1303775804,28
1303777396,15
1303780153,29
1303792328,25
1303808471,37
1303816773,18
1303817447,56
1303823150,16
1303829880,2695
1303838051,11
1303840800,110
1303843138,50
1303846871,28
1303848201,151
1303848744,13
1303852154,17
1303852365,15
1303856272,28
1303862796,13
1303875928,15
1303882206,12
1303900797,52
1303908751,22
1303913048,18
1303935999,15
1303942681,58
1303943786,21
1303945692,40
1303951648,147
1303954218,29
1303954895,19
1303964380,16
1303967338,25
1303967412,43
1303968701,18
1303972604,14
1303984411,53
1303989795,11
1303993210,13
1303996759,18
1304004330,11
1304005951,14
1304007356,23
1304009131,74
1304012236,91
1304014128,63
1304019895,100
1304024914,43
1304027230,151
1304050127,11
1304052892,22
1304056775,260
1304080289,81
1304094516,65
1304107002,24
1304125705,20
1304129036,1122
1304146485,24
1304149672,204
1304152620,19
1304154724,17
1304159264,6618
1304160686,13
1304174300,240
1304196000,14
1304196094,23
1304207622,4688
1304222831,149
1304225766,13
1304226508,12
1304229261,545
1304232661,42
1304234956,22
1304237262,46
1304238224,26
1304238567,83
1304242618,25
1304244881,20
1304246254,13
1304260727,46
1304284285,11
1304294655,11
1304306112,23
1304315081,102
1304318009,15
1304322497,51
1304333897,30
1304335866,37
1304336034,13
1304337507,42
1304341067,34
1304347403,12
1304349828,80
1304349839,20
1304351988,13
1304355918,23
1304359065,205
1304373890,20
1304378523,40
1304378982,36
1304380332,12
1304384931,74
1304397764,21
1304404625,13
1304407094,163
1304420160,11
1304423757,31
1304431028,136
1304442749,22
1304443708,14
1304444662,45
1304451904,269
1304464095,11
1304467806,62
1304471702,115
1304473868,30
1304488632,40
1304488811,25
1304493978,23
1304495415,127
1304495445,14
1304501122,52
1304506703,35
1304517830,20
1304518726,171
1304519591,39
1304520950,15
1304526833,13
1304529385,191
1304529863,67
1304537180,16
1304537472,80
1304539881,16
1304542808,48
1304556871,32
1304559533,30
1304567127,47
1304567934,24
1304573079,41
1304583136,19
1304586137,18
1304591688,25
1304593240,13
1304593880,15
1304594889,17
1304599770,35
1304607940,12
1304610471,12
1304628219,13
1304628584,20
1304631348,35
1304632302,48
1304642476,13
1304663770,195
1304669452,48
1304671769,51
1304679633,32
1304680116,56
1304682395,79
1304694242,27
1304694611,28
1304696083,99
1304696714,1021
1304697544,17
1304718110,11
1304731994,33
1304734752,21
1304747155,150
1304750838,3
1304753624,30
1304758893,77
1304766813,51
1304775452,101
1304785049,24
1304794847,37
1304799387,39
1304802486,18
1304806937,31
1304821256,15
1304828386,39
1304832932,51
1304837172,63
1304837388,16
1304837809,96
1304843457,214
1304844444,12
1304856087,31
1304862483,28
1304863350,14
1304888461,70
1304901279,77
1304911834,16
1304914989,14
1304923286,35
1304926283,113
1304927496,308
1304930510,28
1304935616,13
1304937943,98
1304957651,1428
1304962944,11
1304963373,36
1304980197,13
1304985779,91
1304988216,20
1304995104,17
1304995293,19
1304997851,116
1305001221,106
1305002900,11
1305005489,16
1305006110,14
1305016405,15
1305019885,15
1305021260,23
1305031967,11
1305036742,16
1305037983,167
1305045450,11
1305045933,35
1305046490,30
1305049060,13
1305054288,17
1305056966,132
1305056996,30
1305058794,754
1305081749,45
1305087722,20
1305087895,48
1305091317,33
1305101019,12
1305103103,80
1305115824,148
1305117762,83
1305120640,134
1305129752,77
1305133774,100
1305146030,40
1305148975,261
1305151705,57
1305155356,16
1305155429,37
1305161350,22
1305162419,11
1305176990,17
1305177869,13
1305178119,323
1305179696,87
1305184384,23
1305186432,26
1305188958,19
1305192376,330
1305195833,13
1305199771,22
1305202283,84
1305213459,28
1305213711,27
1305226250,26
1305228500,16
1305235960,29
1305236221,16
1305243497,2665
1305247069,21
1305260901,11
1305262154,98
1305266704,20
1305267585,222
1305271574,48
1305279821,28
1305280727,16
1305283849,158
1305286302,18
1305295802,18
1305303119,11
1305317087,43
1305322797,128
1305325533,55
1305351688,46
1305361578,80
1305361794,71
1305375036,47
1305383508,1977
1305384204,31
1305391575,100
1305402694,59
1305405354,109
1305421235,634
1305422688,164
1305428722,123
1305435762,12
1305444562,11
1305444772,149
1305457480,131
1305464963,13
1305466278,481
1305472088,11
1305474996,101
1305475154,66
1305475918,291
1305476274,16
1305485172,11
1305486782,15
1305490851,201
1305492582,26
1305496722,22
1305498575,1002
1305507742,42
1305508043,63
1305509209,15
1305514578,16
1305525627,15
1305527469,22
1305535459,42
1305540288,65
1305545535,416
1305549420,22
1305550169,11
1305551862,1032
1305552609,12
1305553926,12
1305556195,121
1305561172,18
1305570895,16
1305587608,77
1305588644,14
1305591013,23
1305592881,12
1305603066,16
1305606229,165
1305616760,15
1305624022,660
1305625451,34
1305628084,58
1305637317,14
1305651780,17
1305660185,17
1305662208,19
1305662779,31
1305663861,7402
1305667339,65
1305679958,26
1305682786,17
1305699858,12
1305704141,61
1305707360,27
1305709115,20
1305715709,21
1305721097,15
1305731992,35
1305741457,179
1305741622,26
1305744986,52
1305755468,75
1305772131,166
1305773751,15
1305774331,80
1305780550,48
1305782176,26
1305788388,20
1305789974,33
1305790403,13
1305792661,87
1305796151,155
1305797201,87
1305803446,274
1305806069,28
1305806147,42
1305812425,28
1305814109,84
1305814495,22
1305816675,21
1305818123,45
1305824431,15
1305828240,43
1305841714,44
1305844835,279
1305848083,13
1305848792,11
1305853976,12
1305862430,26
1305863428,13
1305863751,17
1305864535,32
1305877496,80
1305892412,11
1305900997,13
1305904986,51
1305914407,12
1305919833,57
1305923374,16
1305945075,353
1305949408,1
1305990791,85
1306012498,294
1306019889,111
1306022100,18
1306026425,20
1306027397,21
1306036902,116
1306049663,12
1306054893,12
1306059784,36
1306061660,16
1306065843,3083
1306092159,11
1306100351,19
1306119612,17
1306128367,17328
1306128677,21
1306129196,45
1306134583,11
1306136148,37
1306138051,12
1306142266,78
1306145188,14
1306154480,42
1306154585,100
1306167802,13
1306169988,123
1306183965,74
1306195002,80
1306195025,12
1306196215,43
1306213287,63
1306220964,11
1306234870,36
1306237950,43
1306255186,16
1306263750,21
1306272254,50
1306272949,260
1306273589,45
1306275910,40
1306277970,14
1306296659,11
1306298776,98
1306300731,11
1306302333,29
1306308600,26
1306313813,17
1306318768,252
1306319469,19
1306319471,21
1306319479,20
1306326204,305
1306330232,20
1306331131,18
1306332390,14
1306335487,35
1306342221,14
1306353245,32
1306364195,152
1306371157,16
1306378942,53
1306386497,29
1306401233,22
1306402179,8
1306402746,8
1306405145,14
1306408422,108
1306410375,13
1306411267,18
1306413888,32
1306427790,31
1306430083,595
1306439313,30
1306443880,1154
1306446403,114
1306447506,515
1306448176,65
1306448250,11
1306451998,22
1306471514,14
1306476560,63
1306482063,174
1306485176,99
1306489798,14
1306493579,11
1306494403,66
1306496047,44
1306496060,120
1306498057,16
1306500877,47
1306503677,937
1306505608,11
1306505953,44
1306509662,55
1306512034,36
1306520275,86
1306537922,31
1306539048,43
1306551257,24
1306551587,117
1306568539,151
1306569406,11
1306578822,53
1306586377,34
1306595286,163
1306600992,25
1306607268,204
1306613830,201
1306616266,35
1306619570,45
1306633324,12
1306637593,37
1306656310,132
1306657349,16
1306659537,53
1306662378,124
1306664176,376
1306694574,63
1306697289,11
1306706347,36
1306722822,2762
1306725865,64
1306727166,17
1306733753,1791
1306736699,53
1306741502,19
1306743583,358
1306758289,1399
1306768200,1989
1306781567,32
1306804150,165
1306826997,43
1306834767,91
1306836270,327
1306846091,20
1306848735,20
1306851637,9
1306851819,21
1306856013,11
1306859228,12
1306869516,8
1306872292,6
1306876863,5
1306882201,16
1306883915,20
1306885243,19
1306886896,37
1306893800,17
1306900312,1
1306905377,17
1306907703,38
1306912075,0
1306912613,75
1306918164,1277
1306932520,71
1306938692,27
1306940144,50
1306959362,19
1306960192,22
1306969596,132
1306985248,19
1306985935,123
1306986142,13
1306989887,2056
1307004566,33
1307024852,42
1307025984,214
1307026151,16
1307038453,1
1307060259,19
1307065127,13
1307068134,61
1307070667,153
1307074936,24
1307084089,326
1307084846,135
1307093709,11
1307096111,27
1307097672,47
1307100597,26
1307104496,89
1307110961,12
1307119235,72
1307122649,14
1307122986,14
1307125130,11
1307144877,19
1307154301,304
1307157054,56
1307160977,67
1307161130,105
1307168916,21
1307169447,113
1307178612,12
1307178735,101
1307179412,133
1307180092,12
1307183421,14
1307194740,33
1307195678,16
1307197725,276
1307202159,307
1307203323,50
1307213552,58
1307221879,44
1307230282,14
1307234647,13
1307244279,56
1307248901,54
1307252454,1306
1307266417,129
1307270186,17
1307270471,16
1307270857,55
1307285110,112
1307328321,78
1307339612,14
1307341214,28
1307347009,11
1307347876,13
1307350189,316
1307351082,40
1307354870,16
1307359698,68
1307372176,18
1307376509,108
1307379556,251
1307383231,2652
1307394829,15
1307404521,11
1307409549,12
1307416356,12
1307425320,25
1307432618,83
1307439103,11
1307448787,101
1307465082,15
1307467681,40
1307476583,18
1307486190,1807
1307488192,22
1307488992,466
1307489758,17
1307514479,99
1307527826,24
1307540755,17
1307547413,12
1307556669,17
1307559411,65
1307567870,79
1307568662,3159
1307584540,61
1307588143,46
1307596191,26
1307603352,51
1307624256,21
1307628678,12
1307633669,61
1307643131,12
1307643360,12
1307646804,16
1307648930,32
1307649454,43
1307649953,83
1307670544,16
1307671429,14
1307672574,11
1307673508,33
1307679581,2157
1307694207,22
1307697837,75
1307703830,172
1307704843,12
1307713600,22
1307720625,18
1307733763,81
1307742719,24
1307746958,15
1307751634,25
1307762938,374
1307767186,25
1307773072,38
1307773457,12
1307773990,29
1307787792,90
1307790733,112
1307805451,45
1307807240,37
1307809022,28
1307815143,14
1307817867,20
1307818034,87
1307821649,31
1307831948,13
1307836085,22
1307873912,27
1307885966,41
1307893307,25
1307896324,17
1307911548,54
1307912172,14
1307913805,18
1307918371,16
1307944394,45
1307949895,11
1307952399,23
1307954344,116
1307966960,33
1307972723,17
1307984484,322
1307987666,55
1307990988,12
1307992645,29
1308019466,24
1308040005,82
1308045091,24
1308097408,17
1308102087,39
1308110606,16
1308122629,69
1308123071,25
1308124634,91
1308138907,20
1308149332,282
1308192854,11
1308206794,16
1308229925,12
1308234922,3021
1308268969,90
1308269277,15
1308288667,123
1308295979,77
1308316384,25
1308326597,108
1308327451,20
1308331067,17
1308334569,28
1308336615,21
1308340659,11
1308352598,23
1308359696,14
1308361498,54
1308364098,20
1308369084,58
1308381095,18
1308397376,53
1308398292,13
1308400131,20
1308404399,358
1308410531,26
1308414454,14
1308419721,44
1308444605,28
1308447765,53
1308448263,111
1308448270,304
1308458265,54
1308458354,472
1308460307,803
1308461658,14
1308479983,42
1308481724,39
1308482715,22
1308499720,14
1308503336,20
1308517032,12
1308519003,13
1308521113,58
1308521559,150
1308528219,29
1308530009,107
1308538112,121
1308545018,22
1308548569,28
1308555341,22
1308558657,282
1308565466,15
1308567776,13
1308579255,20
1308593621,383
1308599537,101
1308602622,37
1308603606,32
1308612950,183
1308618376,15
1308622617,102
1308625355,42
1308635689,28
1308635795,9
1308648534,748
1308651022,55
1308660921,13
1308673015,24
1308686491,214
1308693057,12
1308708421,102
1308739986,28
1308745348,15
1308747824,19
1308758430,20
1308759155,22
1308766310,13
1308779766,23
1308788921,20
1308795025,454
1308801528,39
1308805179,44
1308807827,11
1308813487,100
1308815776,55
1308834602,19
1308844682,22
1308850915,49
1308865998,24
1308867877,41
1308873515,83
1308878403,32
1308921817,24
1308924757,70
1308942123,455
1308959443,58
1308968509,17
1308979112,11
1309033539,11
1309035989,16
1309048757,305
1309051991,19
1309088427,19
1309088889,167
1309091925,115
1309101083,12
1309102418,2420
1309107879,132
1309108751,12
1309116723,35
1309124917,20
1309132872,33
1309135706,219
1309137852,16
1309144942,12
1309151187,42
1309160635,14
1309164822,25
1309173710,36
1309188262,14
1309225609,16
1309245485,19
1309246845,77
1309249926,40
1309280330,15
1309282831,561
1309286742,13
1309325573,21
1309341321,241
1309348250,68
1309349093,14
1309360788,43
1309370339,17
1309385521,20
1309391856,16
1309399723,511
1309403290,12
1309407208,25
1309410209,13
1309425913,53
1309433170,15
1309433504,79
1309435192,35
1309437536,555
1309439134,18
1309451980,3417
1309472658,17
1309476358,165
1309487694,25
1309499087,1111
1309505221,1720
1309510538,39
1309516453,12
1309540034,19
1309545902,26
1309553976,27
1309554690,257
1309561049,14
1309581098,13
1309583104,13
1309585508,1034
1309586086,46
1309586764,11
1309587458,191
1309597733,19
1309601929,22
1309605115,14
1309611294,21
1309617936,31
1309620561,12
1309631593,13
1309640971,38
1309647838,72
1309661157,16
1309661906,205
1309664593,79
1309664986,81
1309668849,130
1309671224,34
1309676304,137
1309680814,14
1309681281,19
1309681855,255
1309681945,20
1309687875,16
1309697928,17
1309703648,49
1309704070,23
1309709313,53
1309712229,16
1309737637,159
1309738430,16
1309751899,5205
1309759774,101
1309760179,70
1309767411,12
1309781127,93
1309782162,21
1309790222,32
1309793819,22
1309799622,28
1309804498,27
1309804746,25
1309815142,30
1309818833,58
1309830743,16
1309831189,23
1309832934,20
1309836866,290
1309846497,138
1309846574,76
1309857238,153
1309873735,19
1309889408,20
1309902610,104
1309907019,32
1309914275,11
1309929858,14
1309939393,14
1309949076,81
1309960637,19
1309963061,14
1309964649,30
1309965117,57
1309966437,32
1309972807,28
1309976848,12
1309990836,2
1309992998,68
1309994258,23
1309996887,21
1309997615,28
1310007456,27
1310007689,13
1310013986,476
1310014869,355
1310038761,19
1310045865,14
1310057619,4276
1310064911,14
1310066833,65
1310082015,25
1310097724,41
1310109196,258
1310126574,13
1310126867,214
1310139882,43
1310140413,11
1310156788,29
1310159401,40
1310161451,46
1310162837,1173
1310169028,13
1310187403,16
1310191503,73
1310199195,15
1310208173,32
1310243342,147
1310243752,58
1310254507,23
1310260640,82
1310271207,239
1310274020,57
1310274582,51
1310285353,94
1310294466,106
1310296661,72
1310307310,277
1310309392,60
1310313058,12
1310314263,37
1310314499,26
1310318281,1
1310363431,46
1310380073,74
1310383349,28
1310396953,19
1310406084,24
1310428322,178
1310429236,62
1310450222,25
1310451183,11
1310474846,107
1310495129,11
1310500533,14
1310505194,21
1310538762,150
1310543401,1297
1310567981,11
1310577552,29
1310586510,101
1310594307,83
1310601561,674
1310610581,27
1310624440,249
1310624630,749
1310629295,32
1310630466,31
1310632392,20
1310635707,17
1310636883,13
1310641242,37
1310650417,17
1310665145,15
1310666689,1989
1310679785,47
1310681525,16
1310682277,31
1310682390,11
1310685702,12
1310687669,38
1310691580,984
1310692055,26
1310694908,12
1310696198,17
1310700974,118
1310705177,56
1310705824,101
1310715414,309
1310716843,255
1310727310,32
1310736783,15
1310741811,439
1310748800,206
1310757100,103
1310757503,11
1310758816,1615
1310767243,165
1310767575,18
1310782100,15
1310782328,26
1310785779,15
1310788413,24
1310791404,1859
1310798572,16
1310813330,263
1310819016,26
1310825919,62
1310830484,69
1310844245,39
1310847317,1119
1310858736,12
1310865330,321
1310871684,22
1310874500,136
1310885424,35
1310902433,178
1310922073,16
1310922614,15
1310937286,15
1310940802,115
1310964744,31
1310966347,52
1310967763,59
1310968158,161
1310973801,51
1310976735,28
1310977717,13
1310981351,99
1310982497,66
1311000158,104
1311000427,33
1311004634,14
1311007832,11
1311043182,12
1311058503,51
1311071006,18
1311073479,12
1311085469,201
1311089623,14
1311096964,36
1311097438,13
1311098573,16
1311108439,2922
1311117641,13
1311124886,27
1311138783,12
1311147433,59
1311153410,362
1311160595,15
1311163719,50
1311174165,76
1311175410,24
1311186098,25
1311196031,16
1311213274,44
1311225763,695
1311242301,33
1311245795,65
1311250427,73
1311257557,1
1311273226,25
1311304578,95
1311307019,42
1311313529,354
1311343748,11
1311345774,11
1311345825,13
1311349557,28
1311384232,1026
1311394991,11
1311401615,11
1311411474,98
1311422733,12
1311424418,33
1311425451,0
1311437062,33
1311468146,37
1311473088,67
1311485484,90
1311491381,114
1311492346,22
1311494325,20
1311500998,0
1311501610,1
1311502074,0
1311502709,19
1311503215,0
1311503723,0
1311504457,0
1311505830,0
1311529044,17
1311535386,12
1311562347,14
1311578618,21
1311581613,16
1311615093,21
1311616339,45
1311630122,50
1311640403,55
1311664525,226
1311668806,63
1311672561,12
1311673540,25
1311678225,170
1311686694,46
1311697330,113
1311705381,78
1311705407,14
1311706813,30
1311712568,12
1311716728,180
1311726422,21
1311732585,24
1311737455,13
1311739668,23
1311740729,32
1311747864,34
1311760177,21
1311760221,12
1311762905,60
1311769536,57
1311777322,28
1311777851,15
1311778103,11
1311803282,22
1311807280,38
1311807406,182
1311829424,10
1311833401,30
1311854354,147
1311869304,12
1311892484,14
1311901064,61
1311914043,66
1311921003,212
1311928786,12
1311936638,39
1311956660,23
1311957569,52
1311964297,45
1311974330,12
1311982302,20
1311998459,55
1312008708,120
1312026582,140
1312027571,26
1312029783,214
1312033853,1
1312036354,96
1312038136,0
1312038724,50
1312044413,16
1312044635,0
1312045449,1
1312049432,1
1312049524,389
1312051024,18
1312052589,20
1312055438,19
1312055731,0
1312070559,48
1312086672,102
1312090216,1
1312098151,13
1312117697,143
1312126862,18
1312130863,11
1312139641,13
1312142639,740
1312146061,25
1312150421,130
1312150651,87
1312153246,125
1312158011,73
1312158335,1504
1312161341,95
1312193222,123
1312196199,19
1312196547,16
1312198605,170
1312208627,13
1312220956,298
1312224999,44
1312228909,15
1312239443,440
1312245950,497
1312247338,75
1312249564,24
1312257227,3362
1312258286,11
1312278161,23
1312280882,282
1312288602,290
1312292672,53
1312306755,13
1312323374,16
1312341145,11
1312346598,63
1312346934,74
1312375880,168
1312393328,14
1312403743,18
1312406410,30
1312422942,73
1312424308,14
1312428500,37
1312438113,20
1312446183,103
1312462049,14
1312466494,66
1312473145,68
1312477654,92
1312485662,187
1312488824,527
1312493082,16
1312513731,129
1312517093,33
1312530712,16
1312532956,13
1312538053,13
1312540818,37
1312543008,17
1312545580,67
1312545887,60
1312546480,89
1312547265,34
1312551044,157
1312554298,849
1312554404,432
1312558359,11
1312563136,16
1312564120,76
1312574524,18
1312580372,86
1312583711,12
1312590850,82
1312591765,231
1312609286,607
1312610893,24
1312612110,11
1312619737,675
1312627260,62
1312661484,12
1312665350,253
1312680132,52
1312683471,11
1312685460,35
1312693131,15
1312693622,17
1312698116,35
1312710283,239
1312716448,128
1312728158,14
1312729279,98
1312738975,13
1312740155,45
1312752179,158
1312756784,110
1312759592,325
1312762173,240
1312778103,22
1312793653,11
1312806315,42
1312807575,4306
1312808843,12
1312814720,19
1312835170,36
1312835660,18
1312851600,15
1312859624,15
1312866998,45
1312879027,65
1312879869,16
1312892713,16
1312902046,140
1312909652,158
1312909869,137
1312910397,11
1312912332,14
1312917672,15
1312919844,27
1312920018,31
1312920802,24
1312924030,61
1312924533,11
1312924592,67
1312925920,30
1312927051,27
1312934614,27
1312949602,47
1312949782,152
1312956538,15
1312957276,31
1312958361,44
1312966353,21
1312985062,22
1312985238,24
1312987866,26
1312990519,21
1312990898,33
1313000137,116
1313004200,26
1313006074,101
1313011686,86
1313012236,16
1313026445,101
1313031641,12
1313032827,81
1313041772,348
1313044653,20
1313045538,11
1313064103,68
1313070818,12
1313085544,54
1313088952,13
1313106112,11
1313130082,8
1313138826,60
1313142522,84
1313157720,21
1313164370,65
1313166155,70
1313181765,85
1313197580,67
1313214764,41
1313215450,861
1313222155,11
1313225248,103
1313232630,33
1313236648,37
1313239727,162
1313243427,14
1313281849,15
1313284310,18
1313288190,33
1313290235,57
1313292616,12
1313295846,59
1313300049,37
1313314563,11
1313315719,17
1313325215,127
1313341722,15
1313351403,97
1313352721,188
1313355587,31
1313358017,117
1313360734,40
1313360851,21
1313362873,17
1313369906,16
1313374269,44
1313375317,153
1313378548,182
1313381402,69
1313392636,30
1313397312,105
1313411155,46
1313427207,11
1313430820,19
1313432487,38
1313434625,710
1313435339,2337
1313435665,21
1313436648,52
1313441607,14
1313451184,272
1313453387,29
1313463885,148
1313485867,11
1313488505,19
1313488876,12
1313505044,36
1313512177,11
1313524608,21
1313528093,158
1313531698,15
1313548808,61
1313549651,16
1313550097,13
1313550111,44
1313555494,11
1313572572,12
1313573635,301
1313576395,8706
1313580625,24
1313592821,25
1313594931,33
1313597274,195
1313605451,14
1313610207,39
1313612260,23
1313614650,494
1313617280,11
1313620762,14
1313627220,13
1313635970,46
1313670990,21
1313671055,41
1313678749,39
1313691908,21
1313699888,12
1313706469,11
1313714467,27
1313732283,280
1313733120,11
1313733249,103
1313742872,16
1313744584,23
1313763142,74
1313770200,165
1313785939,180
1313805296,50
1313805761,16
1313808387,107
1313817088,148
1313835429,21
1313843554,140
1313844277,104
1313847312,10
1313855420,12
1313865197,20
1313886041,68
1313895034,16
1313901190,64
1313902928,11
1313905017,14
1313914433,12
1313919481,104
1313919842,23
1313921896,109
1313941347,75
1313950222,43
1313951228,120
1313954221,38
1313966068,1223
1313972226,94
1313978749,19
1313980708,11
1313993247,37
1313999061,34
1314005304,35
1314007736,14
1314017272,26
1314017288,13
1314029122,96
1314033208,50
1314035762,14
1314036825,129
1314048518,2919
1314064046,29
1314070900,98
1314075859,243
1314077782,14
1314090794,22
1314096019,12
1314104494,94
1314105991,124
1314112828,38
1314121831,24
1314131289,78
1314140996,66
1314141621,26
1314159634,37
1314180940,23
1314181734,18
1314186121,21
1314190101,126
1314213737,275
1314223012,135
1314223440,27
1314225526,72
1314243622,57
1314267613,88
1314268068,108
1314272530,17
1314277259,25
1314289943,32
1314300684,68
1314304412,81
1314307824,12
1314331320,77
1314351367,20
1314351515,17
1314365508,12
1314368765,337
1314372174,15
1314384305,13
1314400315,11
1314404827,799
1314407693,12
1314411582,44
1314411983,12
1314426744,17
1314435335,59
1314435709,25
1314437735,47
1314439583,19
1314446438,406
1314448411,17
1314450193,44
1314465738,14
1314471674,31
1314494428,84
1314502072,44
1314507647,30
1314510108,27
1314510451,88
1314513956,66
1314515526,17
1314518085,479
1314525428,81
1314530051,13
1314535038,337
1314539144,11
1314549531,68
1314553634,187
1314555301,12
1314556783,162
1314562499,15
1314573574,19
1314575500,12
1314575864,67
1314577732,48
1314582570,16
1314587317,59
1314597444,481
1314597640,28
1314606490,43
1314609786,103
1314621723,72
1314635382,30
1314646280,20
1314650261,27
1314665580,115
1314666759,14
1314688202,51
1314692458,66
1314696900,47
1314705337,24
1314708146,33
1314708569,12
1314719265,42
1314751354,17
1314761721,29
1314768270,13
1314771915,122
1314775126,4
1314785707,143
1314787397,209
1314793770,92
1314796671,90
1314797404,45
1314807642,65
1314810821,22
1314814693,17
1314828347,75
1314829815,132
1314839093,90
1314848571,12
1314861868,45
1314886398,67
1314897407,13
1314898286,37
1314902293,15
1314907124,18
1314908790,926
1314919710,11
1314921459,14
1314930526,75
1314930742,37
1314935411,40
1314939164,31
1314942306,14
1314942734,17
1314955865,14
1314963175,230
1314965195,35
1314965780,11
1315002015,21
1315011203,26
1315013718,50
1315019806,128
1315046220,13
1315050467,18
1315060524,157
1315090338,32
1315107360,177
1315124331,16
1315145555,22
1315148422,181
1315151205,25
1315161527,15
1315162321,14
1315174739,46
1315176698,42
1315197623,13
1315202731,34
1315206477,13
1315237738,11
1315250209,107
1315253319,19
1315259344,128
1315261510,16
1315264982,214
1315274753,21
1315310857,307
1315325448,124
1315337233,11
1315345631,11
1315360669,240
1315380003,15
1315384578,575
1315386783,15
1315387640,13
1315396243,32
1315403737,30
1315417479,19
1315421856,19
1315423038,12
1315424242,2350
1315427742,117
1315440714,63
1315458055,241
1315467948,31
1315490794,29
1315496140,700
1315506094,25
1315507441,14
1315524449,35
1315532431,15
1315554178,20
1315554554,17
1315555252,109
1315559738,71
1315590382,107
1315593981,250
1315606516,12
1315608225,39
1315612819,16
1315615915,30
1315616754,23
1315617533,17
1315624465,112
1315633191,439
1315636287,281
1315650270,46
1315653133,76
1315655500,11
1315666966,1293
1315694205,55
1315704673,1082
1315704894,31
1315719035,52
1315725201,2
1315727835,31
1315752194,14
1315754570,29
1315756690,18
1315759320,15
1315771979,1022
1315773456,89
1315775537,119
1315780685,61
1315782012,16
1315782075,13
1315782500,64
1315788070,18
1315788496,1726
1315791355,11
1315799079,695
1315812726,344
1315815106,31
1315829821,79
1315850048,662
1315854686,2419
1315862117,51
1315868156,17
1315871263,34
1315872547,25
1315873482,12
1315881431,48
1315882506,47
1315885684,192
1315898112,26
1315908836,12
1315913180,15
1315917939,27
1315920735,20
1315929647,2801
1315945353,11
1315946971,46
1315962414,155
1315972279,14
1315994465,113
1315995847,31
1316006189,22
1316017987,16
1316018310,31
1316027708,85
1316033508,155
1316035735,85
1316038912,23
1316040374,29
1316058101,100
1316065836,2
1316073756,117
1316084541,20
1316091624,13
1316095157,78
1316114472,150
1316125494,51
1316132985,18
1316182715,22
1316187395,43
1316195094,128
1316202030,15
1316217740,30
1316220263,19
1316232500,21
1316239060,27
1316240573,21
1316262618,27
1316266139,41
1316273378,55
1316282601,36
1316292189,104
1316295800,38
1316298108,13
1316298951,293
1316301768,11
1316320567,31
1316321471,13
1316327387,23
1316331731,12
1316344428,14
1316356625,15
1316365555,577
1316371799,410
1316373075,38
1316378608,53
1316380795,16
1316387098,11
1316388080,340
1316440427,115
1316441040,31
1316443307,3829
1316443332,38
1316451942,202
1316474873,62
1316478168,53
1316480843,51
1316485187,76
1316490853,33
1316509952,16
1316527318,14549
1316536180,25
1316538156,69
1316538729,45
1316544157,71
1316553733,310
1316568189,12
1316586400,19
1316590209,15
1316591500,15
1316592914,11
1316594544,15
1316594840,84
1316595638,62
1316596909,53
1316597022,22
1316597685,66
1316597776,14
1316597823,11
1316599000,55
1316599118,13
1316601917,66
1316642877,38
1316673002,173
1316673337,30
1316678048,15
1316679883,30
1316686157,98
1316701203,19
1316703022,26
1316707723,95
1316712864,39
1316715856,15
1316762886,15
1316765705,13
1316775238,19
1316783029,42
1316793737,308
1316795029,219
1316795249,23
1316799715,11
1316808195,53
1316825297,116
1316826510,11
1316827897,48
1316838184,17
1316860569,32
1316875788,4535
1316883315,83
1316894183,20
1316907092,31
1316909862,12
1316924477,144
1316933090,11
1316944679,109
1316946692,629
1316947252,12
1316954065,12
1316968835,64
1316983376,66
1317000300,25
1317005876,25
1317011745,43
1317026993,18
1317035639,67
1317036455,14
1317041031,7995
1317054555,393
1317064728,11
1317066429,116
1317066456,21
1317066828,45
1317071286,13
1317086026,123
1317089093,89
1317093528,15
1317095624,16
1317118119,190
1317118467,53
1317152420,17
1317170588,15
1317172464,115
1317172804,22
1317183975,11
1317190160,17
1317191653,120
1317198312,65
1317202867,85
1317210052,72
1317211370,24
1317211809,67
1317234451,12
1317237779,14
1317239540,14
1317244380,32
1317248227,49
1317261674,40
1317266955,58
1317273101,122
1317280647,20
1317304497,84
1317322071,50
1317322518,21
1317323848,66
1317328379,11
1317332295,0
1317333477,0
1317348950,11
1317354312,1
1317356529,0
1317358185,897
1317358607,0
1317359824,0
1317360095,0
1317361536,12
1317376183,125
1317379324,71
1317383744,34
1317385739,56
1317413024,22
1317420606,24
1317434942,138
1317438192,41
1317439916,17
1317448886,1
1317463144,37
1317466681,16
1317467366,14
1317472781,37
1317490924,11
1317496789,22
1317498322,143
1317508324,11
1317515809,629
1317527211,60
1317541451,3
1317564135,184
1317571548,42
1317575332,22
1317584210,53
1317597851,69
1317608912,24
1317611495,29
1317638285,99
1317638368,41
1317679835,38
1317695757,13
1317703606,11
1317714743,19
1317714931,30
1317721033,32
1317724906,10
1317742704,155
1317749372,65
1317780464,128
1317805815,71
1317820455,22
1317834385,41
1317842624,92
1317845318,116
1317845894,108
1317850140,17
1317853585,45
1317857887,11
1317863622,56
1317888287,12
1317890750,16
1317893214,71
1317902880,52
1317911084,103
1317915210,13
1317915277,12
1317920445,41
1317924808,14
1317927085,33
1317930819,33
1317946380,51
1317970569,234
1317978834,13
1317979155,11
1317984735,48
1317985760,13
1317996135,142
1317998700,20
1318002754,4
1318009903,15
1318019826,24
1318023660,70
1318025112,1803
1318037436,25
1318053703,26
1318057073,25
1318057433,17
1318072933,48
1318081867,16
1318087745,381
1318091082,38
1318092877,52
1318096478,167
1318100800,39
1318102439,52
1318111439,21
1318150396,75
1318152768,42
1318164526,26
1318184764,1344
1318187016,5020
1318197751,15
1318211548,20
1318213206,15
1318229004,97
1318233396,12
1318237562,11
1318241125,33
1318245682,20
1318251650,13
1318252591,27
1318257480,33
1318258994,20
1318274214,4
1318289209,17
1318289840,20
1318289843,131
1318293898,18
1318294378,12
1318304916,189
1318310911,43
1318315172,89
1318320674,60
1318330553,69
1318341671,73
1318342814,15
1318348313,61
1318353635,14
1318360190,31
1318361504,142
1318369502,31
1318379446,65
1318382003,76
1318382587,736
1318383417,365
1318384497,12
1318384640,12
1318387487,14
1318388542,58
1318400137,18
1318404555,24
1318411646,31
1318423155,30
1318425443,13
1318425496,31
1318431764,61
1318436431,70
1318436679,13
1318445542,14
1318458711,12
1318459050,28
1318461482,11
1318465490,24
1318479117,13
1318483994,18
1318490286,26
1318504079,105
1318529228,29
1318548997,18
1318562243,121
1318609608,55
1318614758,12
1318621602,12
1318654705,16
1318658418,14
1318664032,50
1318672654,53
1318675746,14
1318681359,108
1318712528,32
1318722718,109
1318725835,47
1318727352,192
1318729673,22
1318734428,33
1318738214,24
1318768894,9690
1318777827,24
1318788427,20
1318795016,9
1318796567,13
1318801695,296
1318802395,37
1318804206,15
1318805473,14
1318820565,30
1318826614,31
1318830493,107
1318832252,108
1318832652,107
1318833049,109
1318833449,381
1318855915,28
1318858576,23
1318866816,105
1318873253,384
1318875738,0
1318882771,1
1318883031,1
1318885938,9
1318892468,1
1318893208,1213
1318894586,78
1318897483,30
1318900501,18
1318900928,14
1318904076,314
1318905261,13
1318913074,0
1318914813,44
1318937120,135
1318944817,10
1318947048,586
1318961055,15
1318963796,116
1318963974,12
1318966444,47
1318967247,12
1318969718,22
1318977228,13
1318977673,14
1318978967,8
1318979351,7
1318987374,20
1319004034,12
1319010645,95
1319017608,23
1319031883,33
1319036011,19
1319037509,33
1319051191,43
1319051889,19
1319066980,2
1319067720,47
1319075968,28
1319085701,45
1319087070,21
1319093879,293
1319095350,16
1319102721,52
1319109139,242
1319112594,13
1319119605,41
1319132573,16
1319136719,138
1319137793,16
1319139342,11
1319156283,33
1319158290,14
1319160890,27
1319168519,11
1319169607,16
1319174653,1157
1319185876,93
1319198340,90
1319201095,15
1319201916,59
1319213105,22
1319215459,11
1319221351,160
1319225586,11
1319247547,200
1319248989,664
1319268814,167
1319277794,69
1319280026,1
1319290417,120
1319294522,30
1319296913,110
1319299763,25
1319308368,73
1319312065,33
1319318004,12
1319323481,77
1319325765,147
1319325965,13
1319328390,22
1319328610,22
1319336961,2515
1319353851,61
1319357404,13
1319357442,13
1319366891,10
1319367318,51
1319368210,134
1319373413,27
1319374673,24
1319378448,312
1319394660,20
1319417476,13
1319419492,4787
1319423199,45
1319438575,13
1319440456,11
1319443961,15
1319445130,81
1319474007,539
1319475824,11
1319495166,103
1319501276,35
1319535995,17
1319540329,130
1319544310,26
1319566713,90
1319573043,30
1319580960,116
1319600255,140
1319602786,20
1319610556,14
1319613433,14
1319616329,13
1319621005,20
1319623498,13
1319630301,5
1319634614,1
1319636380,28
1319638566,0
1319638787,0
1319643307,0
1319644682,27
1319645021,2
1319645784,0
1319647108,0
1319648286,303
1319651356,0
1319651581,0
1319652485,9
1319655999,0
1319656926,1
1319659765,1
1319665034,2
1319678347,175
1319680328,0
1319697693,14
1319701315,0
1319702332,13
1319711005,44
1319720221,1
1319749836,13
1319760746,29
1319776248,43
1319778645,15
1319780465,75
1319786688,98
1319793410,26
1319795009,2
1319797823,25
1319823035,61
1319824147,62
1319827146,33
1319832335,56
1319835565,148
1319840926,15
1319849272,13
1319851399,88
1319853777,21
1319855210,1221
1319870867,27
1319873617,170
1319873856,34
1319879136,276
1319899830,11
1319913823,364
1319919713,2
1319921002,347
1319927892,698
1319929531,19
1319930579,13
1319935567,19
1319936575,14
1319940995,11
1319941229,40
1319945044,73
1319946565,14
1319951501,24
1319960845,23
1319996831,15
1320010935,35
1320019880,141
1320029807,16
1320032479,0
1320038780,98
1320038965,13
1320039160,53
1320039519,90
1320057578,15
1320069781,43
1320078754,11
1320081580,53
1320085548,64
1320086941,152
1320088898,132
1320091816,916
1320101490,3141
1320109030,15
1320110114,47
1320127508,57
1320140163,15
1320145775,124
1320148460,12
1320151833,168
1320154042,100
1320154809,23
1320160089,19
1320162302,39
1320178198,72
1320187512,16
1320191889,871
1320195608,147
1320201809,12
1320202144,28
1320203112,3
1320206061,20
1320208076,69
1320210031,12
1320225787,0
1320226649,0
1320239169,107
1320242285,1150
1320246076,81
1320252722,21
1320257424,0
1320260594,12
1320270455,727
1320271414,101
1320279890,33
1320283832,263
1320291718,20
1320292651,16
1320295785,26
1320301761,13
1320307428,718
1320308769,23
1320308904,17
1320316688,48
1320328062,11
1320332255,16
1320333770,17
1320337931,71
1320337958,11
1320339732,255
1320347777,30
1320349038,15
1320354524,11
1320360869,1
1320361728,0
1320369294,43
1320371134,0
1320379092,31
1320387914,103
1320389065,15
1320394130,11
1320412291,1
1320413062,0
1320444346,797
1320448216,121
1320453043,277
1320456601,0
1320457204,21
1320463514,28
1320472884,31
1320490421,0
1320496553,0
1320502145,306
1320502697,16
1320507130,0
1320508734,0
1320532788,0
1320538689,28
1320578276,32
1320658226,39
1320682291,68
1320723546,17
1320737819,12
1320763344,48
1320767711,104
1320804509,46
1320818729,140
1320824737,82
1320827273,993
1320838720,26
1320874379,13
1320905866,14
1320932400,41
1320943282,22
1321015213,11
1321035178,15
1321045269,109
1321050149,323
1321050932,7
1321063327,19
1321069859,10
1321085715,18
1321088913,83
1321100725,12
1321135386,121
1321139753,22
1321142548,54
1321150084,16
1321152436,251
1321161662,78
1321164726,13
1321166557,443
1321177738,15
1321182314,40
1321204158,23
1321205409,12
1321209080,56
1321213830,27
1321216024,53
1321219788,167
1321236807,14
1321239702,28
1321259990,1
1321260596,71
1321275205,41
1321277409,16
1321280018,82
1321280738,333
1321285248,11
1321291692,50
1321324242,77
1321327978,19
1321336595,16
1321356000,58
1321359471,105
1321376069,47
1321379766,39
1321382020,30
1321396874,143
1321397116,31
1321399490,43
1321407943,0
1321408165,694
1321408361,51
1321422619,19
1321423834,28
1321436547,175
1321441704,40
1321458166,13
1321458559,21
1321458827,17
1321461994,13
1321465913,18
1321469177,13
1321478154,12
1321490481,49
1321493628,15
1321499283,33
1321505820,29
1321507377,41
1321515356,31
1321517392,53
1321545971,24
1321546743,14
1321559698,403
1321574827,25
1321591183,99
1321624668,1451
1321632884,12
1321637157,28
1321668961,126
1321674005,33
1321674874,84
1321678498,94
1321678758,37
1321688525,652
1321689447,19
1321695604,20
1321699044,27
1321714128,16
1321722857,18
1321738568,18
1321749130,45
1321770621,80
1321772520,30
1321773119,57
1321773777,57
1321776044,145
1321781742,62
1321784163,62
1321786097,70
1321788330,20
1321790489,592
1321815624,27
1321818508,61
1321824972,61
1321826970,223
1321841047,18
1321878142,134
1321884777,56
1321885031,16
1321888095,127
1321890359,31
1321895537,13
1321906459,16
1321907813,12
1321908669,41
1321920026,3308
1321921283,170
1321926278,36
1321936789,2
1321952946,22
1321967766,16
1321988451,71
1321994122,11
1321996634,64
1322012299,20278
1322016298,32
1322030451,116
1322045689,29
1322051065,29
1322054270,34
1322055568,62
1322083929,314
1322091211,118
1322098015,118
1322098652,41
1322113808,15
1322120053,96
1322136828,1431
1322162271,15
1322180690,12
1322183015,227
1322187842,297
1322193747,27
1322195763,14
1322214052,238
1322224491,11
1322226624,623
1322239420,88
1322241466,276
1322243816,38
1322254311,279
1322256167,3
1322256388,24
1322284570,33
1322298114,20
1322327414,13
1322339572,84
1322350350,49
1322351307,51
1322356489,37
1322370305,91
1322371775,47
1322388294,136
1322396669,54
1322411592,34
1322419783,14
1322427037,11
1322432533,18
1322438508,81
1322439023,79
1322452208,12
1322477142,32
1322480547,79
1322481762,311
1322497894,11
1322502505,1338
1322505194,37
1322510470,33
1322524751,153
1322532419,18
1322535083,15
1322551166,14
1322562247,11
1322579884,11
1322583727,11
1322584104,52
1322620648,20
1322621080,44
1322626388,150
1322633620,119
1322640431,40
1322651268,3321
1322652272,63
1322660175,55
1322662035,32
1322668478,23
1322671404,36
1322685769,17
1322694663,29
1322694783,96
1322695516,336
1322696095,11
1322698650,1797
1322699193,90
1322701347,19
1322705161,16
1322725897,13
1322734311,38
1322754000,361
1322754864,88
1322761659,11
1322767235,20
1322768766,5342
1322781104,171
1322794014,43
1322795798,62
1322796395,38
1322797880,25
1322798245,280
1322799348,188
1322799599,14
1322800734,29
1322801375,69
1322819359,53
1322820611,18
1322821393,26
1322825368,887
1322829806,3
1322840923,17
1322850354,572
1322858344,13
1322860688,52
1322861156,19
1322882679,28
1322889322,82
1322892096,86
1322906687,74
1322918377,122
1322919742,31
1322934980,24
1322938008,15
1322938843,67
1322943860,598
1322948077,33
1322956121,31
1322956288,16
1322957439,30
1322963697,75
1322968369,11
1322972550,11
1322976119,85
1322976829,71
1322979659,102
1322983543,107
1322991820,21
1323002898,14
1323003537,119
1323005921,88
1323012485,13
1323018222,21
1323031425,24
1323039537,282
1323039916,159
1323045322,62
1323045821,152
1323047651,79
1323048240,454
1323064086,33
1323076522,26
1323076885,19
1323081107,34
1323093689,35
1323101134,54
1323121740,18
1323122780,52
1323125178,13
1323127278,544
1323128380,19
1323130935,184
1323148141,11
1323164432,12
1323166404,109
1323192475,30
1323215530,38
1323217400,11
1323231803,20
1323260088,38
1323280384,42
1323288013,137
1323306782,62
1323315123,15
1323322459,701
1323366767,32
1323366961,336
1323374070,13
1323375521,161
1323379669,14
1323385695,18
1323389770,14
1323419190,474
1323419458,22
1323437451,16
1323441852,12
1323449258,32
1323450164,32
1323452550,912
1323463941,136
1323467011,78
1323479933,178
1323482446,48
1323487520,28
1323490949,12
1323494570,17
1323498380,37
1323508453,11
1323511527,3438
1323514075,53
1323525253,43
1323545303,32
1323548506,596
1323552500,20
1323562930,24
1323569480,15
1323577359,62
1323581499,81
1323595365,4
1323600817,48
1323610205,22
1323629688,149
1323646443,16
1323654521,29
1323663794,806
1323673335,165
1323688475,12
1323692802,495
1323695128,37
1323695325,104
1323695358,210
1323706334,11
1323712925,45
1323729948,12
1323731499,15
1323736669,22
1323739326,17
1323741593,17
1323742531,22
1323743516,22
1323758620,21
1323763720,1597
1323764338,11
1323777381,2
1323780819,23
1323782838,13
1323787093,1
1323796113,329
1323809707,132
1323833414,90
1323840812,43
1323841129,17
1323845482,78
1323869266,54
1323875882,15
1323907664,147
1323908322,24
1323919094,416
1323926490,7
1323931693,22
1323933315,70
1323938708,51
1323950321,195
1323950625,103
1323957541,33
1323961166,264
1323968214,19
1323978754,1216
1323984334,625
1323985353,80
1323988988,16
1323993731,56
1323995843,64
1324010126,19
1324010880,13
1324015717,139
1324016826,11
1324034609,11
1324050127,13
1324058131,51
1324059656,18
1324063135,38
1324071199,239
1324083696,51
1324107430,25
1324116672,27
1324117656,134
1324124790,15
1324132179,11
1324137339,46
1324139494,26
1324157281,77
1324166631,198
1324208491,934
1324216451,38
1324216947,19
1324219364,41
1324223080,52
1324224872,11
1324232013,17
1324234627,12
1324240706,75
1324250345,44
1324263473,299
1324284666,38
1324288620,75
1324303568,11
1324303646,142
1324311422,109
1324339417,66
1324351548,13
1324356135,37
1324366886,32
1324379613,11
1324381785,144
1324382874,103
1324384595,18
1324385140,32
1324395929,89
1324402921,14
1324446719,13
1324460855,49
1324465774,32
1324469331,14
1324477638,16
1324482694,164
1324485862,126
1324487331,11
1324488755,21
1324491658,236
1324495180,37
1324516919,43
1324519003,41
1324527947,49
1324533929,90
1324537078,27
1324538069,173
1324542295,16
1324543298,22
1324546795,23
1324553091,24
1324562076,18
1324588172,108
1324601240,216
1324601866,113
1324606434,188
1324607505,41
1324611806,222
1324612818,228
1324614213,254
1324617921,152
1324620765,63
1324625041,150
1324627514,96
1324627622,247
1324629459,212
1324636939,212
1324639578,213
1324640215,40
1324644624,259
1324645135,212
1324645677,257
1324658671,30
1324664250,272
1324665350,38
1324665385,237
1324668664,18
1324669155,41
1324673997,13
1324679594,859
1324683399,226
1324685189,119
1324693430,216
1324702702,204
1324704163,60
1324704245,41
1324713299,25
1324715563,16
1324718098,14
1324720705,25
1324721157,1
1324727538,15
1324731844,44
1324741372,11
1324744711,31
1324749263,519
1324749738,20
1324769510,58
1324776233,50
1324795580,42
1324803269,20
1324817742,168
1324823170,14
1324824206,16
1324838427,15
1324847108,548
1324849012,14
1324853220,34
1324858135,40
1324858352,12
1324891625,47
1324895208,51
1324899104,77
1324932440,86
1324946854,12
1324948322,44
1324949198,88
1324950805,65
1324952686,32
1324958927,19
1324965056,19
1324971080,31
1324983964,29
1325016742,17
1325019182,21
1325028032,94
1325041735,22
1325049119,12
1325052623,11
1325059793,48
1325060390,93
1325060410,41
1325064335,109
1325072646,17
1325083738,19
1325096132,2724
1325097653,20
1325101953,164
1325104810,571
1325112478,108
1325128920,13
1325141112,66
1325142316,16
1325155347,36
1325182514,20
1325188164,30
1325194554,0
1325202227,22
1325206693,122
1325230804,41
1325231370,17
1325241665,33
1325286935,11
1325297391,85
1325304283,12
1325310921,12
1325315882,12
1325324098,54
1325331240,161
1325331751,36
1325334963,21
1325337668,105
1325344471,368
1325371159,12
1325376764,94
1325377922,13
1325381890,55
1325392505,14
1325410311,12
1325418450,37
1325423888,187
1325437839,11
1325458789,49
1325459387,343
1325473104,21
1325475853,12
1325478362,18
1325483573,93
1325489072,67
1325509713,93
1325561565,18
1325576698,33
1325588165,20
1325592680,45
1325604847,78
1325614151,45
1325687429,35
1325714602,20
1325723889,48
1325748595,45
1325805237,49
1325839630,15
1325853520,44
1325861181,18
1325888868,35
1325895668,22
1325897531,67
1325901216,13
1325902812,29
1325916970,43
1325996077,98
1326008263,219
1326035801,19
1326044641,123
1326053961,34
1326054908,5
1326056513,251
1326071833,60
1326088798,121
1326089811,344
1326099407,873
1326100627,27
1326115288,75
1326130379,29
1326134013,30
1326137943,28
1326140471,52
1326143244,36
1326154796,12
1326164488,44
1326173426,15
1326177141,45
1326180722,58
1326189017,109
1326194383,21
1326198592,52
1326199068,66
1326210686,87
1326222384,41
1326224688,39
1326228297,17
1326235132,194
1326235614,12
1326235960,33
1326239454,20
1326240806,106
1326244070,116
1326249163,222
1326251311,103
1326261673,42
1326266863,72
1326292154,47
1326302831,21
1326316542,308
1326317824,97
1326325297,96
1326329875,756
1326337581,12
1326344042,94
1326350218,94
1326381011,46
1326392947,23
1326394141,89
1326394720,272
1326402179,93
1326420620,190
1326422884,26
1326452281,35
1326458055,94
1326464530,20
1326467757,93
1326479281,12
1326480303,778
1326486804,0
1326489552,26
1326497156,130
1326507166,32
1326515774,585
1326522983,14
1326529720,19
1326531152,850
1326532838,15
1326547070,33
1326554666,92
1326574350,561
1326578519,18
1326586077,65
1326593358,13
1326596330,18
1326596385,12
1326607979,177
1326609621,12
1326639319,17
1326642999,106
1326650657,12
1326654671,2163
1326671554,15
1326675251,20
1326681144,179
1326682918,343
1326723034,31
1326723184,19
1326728658,11
1326729848,20
1326732485,11
1326737916,37
1326757672,93
1326758887,11
1326763427,19
1326773343,24
1326779390,19
1326785577,27
1326794832,127
1326807637,169
1326813141,13
1326822054,22
1326825726,20
1326836323,212
1326844625,19
1326853912,205
1326856161,54
1326893710,3322
1326915228,632
1326920589,27
1326935802,60
1326939689,12
1326942966,20
1326960768,11
1326963227,12
1326963742,386
1326970364,134
1327005655,13
1327008838,22
1327016629,16
1327017495,16
1327021058,137
1327070180,291
1327071007,116
1327076283,24
1327081238,53
1327083343,65
1327088798,4194
1327114542,28
1327124384,40
1327135163,74
1327170623,27
1327180127,123
1327181303,19
1327183282,12
1327190291,122
1327191572,107
1327214801,2367
1327221128,48
1327225282,444
1327230913,18
1327274680,143
1327274904,18
1327285989,18
1327287225,20
1327302572,29
1327310658,102
1327327043,142
1327328463,101
1327329738,135
1327333040,39
1327334049,14
1327346569,11
1327360831,193
1327364812,103
1327367130,59
1327387768,56
1327391344,34
1327394183,75
1327399926,41
1327406396,12
1327407830,11
1327408088,13
1327411925,84
1327414207,218
1327451853,68
1327455678,24
1327458936,19
1327480429,33
1327485749,94
1327488191,17
1327494327,12
1327497611,510
1327497865,242
1327502931,1541
1327504083,50
1327504314,93
1327504713,20
1327506365,117
1327516253,94
1327530585,20
1327537217,93
1327537702,1
1327541787,93
1327542058,1
1327542811,11
1327544079,1
1327546939,1
1327549440,1
1327551340,94
1327556525,37
1327574724,94
1327574742,140
1327584991,84
1327587687,16
1327589312,2
1327591718,54
1327597546,12
1327600825,19
1327610423,26
1327615345,77
1327616101,63
1327630460,20
1327634219,30
1327647115,67
1327654942,58
1327672071,46
1327678038,47
1327679001,222
1327679348,79
1327682682,21
1327688858,244
1327703576,26
1327720872,11
1327722130,12
1327741635,575
1327745309,24
1327760492,15
1327769792,22
1327770542,90
1327771378,70
1327772426,77
1327812422,128
1327819882,20
1327825895,15
1327829284,14
1327855429,54
1327856083,23
1327859722,106
1327882465,17
1327912660,122
1327918915,17
1327935413,51
1327979474,35
1327981697,92
1327982974,21
1327999315,17
1328004208,108
1328010825,38
1328021837,171
1328035329,288
1328038695,11
1328041729,18
1328053986,51
1328078040,11
1328080712,12
1328095036,13
1328103438,74
1328146553,13
1328147909,13
1328154517,108
1328179440,26
1328194657,21
1328202159,77
1328222462,38
1328232367,14
1328249282,16
1328249314,81
1328251573,66
1328264456,32
1328284302,61
1328287322,18
1328310747,39
1328312204,77
1328330941,42
1328335662,152
1328340947,204
1328355234,112
1328358094,353
1328366185,21
1328389467,81
1328392883,13
1328393539,17
1328406087,131
1328406804,11
1328427203,14
1328433769,173
1328443059,16
1328444511,108
1328455222,11
1328466187,15
1328468175,144
1328474181,95
1328476182,12
1328481144,70
1328481917,12
1328497862,56
1328498728,26
1328501436,33
1328501958,584
1328526159,185
1328527258,253
1328532063,43
1328532636,12
1328542091,25
1328550807,25
1328564479,29
1328572130,11
1328580275,37
1328590564,28
1328596181,15
1328597658,16
1328598252,17
1328598292,540
1328599392,134
1328627783,2560
1328634552,11
1328637363,18
1328652275,72
1328655966,20
1328656683,41
1328656904,132
1328667649,16
1328668543,16
1328692002,70
1328692130,12
1328707869,191
1328712465,105
1328730284,35
1328742496,21
1328757117,22
1328764415,56
1328769721,1168
1328783846,42
1328787975,13
1328790913,12
1328795639,25
1328798993,16
1328803446,11
1328809295,28
1328816228,85
1328824432,54
1328825933,13
1328829300,45
1328830359,59
1328853711,49
1328854022,11
1328854403,13
1328861070,12
1328862207,42
1328868896,89
1328876445,28
1328879183,18
1328879530,18
1328889333,36
1328902345,24
1328931719,27
1328934583,15
1328936229,32
1328939473,34
1328945410,188
1328952004,232
1328955645,110
1328958105,259
1328963694,28
1328965478,11
1328966233,54
1328972071,21
1328973416,65
1328983281,82
1328986158,13
1328989945,92
1328993998,11
1328999564,12
1329000381,13
1329015230,30
1329019919,11
1329049965,13
1329050462,156
1329068056,13
1329068880,13
1329078157,310
1329080568,11
1329096836,246
1329105755,379
1329110841,57
1329128263,158
1329136737,301
1329147530,13
1329163060,662
1329167133,333
1329183470,74
1329192162,36
1329193820,16
1329197939,11
1329203213,17
1329206395,134
1329223745,90
1329262603,13
1329267018,30
1329270526,82
1329272295,3034
1329284982,19
1329291338,110
1329295499,76
1329307780,42
1329314423,14
1329315609,32
1329316947,33
1329320094,30
1329328083,12
1329342357,11
1329351407,35
1329353712,61
1329356755,15
1329357004,33
1329358049,14
1329365055,17
1329370534,129
1329374056,185
1329380787,391
1329396176,12
1329410717,14
1329412905,22
1329421755,18
1329423195,37
1329430882,37
1329438460,27
1329441055,12
1329442515,12
1329457912,8
1329459029,74
1329477354,72
1329481289,35
1329482074,46
1329484633,71
1329491612,252
1329501906,8
1329504081,77
1329505047,11
1329511267,11
1329520982,202
1329523769,79
1329527700,12
1329532338,130
1329535056,36
1329535977,36
1329561971,1160
1329573100,11
1329575745,37
1329587981,20
1329592703,93
1329595774,211
1329596477,14
1329601540,94
1329613421,32
1329624699,51
1329629252,1878
1329637462,16
1329643274,544
1329658588,93
1329663737,41
1329665466,82
1329669219,27
1329681238,12
1329688801,85
1329695341,20
1329695874,12
1329697250,54
1329702444,17
1329702794,17
1329704476,16
1329704518,22
1329705938,419
1329706276,30
1329710106,17
1329711203,85
1329717122,102
1329719848,21
1329723865,69
1329730975,68
1329758650,190
1329766967,58
1329772796,29
1329775407,36
1329778496,84
1329802802,2
1329806020,4
1329807733,48
1329817321,20
1329834110,103
1329843554,738
1329846683,102
1329847278,135
1329849289,1693
1329850500,36
1329896761,12
1329915046,63
1329918442,15
1329919679,31
1329925237,14
1329938634,20
1329954529,35
1329969587,41
1329972462,476
1329973913,14
1329986688,77
1330005206,135
1330006371,55
1330015402,20
1330046460,66
1330046962,16
1330048600,27
1330063459,0
1330075875,119
1330081591,101
1330084370,17
1330103508,19
1330108323,78
1330122331,13
1330127155,51
1330132149,111
1330133167,41
1330135801,2511
1330143688,19
1330144990,374
1330157080,15
1330160336,659
1330161504,22
1330175803,19
1330202874,21
1330202935,21
1330204791,20
1330206754,45
1330220596,18
1330222125,37
1330222767,20
1330239706,450
1330248807,38
1330259315,93
1330260203,14
1330260295,32
1330271159,27
1330282006,145
1330297001,47
1330298097,31
1330318865,110
1330329922,61
1330332758,79
1330332851,14
1330339939,17
1330347036,27
1330360148,100
1330367520,134
1330369527,162
1330375360,12
1330387157,156
1330409659,2
1330412774,14
1330413963,97
1330434395,198
1330439658,25
1330450385,44
1330457932,45
1330460638,17
1330461845,43
1330462451,12
1330462520,18
1330473381,123
1330475010,408
1330476066,99
1330493920,67
1330496923,25
1330507810,6
1330510119,4
1330513780,17
1330516443,12
1330516569,49
1330516937,403
1330530171,217
1330531961,302
1330541122,12
1330542419,136
1330551342,8
1330568623,82
1330573139,13
1330578988,101
1330585128,68
1330585421,13
1330595379,47
1330606242,21
1330606607,156
1330609336,13
1330620024,26
1330621209,108
1330627533,169
1330632565,2
1330637533,15
1330644388,193
1330646326,276
1330647435,75
1330647543,30
1330647892,85
1330652318,3
1330652407,810
1330669096,101
1330683084,17
1330687306,56
1330698126,157
1330702515,2734
1330706992,11
1330717140,102
1330719310,100
1330738995,15
1330762310,147
1330775457,105
1330775624,103
1330785579,51
1330797406,25
1330797628,16
1330805756,13
1330809662,145
1330817460,34
1330828102,91
1330836689,99
1330847698,12
1330857517,12
1330858727,38
1330864189,915
1330869473,164
1330875586,40
1330882929,280
1330901644,99
1330908282,59
1330909640,6
1330919548,88
1330930488,14
1330938244,13
1330948735,194
1330959200,176
1330960529,18
1330983726,50
1330984071,92
1331014414,108
1331018891,179
1331023859,203
1331025830,61
1331027444,51
1331030378,0
1331031602,26
1331044795,108
1331048894,16
1331049113,75
1331055771,12
1331078494,225
1331078718,27
1331079127,1512
1331084199,4
1331086429,131
1331086670,5
1331086842,17
1331104768,12
1331105012,30
1331112087,184
1331118057,110
1331119731,23
1331119852,25
1331122776,21
1331126576,92
1331135578,16
1331135699,20448
1331135798,97
1331141764,13
1331165805,18
1331168484,93
1331171993,11
1331175545,18
1331176828,11
1331183783,58
1331196092,141
1331202439,85
1331207288,392
1331208948,38
1331209128,84
1331217585,113
1331225083,102
1331225823,12
1331238111,42
1331242694,77
1331261687,2104
1331283163,168
1331306269,12
1331328001,21
1331333821,20
1331340460,44
1331343223,23
1331349107,13
1331366070,13
1331368522,18
1331392011,16
1331399015,25
1331417844,52
1331440110,102
1331441014,872
1331466051,36
1331470986,80
1331473860,19
1331477935,16
1331479180,34
1331483296,13
1331500511,32
1331510024,97
1331514192,17
1331519486,193
1331530885,134
1331532226,102
1331534901,117
1331538256,16
1331538751,53
1331551027,2
1331581864,343
1331604310,215
1331608070,78
1331619047,21
1331629885,35
1331635528,46
1331636953,6826
1331644818,105
1331646849,17
1331649570,58
1331651339,20
1331660357,35
1331661622,100
1331676909,60
1331682353,11
1331684414,11
1331687431,47
1331693594,48
1331694732,1
1331702344,13
1331707935,141
1331712273,29
1331718729,100
1331721780,17
1331723225,503
1331724387,15
1331728719,3470
1331732980,13
1331740864,14
1331741216,22
1331748819,1
1331752587,45
1331753988,19
1331754319,28
1331759511,26
1331760244,0
1331763167,186
1331765777,123
1331769662,57
1331787386,1
1331788266,1
1331788336,105
1331788893,14
1331796968,14
1331801753,12
1331803157,13
1331813703,14
1331817922,31
1331825203,85
1331826815,33
1331837555,50
1331857587,17
1331869739,127
1331897397,28
1331901587,186
1331913904,27
1331919771,96
1331927895,143
1331933796,32
1331944527,21
1331949060,98
1331950531,16
1331975250,484
1331979525,26
1331994955,22
1331999365,36
1332009127,1098
1332028915,35
1332043249,24
1332045055,11
1332059443,15
1332073142,1357
1332080070,4069
1332098727,30
1332104789,195
1332105799,27
1332109784,21
1332114272,85
1332122666,15
1332135149,404
1332135490,16
1332137279,30
1332137861,25
1332143980,12
1332145538,39
1332162237,108
1332163947,48
1332164591,17
1332165704,15
1332174495,15
1332184066,17
1332185853,357
1332206753,11
1332212466,162
1332216306,22
1332222725,43
1332228998,12
1332230141,33
1332230734,77
1332232432,13
1332243516,115
1332244698,12
1332247470,117
1332249222,145
1332269543,36
1332277078,18
1332281808,13
1332299623,11
1332299633,33
1332348091,66
1332356636,45
1332394842,97
1332396395,49
1332396549,56
1332397473,26
1332403959,56
1332419257,16
1332435127,37
1332450492,389
1332461149,43
1332463018,14
1332481591,41
1332485851,21
1332498297,14
1332500792,48
1332505367,20
1332532363,20
1332541807,300
1332559302,46
1332570754,24
1332582761,93
1332585907,109
1332590617,204
1332596477,102
1332599518,103
1332604484,112
1332615194,18
1332616861,16
1332619774,156
1332621372,104
1332626527,101
1332635704,52
1332643644,95
1332652922,89
1332654537,84
1332656411,146
1332659211,155
1332665268,69
1332667033,88
1332674770,95
1332682313,28
1332683811,93
1332692074,12
1332692176,90
1332692519,257
1332693263,16
1332696398,55
1332700417,25
1332705907,36
1332715766,90
1332722846,186
1332730190,13
1332736374,242
1332736816,27
1332750396,285
1332750652,11
1332756442,102
1332766794,17
1332781509,1895
1332787357,22
1332798328,100
1332799087,400
1332807475,45
1332818293,23
1332819701,98
1332840481,14
1332841701,92
1332854064,91
1332868730,159
1332880861,32
1332887136,93
1332893475,1583
1332903042,73
1332905634,41
1332916939,13
1332920500,12
1332922008,15
1332923668,23
1332935366,11
1332946915,11
1332948732,11
1332955374,13
1332958756,14
1332967299,169
1332968205,24
1332978872,90
1332984685,45
1332989832,67
1332999200,26
1333000249,12
1333000741,636
1333016032,19
1333029054,157
1333033450,104
1333058192,193
1333065091,211780
1333074594,21
1333076632,164
1333084323,23
1333084899,35
1333088207,39
1333089866,43
1333096882,31
1333097145,99
1333099739,239
1333100390,111
1333103530,56
1333111883,208
1333111893,2829
1333116579,36
1333118570,46
1333122965,16
1333125623,55
1333132389,173
1333139588,13
1333141598,156
1333142935,712
1333144072,312
1333150349,11
1333150357,86
1333152408,50
1333155576,191
1333156486,250
1333161040,15
1333165619,4114
1333167552,240
1333171737,555
1333175049,14428
1333178360,20
1333183397,196
1333185096,170
1333209944,20
1333210012,12
1333211388,72
1333212317,192
1333218091,18
1333224461,22
1333226405,29
1333228186,33
1333229304,27
1333232606,75
1333234252,31
1333234667,68
1333235870,253
1333243747,50
1333247282,399
1333249891,14
1333252932,28
1333254657,81
1333258936,741
1333263294,313
1333266800,134
1333270655,11
1333275113,23
1333276203,44
1333279808,16
1333284620,71
1333285776,87
1333285997,43
1333286217,37
1333287238,124
1333287836,38
1333288958,14
1333289615,11
1333290303,20
1333294170,30
1333294285,628
1333295863,156
1333303761,88
1333306299,13
1333307560,164
1333311954,13
1333320049,61
1333321333,23518
1333322877,73
1333328202,23
1333329582,660
1333339639,16
1333340876,159
1333343804,60
1333348052,27
1333350630,107
1333351747,33
1333354895,15
1333358267,52
1333362686,245
1333364378,23
1333365124,69
1333367960,52
1333376987,56
1333382690,26
1333391530,11
1333397767,24
1333398680,220
1333399642,156
1333406789,235
1333417632,19
1333418376,26
1333421030,14
1333421854,20
1333424882,16
1333428970,43
1333429325,144
1333445152,33
1333446374,1068
1333447648,104
1333451307,16
1333452358,182
1333452698,87
1333465802,11
1333466908,18
1333468243,22
1333470417,35
1333471394,92
1333472422,11
1333479437,115
1333482618,133
1333483404,52
1333485208,15
1333486649,345
1333491534,66
1333496313,39
1333515547,12
1333522020,17
1333556422,533
1333559105,92
1333560682,23
1333577584,14
1333579278,71
1333579583,34
1333591877,27
1333594899,145
1333605725,66
1333607666,352
1333608411,11
1333612974,64
1333622771,51
1333628502,104
1333629201,315
1333630193,257
1333633428,15
1333633606,12
1333637290,34
1333638979,14
1333643722,30
1333646693,80
1333652151,539
1333661810,258
1333662860,21
1333664534,11
1333671088,104
1333671427,80
1333672877,93
1333673564,115
1333681300,15
1333681306,89
1333682494,107
1333685863,139
1333686963,13
1333687005,231
1333687717,16
1333689922,118
1333690733,19
1333691675,14
1333691983,12
1333693108,61
1333694353,37
1333696087,19
1333700083,51
1333704579,14
1333705619,54
1333708088,38
1333710014,15
1333711733,107
1333712699,35
1333713967,32
1333718792,1648
1333719936,19
1333720250,193
1333729444,19
1333732618,13
1333732838,324
1333738786,64
1333741624,133
1333742677,1258
1333744314,7
1333745116,28
1333749131,101
1333750613,122
1333750727,15
1333751689,59
1333752187,89
1333755311,297
1333755444,89
1333756521,28
1333759458,16
1333759772,45
1333768172,52
1333773567,47
1333781342,58
1333785789,45
1333786261,33
1333787962,56
1333788175,14
1333788844,13
1333800859,30
1333802136,50
1333805762,38
1333807290,3159
1333814075,12
1333814934,17
1333816459,35
1333820264,13
1333823235,18
1333826930,67
1333829507,23
1333833261,31
1333836885,16
1333842753,57
1333844350,38
1333845161,80
1333846196,20
1333846315,36
1333852561,104
1333857917,28
1333860049,116
1333868070,137
1333868242,68
1333868738,29
1333868821,102
1333871456,17
1333882104,45
1333888744,13
1333889515,14
1333889802,89
1333898352,22
1333901551,35
1333906002,107
1333907823,139
1333908465,48
1333913099,101
1333921957,79
1333928744,47
1333935622,46
1333936445,33
1333939283,146
1333945932,11
1333953001,24
1333953498,14
1333959391,34
1333961389,1276
1333964468,318
1333968715,13
1333969047,193
1333969048,77
1333974533,76
1333978174,111
1333978320,41
1333979896,13
1333980820,17
1333981728,84
1333983461,17
1333984161,16
1333986963,50
1333986968,78
1333992581,141
1333998031,12
1334001035,83
1334001399,28
1334003760,14
1334012210,101
1334013845,16
1334014671,14
1334017055,64
1334020733,132
1334020974,163
1334022793,22
1334022816,50
1334023333,14
1334028660,31
1334040575,105
1334042515,15
1334049472,106
1334049596,23
1334063554,71
1334067476,16
1334070408,66
1334073773,31
1334075920,67
1334076307,99
1334088923,16
1334089233,24
1334105013,17
1334109809,30
1334111073,31
1334114196,15
1334114994,14
1334117350,18
1334118559,148
1334120194,68
1334125889,34
1334136067,17
1334139750,15
1334141883,11
1334142865,19
1334146979,12
1334150998,23
1334151801,25
1334155887,16
1334156126,27
1334158914,15
1334161261,77
1334167430,130
1334170202,50
1334178589,32
1334191769,11
1334196535,11
1334198162,738
1334205011,45
1334206998,110
1334211162,116
1334214605,116
1334216502,11
1334221903,12
1334231497,23
1334236148,65
1334237171,18
1334237364,85
1334239695,37
1334242984,52
1334244124,14
1334245678,3824
1334246540,160
1334249383,401
1334252774,97
1334258848,214
1334259243,55
1334260665,23
1334266376,24
1334266810,60
1334268109,35
1334278770,34
1334282453,13
1334296085,43
1334301205,109
1334303719,12
1334303936,19
1334304098,33
1334305310,168
1334309081,38
1334309410,43
1334315235,38
1334316173,12
1334330745,17
1334339967,23
1334340339,46
1334344116,23
1334348217,111
1334353846,24
1334359396,25
1334359931,121
1334360795,22
1334362778,212
1334363727,53
1334369459,39
1334373503,1528
1334373890,14
1334374940,50
1334377747,45
1334381943,69
1334384058,124
1334389803,17
1334392318,379
1334392728,11
1334400948,14
1334410695,29
1334426678,40
1334427454,12
1334430510,188
1334431456,208
1334434081,76
1334441048,24
1334442247,126
1334454708,108
1334459444,363
1334460196,63
1334464448,31
1334469990,70
1334475603,43
1334478349,45
1334481534,12
1334490046,130
1334494531,60
1334495031,27
1334496909,27
1334497772,24
1334498837,23
1334499588,24
1334507347,11
1334515984,276
1334525377,259
1334525635,15
1334526169,13
1334526991,17
1334529258,64
1334546357,33
1334554248,107
1334561781,1099
1334563025,23
1334568449,13
1334580563,35
1334586481,7068
1334610101,89
1334613831,106
1334614062,349
1334616460,21
1334617361,25
1334630805,266
1334641482,39
1334652214,15
1334652583,11
1334657231,457
1334657392,86
1334663580,27
1334664261,49
1334664494,21
1334665167,12
1334666637,18
1334670095,84
1334673908,15
1334675451,109
1334675743,58
1334680608,20
1334685457,766
1334692596,136
1334697523,82
1334706134,19
1334711961,15
1334714311,607
1334719824,13
1334726163,26
1334740674,13
1334747723,599
1334753031,72
1334754594,38
1334754646,14
1334757349,23
1334759863,25
1334759868,19
1334760679,12
1334766747,165
1334785968,117
1334788662,178
1334811048,11
1334821195,44
1334824785,188
1334827616,29
1334830521,30
1334838753,481
1334839328,142
1334847244,38
1334862599,24
1334864632,151
1334866577,33
1334869048,26
1334869051,16
1334871947,43
1334875164,23
1334881845,76
1334882617,12
1334886021,863
1334892339,14
1334892591,29
1334893847,112
1334897143,344
1334899250,46
1334904197,351
1334905443,147
1334910786,56
1334912034,43
1334913907,40
1334921369,20
1334922788,20
1334923843,107
1334929461,104
1334935003,60
1334938665,75
1334939514,35
1334944307,17
1334946538,42
1334946608,1123
1334954277,155
1334962266,944
1334964169,31
1334964434,26
1334973129,94
1334974438,13
1334981118,11
1334981593,111
1334984194,119
1334990030,20
1334992514,12
1334993967,39
1335005265,389
1335006007,18
1335008301,35
1335015250,12
1335016012,81
1335020425,18
1335029930,15
1335030435,28
1335034417,26
1335045464,57
1335047324,16
1335047814,12
1335048946,67
1335052083,56
1335056021,16
1335058602,19
1335061439,31
1335064650,209
1335068806,29
1335072032,17
1335075540,22
1335079998,90
1335080558,15
1335082381,35
1335084025,220
1335085754,271
1335086034,48
1335090338,103
1335095553,25
1335095892,721
1335101620,98
1335104760,1168
1335106729,70
1335108708,149
1335113546,12
1335115548,55
1335116723,13
1335127844,164
1335128252,12
1335130938,97
1335143909,100
1335144165,33
1335152899,36
1335155355,372
1335156872,12
1335166603,19
1335189481,72
1335198601,26
1335200032,48
1335212898,82
1335219884,24
1335220704,40
1335221105,31
1335228821,42
1335236473,60
1335236592,24
1335239016,68
1335240884,11
1335241492,267
1335242525,12
1335253559,25
1335257165,67
1335262886,43
1335265978,15
1335271414,12
1335272583,23
1335277779,33
1335279198,250
1335287012,49
1335289503,21
1335297766,64
1335300607,144
1335303378,18
1335304622,308
1335309784,20
1335321431,12
1335324856,62
1335336760,14
1335354851,95
1335381999,20
1335383960,20
1335386553,15
1335401089,140
1335419770,123
1335435191,78
1335438980,263
1335448906,46
1335472527,15
1335480912,113
1335489258,29
1335490343,81
1335502205,40
1335504690,14
1335510018,18
1335517093,18
1335520628,23
1335520848,21
1335529420,18
1335529739,11
1335530417,186
1335541602,15
1335545044,140
1335545726,14
1335574883,199
1335576026,12
1335577443,116
1335580282,18
1335588244,15
1335591771,25
1335595428,93
1335596223,48
1335604263,39
1335604707,45
1335617049,13
1335620846,56
1335630981,219
1335639807,16
1335645343,13
1335651249,32
1335654115,58
1335654221,147
1335656816,35
1335659068,178
1335660277,36
1335661102,25
1335665091,36
1335673673,134
1335678174,20
1335678778,14
1335679618,12
1335681005,61
1335681939,18
1335689077,15
1335711818,101
1335718387,30
1335721092,17
1335722570,201
1335724194,11
1335730305,17
1335739077,12
1335740572,16
1335741900,23
1335743026,12
1335752695,13
1335753770,32
1335759152,36
1335760878,25
1335766616,15
1335771179,21
1335772029,53
1335774921,13
1335784003,70
1335787333,402
1335788701,40
1335795491,123
1335797107,94
1335799735,40
1335803989,102
1335806584,17
1335813860,90
1335815757,91
1335823455,190
1335823489,19
1335825540,13
1335827487,24
1335828785,23
1335829557,36
1335830636,148
1335836747,17
1335853519,20
1335860007,16
1335864397,26
1335864613,17
1335867536,1025
1335874089,26
1335874180,59
1335877752,206
1335879973,14
1335885703,42
1335895658,34
1335907828,176
1335909167,18
1335912279,16
1335912966,119
1335914257,34
1335922448,237
1335936108,33
1335944000,77
1335949833,12
1335951900,0
1335954169,14
1335960835,30
1335967154,28
1335983168,16
1336014816,34
1336035716,11
1336037828,108
1336052087,14
1336052866,53
1336053850,45
1336054308,149
1336068061,131
1336072612,11
1336076986,33
1336081708,49
1336085426,162
1336087795,31
1336092462,15
1336092482,475
1336104623,26
1336111792,19
1336112305,17
1336134468,31
1336136924,25
1336137027,56
1336138968,75
1336155185,215
1336158655,20
1336172780,19
1336195432,15
1336201793,45
1336204120,528
1336204186,12
1336215028,36
1336242970,19
1336248697,553
1336259941,119
1336264556,313
1336275025,88
1336300986,46
1336301267,54
1336302099,68
1336303474,11
1336330801,30
1336342957,14
1336353897,65
1336369490,16
1336370355,104
1336373577,42
1336381528,11
1336388573,24
1336416579,122
1336440987,68
1336441276,43
1336470784,377
1336474673,12
1336475692,14
1336482340,276
1336487943,826
1336488925,44
1336494535,16
1336502227,4195
1336524975,30
1336532371,195
1336536241,29
1336537991,23
1336562485,17
1336566679,19
1336568049,120
1336570406,19
1336572754,13
1336576806,17
1336591441,63
1336593927,12
1336611652,14
1336616320,242
1336621274,11
1336625383,16
1336641426,60
1336643065,676
1336644753,65
1336654874,104
1336661106,30
1336663851,616
1336664744,16
1336687701,64
1336690016,32
1336697409,16
1336698710,12
1336700403,12
1336700419,11
1336700566,103
1336707554,13
1336707765,507
1336718458,13
1336723018,12
1336725446,28
1336731315,19
1336732106,27
1336734730,112
1336738345,11
1336739291,115
1336750151,51
1336750828,18
1336758489,11
1336762621,61
1336763789,13
1336764619,19
1336767699,12
1336769768,139
1336774403,146
1336783814,663
1336787958,54
1336791624,63
1336793734,264
1336795852,186
1336807890,15
1336809331,22
1336816530,14
1336817177,14
1336819612,100
1336836593,124
1336849011,162
1336849558,45
1336870197,116
1336875304,183
1336883305,22
1336890161,13
1336899053,13
1336901242,13
1336910524,17
1336922223,52
1336932674,16
1336932824,21
1336933337,3471
1336935849,17
1336948153,60
1336953396,48
1336963289,15
1336971041,666
1336972285,288
1336991775,94
1336998102,170
1336998801,310
1337005997,11
1337013258,25
1337017230,31
1337030059,342
1337043852,30
1337044566,307
1337055793,11
1337079150,120
1337088225,18
1337089090,83
1337089243,1219
1337095328,12
1337106358,20
1337113106,12
1337114883,219
1337154009,17
1337169907,12
1337175615,77
1337178377,339
1337179865,18
1337197972,20
1337208333,79
1337209046,63
1337219316,363
1337220896,85
1337221385,212
1337248280,79
1337255767,11
1337274902,269
1337291830,27
1337303060,472
1337305068,16
1337317752,68
1337318437,12
1337322085,18
1337335939,107
1337347330,156
1337355290,93
1337358932,11
1337367085,16
1337369002,38
1337386123,102
1337388889,12
1337392547,11
1337403931,190
1337420546,41
1337421625,15
1337423542,15
1337429987,63
1337433006,15
1337439833,36
1337445545,13
1337477702,17
1337486551,82
1337489889,17
1337500215,235
1337506732,160
1337511446,71
1337517051,21
1337536120,142
1337546913,43
1337553171,38
1337571992,40
1337572127,112
1337578304,44
1337578818,416
1337579398,22
1337596700,60
1337602979,22
1337609024,11
1337613894,82
1337621009,69
1337633607,103
1337649431,17
1337654108,11
1337656691,25
1337657531,235
1337660241,20
1337669222,12
1337673512,11
1337692487,62
1337705732,44
1337761072,16
1337772677,107
1337788143,92
1337799906,54
1337812117,28
1337815068,92
1337824285,64
1337825385,28
1337849777,102
1337850913,16
1337855913,104
1337857692,91
1337858576,151
1337877406,141
1337892723,55
1337908361,29
1337914644,24
1337915408,744
1337918481,241
1337920628,1707
1337931942,274
1337938067,19
1337955304,3396
1337957143,159
1337964424,96
1337966059,135
1337970244,15
1337972266,74
1337973368,25
1337977437,28
1337984443,34
1337985430,52
1337990266,19
1338007151,14
1338010782,30
1338025545,13
1338042088,12
1338044881,26
1338047693,12
1338050462,34
1338054093,17
1338059579,22
1338060611,40
1338070588,53
1338072710,19
1338080566,39
1338082659,38
1338086501,201
1338094665,118
1338094917,60
1338095980,120
1338119569,62
1338123411,12
1338136303,38
1338141106,12
1338149885,20
1338176891,101
1338188635,58
1338190243,12
1338195181,12
1338197350,11
1338220660,340
1338237504,733
1338244450,39
1338246647,30
1338256280,29
1338257695,11
1338259169,13
1338267325,27
1338268130,80
1338290116,783
1338291563,101
1338299113,17
1338302505,62
1338319843,17
1338324457,67
1338333908,109
1338338357,118
1338351567,15
1338364833,18
1338372146,28
1338385364,17
1338390527,65
1338399339,244
1338401951,14
1338402803,11
1338409520,449
1338409555,19
1338410086,18
1338420427,21
1338421329,15
1338429250,13
1338438385,485
1338445797,165
1338449348,130
1338449813,73
1338457188,58
1338460111,26
1338470351,25
1338470635,4913
1338485857,49
1338514004,13
1338521950,11
1338525632,38
1338527485,65
1338528444,63
1338532566,599
1338539251,128
1338543536,25
1338553673,120
1338568803,56
1338583257,14
1338600053,229
1338607051,21
1338631832,38
1338635601,11
1338640495,116
1338641236,18
1338644253,43
1338653847,92
1338654346,26
1338666754,35
1338673926,71
1338681838,232
1338728538,14
1338745917,32
1338751601,37
1338753298,11
1338754588,18
1338756163,20
1338760528,61
1338806190,26
1338815374,15
1338846854,30
1338852104,11
1338859337,24
1338887764,12
1338889223,83
1338905690,11
1338909303,172
1338942110,51
1338962361,107
1338967108,84
1338973163,103
1338985108,71
1338998514,82
1339010487,29
1339011098,40
1339021256,276
1339031118,13
1339039345,42
1339040637,4
1339042910,19
1339044753,58
1339061652,52
1339063751,117
1339069883,35
1339100581,12
1339101586,38
1339103577,20
1339110580,177
1339127722,114
1339144629,27
1339145734,21
1339153651,11
1339161831,2253
1339161965,29
1339180121,25
1339185691,84
1339187357,19
1339200244,85
1339203132,27
1339208118,652
1339218374,13
1339221311,47
1339237322,22
1339249258,16
1339251799,87
1339256252,333
1339265861,35
1339276856,14
1339317132,69
1339328962,97
1339347406,99
1339356442,31
1339359145,102
1339360747,22
1339364752,18
1339368171,230
1339397745,22
1339399284,13
1339427803,12
1339437882,345
1339445525,192
1339449237,31
1339467180,31
1339469423,35
1339473581,12
1339490898,82
1339498585,15
1339507545,19
1339529355,41
1339530018,37
1339551602,34
1339554313,88
1339565442,94
1339579467,69
1339594968,21
1339616902,36
1339632021,25
1339635446,17
1339646736,15
1339653489,58
1339655276,13
1339655769,13
1339714338,16
1339725192,45
1339726856,24
1339728060,49
1339733401,15
1339735736,2
1339736623,120
1339737707,288
1339738644,26
1339742577,2469
1339773182,63
1339775716,13
1339777921,37
1339781554,11
1339785537,33
1339788881,17
1339791597,135
1339797352,12
1339802034,102
1339805394,14
1339813167,226
1339813990,51
1339827214,57
1339858058,13
1339882795,797
1339888634,42
1339894168,51
1339901047,37
1339934566,268
1339950905,33
1339958692,15
1339968508,33
1339974909,12
1339985467,16
1339990746,11
1339997765,22
1340003279,14
1340041904,13
1340094258,20
1340108849,16
1340109073,14
1340123236,24
1340127888,13
1340164895,34
1340202513,39
1340213355,13
1340217408,98
1340219193,100
1340223489,72
1340243403,221
1340244547,86
1340250141,50
1340264441,151
1340266652,44
1340266995,67
1340293245,88
1340295365,66
1340318912,17
1340327539,42
1340334830,74
1340380399,13
1340386535,26
1340391518,76
1340435253,164
1340437754,156
1340448609,20
1340454386,101
1340458520,12
1340465600,36
1340468334,21
1340477960,12
1340481439,40
1340494633,7
1340495078,49
1340501779,617
1340505597,14
1340508414,12
1340508826,433
1340513588,27
1340525869,89
1340539355,61
1340539407,57
1340540832,281
1340543993,22
1340566515,21
1340575051,15
1340579873,21
1340583144,24
1340583919,17
1340589130,55
1340599893,24
1340609417,15
1340637057,12
1340645826,121
1340650048,14
1340657858,14
1340665678,11
1340671619,29
1340673279,16
1340674367,12
1340676550,42
1340690409,11
1340715286,18
1340720714,18
1340743476,993
1340749561,183
1340754639,25
1340755598,41
1340764497,30
1340773654,61
1340784339,23
1340804364,37
1340838740,12
1340840762,14
1340853320,31
1340859448,391
1340867805,21
1340896547,110
1340898649,33
1340901473,15
1340901539,64
1340906871,136
1340915158,22
1340918386,48
1340923899,33
1340954053,51
1340986558,81
1341026277,173
1341029172,123
1341050308,106
1341055554,162
1341067556,254
1341068496,62
1341070697,49
1341093731,19
1341122474,151
1341125867,22
1341129518,41
1341148232,94
1341149365,321
1341153524,66
1341155391,46
1341155815,22
1341160435,20
1341166607,16
1341173577,45
1341181902,57
1341201886,41
1341206732,213
1341264609,496
1341265509,20
1341311122,24
1341325485,40
1341330299,174
1341332136,12
1341337395,14
1341338917,19
1341340606,536
1341345745,16
1341350544,15
1341373608,63
1341398261,26
1341400178,89
1341407028,19
1341420270,70
1341430062,52
1341447483,88
1341454466,34
1341455210,101
1341463282,294
1341503738,28
1341520197,378
1341523148,23
1341541311,17
1341542459,102
1341548340,52
1341563468,33
1341584355,19
1341587440,15
1341596888,39
1341603085,519
1341631692,32
1341637663,72
1341641447,36
1341645736,14
1341648244,37
1341651233,64
1341657741,72
1341669331,735
1341676432,45
1341688111,119
1341692576,46
1341716416,29
1341733342,24
1341777694,115
1341805689,134
1341812905,95
1341825590,13
1341872734,26
1341873210,17
1341876019,33
1341889261,249
1341894956,22
1341900733,24
1341902729,13
1341905595,51
1341920107,14
1341931727,17
1341935392,34
1341954655,48
1341956558,201
1341972254,103
1341974904,114
1341979225,27
1341986504,229
1341993211,9
1341994273,79
1342002767,14
1342004430,41
1342024605,42
1342030755,28
1342039919,74
1342045617,23
1342059924,52
1342068224,19
1342084139,87
1342094693,112
1342096549,45
1342115121,276
1342123891,88
1342126613,44
1342138510,17
1342150210,91
1342171870,74
1342183437,29
1342194262,24
1342226102,712
1342227253,639
1342231800,18
1342258291,56
1342259354,129
1342277311,100
1342284671,36
1342316468,47
1342316713,78
1342332401,51
1342343904,20
1342361582,12
1342375827,28
1342398464,28
1342417239,14
1342445602,26
1342461518,1648
1342464169,81
1342470402,14
1342491607,14
1342500291,15
1342554736,14
1342556125,35
1342560700,19
1342560964,11
1342561181,20
1342622980,57
1342654340,120
1342664307,35
1342672874,33
1342689310,21
1342703663,208
1342704295,23
1342705519,49
1342709193,95
1342735006,83
1342735114,28
1342737409,197
1342752035,12
1342754040,25
1342754049,65
1342758527,28
1342772482,103
1342780597,21
1342785446,14
1342791907,161
1342819640,96
1342828219,15
1342832444,104
1342844259,27
1342848408,76
1342851168,357
1342873008,24
1342876750,663
1342877083,709
1342886503,1869
1342892230,42
1342901504,23
1342909779,26
1342913260,36
1342930695,1700
1342943152,588
1342960681,141
1342965476,19
1342977758,13
1342979008,254
1343008829,86
1343011496,678
1343018048,109
1343020980,103
1343025657,137
1343028017,25
1343103481,34
1343123502,13
1343138303,128
1343138309,26
1343146307,705
1343173017,46
1343173231,50
1343183897,54
1343185866,21
1343225206,13
1343228481,514
1343231895,58
1343251796,63
1343256867,89
1343265360,43
1343299521,53
1343302907,47
1343307023,51
1343317564,27
1343320043,132
1343324357,11
1343326804,55
1343331728,15
1343337251,18
1343343594,17
1343355299,48
1343370924,12
1343373341,79
1343382345,27
1343392001,70
1343405284,20
1343411249,369
1343413018,102
1343414845,15
1343423834,109
1343432847,63
1343434877,71
1343438200,461
1343438403,54
1343443200,98
1343474843,22
1343478300,32
1343480922,161
1343485074,171
1343492312,38
1343505908,61
1343514685,26
1343553474,41
1343559272,33
1343574693,11
1343580080,44
1343616432,13
1343618089,39
1343621706,321
1343627315,19
1343649490,68
1343661207,37
1343680712,126
1343696624,11
1343701672,52
1343702053,69
1343704879,13
1343708602,47
1343725832,12
1343746076,435
1343754894,15
1343758689,37
1343759060,34
1343773044,99
1343789448,11
1343813780,79
1343829889,73
1343834088,44
1343854589,65
1343859373,38
1343868941,20
1343880269,48
1343884573,108
1343888093,22
1343889664,21
1343899003,12
1343904710,22
1343928378,46
1343928863,14
1343936017,14
1343946559,72
1343974697,101
1343981050,104
1343985054,29
1343998404,13
1344002498,29
1344027867,14
1344030503,48
1344047658,15
1344110151,71
1344123464,11
1344133101,12
1344185376,47
1344186126,29
1344193284,35
1344197854,15
1344200520,25
1344205867,16
1344208527,3480
1344218476,26
1344239263,235
1344265699,20
1344285885,11
1344292555,388
1344298447,193
1344301286,12
1344340188,48
1344382113,81
1344419000,16
1344421774,30
1344429702,29
1344431820,34
1344448157,34
1344453575,322
1344467574,194
1344468353,23
1344492727,13
1344510895,16
1344529244,21
1344540534,20
1344551841,77
1344564813,69
1344584548,106
1344585174,36
1344590699,12
1344607188,75
1344610278,46
1344612469,63
1344613438,12
1344620985,152
1344629782,102
1344634174,13
1344675804,12
1344676556,97
1344686779,432
1344693102,341
1344694195,33
1344713275,340
1344715804,17
1344718688,23
1344753789,11
1344766430,112
1344774994,36
1344780270,41
1344785966,12
1344790387,61
1344791166,16
1344812447,78
1344881927,75
1344908058,172
1344937238,69
1344939825,1738
1344948661,98
1344953514,20
1344955800,322
1344968581,181
1344986967,20
1345000011,184
1345002856,120
1345013588,208
1345017215,100
1345038409,47
1345050110,24
1345053073,11
1345063548,45
1345064345,15
1345069536,32
1345071918,32
1345096675,269
1345101083,15
1345110572,294
1345128258,52
1345151921,59
1345167055,113
1345177309,729
1345185947,1315
1345232342,63
1345247964,14
1345251001,14
1345287682,14
1345289911,137
1345317093,34
1345381253,35
1345393073,49
1345394664,13
1345396354,54
1345401816,34
1345411504,41
1345446688,338
1345460462,19
1345470812,28
1345479725,31
1345516815,46
1345527478,161
1345528032,12
1345532856,52
1345533091,32
1345551221,32
1345570959,12
1345606017,1158
1345611232,21
1345611806,54
1345614715,191
1345616611,96
1345644494,24
1345645666,29
1345647429,12
1345648200,60
1345649791,87
1345652566,329
1345703852,28
1345706237,42
1345710688,104
1345718310,57
1345719526,99
1345723168,142
1345726006,51
1345744178,33
1345746804,12
1345759007,53
1345787749,49
1345791392,131
1345802690,25
1345815125,32
1345817442,11
1345827689,47
1345828091,193
1345837685,42
1345838715,145
1345859344,129
1345870034,11
1345879298,105
1345883199,28
1345883656,131
1345885009,19
1345887853,496
1345901466,55
1345901547,55
1345901563,55
1345902637,55
1345907683,45
1345915661,55
1345915690,55
1345915734,55
1345915851,55
1345920783,55
1345921307,55
1345922155,55
1345923370,55
1345923623,55
1345924622,55
1345925503,55
1345927045,55
1345928201,18
1345928720,56
1345929327,55
1345931063,56
1345932899,55
1345934120,55
1345935498,55
1345937297,55
1345938638,55
1345939889,55
1345939975,55
1345940090,55
1345941924,55
1345942764,19
1345944477,55
1345944739,55
1345945433,55
1345947087,131
1345947195,29
1345947757,55
1345949485,55
1345949709,55
1345951166,55
1345952077,55
1345952317,55
1345952840,56
1345954486,55
1345955128,55
1345955178,55
1345955453,55
1345955547,55
1345955636,55
1345958659,55
1345958969,55
1345958996,55
1345959082,55
1345960042,55
1345960735,55
1345962292,55
1345962589,55
1345962781,55
1345963628,55
1345963887,55
1345964862,55
1345966415,55
1345967478,55
1345967957,55
1345971280,55
1345972429,56
1345972544,55
1345973240,55
1345973650,55
1345974836,55
1345975126,55
1345979074,55
1345979504,55
1345980708,83
1345980982,55
1345981854,55
1345982245,55
1345983249,55
1345983343,55
1345983348,55
1345983626,19
1345984328,55
1345985604,55
1345986939,55
1345988143,55
1346039712,89
1346039860,37
1346057914,19
1346062804,37
1346063985,79
1346064336,13
1346091486,13
1346094459,70
1346174466,15
1346175190,92
1346190193,54
1346195779,33
1346219541,58
1346228630,31
1346230651,203
1346249020,17
1346252450,269
1346253341,14
1346260142,23
1346327782,96
1346337331,237
1346349112,34
1346367348,260
1346385506,14
1346385509,77
1346415832,18
1346453342,25
1346453905,44
1346478760,189
1346483147,15
1346560456,15
1346561198,18
1346645880,22
1346702053,59
1346724088,22
1346738096,122
1346744730,16
1346762789,50
1346768255,16
1346796337,25
1346796786,25
1346803536,37
1346811169,124
1346817726,317
1346821797,23
1346828464,116
1346834544,12
1346838955,88
1346840166,44
1346842621,44
1346846403,123
1346858216,11
1346858594,116
1346861528,54
1346868843,116
1346869407,544
1346872712,136
1346873539,117
1346877372,14
1346878343,273
1346881244,44
1346881798,105
1346885163,59
1346917581,333
1346919628,14
1346921856,14
1346923773,21
1346941996,75
1346952846,32
1346959995,16
1346960356,67
1346968938,11
1346970181,1326
1346977153,16
1346977666,21
1347007379,39
1347015929,86
1347016622,23
1347021297,11
1347023832,17
1347032814,87
1347035388,31
1347038101,60
1347044574,66
1347064376,38
1347069433,335
1347070943,82
1347072522,29
1347083020,17
1347085191,12
1347086987,37
1347099796,34
1347099813,15
1347104012,28
1347104725,113
1347113909,160
1347130541,51
1347130943,114
1347150649,56
1347171818,39
1347206968,13
1347218981,16
1347231294,19
1347242059,50
1347253611,12
1347255896,47
1347280103,39
1347282894,41
1347288327,58
1347309118,12
1347319086,83
1347324911,49
1347362588,26
1347362960,154
1347375552,17
1347387749,21
1347389034,41
1347390496,16
1347406690,87
1347414663,80
1347416745,113
1347467348,49
1347471521,84
1347481129,83
1347497096,11
1347523999,77
1347536143,25
1347541757,192
1347551841,35
1347571936,22
1347573691,53
1347593204,19
1347599467,262
1347600582,47
1347609610,34
1347630697,19
1347639094,380
1347655814,47
1347659559,374
1347702541,56
1347705664,426
1347713131,74
1347713438,118
1347724565,55
1347748870,22
1347774635,377
1347784359,148
1347797694,33
1347829965,673
1347840838,72
1347854589,40
1347856248,519
1347863641,71
1347874466,76
1347890919,392
1347904567,37
1347918703,48
1347932927,73
1347934719,38
1347943201,37
1347949563,12
1347956946,40
1347985156,41
1347986038,151
1347989140,29
1347990677,35
1348004165,19
1348011968,178
1348053574,58
1348055153,188
1348063053,21
1348064556,37
1348084390,828
1348097705,34
1348106550,112
1348116977,60
1348126219,20
1348135768,24
1348143952,38
1348156683,50
1348167930,20
1348178527,273
1348180318,34
1348201847,12
1348253680,489
1348254196,14
1348260479,29
1348272501,26
1348273348,47
1348274054,40
1348275027,12
1348284661,54
1348300536,18
1348302752,343
1348313687,22
1348316078,99
1348333283,13
1348349064,47
1348355912,17
1348391424,51
1348392748,47
1348400890,19
1348419687,48
1348419690,57
1348428036,443
1348444039,16
1348452207,19
1348498387,46
1348514848,16
1348526296,53
1348527401,33
1348572094,1158
1348577064,7046
1348583714,16
1348586688,22
1348596379,64
1348619663,162
1348630230,31
1348639040,49
1348651036,34
1348657063,16
1348667807,18
1348667872,18
1348671115,43
1348674112,19
1348686403,36
1348701282,339
1348704062,23
1348711572,19
1348778300,393
1348793218,626
1348794096,26
1348794718,15
1348826110,420
1348832682,24
1348892450,34
1348919081,35
1348932500,827
1348967729,370
1348969891,323
1348977577,33
1348991127,17
1348997813,36
1349017398,101
1349020633,20
1349027364,21
1349042604,104
1349056080,102
1349063907,49
1349091497,22
1349104464,15
1349122168,341
1349144999,35
1349165199,115
1349173193,32
1349176345,50
1349183040,121
1349212716,14
1349216523,50
1349224989,18
1349229865,24
1349241969,103
1349242163,69
1349253750,1947
1349275055,15
1349285058,285
1349317542,21
1349317996,39
1349320558,77
1349336081,26
1349340121,71
1349359792,17
1349377992,51
1349407416,132
1349427816,15
1349452117,28
1349463691,14
1349505573,26
1349507889,933
1349514211,124
1349544787,63
1349577647,166
1349579793,20
1349585036,17
1349585760,18
1349594151,18
1349596742,28
1349601607,2450
1349602545,43
1349625245,38
1349653154,126
1349656169,40
1349665307,81
1349699284,82
1349741082,412
1349751051,14
1349765459,713
1349821609,36
1349828911,34
1349879284,48
1349898907,1220
1349901347,36
1349928654,19
1349936010,38
1349947981,41
1349965719,104
1349966116,62
1349966872,49
1349980117,50
1349990522,138
1350010414,81
1350016125,169
1350022729,30
1350039488,44
1350046847,87
1350091249,199
1350113091,229
1350126722,33
1350140196,40
1350140870,32
1350145251,60
1350154655,20
1350179044,39
1350187482,112
1350220289,148
1350226382,48
1350274410,43
1350294108,31
1350313506,13
1350314050,29
1350323171,287
1350326290,74
1350355758,11
1350361414,16
1350383326,275
1350387491,37
1350394339,41
1350419329,91
1350440869,28
1350442575,77
1350443870,52
1350446435,151
1350483520,14
1350485361,34
1350490114,27
1350494757,23
1350500240,17
1350514937,51
1350533577,156
1350547574,20
1350633041,20
1350634258,55
1350647633,25
1350659541,26
1350663779,52
1350691287,43
1350699571,35
1350706479,18
1350739235,22
1350743361,38
1350779421,40
1350783894,15
1350788030,55
1350806722,113
1350831696,60
1350844461,17
1350853551,53
1350863925,63
1350871465,695
1350874668,46
1350899039,106
1350911905,16
1350928952,27
1350932288,92
1350970233,162
1350973046,21
1350978527,432
1350978779,32
1350984217,1273
1350998562,70
1351007885,56
1351014030,12
1351017534,56
1351079756,18
1351112589,48
1351115950,42
1351122459,26
1351122837,39
1351128332,14
1351132746,47
1351156039,36
1351167897,70
1351168580,57
1351170835,46
1351179451,39
1351181158,34
1351182837,107
1351194393,32
1351204776,51
1351212530,132
1351222102,85
1351223904,11
1351235469,33
1351235984,89
1351250877,98
1351254750,65
1351273918,25
1351274581,43
1351289755,35
1351298424,46
1351304444,50
1351380939,35
1351408901,68
1351414435,208
1351417776,178
1351431908,35
1351451063,53
1351453338,137
1351456179,54
1351469027,53
1351477655,60
1351509581,48
1351538048,38
1351567676,12
1351584242,40
1351601873,99
1351701238,438
1351742423,43
1351764811,160
1351819100,75
1351833397,31
1351843765,94
1351847425,43
1351852529,31
1351859098,846
1351864871,32
1351879111,353
1351887954,39
1351888900,54
1351889117,247
1351890013,124
1351898444,365
1351904594,43
1351919577,87
1351925761,31
1351926237,48
1351951016,28
1352064169,232
1352094917,36
1352118461,63
1352184016,136
1352218236,58
1352223257,258
1352278343,60
1352303594,98
1352351185,125
1352358908,32
1352375345,384
1352419294,61
1352442668,61
1352443439,59
1352456470,56
1352490697,84
1352570050,35
1352660626,102
1352712351,53
1352919228,63
1353026092,169
1353045656,129
1353051646,172
1353069894,156
1353074397,47
1353102759,64
1353116530,27
1353140432,33
1353155778,29
1353173352,121
1353359273,94
1353421964,218
1353423268,27
1353431819,64
1353483529,36
1353498091,72
1353517202,198
1353523749,98
1353548665,1801
1353585964,43
1353624605,81
1353775184,26
1353799765,94
1353800490,30
1353821164,31
1353853430,232
1353865057,84
1353908306,27
1353920660,132
1353927647,76
1353960300,27
1353975656,126
1354022484,138
1354037078,31
1354117265,55
1354128239,84
1354165808,53
1354233951,40
1354280341,49
1354304208,58
1354305572,32
1354310030,951
1354322512,232
1354377874,61
1354414949,171
1354415131,117
1354415236,281
1354415396,143
1354416322,58
1354422422,108
1354497019,49
1354503159,31
1354518773,54
1354530252,30
1354535060,55
1354582706,101
1354611198,124
1354628751,52
1354645252,72
1354702877,201
1354705170,292
1354807227,114
1354909737,93
1354945198,150
1354991682,135
1355001703,53
1355071512,27
1355092388,411
1355098120,28
1355150344,91
1355222070,115
1355259034,420
1355366032,239
1355405465,114
1355507861,42
1355519841,93
1355679277,48
1355691167,42
1355823958,62
1355833393,250
1355993451,27
1356159928,297
1356579487,47
