repo_id,stars
749137,3792
1555094,3079
2005484,560
4387547,3295
5698643,4101
5797013,5057
7502247,2578
8426406,4933
8681349,49767
9252533,6352
10353211,5982
11274380,118
11579941,1216
12738012,295
13956112,1416
14734876,14245
15988336,1661
18671453,1210
23633128,342
24227875,6428
24561828,14506
25311354,2891
25459400,13857
27222050,4229
29217054,23005
29906842,15714
30860673,2309
30907774,23067
34674210,152
34798315,9537
36420109,1705
36840131,2178
37035067,1590
38182966,3646
38216778,9194
38233033,3306
38696925,29389
39904377,2110
41310523,2506
44961854,969
45103027,214
45271904,9995
45512989,34326
46527265,6039
48660863,2804
48904888,5657
49292670,920
49632852,1251
50202460,3966
53133861,21124
55018634,2443
56639410,1407
57377821,2245
57602001,22949
59341837,934
59982630,2954
60145277,868
60166854,1831
60352717,1553
60377070,7044
61393415,537
61793256,982
61924149,1779
62087567,4603
62476384,166
62824998,2911
62843932,1784
63793563,979
64834778,1346
65017574,6164
65558310,2253
66331305,1540
67437371,643
68125931,14742
69269563,10764
70431106,28853
71849748,631
72225778,602
72329031,425
73964895,14855
74173698,5997
75190475,7370
75587993,1850
75710587,4068
76678740,2165
76768630,2818
77023811,3127
77321225,749
77341954,2576
78200488,5591
78313173,10447
78732688,851
79263545,225
79372336,2123
80240424,4366
82841862,7012
83542054,1802
83878269,15804
84099393,193
84949566,2054
85768267,227
86599573,6633
87067212,9944
88113789,2319
88222263,1754
90733436,3837
90862638,1938
91857770,802
92287968,15427
94956993,1531
95574086,2034
96012614,744
96256108,709
96416890,184
96853855,1989
97794087,815
97817788,115
98441914,1064
98499283,7326
99139417,181
99379143,1962
99412308,9548
99561213,3026
102067496,2181
102102105,769
102538419,837
102692863,21281
103229836,1680
104722806,5107
104854615,7860
105769029,1222
105808063,218
107108009,4279
107111421,73479
107115042,1858
107305157,1777
107878597,202
108945887,4905
109678660,1761
110606051,648
111699912,889
112103066,6939
112488313,1535
113166974,6696
113577479,1300
114540126,3093
114870155,3653
115673437,1848
115744122,4662
116590428,2649
116697549,3583
116797311,12228
117433667,207
119160553,40050
119741627,475
120720556,2089
121637551,9530
122595764,134
122715432,1667
122816625,1484
123197101,1409
123693096,442
124853261,3524
124882400,1098
125007217,1126
125099497,562
125444399,1772
125862390,2286
128061014,180
129847467,3309
131582572,20788
131881622,14845
131955509,273
132464395,157653
133060053,3541
133444044,2269
134584107,109
136799312,891
137123785,275
137789266,1674
138141023,216
138552196,25390
139945544,876
142422739,10892
142569591,248
142908872,6584
143284193,2675
143328315,39525
145693916,11310
146103950,1822
146435045,4728
146633589,37481
146856200,2888
146863062,5406
147229508,416
148067600,197
148550577,330
150864645,1078
151619717,38503
151904296,1950
152071156,879
156157055,49034
156317154,15146
156401841,9904
156946744,6508
157198623,12834
157908837,177
158025053,688
158673445,4647
158744344,3436
159110178,3129
159797814,951
159916548,3031
160361977,3688
161247988,3398
162021652,8150
163235189,1652
164433070,4270
165041732,25859
165645094,617
166911196,285
167694194,34962
168062479,210
168149502,1764
168269440,6346
169158585,2930
169991845,921
170118596,6133
170777132,7044
171564291,230
172407982,841
172519084,175
173005932,2274
173544440,7736
173827642,1465
175052225,10315
176858880,4667
176982014,17384
177614859,627
178470457,502
178626720,31280
178976529,8774
180307968,1535
180827233,9507
181222410,3399
181436799,15848
182067506,10948
182163054,1918
182865216,2144
185401193,1756
186056630,916
186332888,2319
186698598,1686
186872119,5224
187398354,1142
188356619,2979
189425886,219
189602331,269
191179628,1307
191194671,634
191751197,268
193332705,1970
193973813,423
196340907,1792
197009243,107
198483875,225
200004447,4075
200471228,858
200722670,18071
201025777,14817
201441751,2442
203558879,240
204388092,6666
204786174,829
206314293,1391
207454227,447
207988739,788
209556497,9167
209709465,3780
210357243,1414
212056242,1882
212747520,4253
213250662,548
216243021,973
216525761,436
217049858,1133
217113590,6338
217775615,729
218177655,395
218952803,13151
219035799,10954
219623588,4811
221121871,4976
221631156,1824
221733013,747
221787282,5155
222209282,735
222780595,4656
222824662,16146
223357324,4278
224261160,377
224908244,10765
225125850,137
225260962,16480
225572038,5652
226046528,2273
226368168,1539
227055040,421
228203350,3341
232627037,584
232876381,3783
232901618,2191
233587412,441
234676361,422
236624100,799
238593012,613
239828934,132
241021214,2527
244620269,14139
245127811,719
245949080,1021
247865662,1611
248977013,1209
250036571,3831
251041078,5271
251233119,213
251396732,10313
253079431,1271
253849484,6350
255823049,2571
257327148,638
257520135,360
257648141,2826
260420185,4042
261098554,863
261372860,13673
262296122,87330
262424540,3101
264675954,17363
265127379,448
265850286,971
267420351,1417
267857463,5250
269773439,160
270670394,1959
271090649,3995
271800973,2589
271828142,1712
272785290,1901
272924197,326
273082432,1685
273337347,1349
273630336,342
274610956,1995
275182202,236
276288252,1919
279643881,3649
280784933,494
281475256,1775
281519510,4056
284824224,3224
284864176,4438
285951873,2904
285973698,2048
286408558,2103
286876809,545
288142727,767
288187811,945
288411806,286
288482469,10730
289205582,1532
289605524,7659
290091948,67300
290373506,10669
290686772,397
291070953,573
291703561,7831
291787503,11740
292617111,409
292648103,345
292896321,658
293572361,394
293631918,822
295608796,1488
297302063,4321
297535227,717
297672263,7779
300789100,1180
300996055,25473
302827809,9411
303541321,2087
303705119,3792
303953548,142
304530333,1985
305492699,1111
305572443,205
306242293,607
306977633,31200
306980630,5932
307213173,31329
307315411,565
309504885,3497
310368642,540
312042527,1682
312152973,3391
314748658,801
315977578,7794
316328024,784
318515767,170
320299900,9248
320598037,1374
321181247,142
321994701,615
322270485,1029
322855089,10759
323048702,71709
323651234,7451
326174741,36092
326479996,1838
327113050,5628
328236233,432
330325505,4316
330768122,2572
332181872,1330
333421996,5154
333624050,677
333867421,161
334567245,8707
334760721,1214
334848347,9228
336132980,372
337924729,729
338717688,861
340339997,11389
341473983,2073
342728683,9453
343203057,2127
343429224,1345
344069267,490
344190478,64248
345180734,1841
346124279,3035
346676718,758
350375089,4418
350871478,912
351720449,1593
353670076,2963
353968278,773
354138793,6445
354751914,957
356881804,2350
357328206,812
357891182,2011
358208946,381
358276714,155
359839626,8203
361511031,2875
361735570,2293
367549861,835
370275343,648
370342171,1232
370728359,1799
371631642,403
373308826,4747
373674258,8410
377631316,212
377866577,265
379581563,3107
380191749,17350
381317767,166
381952060,1640
382835373,659
383121608,282
384562101,226
385275507,3820
387786881,3456
388636965,2882
391273014,381
391777965,625
393571599,36917
393874035,14655
394089041,3062
395688425,4117
398941751,381
400215964,39472
400918657,358
401484223,9482
404924772,929
405929837,2742
406341006,473
407722319,12366
409653223,3983
411987045,503
415956481,377
416312227,213
417875186,763
418399149,1086
420628968,1845
422148948,4125
422274596,41430
423991420,1749
425484875,1491
427347642,1010
429104828,3652
429736266,10248
432730711,3018
432768606,548
433054511,2266
434324346,973
436617251,183
438416676,2470
438419937,11102
438514144,11255
439033158,4581
439528372,1098
440603375,621
440752086,14111
442706416,696
443220240,5138
443497884,841
444251617,370
444442096,4615
445768278,5193
446713689,970
448167075,2990
448343090,2740
448398954,879
449649393,18385
449649595,2484
450291588,2646
451309277,356
452821660,668
457995289,772
458086533,872
458411579,577
458461908,417
458588993,8329
459466436,2458
460761639,1938
460867737,468
463439055,519
464704193,2996
468576060,75186
469136195,1328
469377939,1163
469622127,294
470779379,788
470832353,161
471249443,3131
472525693,646
473736446,380
474150870,1540
475150006,372
476918521,1953
477657302,368
477846408,825
477999739,1111
478484453,2183
478823173,11304
479199191,3040
479916584,1084
480303698,2219
480318757,520
481427289,1237
483260394,410
483678677,144
483710165,348
484017724,319
486656484,1269
487309566,2829
488091508,113
488641606,41644
489105078,1196
492526669,6380
493209224,108
495587598,8418
496192011,611
496233655,2350
496844646,517
497184741,470
497356715,852
497512032,12944
497780232,1110
498011141,34277
498575448,1458
498766488,10304
499173659,490
499272646,1115
500427876,632
501192860,1001
502863191,13404
503178978,417
506404806,537
507861208,3702
507972385,3497
509133407,565
509153572,3826
510360767,702
511003180,1188
511492785,2096
511745849,5989
513534410,976
514644612,312
515647260,36473
516505460,1879
516962930,2459
519577891,47932
520969009,36849
521688260,134
522133400,17419
522165515,793
522180634,1851
522895309,1635
524092789,432
525327651,334
525592995,27803
525605934,367
526514610,1437
526725525,335
527359569,2437
527796682,746
527889855,898
528076983,450
528328355,1255
528350188,3322
528763774,742
528771628,370
529560594,7315
529954479,760
530072220,367
530323399,3508
531653392,2122
531788813,3887
532465933,6248
533127272,13580
533199740,7737
533451541,4704
533601913,431
533752345,356
533934365,371
534330590,8192
534779800,1337
534817329,2626
535063290,669
535379921,396
535492585,369
535691024,3365
536013043,1937
536244334,497
536314590,1509
536492655,891
536614303,365
537093072,491
537940881,3211
538180525,15141
538375570,1888
538408555,495
539045602,418
539389184,7914
539888500,17539
540357453,921
540685210,926
541147441,1959
541269386,52773
541322916,5826
541841924,347
542185751,7418
542713154,1636
542763041,1218
542772373,392
543063415,1003
543189172,1986
543297533,790
543955160,4569
544039155,1068
544618040,561
545130358,608
545595027,1560
545918043,2042
546206616,29003
546466467,2545
546476703,8852
547227418,388
547725599,11791
547919119,658
548093252,803
548735230,1971
549133772,1390
549830413,7214
550981146,1241
551376520,60537
551689337,2855
552580878,946
552660722,838
554771302,12470
555532742,497
555659262,540
556522959,1633
556553471,1433
557271203,515
557880310,593
558278400,504
558368772,1349
558653606,486
559759491,809
560299175,21641
560704231,51527
560859378,919
561175504,693
561434347,1854
561902498,535
562595985,645
562754304,2358
563259458,503
564597496,1067
565372076,2421
565563619,4103
565658766,999
565772050,748
566323731,14175
568194185,365
568517086,2679
568776116,442
569265598,2515
569559542,261
569687650,1253
569860278,1263
569988037,374
570015943,768
570020780,4203
570384908,21524
570530787,599
570663084,358
570696986,3900
571055479,4240
571148432,281
571722519,317
572071014,1007
572087603,342
572570113,15955
572620767,1747
573203577,380
573224813,523
573661753,23693
573759422,6451
573822937,3720
573891417,1199
573963587,758
573982889,3888
574046356,2732
574095904,458
574097989,8207
574116196,13055
574156195,3455
574160606,3461
574210381,274
574278577,5530
574347022,919
574411233,2662
574428530,4179
574578825,8235
574612724,3874
574727842,732
574861362,1245
575042276,3452
575051095,5988
575253452,3582
575267939,3744
575295397,3784
575340621,54428
575628616,7546
575997792,1977
576005588,3778
576072728,2100
576204079,691
576254831,3868
576380523,7864
576696753,3996
576799754,453
576869790,2008
576921601,3169
577116112,61396
577603990,37401
577753426,4456
577953547,454
578245357,1237
578272278,552
578460780,322
578685027,7919
579082810,77380
579494713,2023
579947672,2933
580147701,130
580525453,402
580537336,7287
580595594,400
580600129,2702
581656211,783
581913613,7295
582319835,523
582432706,5350
582729142,486
583315360,1274
583616027,534
584167315,378
584639396,9103
584843932,918
584935389,598
586171281,1425
586624356,12722
586903198,278
587031627,1151
587275399,917
587573950,331
587586087,41954
588477692,9502
588533284,773
588732058,2417
588898844,3644
588992876,2571
589013057,2295
589831718,125884
590681558,4611
591667477,921
591782276,3472
591961298,6096
592287689,737
593550728,629
593927328,2210
593961226,723
594096901,3297
594215219,1015
594609262,7264
594679568,1908
594869373,1065
595130474,729
595257557,770
595530574,1210
596205066,322
597240369,461
597490428,682
597583114,9009
597644883,3832
598099426,4184
598375636,2058
598539671,5641
598705038,325
598872262,2110
599293758,7724
599320067,153007
599338659,3081
599524116,31883
599570867,676
599687030,4217
599781179,4360
599811829,461
599950865,788
599976443,3128
600068422,3432
600223950,562
600229707,2062
600362783,3428
600368121,24836
600450326,4450
600534454,1164
600544354,21067
601100396,4421
601161044,16241
601205363,1620
601622432,699
601734711,635
601904916,2198
602005115,12264
602366280,6884
602455110,1127
602465880,648
602478874,3107
602771615,2470
603067222,824
603085008,10877
603215482,950
603535454,9601
603593003,5534
603668088,5654
604651852,3094
604899926,4149
605221864,945
605662936,307
605673387,29309
605998734,341
606329910,2707
606520610,3144
606669199,913
606790323,3655
606803328,6174
606949210,274
606991065,260
607013954,14780
607121301,2509
607202370,4998
607289185,28437
607301922,470
607355225,1185
607375979,354
607503931,117
607667587,512
607840368,808
607845880,2382
607858988,9490
608130371,323
608136755,165
608246343,636
608422802,346
608490374,7944
608896930,10341
609002853,3811
609054077,4273
609090479,3901
609099433,665
609255505,471
609333954,8391
609416865,24963
609427511,3214
609445326,6396
609721722,17156
609727033,770
609790481,956
610038902,3474
610043832,3720
610071879,821
610197072,5308
610217037,7512
610260322,41390
610265797,2352
610487003,1552
610713721,341
611161753,2247
611284377,4419
611291701,1343
611368361,807
611618121,21221
611723171,916
611817888,390
611913815,3272
612275000,1943
612350395,6187
612494680,122
612555408,1942
612562157,833
612603924,353
612750561,4323
613075789,12901
613456719,610
613731840,12204
613984283,12373
614050971,1273
614258120,10750
614325365,18940
614470292,2585
614719201,10171
614764248,33819
614765452,186479
614780968,2122
614826827,2116
614854112,866
614950419,1163
614965975,3997
615133427,546
615208684,1616
615313264,376
615403340,15558
615439742,3340
615510678,17571
615532857,3056
615536358,452
615557134,1443
615684995,574
615695876,4786
615702252,1393
615709657,512
615891862,1196
615910198,534
616027609,1399
616034965,431
616179530,1323
616187681,2590
616263789,318
616372661,71202
616466279,905
616830183,3045
616983144,254
616989909,388
617044480,1087
617048769,2672
617152691,8059
617179274,16398
617206966,912
617325145,3226
617363723,446
617418536,1222
617431627,356
617443880,442
617444598,503
617462489,413
617529988,2212
617577744,472
617708951,2329
617798408,21194
617864263,670
618116667,1890
618229896,950
618291036,1383
618299849,1339
618345160,2791
618503555,1340
618509061,378
618511002,10804
618644310,1605
619047425,358
619059435,2578
619143361,3061
619234173,3024
619312022,4260
619814004,2965
619825247,8484
619959033,77405
620059973,777
620076077,1719
620165658,491
620174542,7320
620225616,478
620275636,3342
620333997,817
620362812,2752
620428566,1042
620458878,14900
620552483,2174
620557779,575
620843043,1235
620943152,916
621226745,449
621562296,812
621575252,7541
621808642,29600
622134485,305
622147274,1701
622163915,448
622202906,3431
622352364,12339
622462950,385
622510230,6479
622569125,3192
622599959,2668
622633514,393
622709062,170
622788147,2884
623119055,1722
623276552,1025
623337398,700
623414622,1560
623453211,445
623499246,1158
623604666,852
623618719,1172
623656022,690
623679404,1053
623737874,330
624156003,679
624214839,2772
624236959,4335
624268705,2253
624294388,331
624421862,927
624432016,2260
624870895,9089
624889833,1168
624906825,134
625187946,16472
625308923,2343
625486047,8138
625502953,302
625659174,814
625673154,1131
625793423,3412
625802141,3315
625802507,1239
625961301,3500
626117554,1096
626161045,554
626166292,526
626239608,778
626509716,4874
626597211,349
626723712,1697
626885698,999
626937684,1591
627132009,1247
627274798,1110
627480054,19679
627534556,477
627561173,18537
627637290,439
627644217,800
627646824,574
627727693,12331
627744002,2900
627915388,658
627962120,939
628087446,1453
628154495,1797
628172054,1563
628230315,2181
628250345,3001
628296906,12210
628479063,398
628749964,147
628853983,834
628959446,5747
629049442,3230
629102662,24971
629142696,5068
629177820,3209
629292062,2465
629411216,192
629494390,6900
629520282,1259
629538245,1195
629651008,1990
629789089,4104
629922458,3345
630208579,912
630292680,3793
630487790,1141
630488256,587
630646591,2043
630755965,4907
630987119,357
631003534,179
631079307,328
631081758,9047
631084700,318
631136535,882
631147793,1222
631169911,4660
631254164,36296
631258918,23739
631285104,5476
631454728,10197
631484230,2580
631493578,285
631522874,4155
631567741,40035
631651537,334
631673804,590
631693079,321
631705933,1613
631755045,425
631822812,6240
631829946,955
631986005,366
631999917,139
632043405,410
632265457,275
632269609,794
632303131,1742
632387128,1268
632394512,393
632538509,1364
632871496,1512
632871628,4453
632902959,3256
633037655,471
633091774,1976
633141345,994
633262635,31523
633738492,1037
633933122,24524
634043200,26693
634081686,23049
634082741,262
634151665,2119
634443338,659
634505738,172
634511992,636
634590129,413
634938527,946
635059080,1820
635129194,3299
635240594,57420
635258975,6369
635392069,491
635785526,307
635992742,845
636344889,4219
636372163,13609
636473464,523
636529302,511
636535720,6459
636693030,17568
636787031,12850
636922549,5102
636986058,4681
637096157,12413
637126931,3141
637237273,3500
637313883,1101
637692988,774
637924634,15247
638018738,826
638054601,4907
638158791,876
638240319,622
638609341,3774
638629097,48090
638722390,1297
638869686,565
638900030,2367
638951438,21266
638977082,321
639001213,4046
639079153,1609
639095114,3537
639096757,6709
639225857,2053
639286908,764
639548771,1475
639673870,2303
639687152,1670
639772835,4945
639835356,28908
639997734,3530
640182997,17651
640476297,384
640495759,414
640683234,1885
640747712,656
640784478,416
640819432,5816
641205268,14896
641213599,1535
641364608,354
641490799,942
641729782,1545
641932376,466
642099326,6040
642323624,35775
642332004,1153
642368010,1507
642416556,642
642578676,513
642608852,12989
642640119,389
642642539,17969
642696395,548
642826885,489
642880013,290
642906925,2222
642917329,20813
643035818,465
643050363,1811
643193835,1091
643298670,295
643405499,4592
643435168,2141
643705885,1552
643722626,374
643749430,3363
643838075,2884
643885884,2627
643916827,22731
643952838,604
643959798,864
643978507,232
644075561,821
644235905,24880
644259800,2458
644335995,1003
644343479,1092
644351982,1079
644461337,26111
644497089,2965
644686905,35422
644799767,960
644827453,554
644862510,3144
644945770,566
645171789,126
645270986,2011
645376002,343
645397533,5486
645423151,194
645471238,7130
645841220,434
646129383,599
646220234,341
646464288,762
646489141,731
646532460,935
646537482,2891
647071735,270
647090216,346
647100790,308
647651782,2333
647752905,755
647951887,990
648133004,958
648145432,774
648450331,583
648461026,880
648474263,2004
648505057,5699
648629873,13102
648704297,287
648800562,738
648854280,1065
648967412,2592
649025519,685
649035177,813
649047066,723
649224670,6360
649402606,633
649494372,773
649647885,6498
650246838,869
650365761,411
650657605,447
650838385,354
650839020,2614
650918061,2973
651145357,703
651479977,1051
651487266,9249
651673736,484
651715861,233
651739863,1220
651856155,235
651961311,1291
652065806,562
652419549,107
652420569,2221
652484969,767
652523482,827
652604373,1847
652712035,30452
652780999,388
652941996,8619
653196037,524
653386433,6328
653589102,13708
653595084,5651
653893086,822
654037367,459
654115596,648
654122609,7998
654124617,7288
654824689,359
654834995,669
655021836,906
655099582,81571
655155250,2415
655253031,312
655459367,29352
655806940,117233
655948482,8679
655949187,2822
656030508,1952
656099147,62920
656181752,1291
656242004,1302
656376920,1531
656385153,3644
656648289,323
657057869,1112
657103388,291
657153187,511
657442586,610
657895120,15534
657992824,535
658169646,262
658277588,4705
658356545,474
658453192,3046
658523581,707
658928958,178178
658954791,1622
659030774,718
659158359,1183
659163102,286
659211539,435
659402878,9278
659412092,7774
659786592,427
660299583,1236
660360373,392
660428571,757
660452634,1063
660489378,11217
660551251,69754
660860817,639
660891114,386
661149290,676
661178361,1611
661481146,328
661792195,436
661847690,317
661917017,393
662443651,1291
662567193,278
662717361,1485
662766482,12447
662871293,323
662878020,7260
663095187,1457
663157481,262
663247362,2472
663396489,2348
663801546,1259
663830644,172
663918038,1648
664102018,1016
664177247,1370
664262546,364
664420782,599
664427248,3846
664529368,1084
664752008,2930
664767555,859
664913876,5175
665164787,1401
665299585,1595
665360778,604
665471631,874
665653661,1192
665986900,561
666140407,743
666163354,2174
666197652,2086
666260877,3134
666461223,605
666826154,1242
667024117,908
667148214,757
667259013,358
667297720,18555
667532295,9273
667751028,321
667828615,2984
668052031,7130
668122773,14751
668132464,2836
668195240,59083
668481985,1362
668513898,1938
668812621,1707
668990200,618
669331976,6135
669402660,553
669420857,4216
669671669,814
669704171,742
669839756,514
670089677,389
670177036,294
670526867,935
670696350,703
671044141,119
671076272,2942
671115276,168
671367604,1956
671542615,655
671737761,693
671759870,3657
672224983,8790
672405848,327
672415139,9901
672418156,217
672490782,359
672673877,997
672678720,2371
672730040,1300
672790711,459
672839549,430
672847735,1706
673277480,2310
673277958,6856
673534316,3766
673596675,12035
673704029,1205
674075444,21570
674149041,207
674448056,288
674782109,696
674804053,223
674827652,371
674841239,348
674921134,138
675151062,2309
675166027,422
675501126,333
675790276,304
675892095,1056
675911200,1350
676012640,381
676028871,4856
676057693,1234
676089005,1339
676793232,2433
676855783,586
677284959,1500
677655818,336
677815836,262
678182421,3326
678526156,22276
678589928,230
678765416,481
679091311,1858
679237742,33709
679402823,1171
679506386,43943
679564879,1045
679673096,402
679869950,29558
680043217,801
680120071,60343
680173591,2830
680797687,2274
680860351,946
680918523,1152
681002458,7287
681075491,6722
681240572,386
681455046,907
681482900,1322
681516317,4532
681566005,17924
681603891,651
681809062,1058
681989160,273
682080300,12677
682556990,221
683009618,5656
683039317,845
683066449,800
683509343,272
683573931,5450
683650472,1724
684049556,668
684718744,912
684881338,6934
684881857,3639
684883012,1757
685444668,4087
685523400,341
685709378,596
685779821,286
685897222,177
686076152,1085
686161611,10448
686476221,1212
686709515,284
687036710,761
687065217,314
687127955,319
687211074,338
687246031,292
687372462,450
687449432,1045
687727674,1343
688164459,27852
688186076,2826
689172454,1308
689214770,2875
689299900,3480
689406476,897
689541424,2764
689765175,856
690349659,444
690609896,8169
690860892,894
691194929,461
691303110,4337
691347156,22457
691978242,691
692175642,1123
692676232,282
693038546,865
693072929,823
693638247,667
694239644,226
694279648,406
694510132,1318
694670164,2689
695229234,967
695699688,1075
696086319,132
696243788,2254
696503950,950
696601819,447
697007681,2074
697356168,168
697550206,1289
697933414,743
698210830,603
698288684,14853
698470143,288
698654711,357
698678789,468
698998233,983
699159727,868
699343375,1210
699396462,735
699581828,222
699727627,408
700724064,2371
700762093,308
701109860,324
701256444,283
701312880,731
701419101,1886
701494311,8857
701547123,148357
701604805,1113
701627142,1119
701867516,514
701872893,362
702050953,1252
702370097,816
702674692,724
702880644,2415
703132587,668
703276306,150
703411624,24169
703433265,1166
703596504,539
704036520,1049
704054996,829
704106022,550
704543233,4990
704959035,4287
705126352,835
705247308,644
705358800,1395
705433049,3072
705695450,3363
705901752,2094
705950346,2625
706023626,1302
706400384,357
706636808,244
706794274,1941
706800296,858
707018563,384
707020503,474
707237272,4142
707248455,821
707356799,1610
707441527,12867
707501489,1080
707504998,899
707552952,833
707818217,3823
707871811,537
707913607,1240
708532926,322
708552127,577
708693209,3017
709504524,270
709603902,12273
709620206,394
710127591,304
710443541,1341
710475189,506
710539769,597
710601088,56888
710781843,465
711291697,137
711319439,916
711391701,1381
711550638,13757
711650878,2040
711864970,525
711904523,170
711904962,3785
712179847,382
712629129,3299
712897010,10722
713152194,829
713419018,517
713609629,318
713967573,7823
714008096,484
714035943,355
714143245,10276
714226745,1522
714374011,1910
714387282,726
714395490,404
714808642,286
714853510,771
714865034,504
714893421,791
714940169,3156
715248012,171
715348647,543
715427466,13579
715523093,2037
715592775,770
715806751,979
715884951,14868
716273663,777
716439063,308
716476891,1972
716579519,514
716583109,3403
716786755,428
716799237,1761
716937075,2094
717009085,329
717026159,1194
717138746,2114
717197250,44798
717216771,492
717287228,6578
717917803,1516
717956516,1203
718107269,942
718323423,944
718379614,22393
718407978,1150
718748920,3523
718853934,394
718875034,220
719367888,31640
719455172,6549
719761455,397
719790983,404
720449800,586
720659604,284
720915219,1196
720959702,308
721250099,2367
721643027,1610
721995615,10120
722184017,11526
722523710,251
722811903,1360
722844356,13166
722954739,1261
723015178,2691
723094714,3199
723226486,2345
723307046,1732
723485772,1172
723665493,673
723728776,421
723758860,1450
723933053,1311
724028394,651
724066757,1809
724118604,1726
724415659,159
724478159,1493
724564445,1025
725157537,862
725334471,242
725463194,363
725476324,806
725658398,410
726013572,969
726390185,915
726478743,409
726518175,868
726570398,3002
726692169,2000
727268148,1001
727460041,775
727470807,3032
727502310,585
727519007,314
727699569,1099
728395410,1872
728528910,3217
728758093,467
728820625,2499
729271800,561
729453988,10391
729716514,624
730276071,507
730334347,549
730389199,347
730414546,780
730439488,272
730534580,87164
730728120,3923
730753909,4272
731037923,492
731293077,5983
731397562,1816
731449710,455
731462543,4879
731842419,9705
732366705,599
732401352,721
732543215,397
732849776,1280
732909726,990
733057080,1356
733454789,294
733497470,371
733578284,790
733661878,3575
733802106,5533
733899994,6842
734171107,975
734312577,5638
734626369,1204
734710598,788
735087691,702
735283134,1044
735425203,5170
735469449,1789
735982439,951
736191625,1299
736198723,1774
736272311,14035
736349347,560
736419116,518
736491949,2499
736530793,1061
737050647,652
737607643,363
738046322,2200
738095453,546
738519395,342
738733003,43379
738771232,474
738776129,1559
739486956,1301
739667828,5335
740043450,543
740111119,478
740293013,7050
740316987,9455
740338525,5396
740789348,2026
741100585,3188
741165735,150
741543947,578
741791071,1205
741989385,5151
742015163,1222
742146179,458
742244656,28759
742326880,1059
742902859,654
742949598,393
743007730,582
743107776,768
743533748,2155
743720963,814
743746918,642
743770309,7559
743780291,4180
743789945,162
743825398,5615
744164276,4320
744855992,383
745311984,1412
745546184,8669
745732093,2677
745749489,3942
746122997,136
746295630,750
746380110,503
746430561,1843
746667927,1444
746708555,338
746783381,457
746833579,811
747578582,1805
747648993,1227
748030359,984
748528018,6316
748674684,9059
748833709,487
749135518,285
750069596,2506
750262306,779
750274600,395
750371625,4257
750409062,800
750678695,18135
750896555,1339
751008707,13814
751413469,1324
751474418,1591
751863240,2041
751927947,312
752576871,1276
752672224,453
752798324,235
752815135,1250
752840454,1413
752856939,266
752906381,612
752946440,2967
753490180,72029
753525670,297
753664908,859
753742444,829
753750990,28698
753757613,394
753886289,4351
754066467,1596
754173470,1570
755161958,958
755500149,432
755804236,3387
755874962,458
755952077,637
755979015,762
756142546,7954
756475416,2603
756910902,214
757246914,287
757390591,426
757771051,945
757875395,1076
757885472,756
757899614,589
758197374,18240
758253566,697
758619546,179
759825266,3618
760107045,825
760329856,483
760947966,1002
761068700,1054
761150311,7130
761397238,1643
761580012,783
762204955,1790
762224673,5689
762300924,2471
762303728,15162
762355055,2408
763068976,830
763718151,377
763733771,1035
763774926,7582
763784232,435
763795053,6384
763825934,1740
763842651,7759
763923484,3762
763946969,394
763992110,636
764049913,1248
764161180,802
764328003,142
764418725,6953
764684731,642
764867656,727
765001096,118
765212809,361
765636168,447
766789360,2059
767257109,326
767492699,1363
767522148,833
767612356,194
767985271,7722
768036550,5019
768315119,339
768612800,4354
769026721,295
769134044,1055
769264114,655
769564277,7563
769852109,1740
769873873,602
769954254,693
770001062,3008
770153867,102407
770633006,2373
770650946,220
770946179,760
771302083,83596
771670025,17612
771808616,3540
771812200,166
771847852,1038
772047488,805
772179341,1025
772231767,347
772626462,1910
772632148,5111
772900420,516
773015046,678
773093836,1128
773321993,424
773345074,879
773544702,22494
773950709,2473
774011471,1907
774180708,385
775149161,735
775300536,352
775790548,1525
776632801,882
776854298,30891
776908852,23791
777111718,25694
777273508,1178
777392297,584
777597786,2181
777812139,3331
777941000,828
778281287,686
778431525,35373
778560533,287
778768633,490
778819999,2249
779285435,2132
779309317,1503
779312276,874
779499743,362
779843396,1224
779928034,1749
780047246,408
780161909,382
780323643,274
780522250,8725
780584116,228
780685045,2454
780737106,20036
781254183,326
781261349,14189
781367266,888
781412750,481
781420440,1619
781548686,677
781634560,1346
781762105,281
781844208,622
781914762,6602
782308046,3751
782539945,9033
782544882,1571
782597014,1485
782938634,269
782946208,5003
783303222,1339
783512367,38784
783558843,826
783743154,279
783744120,516
783839655,533
784021364,447
784181462,36071
784183059,5272
784528890,1761
784546140,11844
784586462,1193
784700179,240
784769209,556
784797264,734
784800776,980
784852356,144
784906798,2636
785004114,1464
785300720,987
785617449,375
785719030,233
785751279,1333
786008946,1074
786281570,932
786509147,931
786642156,4538
788470926,429
788751269,382
788768107,8829
789379581,293
789457378,305
789480255,6904
789601531,774
790018635,275
790136258,113
790316547,1246
790704526,2320
791124680,8403
791678512,843
791687835,116
791733442,816
791911417,559
792039881,3539
792072603,2662
792550179,251
792608353,664
792840938,587
793152808,790
793375104,131839
793379298,5199
793416920,297
793454852,4440
793526430,519
793795224,6326
795106410,725
795256319,243
795577184,383
795601045,1443
795784338,546
795905076,580
797193117,555
797371964,9368
797507464,112
797526075,105
797531982,446
797821110,1688
798163156,832
798503976,205
798892173,821
799032556,1615
799067071,664
799084863,332
799574583,779
800050396,1708
801447013,292
801547807,1020
801763739,8369
801764728,268
802174871,427
802342616,464
802434683,5593
802821703,9699
803024793,2089
803449223,153
803643412,1560
803733455,4546
804026091,958
804027896,1106
804458911,549
804533296,339
804542745,520
804768546,1795
804867341,4324
805155266,50208
805900550,546
806007891,4113
806192576,7936
806216118,1447
806294968,271
806444030,828
806770482,1242
806804556,2481
806854629,32814
806921131,524
807305060,11089
807477229,166
807512074,7411
807526338,121
807727161,2067
808019331,1335
808072504,722
808091003,764
808123482,1830
808180334,877
808279683,124
808982778,254
809060646,1344
809380023,789
809671338,1965
809673506,6154
809764991,342
809877633,788
810121174,3867
810363572,207
810375738,662
810861466,8225
810940471,637
810975601,187
811330067,328
811374381,1092
811638645,2143
811675345,12710
811918547,707
812111293,295
812535124,197
812975380,18819
813220336,2216
813368909,3690
813390194,319
814018882,872
814403270,1947
814502811,1492
815071490,144
815554514,290
815634288,11159
815654365,326
815778607,328
815946742,2297
816158613,1223
816163847,2013
817354652,11031
817558041,317
817595660,1333
817999901,138
818118661,4439
818331198,19186
818371268,484
819274200,1541
819291550,2638
819613072,1472
819746780,660
820105241,1113
820144741,2806
820723371,1103
820789280,3379
820898375,1567
821257066,1813
821372392,28073
821845183,270
822329559,2092
822439302,364
822604462,41991
823175328,1817
823198721,272
823533826,805
823596198,2038
823731928,616
823919159,554
824091324,1250
824541776,6420
825079672,956
825151681,295
825279449,2109
826111692,3961
826168160,64515
826170402,18988
826643276,1469
826847986,578
827005317,6365
827224160,296
828487049,402
828505099,4664
828725594,560
828733319,604
829521860,424
829762850,1154
829991333,265
830468922,2174
830613483,672
830859294,2252
831914256,5872
832180352,1249
832452447,14528
832482665,1785
833512367,3963
833803262,222
834050728,1083
834231760,590
834369920,54515
834418003,477
834688418,6913
834978333,383
835317697,887
835704674,2495
835975784,15863
836079752,1044
836554261,353
836899473,363
837411728,515
838093526,4415
838126055,400
838163451,143
838216432,7120
838412119,1009
838528318,1607
838542536,11224
838659679,12586
838970603,6560
839037098,27072
839428333,11950
839638772,816
839750798,1083
840056306,29727
840162905,1970
840665645,957
840672252,2271
841242731,1797
841263635,349
841370602,5567
841397199,2079
841472636,10645
841537832,223
842172831,1578
842982339,411
843003613,850
843119525,1179
843570824,8313
843734873,422
843946121,3171
845116230,857
845839905,1232
846166884,530
846504063,247
846579774,3380
846650421,1390
846698999,52620
847717439,16146
847942139,705
848182195,433
848430472,556
848716186,170
849121458,3288
849473290,554
850195226,1829
850267588,28794
850515061,6422
850683423,5240
851036791,1667
851138183,1211
851256132,676
851311691,789
851405219,2836
851492630,1767
851508130,327
851957432,1096
851973702,2264
852211693,715
853516073,490
853853180,393
853922938,765
854337508,10552
855162700,3145
855588588,8447
856013564,333
856917013,317
857301513,521
857378779,295
857596299,6897
858952634,257
859231373,887
859332112,693
859510816,2367
859537060,5664
859956307,4870
860141324,561
860826290,108
861432372,323
861556786,2168
861746639,2610
861758511,1832
861937484,1981
862342240,472
862421352,1577
862449441,16506
862570523,8905
862578138,13114
862584018,23958
862802466,1359
863050120,4621
863276973,2480
863454901,1061
863884238,500
863930645,1458
864107095,665
864683346,398
864768613,307
864976834,558
865062553,1271
865578152,3613
865656561,6491
865674064,753
865687718,185
866356299,593
866513204,38712
866517667,1982
866534224,124
866629172,681
867149056,131
867337374,10630
867365585,266
867433720,5308
868173144,20086
868456222,552
868466289,3206
868528979,186
868765642,1695
869057963,252
869529046,359
869964172,310
870039374,2138
870189331,12144
870402765,442
870957129,870
871211266,2782
871368615,8732
871483501,510
871725446,478
871835352,109
872005985,7243
872021590,2397
872550457,1506
872632465,978
872748942,603
873102254,575
873330843,806
873387226,297
873548300,1684
873919267,360
874559208,17753
875190427,219
875857865,388
875989196,539
876000634,2581
876064934,36920
876079530,796
876363500,255
876463366,311
876545970,1789
877230294,10852
877487641,154
877649153,3935
877757116,879
878272507,1056
878401217,551
878605324,528
878634542,672
879091764,621
879473096,1712
879657839,540
879677288,430
879753997,242
879874959,2697
879985123,496
881014682,207
881100462,947
881171866,15596
881201918,1888
881448795,2192
881458615,108558
881804112,8191
881991789,582
882026761,7458
882106204,421
882354535,1953
882486617,1047
882880878,396
883037083,1437
884123664,3931
884452470,1164
884907449,349
885743839,1952
886299924,1534
886448921,1599
886682265,300
886929922,158
886966165,3704
887684103,5012
888092115,172778
888350460,1808
888450044,876
888615536,2059
888977326,852
889371307,4151
889684712,1519
889730722,860
889798967,1703
889850064,912
890043011,4438
890358626,320
891123403,392
891705470,10827
891872929,651
891941403,720
892076269,1035
892173192,4039
892415825,252
892729604,1012
893031915,5714
893198731,210
893612026,662
893720264,300
894138030,177
894215592,280
894382523,173
894727712,123
894876686,2563
894945634,1365
894988451,1785
895079444,678
895124092,292
895224323,804
895253710,7702
895291604,4846
895453957,12417
895508656,71774
895801050,5738
895930732,1587
895942941,15280
896146306,3035
896252863,341
896296825,27144
896335270,92033
896417211,919
896594784,928
896905855,242
896927006,5883
897068154,820
897268988,8323
897308110,1494
897375907,615
897595329,3615
897809208,5713
897865415,1553
898003154,644
898004429,1030
898106797,347
898128804,1353
898304583,12652
898345892,9285
898654014,281
898806615,150
899184149,3416
899268921,151
899309258,2100
899407931,7198
899491463,908
899663167,1355
899983311,892
900152988,1989
900207021,2217
900260982,291
900493069,928
900564894,602
900577388,6507
900708662,184
900908903,2558
901328207,184
901554449,1724
901585471,2222
901596497,212
901680517,1533
901720337,247
901797250,5978
901925992,572
901950528,5373
902201960,5833
902419239,642
902495626,455
903410228,1106
903548628,2245
903606632,234
903643338,313
903700733,15874
903960898,1516
903999320,1800
904010974,902
904031977,476
904060563,591
904190702,231
904249963,696
904277704,659
904534974,7195
904639064,1672
905016458,8495
905450127,2908
905471442,946
905850659,168
906122697,1178
906245192,418
906251482,36118
906326388,1452
906380555,358
906848878,3167
906909760,319
907148362,303
907706400,1187
908054915,131
908705399,196
908734690,2700
908799323,3249
909177153,222
909213664,96915
909215044,466
909466352,880
909717778,1157
910125376,2957
910133553,208
910265773,1575
910277051,296
910336786,1479
910426589,627
910918245,319
910986056,16270
911150848,256
911185631,467
911256711,3094
911303109,18584
911680526,1240
911831076,4906
912452889,341
912499477,2606
912645774,3088
912731730,1082
912869501,1654
913547673,258
913574546,1448
913593764,1238
913907685,1972
914316754,19805
914406146,1533
914475684,198
914625205,1715
915015718,461
915233417,6541
915291641,1997
915358848,2471
915425472,872
915470479,423
915520679,8996
915822493,345
915838812,385
916009087,17060
916292078,269
916386111,3256
916693314,164
916695726,3454
917001485,412
917444482,339
917782991,1638
917868934,30832
917903047,2453
917985457,680
918092521,259
918778709,3884
918932603,38536
918998436,159
919458554,1201
919609219,3648
919835586,14452
920159501,3485
920179950,351
920576726,2590
920835737,409
920995232,6371
921048775,1477
921374864,1299
921418273,655
921448845,1822
921652649,584
922050275,3196
922596686,5365
922709376,693
922830617,164
923103714,447
924394244,5412
924706399,3343
924738875,4363
925147332,4018
925298844,6534
925457982,853
925508103,943
925634755,2937
926222936,198
926252103,10765
926285456,749
926297959,1321
926334425,3267
926861272,19519
927890076,7131
928054659,271
928147986,125
928176450,519
928246219,317
928318862,9731
928416110,1207
928766981,484
928857407,2666
928976443,485
929050264,912
929121414,23122
929152510,395
929153651,416
929158279,3627
929338255,4066
929591639,189
929918364,268
930007673,321
930132430,2206
930217913,7286
930733499,498
930886482,706
931205747,244
931352845,33044
931365873,4097
931442415,2531
931552739,1093
931705070,2219
931884122,577
931892749,15621
932076703,2503
932348189,333
932644823,5453
932741577,789
932756293,780
932892820,178
932931149,258
933044155,2571
933144612,830
933201974,172
933350408,3437
933392619,1483
933588046,476
933700399,917
933701586,13354
933894892,1502
934119223,252
934139122,505
934147482,1617
934358660,374
934527631,2352
934753959,3777
934853350,246
934999287,3046
935223529,989
935450522,5630
935534753,1552
935604638,26775
935753640,422
935895786,271
936036852,513
936075340,304
936151330,895
936369652,1304
936371491,500
936395722,1682
936588488,822
936974548,4683
936986786,5107
936993021,1377
937033828,299
937056810,2113
937106681,420
937347387,253
937527501,1564
937952934,5652
938111182,307
938268326,303
938322627,2876
938379776,2089
938582880,479
938652536,191
938859604,5693
939035618,132
939207877,4897
939242211,212
939371152,590
939648665,5141
939657163,461
939712575,308
939870671,530
939937385,428
940099147,1319
940989522,379
941145803,3550
941160149,3700
941562247,2046
941652610,185
941866087,332
941931006,138
941971657,403
942114501,20078
942206898,7725
942624437,1838
942756187,14767
942771284,32108
942837343,27952
943214141,182
943266643,544
943686184,1537
943950290,7915
944922104,336
944976593,11977
944988714,601
945034056,1261
945121885,340
945309383,204
945411078,10704
945551361,6212
945592798,278
945605057,8263
945763259,2044
946010740,6601
946025961,452
946087422,26804
946153980,3884
946174307,4459
946178371,10575
946228075,462
946270469,149
946278572,3974
946334325,240
946380199,28528
946676136,1269
946702247,6773
946763772,216
946767878,6559
946845941,3169
947349598,1996
947516890,595
948072295,5101
948148972,1862
948264786,2321
948430889,1855
948567826,312
948663423,8681
948725367,587
948839453,6706
948860546,1396
949542298,539
949564493,314
949646929,8282
950019212,384
950061990,1627
950361043,1024
950412509,314
950839330,787
950891299,4288
950937118,165
951125019,786
951163887,668
951254050,209
951416232,512
951543275,3671
951636984,463
951746200,2933
952238700,9578
952294753,2822
952688112,35952
952939763,2120
952977008,503
952999410,754
953089294,4596
953142807,1185
953215797,364
953274130,1694
953321814,2824
953478769,2194
953521037,34496
953587943,944
953683578,27801
953944252,2928
953945624,2618
954045557,495
954295376,351
954321799,645
954528300,1192
954762768,394
954873280,25270
954963562,11217
955112969,182
955577327,718
955620917,60522
956283541,6945
956421280,495
956585124,1350
956657893,5861
956679248,1304
956842312,8320
956908445,4657
957053334,6136
957410714,177
957412694,4342
957479413,1901
957658915,25200
957756643,3409
957812975,1454
957825149,2288
957859485,9693
957960956,186
958189434,2060
958531089,35115
958603506,247
958733763,346
958830671,10115
958852531,585
958956842,1626
959346743,525
959473422,12611
959543974,7545
960225366,807
960292911,247
960665821,16952
960724144,779
961238844,418
961883456,576
962024783,2897
962106649,2569
962125208,2622
962134278,3374
962294285,283
962587799,741
963665823,4074
964314175,1615
964477695,5916
964818213,1154
964996396,3967
965030779,2148
965174143,1522
965232391,538
965313467,9022
965632655,8117
965872694,614
965974441,5786
965998145,3330
966022561,584
966372868,620
966653795,2197
966916741,653
967062640,3218
967155121,554
967543976,200
967670863,650
967738751,9075
968197216,106436
968317835,2055
969005843,234
969010919,19363
969235474,556
969263461,753
969373000,1544
969725165,328
969892666,6577
969920935,1034
970023948,3761
970107711,827
970267776,659
970578570,2599
970691159,395
970875123,938
971300888,4959
971399370,961
971922154,158
971992642,4950
972553373,4307
972862480,627
972930250,847
972957983,1254
973051124,2541
973180254,6777
973223133,4759
973292935,2476
973621150,3525
974157595,5821
974445592,12708
974865573,2103
975012144,381
975045036,2119
975318071,17592
976255395,453
976286833,2110
977737334,324
978236277,8635
978331188,10049
978384239,542
979235459,1229
979345481,1530
979392131,15208
980086077,2410
980428225,2069
980526715,1020
980584668,1968
980669489,204
980793684,227
981177285,9454
981223380,648
982172059,245
982517950,6715
982711664,602
982835425,977
983113668,5081
983757718,1844
983763510,4979
983846239,865
984011683,2862
984119889,1194
984133376,10100
984189260,867
984376616,393
984413599,2908
984625191,3901
985839104,13139
986553289,487
986861312,2858
987252260,1187
987312029,793
987541636,1663
987670088,27237
987682107,2992
987975584,10522
988337333,18298
988488798,4978
988535212,280
988545824,837
988856738,392
988892963,1069
989406293,235
989917360,1220
990310636,657
990811530,237
990919575,285
990985890,581
991030974,899
991037838,346
991047680,1560
991092853,1944
991528882,1721
991626874,819
992021228,255
992114392,845
992325192,559
992778031,512
992907328,315
993236973,1551
993376725,1582
993392548,496
993521808,3560
993635199,372
993864981,890
994061888,290
994252890,6529
995129837,850
995371708,334
995796077,791
995920026,1403
996124831,1778
996329491,6435
996546959,1124
996626040,10210
997085842,3107
997120524,838
997220114,273
997390194,5029
997410148,523
997438135,518
997490512,6271
997890921,22644
998445877,1315
998658053,1824
998704750,330
998903307,1770
999030842,14929
999743169,574
1000362065,37636
1000784797,817
1000933836,683
1001200358,1323
1001452682,12005
1001531356,575
1001889935,3166
1002055021,905
1002069540,2610
1002125012,27723
1002608585,341
1003353701,525
1003434490,1378
1003614809,2982
1003799351,503
1003987503,586
1004147641,17461
1004491404,595
1004631442,8605
1004647857,5314
1004789600,608
1004995740,22362
1005233473,4937
1005959915,289
1006104934,5162
1006340566,411
1006993051,882
1007665741,886
1007681088,5459
1007724038,644
1007845219,859
1008177062,4304
1008373485,13208
1008713177,26890
1008775535,649
1008961851,894
1009038213,377
1009729416,455
1010094371,2029
1010285990,498
1010311478,245
1010318950,6351
1010478967,2271
1010681419,73714
1010767195,2424
1011137032,1427
1011263959,298
1011716417,630
1012087571,46791
1012470975,152
1012676456,3273
1013335166,327
1013404946,3265
1013480284,30179
1015215237,194
1015232837,376
1015241891,1897
1015280784,2301
1015753941,2571
1015815983,6314
1015852565,777
1015965886,539
1016271077,812
1016323751,38007
1016423859,12615
1016903129,861
1017049444,2826
1017500658,161
1017966556,434
1018098280,2049
1018547681,3760
1018830110,1572
1019203263,155
1019360350,3380
1019432584,12489
1019609805,2150
1020779503,1687
1020834440,3664
1020843346,617
1020997213,139
1021219064,3609
1021295105,511
1021369428,202
1021621499,3362
1021895365,23266
1021907170,1627
1022508659,742
1022925092,990
1022984892,4409
1023243010,1118
1024095504,301
1025121037,4758
1025300166,5796
1025363199,170
1025906681,3280
1025924157,2777
1026361581,195
1026589873,340
1027015746,871
1027092197,225
1027207153,821
1027384981,27584
1027472552,1308
1027657650,453
1027735852,1660
1028070615,14278
1028159967,12692
1028492186,14898
1029036679,24173
1029049168,2335
1029161494,493
1029237831,365
1029289585,1969
1029765858,1789
1031066646,236
1031215137,15172
1031572511,331
1031666266,167
1031702103,611
1031738741,3149
1031743438,105
1031953656,1472
1032382011,760
1032429296,3090
1032459340,64418
1032498247,872
1033268244,5661
1033504128,107
1033533442,1904
1033618518,248
1033873680,8369
1034122619,1741
1034425196,12316
1034455311,203
1034736943,3905
1035165731,1925
1035903914,600
1035925398,249
1036205124,8018
1036471813,226
1036704760,1515
1036865607,4900
1037029275,186
1037741738,4497
1037868089,695
1037882481,1636
1037962296,5035
1038251341,4702
1038267026,507
1038357256,257
1038413113,1068
1038434342,716
1038507702,1527
1038887977,187
1039282306,2749
1039587768,7578
1040280323,2745
1040397982,8316
1041176052,4044
1041444133,1732
1041920680,4594
1042367133,126027
1042526843,2403
1042774256,911
1043448231,1845
1044010907,3235
1044765979,3244
1045330979,1126
1045721921,9596
1046807713,3605
1046864201,2184
1047320420,3246
1047604775,2495
1047714514,1337
1048132347,377
1048158960,1236
1048282719,2236
1048320382,10963
1048418394,3245
1048564437,275
1048601047,4954
1048652045,178
1049183334,645
1049248085,191
1049886433,2341
1049887781,792
1049911276,362
1050245177,675
1050485604,404
1051229663,1641
1051432019,555
1052016638,896
1052050442,71948
1052094299,1132
1052259802,3096
1052387869,541
1052473204,1113
1052828228,4682
1052845083,17588
1053114486,626
1053118194,35492
1053297461,3751
1053496366,1709
1053544737,532
1053598893,4931
1054147333,212
1054677274,2680
1054793726,48844
1055778057,645
1056221118,1351
1056452116,786
1056618941,4326
1057381764,807
1057758059,796
1057848324,763
1057909657,581
1058148535,1197
1058223453,540
1058825816,1967
1058850200,3154
1059326899,2346
1059472549,3498
1061041576,27249
1061327311,9473
1061365581,523
1061953414,167316
1062171191,512
1062210926,997
1062297179,4981
1062458369,28563
1063265931,4086
1064264196,986
1064636662,2726
1065047674,1574
1065059442,46591
1065066515,1997
1065865385,2513
1066243512,1883
1066509034,2997
1067194496,459
1067611583,147
1068755384,376
1069234314,426
1069446208,3264
1069465928,2881
1069943001,19341
1072539730,12022
1072816188,2437
1073224795,269932
1073579907,667
1074023461,2440
1074175180,381
1074561042,26187
1075241121,253
1075250658,1442
1075381375,13088
1076111130,1758
1076312498,943
1076538757,120
1076969585,2548
1077560986,459
1077591800,183
1077662591,2149
1077701245,881
1077819522,21252
1077839783,290
1077850011,14582
1077926723,1201
1077989117,2762
1078227922,659
1078434900,500
1078528927,6366
1078598180,2370
1079302078,619
1079469057,3007
1079547517,962
1079619168,6008
1079906817,3517
1079966361,3305
1080070047,10946
1080226559,346
1080442728,2862
1080536031,1736
1080688707,826
1080728121,1404
1080989149,1868
1081336463,2752
1081397957,25123
1081415439,246
1081623471,2078
1081770999,2304
1081783144,417
1082137380,4503
1082722503,3332
1082927074,3234
1082960574,2978
1083188349,5189
1083363028,2601
1083676347,105
1083790746,446
1083953029,532
1084058975,2197
1084400107,1549
1084853233,29926
1085062248,127
1085086903,11948
1085130367,1167
1085636225,373
1085876386,6139
1086124473,574
1086419061,19438
1086756757,1447
1086808440,201
1086887314,2950
1087021837,662
1087106485,363
1087304134,1716
1087772670,5348
1087915800,507
1087953935,679
1088165333,436
1088558237,11558
1088705108,8058
1088816938,747
1088947514,1181
1089324287,682
1089959414,4898
1090165309,390
1091441963,723
1091563845,2311
1092047360,40958
1092116209,6521
1092279475,5657
1092555455,164
1092747695,235
1093458723,337
1093529841,10222
1093903598,633
1094040884,132
1094122545,1520
1094171135,1013
1095936393,1970
1095948794,3756
1095991387,503
1096175506,1145
1096608396,3553
1096955196,1367
1097695258,19874
1097835077,1526
1097885806,293
1098549899,583
1098665524,2349
1098866858,580
1099328966,12240
1100358796,717
1100363827,3490
1100776768,33347
1101059247,1140
1101183880,805
1101198567,2403
1101234405,2699
1101358021,853
1101573776,158
1101874129,9760
1102197464,3231
1102438776,1223
1102464845,194
1102475895,296
1103012935,385739
1103039640,546
1103066894,1318
1103502237,1078
1103772881,5448
1104232109,753
1104332987,70824
1104370536,7142
1105067009,626
1105657641,9586
1105906942,5885
1105911868,192
1106046293,2249
1106290890,773
1106440682,591
1106444494,351
1106612431,2455
1106615912,2029
1106663535,15431
1107721554,1149
1107847846,407
1107929306,1182
1108061543,375
1108188054,254
1108246201,259
1108658403,240
1108682714,6529
1108837393,67592
1109163478,948
1110248948,1653
1110443421,15409
1110629675,434
1110724055,438
1110731552,543
1110782890,14670
1110932933,3605
1111221079,897
1111537966,3817
1111937658,2228
1112015061,729
1112154391,354
1112189620,25976
1112733896,748
1112757335,496
1112843446,2307
1113140733,3072
1113326957,787
1113327297,1917
1113373470,667
1113403973,11021
1113476505,536
1113573066,44221
1113922795,2595
1114838453,4447
1115322337,1490
1115438773,3009
1115602775,2302
1115745775,617
1116604175,2874
1116658452,902
1117298172,737
1117388084,1453
1117497732,1869
1117639997,24080
1117827886,290
1117851921,733
1117894769,1841
1117896698,456
1117927632,2144
1117942206,3688
1118058753,563
1118085970,12434
1118204739,1019
1118273977,791
1118472080,600
1118483478,1117
1118556483,358
1118601518,36466
1118620356,920
1118981983,631
1119072163,237
1119305249,1082
1119492821,2430
1119523584,5240
1119580695,3895
1119883856,1585
1120106077,1400
1120507300,2064
1120540348,4946
1120583995,1116
1120886225,1763
1120991338,937
1120992116,544
1121405464,3883
1121898861,1309
1121999804,704
1122242121,4741
1122681704,2099
1122873619,1476
1123331936,1044
1123338559,5776
1123956658,7621
1124031902,1588
1124219907,33449
1124236568,382
1124477911,1917
1124631986,958
1124754056,2292
1124759447,484
1124936542,772
1124990304,856
1125228311,332
1125258937,945
1125683897,448
1125856365,23422
1126064944,1400
1126473386,27257
1126557956,804
1126841840,4917
1127011907,395
1127191351,2987
1127234517,8557
1127276854,1487
1127402712,450
1127793756,5809
1127844060,555
1127855842,236
1128204614,16677
1128579105,361
1128708803,258
1128833454,1875
1129412343,673
1129437678,2657
1129568168,1611
1129583447,3257
1129597773,362
1129786550,18597
1129836481,337
1130004860,5706
1130040122,987
1130269053,259
1130325611,1347
1130445785,797
1130564872,80326
1130809465,38465
1130952330,529
1131085323,1810
1131194012,270
1131286249,278
1131381274,241
1131513930,61560
1131637627,1122
1131734767,706
1131980797,553
1132063646,1642
1132431999,10889
1132664039,2046
1132750706,15745
1133207146,24790
1133210524,4323
1133611462,163
1133660268,1999
1133872562,514
1133901637,5366
1134247238,407
1134445014,543
1134447175,6511
1134743153,734
1134819911,3952
1134882229,826
1135067489,277
1135148452,934
1135169266,2256
1135179558,7925
1135193663,568
1135212071,43730
1135260262,2957
1135473927,865
1135492298,15482
1135501937,2492
1135791677,13719
1135871706,612
1135891523,2873
1135975613,277
1136152017,1291
1136197489,182
1136590548,239088
1136616428,1615
1136666433,34588
1136752401,1570
1136782037,2601
1136945646,222
1137222083,783
1137445686,541
1137485434,2299
1137515077,5008
1137515714,398
1137711311,40624
1137729039,156
1137850293,1200
1138349022,989
1138376193,1449
1138835447,1819
1139111484,331
1139329853,391
1139596354,1012
1139643103,1036
1139782619,13542
1139883371,371
1139971460,75421
1140000232,1786
1140071348,2108
1140152286,387
1140226073,610
1140263746,940
1140481996,666
1140494293,709
1140774520,789
1140788023,378
1141023706,547
1141384261,467
1141468878,175
1141592887,1279
1141701871,1058
1141704318,51860
1141706975,1411
1141720197,1530
1141782198,49928
1141853351,5719
1142132744,205
1142274728,8468
1142397834,606
1142406715,4565
1142413815,330
1142482827,462
1142833038,144
1142857237,291
1143019584,811
1143237475,5060
1143261428,9930
1143295695,5412
1143403408,956
1143408173,1840
1143664622,506
1143753790,318
1143767804,27213
1143816215,616
1143938205,228
1143952193,5744
1144007363,945
1144211118,1093
1144284308,691
1144694071,2592
1144727401,2415
1145075367,706
1145158024,1880
1145420469,2813
1145667945,2364
1145881485,637
1145914675,1219
1146004684,2248
1146153471,1951
1146425139,3937
1146462485,2768
1146471921,1987
1146550474,3567
1146738089,30477
1147019563,2073
1147094660,46815
1147103080,3700
1147294830,498
1147379948,4109
1147566999,2959
1147803825,815
1148290190,874
1148314264,484
1148617298,1672
1149110392,480
1149257427,5123
1149469661,546
1149484257,1123
1149919051,2059
1150071903,2477
1150205470,6363
1150626239,7580
1150696087,557
1150781804,397
1150800542,2317
1150865300,857
1150877418,3286
1150995498,601
1151113612,3891
1151205052,3076
1151221822,313
1151379841,859
1151411061,6375
1151667698,5319
1151867743,457
1151870687,366
1151948575,408
1152014594,13851
1152145571,1686
1152159038,3203
1152162423,187
1152600431,1448
1152720637,1228
1152766213,396
1152784189,571
1152844950,333
1152948526,917
1153027372,169
1153111797,259
1153372704,6923
1153483156,387
1153494379,1016
1153634897,296
1153688673,410
1153764295,1034
1153806672,1958
1153822578,509
1153886029,176
1153919891,765
1154009261,4987
1154123797,2276
1154407752,1668
1154879377,2961
1154974019,354
1155025406,3170
1155063795,313
1155091202,5632
1155099363,1730
1155123554,1060
1155232855,1340
1155266070,795
1155268703,1811
1155383451,7927
1155576139,5872
1155681893,183
1155766506,1039
1155776799,1267
1155816493,2354
1155965274,23730
1156013210,1641
1156046366,256
1156170875,4345
1156416181,435
1156797572,5967
1156956890,32548
1156960719,14322
1156994049,9147
1157171418,18564
1157299560,174
1157326300,240
1157543432,889
1157643045,167
1157659618,403
1157855507,929
1157909530,315
1157928891,446
1158444028,686
1158472225,3003
1158588224,31290
1158631460,3469
1158722119,85383
1158782187,176
1158799392,10300
1158953185,2059
1159184254,524
1159261054,1532
1159381774,2213
1159910897,233
1160158798,371
1160245783,1310
1160289313,817
1160721237,253
1160886023,1344
1161038816,633
1161355400,744
1161379409,762
1161394125,1632
1162089095,862
1162099055,74768
1162410458,8725
1162907198,295
1162971794,2230
1162985117,422
1163421557,458
1163460571,1007
1163460850,2173
1163524922,257
1163644748,570
1163855415,1082
1164059777,1406
1164459351,1079
1164521143,835
1164625104,587
1164646909,512
1164655740,1408
1164832776,16344
1164859248,981
1165324947,34020
1165361576,3401
1165489591,558
1165507389,4461
1165663023,1397
1165855406,2908
1166050099,111
1166108740,259
1166139870,18095
1166171472,195
1166321809,1454
1166408297,26814
1166606658,1041
1166706525,1152
1167034425,2838
1167077257,2697
1167209519,7418
1167296906,875
1167300963,41574
1167337904,482
1167413446,3107
1167525683,241
1167626999,335
1167788341,29625
1167791343,1835
1167823778,1364
1168073473,895
1168184085,251
1168261320,1300
1168294481,687
1168753718,11161
1168900248,688
1169009889,179
1169078701,317
1169101061,2310
1169144801,2222
1169297054,524
1169560166,4306
1169612059,757
1170266927,25059
1170303612,2290
1170321595,571
1170326509,2109
1170548091,3851
1170615905,262
1170634188,661
1170648585,589
1171111467,5845
1171284401,1245
1171290857,503
1171312494,4117
1171376163,2528
1171575871,397
1171605222,254
1171656857,1357
1171755183,192
1171873526,375
1172197625,368
1172251311,464
1172309719,187
1172540122,641
1172574522,6195
1172739419,1864
1172782796,512
1172805219,1246
1172886754,640
1173427820,2850
1173503298,641
1173528409,507
1173769719,829
1173838343,920
1173848034,10497
1174224707,2886
1174262723,418
1174423274,235
1174443757,189
1174614095,357
1174625805,326
1174747993,1422
1174957711,361
1175231820,1651
1175263852,1551
1175316550,2017
1175317731,173
1175414428,283
1175742612,226
1175748759,4179
1175870738,2922
1175900220,3018
1176061718,501
1176129893,19316
1176335208,2019
1176469774,2349
1176497351,881
1176557412,758
1176677271,1281
1176808813,1560
1176898834,3518
1177118700,218
1177129875,558
1177402105,40310
1177456367,1092
1177640089,658
1177919337,724
1178198291,1241
1178437140,1863
1178500367,717
1178505369,399
1178584802,306
1178834224,875
1178974910,471
1179046874,11095
1179074781,1016
1179124545,4422
1179213731,2643
1179363570,6794
1179413000,8866
1179457582,223
1179478740,270
1179539349,3549
1179682343,931
1179727851,685
1179824727,213
1179959183,4458
1180015183,827
1180226026,1501
1180391077,671
1180445240,389
1180700598,170
1180781840,1196
1180872582,205
1180917769,5807
1181171430,233
1181272477,3139
1181318933,1379
1181409661,291
1181429842,581
1181479848,11207
1181624333,526
1181899027,1306
1181982220,28002
1182000750,2466
1182212878,27294
1182215277,1196
1182216394,2850
1182547092,22111
1182588635,275
1182594286,2179
1182712729,2421
1182741097,1454
1183151083,194
1183396155,1275
1184096749,424
1184170771,1477
1184249417,511
1184268220,5950
1184313747,471
1184340999,263
1184752645,4407
1184830713,694
1184839874,166
1184996128,1417
1185003107,491
1185016972,641
1185122623,5890
1185233810,1086
1185308721,235
1185389803,31029
1185430378,1990
1185438389,366
1185528404,1531
1186036632,902
1186202698,1946
1186233280,1341
1186304875,229
1186389044,305
1186598756,1027
1186664179,1208
1186701238,985
1186842622,1704
1187150337,2359
1187349447,297
1187386524,124
1187464970,878
1187490902,441
1187573823,405
1187595770,502
1187630119,14449
1187689258,499
1187718501,211
1187805808,2458
1188009186,599
1188133194,1416
1188180267,6380
1188362803,2478
1188669909,2171
1188684386,470
1188775349,1867
1188833811,254
1189234446,5258
1189384516,5069
1189432033,1287
1189732822,4405
1190042495,1792
1190390511,1066
1190515659,458
1190778303,4460
1191240966,362
1191398263,582
1191520000,3690
1191671352,1236
1192168837,1714
1192303694,1461
1192555574,14702
1192646696,1698
1192691221,307
1192710260,295
1192845474,936
1193082155,8643
1193276701,189
1193374549,3337
1193430229,491
1193465306,487
1193818575,336
1194056092,2047
1194293040,548
1194517182,724
1194576770,365
1194842235,398
1195165448,3436
1195208341,3800
1195243030,11124
1195371847,3494
1195557790,1185
1196568696,245
1196617276,17167
1196674898,267
1196898989,797
1196950132,866
1197002442,4490
1197043989,10221
1197079556,2137
1197172145,3278
1197183235,2500
1197197392,2358
1197226849,3399
1197227242,2542
1197262207,3214
1197265285,1552
1197357033,2743
1197387463,935
1197473770,925
1197491237,1047
1197496497,1692
1197569406,14018
1197598190,4077
1197631840,895
1197656055,3937
1197674252,1665
1197690052,1180
1197727671,895
1197782606,2996
1197811764,2163
1197990888,30599
1198040849,2749
1198063129,528
1198068829,526
1198155461,1180
1198211652,233
1198306812,30500
1198331424,162
1198370352,1854
1198604352,766
1198625298,237
1198654685,964
1198829864,1638
1198882870,1184
1198982020,366
1199028956,1282
1199057215,1094
1199548147,560
1199668171,13819
1199720858,411
1199905418,1422
1199916658,715
1200071160,811
1200192516,184
1200309199,295
1200426344,1470
1200597263,104762
1200800171,885
1200968971,182
1201167354,317
1201173969,97155
1201212574,130
1201253077,3482
1201432708,1480
1201628267,953
1201656210,58266
1201754187,202
1201775166,1838
1201897606,364
1201906543,282
1202070696,2303
1202113460,1362
1202274504,251
1202436319,416
1202496880,460
1202549948,3163
1202555904,2286
1202599845,19457
1202634727,1002
1202937420,5850
1203115035,667
1203116301,146
1203185600,4650
1203417753,1996
1203463294,328
1203468533,13346
1203485136,1035
1203558071,19073
1203657193,237
1203667901,223
1204165003,2137
1204369117,836
1204383770,189
1204427144,433
1204520409,1262
1205047801,166
1205137520,5525
1205298114,520
1206357666,1673
1206390571,9799
1206468071,690
1206501749,3807
1206553433,11023
1206566990,2395
1206648335,713
1206910786,169
1207006614,1602
1207091162,9804
1207529559,898
1207639951,9958
1207687985,2042
1207740274,2339
1207908536,288
1207953136,286
1207965399,2275
1208339803,1442
1208451003,792
1208510936,910
1208616942,693
1209020591,566
1209098380,2167
1209350013,583
1209640045,532
1209889782,9223
1210070282,384
1210155353,4949
1210223349,481
1210288370,749
1210537388,2631
1210965499,15
1210969976,613
1210974853,34
1210993610,19
1210995403,20
1210996597,413
1210998536,26
1210999518,21
1211008223,79
1211009406,14
1211010427,13
1211015701,30
1211016441,414
1211026924,26
1211027023,16
1211029147,17
1211045181,29
1211046673,53
1211047453,73
1211049218,143
1211054287,649
1211062214,23
1211066605,14
1211067257,11
1211079624,25
1211081420,14
1211081914,17
1211082205,20
1211083967,54
1211091483,14
1211091844,42
1211092393,79
1211096376,1823
1211100249,511
1211101745,23
1211103743,11
1211105461,16
1211106808,18
1211119746,33
1211134411,287
1211135748,58
1211139949,11045
1211148265,12
1211152788,89
1211153639,588
1211161312,47
1211164307,22
1211182199,37
1211183026,33
1211183428,33
1211185810,13
1211188079,97
1211192559,35
1211200858,10
1211206127,251
1211207463,19
1211213013,58
1211213210,35
1211216973,20
1211231675,19
1211239245,11
1211240086,17
1211242246,13
1211245293,39
1211245881,44
1211246310,44
1211247455,44
1211247978,44
1211248537,44
1211249123,44
1211253535,44
1211254498,44
1211255002,44
1211255474,44
1211255968,44
1211256418,68
1211256910,44
1211258495,44
1211258530,27
1211259024,44
1211260619,16
1211261120,44
1211263474,44
1211263944,44
1211264394,44
1211264885,44
1211265499,44
1211269161,39
1211269625,39
1211288094,15
1211288569,237
1211291830,48
1211292824,13
1211323948,64
1211326181,109
1211328845,42
1211331887,43
1211332487,20
1211334989,91
1211339624,41
1211340505,12
1211341812,16
1211344034,47
1211346525,35
1211347607,16
1211353240,15
1211353708,32
1211357795,382
1211358903,19
1211363745,215
1211363761,21
1211369814,27
1211373664,17
1211373726,14
1211375944,369
1211392915,51
1211396326,103
1211397094,12
1211397985,16
1211406359,13
1211407380,19
1211421149,25
1211424294,114
1211431908,22
1211436356,28
1211437711,25
1211445936,15
1211449139,1063
1211451737,239
1211455718,31
1211472582,24
1211474003,48
1211478189,415
1211483815,69
1211486387,14
1211495036,241
1211495678,80
1211496271,12
1211496721,14
1211499945,18
1211504567,14
1211506215,129
1211511366,32
1211514405,48
1211516798,27
1211528757,33
1211532216,66
1211537500,2219
1211544888,11
1211547129,13
1211549389,11
1211555810,134
1211560503,14
1211568421,78
1211576866,36
1211589067,918
1211595987,16
1211611644,36
1211614110,215
1211615179,165
1211621353,13
1211628140,13
1211628924,56
1211636743,319
1211639042,67
1211640020,52
1211648517,45
1211664428,85
1211668332,23
1211673552,19
1211688259,32
1211689305,75
1211709322,20
1211709401,42
1211713203,39
1211734353,37
1211762072,17
1211769859,12
1211771701,137
1211786253,11
1211796176,170
1211804342,72
1211805157,20
1211816061,18
1211822834,105
1211841798,47
1211844962,10
1211847033,33
1211852158,23
1211879821,24
1211880680,26
1211883488,27
1211907063,13
1211913026,49
1211933183,29
1211933536,19
1211937619,39
1211947721,17
1211954790,23
1211961956,13
1211973138,16
1211974233,16
1211981858,60
1212012880,20
1212016788,44
1212023672,27
1212030186,37
1212038396,58
1212040616,50
1212041285,44
1212044099,113
1212045148,33
1212046166,15
1212048194,27
1212051246,29
1212054378,25
1212059169,279
1212059453,21
1212060952,59
1212065926,25
1212068500,2725
1212068825,19
1212071331,118
1212071873,11
1212073733,79
1212073877,15
1212074645,30
1212080845,12
1212082239,16
1212098005,25
1212102867,13
1212103871,35
1212104171,72
1212105001,15
1212106565,26
1212109465,15
1212112489,58
1212122101,732
1212122915,11
1212123893,310
1212126095,25
1212133946,385
1212138326,18
1212142448,26
1212142746,31
1212149375,790
1212150078,12
1212152443,15
1212152679,16
1212155273,25
1212156829,59
1212162173,39
1212162858,18
1212163614,28
1212163658,6848
1212171830,67
1212178686,49
1212180639,321
1212184690,13
1212187194,64
1212191053,15
1212192645,11
1212194710,53
1212199101,42
1212202152,80
1212205041,85
1212213795,10
1212215459,25
1212217978,11
1212221277,53
1212224446,103
1212231935,34
1212237753,70
1212240247,26
1212272650,35
1212291096,15
1212297061,17
1212297707,570
1212299698,24
1212301481,14
1212303172,16
1212305418,10
1212309782,14
1212312612,18
1212313395,36
1212313943,27
1212321035,19
1212321780,11
1212322352,13
1212323523,45
1212324108,208
1212326426,14
1212327060,19
1212328464,21
1212335792,1249
1212337929,55
1212339953,13
1212344894,17
1212352704,204
1212353968,474
1212355347,14
1212358471,45
1212361258,96
1212365405,334
1212370575,14
1212380723,67
1212386132,13
1212389344,79
1212396129,18
1212401107,80
1212404364,33
1212405954,13
1212409812,20
1212411769,20
1212416285,51
1212420523,94
1212424025,47
1212425313,20
1212426242,35
1212435342,14
1212436974,13
1212445952,237
1212446074,224
1212458158,33
1212463614,21
1212471969,188
1212485345,13
1212495958,21
1212503250,9463
1212507810,14
1212517694,14
1212519203,18
1212522158,22
1212526449,28
1212534605,45
1212545513,47
1212545562,19
1212545659,19
1212547305,50
1212552738,48
1212556547,53
1212568395,2577
1212579112,19
1212580057,11
1212580972,15
1212584333,14
1212604955,36
1212607944,19
1212608505,35
1212615762,14
1212615823,62
1212626143,12
1212639739,37
1212645406,51
1212655381,222
1212662651,32
1212662699,43
1212674766,18
1212691238,17
1212697436,20
1212698895,21
1212708301,27
1212711737,14
1212716497,44
1212717547,13
1212718768,2463
1212731288,21
1212732933,13
1212741592,15
1212744728,16
1212750508,44
1212751545,14
1212751853,26
1212752329,40
1212756310,15
1212767451,29
1212770626,19
1212772844,56
1212776839,13
1212779336,36
1212792234,382
1212802346,35
1212803197,146
1212818660,138
1212822116,129
1212826524,14
1212832891,15
1212833318,609
1212843730,56
1212854568,44
1212863969,17
1212866717,14
1212873879,18
1212877255,40
1212893754,24
1212898723,55
1212901838,42
1212906611,11
1212912437,14
1212915278,17
1212932043,16
1212936003,17
1212946437,45
1212958625,1986
1212958792,159
1212960200,27
1212964560,99
1212986802,22
1212990952,73
1213004527,58
1213018000,924
1213021084,17
1213021942,25
1213031647,10
1213049020,16619
1213053754,59
1213064866,108
1213065419,18
1213067090,15
1213070486,53
1213072190,63
1213072391,17
1213072853,35
1213074351,24
1213075462,21
1213079400,47
1213079565,13
1213081795,30
1213082786,215
1213083204,11
1213089388,35
1213093442,15
1213096099,20
1213097216,30
1213099006,12
1213099715,17
1213102235,45
1213107404,11
1213121380,216
1213122529,16
1213126085,44
1213128008,11
1213128525,14
1213129179,12
1213135165,33
1213138705,48
1213141996,16
1213150985,40
1213158264,13
1213159910,31
1213166415,29
1213174371,24
1213210884,18
1213212865,1963
1213214826,10
1213215164,10
1213215604,17
1213232466,49
1213239020,24
1213244638,85
1213244979,77
1213254756,12
1213265429,155
1213269387,11
1213270275,11
1213271324,813
1213278007,29
1213278465,42
1213279660,34
1213282074,14
1213286530,46
1213286773,29
1213295040,198
1213298526,31
1213313471,77
1213314710,39
1213320306,65
1213322283,17
1213344454,32
1213347757,44
1213350401,12
1213369035,16
1213369150,13
1213369689,26
1213376196,65
1213377775,284
1213388257,11
1213389047,38
1213390704,29
1213393702,13
1213401667,34
1213406268,46
1213410885,18
1213412750,120
1213418162,25
1213422759,13
1213424550,31
1213438872,24
1213439274,13
1213448295,16
1213456169,39
1213456832,78
1213465959,62
1213477480,694
1213483766,90
1213484834,68
1213489460,31
1213492378,20
1213494393,20
1213494845,92
1213499662,12
1213508077,44
1213522308,61
1213526705,285
1213545146,45
1213546910,84
1213548688,13
1213558515,101
1213572410,14
1213578141,22
1213589825,147
1213589861,341
1213596558,27
1213599866,39
1213602620,36
1213605295,20
1213612261,13
1213616615,2082
1213621353,55
1213627697,116
1213635270,116
1213655814,15
1213665985,12
1213667676,17
1213667879,311
1213671679,12
1213679333,19
1213684532,22
1213690685,38
1213705966,16
1213724156,20
1213726114,109
1213732395,1107
1213737277,25
1213738495,22
1213752513,15
1213756841,27
1213757446,225
1213776823,727
1213782040,12
1213783578,22
1213784218,11
1213785946,16
1213789212,41
1213806247,20
1213815713,37
1213816047,675
1213820321,13
1213831079,34
1213840696,33
1213841375,12
1213848993,82
1213850825,20
1213854984,65
1213856502,19
1213858087,37
1213869298,17
1213877989,20
1213882945,27
1213883741,40
1213894274,12
1213899530,27
1213903458,49
1213903931,47
1213921570,18
1213924905,20
1213933023,17
1213936160,16
1213946709,32
1213956965,669
1213958077,18
1213963375,260
1213963816,23
1213969021,52
1213975621,590
1213978779,51
1213989169,15
1213991947,36
1213992071,15
1213993401,8
1213995610,76
1213999980,11
1214023498,34
1214027647,20
1214028696,122
1214031601,45
1214039649,13
1214042231,130
1214048612,30
1214054836,27
1214055530,253
1214056183,29
1214061724,44
1214066049,23
1214073962,13
1214075908,46
1214079192,342
1214086123,185
1214088066,17
1214097767,19
1214103856,16
1214106457,20
1214115656,65
1214116564,49
1214123279,46
1214124594,31
1214125715,3366
1214130539,160
1214132525,24
1214137514,15
1214145978,62
1214157669,42
1214166855,290
1214171422,20
1214186671,19
1214187650,29
1214194417,16
1214198641,47
1214205098,251
1214206049,499
1214207265,37
1214209804,13
1214224482,67
1214230350,77
1214232991,21
1214253933,16
1214259427,52
1214267031,17
1214273599,19
1214284796,132
1214286302,13
1214292570,99
1214308670,37
1214316980,12
1214325159,38
1214330138,32
1214330684,524
1214340119,25
1214344575,59
1214345024,29
1214349536,2668
1214354379,38
1214357854,28
1214365048,30
1214367522,311
1214368528,278
1214371636,17
1214372687,37
1214378079,22
1214378330,13
1214382445,119
1214401834,60
1214402572,159
1214410740,19
1214415239,13
1214417298,19
1214419579,10
1214419813,26
1214421786,27
1214423832,1557
1214430889,16
1214432280,52
1214432636,52
1214444660,76
1214451720,18
1214459508,280
1214464768,398
1214466235,15
1214478877,37
1214479548,17
1214482028,82
1214484185,17
1214488263,97
1214491827,20
1214497982,17
1214499036,30
1214515537,19
1214515716,16
1214522988,15
1214534230,21
1214535662,26
1214541835,152
1214543765,42
1214544186,27
1214545008,33
1214548581,18
1214556362,674
1214564144,23
1214564285,476
1214565094,18
1214565945,42
1214568317,14
1214586312,11
1214590697,25
1214598450,96
1214613536,23
1214614273,67
1214617729,62
1214621535,38
1214621915,12
1214625657,110
1214631343,3
1214633006,11
1214639705,30
1214639959,11
1214643314,31
1214651975,22
1214654038,32
1214661652,24
1214662152,16
1214664730,118
1214668357,28
1214671166,316
1214701984,26
1214706991,12
1214708684,11
1214711567,38
1214712269,14
1214720448,16
1214721509,51
1214732478,15
1214733598,21
1214741287,822
1214744766,14
1214746179,13
1214761986,48
1214764451,187
1214770805,57
1214783544,2233
1214785164,5305
1214788016,653
1214792028,34
1214795107,17
1214799336,75
1214805512,1160
1214805939,14
1214807590,458
1214808136,15
1214809647,19
1214812584,13
1214814133,1014
1214823259,30
1214823616,55
1214824471,69
1214825004,18
1214832943,20
1214845304,209
1214847313,16
1214857101,11
1214862520,14
1214873786,27
1214883816,18
1214885213,23
1214885251,12
1214889705,64
1214894588,128
1214895007,18
1214898654,23
1214913459,28
1214914397,614
1214915118,22
1214917315,30
1214921938,50
1214925130,28
1214926344,316
1214932135,12
1214940958,130
1214947572,15
1214948129,15
1214951658,973
1214958134,383
1214959257,28
1214964352,26
1214966051,18
1214971907,27
1214973617,46
1214980737,42
1215002714,23
1215007786,84
1215011706,21
1215015607,89
1215017190,17
1215020386,50
1215020609,25
1215021756,13
1215025222,16
1215026946,18
1215027194,485
1215034382,56
1215037002,13
1215037136,64
1215044156,14
1215048066,23
1215054020,175
1215071370,24
1215072592,27
1215075128,12
1215089331,11
1215096061,30
1215096318,39
1215104825,13
1215105191,16
1215107073,122
1215109328,11
1215112375,22
1215112716,216
1215114303,30
1215115240,14
1215122415,10
1215124088,16
1215126598,121
1215133631,17
1215136096,22
1215142181,1018
1215145625,22716
1215153409,5684
1215159144,46
1215163675,11
1215167976,33
1215172008,29
1215180660,40
1215184266,22
1215184274,63
1215188084,15
1215188990,17
1215192081,13
1215194738,41
1215213624,271
1215222097,160
1215232646,16
1215235243,48
1215237193,16
1215240744,29
1215247792,19
1215256431,12
1215268822,15
1215274814,70
1215277996,19
1215280164,1326
1215290046,17
1215297817,70
1215306737,17
1215306761,57
1215317123,17
1215321844,16
1215327975,31
1215338506,23
1215341250,13
1215345965,18
1215353434,382
1215367178,11
1215376308,85
1215388091,101
1215391309,20
1215394372,37
1215398789,35
1215414287,49
1215415060,47
1215417088,47
1215417342,40
1215427805,15
1215431881,21
1215435055,30
1215435141,30
1215435693,118
1215437858,76
1215449317,65
1215453504,19
1215456863,11
1215464508,14
1215469331,22
1215472967,12
1215494831,31
1215501373,1424
1215513042,279
1215525052,24
1215528293,15
1215530108,17
1215535154,36
1215536848,30
1215549140,17
1215565821,54
1215576669,29
1215580107,24
1215581359,17
1215593067,41
1215598138,57
1215602802,306
1215602835,12
1215609207,19
1215609896,50
1215610146,22
1215612244,831
1215617177,26
1215617234,11
1215627862,49
1215630826,97
1215637209,11
1215641367,99
1215642753,310
1215651941,16
1215653880,40
1215659290,30
1215667929,83
1215670433,39
1215678767,860
1215686624,55
1215693176,66
1215695618,22
1215699839,14
1215703747,47
1215708757,235
1215709831,20
1215711897,27
1215724110,16
1215734700,14
1215754581,31
1215761080,53
1215762204,12
1215763925,144
1215772018,60
1215774013,440
1215778039,25
1215778674,25
1215786287,18
1215802577,27
1215804516,24
1215815598,14
1215820754,20
1215821842,30
1215840941,39
1215840958,12
1215841405,61
1215848131,47
1215848597,87
1215848628,23
1215860363,14
1215880700,86
1215885888,37
1215895293,76
1215895678,138
1215896820,13
1215901237,61
1215904689,70
1215925081,18
1215929924,41
1215941570,21
1215952260,42
1215959245,39
1215961903,131
1215968361,145
1215974868,2995
1215976690,140
1215978264,10
1215980069,12
1215983140,137
1215989105,20
1215999715,22
1216005890,61
1216017171,45
1216017372,59
1216018447,27
1216020101,58
1216022788,26
1216023525,23
1216028377,72
1216030087,24
1216032525,175
1216037740,12
1216061380,51
1216069663,16
1216082712,26
1216087888,23
1216089000,17
1216090751,409
1216092644,14
1216098872,11
1216102513,40
1216104234,62
1216108819,84
1216109475,216
1216109985,26
1216116826,2799
1216131824,250
1216133553,262
1216138306,103
1216144935,13
1216152655,88
1216154126,14
1216157979,18
1216171501,15
1216190131,16
1216201070,25
1216201393,28
1216201523,271
1216208824,13
1216242393,21
1216243094,16
1216253015,76
1216260255,11
1216272351,81
1216283993,12
1216319128,50
1216319430,27
1216321571,11
1216324736,20
1216324944,18
1216328923,63
1216332504,25
1216333449,29
1216334681,23
1216335416,153
1216336936,15
1216350024,24
1216350996,41
1216351315,25
1216352422,191
1216360484,212
1216372376,12
1216375790,215
1216382538,33
1216400972,19
1216401140,26
1216403796,14
1216408253,48
1216414579,20
1216417050,12
1216418105,18
1216429765,55
1216443171,47
1216451834,22
1216456135,23
1216462061,103
1216463076,142
1216475812,33
1216482194,111
1216484498,31
1216490718,41
1216494144,25
1216494445,281
1216501093,13
1216510419,12
1216512254,16
1216513155,21
1216513449,14
1216514794,36
1216523472,55
1216526830,11
1216538171,23
1216540769,13
1216545064,12
1216546135,14
1216557401,127
1216561964,18
1216569752,98
1216571209,765
1216575395,32
1216575633,29
1216578144,20
1216579794,12
1216581384,20
1216583510,45
1216585136,41
1216585843,23
1216592214,25
1216592520,20
1216594612,414
1216602261,23
1216602307,14
1216603405,17
1216604251,11
1216606902,37
1216617312,13
1216621664,42
1216626808,17
1216631222,141
1216634387,66
1216636456,13
1216638612,44
1216657015,21
1216659670,28
1216662529,55
1216666459,14
1216668024,12
1216671362,365
1216672009,2417
1216676682,17
1216687226,14
1216702324,29
1216705316,39
1216710530,72
1216716893,12
1216729729,511
1216733352,12
1216734435,23
1216744997,378
1216753351,26
1216754861,104
1216755814,26
1216760293,35
1216761709,25
1216767127,123
1216774150,16
1216774242,17
1216782078,15
1216783017,12
1216788591,23
1216795554,70
1216802857,98
1216802904,644
1216806001,134
1216807315,13
1216809628,112
1216810108,386
1216813186,35
1216817621,36
1216821891,16
1216823006,23
1216824806,16
1216824855,21
1216828696,19
1216839348,756
1216849186,161
1216851265,27
1216854084,33
1216854661,112
1216863195,30
1216889203,181
1216889464,13
1216890989,30
1216894026,48
1216904708,44
1216916975,16
1216920437,17
1216925406,430
1216947831,763
1216950004,25
1216954187,10202
1216955020,25
1216957019,90
1216961632,79
1216962487,12
1216972280,80
1216978255,167
1216978941,413
1216979884,46
1216980321,21
1216981748,12
1216982911,21
1217002856,14
1217004160,14
1217006906,30
1217013436,34
1217013518,115
1217024571,14
1217027821,13
1217028120,582
1217035059,14
1217036554,62
1217036916,40
1217040185,18208
1217043693,44
1217046685,13
1217048091,16
1217050817,12
1217064635,22
1217064814,20
1217066206,77
1217077268,14
1217078336,99
1217079795,462
1217080687,199
1217086292,14
1217097102,76
1217098957,98
1217103809,131
1217105994,27
1217109502,11
1217115101,12
1217117361,11
1217117726,12
1217118687,39
1217122519,13
1217126552,11
1217128906,29
1217129907,17
1217139543,37
1217152169,61
1217154559,58
1217160355,85
1217178567,11
1217180034,49
1217182377,23
1217188876,15
1217190965,22
1217192243,185
1217195695,13
1217201645,20
1217201723,12
1217208761,14
1217209599,115
1217210212,35
1217212029,18
1217212643,28
1217216576,214
1217220793,18
1217222433,50
1217233667,34
1217249705,34
1217252492,11
1217258787,27
1217259193,13
1217259573,506
1217262941,22
1217269188,32
1217269729,18
1217281602,190
1217281692,1137
1217288862,37
1217291538,8920
1217298686,13
1217299529,26
1217301865,55
1217315946,15
1217325629,20
1217333901,26
1217334368,17
1217339390,13
1217344324,27
1217345178,668
1217350447,78
1217368484,32
1217370937,23
1217388134,14
1217393935,13
1217394553,12
1217396442,2587
1217400042,11
1217408512,54
1217409016,28
1217409285,31
1217423929,14
1217440433,16
1217441118,30
1217456927,20
1217481469,98
1217503846,129
1217508335,33
1217509950,62
1217511504,14
1217511531,13
1217515201,11
1217519452,13
1217522067,13186
1217522094,28
1217523249,28
1217531704,25
1217534578,34
1217536224,12
1217539691,17
1217550851,22
1217551679,700
1217559252,12
1217567462,41
1217579854,37
1217582381,16
1217588885,130
1217591699,44
1217595194,28
1217598410,42
1217603668,82
1217605771,17
1217620707,25
1217630469,624
1217634097,40
1217635695,24
1217654363,243
1217655472,57
1217663853,29
1217671020,1711
1217679253,12
1217681650,29
1217687846,76
1217694973,28
1217696644,11
1217698251,11
1217699935,89
1217700782,31
1217702792,39
1217706948,116
1217707705,17
1217711317,87
1217713553,32
1217713968,148
1217714762,56
1217717180,28
1217738451,12
1217763769,23
1217767853,17
1217772968,42
1217775138,116
1217781789,14
1217786036,605
1217796049,12
1217808614,468
1217809336,53
1217822489,27
1217829921,16
1217834505,25
1217837484,21
1217838440,78
1217860122,24
1217863633,59
1217865504,21
1217872789,28
1217879288,15
1217883656,14
1217885409,125
1217896031,12
1217897624,21
1217904354,167
1217907067,36
1217914588,740
1217923504,13
1217941030,76
1217951047,60
1217951987,190
1217952569,179
1217954055,48
1217969544,50
1217975777,24
1217991124,58
1217996319,239
1217998780,11
1218000077,25
1218004139,617
1218016275,14
1218017185,110
1218018309,295
1218019071,20
1218035937,57
1218037205,66
1218040416,36
1218046945,86
1218062604,88
1218062941,27
1218081641,18
1218084144,11
1218087980,24
1218088263,672
1218100867,23
1218103164,18
1218104262,952
1218116830,22
1218126087,79
1218126567,11
1218129961,17
1218137657,88
1218146932,92
1218147345,22
1218148432,34
1218155686,2271
1218164293,12
1218174807,19
1218177240,14
1218177391,394
1218178534,39
1218182607,18
1218190285,86
1218191675,20
1218193413,19
1218194584,50
1218195359,31
1218197239,50
1218202403,29
1218208502,5319
1218209681,32
1218211276,44
1218216789,12
1218222850,171
1218235340,33
1218242169,51
1218250144,11
1218252276,130
1218263250,23
1218277073,32
1218280573,11
1218283016,21
1218284806,15
1218293878,129
1218304124,41
1218305232,253
1218306945,36
1218311395,17
1218333096,19
1218340463,14
1218354547,19
1218368663,153
1218369506,21
1218369796,13
1218370235,35
1218371280,66
1218371623,18
1218372872,24
1218375081,12
1218375755,18
1218381586,33
1218384914,100
1218390093,47
1218393421,12
1218394454,38
1218415046,21
1218418799,12
1218419817,11
1218436380,13
1218437719,12
1218444058,37
1218446685,37
1218446841,786
1218448244,31
1218453975,25
1218464479,29
1218466593,273
1218476217,11
1218489387,52
1218489659,54
1218493681,375
1218506731,16
1218519728,12
1218533705,36
1218536620,274
1218540605,27
1218541279,12
1218543409,13
1218557130,17
1218560388,17
1218576239,93
1218580895,22
1218594998,15
1218597110,216
1218600746,33
1218611299,18
1218612615,53
1218613627,33
1218623368,151
1218626992,16
1218635949,23
1218640391,74
1218642260,29
1218651210,172
1218655389,27
1218662021,13
1218682596,2343
1218683765,22
1218684227,31
1218688296,584
1218690244,17
1218694102,14
1218704741,26
1218706004,14
1218710522,39
1218711689,249
1218715924,14
1218716774,12
1218725228,47
1218729723,67
1218729846,36
1218733756,20
1218737406,813
1218743746,12
1218749710,31
1218765387,51
1218767374,12
1218770712,14
1218807909,20
1218815399,10
1218816743,45
1218819993,340
1218822896,21
1218823179,1235
1218826355,43
1218835536,11
1218844081,229
1218855969,259
1218867656,12
1218871120,71
1218881505,26
1218885291,13
1218896483,100
1218900228,12
1218906699,26
1218919346,76
1218919522,15
1218928200,11
1218939714,18
1218960190,14
1218962966,15
1218968930,16
1218972260,43
1218973317,43
1218975799,303
1218978057,544
1218978163,14
1218981305,89
1218987594,45
1218997190,16
1219009070,2284
1219011837,63
1219014440,15
1219018779,14
1219030980,60
1219031547,159
1219039446,23
1219040524,12
1219042200,23635
1219053872,44
1219060209,136
1219062712,30
1219070729,36
1219075763,37
1219083479,40
1219087723,1635
1219096687,177
1219102141,12
1219103073,14
1219105341,47
1219110005,68
1219111340,14
1219113318,12
1219119800,73
1219121452,25
1219125540,34
1219129212,23
1219133217,65
1219133249,18
1219139049,14
1219141172,41
1219141370,13
1219145354,303
1219151193,737
1219152899,29
1219157502,97
1219158316,49
1219160435,30
1219161733,94
1219162717,31
1219165039,43
1219165613,26
1219171273,26
1219174984,22
1219175109,29
1219184182,142
1219231323,52
1219237875,50
1219243063,89
1219244075,11
1219253193,32
1219254116,36
1219260485,30
1219264163,12
1219268325,12
1219273452,27
1219284263,90
1219286705,31
1219291910,342
1219291943,11
1219295659,79
1219304474,15
1219310759,17
1219314144,44
1219319479,68
1219329571,21
1219334069,111
1219351875,113
1219355698,30
1219370895,109
1219378569,3368
1219380800,120
1219382075,36
1219385288,20
1219389544,20
1219400421,3682
1219410317,11
1219412347,33
1219424400,24
1219424471,74
1219424489,640
1219446293,1961
1219461180,13
1219461862,19
1219463714,97
1219468224,1577
1219472097,41
1219484308,7
1219485919,16
1219488984,74
1219493841,550
1219502106,36
1219502927,40
1219504139,166
1219504831,48
1219509115,45
1219515121,10
1219516950,38
1219521173,52
1219531851,41
1219534231,428
1219536599,81
1219542934,14
1219543409,225
1219547995,114
1219548485,81
1219554320,38
1219558865,197
1219565167,31
1219569035,12
1219572953,166
1219574837,13
1219579626,22
1219583915,11
1219587551,118
1219593472,29
1219594207,27
1219595665,12
1219596464,16
1219597358,14
1219608640,233
1219611080,36
1219616277,123
1219619061,15
1219624930,24
1219627422,13
1219630658,11
1219631371,39
1219634836,217
1219642679,100
1219645555,20
1219650644,21
1219651269,38
1219657136,12
1219690829,324
1219701951,16
1219710688,52
1219711698,25
1219715755,12
1219715787,16
1219715803,148
1219721372,19
1219748199,163
1219755209,46
1219760772,24
1219765831,72
1219770679,26
1219783686,12
1219787573,19
1219806855,12
1219809875,197
1219810783,10
1219813016,37
1219815462,15
1219817956,42
1219828173,76
1219833464,85
1219845641,11
1219852021,147
1219860050,45
1219864617,19
1219866542,243
1219868875,21
1219876482,40
1219882846,33
1219896053,1866
1219898362,13
1219898664,19
1219902572,12
1219904470,9
1219917446,121
1219920268,194
1219923941,300
1219934554,11
1219935155,41
1219935284,23
1219950293,38
1219955687,14
1219956685,26
1219960594,239
1219961908,144
1219962340,344
1219965126,176
1219967630,72
1219975226,254
1219983369,13
1219986280,22
1219989708,112
1219990121,14
1219993725,22
1219995793,29
1219996057,97
1219998363,92
1220000506,4308
1220007647,28
1220010376,19
1220012117,16
1220016354,18
1220037795,38
1220043190,31
1220053648,19
1220054577,14
1220067179,51
1220075313,13
1220075608,46
1220082570,12
1220088588,29
1220090633,18
1220092577,320
1220098492,12
1220125073,21
1220130005,15
1220140390,33
1220144875,935
1220159504,28
1220169409,46
1220173287,19
1220174856,27
1220179368,11
1220182682,27
1220185073,104
1220194478,62
1220215555,370
1220223727,805
1220225368,62
1220238335,12
1220238467,100
1220242986,11
1220258106,13
1220263034,296
1220273153,13
1220275445,19
1220285708,33
1220285949,28
1220299146,13
1220299921,15
1220300275,14
1220302420,14
1220308601,15
1220310845,13
1220316999,102
1220317771,20
1220329626,40
1220332472,15
1220338733,16
1220341616,19
1220348449,15
1220353202,152
1220363221,33
1220363990,19
1220365832,52
1220368375,11
1220374179,27
1220381862,41
1220384784,134
1220389370,23
1220392046,11
1220403506,42
1220404592,29
1220411769,14
1220414137,25
1220418983,760
1220422927,14
1220423005,12
1220424323,17
1220455984,122
1220461696,37
1220469803,20
1220471126,18
1220475543,136
1220491177,35
1220492374,150
1220496752,11
1220498389,229
1220505991,17
1220516737,26
1220529992,38
1220530277,70
1220531892,43
1220532477,18
1220537846,87
1220544718,36
1220548149,20
1220549743,16
1220558446,24
1220567611,14
1220567735,182
1220577936,13
1220600476,235
1220608365,26
1220623008,180
1220627175,17
1220632889,27
1220636828,15
1220638726,13
1220640564,16
1220642173,130
1220642301,24
1220647753,34
1220649868,43
1220651250,9
1220656611,182
1220664071,96
1220679051,553
1220680065,11
1220683883,29
1220690422,439
1220701611,40
1220702116,12
1220703605,73
1220703793,32
1220716870,12
1220717364,112
1220718004,26
1220721979,22
1220728088,47
1220729468,21
1220732691,34
1220732893,14
1220744087,31
1220744720,9982
1220745791,46
1220746027,16
1220749061,15
1220752606,33
1220759940,26
1220763728,42
1220766820,15
1220768711,74
1220773489,14
1220786764,61
1220788224,19
1220789495,18
1220798236,14
1220798417,14
1220799180,17
1220801645,46
1220816008,27
1220823738,14
1220825109,56
1220832274,11
1220834686,232
1220837462,53
1220839770,49
1220849813,91
1220854477,75
1220862873,11
1220874732,17
1220884982,81
1220885689,179
1220886594,36
1220888415,511
1220899692,8200
1220899915,16
1220902080,91
1220902278,55
1220904453,32
1220914655,1312
1220918585,458
1220924648,42
1220925408,41
1220928655,25
1220929839,99
1220935138,16
1220936047,3451
1220937125,923
1220941467,29
1220944440,26
1220946058,28
1220946370,17
1220946543,16
1220947600,293
1220960618,301
1220971487,18
1220980580,11
1220986068,12
1220992833,16
1220997082,101
1220997378,51
1220998146,25
1221000860,13
1221001476,44
1221002372,13
1221020718,62
1221022475,25
1221024497,13
1221027919,21
1221030613,31
1221034553,219
1221039460,47
1221041276,13
1221048533,220
1221052488,83
1221055970,12
1221060403,16
1221068259,47
1221068793,18
1221068903,234
1221070677,152
1221080309,18
1221082755,20
1221084482,25
1221095263,18
1221106976,52
1221110820,17
1221120906,14
1221120939,589
1221122081,20
1221133188,42
1221135148,34
1221161226,26
1221177199,41
1221180063,263
1221184926,18
1221190110,14
1221195568,38
1221207669,14
1221209689,434
1221210108,56
1221222583,11
1221224535,17
1221224699,54
1221232109,1493
1221235601,14
1221240503,70
1221249352,167
1221249481,448
1221252023,14
1221256937,327
1221261207,23
1221262308,20
1221276979,57
1221282584,21
1221283675,13
1221284398,12
1221285149,11
1221287674,14
1221290320,25
1221292713,44
1221297625,11
1221299116,53
1221305781,32
1221306275,52
1221311014,112
1221324299,15
1221329261,43
1221334231,51
1221334280,14
1221334351,45
1221339736,16
1221349753,11
1221350544,19
1221356410,24
1221358460,15
1221364968,18
1221368271,14
1221369065,74
1221369740,83
1221371853,14
1221378802,110
1221379719,18
1221393754,22
1221394850,25
1221399001,260
1221399354,107
1221402357,36
1221404347,11
1221407662,73
1221409201,11
1221416424,14
1221429772,4700
1221431519,26
1221433219,73
1221435237,20
1221439608,15
1221448780,38
1221460575,81
1221461052,19
1221463263,25
1221467011,41
1221467572,16
1221482272,90
1221489330,39
1221489445,37
1221499512,21
1221501629,23
1221509404,6121
1221518324,240
1221518435,29
1221522399,13
1221527554,30
1221531804,16
1221533603,23
1221538357,49
1221543574,48
1221551017,56
1221565029,20
1221574903,31
1221579569,71
1221587346,32
1221587347,12
1221592399,22
1221592798,23
1221598890,13
1221600993,11
1221604075,11
1221616686,19
1221617744,33
1221623636,22
1221625543,11
1221631495,16
1221634436,36
1221641349,1464
1221649738,202
1221651799,48
1221654125,233
1221673609,42
1221688929,33
1221689260,437
1221691036,14
1221702550,12
1221704200,45
1221707935,23
1221710397,25
1221716703,19
1221722107,41
1221723497,23
1221723996,25
1221728904,161
1221733094,63
1221737887,11
1221741915,155
1221742654,762
1221746501,14
1221750692,16
1221751439,12
1221772065,11
1221772225,71
1221772308,21
1221775867,7
1221778133,109
1221780643,37
1221781531,462
1221796063,255
1221797579,16
1221798227,42
1221814255,51
1221814673,68
1221814894,198
1221830959,13
1221831329,32
1221835075,56
1221844677,27
1221851069,356
1221856501,20
1221860353,13
1221864089,50
1221867246,142
1221892294,104
1221903920,42
1221906609,18
1221922293,2257
1221932119,15
1221933616,37
1221937090,106
1221942000,17
1221944165,15
1221955143,49
1221961972,19
1221963957,51
1221976173,276
1221979804,33
1221981994,236
1221985908,22
1221995568,17
1221998155,16
1222002934,11
1222008889,50
1222009188,13
1222022455,26
1222029303,36
1222042205,696
1222044626,14
1222044811,29
1222047800,21
1222047953,73
1222063724,35
1222064942,18
1222072017,68
1222090116,147
1222092630,31
1222092774,22
1222093674,52
1222102170,268
1222107387,13
1222110047,64
1222110548,2196
1222117874,135
1222120468,2325
1222126520,241
1222128242,60
1222133394,612
1222142792,78
1222147517,14
1222155920,25
1222159197,41
1222160568,37
1222161345,24
1222169973,58
1222173827,419
1222181013,108
1222197263,121
1222213350,5196
1222216275,11
1222221630,46
1222229518,17
1222237818,27
1222250448,22
1222257358,13
1222257602,2216
1222258735,465
1222262982,31
1222269231,12
1222274697,52
1222277117,23
1222281860,12
1222295714,237
1222297562,12
1222298778,12
1222307895,96
1222318103,28
1222333741,11
1222338286,12
1222339926,35
1222343245,133
1222344790,21
1222354812,25
1222356417,51
1222364235,59
1222368361,73
1222372573,293
1222372873,97
1222373496,23
1222375486,76
1222383700,39
1222387700,61
1222389269,23
1222392614,18
1222395717,23
1222404225,32
1222407355,197
1222409861,11
1222413951,912
1222419504,12
1222427087,75
1222440968,12
1222446155,29
1222449264,23
1222451826,14
1222455527,542
1222460606,12
1222468111,21
1222472761,40
1222473027,20
1222476425,28
1222481250,11
1222484199,12
1222495257,18
1222504648,707
1222512550,13
1222515414,42
1222521101,1544
1222529313,338
1222545886,216
1222566478,31
1222567435,55
1222573128,6
1222579145,40
1222585234,58
1222585735,18
1222587475,1883
1222589733,34
1222591322,11
1222594156,27
1222596522,17
1222604391,13
1222608265,128
1222609123,88
1222613133,17
1222632373,68
1222634257,17
1222634748,67
1222637509,483
1222639711,420
1222647433,35
1222655977,31
1222659956,22
1222660901,46
1222674351,28
1222676896,53
1222678009,13
1222685735,23
1222689155,106
1222692857,40
1222698237,15
1222700467,18
1222716018,24
1222734777,37
1222743186,46
1222744121,12
1222745356,37
1222752154,38
1222753133,14
1222766639,88
1222769612,15
1222785238,39
1222788897,25
1222789989,945
1222792842,13
1222792879,16
1222799292,185
1222814323,12
1222814416,12
1222824018,44
1222826242,723
1222835772,17
1222837583,56
1222845504,17
1222847856,26
1222852418,17
1222854008,38
1222856929,21
1222869003,125
1222870709,289
1222884903,11
1222890347,40
1222890567,69
1222890689,13
1222890844,21
1222893766,73
1222903331,11
1222907340,62
1222917575,23285
1222917836,78
1222921129,13
1222946560,125
1222953844,12
1222956315,13
1222961423,14
1222970626,29
1222988636,13
1222998674,812
1223006434,139
1223006510,63
1223006526,78
1223009200,36
1223020752,25
1223039216,34
1223051315,49
1223053891,11
1223054977,16
1223059776,47
1223060975,37
1223062473,56
1223067277,12
1223075782,48
1223076991,18
1223081941,21
1223084838,12
1223087359,29
1223091925,50
1223098661,18
1223118338,13
1223125423,106
1223128651,58
1223133721,18
1223135437,29
1223135475,12
1223139391,20
1223139487,76
1223140677,28
1223160418,17
1223161782,22
1223162027,94
1223163837,13
1223167370,11
1223169069,46
1223172760,15
1223187010,73
1223189582,15
1223192120,11
1223192596,70
1223194760,85
1223197070,13
1223198048,43
1223198968,41
1223206275,44
1223211246,11
1223215533,162
1223216894,238
1223230665,13
1223234827,9
1223238480,28
1223251391,38
1223253334,14
1223255499,59
1223260156,33
1223273994,49
1223275907,59
1223280581,11
1223282310,31
1223287468,36
1223293586,718
1223296623,63
1223297225,11
1223312639,20
1223318023,26
1223318951,52
1223319768,30
1223325002,33
1223329036,60
1223341630,21
1223342966,32
1223351292,340
1223370395,121
1223373345,112
1223374550,34
1223389180,47
1223392126,18
1223392907,17
1223394733,35
1223396927,11
1223418318,29
1223418686,19
1223420362,100
1223423695,963
1223423846,21
1223425211,13
1223425250,974
1223427443,64
1223428226,1916
1223431386,38
1223432033,15
1223440125,203
1223452181,11
1223453358,100
1223457247,16
1223476197,1149
1223477018,42
1223481327,12
1223484108,23
1223488585,21
1223492205,100
1223511885,45
1223512305,2149
1223515225,130
1223524158,31
1223535200,37
1223535314,14
1223537324,51
1223542538,12
1223549594,12
1223569332,17
1223585334,15
1223588947,14
1223597497,386
1223599621,39
1223614643,15
1223626282,29
1223631277,41
1223640430,70
1223640606,18
1223641228,32
1223643607,15
1223650754,41
1223664643,13
1223665294,51
1223665356,14
1223671634,51
1223676147,11
1223680545,15
1223691529,33
1223697365,157
1223706171,15
1223713824,329
1223728036,78
1223736934,30
1223742587,241
1223752589,2049
1223756821,11
1223758935,159
1223759393,18
1223761956,28
1223772529,34
1223779346,34
1223781466,15
1223786009,13
1223790834,32
1223793125,16
1223805771,179
1223807538,48
1223811729,22
1223816634,91
1223817677,444
1223826724,18
1223827002,53
1223827147,51
1223827471,42
1223827641,47
1223827804,48
1223827947,44
1223828210,50
1223828346,51
1223828502,41
1223828637,47
1223828917,49
1223829082,42
1223829235,51
1223829381,50
1223829650,55
1223829652,44
1223829655,47
1223829657,56
1223829799,57
1223829801,56
1223829941,50
1223830082,48
1223830230,51
1223830232,53
1223830233,44
1223830237,47
1223831655,11
1223845433,15
1223849551,12
1223853501,12
1223858182,14
1223863863,19
1223869499,70
1223883039,17
1223884751,50
1223886857,11
1223894967,79
1223921326,24
1223925190,18
1223969544,306
1223977600,18
1223980979,12
1223980999,12
1223987407,244
1224021161,11
1224022502,18
1224025688,291
1224033309,524
1224037373,16
1224047453,12
1224062178,68
1224066068,135
1224068505,22
1224077477,23
1224096166,11
1224100238,22
1224110675,288
1224127318,35
1224137561,132
1224137844,58
1224138499,78
1224149089,15
1224157469,34
1224163986,47
1224167985,13
1224169076,15
1224189909,13
1224193010,14
1224193130,27
1224194102,58
1224196440,14
1224200214,43
1224203978,29
1224218617,30
1224227389,37
1224236735,13
1224239089,15
1224243497,27
1224250535,35
1224253491,105
1224258916,14
1224263089,17
1224267893,139
1224269630,23
1224271858,15
1224275784,365
1224277831,14
1224278666,288
1224283053,120
1224287368,15
1224294151,11
1224304627,14
1224309951,70
1224311190,138
1224314007,27
1224314254,24
1224319811,23
1224330181,217
1224343090,21
1224347838,397
1224348278,26
1224353416,21
1224353843,134
1224360317,78
1224368231,474
1224376867,17
1224385314,15
1224387109,24
1224393902,20
1224402483,14
1224408143,41
1224413254,45
1224415020,27
1224431303,181
1224434372,17
1224439365,18
1224446608,15
1224446616,51
1224454782,114
1224455487,110
1224471569,29
1224474408,17
1224476053,15
1224481107,26
1224483176,172
1224483504,74
1224486190,15
1224486824,26
1224489872,12
1224498772,73
1224501168,32
1224508792,207
1224509741,12
1224511035,27
1224526153,60
1224532553,11
1224539373,59
1224543123,52
1224547398,16
1224549174,12
1224558836,39
1224560336,22
1224580914,25
1224584532,15
1224591227,13
1224591740,45
1224598709,16
1224600617,25
1224609919,12
1224610424,13
1224615167,22
1224617188,24
1224620722,29
1224629294,43
1224631526,23
1224645559,235
1224652367,13
1224652560,98
1224653264,15
1224659590,114
1224660488,17
1224661714,57
1224671672,12
1224681639,25
1224683353,33
1224690468,23
1224692542,21
1224701408,207
1224703318,227
1224708689,30
1224712076,12
1224712371,443
1224715013,39
1224716146,13
1224734198,689
1224735108,12
1224738938,69
1224740357,74
1224743032,36
1224753810,14
1224755442,14
1224755974,18
1224757492,16
1224762245,198
1224772110,16
1224775471,27
1224777018,30
1224777703,13
1224778433,581
1224780087,45
1224786239,25
1224786272,12
1224786947,121
1224798921,102
1224799062,13
1224809280,11
1224810795,14
1224813164,1
1224816641,19
1224822906,196
1224823899,678
1224830290,19
1224844395,16
1224854794,4101
1224866871,274
1224879981,13
1224880453,21
1224881335,97
1224887964,57
1224893022,27
1224908126,13
1224912127,18
1224926075,13
1224928087,73
1224930497,16
1224942256,18
1224949386,20
1224956547,54
1224964077,13
1224966022,27
1224968393,75
1224974361,2655
1224975160,52
1224977058,17
1224978706,12
1224987521,22
1225005463,2929
1225010740,16
1225017253,13
1225019919,253
1225046031,11
1225049374,138
1225051897,74
1225059107,151
1225062134,442
1225071533,13
1225077445,15
1225078277,26
1225102492,20
1225119525,12
1225129803,24
1225134435,65
1225141037,334
1225141328,25
1225150929,83
1225154854,31
1225162543,53
1225167529,18
1225171017,33
1225174600,23
1225178950,5294
1225179060,35
1225179105,1645
1225185913,36
1225186502,318
1225188401,2343
1225196741,50
1225197030,16
1225202603,152
1225210265,35
1225226478,45
1225228592,47
1225234444,92
1225241880,32
1225242097,19
1225250312,46
1225263228,25
1225265867,14
1225266305,14
1225272732,25
1225277249,207
1225285890,380
1225296260,16
1225301513,13
1225316611,277
1225333873,18
1225337111,68
1225338289,113
1225344059,215
1225345651,92
1225347547,38
1225357488,41
1225359679,12
1225363703,81
1225364874,29
1225365569,2728
1225375494,34
1225380161,30
1225382028,21
1225391938,13
1225400068,26
1225403584,13
1225420868,26
1225420959,59
1225427533,782
1225427809,31
1225430807,311
1225443129,12
1225443909,20
1225445312,36
1225446523,287
1225448100,12
1225450090,11
1225456147,28
1225457257,79
1225462729,275
1225470108,12
1225473337,21
1225476523,21
1225480734,48
1225492439,527
1225495029,19
1225501987,94
1225506667,37
1225506852,322
1225518061,419
1225519296,29
1225521647,14
1225525367,16
1225529925,25
1225533642,26
1225544568,65
1225550834,51
1225551985,361
1225553633,32
1225556223,19
1225557539,18
1225558656,40
1225570552,17
1225572163,85
1225576792,34
1225583202,35
1225586334,48
1225594874,704
1225599451,116
1225602716,22
1225603857,16
1225605262,86
1225605804,39
1225614660,105
1225614895,53
1225619975,155
1225620122,418
1225626176,180
1225626763,20
1225639773,38
1225642446,13
1225651988,13
1225662585,15
1225666510,23
1225676063,105
1225676909,70
1225681482,45
1225683137,47
1225688424,1276
1225692581,24
1225701232,50
1225704208,20
1225711621,160
1225717117,12
1225722703,1198
1225723635,17
1225723660,13
1225753223,7781
1225753650,13
1225764309,11
1225772996,16
1225774688,6626
1225777233,28
1225779504,25
1225779594,264
1225780897,142
1225780993,16
1225799532,17
1225803835,51
1225809732,34
1225810547,42
1225818500,13
1225821344,27
1225834084,1740
1225834491,17
1225840521,980
1225844031,17
1225850181,34
1225853511,17
1225856988,33
1225857440,42
1225861226,19
1225865375,24
1225876937,41
1225890580,19
1225893563,22
1225900566,59
1225904506,66
1225932464,220
1225933743,18
1225934387,13
1225943680,22
1225968076,16
1225969993,20
1225971591,19
1225983316,32
1225986799,18
1225990269,183
1225994627,25
1226007284,196
1226012688,12
1226012864,13
1226030841,43
1226032210,11
1226033059,18
1226034860,15
1226053598,9
1226056647,11
1226060652,59
1226062469,161
1226065142,108
1226068984,963
1226075327,52
1226079078,18
1226085740,124
1226088627,1030
1226093137,14
1226095529,25
1226100929,16
1226108917,45
1226115080,35
1226117657,20
1226128535,35
1226130495,11
1226146401,17
1226150677,19
1226151688,28
1226151883,435
1226161344,12
1226169092,13
1226182842,2301
1226183162,16
1226187070,116
1226187634,119
1226187719,55
1226193564,50
1226199630,51
1226200305,77
1226213530,12
1226227428,32
1226236210,39
1226238042,86
1226244643,11
1226246989,15
1226251409,165
1226252114,105
1226253568,51
1226254918,71
1226256828,297
1226263631,41
1226269138,11
1226278857,539
1226283335,23
1226284422,93
1226284891,11
1226289738,15
1226291577,45
1226292938,36
1226293227,33
1226304875,1623
1226309398,29
1226314049,23
1226314578,104
1226315076,102
1226316657,21
1226323056,14
1226339117,111
1226344275,15
1226349980,65
1226355570,26
1226371446,14
1226379024,3584
1226383350,135
1226384208,46
1226387322,11
1226390973,18
1226392513,10
1226398315,131
1226402027,79
1226406577,30
1226408403,15
1226415818,133
1226416904,21
1226422330,20
1226423849,18
1226427018,17
1226438114,13
1226444988,114
1226448677,85
1226454952,32
1226455806,53
1226456766,41
1226458391,73
1226466427,18
1226477048,13
1226480668,10
1226481856,22
1226489531,21
1226489634,93
1226498208,96
1226501154,31
1226503828,32
1226505078,10
1226505891,17
1226507528,15
1226514391,173
1226518400,74
1226523004,20
1226535806,168
1226538859,38
1226539674,59
1226540982,12
1226541360,14
1226544828,17
1226546604,40
1226547671,13
1226549459,207
1226553585,24
1226556412,312
1226560380,71
1226562178,78
1226571055,122
1226579643,13
1226586920,37
1226594437,14
1226597296,28
1226597750,162
1226607711,108
1226613826,16
1226619487,13
1226622350,12
1226622973,15
1226625878,25
1226626731,319
1226627909,325
1226632537,34
1226632856,38
1226642159,12
1226643987,86
1226646964,12
1226648841,47
1226652468,20
1226654232,80
1226655664,17
1226657498,18
1226658783,58
1226661880,15
1226666101,13
1226674733,11
1226680005,29
1226684518,54
1226685400,14
1226691771,109
1226699436,44
1226707772,21
1226707828,340
1226708151,17
1226709645,11
1226713626,83
1226729515,19
1226734075,11
1226740973,121
1226753901,31
1226755169,38
1226762620,13
1226767159,113
1226772027,26
1226775065,45
1226819062,28
1226821501,21
1226821868,13
1226828149,11
1226850047,15
1226854571,13
1226861761,38
1226863001,14
1226880839,30
1226886541,127
1226889175,62
1226907735,18
1226920373,30
1226922418,56
1226936027,16
1226947837,52
1226957148,43
1226959760,12
1226965804,30
1226967201,14
1226967770,23
1226967819,17
1226971454,254
1226986657,16
1226990646,49
1226990838,28
1227015908,31
1227017537,13
1227019873,196
1227022288,102
1227027199,20
1227039929,13
1227046979,31
1227065728,17
1227067139,156
1227069931,50
1227077394,15
1227085694,58
1227086368,19
1227088125,13
1227096538,26
1227101935,12
1227102698,3730
1227104690,63
1227105346,12
1227110871,44
1227119649,28
1227121063,129
1227125656,62
1227127184,23
1227127969,40
1227128046,18
1227129671,16
1227136764,280
1227152271,16
1227155975,20
1227168652,12
1227170018,42
1227174554,20
1227177719,74
1227179138,92
1227185855,14
1227186335,18
1227194005,125
1227195038,1323
1227205007,14
1227212265,13
1227213432,24
1227213690,13
1227214087,52
1227216141,63
1227220907,11
1227228210,14
1227231165,12
1227232520,21
1227237099,121
1227265762,71
1227276149,38
1227279014,24
1227293556,17
1227304377,12
1227305725,16
1227307732,118
1227308303,13
1227309113,40
1227309157,28
1227309257,101
1227315434,273
1227316546,13
1227317243,12
1227323948,106
1227324720,14
1227329418,64
1227333518,33
1227334684,13
1227339848,453
1227341286,446
1227347243,241
1227354976,15
1227364450,26
1227371987,114
1227377102,176
1227383057,30
1227386646,100
1227390839,491
1227392097,30
1227400359,13
1227406723,21
1227421344,42
1227431177,18
1227432942,608
1227433014,15
1227436157,15
1227440274,30
1227447038,28
1227459967,419
1227465950,11
1227490532,360
1227490571,26
1227497140,242
1227500565,27
1227501308,24
1227502479,31
1227504870,88
1227512772,56
1227519848,11
1227520263,42
1227526743,15
1227527033,102
1227531308,13
1227547559,15
1227569304,22
1227572703,26
1227579597,12
1227581500,11
1227593880,31
1227594572,11
1227601772,17
1227621444,33
1227634482,415
1227651594,17
1227655562,40
1227658387,77
1227659400,59
1227666088,14
1227674193,14
1227674495,63
1227680608,22
1227689238,605
1227689345,14
1227689365,1087
1227691444,208
1227691745,32
1227696060,18
1227710607,54
1227710766,37
1227736568,157
1227737079,13
1227738572,143
1227741708,40
1227743772,15
1227745768,15
1227759219,74
1227764627,614
1227764837,12
1227772650,103
1227778716,30
1227780447,66
1227783664,12
1227791598,144
1227791833,12
1227793598,23
1227794635,44
1227796170,26
1227802852,12
1227804086,17
1227819401,23
1227833686,15
1227836678,40
1227837151,16
1227841016,127
1227844943,45
1227854358,12
1227855667,12
1227859687,12
1227887303,17
1227889587,18
1227896191,46
1227896929,12
1227897195,18
1227900401,32
1227908098,33
1227909760,105
1227911136,11
1227920831,11
1227922538,14
1227922565,12
1227926204,16
1227927676,19
1227927721,262
1227928962,17
1227930611,62
1227931090,24
1227934615,18
1227937407,14
1227939012,39
1227941987,21
1227948480,11
1227949952,11
1227952190,17
1227957125,70
1227957130,348
1227957195,22
1227961194,29
1227970381,18
1227974472,17
1227994782,27
1227995235,142
1227997362,18
1228005292,14
1228007020,23
1228013410,83
1228017441,11
1228018833,11
1228032595,16
1228035032,79
1228046130,288
1228053564,148
1228062603,18
1228062617,47
1228067246,12
1228069348,39
1228074884,39
1228076003,168
1228086016,14
1228086182,100
1228088285,17
1228096639,14
1228101172,64
1228104491,47
1228115620,16
1228117001,205
1228125649,15
1228127918,28
1228130702,481
1228130770,12
1228146580,13
1228165644,47
1228168646,57
1228168995,38
1228170055,17
1228178051,11
1228200995,31
1228219566,10
1228221963,599
1228239224,17
1228240362,10
1228247504,34
1228250753,28
1228254460,16
1228261509,16
1228266778,76
1228267278,16
1228275932,53
1228281642,22
1228288173,17
1228295878,32
1228301704,19
1228306162,2240
1228306713,21
1228307422,20
1228312499,2336
1228312506,78
1228313288,33
1228316859,33
1228322256,17
1228323801,32
1228324681,17
1228342438,298
1228350271,31
1228350521,13
1228353720,22
1228366354,178
1228372477,21
1228379700,272
1228400253,57
1228403229,1629
1228411653,45
1228428489,22
1228439915,22
1228444255,660
1228446689,13
1228449634,133
1228473512,15
1228475028,13
1228476271,28
1228476484,55
1228479706,54
1228491972,35
1228493290,177
1228504283,11
1228512606,131
1228513113,11
1228513556,154
1228515248,98
1228515550,11
1228519832,14
1228523019,103
1228523683,64
1228545519,13
1228552104,12
1228558220,3726
1228568556,16
1228574491,15
1228575327,37
1228586120,170
1228588430,17
1228589758,942
1228602335,16
1228612153,94
1228618772,51
1228622177,66
1228631114,18
1228632952,11
1228635904,23
1228636567,173
1228642604,15
1228648424,26
1228657398,12
1228667346,79
1228668841,12
1228669486,14
1228674073,87
1228678241,30
1228680276,55
1228682702,206
1228685110,23
1228687488,752
1228693026,20
1228694959,50
1228695623,81
1228697918,62
1228698955,25
1228699675,22
1228700725,22
1228719920,164
1228724246,52
1228727422,31
1228736718,17
1228738883,21
1228747289,12
1228753050,23
1228757065,22
1228757171,23
1228760265,16
1228764266,16
1228768037,28
1228783107,11
1228810289,29
1228818758,14
1228819544,45
1228828230,13
1228840276,18
1228843980,14
1228844333,104
1228852684,728
1228858762,16
1228859413,21
1228860440,12
1228861830,15
1228862369,11
1228862630,45
1228871992,25
1228876335,20
1228878094,12
1228889804,11
1228895176,312
1228895544,12
1228904236,18
1228908118,12
1228917479,94
1228918500,39
1228920758,23
1228924271,52
1228925375,14
1228931313,284
1228940083,23
1228943778,16
1228957241,24
1228960838,15
1228968888,22
1228969569,46
1228970952,73
1228975741,51
1228980352,22
1229003220,11
1229006538,64
1229017267,139
1229020401,11
1229023725,73
1229031275,14
1229032419,48
1229035202,15
1229035215,13
1229036895,20
1229044921,19
1229048611,12
1229054518,25
1229063586,33
1229079681,86
1229084290,12
1229090312,55
1229105761,13
1229107163,181
1229111282,337
1229124309,12
1229124312,14
1229133593,11
1229158170,10
1229166124,16
1229168545,1042
1229172514,90
1229176335,50
1229190386,27
1229193892,21
1229195377,73
1229196808,81
1229204641,36
1229209839,47
1229210803,15
1229218228,176
1229224485,30
1229224593,16
1229238440,49
1229245515,20
1229259494,15
1229261085,12
1229268651,261
1229278525,43
1229279783,22
1229284884,144
1229292419,13
1229298305,20
1229310351,139
1229320971,81
1229333016,22
1229349063,14
1229349389,18
1229357719,13
1229373251,22
1229378930,19
1229386356,14
1229397886,17
1229408930,19
1229412034,63
1229418777,39
1229423958,30
1229428033,12
1229428402,18
1229438606,874
1229454546,27
1229457276,12
1229457609,22
1229464883,15
1229466378,60
1229467189,33
1229477362,12
1229488808,16
1229489956,116
1229492049,370
1229495263,14
1229500299,17
1229515933,31
1229520414,30
1229527457,26
1229528792,11
1229531271,4131
1229545347,13
1229555898,99
1229567447,95
1229570567,14
1229574762,592
1229601083,10
1229604063,87
1229613037,37
1229613796,88
1229617802,41
1229618308,1459
1229628532,99
1229629521,51
1229637015,42
1229641799,42
1229642522,91
1229647480,30
1229649395,102
1229650435,27
1229661701,37
1229669329,210
1229674813,12
1229676125,20
1229687336,19
1229689031,770
1229701530,85
1229702296,64
1229703050,38
1229708435,1150
1229721446,70
1229723763,14
1229741211,16
1229745713,14
1229754911,17
1229755072,30
1229783908,81
1229786287,83
1229790796,11
1229795529,29
1229795695,17
1229797518,31
1229800444,13
1229804367,27
1229805967,17
1229826021,15
1229833518,41
1229857613,49
1229861118,58
1229871910,21
1229875399,41
1229879223,12
1229879990,81
1229891190,58
1229897155,12
1229903970,12
1229912653,39
1229913273,17
1229921727,14
1229923980,24
1229925453,28
1229929214,44
1229936612,21
1229951782,46
1229966556,18
1229981114,27
1229996685,11
1230002242,13
1230003467,48
1230006699,39
1230011719,23
1230017515,79
1230024643,22
1230028115,38
1230041935,29
1230043431,68
1230046062,14
1230048764,83
1230050232,12
1230057297,18
1230065851,12
1230068255,1001
1230070449,15
1230084743,636
1230094821,48
1230103632,41
1230107024,56
1230108051,23
1230120460,15
1230123793,23
1230152852,6
1230155372,49
1230159855,13
1230160823,28
1230167645,241
1230176657,19
1230190038,13
1230219819,52
1230223069,32
1230276014,55
1230284069,51
1230292187,26
1230293192,1671
1230321451,118
1230325066,20
1230346035,35
1230373864,11
1230385816,620
1230405663,16
1230406987,21
1230409724,34
1230413282,387
1230418395,15
1230435080,84
1230436729,33
1230439621,13
1230447187,46
1230454104,14
1230454177,14
1230456360,16
1230459107,38
1230459924,234
1230464401,102
1230467838,71
1230476289,14
1230483021,23
1230488118,26
1230490753,22
1230492351,35
1230511039,98
1230513709,50
1230515496,19
1230518059,17
1230520777,50
1230522302,101
1230525793,83
1230526772,21
1230527280,21
1230529409,20
1230530146,12
1230541272,660
1230542209,14
1230543109,13
1230544421,36
1230545436,11
1230550463,15
1230552302,162
1230556858,14
1230557299,13
1230568421,11
1230571259,31
1230572279,30
1230575245,19
1230579510,12
1230579759,112
1230586927,40
1230615746,16
1230620963,974
1230623377,94
1230623501,30
1230625926,30
1230630133,25
1230635158,27
1230642554,15
1230655525,153
1230659792,161
1230660642,12
1230664565,297
1230670201,17
1230673946,23
1230680336,22
1230682729,13
1230692090,11
1230695001,72
1230715250,32
1230717187,21
1230718069,932
1230737007,18
1230742700,17
1230752196,51
1230753416,17
1230754449,18
1230756781,11
1230757897,12
1230768672,44
1230770171,138
1230773043,11
1230783829,34
1230786016,40
1230786055,44
1230788815,80
1230793950,17
1230797184,188
1230802596,12
1230804418,85
1230816656,58
1230825866,17
1230833691,13
1230838153,19
1230838307,50
1230840644,89
1230842937,27
1230844008,13
1230848107,12
1230852546,50
1230853768,14
1230857353,13
1230871680,30
1230881343,61
1230881670,13
1230886249,73
1230888286,12
1230888292,14
1230894777,339
1230923893,25
1230925393,2724
1230932548,14
1230933500,1838
1230934830,16
1230949874,209
1230951716,124
1230963108,19
1230966999,73
1230983602,13
1230988115,66
1230992661,32
1231005484,69
1231013771,20
1231027499,75
1231033580,83
1231033969,17
1231045391,182
1231046319,23
1231051334,31
1231055190,54
1231076326,20
1231076877,27
1231085769,69
1231088698,69
1231103016,20
1231109330,15
1231109894,39
1231115153,17
1231132517,17
1231135337,3395
1231139963,19
1231140530,11
1231148257,21
1231148851,19
1231150947,93
1231151385,52
1231151488,17
1231151663,14
1231170332,6604
1231173995,17
1231175554,10
1231190293,14
1231208198,15
1231208519,16
1231210975,308
1231241823,15
1231246471,15
1231252094,14
1231266096,30
1231274914,14
1231290655,16
1231291764,3477
1231317792,76
1231332766,97
1231340225,53
1231340530,32
1231341859,35
1231342894,34
1231355875,32
1231362609,49
1231366492,11
1231370735,16
1231381704,37
1231387029,500
1231393604,32
1231397904,14
1231403659,846
1231404888,16
1231411784,13
1231415007,75
1231419446,12
1231425003,61
1231428995,13
1231433355,30
1231444515,20
1231471942,59
1231477977,59
1231497523,26
1231505124,13
1231510846,13
1231521009,11
1231524322,33
1231527664,29
1231530575,13
1231538321,105
1231542361,15
1231545705,15
1231546738,14
1231549501,24
1231550533,16
1231552637,12
1231583450,11
1231585114,12
1231588676,29
1231593995,16
1231598581,20
1231608642,17
1231611366,6
1231614512,110
1231616411,16
1231620129,28
1231625820,44
1231628816,15
1231630576,66
1231642319,12
1231644909,11
1231649071,31
1231664875,141
1231670954,26
1231673216,272
1231680323,11
1231682461,18
1231686879,35
1231689449,270
1231690607,12
1231692013,26
1231693733,11
1231694800,12
1231703771,13
1231704393,141
1231729738,16
1231736896,11
1231743029,2433
1231745368,23
1231745656,185
1231746098,18
1231752523,15
1231758535,14
1231759224,35
1231759515,16
1231759984,11
1231761068,12
1231764379,466
1231764941,98
1231780395,24
1231784866,35
1231788271,13
1231789326,68
1231795778,17
1231798689,14
1231803000,18
1231804068,18
1231804783,58
1231805954,27
1231815937,13
1231823217,57
1231824780,13
1231828364,42
1231833412,46
1231839460,347
1231839648,63
1231841922,28
1231851167,24
1231859271,38
1231866881,23
1231867801,89
1231870852,46
1231873889,20
1231878142,35
1231879080,12
1231881320,161
1231886686,11
1231888139,47
1231892841,15
1231894603,20
1231901927,12
1231904604,11
1231905001,130
1231907165,40
1231927624,15
1231939612,13
1231950207,11
1231951255,65
1231951515,31
1231957581,23
1231959993,14
1231961643,151
1231963420,11
1231964765,11
1231964865,27
1231971079,5
1231980017,202
1231981195,60
1231982666,398
1231982924,38
1231983974,23
1231994250,33
1231995031,11
1231995778,37
1231999821,14
1232001105,236
1232009484,40
1232012824,303
1232014015,15
1232030145,871
1232049160,75
1232068112,66
1232070333,33
1232073302,17
1232075306,25
1232075861,12
1232076534,21
1232090563,13
1232094166,324
1232095746,54
1232098068,40
1232101340,19
1232113187,20
1232117277,42
1232117613,152
1232123859,12
1232151729,13
1232153525,22
1232158115,15
1232179108,12
1232184481,55
1232186823,12
1232187392,11
1232187559,15
1232194910,12
1232198091,16
1232202151,13
1232204103,26
1232207193,289
1232207397,16
1232227455,23
1232230999,629
1232231222,51
1232234668,37
1232235554,62
1232237836,17
1232239020,85
1232248372,107
1232269102,14
1232276786,15
1232282516,44
1232293202,13
1232306594,17
1232327074,494
1232327866,45
1232334482,49
1232339395,98
1232370714,1199
1232377059,17
1232379583,26
1232385284,63
1232389209,11
1232391229,31
1232392775,14
1232401934,16
1232412113,16
1232418131,48
1232423250,20
1232425850,48
1232435913,28
1232438673,13
1232441255,37
1232451950,11
1232463120,29
1232464132,244
1232472302,24
1232475356,18
1232480669,153
1232486341,116
1232486433,47
1232498795,81
1232500611,14
1232502928,17
1232503620,17
1232503763,26
1232513743,19
1232516411,19
1232519992,23
1232525596,15
1232527299,88
1232531989,22
1232539952,20
1232540172,33
1232540803,186
1232549174,70
1232572427,217
1232575828,13
1232591685,20
1232599710,618
1232604320,29
1232621817,262
1232647348,23
1232648797,35
1232650857,78
1232656744,36
1232669793,17
1232669890,15831
1232673052,52
1232680785,108
1232691570,57
1232701426,22
1232703184,34
1232705473,56
1232705869,47
1232710515,93
1232712502,1497
1232714995,151
1232722722,83
1232724697,11
1232727602,390
1232733344,23
1232744272,11
1232744411,13
1232744559,610
1232750479,465
1232751931,15
1232754722,71
1232776063,160
1232779906,15
1232780747,13
1232789753,50
1232799038,18
1232808085,78
1232810067,86
1232816339,31
1232820476,12
1232821011,14
1232824274,475
1232828202,20
1232840936,43
1232842595,104
1232843240,274
1232845626,16
1232852448,14
1232874124,14
1232881907,36
1232897272,129
1232909411,22
1232909568,177
1232913979,12
1232917858,56
1232918613,14
1232923707,13
1232927836,17
1232938373,84
1232963755,15
1232965265,15
1232972544,11
1232973386,22
1232990838,21
1232995659,11
1232995828,1868
1232996564,58
1232997470,1490
1233008152,16
1233008591,31
1233010742,12
1233014365,77
1233015992,39
1233021008,22
1233021136,215
1233021488,11
1233023839,26
1233034881,12
1233037001,194
1233038165,30
1233038926,18
1233045914,12
1233049557,43
1233063278,15
1233065556,48
1233067536,11
1233069149,14
1233075087,18
1233079257,19
1233082731,1728
1233083551,9
1233098501,13
1233099780,28
1233104285,12
1233106510,39
1233109239,82
1233119393,1320
1233125421,20
1233133379,76
1233135720,843
1233143212,76
1233154583,22
1233161009,30
1233174097,21
1233184997,53
1233186866,16
1233188553,13
1233189346,23
1233194295,42
1233202284,18
1233205881,19
1233207118,36
1233214582,65
1233216116,17
1233216476,21
1233224752,168
1233224946,29
1233251373,13
1233257999,291
1233258841,15
1233265885,44
1233268108,58
1233269361,14
1233277768,17
1233282551,67
1233291379,26
1233295735,22
1233319813,30
1233329720,17
1233329957,21
1233332479,326
1233332668,413
1233334923,13
1233350326,14
1233351502,27
1233363436,11
1233366728,140
1233366936,16
1233368430,13
1233369321,24
1233373060,13
1233382603,22
1233396999,18
1233397063,11
1233398203,209
1233405473,29
1233408615,24
1233408974,21
1233410784,26
1233416003,337
1233434991,58
1233445009,109
1233446849,483
1233448211,26
1233449784,18
1233450404,17
1233453656,77
1233458746,11
1233464839,24
1233465262,14
1233469120,45
1233469226,19
1233476234,15
1233480477,355
1233482326,18
1233488217,15
1233488749,27
1233490795,70
1233490808,11
1233493205,34
1233493409,19
1233495945,317
1233506305,14
1233513947,14
1233519809,16
1233520252,571
1233522763,19
1233524712,16
1233526732,11
1233530473,770
1233534767,11
1233537327,41
1233541170,137
1233543737,69
1233543984,520
1233544257,72
1233550386,31
1233550493,189
1233553764,90
1233562439,10
1233565815,154
1233569086,550
1233572903,280
1233573420,18
1233573842,66
1233580044,18
1233587089,38
1233598443,33
1233603128,1001
1233603965,19
1233604225,14
1233606911,93
1233610760,12
1233614908,20
1233618223,46
1233627155,17
1233629841,19
1233635142,14
1233646374,260
1233649082,130
1233652236,32
1233652334,11
1233654138,16
1233656750,60
1233656840,310
1233657891,36
1233658145,36
1233679939,16
1233680465,364
1233686144,17
1233693748,11
1233696776,40
1233698270,15
1233699119,15
1233699402,18
1233699918,5
1233701259,254
1233703053,17
1233703424,18
1233705462,40
1233706426,107
1233709504,72
1233710805,14
1233712980,53
1233714212,14
1233720469,24
1233723985,16
1233725979,11
1233729011,230
1233729086,17
1233747143,186
1233749549,96
1233753464,459
1233757735,21
1233760877,23
1233765261,20
1233765815,32
1233768853,52
1233769789,29
1233770752,32
1233777384,36
1233798338,40
1233803199,47
1233805369,17
1233812013,14
1233816047,32
1233821151,39
1233827788,17
1233828825,13
1233843911,12
1233854753,62
1233860222,29
1233864947,27
1233866989,14
1233869677,11
1233876194,23
1233879845,24
1233880450,71
1233880644,14
1233894805,12
1233901070,37
1233904235,14
1233906435,181
1233907218,34
1233912286,12
1233919441,32
1233930657,38
1233931276,15
1233933761,66
1233943553,22
1233949434,26
1233958357,17
1233974117,68
1233976060,871
1233993377,12
1233995178,22
1233997710,12
1233998926,105
1234017442,11
1234025089,20
1234025876,56
1234028597,74
1234031683,27
1234032496,47
1234034478,596
1234035085,12
1234036165,23
1234036912,12
1234044583,12
1234045986,22
1234052506,11
1234055431,23
1234070879,23
1234092057,18
1234105541,28
1234112226,22
1234118506,31
1234132434,18
1234145889,11
1234147572,17
1234148417,21
1234162438,40
1234169919,50
1234177006,149
1234177512,26
1234178837,23
1234184966,32
1234190555,18
1234200320,31
1234222196,57
1234227627,40
1234233025,22
1234245766,17
1234248776,30
1234262086,170
1234264457,21
1234267901,12
1234272109,44
1234280457,38
1234287955,407
1234289791,219
1234294493,16
1234297189,71
1234300923,27
1234303102,18
1234304147,41
1234318070,90
1234326831,20
1234331775,13
1234335671,49
1234338588,116
1234345172,302
1234349309,17
1234349461,109
1234352205,25
1234369111,17
1234370872,16
1234397786,14
1234406300,27
1234406613,100
1234408269,12
1234414395,19
1234419539,9
1234422018,166
1234428768,23
1234431556,148
1234453033,18
1234460360,2280
1234461816,44
1234467701,35
1234468941,16
1234477934,104
1234479687,13
1234484212,13
1234493308,97
1234497073,20
1234500980,29
1234501960,25
1234503198,82
1234505847,14
1234510527,14
1234512626,17
1234527033,25
1234528389,63
1234531190,13
1234531788,15
1234537369,232
1234547478,35
1234550622,2594
1234561569,12
1234563660,112
1234568497,62
1234569107,15
1234571279,336
1234584593,12
1234598133,27
1234599332,18
1234600595,22
1234604467,14
1234610717,36
1234612574,10
1234620713,10
1234643563,113
1234648277,32
1234648973,17
1234651011,27
1234659682,33
1234660785,16
1234663284,30
1234664581,21
1234668950,95
1234669280,37
1234670865,75
1234674650,89
1234675369,14
1234678740,12
1234692020,34
1234697322,21
1234703701,38
1234709952,18
1234712383,20
1234717086,74
1234717726,11
1234724745,1535
1234728317,44
1234728799,12
1234732702,14
1234736795,30
1234743389,61
1234743709,140
1234748523,19
1234759372,67
1234766431,151
1234808106,17
1234817105,27
1234819935,22
1234825297,31
1234829540,830
1234839530,17
1234854174,11
1234870827,166
1234871124,18
1234872393,19
1234884845,16
1234901863,14
1234902158,7
1234908161,14
1234910726,30
1234918031,24
1234923277,17
1234924484,20
1234932922,20
1234949873,19
1234965356,33
1234995144,19
1234999285,19
1235003804,344
1235009516,70
1235012977,13
1235028451,12
1235037158,20
1235044422,12
1235045594,25
1235046467,94
1235049982,11
1235050047,25
1235056479,8539
1235076151,91
1235077351,17
1235080900,13
1235091914,146
1235098353,184
1235103257,21
1235109342,67
1235111179,77
1235112405,48
1235113559,105
1235113769,16
1235116683,246
1235117834,11
1235123321,23
1235128023,47
1235128193,36
1235131147,135
1235135158,413
1235143195,14
1235145221,27
1235150265,70
1235161765,23
1235167543,21
1235168383,12
1235169587,12
1235175101,713
1235186898,21
1235192172,12
1235192304,41
1235199422,11
1235201909,67
1235219333,16
1235219714,22
1235221346,26
1235222817,16
1235225511,106
1235226760,99
1235230186,38
1235232111,17
1235254657,543
1235257170,22
1235259928,22
1235263729,118
1235266237,25
1235278626,18
1235288917,14
1235295742,157
1235298635,11
1235298988,42
1235311075,14
1235318920,82
1235322661,407
1235324410,452
1235325516,17
1235348945,21
1235349424,18
1235368663,17
1235372092,22
1235384825,33
1235398362,14
1235401698,172
1235403515,42
1235415129,12
1235416020,28
1235419463,12
1235423394,31
1235424374,22
1235433876,20
1235435251,21
1235439841,59
1235467345,267
1235467347,16
1235483809,1021
1235491483,40
1235491525,612
1235491557,595
1235491573,37
1235491599,36
1235491636,32
1235491662,31
1235494902,103
1235507023,79
1235511227,237
1235511271,44
1235515289,30
1235516373,31
1235528350,17
1235528861,14
1235535108,77
1235536039,612
1235557096,34
1235561546,400
1235563757,14
1235570981,95
1235600169,13
1235600664,12
1235601806,13
1235603352,21
1235604959,1044
1235615622,41
1235620806,37
1235625452,85
1235635879,31
1235635941,69
1235641260,43
1235648424,49
1235666777,13
1235677045,13
1235677889,32
1235682971,59
1235693765,17
1235695972,12
1235696190,21
1235697532,12
1235700241,39
1235703061,13
1235708935,19
1235712635,77
1235713026,12
1235721044,351
1235728605,11
1235730493,331
1235733002,89
1235738333,15
1235745072,16
1235785305,14
1235796446,44
1235801337,17
1235804415,8
1235809841,45
1235821686,286
1235824690,1210
1235826853,182
1235832354,2728
1235839978,17
1235841610,63
1235850561,31
1235854800,12
1235864347,41
1235887692,73
1235898898,26
1235904866,12
1235915700,388
1235923517,44
1235928536,321
1235937388,16
1235944874,17
1235950823,22
1235951137,82
1235953029,25
1235957378,27
1235957729,31
1235989465,57
1235991419,167
1235995633,26
1236003844,17
1236010010,37
1236020540,30
1236022353,12
1236024834,350
1236029557,25
1236030607,17
1236032569,14
1236033849,12
1236037886,52
1236038347,22
1236069346,15
1236072112,88
1236080238,45
1236092346,14
1236097343,17
1236103434,81
1236113248,12
1236116882,79
1236134087,55
1236138758,21
1236144809,24
1236146225,18
1236147664,15
1236147743,247
1236150757,28
1236154506,198
1236169319,60
1236174636,15
1236183038,307
1236183483,12
1236188285,13
1236189703,11
1236192120,65
1236193793,16
1236197117,32
1236205854,14
1236210286,15
1236215173,604
1236217302,28
1236220169,14
1236225066,26
1236230376,30
1236231313,86
1236232731,141
1236238799,17
1236239871,11
1236242712,292
1236249097,815
1236256286,10
1236258392,23
1236268528,11
1236268781,42
1236270722,11
1236276097,70
1236280432,15
1236281532,13
1236290893,22
1236293784,23
1236297203,12
1236299256,77
1236299970,23
1236299999,27
1236308364,15
1236310444,430
1236311039,19
1236318244,326
1236318314,95
1236318548,43
1236320113,15
1236324961,15
1236325505,13
1236328476,38
1236334602,15
1236336437,662
1236336797,37
1236338255,100
1236348029,20
1236350718,60
1236351119,27
1236353193,1837
1236369867,13
1236376729,40
1236378975,13
1236390867,29
1236393593,18
1236412595,22
1236415557,79
1236416145,12
1236419355,11
1236423287,58
1236429199,59
1236430316,17
1236444588,16
1236448624,39
1236451209,30
1236456093,110
1236456506,194
1236467467,90
1236472889,157
1236475536,14
1236475951,14
1236477525,13
1236477821,29
1236478732,15
1236490395,526
1236493835,26
1236496917,17
1236501740,15
1236502369,29
1236502968,19
1236505940,52
1236507497,54
1236507612,28
1236514798,18
1236523584,199
1236536813,116
1236539330,24
1236548587,16
1236558471,23
1236558948,92
1236565619,28
1236570104,155
1236572125,29
1236574498,213
1236597439,21
1236611436,28
1236614974,10
1236627656,55
1236654892,22
1236667081,12
1236668474,12
1236672762,16
1236677779,145
1236692100,17
1236692111,87
1236692563,25
1236705473,25
1236709079,11
1236710711,17
1236712166,29
1236724617,14
1236724803,57
1236730482,31
1236735790,65
1236755306,115
1236763145,13
1236764229,37
1236767104,12
1236771809,172
1236781628,11
1236782644,14
1236783424,19
1236785802,22
1236788504,19
1236790468,95
1236808991,11
1236809377,46
1236816811,12
1236835461,33
1236835492,11
1236840275,68
1236851335,30
1236852308,27
1236854679,25
1236859477,18
1236861772,97
1236872415,18
1236877194,25
1236894679,52
1236908206,31
1236909004,11
1236910063,100
1236911090,56
1236918072,12
1236931661,25
1236933951,15
1236941307,66
1236945444,15
1236957585,378
1236964964,35
1236968473,12
1236981959,85
1236984329,21
1236985474,90
1237004640,1566
1237007359,22
1237010660,55
1237013741,855
1237021776,27
1237023264,17
1237037977,11
1237043630,125
1237046812,12
1237052662,49
1237054274,44
1237062426,13
1237066114,19
1237066616,16
1237067851,21
1237095996,56
1237104157,14
1237109545,30
1237111736,13
1237112689,307
1237113075,40
1237114445,54
1237116511,75
1237131130,12
1237137541,14
1237146076,83
1237159425,15
1237163046,224
1237164472,120
1237164513,3582
1237174940,2789
1237176215,11
1237181322,37
1237199276,16
1237215648,23
1237218322,23
1237219351,15
1237225592,18
1237225812,14
1237229663,27
1237231741,14
1237232401,13
1237232532,89
1237232853,86
1237239472,1041
1237241613,22
1237243825,16
1237246004,12
1237250723,12
1237253926,13
1237257052,116
1237257560,18
1237259189,37
1237267911,13
1237271327,77
1237283836,15
1237284154,10
1237287718,28
1237290361,12
1237295423,26
1237295737,61
1237295946,27
1237299882,28
1237301457,16
1237302913,14
1237308021,63
1237318021,53
1237319927,744
1237342938,16
1237345031,150
1237346118,140
1237353655,21
1237354845,13
1237360639,69
1237365178,105
1237370783,112
1237378117,18
1237383337,28
1237387249,24
1237390322,14
1237392402,23
1237403075,15
1237409271,10
1237416862,14
1237418222,15
1237422941,51
1237424084,18
1237428082,15
1237428154,13
1237429296,180
1237433527,58
1237436537,16
1237444585,14
1237448423,50
1237453528,17
1237461617,11
1237463177,193
1237464523,39
1237465820,287
1237470197,11
1237470590,20
1237475996,51
1237500772,12
1237501021,25
1237507452,17
1237514143,12
1237516776,81
1237522343,50
1237524419,959
1237525004,16
1237525965,24
1237527907,14
1237528100,65
1237536657,30
1237548136,16
1237556756,13
1237566150,61
1237567431,13
1237567855,62
1237569827,23
1237570742,3116
1237574834,13
1237596235,14
1237604801,16
1237605993,61
1237607224,18
1237610023,23
1237619750,13
1237623600,24
1237625202,162
1237627849,31
1237630202,609
1237639323,296
1237640697,23
1237640922,27
1237643030,16
1237648686,44
1237651000,19
1237652723,14
1237658148,17
1237696009,11
1237699264,17
1237699485,11
1237707289,43
1237717182,11
1237720723,14
1237728861,16
1237729316,12
1237733764,13
1237734940,21
1237735665,32
1237749445,36
1237750162,183
1237773425,99
1237781439,17
1237784796,15
1237786440,20
1237789963,18
1237809202,376
1237818034,122
1237819660,22946
1237821145,12
1237826064,231
1237829770,11
1237833791,13
1237835872,60
1237836502,11
1237839280,18
1237841458,56
1237843760,13
1237845954,15
1237849841,14
1237852816,16
1237856742,26
1237856798,21
1237857534,35
1237858339,56
1237862355,40
1237873111,57
1237876885,25
1237879977,12
1237885983,178
1237886021,40
1237887278,12
1237891010,42
1237897310,125
1237898891,32
1237901907,25
1237904058,11
1237906084,12
1237911785,2665
1237924504,17
1237926298,19
1237930635,35
1237955879,14
1237979735,1877
1237988466,13
1237991026,45
1237994338,12
1237999979,28
1238010504,16
1238020455,46
1238042326,17
1238042602,96
1238043239,1655
1238043869,32
1238045437,19
1238047523,1186
1238050175,109
1238063840,17
1238071279,65
1238086960,16
1238091730,42
1238096032,472
1238104138,46
1238108965,21
1238119796,11
1238120057,18896
1238121115,24
1238133044,134
1238139003,31
1238142752,18
1238143049,41
1238152096,15
1238157601,31
1238166279,37
1238179349,17
1238187414,19
1238194024,16
1238194631,26
1238203091,11
1238204186,14
1238210020,18
1238212613,29
1238219632,18
1238246893,17
1238256194,35
1238264514,38
1238268252,14
1238273556,23
1238275599,22
1238285636,39
1238292307,211
1238294428,55
1238294607,113
1238301041,144
1238305550,19
1238314095,32
1238325234,14
1238336148,12
1238338967,11
1238339696,13
1238352328,21
1238353357,40
1238359772,13
1238361124,25
1238363307,47
1238364469,46
1238374516,17
1238379684,17
1238384020,20
1238386254,20
1238388797,15
1238392177,29
1238394528,11
1238398366,19
1238402794,119
1238412760,23
1238416752,376
1238420386,21
1238426179,865
1238426791,414
1238434689,11
1238449822,15
1238453195,38
1238455882,127
1238458554,561
1238460215,40
1238468873,11
1238490261,36
1238496158,185
1238499219,17
1238503477,437
1238505021,29
1238505874,111
1238509745,20
1238514693,13
1238529161,14
1238537858,22
1238540326,21
1238542557,14
1238542948,28
1238547139,80
1238548881,11
1238552380,17
1238559947,52
1238571740,30
1238573176,16
1238576219,26
1238579838,16
1238580104,11
1238586910,11
1238606716,2679
1238608979,286
1238610334,23
1238611197,24
1238611909,24
1238612611,18
1238634317,16
1238645472,299
1238653384,125
1238669068,55
1238676776,11
1238676972,16
1238677791,31
1238684786,14
1238692464,18
1238695224,12
1238707516,12
1238722120,15
1238723751,12
1238727325,31
1238731481,27
1238733254,36
1238739631,19
1238742660,20
1238743123,28
1238755764,164
1238758672,370
1238759267,22
1238765688,16
1238775512,613
1238783354,183
1238787403,11
1238812762,30
1238818691,15
1238830448,99
1238831904,12
1238834247,12
1238836672,11
1238850401,11
1238855847,30
1238866442,58
1238872822,138
1238876865,34
1238889388,18
1238894468,19
1238894762,16
1238896536,105
1238897954,35
1238911466,15
1238914644,24
1238926475,11
1238930668,16
1238948350,16
1238954573,19
1238954795,16
1238956754,430
1238959575,43
1238968097,43
1238986224,18
1238992253,101
1238993977,19
1238996909,332
1239006019,51
1239011091,37
1239018578,18
1239029437,15
1239032588,14
1239039079,165
1239045423,54
1239056971,7
1239062027,5
1239071762,52
1239077803,19
1239104861,58
1239110217,18
1239112559,11
1239115570,35
1239117786,20
1239117832,19
1239119721,1872
1239126926,16
1239135974,30
1239139048,65
1239140279,328
1239151917,52
1239152939,19
1239159840,2199
1239160406,11
1239173626,17
1239193196,51
1239193572,11
1239197994,34
1239198502,64
1239199313,14
1239200352,32
1239204847,21
1239209837,17
1239210589,215
1239212074,16
1239214607,45
1239216283,44
1239216743,12
1239243690,21
1239249946,12
1239251402,11
1239262895,12
1239264029,266
1239273447,15
1239285070,85
1239297672,97
1239309119,12
1239321485,72
1239341513,19
1239351619,107
1239353812,20
1239357956,77
1239359080,16
1239365819,12
1239366397,26
1239367040,31
1239373733,20
1239374684,12
1239375488,357
1239375999,16
1239382882,98
1239396861,15
1239398976,19
1239402511,11
1239412648,12
1239412733,15
1239414002,15
1239414821,787
1239416779,11
1239427226,22
1239434866,503
1239441299,32
1239447191,59
1239447811,18
1239455254,226
1239464173,46
1239469327,33
1239473321,595
1239474789,39
1239489400,44
1239491397,32
1239518697,82
1239522492,578
1239524798,14
1239528524,21
1239532231,31
1239537127,43
1239537612,11
1239544598,17
1239549872,142
1239550442,63
1239556796,323
1239557619,54
1239563227,55
1239563655,123
1239567925,17
1239574235,13
1239577913,43
1239579728,19
1239580976,15
1239599225,20
1239600245,27
1239611613,27
1239617900,14
1239618973,49
1239619264,33
1239621046,13
1239622029,13
1239622387,581
1239624733,50
1239630237,13
1239644418,15
1239645385,389
1239654352,16
1239660837,12
1239669136,23
1239673198,23
1239676667,138
1239707233,32
1239715093,15
1239716772,13
1239722612,26
1239726217,23
1239728183,56
1239732876,28
1239735146,18
1239735720,16
1239744607,11
1239746319,22
1239749878,11
1239752722,103
1239754392,15
1239757945,33
1239765355,34
1239769034,21
1239774861,208
1239787202,16
1239797781,116
1239797866,15
1239799148,14
1239802726,10
1239806607,30
1239812704,22
1239825801,17
1239826594,20
1239833246,30
1239856270,30
1239859061,145
1239864142,689
1239869762,47
1239878087,39
1239878287,192
1239890796,1338
1239894005,39
1239898419,147
1239901771,31
1239906726,23
1239909172,19
1239911524,11
1239918790,2556
1239921355,21
1239923622,63
1239928176,620
1239930788,116
1239940446,99
1239942327,15
1239944495,15
1239949403,21
1239953499,92
1239960519,12
1239961334,25
1239966472,14
1239977707,11
1239979370,41
1239982332,13
1239983358,24
1239995275,17
1239996076,5270
1239999657,15
1240003797,33
1240013465,101
1240014089,11
1240015023,15
1240019066,12
1240020163,18
1240031323,14
1240043567,11
1240045833,28
1240047266,82
1240051005,47
1240052317,31
1240056880,11
1240061827,19
1240062561,131
1240070838,13
1240073512,21
1240080694,35
1240083383,20
1240087779,16
1240092403,18
1240122142,15
1240131152,23
1240132015,17
1240150652,24
1240159825,12
1240163211,89
1240163717,19
1240164093,48
1240167455,21
1240183493,43
1240191065,2202
1240192072,13
1240195275,11
1240202235,18
1240214550,27
1240224353,15
1240247258,14
1240247529,11
1240249001,10
1240258164,16
1240259223,43
1240269979,11
1240272133,59
1240276079,30
1240288571,14
1240299044,12
1240299682,27
1240305839,12
1240308067,122
1240315822,22
1240332026,46
1240333679,16
1240340068,64
1240341386,11
1240346607,50
1240346695,167
1240364388,205
1240365600,26
1240374270,38
1240393483,12
1240394691,17
1240395546,30
1240417420,11
1240419112,27
1240420839,21
1240421258,559
1240437710,12
1240443039,41
1240444875,33
1240448548,11
1240483776,213
1240492421,47
1240498594,14
1240500457,53
1240502884,77
1240515946,13
1240521980,11
1240522440,18
1240537180,96
1240542828,17
1240545670,11
1240545861,38
1240556206,30
1240556566,30
1240560323,56
1240566648,74
1240567099,16
1240568470,48
1240572887,30
1240579392,15
1240580951,11
1240599492,54
1240601170,59
1240602767,13
1240611559,18
1240644798,19
1240648531,13
1240652283,17
1240653523,86
1240665936,11
1240667381,13
1240671870,16
1240672860,18
1240677825,51
1240682987,13
1240690447,14
1240693623,25
1240698398,289
1240700384,56
1240708362,25
1240713910,52
1240719306,18
1240720849,105
1240724913,21
1240725237,11
1240725952,113
1240730830,82
1240732143,131
1240743325,45
1240747229,16
1240755345,14
1240766312,19
1240768914,11
1240771767,39
1240775510,221
1240786277,25
1240793632,11
1240801215,33
1240808459,18
1240820240,11
1240830830,83
1240832183,18
1240844474,36
1240851965,15
1240854296,59
1240856375,19
1240859912,18
1240865540,15
1240868987,36
1240872088,792
1240872126,36
1240872943,11
1240894264,12
1240896337,16
1240905795,17
1240919474,40
1240938433,14
1240944610,35
1240944626,664
1240946207,15
1240948992,19
1240955193,13
1240959510,37
1240961226,21
1240963793,14
1240977522,11
1240995825,40
1240996286,320
1241000028,226
1241014702,13
1241017476,47
1241019087,23
1241033447,13
1241037350,12
1241040212,14
1241048131,75
1241051113,17
1241054742,52
1241058151,21
1241070039,12
1241074831,20
1241076174,225
1241088351,13
1241094896,14
1241096931,24
1241105467,21
1241106368,23
1241110664,11
1241114653,12
1241132689,37
1241134258,63
1241141239,31
1241146344,56
1241146497,31
1241149979,39
1241152875,976
1241153103,35
1241159711,19
1241163802,11
1241169266,15
1241170129,11
1241172117,14
1241179152,30
1241185532,84
1241208413,34
1241209202,121
1241212925,17
1241215332,26
1241218480,27
1241223523,77
1241234879,278
1241246291,12
1241257629,6508
1241258726,204
1241271550,58
1241273478,516
1241275896,52
1241277287,37
1241277589,84
1241279320,15
1241281880,13
1241283238,22
1241295791,23
1241298903,46
1241300226,14
1241309851,13
1241319334,16
1241329902,34
1241335289,20
1241335398,13
1241336268,32
1241338288,39
1241345946,16
1241348820,38
1241350460,15
1241353600,16
1241358748,13
1241360951,38
1241362619,2484
1241367216,12
1241368039,21
1241383026,12
1241389997,17
1241397530,14
1241407718,22
1241411485,27
1241412718,85
1241414489,15
1241415025,47
1241420026,22
1241425259,1853
1241430916,136
1241450690,20
1241453878,23
1241459204,11
1241459358,14
1241469718,16
1241476818,12
1241477012,13
1241487212,16
1241488294,13
1241489968,32
1241494140,31
1241500194,96
1241503505,11
1241511155,157
1241515224,343
1241519294,30
1241526989,21
1241535855,11
1241537755,496
1241538479,212
1241539231,98
1241540822,12
1241541907,74
1241552156,31
1241553266,12
1241586348,15
1241587887,46
1241588340,30
1241611273,11
1241612240,65
1241612644,54
1241613478,151
1241621727,85
1241631637,13
1241633491,18
1241640889,13
1241641410,20
1241644778,15
1241647818,79
1241648746,36
1241650947,29
1241653775,19
1241653839,153
1241657568,23
1241657981,11
1241661785,17
1241665017,16
1241665534,30
1241679569,38
1241704120,19
1241705990,68
1241706792,140
1241709623,132
1241723280,14
1241738234,90
1241742205,33
1241743752,240
1241747058,39
1241749352,36
1241750341,60
1241752946,39
1241761359,35
1241767972,23
1241775611,75
1241778703,52
1241803876,116
1241816625,64
1241825365,28
1241825396,302
1241828177,13
1241837533,31
1241845242,117
1241863775,29
1241878578,14
1241879839,13
1241886270,19
1241889596,16
1241889601,63
1241891788,25
1241894863,34
1241896683,13
1241912674,12
1241916676,32
1241954827,32
1241955479,28
1241958508,41
1241959906,321
1241960226,19876
1241963187,59
1241965602,18
1241974928,13
1241975714,16
1241976480,22
1241977003,15
1241977188,20
1241979160,84
1241979723,15
1241987162,944
1241990307,70
1241990700,1810
1241994412,39
1242010545,14
1242013932,5
1242017470,8
1242027459,118
1242030289,29
1242030344,31
1242034359,57
1242041584,62
1242043952,17
1242047436,82
1242060029,103
1242065628,13
1242070147,15
1242072896,23
1242077970,35
1242077982,96
1242094165,173
1242098463,25
1242099375,15
1242100472,49
1242107382,2003
1242108349,114
1242121583,17
1242128023,32
1242143475,16
1242169673,46
1242170957,17
1242175465,15
1242179708,17
1242180484,114
1242192661,15
1242196870,15
1242203650,191
1242206624,62
1242211335,28
1242230402,29
1242243389,16
1242243557,11
1242244665,15
1242245415,22
1242249898,34
1242252209,38
1242268113,51
1242272716,69
1242283903,17
1242284800,17
1242288930,18
1242293609,67
1242306767,316
1242316635,1555
1242320277,13
1242321286,46
1242326448,21
1242339840,44
1242350957,38
1242354790,1669
1242356298,48
1242384007,12
1242392922,270
1242402978,189
1242415623,213
1242427355,12
1242428415,72
1242432807,11
1242441763,25
1242442927,42
1242442956,18
1242450764,37
1242451241,15
1242472887,17
1242497817,31
1242503983,12
1242517249,59
1242520249,24
1242522317,12
1242534846,12
1242536991,21
1242538725,12
1242552865,20
1242559266,15
1242562576,15
1242564361,11
1242565101,11
1242568050,52
1242571544,35
1242572220,11
1242576422,11
1242579794,73
1242581027,42
1242582611,39
1242582771,20
1242587191,11
1242591913,16
1242595081,11
1242623011,13
1242627057,42
1242637912,16
1242643262,11
1242649859,15
1242665944,25
1242670883,14
1242672160,160
1242679355,1435
1242692799,16
1242697027,144
1242705930,19
1242712290,84
1242719319,974
1242731930,11
1242750846,11
1242760522,23
1242766913,76
1242787253,274
1242790955,29
1242805637,23
1242808266,11
1242815807,17
1242836028,18
1242847410,82
1242849406,60
1242854746,40
1242858742,42
1242867671,804
1242881254,18
1242885972,15
1242896502,274
1242899551,153
1242899915,50
1242903900,21
1242911893,23
1242916194,13
1242917283,12
1242924666,112
1242933539,20
1242956191,15
1242967652,4823
1242971079,11
1242974687,32
1242994017,95
1242995930,23
1243001514,18
1243006338,203
1243011353,1807
1243017690,420
1243019455,15
1243020749,127
1243027110,80
1243027635,61
1243027695,18
1243029025,16
1243033047,113
1243037216,12
1243043047,17
1243057319,27
1243060739,17
1243065333,12
1243068376,22
1243068991,26
1243071828,20
1243072224,68
1243086146,12
1243090173,17
1243095143,13
1243099463,14
1243100020,115
1243106323,285
1243107271,35
1243109314,14
1243110119,15
1243130327,11
1243136561,51
1243146433,224
1243160351,288
1243160855,39
1243164484,69
1243166788,14
1243166945,219
1243176585,338
1243179697,92
1243183766,22
1243199454,30
1243200853,98
1243202918,12
1243210367,55
1243217842,21
1243238668,83
1243240174,13
1243242946,51
1243244774,48
1243247507,132
1243249411,18
1243256378,57
1243266259,11
1243270101,14
1243276849,18
1243277861,142
1243279769,80
1243282472,11
1243285960,17
1243288395,11
1243296441,165
1243301217,14
1243308022,19
1243316506,14
1243317327,132
1243318039,18
1243319764,11
1243320653,14
1243335820,87
1243337208,11
1243337973,11
1243338375,17
1243339945,14
1243343514,38
1243348295,31
1243353641,91
1243354073,88
1243355836,15
1243364905,212
1243365944,340
1243369427,13
1243370296,23
1243370935,38
1243373853,141
1243384906,19
1243386295,11
1243386953,32
1243393451,53
1243394372,18
1243397963,590
1243401750,65
1243403565,21
1243403791,34
1243407684,17
1243414163,14
1243414364,13
1243432393,11
1243435460,32
1243436931,13
1243440891,23
1243456460,24
1243462118,21
1243465661,19
1243470443,11
1243474783,19
1243475954,12
1243480043,25
1243486736,41
1243490323,84
1243499752,101
1243510961,11
1243520031,146
1243523634,11
1243524942,11
1243536512,114
1243546453,11
1243567693,14
1243589705,28
1243592929,15
1243594497,12
1243601229,32
1243601998,21
1243607387,16
1243611246,11
1243614106,18
1243618131,627
1243619611,52
1243631224,31
1243632421,12
1243632643,14
1243643571,15
1243645314,110
1243646445,14
1243647266,54
1243649535,11
1243660478,15
1243674199,69
1243680833,27
1243704133,19
1243710888,25
1243732556,562
1243739072,424
1243754671,20
1243754968,74
1243761147,14
1243762255,51
1243765551,14
1243765775,56
1243773718,16
1243780058,12
1243795091,34
1243799385,29
1243802511,17
1243808884,55
1243841282,70
1243842380,14
1243843387,131
1243859110,17
1243859417,27
1243860196,37
1243861636,20
1243868004,15
1243878128,46
1243904405,60
1243908724,17
1243925666,12
1243928497,43
1243928867,26
1243929420,17
1243945729,13
1243947630,156
1243951513,23
1243954362,71
1243961683,31
1243962929,68
1243963093,200
1243975263,14
1243975449,36
1243978384,66
1243979429,50
1243998884,15
1244000773,15
1244001574,17
1244028703,30
1244036548,11
1244037728,13
1244040752,108
1244045010,28
1244047930,23
1244050587,168
1244051960,28
1244056427,20
1244071529,2971
1244073371,32
1244074262,44
1244074490,21
1244074619,13
1244076766,12
1244108994,632
1244116421,20
1244130987,19
1244136912,11
1244140869,28
1244142296,51
1244148805,16
1244151525,16
1244155308,38
1244155727,64
1244157761,32
1244162403,1066
1244168174,38
1244174738,14
1244176206,11
1244178999,17
1244184293,13
1244185155,410
1244194276,31
1244194507,24
1244197679,30
1244200187,11
1244213970,38
1244216551,43
1244217665,21
1244226944,23
1244231089,11
1244232710,53
1244238140,21
1244238936,32
1244255120,17
1244255768,11
1244263982,11
1244264446,60
1244264505,94
1244277268,17
1244278623,11
1244290601,104
1244295316,20
1244296820,634
1244307392,43
1244307848,20
1244322645,47
1244323702,242
1244325213,13
1244328171,23
1244344645,14
1244346431,22
1244361533,13
1244364968,17
1244370426,16
1244375757,48
1244375832,74
1244377054,24
1244385712,20
1244386148,14
1244391930,13
1244391958,128
1244414971,12
1244425600,17
1244431440,290
1244443711,14
1244459047,24
1244462189,13
1244468619,269
1244473756,36
1244476160,30
1244476739,13
1244482736,11
1244488619,18
1244490397,84
1244493472,1458
1244500483,128
1244530113,17
1244534097,17
1244539716,51
1244541606,21
1244557522,177
1244564263,172
1244565986,254
1244570126,35
1244582483,81
1244593267,37
1244595001,16
1244596735,20
1244598092,21
1244599833,25
1244611777,20
1244615729,25
1244621946,65
1244626627,58
1244638297,11
1244644510,12
1244645507,70
1244647147,12
1244660131,11
1244664340,66
1244666899,11
1244667663,58
1244673218,95
1244675532,17
1244679831,12
1244688614,30
1244691031,11
1244693229,15
1244693986,26
1244713152,17
1244716271,36
1244742159,12
1244747615,111
1244747754,12
1244750915,69
1244755919,15
1244762126,32
1244770399,19
1244774008,150
1244780636,24
1244782513,125
1244784820,113
1244799378,7
1244801083,16
1244801631,42
1244804202,24
1244813010,18
1244814127,194
1244828190,30
1244838109,97
1244838820,13
1244839354,30
1244848150,52
1244858848,26
1244859148,329
1244862129,13
1244872344,71
1244886395,15
1244896384,16
1244916257,12
1244926035,100
1244934024,22
1244939861,16
1244948549,61
1244954648,12
1244959261,561
1244959516,12
1244959985,18
1244960155,98
1244989350,185
1245004908,35
1245010764,87
1245029777,25
1245035344,15
1245035377,19
1245041174,39
1245043545,58
1245045417,11
1245048633,20
1245051336,15
1245059090,12
1245060355,20
1245061401,30
1245064524,16
1245064892,379
1245076219,67
1245097257,24
1245100586,29
1245101224,92
1245104473,98
1245106598,323
1245108765,16
1245113203,15
1245132749,120
1245188885,12
1245192508,13
1245195081,24
1245220559,16
1245220578,12
1245221146,21
1245222189,13
1245223443,16
1245224749,16
1245225769,30
1245227535,113
1245234058,81
1245241908,79
1245243244,16
1245243860,41
1245256564,1551
1245258929,14
1245268506,698
1245272377,105
1245274067,25
1245278599,19
1245279396,11
1245282108,138
1245290072,55
1245292227,15
1245294728,18
1245296273,79
1245308002,36
1245310595,17
1245318030,36
1245319446,672
1245322596,20
1245325857,61
1245327065,109
1245329241,723
1245331393,12
1245333424,439
1245333938,265
1245344317,49
1245347848,52
1245350611,23
1245355875,30
1245356181,26
1245356640,105
1245356661,65
1245359581,36
1245362186,11
1245364257,67
1245365519,38
1245368109,32
1245369970,24
1245371971,17
1245380838,12
1245391661,30
1245396820,12
1245405409,21
1245412168,112
1245419404,14
1245425969,14
1245427200,21
1245427909,62
1245429611,98
1245439294,17
1245439775,12
1245440202,22
1245444273,58
1245451069,13
1245452305,2391
1245458564,176
1245458706,92
1245461700,136
1245465729,3538
1245470955,185
1245476031,1255
1245491192,24
1245509597,14
1245510473,28
1245510932,96
1245511686,12
1245518138,35
1245524843,11
1245539123,97
1245540410,157
1245545312,25
1245546693,35
1245549227,151
1245556773,15
1245558372,165
1245561762,580
1245563309,127
1245585947,11
1245591132,142
1245593541,14
1245595783,12
1245617878,39
1245621552,165
1245623286,22
1245633673,13
1245635988,11
1245644492,80
1245653552,12
1245664409,11
1245681818,80
1245692484,19
1245695183,117
1245699721,6064
1245699982,22
1245720361,11
1245720902,75
1245723733,12
1245725287,14
1245730899,31
1245733063,717
1245738786,37
1245740241,19
1245743299,12
1245746212,13
1245748325,13
1245760328,144
1245771671,28
1245772322,11
1245775155,11
1245790592,98
1245797515,137
1245813675,14
1245816682,12
1245820850,57
1245834824,19
1245838621,89
1245849114,33
1245862251,64
1245865164,13
1245871125,17
1245881246,12
1245893489,19
1245894065,15
1245901041,508
1245903975,19
1245921621,421
1245923485,17
1245925715,18
1245927552,33
1245944434,13
1245952606,1918
1245955470,14
1245957017,33
1245959143,85
1245970168,18
1245970899,60
1245998874,14
1246000378,31
1246031278,19
1246047187,14
1246072199,43
1246073739,24
1246090648,11
1246093394,20
1246096751,11
1246113734,11
1246132462,16
1246148135,1434
1246196526,45
1246198169,167
1246201104,18
1246205050,17
1246211773,631
1246220668,23
1246224744,31
1246227084,107
1246228717,41
1246229181,20
1246236720,92
1246238195,28
1246243218,106
1246244431,38
1246250743,21
1246251770,60
1246265860,104
1246270079,21
1246273057,265
1246273154,26
1246274264,28
1246276297,197
1246276785,160
1246279685,30
1246280246,15
1246292527,15
1246292540,29
1246304557,17
1246315244,59
1246322535,12
1246326252,28
1246326761,212
1246330857,149
1246332472,30
1246336325,16
1246337897,12
1246346594,668
1246360316,14
1246389313,13
1246399437,3961
1246402525,131
1246410678,32
1246435403,15
1246440630,1065
1246441409,27
1246442875,74
1246451746,29
1246459259,6251
1246471409,15
1246482134,23
1246482207,59
1246483895,186
1246500556,96
1246504454,13
1246510003,12
1246513769,24
1246515824,73
1246515971,12
1246519476,12
1246521575,150
1246529893,13
1246532319,197
1246534911,1570
1246536953,11
1246538174,48
1246539049,16
1246542567,85
1246549494,18
1246561851,17
1246567508,21
1246570817,39
1246574857,17
1246574873,152
1246577741,24
1246582123,44
1246590578,12
1246596727,12
1246596878,21
1246600517,1040
1246600961,44
1246600993,28
1246602771,28
1246622880,16
1246625636,7986
1246629463,28
1246631932,31
1246638907,41
1246642453,39
1246644567,13
1246646082,17
1246662457,11
1246664009,20
1246681024,16
1246687346,12
1246690056,50
1246695181,19
1246709259,35
1246711970,160
1246715834,15
1246717058,14
1246719459,36
1246721062,498
1246722622,1046
1246742103,16
1246745196,26
1246745654,14
1246749616,226
1246751432,15
1246751434,103
1246759937,44
1246767321,18
1246771179,17
1246779788,74
1246782280,52
1246786755,76
1246790422,60
1246795720,145
1246797254,18
1246802646,30
1246803083,52
1246804487,14
1246812750,59
1246814545,10
1246814836,18
1246817571,17
1246821609,11
1246843657,21
1246849817,24
1246854395,20
1246857494,29
1246866879,20
1246880217,12
1246887188,42
1246895855,38
1246904632,126
1246905604,94
1246911708,57
1246914307,17
1246924426,14
1246924457,11
1246959565,41
1246959727,46
1246967830,13
1246980923,39
1246989049,29
1246992941,22
1246994155,44
1247000985,15
1247014730,95
1247024515,15
1247024804,126
1247033084,100
1247044553,15
1247045448,27
1247051636,21
1247052265,53
1247062549,41
1247077303,26
1247077505,26
1247078110,29
1247086450,16
1247093576,21
1247095976,322
1247100158,23
1247106374,10
1247115218,83
1247115666,69
1247117944,28
1247122194,19
1247124796,14
1247134453,38
1247141754,11
1247142210,26
1247149707,124
1247161384,20
1247171934,15
1247181447,42
1247188228,40
1247190710,90
1247191183,15
1247195606,31
1247195686,17
1247212350,23
1247217251,83
1247225040,14
1247231088,67
1247236424,569
1247242073,231
1247256403,9
1247256864,324
1247257056,68
1247257077,18
1247257153,11
1247265455,26
1247276507,11
1247281221,37
1247282947,11
1247286539,27
1247288896,222
1247289840,28
1247290145,28
1247291997,22
1247292043,50
1247294715,195
1247295822,12
1247301782,43
1247302502,96
1247303587,11
1247310533,32
1247314588,118
1247316645,35
1247317288,53
1247321833,377
1247351481,18
1247356796,23
1247365040,71
1247371684,67
1247376153,19
1247376695,129
1247380137,35
1247384825,25
1247388276,47
1247401217,44
1247414152,145
1247418292,45
1247419504,21
1247421999,16
1247424466,13
1247425144,11
1247433544,83
1247436411,72
1247458577,16
1247458623,23
1247459187,36
1247461066,28
1247469826,182
1247473093,12
1247477036,20
1247482929,67
1247489291,51
1247492866,12
1247495357,20
1247508851,13
1247509569,23
1247515668,21
1247529759,18
1247539290,11
1247546991,185
1247561558,13
1247566922,39
1247581321,68
1247581975,32
1247591069,19
1247591822,24
1247594975,11
1247599728,30
1247600704,14
1247602219,30
1247603334,16
1247604974,11
1247605879,33
1247605980,53
1247609335,22
1247612350,212
1247622731,150
1247623206,25
1247625334,11
1247628069,14
1247630704,51
1247641253,17
1247649837,18
1247663174,11
1247666824,26
1247670071,26
1247671245,112
1247672857,29
1247682155,18
1247682989,21
1247694581,12
1247699938,12
1247702973,115
1247709872,26
1247712689,40
1247712904,23
1247720302,53
1247743070,11
1247743352,141
1247745092,17
1247746103,16
1247746872,12
1247748424,42
1247756899,22
1247777740,19
1247782800,27
1247786593,274
1247798896,12
1247799878,20
1247808514,165
1247813845,14
1247826283,11
1247833825,73
1247842541,22
1247845398,19
1247866311,15
1247890345,11
1247897962,11
1247916961,253
1247926868,21
1247938040,130
1247939001,60
1247940076,15
1247944288,419
1247953558,107
1247955571,15
1247959177,15
1247960650,69
1247966640,63
1247969231,36
1247972630,32
1247980837,19
1247981517,106
1247984150,12
1248011103,1720
1248031872,79
1248032650,23
1248034647,127
1248040531,11
1248040866,14
1248041623,54
1248045931,18
1248050597,17
1248051050,14
1248054102,66
1248055238,329
1248058147,24
1248064498,11
1248066032,14
1248067744,12
1248072541,23
1248078952,74
1248082572,11
1248087013,57
1248090936,11
1248096254,39
1248105780,54
1248111614,24
1248111899,19
1248123371,91
1248124718,21
1248128332,12
1248129522,13
1248141334,130
1248143320,16
1248150453,21
1248150739,19
1248151636,11
1248154861,11
1248155542,20
1248160730,17
1248163123,11
1248164821,24
1248165430,18
1248175705,89
1248181720,29
1248182767,21
1248183848,41
1248186446,101
1248199024,33
1248204690,388
1248211654,18
1248213776,67
1248216427,484
1248219709,47
1248221644,41
1248231202,12
1248243804,23
1248248786,24
1248253333,18
1248255775,21
1248257257,110
1248257430,70
1248264334,27
1248267320,389
1248269184,11
1248296770,19
1248302385,24
1248302524,35
1248303277,51
1248305485,71
1248309376,14
1248310439,83
1248315096,342
1248323006,182
1248332641,13
1248333420,33
1248334419,25
1248336086,48
1248340154,20
1248344067,16
1248346724,131
1248348085,15
1248348624,16
1248352148,27
1248353257,11
1248354167,26
1248357950,16
1248358923,193
1248359368,25
1248368290,20
1248369746,21
1248373426,61
1248374766,130
1248378025,127
1248384170,33
1248385157,30
1248395430,35
1248396295,29
1248401048,50
1248401658,30
1248403597,61
1248412629,33
1248413615,13
1248414214,28
1248435337,12
1248438483,19
1248441930,23
1248442200,52
1248442484,15
1248453360,31
1248453777,33
1248461566,16
1248469137,25
1248474674,54
1248482197,270
1248482770,12
1248483021,28
1248489557,67
1248493288,54
1248502601,11
1248509220,14
1248510758,13
1248512702,17
1248516993,143
1248517174,18
1248517528,44
1248528424,38
1248534579,33
1248538120,18
1248559884,12
1248573158,15
1248575408,17
1248579736,57
1248581414,11
1248586873,51
1248587890,12
1248591409,20
1248591897,53
1248597849,19
1248615838,35
1248618409,288
1248620768,198
1248620921,24
1248625781,19
1248628771,24
1248636112,193
1248657228,19
1248659915,176
1248670681,50
1248670774,20
1248679982,38
1248685391,643
1248715157,16
1248719717,20
1248726560,28
1248727836,17
1248731923,37
1248735165,11
1248735456,30
1248735737,47
1248742343,477
1248745413,149
1248747220,653
1248749020,16
1248758524,168
1248761307,779
1248761484,15
1248763048,286
1248766276,89
1248769876,11
1248772557,11
1248774202,260
1248782150,35
1248789121,254
1248793375,14
1248794761,21
1248795924,169
1248796295,22
1248803716,29
1248827715,16
1248836706,16
1248861358,52
1248871857,14
1248872128,41
1248873301,58
1248874742,67
1248874749,67
1248880965,15
1248882195,17
1248882718,55
1248883464,24
1248889884,105
1248896213,16
1248897354,23
1248897838,49
1248898453,11
1248898722,20
1248898972,33
1248908185,12
1248915354,23
1248917960,24
1248924479,545
1248925933,17
1248926022,58
1248930600,25
1248931805,25
1248932206,12
1248933347,57
1248941614,36
1248943562,26
1248949848,12
1248950091,24
1248951081,23
1248951507,21
1248952892,12
1248955957,3167
1248958654,55
1248962830,14
1248981027,120
1248981662,83
1248983894,11
1248984067,45
1248986738,15
1248994114,26
1249006271,30
1249013020,19
1249014031,54
1249015197,29
1249015425,14
1249023319,11
1249024111,56
1249027272,11
1249040497,45
1249047809,90
1249051947,14
1249052052,11
1249052875,13
1249062173,14
1249068419,14
1249094239,110
1249095115,109
1249111989,31
1249123734,110
1249131332,18
1249136784,28
1249158906,15
1249162928,465
1249175775,15
1249178065,20
1249180847,155
1249181353,25
1249182330,22
1249187944,95
1249189589,76
1249202199,20
1249203338,269
1249207787,14
1249209643,261
1249213103,31
1249224062,115
1249225398,24
1249239992,12
1249245754,433
1249258514,286
1249261520,1777
1249271148,31
1249276248,15
1249284066,16
1249287005,36
1249290620,36
1249293657,24
1249296723,12
1249300381,96
1249303001,12
1249305626,14
1249305805,12
1249315245,27
1249317289,32
1249325080,19
1249332416,45
1249337353,12
1249344928,15
1249345325,25
1249346259,13
1249357615,23
1249360394,9
1249363406,33
1249369480,69
1249380837,20
1249382417,12
1249386263,30
1249386299,30
1249406215,13
1249408490,31
1249409445,40
1249410188,16
1249421739,30
1249422921,59
1249430762,11
1249432822,10
1249454751,12
1249458219,23
1249462231,83
1249462611,102
1249466568,13
1249467039,28
1249488202,31
1249509510,11
1249517670,28
1249519439,22
1249521361,16
1249530651,17
1249530755,30
1249534702,87
1249535239,99
1249548355,34
1249549064,12
1249550191,419
1249550690,71
1249557108,14
1249572987,16
1249573380,13
1249578225,16
1249582990,56
1249619405,23
1249628271,11
1249634577,44
1249655286,14
1249658123,70
1249659243,43
1249662979,18
1249663397,13
1249669193,18
1249681283,16
1249695433,14
1249708194,45
1249709179,81
1249723308,56
1249730633,52
1249731486,41
1249738003,127
1249740810,29
1249756800,15
1249766977,18
1249774057,346
1249779388,17
1249784811,19
1249785717,24
1249792018,31
1249808300,21
1249808474,17
1249808814,108
1249809218,12
1249813229,78
1249826669,13
1249826776,13
1249847701,72
1249847920,124
1249849319,59
1249853652,31
1249855865,210
1249868091,18
1249880434,15
1249881776,16
1249883059,11
1249887741,38
1249888354,161
1249892130,12
1249893354,20
1249895223,41
1249907578,54
1249908102,13
1249913179,130
1249913251,32
1249915620,13
1249922033,744
1249923101,18
1249942687,38
1249944634,19
1249951168,27
1249964612,11
1249978957,18
1249980876,93
1249982319,21
1249983772,210
1249990320,912
1250009810,22
1250020003,13
1250040582,140
1250045863,14
1250050869,149
1250051977,11
1250057030,12
1250060426,25
1250065590,39
1250068182,54
1250070490,39
1250072702,12
1250081513,25
1250083495,33
1250085833,15
1250093949,12
1250109958,14
1250113821,20
1250122277,32
1250123107,13
1250126240,97
1250129192,21
1250134799,15
1250142065,17
1250146825,12
1250157861,12
1250164325,12
1250182657,22
1250204816,25
1250216343,14
1250224428,29
1250229427,22
1250233265,20
1250237069,12
1250243010,29
1250244785,19
1250245397,20
1250255823,42
1250257487,44
1250258692,320
1250259248,50
1250265557,18
1250280866,155
1250289468,24
1250293035,12
1250295793,49
1250296394,12
1250296864,328
1250301953,75
1250301976,70
1250314473,18
1250315476,23
1250320740,14
1250326588,15
1250328232,79
1250332636,90
1250335928,12
1250336324,13
1250337793,16
1250346244,18
1250354179,14
1250360389,59
1250367999,20
1250371224,31
1250377526,11
1250391425,11
1250394838,135
1250404733,30
1250417836,16
1250420602,35
1250439637,58
1250445362,11
1250446965,18
1250459937,40
1250468542,13
1250486012,14
1250493755,132
1250500177,26
1250504922,21
1250505481,20
1250508847,73
1250510717,12
1250512479,19
1250528328,23
1250529441,11
1250540901,21
1250541123,15
1250553890,13
1250556989,12
1250561399,12
1250568649,45
1250569639,150
1250575980,1089
1250595753,18
1250626860,104
1250634182,64
1250651738,129
1250651755,105
1250658155,17
1250663311,19
1250666404,13
1250673270,53
1250677506,57
1250678702,55
1250680727,60
1250681945,23
1250696677,40
1250696765,13
1250706260,45
1250709578,26
1250713849,15
1250716184,11
1250741226,36
1250756907,11
1250763371,119
1250763414,176
1250771627,16
1250806008,88
1250812354,106
1250815023,18
1250818845,1931
1250822765,4298
1250824950,108
1250830715,59
1250834429,116
1250835189,102
1250836794,48
1250837740,52
1250837806,14
1250842815,25
1250860168,812
1250863480,11
1250868690,40
1250876768,12
1250878990,22
1250889003,19
1250895580,56
1250907050,15
1250911372,497
1250918358,56
1250918529,34
1250931415,22
1250950417,17
1250958854,15
1250977830,27
1250978302,134
1250978888,27
1250981471,25
1250989577,55
1250997037,13
1250998045,28
1251005638,47
1251007586,75
1251009262,15
1251011584,15
1251011879,26
1251012724,34
1251014582,20
1251020438,11
1251020516,11
1251020986,38
1251023065,16
1251023178,14
1251024234,12
1251025862,11
1251026554,13
1251032065,52
1251045093,30
1251057798,809
1251066255,90
1251067168,16
1251068284,32
1251069607,25
1251072363,19
1251077755,55
1251078984,15
1251085918,14
1251086916,1416
1251097472,26
1251097626,40
1251103176,16
1251118569,25
1251118601,32
1251122133,310
1251123266,100
1251124565,24
1251126765,12
1251127841,97
1251130670,53
1251139326,17
1251139884,38
1251140252,18
1251145978,12
1251150120,38
1251156448,29
1251159224,13
1251160046,32
1251169801,77
1251180462,40
1251182451,13
1251186402,2910
1251187002,11
1251196102,13
1251213060,40
1251216667,895
1251226689,56
1251240181,11
1251240323,24
1251241656,491
1251246810,167
1251249025,11
1251254800,13
1251258620,15
1251260343,16
1251263546,6189
1251265302,13
1251266007,15
1251273528,20
1251278834,18
1251280424,109
1251282803,17
1251283920,13
1251285811,28
1251301903,1024
1251303564,16
1251308481,14
1251313363,12
1251313933,38
1251314041,81
1251314288,28
1251323039,12
1251343430,16
1251352160,34
1251359454,18
1251360469,149
1251368164,101
1251377810,36
1251382271,311
1251382609,24
1251385826,17
1251387822,14
1251398714,24
1251401451,20
1251409505,11
1251420451,15
1251421003,23
1251433180,11
1251445838,147
1251447656,14
1251450386,447
1251456931,17
1251460378,1314
1251460904,18
1251465520,22
1251466224,12
1251467172,28
1251482232,58
1251491910,38
1251497181,13
1251498553,20
1251498620,74
1251504299,19
1251505949,27
1251508685,49
1251523074,46
1251532445,22
1251542434,13
1251547021,14
1251547207,16
1251552989,29
1251558498,23
1251570670,60
1251580441,22
1251583175,87
1251599962,19
1251604333,641
1251624865,25
1251626339,16
1251648836,213
1251663029,17
1251670765,14
1251689896,13
1251699671,12
1251700076,17
1251721871,18
1251723283,37
1251724698,22
1251731366,50
1251731376,12
1251734577,300
1251734584,40
1251739081,20
1251740335,28
1251756708,17
1251759892,29
1251760410,11
1251772458,71
1251775321,17
1251775733,9265
1251778861,22
1251792143,14
1251802067,171
1251802724,13
1251803584,14
1251813045,84
1251827172,13
1251829083,15
1251829476,13
1251845453,11
1251848854,34
1251849393,38
1251849873,34
1251875798,298
1251875808,16
1251884605,97
1251885652,48
1251890389,15
1251897393,965
1251903045,41
1251908803,113
1251910639,21
1251914525,65
1251915392,16
1251922246,13
1251922807,231
1251925434,20
1251927617,29
1251929985,78
1251930408,13
1251934611,62
1251942561,48
1251952412,69
1251952732,17
1251953699,15
1251959042,11
1251971351,19
1251972814,204
1251976028,133
1251980172,68
1252004011,34
1252004709,18
1252008320,56
1252018507,42
1252021413,16
1252023224,26
1252031757,18
1252036272,21
1252038744,18
1252041604,34
1252061412,60
1252069793,14
1252078364,64
1252079931,12
1252091728,16
1252093552,79
1252094313,146
1252102710,33
1252117557,379
1252124728,86
1252126809,11
1252127170,46
1252128435,95
1252128712,16
1252129353,16
1252130548,34
1252134250,41
1252136178,12
1252140935,11
1252147339,303
1252153392,42
1252154132,54
1252159801,56
1252163022,20
1252166840,153
1252169477,22
1252174335,245
1252175636,13
1252190566,14
1252192009,35
1252193482,69
1252196939,18
1252197860,21
1252198341,933
1252200141,25
1252203843,19
1252217827,90
1252218467,30
1252218508,44
1252237951,26
1252244572,56
1252248426,34
1252252549,198
1252254864,13
1252255944,13
1252258448,845
1252263438,13
1252270191,25
1252273912,39
1252276246,72
1252294823,678
1252298988,14
1252302865,38
1252306996,54
1252311044,64
1252323344,26
1252329745,18
1252335022,11
1252338417,439
1252344029,11
1252346445,14
1252347222,27
1252349871,18
1252351219,31
1252352256,293
1252353845,20
1252355400,13
1252356934,429
1252369220,23
1252388266,14
1252390722,15
1252416155,127
1252416972,32
1252426483,16
1252427005,83
1252427337,27
1252430502,15
1252432466,1229
1252440552,12
1252450076,85
1252453520,44
1252460350,122
1252480275,14
1252489123,36
1252489441,14
1252504178,48
1252509592,25
1252514339,14
1252529804,132
1252531427,18
1252551939,28
1252565065,105
1252591763,33
1252604518,63
1252614765,21
1252618883,28
1252640395,62
1252663001,42
1252665712,46
1252674082,11
1252678407,12
1252683525,147
1252706328,11
1252708837,42
1252709482,95
1252720351,12
1252742425,17
1252753056,53
1252762674,13
1252767968,64
1252769293,14
1252769537,53
1252770030,91
1252773170,139
1252781693,85
1252783246,22
1252786173,13
1252794477,18
1252795971,15
1252796495,25
1252800918,475
1252806653,45
1252812411,13
1252814323,284
1252818966,23
1252834518,338
1252837596,41
1252849584,357
1252855223,14
1252855897,39
1252864153,11
1252865556,202
1252872258,16
1252873338,12
1252906447,193
1252912673,24
1252914174,1184
1252928482,20
1252928995,150
1252936604,21
1252944075,125
1252945188,15
1252947649,11
1252952191,13
1252952405,14
1252953230,11
1252954588,50
1252959382,14
1252977352,14
1252984906,16
1253003051,17
1253009493,13
1253018855,19
1253018922,22
1253028636,80
1253029370,18
1253030135,38
1253030239,18
1253035764,13
1253043798,53
1253048130,301
1253053983,32
1253058314,13
1253060190,11
1253073679,139
1253076510,22
1253087813,56
1253093667,19
1253094078,23
1253095831,12
1253096577,11
1253105062,17
1253106462,19
1253109536,15
1253136404,109
1253138201,9393
1253140411,11
1253142931,55
1253154385,13
1253159229,12
1253161184,22
1253161550,56
1253172163,96
1253173624,13
1253176060,12
1253177447,11
1253180911,31
1253183580,12
1253187784,452
1253188133,49
1253188625,25
1253189731,58
1253190467,283
1253192251,123
1253193912,37
1253196108,48
1253198907,43
1253202484,11
1253209585,15
1253215229,21
1253226365,18
1253229117,76
1253229410,52
1253236308,826
1253246843,116
1253255514,18
1253258627,15
1253263152,11
1253263363,14
1253264520,16
1253274530,68
1253276414,11
1253277329,47
1253282479,12
1253289046,20
1253291046,17
1253298475,39
1253298895,184
1253310633,23
1253315866,32
1253321907,13
1253325096,38
1253333823,19
1253338425,44
1253345584,14
1253355518,11
1253355909,22
1253360155,12
1253367871,36
1253380025,29
1253383646,29
1253395625,21
1253396714,62
1253399623,15
1253402092,42
1253404011,11
1253408150,16
1253408695,15
1253416463,109
1253425173,128
1253434460,27
1253437477,17
1253447693,13
1253468349,22
1253469197,289
1253472297,19
1253475617,72
1253485086,11
1253502725,14
1253504490,48
1253525979,516
1253530425,12
1253537209,11
1253541782,32
1253557571,17
1253570680,20
1253581456,35
1253582840,15
1253588145,34
1253595420,20
1253615096,17
1253656413,92
1253671303,54
1253675841,28
1253679657,40
1253681844,15
1253690069,12
1253701314,60
1253701802,29
1253702844,308
1253707218,30
1253713483,31
1253720103,17
1253729367,33
1253736519,28
1253742875,36
1253751761,29
1253754548,14
1253767152,98
1253777615,17
1253811539,23
1253818087,416
1253828973,14
1253838600,44
1253848583,25
1253848998,43
1253854641,130
1253861590,36
1253884201,28
1253885183,12
1253890132,28
1253895982,20
1253897951,86
1253903395,32
1253909831,25
1253910734,108
1253910903,14
1253911241,22
1253931164,15
1253944538,13
1253949245,16
1253958043,78
1253958991,14
1253960983,54
1253965584,25
1253977740,257
1253986450,46
1253990739,13
1253998361,18
1253999202,33
1254012505,22
1254014703,22
1254015381,32
1254016797,34
1254019661,18
1254019975,32
1254024450,11
1254030784,12
1254034581,25
1254042671,372
1254048353,62
1254056681,25
1254057572,11
1254070081,16
1254079730,17
1254079995,12
1254082382,27
1254084097,130
1254084271,182
1254094317,11
1254098980,49
1254102663,1331
1254109005,89
1254114247,28
1254116142,31
1254116963,14
1254121526,16
1254133915,201
1254138541,65
1254144254,21
1254144284,11
1254146279,11
1254147730,93
1254160123,33
1254169763,56
1254172144,279
1254179462,217
1254181310,20
1254184429,17
1254189492,41
1254212219,13
1254225062,437
1254227775,11
1254236422,23
1254236704,11
1254241414,37
1254252644,363
1254255091,12
1254260949,32
1254262014,18
1254264635,61
1254275329,14
1254275749,21
1254290765,14
1254297242,62
1254301562,20
1254302588,81
1254314982,15
1254319847,14
1254330320,23
1254332563,45
1254334425,364
1254339935,33
1254363469,14
1254364909,12
1254373926,23
1254381594,27
1254384645,24
1254385987,36
1254392393,12
1254398677,75
1254399477,12
1254401289,17
1254406160,79
1254411461,11
1254412545,12
1254416519,27
1254422214,50
1254431824,21
1254437167,37
1254441434,217
1254442158,28
1254446563,14
1254447437,16
1254452192,14
1254452787,31
1254464469,22
1254468871,125
1254470906,12
1254484582,11
1254485070,107
1254488786,295
1254493862,12
1254494310,14
1254494406,120
1254496741,122
1254511581,50
1254513990,21
1254520394,14
1254524549,19
1254526494,55
1254527180,18
1254542861,58
1254550137,17
1254551153,12
1254554862,384
1254563196,11
1254564615,41
1254568308,16
1254581518,14
1254582918,421
1254583584,20
1254587174,14
1254611266,34
1254612542,60
1254621308,13
1254626919,11
1254632152,14
1254639681,13
1254654777,14
1254670042,23
1254677146,49
1254677395,26
1254683579,11
1254686143,14
1254689754,32
1254694129,36
1254695322,31
1254698689,13
1254705293,15
1254709505,25
1254709542,92
1254709546,93
1254723344,24
1254738596,125
1254747633,71
1254749434,709
1254762496,40
1254770962,101
1254781717,20
1254786830,14
1254791906,16
1254793224,10
1254796141,35
1254796279,25
1254797756,15
1254804097,68
1254806672,11
1254821193,105
1254821263,13
1254821702,34
1254822800,12
1254833122,29
1254835140,13
1254841524,13
1254842655,14
1254852838,47
1254853575,63
1254855346,28
1254859692,36
1254862084,277
1254864393,37
1254883422,83
1254883580,14
1254883786,15
1254889363,477
1254897550,24
1254902423,40
1254907261,14
1254909527,309
1254916915,23
1254921178,67
1254922746,14
1254925678,17
1254927411,36
1254930923,66
1254933451,55
1254936535,69
1254942874,12
1254957788,26
1254958761,18
1254962360,21
1254968049,12
1254975170,12
1254976532,15
1254978612,1232
1254979680,49
1254980620,12
1254981976,29
1254982293,27
1254988625,18
1254989944,23
1254994604,11
1254999058,72
1255000879,20
1255012792,20
1255014875,303
1255018965,211
1255019438,136
1255030433,69
1255035312,104
1255036494,21
1255040895,36
1255047944,13
1255048873,15
1255052395,23
1255053392,98
1255058993,39
1255066757,116
1255069527,1231
1255069809,29
1255083276,13
1255084016,163
1255096810,22
1255103576,29
1255106581,15
1255110293,21
1255112026,40
1255112574,40
1255122629,553
1255122754,94
1255125268,32
1255126889,12
1255127941,35
1255138122,111
1255140163,23
1255141143,28
1255148136,52
1255156283,66
1255156294,13
1255160041,31
1255160069,43
1255163849,11
1255172001,66
1255180606,85077
1255183845,67
1255184316,11
1255184385,39
1255204332,12
1255204944,136
1255207002,14
1255207455,12
1255214093,75
1255215630,57
1255216528,24
1255217938,3836
1255221654,174
1255225975,58
1255231979,86
1255237198,675
1255240664,12
1255251478,301
1255252768,13
1255262063,60
1255267904,451
1255281808,15
1255283013,13
1255291036,997
1255291644,26
1255292571,14
1255294416,11
1255296887,48
1255298603,35
1255302592,13
1255305328,141
1255328803,122
1255337613,11
1255349692,31
1255351625,24
1255352255,19
1255359164,38
1255361346,48
1255370361,42
1255377268,11
1255388337,127
1255391825,167
1255396003,12
1255396262,18
1255399416,84
1255412388,1319
1255435041,14
1255437855,26
1255452572,199
1255459277,110
1255466067,81
1255479245,58
1255480829,19
1255488822,13
1255497074,42
1255500482,25
1255504318,12
1255508156,42
1255527317,205
1255548271,40
1255548448,13
1255563159,582
1255566884,12
1255580602,25
1255596359,308
1255606208,28
1255607681,11
1255607931,26
1255610167,55
1255610635,16
1255619122,57
1255623257,68
1255626665,31
1255632247,21
1255635173,18
1255635278,15
1255635956,39
1255636103,17
1255642930,11
1255644879,118
1255645214,263
1255645993,109
1255655571,17
1255658534,17
1255665358,150
1255672659,13
1255689883,280
1255695357,12
1255699364,20
1255701432,740
1255706921,27
1255708192,92
1255715568,45
1255715915,21
1255722057,36
1255725941,23
1255726496,12
1255729003,26
1255734079,39
1255735488,93
1255737222,452
1255738228,44
1255741629,38
1255741729,172
1255742924,189
1255753477,22
1255754715,11
1255764474,25
1255768549,795
1255772026,27
1255775965,85
1255777137,21
1255779273,18
1255793570,15
1255794238,59
1255798421,18
1255800034,651
1255801447,68
1255809571,55
1255811098,27
1255814688,17
1255817315,384
1255835429,59
1255839702,14
1255841045,216
1255841208,44
1255852666,1392
1255854163,133
1255866572,290
1255868108,18
1255871614,268
1255875588,21
1255878092,59
1255884999,35
1255887695,20
1255894310,29
1255906464,16
1255926795,12
1255930302,55
1255931715,15
1255932242,41
1255934214,73
1255939006,13
1255939927,733
1255957684,14
1255959569,16
1255962608,15
1255969968,12
1255977012,13
1255978057,41
1255987686,21
1256004106,15
1256004258,34
1256004591,12
1256006352,72
1256008414,12
1256010188,22
1256010196,34
1256013446,102
1256017052,13
1256019022,15
1256035393,143
1256044657,13
1256044850,23
1256057070,27
1256057097,24
1256061018,58
1256070689,59
1256075082,180
1256080504,1175
1256081410,28
1256082863,2262
1256087672,17
1256100909,11
1256117847,35
1256129531,26
1256134563,19
1256135527,196
1256142741,16
1256150601,147
1256152082,22
1256152256,13
1256157003,25
1256158761,16
1256162488,11
1256174716,17
1256203716,38
1256206719,12
1256210575,38
1256212160,21
1256225183,405
1256233184,89
1256245174,18
1256254749,23
1256267364,51
1256270560,30
1256273336,17
1256283138,51
1256284456,34
1256294633,19
1256335459,180
1256339895,24
1256345172,27
1256353697,87
1256355630,24
1256362818,12
1256365721,11
1256369595,16
1256380956,12
1256381100,21
1256384533,26
1256386246,109
1256392208,23
1256393269,33
1256394332,19
1256394914,48
1256395974,22
1256397049,15
1256418773,14
1256421769,10
1256429757,24
1256465772,24
1256469584,28
1256474162,20
1256477021,30
1256488150,12
1256488414,29
1256508800,15
1256525840,285
1256528164,13
1256532379,15
1256536129,20
1256556655,13
1256557633,38
1256569717,40
1256574820,24
1256594473,78
1256613417,746
1256613854,45
1256614080,60
1256616890,531
1256622298,40
1256635590,15
1256663368,11
1256668848,83
1256674994,22
1256680367,26
1256685222,12
1256692328,25
1256694816,34
1256695612,13
1256697754,22
1256700912,87
1256706414,15
1256706847,366
1256707537,49
1256708592,224
1256719211,65
1256728599,1853
1256730629,37
1256746773,38
1256753731,14
1256757375,99
1256762495,38
1256766596,43
1256767131,27
1256791924,286
1256792998,26
1256796696,12
1256797384,31
1256810082,13
1256810886,27
1256811075,11
1256811827,16
1256814757,12
1256816449,45
1256826613,104
1256838837,17
1256853835,51
1256855764,161
1256859409,41
1256866626,14
1256868358,927
1256877966,17
1256880556,23
1256880560,21
1256881326,143
1256887864,60
1256896059,22
1256900649,12
1256905546,188
1256921558,20
1256922648,22
1256922851,14
1256948331,241
1256958861,11
1256960873,22
1256973124,39
1256980703,67
1256987455,28
1256989150,29
1256993124,24
1256997541,164
1257001631,39
1257015437,16
1257021270,17
1257023848,24
1257026460,16
1257026582,29
1257026599,15
1257033404,13
1257035990,132
1257038971,13
1257049996,11
1257059092,12
1257064854,55
1257081095,48
1257081562,32
1257083638,46
1257084734,26
1257086995,23
1257105253,291
1257115788,82
1257121594,105
1257138628,14
1257142330,27
1257149881,40
1257150485,65
1257152532,24
1257154160,483
1257164704,27
1257167310,50
1257168102,693
1257168128,13
1257176278,14
1257179976,19
1257184348,88
1257184479,108
1257192156,17
1257196285,13
1257205393,22
1257237972,97
1257238395,121
1257239130,35
1257245859,26
1257246331,12
1257256310,28
1257259287,46
1257267571,10
1257287847,31
1257302750,59
1257306325,395
1257311255,14
1257312136,12
1257325436,15
1257326665,135
1257334011,29
1257334909,13
1257336733,40
1257338172,81
1257339205,15
1257340523,18
1257340615,38
1257340967,23
1257342857,31
1257344450,27
1257347274,18
1257350653,19
1257356927,51
1257366746,24
1257374565,52
1257378383,84
1257395037,66
1257410408,41
1257412756,18
1257414614,39
1257420150,121
1257444227,14
1257461065,49
1257473218,27
1257475195,12
1257479175,31
1257488099,16
1257493303,12
1257495129,48
1257524396,249
1257527947,19
1257533120,34
1257533286,1244
1257534627,21
1257539780,25
1257543605,56
1257547794,25
1257551522,12
1257556156,21
1257558028,25
1257581672,115
1257591931,74
1257597917,11
1257617514,21
1257643781,13
1257687200,236
1257696179,11
1257698938,30
1257701836,22
1257711769,23
1257717114,11
1257724435,47
1257729787,11
1257734455,39
1257735930,36
1257744257,42
1257751567,25
1257753186,20
1257759481,46
1257765230,59
1257766325,16
1257774704,52
1257781328,84
1257796544,13
1257798483,128
1257804050,11
1257804391,47
1257815288,13
1257821422,12
1257821888,15
1257823859,13
1257823911,13
1257825473,13
1257827184,18
1257838048,32
1257850224,20
1257850501,20
1257855543,18
1257858164,413
1257863403,11
1257867023,261
1257868723,49
1257870356,11
1257883885,42
1257889861,15
1257890423,12
1257891396,11
1257900040,32
1257908328,40
1257915692,270
1257917139,17
1257939823,106
1257947813,78
1257953142,491
1257953914,503
1257960486,12
1257970587,20
1257971581,443
1257979261,12
1257982213,69
1257983666,55
1258006305,106
1258007831,37
1258009125,14
1258023796,12
1258030732,80
1258031582,73
1258033438,27
1258038455,11
1258039718,15
1258047506,12
1258061785,19
1258061935,28
1258066808,66
1258071797,13
1258079443,11
1258095431,14
1258106719,15
1258115712,14
1258121809,67
1258122081,52
1258124114,1
1258125843,60
1258127863,67
1258135570,31
1258139388,13
1258140778,28
1258140989,11
1258165990,15
1258166617,41
1258168862,120
1258182956,23
1258189993,53
1258193405,11
1258200041,36
1258201451,30
1258203386,13
1258221473,412
1258225193,31
1258226171,11
1258227143,13
1258228307,28
1258238626,22
1258242408,119
1258244355,14
1258251268,206
1258259975,14
1258262448,34
1258288849,11
1258299774,36
1258301311,806
1258303369,15
1258305951,121
1258321488,39
1258335228,105
1258340670,106
1258346478,20
1258365577,18
1258367539,16
1258373802,131
1258378203,21
1258386431,165
1258390378,67
1258395429,92
1258401277,62
1258413847,516
1258428688,12
1258435504,20
1258435606,16
1258441232,18
1258456256,18
1258457725,87
1258459022,21
1258464919,55
1258471673,18
1258473132,35
1258483266,24
1258496446,373
1258499650,13
1258504422,65
1258504679,29
1258556728,39
1258557801,25
1258560454,17
1258588229,25
1258588698,30
1258597378,66
1258602218,11
1258613313,25
1258619550,15
1258621567,888
1258644344,14
1258646291,886
1258647960,14
1258649388,19
1258649467,11
1258654823,24
1258661939,14
1258680088,12
1258702484,49
1258710790,59
1258728537,12
1258729729,13
1258742941,134
1258744471,11
1258748958,62
1258757115,69
1258763088,78
1258786108,20
1258788077,554
1258788360,111
1258792464,83
1258823740,51
1258829991,47
1258837516,11
1258857842,17
1258861605,31
1258862322,962
1258868919,15
1258871740,11
1258876319,25
1258896369,15
1258907670,113
1258907996,13
1258915869,37
1258919692,1717
1258921750,88
1258926070,62
1258927530,22
1258929370,13
1258931275,17
1258932513,876
1258942809,11
1258944375,186
1258968157,22
1258973778,16
1258978313,178
1258992238,35
1258994637,448
1258994885,67
1258995114,15
1258998722,21
1259014725,12
1259018168,15
1259026412,633
1259028314,110
1259034625,23
1259052145,73
1259056815,25
1259059236,17
1259061131,18
1259065572,17
1259077622,13
1259083708,30
1259085213,51
1259085778,14
1259090179,47
1259107621,45
1259108546,34
1259108597,160
1259117115,16
1259120931,17
1259131593,36
1259145252,18
1259147822,15
1259149438,16
1259165014,18
1259171983,11
1259178633,11
1259181812,17
1259191407,17
1259194804,1070
1259201063,96
1259217090,32
1259217247,20
1259222060,11
1259223676,130
1259231858,31
1259245856,27
1259251906,24
1259254831,53
1259260853,41
1259275090,17
1259280063,21
1259286533,28
1259295666,18
1259300797,17
1259304417,34
1259308521,98
1259311205,87
1259327087,32
1259331899,57
1259335163,15
1259336125,24
1259343264,37
1259358860,12
1259362413,29
1259362713,18
1259369663,14
1259369963,25
1259384869,12
1259395084,112
1259398032,64
1259405859,71
1259415915,30
1259423904,29
1259425261,58
1259431541,97
1259457554,36
1259462203,34
1259474972,14
1259483683,221
1259485799,56
1259491562,11
1259494501,18
1259497581,11
1259507820,15
1259512035,17
1259522769,80
1259523153,19
1259526897,32
1259531690,15
1259533679,12
1259534208,21
1259537705,11
1259544911,17
1259550938,110
1259564149,14
1259565283,161
1259588531,56
1259603732,48
1259606129,69
1259608817,12
1259609252,12
1259624583,30
1259626350,52
1259628464,36
1259630883,62
1259655229,11
1259658765,18
1259659403,14
1259669851,12
1259670522,19
1259675906,307
1259703320,117
1259713623,71
1259719572,19
1259721870,14
1259728164,26
1259735963,14
1259737072,17
1259742577,387
1259782962,45
1259786302,19
1259790088,26
1259790639,32
1259803392,19
1259836955,11
1259840866,14
1259850204,44
1259853056,14
1259872947,106
1259875534,2505
1259885475,435
1259891275,15
1259891941,16
1259893746,18
1259894246,12
1259894852,24
1259899975,14
1259900796,108
1259901407,12
1259915957,27
1259920741,70
1259923337,21
1259934942,19
1259939911,1008
1259940171,22
1259951839,92
1259952460,132
1259964745,16
1259970025,30
1259981261,23
1259988665,77
1259989062,29
1260000827,54
1260005897,26
1260025410,87
1260026035,202
1260029173,26
1260032978,15
1260035249,140
1260043445,110
1260049044,17
1260061766,19
1260073387,13
1260076099,11
1260076680,15
1260106056,57
1260110388,89
1260112833,115
1260113241,270
1260114957,11
1260115758,15
1260125959,552
1260131768,11
1260133945,30
1260136347,53
1260141196,78
1260143008,135
1260143846,92
1260146854,11
1260151185,12
1260155434,503
1260167177,20
1260169618,11
1260170265,100
1260175020,15
1260175350,49
1260177823,128
1260183528,54
1260186676,97
1260187048,12
1260192602,25
1260198724,203
1260209364,34
1260225576,19
1260229560,98
1260233912,18
1260234472,19
1260239529,78
1260240113,129
1260242528,34
1260281911,63
1260281947,55
1260284940,38
1260286969,21
1260287864,26
1260288940,7220
1260298891,17
1260300565,15
1260302733,31
1260304654,14
1260306926,31
1260307676,67
1260309411,60
1260314510,26
1260325992,43
1260339805,14
1260339974,244
1260349072,11
1260349075,15
1260352704,26
1260356003,24
1260364763,11
1260372600,12
1260382821,12
1260384009,11
1260388212,22
1260391373,19
1260394860,12
1260404909,16
1260411304,161
1260413335,11
1260429066,16
1260436039,152
1260450908,22
1260453112,34
1260465380,18
1260467366,280
1260467916,11
1260468060,170
1260470095,11
1260473040,19
1260475954,62
1260487799,46
1260489286,117
1260489444,327
1260493005,13
1260508753,19
1260548655,20
1260550899,83
1260565605,22
1260566313,31
1260566992,162
1260570042,14
1260570912,42
1260580223,551
1260580731,178
1260581968,38
1260583277,26
1260584015,82
1260592293,16
1260619539,14
1260625224,569
1260633111,14
1260635669,126
1260650150,48
1260651471,27
1260672618,33
1260673375,11
1260680138,37
1260684528,85
1260690154,14
1260694049,18
1260694570,15
1260698041,47
1260705693,11
1260719601,12
1260738363,15
1260747208,26
1260767408,14
1260782172,133
1260783987,91
1260784883,27
1260790246,21
1260802641,26
1260808534,12
1260820152,14
1260826634,12
1260829862,14
1260833141,17
1260842109,24
1260858945,17
1260865601,15
1260868321,45
1260881431,23
1260888121,22
1260889371,46
1260898583,27
1260900484,492
1260900514,109
1260902344,11
1260912258,12
1260912552,58
1260914994,71
1260923039,13
1260930181,110
1260932922,20
1260940877,243
1260946467,15
1260962896,406
1260970028,11
1260971370,17
1260981282,11
1260988400,24
1260989566,40
1260990730,47
1260991622,17
1260993476,21
1260994505,16
1260997792,65
1261004744,67
1261005717,43
1261050605,12
1261050660,16
1261053236,24
1261053712,90
1261057454,30
1261060989,257
1261065819,11
1261075496,12
1261077889,31
1261080024,314
1261091524,17
1261092598,61
1261094281,23
1261102385,33
1261108675,27
1261109384,15
1261114908,226
1261127156,103
1261130089,130
1261131444,19
1261131489,13
1261137992,14
1261139783,25
1261140727,12
1261142701,193
1261142966,12
1261149834,25
1261151781,13
1261155086,31
1261156607,64
1261156675,44
1261170027,1592
1261174510,38
1261181445,148
1261184716,25
1261189730,24
1261192484,17
1261197598,34
1261202186,20
1261204838,76
1261206045,88
1261208315,47
1261209334,22
1261212474,13
1261212938,31
1261214597,13
1261215810,16
1261220798,30
1261223819,33
1261240895,15
1261244719,29
1261250729,17
1261261480,55
1261264826,20
1261277035,31
1261279210,107
1261283764,11
1261291781,40
1261297671,37
1261299715,11
1261303294,34
1261314451,14
1261322128,15
1261322254,23
1261325025,117
1261328849,39
1261335744,138
1261340483,312
1261350061,11
1261352043,22
1261359560,15
1261361358,14
1261365430,56
1261418565,26
1261422007,1154
1261444857,61
1261460894,19
1261465639,13
1261473759,26
1261473844,11
1261477736,13
1261482517,48
1261484186,34
1261489081,14
1261494515,32
1261496045,19
1261510276,12
1261519189,45
1261529607,77
1261555327,352
1261560612,22
1261571908,1346
1261575325,91
1261605201,24
1261606904,20
1261607128,13
1261613239,138
1261618066,13
1261618291,48
1261637596,43
1261650101,3341
1261653673,13
1261655419,27
1261655913,13
1261663145,238
1261666359,13
1261668478,18
1261676533,18
1261677886,102
1261690469,142
1261692450,13
1261696687,27
1261696801,13
1261698932,48
1261699679,12
1261700124,28
1261705376,21
1261706872,11
1261709082,16
1261711686,41
1261717201,241
1261718567,11
1261720977,210
1261721161,15
1261725242,515
1261729018,48
1261729176,23
1261742826,14
1261746086,16
1261757282,11
1261760482,32
1261761574,29
1261773273,40
1261784190,37
1261784901,14
1261794704,328
1261798970,32
1261810128,37
1261811848,21
1261814068,103
1261819007,16
1261822543,17
1261825338,16
1261836074,53
1261842465,18
1261846836,14
1261851971,18
1261859183,171
1261861097,303
1261864097,51
1261865368,13
1261867321,24
1261880172,123
1261880471,108
1261882969,11
1261887193,24
1261891241,16
1261893837,30
1261899136,53
1261904654,28
1261912889,18
1261923892,24
1261925930,20
1261930573,11
1261934811,20
1261952114,13
1261953460,14
1261958143,145
1261964579,12
1261966474,239
1261968483,28
1261974266,15
1261976132,51
1262010385,12
1262011244,15
1262011420,54
1262011534,27
1262018067,38
1262031046,41
1262031874,17
1262033876,13
1262034051,380
1262038960,26
1262042046,242
1262078510,40
1262089852,17
1262093995,60
1262094216,16
1262097785,121
1262099015,18
1262104463,53
1262106658,13
1262108086,3
1262110699,905
1262113622,16
1262139429,15
1262142501,1742
1262183719,338
1262195134,14
1262210750,43
1262210755,42
1262212892,347
1262217859,29
1262231970,25
1262250380,75
1262252186,11
1262253113,13
1262255990,47
1262256174,73
1262258494,14
1262260844,12
1262261093,1207
1262266624,20
1262267135,42
1262270573,12
1262274066,11
1262281052,24
1262299207,13
1262299325,90
1262300001,14
1262310226,33
1262318402,16
1262328297,57
1262331855,11
1262337797,38
1262338410,71
1262354720,11
1262377838,102
1262391566,13
1262392277,14
1262396222,83
1262403617,38
1262413069,11
1262423362,273
1262434101,403
1262438199,119
1262438610,17
1262454502,29
1262477291,26
1262478282,20
1262482595,67
1262485265,50
1262486604,13
1262490703,82
1262495435,524
1262500406,47
1262511183,11
1262517316,195
1262527142,18
1262530176,18
1262530182,1475
1262536690,158
1262548615,14
1262553817,35
1262554977,19
1262557450,21
1262558565,14
1262560274,14
1262583106,14
1262587286,20
1262594832,15
1262595831,175
1262600318,11
1262600346,26
1262600576,104
1262603912,488
1262605827,27
1262614973,15
1262617470,16
1262628565,19
1262635330,166
1262635440,12
1262641073,38
1262642235,25
1262652828,12
1262654935,11
1262656442,36
1262657910,19
1262668020,34
1262679022,27
1262682069,1266
1262710034,68
1262714152,209
1262717434,11
1262738818,23
1262739704,29
1262740944,608
1262741170,31
1262748595,17
1262754474,21
1262756007,86
1262758480,36
1262762432,93
1262769725,628
1262775896,19
1262809285,16
1262812820,12
1262816915,29
1262824066,12
1262824399,79
1262834835,15
1262839931,19
1262842296,127
1262860046,25
1262870924,30
1262879903,44
1262882328,356
1262885509,13
1262887634,11
1262889313,11
1262898434,14
1262913668,57
1262915424,13
1262934014,35
1262940334,112
1262948105,359
1262952180,723
1262971603,12
1262979985,23
1262984601,12
1262989602,21
1262995777,11
1262995939,11
1262996076,12
1262996245,14
1263001383,11
1263011041,20
1263022587,42
1263026652,11
1263027923,11
1263041093,112
1263045874,17
1263051452,45
1263054292,76
1263055981,17
1263062246,13
1263066411,32
1263067524,12
1263074604,171
1263076167,176
1263079727,529
1263083568,33
1263086677,32
1263098427,129
1263108759,104
1263114987,12
1263120928,48
1263123553,29
1263145127,30
1263145338,47
1263158313,822
1263161226,35
1263168455,57
1263169627,11
1263190780,138
1263192944,26
1263193615,15
1263201769,18
1263206805,16
1263210473,23
1263215731,26
1263217954,96
1263220935,34
1263288598,17
1263306054,15
1263317286,265
1263337356,26
1263337741,289
1263341555,11
1263344910,70
1263346715,11
1263376372,31
1263378972,54
1263389919,14
1263394947,15
1263436794,103
1263460757,18
1263461743,203
1263468392,12
1263469068,13
1263472198,20
1263477177,14
1263494511,15
1263494700,1411
1263497845,350
1263498017,273
1263500923,41
1263503017,11
1263513016,72
1263518262,13
1263519874,22
1263529459,16
1263529852,37
1263530988,36
1263539330,34
1263543625,696
1263543726,773
1263544262,22
1263548429,15
1263549136,452
1263549539,28
1263578760,17
1263579149,12
1263586501,50
1263614411,11
1263642416,386
1263646405,13
1263652392,131
1263662092,114
1263669308,30
1263676410,18
1263679455,18
1263681437,442
1263681504,693
1263682572,15
1263686288,23
1263686305,36
1263688817,19
1263689280,12
1263694034,123
1263696450,16
1263697745,24
1263706509,12
1263727392,25
1263731684,119
1263731718,31
1263732150,25
1263734978,34
1263739043,267
1263740445,11
1263745780,22
1263748076,32
1263748925,448
1263753253,13
1263772632,110
1263773312,84
1263778230,55
1263778677,15
1263790057,15
1263797030,19
1263797851,114
1263800852,96
1263813947,130
1263815266,21
1263817105,23
1263820590,204
1263826844,27
1263836633,14
1263837722,31
1263839399,42
1263841182,23
1263845975,147
1263853624,23
1263858338,20
1263864208,59
1263881930,19
1263883524,14
1263886339,45
1263886755,407
1263898766,48
1263900228,13
1263936864,82
1263951106,131
1263954351,13
1263958197,84
1263958714,30
1263959494,12
1263961048,37
1263966659,21
1263993269,114
1264002437,21
1264006420,12
1264015326,65
1264021866,19
1264023481,185
1264023857,29
1264026813,11
1264037739,14
1264038598,377
1264044496,67
1264045527,24
1264046956,18
1264058297,141
1264059987,13
1264065724,71
1264067820,20
1264068873,86
1264069918,27
1264088844,375
1264094531,27
1264095869,12
1264097318,32
1264105561,18
1264117145,16
1264118847,20
1264121778,21
1264122570,24
1264123054,187
1264142220,27
1264148819,11
1264150994,86
1264155972,118
1264161723,87
1264162018,25
1264170342,50
1264175252,295
1264177851,12
1264187422,17
1264193645,14
1264203334,20
1264208997,20
1264221238,16
1264223799,200
1264227384,45
1264239018,53
1264245933,12
1264252157,16
1264252189,16
1264253788,17
1264263123,18
1264268237,82
1264268579,45
1264269844,202
1264280082,20
1264283513,17
1264286435,102
1264288688,11
1264297712,145
1264301794,12
1264302819,56
1264305693,47
1264323505,16
1264338985,18
1264362107,30
1264364812,12
1264366272,15
1264370356,12
1264379603,48
1264396304,901
1264401689,153
1264403672,11
1264405172,12
1264405655,56
1264411005,82
1264412951,74
1264422246,16
1264424593,11
1264424867,11
1264430711,48
1264434310,71
1264438111,19
1264438885,16
1264452592,14
1264458399,24
1264465126,39
1264471869,13
1264478656,1631
1264490258,11
1264515363,17
1264518139,19
1264529761,30
1264531337,981
1264540632,11
1264550876,12
1264556564,29
1264560911,754
1264560983,41
1264576033,17
1264586206,21
1264596339,19
1264604347,88
1264606715,12
1264607329,14
1264612845,24
1264613111,15
1264614857,14
1264615549,23
1264618288,40
1264624316,25
1264640680,13
1264644535,11
1264645343,58
1264647440,24
1264648433,96
1264648449,70
1264660523,28
1264663828,131
1264663877,11
1264669104,13
1264680063,50
1264683354,250
1264690543,30
1264692184,385
1264718849,21
1264733604,14
1264735145,13
1264745201,60
1264753245,22
1264759254,17
1264771182,14
1264779904,18
1264782053,12
1264784142,22
1264785723,14
1264805127,15
1264807581,12
1264811161,4933
1264811391,96
1264825687,24
1264829799,13
1264831383,31
1264849705,30
1264854400,15
1264856509,21
1264860429,47
1264860668,11
1264866499,14
1264875310,54
1264888983,13
1264894695,14
1264895666,14
1264902224,34
1264913325,11
1264916063,167
1264920090,177
1264920217,58
1264921191,11
1264921302,38
1264921402,35
1264922986,47
1264929973,63
1264936952,402
1264938021,40
1264938089,38
1264943577,11
1264959229,40
1264963292,13
1264981155,19
1264985458,29
1264996101,13
1264999260,11
1265011796,14
1265013383,166
1265017606,59
1265020374,19
1265021119,488
1265024742,24
1265025028,12695
1265025158,76
1265026514,20
1265036022,12
1265046112,45
1265056200,39
1265061961,17
1265072174,37
1265085160,12
1265089119,14
1265091045,13
1265095054,25
1265095394,36
1265107923,1754
1265111888,43
1265113238,16
1265119157,62
1265120239,62
1265124479,83
1265140422,11
1265149208,12
1265149787,12
1265154925,11
1265157889,14
1265160955,26
1265161025,13
1265161922,140
1265165485,15
1265168957,14
1265169717,139
1265170158,21
1265183354,11
1265189318,17
1265191090,17
1265199841,15
1265200861,97
1265202284,25
1265216452,16
1265222064,20
1265228611,18
1265228655,44
1265234733,932
1265234847,11
1265247790,11
1265255507,25
1265258509,359
1265259508,17
1265260024,77
1265260318,32
1265264803,15
1265265111,3942
1265269341,14
1265274127,199
1265280126,13
1265280546,13
1265299631,16
1265300288,21
1265306963,14
1265336929,11
1265340208,23
1265347911,120
1265355600,23
1265358918,17
1265359732,37
1265366583,33
1265366905,25
1265372116,15
1265380989,159
1265390757,29
1265394997,14
1265406948,26
1265408665,74
1265410918,14
1265413617,130
1265441951,17
1265442909,12
1265454162,15
1265458126,113
1265476791,77
1265478249,41
1265494008,21
1265513304,172
1265549794,31
1265552536,13
1265555134,40
1265567769,16
1265583422,19
1265594654,14
1265600028,20
1265603499,39
1265610112,17
1265617033,437
1265617292,389
1265620021,223
1265623659,14
1265629109,68
1265629271,13
1265640685,23
1265641153,97
1265646959,12
1265649420,34
1265650482,33
1265654867,331
1265655524,11
1265659832,53
1265683445,41
1265695368,19
1265695680,18
1265703051,28
1265726242,16
1265726822,12
1265733673,14
1265735397,11
1265742513,197
1265744392,45
1265752395,38
1265752712,34
1265768013,42
1265768300,24
1265768701,24
1265774025,492
1265789540,11
1265794277,30
1265794381,20
1265796764,14
1265803168,23
1265821429,34
1265826291,15
1265832843,121
1265834793,10
1265843504,15
1265846354,14
1265847669,15
1265853198,489
1265864287,12
1265865407,56
1265879849,43
1265890989,55
1265902239,17
1265908792,14
1265908861,210
1265911625,33
1265912071,13
1265932691,37
1265939134,81
1265941363,44
1265942011,115
1265942254,15
1265946810,12
1265947881,281
1265948491,201
1265949807,11
1265958257,28
1265958906,30
1265971949,34
1265972336,14
1265976488,101
1265987986,113
1265994178,23
1266004872,182
1266008323,14
1266009367,916
1266013406,80
1266014461,53
1266014997,14
1266020160,112
1266020574,62
1266030785,96
1266036898,15
1266037990,402
1266067414,79
1266068908,5
1266075015,35
1266076577,17
1266079353,22
1266080079,24
1266094931,30
1266097798,52
1266105075,15
1266107778,27
1266108902,11
1266113070,1689
1266123542,33
1266125334,2867
1266138495,211
1266146028,180
1266151452,87
1266152452,156
1266155997,193
1266166969,25
1266168156,13
1266173329,20
1266177587,106
1266182461,52
1266183832,24
1266193115,55
1266197764,69
1266201499,19
1266217708,18
1266218243,104
1266219046,39
1266246431,13
1266247085,200
1266255540,22
1266263075,98
1266264841,13
1266267072,151
1266275329,16
1266283205,58
1266290680,87
1266293233,56
1266296455,50
1266304094,50
1266305677,50
1266307899,11
1266313328,442
1266318994,15
1266321081,58
1266333761,27
1266345305,41
1266362977,15
1266419325,17
1266421724,13
1266423377,15
1266424270,29
1266430207,24
1266437081,18
1266438067,30
1266450666,94
1266454367,124
1266457355,13
1266457957,21
1266458733,80
1266461783,50
1266463689,2266
1266468011,12
1266480247,34
1266497775,93
1266506220,11
1266523269,30
1266530655,13
1266539703,41
1266545941,15
1266546849,24
1266560001,449
1266585104,31
1266590423,35
1266592247,119
1266593507,25
1266608079,37
1266611505,254
1266625409,239
1266634415,36
1266640182,62
1266654184,12
1266665369,53
1266668632,20
1266670693,16
1266681147,93
1266683229,25
1266693943,12
1266705384,47
1266714706,11
1266719940,30
1266729582,11
1266743317,36
1266746400,17
1266751399,13
1266760430,121
1266761189,21
1266762935,20
1266764373,12
1266766270,12
1266767316,13
1266767703,11
1266767878,11
1266770863,12
1266770885,11
1266772239,11
1266772424,11
1266775326,11
1266775877,56
1266776491,30
1266777802,11
1266778001,63
1266782242,14
1266790372,212
1266796019,34
1266797999,99714
1266799249,27
1266802954,185
1266805842,58
1266808913,635
1266820242,11
1266831814,24
1266832724,13
1266839845,13
1266843215,152
1266844941,12
1266849821,24
1266850827,98
1266851101,11
1266853656,16
1266858242,206
1266858928,14
1266864281,16
1266878159,18
1266880481,20
1266882364,12
1266884317,3111
1266886046,18
1266896323,16
1266898778,30
1266904606,15
1266907450,31
1266909505,352
1266923310,1920
1266929218,14
1266933346,20
1266936773,30
1266944077,45
1266944346,11
1266947843,104
1266951007,42
1266955308,12
1266966338,18
1266973328,45
1266974941,22
1266977227,349
1266992634,22
1266996737,28
1267009695,14
1267009899,15
1267012844,14
1267014036,12
1267017585,42
1267017690,29
1267028123,277
1267029128,21
1267030790,24
1267040436,16
1267046936,231
1267052097,33
1267058532,38
1267072080,44
1267072834,19
1267077321,66
1267078448,533
1267078922,26
1267080179,17
1267083417,106
1267084166,94
1267090854,39
1267099925,36
1267106080,219
1267118279,12
1267128082,25
1267132878,15
1267144335,16
1267145484,865
1267148249,90
1267148586,73
1267150356,16
1267150781,17
1267154008,13
1267166322,14
1267173419,24
1267178198,41
1267180193,14
1267182294,76
1267187136,41
1267188301,12
1267193003,12
1267202750,179
1267206817,17
1267213347,23
1267216518,79
1267220319,12
1267223777,38
1267239286,497
1267244789,14
1267248648,221
1267254468,58
1267270491,12
1267276935,13
1267282504,12
1267298105,35
1267298120,11
1267309954,77
1267314128,3238
1267319628,17
1267338478,16
1267344807,36
1267357812,11
1267360768,31
1267361485,41
1267365780,30
1267373650,26
1267377090,14
1267377766,31
1267418242,35
1267423357,388
1267424116,14
1267428350,12
1267429913,12
1267435922,15
1267439901,223
1267442156,11
1267442907,3004
1267449244,11
1267455254,627
1267462292,67
1267462567,13
1267463135,14
1267478123,20
1267478667,20
1267489981,27
1267507562,18
1267509865,12
1267512077,14
1267515210,27
1267521793,312
1267532788,11
1267533614,23
1267545742,27
1267555704,134
1267560967,15
1267562469,15
1267562753,73
1267567867,21
1267578193,14
1267588585,95
1267600247,44
1267606837,110
1267616623,33
1267625134,192
1267637633,11
1267640232,11
1267646326,41
1267646599,12
1267661626,27
1267662028,23
1267668301,11
1267704664,53
1267714460,26
1267719513,14
1267720524,21
1267720559,29
1267720676,21
1267727027,40
1267734925,64
1267746149,33
1267750281,41
1267781357,13
1267787802,12
1267790126,14
1267797347,990
1267812693,60
1267827423,11
1267834136,45
1267857912,21
1267889604,24
1267895449,36
1267899050,555
1267906132,61
1267909940,28
1267926509,16
1267927082,26
1267930758,24
1267931387,540
1267931785,15
1267944654,29
1267950292,20
1267950499,114
1267961072,156
1267962106,33
1267972630,123
1267976178,29
1267976639,38
1267982346,788
1268020132,13
1268021255,32
1268021824,17
1268025800,150
1268031240,15
1268045022,16
1268051861,83
1268065859,17
1268068714,822
1268072868,97
1268075935,24
1268090860,177
1268095849,13
1268096201,407
1268097411,12
1268100973,20
1268111504,15
1268119910,25
1268128556,16
1268145375,14
1268146725,15
1268147774,11
1268155691,18
1268160811,23
1268173217,19
1268173783,11
1268176994,36
1268180661,14
1268200064,75
1268215445,12
1268217254,276
1268218773,21
1268223330,21
1268228289,86
1268229382,22
1268235796,122
1268244339,35
1268252819,31
1268254997,25
1268256719,21
1268259442,33
1268260801,16
1268261820,25
1268267248,49
1268273877,319
1268284228,68
1268285891,33
1268298108,14
1268302580,31
1268304499,23
1268305959,43
1268306885,15
1268307016,45
1268316117,65
1268326291,14
1268327597,19
1268338780,140
1268346928,31
1268356440,15
1268362826,17
1268364062,36
1268369209,36
1268376366,41
1268378017,68
1268378300,10
1268380621,9
1268384113,28
1268387367,14
1268391007,10
1268392304,13
1268404512,45
1268405286,16
1268406038,11
1268421611,37
1268424426,140
1268425637,24
1268428452,15
1268429667,784
1268432027,15
1268444761,120
1268457437,14
1268462870,16
1268473439,98
1268474534,32
1268484853,130
1268486256,15
1268494008,58
1268505810,38
1268515356,12
1268523178,57
1268529281,22
1268530428,15
1268537589,63
1268539305,571
1268540986,15
1268544206,43
1268549091,41
1268581486,22
1268587146,37
1268591043,45
1268596025,28
1268617925,73
1268620423,28
1268630774,17
1268656356,82
1268661539,11
1268664934,29
1268667810,52
1268672542,16
1268677373,41
1268678092,19
1268708084,314
1268720033,11
1268727777,15
1268729667,18
1268740212,8
1268741294,51
1268765496,26
1268770925,14
1268774372,466
1268794291,12
1268794733,304
1268804183,75
1268807064,31
1268807806,170
1268808203,116
1268810268,53
1268824522,14
1268827480,23
1268830527,148
1268836911,11
1268845710,21
1268846699,19
1268858784,19
1268862613,28
1268869032,31
1268892689,30
1268895491,1245
1268896186,13
1268903356,504
1268906765,67
1268907748,11
1268928622,25
1268930297,98
1268932733,11
1268939819,31
1268941272,29
1268946099,13
1268946118,892
1268958229,57
1268963701,21
1268966319,21
1268972487,25
1268972829,11
1268973671,12
1268977356,16
1268985285,17
1268988104,17
1268993278,20
1269005241,158
1269006706,18
1269010756,64
1269020094,44
1269022523,18
1269023104,13
1269029221,48
1269032936,18
1269049395,17
1269050856,403
1269059109,24
1269099967,109
1269100267,70
1269104023,13
1269107814,48
1269122407,194
1269122597,13
1269124956,745
1269132133,61
1269137789,25
1269151536,14
1269151566,250
1269153676,12
1269165011,23
1269179412,11
1269183188,11
1269208043,111
1269209167,11
1269210627,13
1269223576,12
1269228279,22
1269229845,436
1269238642,35
1269257700,1167
1269258933,21
1269261013,78
1269263114,17
1269266325,151
1269273642,48
1269277076,28
1269296186,11
1269300580,41
1269301416,49
1269305481,29
1269308901,19
1269308923,34
1269316020,34
1269317272,12
1269320827,98
1269322853,13
1269335663,31
1269337275,57
1269359249,29
1269391765,14
1269395331,3635
1269402869,251
1269413789,11
1269427595,13
1269430114,11
1269436738,19
1269448154,12
1269454372,73
1269464080,21
1269478615,95
1269481044,11
1269491088,44
1269497012,15
1269513219,16
1269513884,22
1269518652,29
1269521952,95
1269534849,42
1269535242,15
1269535454,19
1269538790,11
1269544321,13
1269563679,43
1269576216,11
1269579327,18
1269585871,13
1269596073,21
1269605251,21
1269607964,13
1269608035,13
1269622457,39
1269636659,12
1269641096,11
1269651669,18
1269661723,80
1269665456,12
1269672979,7
1269676154,12
1269682523,15
1269685084,50
1269685946,26
1269692569,14
1269699648,28
1269704533,38
1269704985,18
1269705487,27
1269705763,11
1269711675,15
1269712221,65
1269717058,33
1269726690,22
1269731710,184
1269742942,19
1269761117,4
1269761412,35
1269764931,13
1269764950,11
1269772976,98
1269773027,17
1269773493,466
1269794052,46
1269795544,31
1269796292,12
1269796643,93
1269797017,24
1269807645,183
1269812178,76
1269830694,85
1269840257,114
1269850088,82
1269851180,107
1269858379,54
1269860633,19
1269879098,12
1269890027,89
1269891133,50
1269893474,56
1269893717,93
1269895056,26
1269898828,37
1269899136,87
1269900226,49
1269903646,51
1269904726,55
1269904936,51
1269907862,87
1269908181,70
1269908217,88
1269909458,22
1269910083,14
1269921100,88
1269930651,346
1269942268,25
1269954733,33
1269957268,22
1269957437,12
1269963508,27
1269969239,15
1269974484,59
1269979871,93
1269985986,57
1269998378,79
1270000366,60
1270004247,21
1270012613,39
1270012861,85
1270015837,83
1270026896,15
1270027424,35
1270028045,38
1270030551,38
1270031391,177
1270040330,14
1270043710,85
1270059391,13
1270062694,50
1270066109,41
1270083345,14
1270088902,147
1270094853,101
1270096568,18
1270102475,24
1270102733,11
1270103958,17
1270108133,124
1270111515,24
1270112941,35
1270113847,105
1270117218,20
1270118026,83
1270118408,14
1270123573,13
1270124813,53
1270128259,188
1270140510,31
1270142210,88
1270146800,44
1270152181,69
1270153043,61
1270154954,26
1270167990,16
1270169087,68
1270172711,45
1270180210,25
1270184812,18
1270186926,36
1270187094,237
1270197597,20
1270203332,22
1270211498,31
1270212749,80
1270236264,25
1270236733,155
1270237967,19
1270244429,376
1270247558,15
1270257672,16
1270263798,39
1270272670,1285
1270272683,78
1270278702,13
1270281105,17
1270305651,25
1270311793,12
1270317534,15
1270319627,26
1270319876,19
1270324476,26
1270330893,37
1270337939,17
1270347090,34
1270347637,44
1270349001,15
1270350192,63
1270359331,18
1270376159,18
1270386613,27
1270404590,16
1270418354,27
1270436690,24
1270450973,11
1270452141,60
1270460555,21
1270463426,14
1270467991,15
1270468007,27
1270479467,12
1270484383,91
1270496550,86
1270519493,130
1270530485,17
1270535333,17
1270544596,20
1270552867,40
1270559321,316
1270564245,12
1270564595,32
1270566770,142
1270568813,56
1270572078,17
1270575067,30
1270576590,509
1270577393,14
1270581909,15
1270586785,17
1270587915,439
1270593506,19
1270606117,15
1270639637,11
1270648268,14
1270650562,19
1270650592,17
1270654341,14
1270658081,25
1270661532,313
1270662452,22
1270664730,18
1270665247,12
1270670825,54
1270685284,11
1270706314,338
1270716345,15
1270727384,11
1270735113,46
1270743726,25
1270745915,12
1270754807,12
1270774188,15
1270775324,34
1270776668,11
1270782426,23
1270784327,23
1270787191,256
1270792738,11
1270794083,26
1270799590,22
1270812122,120
1270814918,151
1270817407,64
1270821261,53
1270823576,42
1270841510,13
1270842103,55
1270885892,18
1270895993,15
1270897577,21
1270897615,12
1270902730,21
1270932665,29
1270935022,19
1270939570,53
1270941393,173
1270942565,22
1270943597,32
1270949711,25
1270953767,12
1270958539,38
1270973004,24
1270978050,19
1270983350,438
1270984756,192
1270985920,22
1270993620,46
1270995833,41
1271007640,15
1271008243,79
1271009327,19
1271014683,12
1271016135,120
1271020715,14
1271020926,30
1271029803,55
1271029976,73
1271035445,11
1271036184,24
1271041937,13
1271058140,18
1271060545,12
1271063452,153
1271074936,194
1271076630,40
1271088386,26
1271092274,12
1271093776,18
1271096888,14
1271107543,14
1271113810,4513
1271125689,52
1271126468,28
1271151089,185
1271153363,13
1271159623,110
1271174023,37
1271177245,19
1271179812,87
1271186753,146
1271193598,26
1271197200,51
1271199377,39
1271203484,99
1271209041,15
1271231125,11
1271237172,12
1271245542,14
1271259982,22
1271267166,191
1271268769,13
1271270944,69
1271273008,137
1271274665,27
1271282024,12
1271286007,13
1271294554,14
1271297528,42
1271304238,86
1271314492,17
1271314891,264
1271318343,108
1271323125,929
1271332588,13
1271335719,90
1271341656,22
1271351851,23
1271355875,20
1271364651,73
1271368582,167
1271372403,199
1271376695,82
1271378942,18
1271379258,108
1271380517,12
1271382286,18
1271385222,32
1271394035,41
1271398876,50
1271399089,20
1271400466,78
1271420288,34
1271420977,16
1271422457,12
1271424358,22
1271430067,11
1271435898,2
1271437886,49
1271448649,60
1271450465,14
1271455778,18
1271457758,82
1271459708,20
1271470955,18
1271476200,16
1271484634,21
1271492923,11
1271520816,13
1271535978,55
1271540239,14
1271547037,12
1271548133,47
1271570982,11
1271581989,39
1271626710,21
1271627791,1551
1271630464,28
1271639578,54
1271646025,73
1271659862,30
1271669507,28
1271670316,39
1271687319,55
1271709279,14
1271711372,36
1271717980,38
1271725588,20
1271730027,32
1271730307,11
1271744960,107
1271751851,172
1271763503,126
1271765742,22
1271770751,33
1271778933,40
1271779636,21
1271785712,69
1271798363,49
1271812884,18
1271829077,29
1271830762,12
1271832502,15
1271834471,19
1271836518,133
1271837463,12
1271851102,15
1271861642,101
1271880068,12
1271892689,406
1271894214,585
1271897760,42
1271898598,17
1271899250,50
1271908885,13
1271910930,117
1271912252,46
1271923086,38
1271940155,32
1271944074,21
1271948043,42
1271951093,84
1271951742,14
1271954866,40
1271963632,38
1271963966,45
1271988435,12
1271993416,366
1271995946,83
1272004366,75
1272008570,18
1272009330,56
1272012407,12
1272031254,222
1272032218,15
1272035915,20
1272036423,21
1272043772,25
1272060580,12
1272062596,38
1272066715,30
1272067033,47
1272068425,71
1272069487,11
1272072826,35
1272076570,86
1272089874,13
1272090879,31
1272098945,17
1272105565,19
1272107021,34
1272111651,154
1272114571,142
1272116617,85
1272136562,23
1272139132,26
1272147124,18
1272151400,158
1272154998,406
1272162595,486
1272167701,36
1272168991,13
1272178757,16
1272190228,142
1272194482,21
1272199139,18
1272209005,12
1272211920,12
1272212084,51
1272216190,20
1272222798,46
1272230296,38
1272237085,18
1272239121,27
1272243674,108
1272251780,23
1272256998,63
1272272492,21
1272273607,34
1272278054,16
1272292267,22
1272294107,88
1272300172,21
1272306281,120
1272308668,14
1272310004,11
1272329397,12
1272329661,53
1272335256,13
1272352853,16
1272353680,38
1272361049,25
1272363594,12
1272372441,26
1272374498,111
1272375576,88
1272390008,20
1272392110,11
1272394355,17
1272394364,11
1272394474,32
1272395609,20
1272402042,130
1272408187,135
1272408209,11
1272412393,47
1272415285,19
1272418588,53
1272428065,11
1272429683,11
1272430339,26
1272432833,12
1272443375,93
1272451079,13
1272463265,22
1272480305,16
1272481334,41
1272484811,28
1272487463,622
1272488455,76
1272498799,72
1272507264,37
1272508647,57
1272521786,35
1272529524,25
1272536927,16
1272554778,39
1272564262,12
1272565581,76
1272573107,119
1272574333,78
1272585317,60
1272596900,14
1272618533,15
1272637435,32
1272647768,17
1272673683,37
1272677221,80
1272677604,14
1272678676,21
1272687783,14
1272691690,96
1272699504,46
1272701607,22
1272706111,49
1272708842,15
1272710409,103
1272710943,12
1272753759,22
1272758718,13
1272763042,67
1272767487,31
1272776005,17
1272782661,13
1272788310,15
1272788559,97
1272806533,87
1272833484,13
1272839788,62
1272840358,98
1272861960,29
1272869340,15
1272875395,45
1272887430,180
1272893415,288
1272898943,401
1272927396,16
1272941538,23
1272950786,33
1272968536,100
1272987676,19
1272996531,19
1273016975,62
1273018804,23
1273032277,23
1273038969,27
1273038999,415
1273054934,652
1273058241,126
1273059507,152
1273065968,33
1273073914,27
1273080329,34
1273087967,21
1273092463,14
1273093466,29
1273116225,99
1273117744,13
1273121905,12
1273136102,11
1273153152,24
1273158972,136
1273168529,26
1273198218,17
1273207855,19
1273226668,131
1273234375,124
1273235470,17
1273236370,173
1273241958,17
1273244170,37
1273261870,14
1273262639,19
1273264754,11
1273267557,25
1273290231,14
1273325705,14
1273354626,20
1273360197,23
1273366252,16
1273379460,948
1273390282,32
1273390455,30
1273404749,17
1273408927,52
1273412710,11
1273427276,2813
1273445261,12
1273449064,54
1273461545,19
1273468795,15
1273480337,41
1273513023,25
1273517404,13
1273536495,23
1273558528,455
1273560464,35
1273565575,189
1273580359,877
1273580682,15
1273596763,18
1273622478,65
1273630366,11
1273641903,14
1273643869,47
1273663589,10
1273664895,105
1273665431,24
1273666576,32
1273674103,25
1273677991,40
1273690766,19
1273702114,35
1273705510,49
1273707469,701
1273721854,15
1273725939,12
1273742979,52
1273747165,32
1273750352,12
1273768116,191
1273768194,97
1273809867,13
1273811777,12
1273814630,13
1273819492,19
1273822664,34
1273822835,18
1273823886,37
1273824143,317
1273824907,8804
1273830468,28
1273830568,17
1273835322,41
1273859296,122
1273866610,15
1273870399,96
1273887301,241
1273894022,75
1273902369,24
1273907635,11
1273910052,121
1273914365,44
1273921075,122
1273945470,33
1273946285,12
1273947285,18
1273951058,46
1273969283,14
1273983782,12
1273991348,13
1274021598,9
1274027793,16
1274028827,24
1274034089,41
1274046250,12
1274050660,65
1274065715,32
1274067670,375
1274068447,11
1274069548,47
1274072121,11
1274073109,22
1274085987,29
1274091897,32
1274096236,47
1274106865,44
1274107935,151
1274109794,57
1274110623,20
1274115689,32
1274116177,29
1274128923,40
1274130362,13
1274162448,556
1274162776,25
1274165943,27
1274177139,577
1274179498,27
1274186056,23
1274187550,15
1274191784,82
1274194803,58
1274196244,14
1274209386,21
1274218871,11
1274224909,11
1274244010,16
1274262885,238
1274272400,47
1274282386,52
1274286443,39
1274290610,17
1274323575,120
1274327218,223
1274333693,16
1274347782,11
1274347870,12
1274352475,12
1274353224,13
1274377670,144
1274377976,18
1274379274,25
1274388991,213
1274395005,24
1274399536,1194
1274410217,41
1274422150,20
1274435787,45
1274452075,210
1274461040,11
1274466455,18
1274474589,27
1274475076,49
1274477411,12
1274482878,13
1274487235,36
1274491393,33
1274504017,11
1274509298,53
1274518711,23
1274526198,121
1274530343,25
1274548517,149
1274551031,185
1274566622,44
1274572099,33
1274574043,150
1274600688,344
1274618325,38
1274625247,14
1274625443,13
1274630894,61
1274645705,13
1274659405,25
1274666296,13
1274671628,41
1274674701,30
1274678743,16
1274683034,65
1274684138,12
1274689099,22
1274690333,31
1274708755,543
1274722544,16
1274722784,16
1274723381,38
1274734576,29
1274751552,11
1274755774,60
1274781008,12
1274782065,33
1274792587,55
1274794325,12
1274797292,20
1274802650,12
1274822133,821
1274836410,21
1274840455,11
1274848749,143
1274890313,24
1274910871,22
1274912120,232
1274921085,19
1274927132,20
1274927923,45
1274942644,15
1274947140,17
1274950277,1379
1274956474,20
1274957322,16
1274957825,150
1274959346,21
1274963086,69
1274966563,33
1274976225,13
1274978097,113
1274989973,167
1274991593,19
1275003861,45
1275012508,15
1275023165,11
1275025253,18
1275044490,38
1275059220,14
1275060098,30
1275069084,162
1275070381,14
1275073263,18
1275075651,133
1275076041,266
1275076664,53
1275102300,14
1275102452,42
1275130055,186
1275131245,22
1275140990,24
1275145666,32
1275152793,867
1275161859,36
1275162193,20
1275168166,12
1275173343,17
1275175186,433
1275177106,11
1275182720,57
1275184152,25
1275189541,27
1275191614,17
1275198423,14
1275199411,489
1275201476,105
1275207060,17
1275208894,19
1275218737,38
1275237798,17
1275248251,11
1275252612,16
1275257255,85
1275268652,864
1275300007,21
1275300693,11
1275326618,25
1275328113,244
1275328860,17
1275334546,12
1275338283,18
1275353433,51
1275356304,9
1275360962,11
1275362861,55
1275365955,46
1275367824,11
1275373382,51
1275375546,25
1275378979,1098
1275382167,30
1275398700,39
1275399788,20
1275406931,20
1275408975,26
1275409602,45
1275409857,13
1275426982,33
1275435960,16
1275436512,336
1275438802,11
1275439887,17
1275441117,23
1275443832,59
1275463264,217
1275464621,272
1275474507,14
1275476039,243
1275484321,18
1275485578,119
1275487759,21
1275490006,61
1275502743,12
1275508434,222
1275529781,20
1275534185,44
1275540111,17
1275545374,75
1275548357,205
1275551473,65
1275555255,23
1275560536,293
1275572887,20
1275580348,73
1275608780,19
1275614372,41
1275616384,33
1275620871,8
1275627632,13
1275631990,14
1275637608,120
1275642440,91
1275645005,13
1275653543,1305
1275661316,26
1275666044,26
1275667403,77
1275688260,22
1275692189,28
1275702441,22
1275702472,18
1275717406,32
1275718468,289
1275719173,14
1275721604,17
1275730750,1097
1275740059,22
1275742035,15
1275746690,60
1275750805,12
1275750847,32
1275751077,15
1275752001,27
1275753414,52
1275759716,22
1275770420,17
1275771493,41
1275771523,11
1275771636,20
1275773301,129
1275774513,22
1275776288,101
1275780695,21
1275781569,473
1275784257,18
1275791557,37
1275798277,11
1275800019,15
1275801647,215
1275802499,132
1275806147,1815
1275809133,11
1275816023,12
1275835912,13
1275847986,16
1275849132,50
1275862312,47
1275862425,45
1275862520,24
1275873724,237
1275888604,21
1275895436,12
1275919553,22
1275930411,42
1275932091,24
1275940471,28
1275941970,16
1275953456,28
1275961086,92
1275964022,211
1275968866,81
1275976049,11
1275991516,76
1275998498,193
1276001351,107
1276003841,13
1276018440,84
1276024553,35
1276031429,55
1276039558,11
1276042293,18
1276053763,13
1276059304,26
1276078615,16
1276083194,31
1276083628,54
1276099689,87
1276107518,47
1276108103,75
1276123512,19
1276126258,15
1276132557,21
1276135867,131
1276173422,12
1276174879,18
1276192674,84
1276192981,33
1276204083,11
1276208459,12
1276223472,23
1276236504,14
1276236933,658
1276238183,446
1276239073,12
1276242781,12
1276251860,10
1276271904,11
1276273805,24
1276275753,16
1276278055,56
1276278953,13
1276280076,12
1276283874,12
1276285633,43
1276296530,89
1276299637,59
1276305787,117
1276309507,23
1276313599,42
1276315818,17
1276320499,11
1276341793,22
1276352451,21
1276368237,512
1276373569,14
1276376062,24
1276379563,23
1276391102,98
1276404683,15
1276405439,18
1276405554,12
1276406549,32
1276411484,14
1276411563,40
1276415631,16
1276417315,11
1276425709,14
1276437202,34
1276438142,31
1276447323,19
1276448889,26
1276448941,7
1276457096,12
1276459546,13
1276461266,177
1276469439,53
1276480305,41
1276486859,13
1276487550,12
1276488493,19
1276496267,22
1276497933,1
1276498033,63
1276510682,62
1276517176,235
1276521542,39
1276527666,922
1276541052,87
1276541290,15
1276541312,32
1276546290,30
1276548713,13
1276549659,84
1276562838,229
1276568000,23
1276578580,27
1276594089,90
1276595002,378
1276607131,124
1276616663,21
1276627552,70
1276628959,12
1276630793,14
1276631768,24
1276634402,28
1276641245,168
1276645556,16
1276665883,905
1276667029,97
1276675503,40
1276682306,18
1276682613,18
1276683938,93
1276684296,15
1276689592,309
1276696490,309
1276700568,25
1276711748,12
1276718530,11
1276740847,15
1276747866,55
1276752077,203
1276755627,19
1276755713,29
1276758823,14
1276764289,11
1276770371,15
1276773725,14
1276776945,21
1276791347,11
1276795737,21
1276798831,28
1276809046,153
1276812919,138
1276828003,11
1276847779,21
1276853525,525
1276859161,75
1276859360,37
1276861983,16
1276862650,26
1276874027,46
1276876288,22
1276885966,447
1276888344,13
1276930142,36
1276940779,339
1276950198,90
1276958558,47
1276962100,15
1276966391,711
1276977095,12
1276978035,13
1276983707,26
1276999782,486
1277004822,937
1277008800,11
1277011740,40
1277016823,15
1277020166,54
1277026242,23
1277036183,25
1277040638,24
1277048300,29
1277054380,309
1277058567,239
1277063342,28
1277070400,18
1277072583,36
1277079211,82
1277079624,192
1277097844,89
1277124338,19
1277124966,18
1277131490,16
1277138198,129
1277139033,28
1277165741,63
1277169394,178
1277208602,198
1277214686,18
1277225273,13
1277241268,16
1277269587,16
1277282352,17
1277284594,84
1277286522,641
1277291595,17
1277335948,16
1277377323,35
1277389693,153
1277391537,25
1277405426,737
1277425281,12
1277425617,17
1277432663,16
1277434798,37
1277442050,89
1277446916,11
1277451814,83
1277453821,63
1277455152,13
1277470372,18
1277476916,108
1277477208,14809
1277479867,33
1277487031,57
1277488771,71
1277491008,15
1277494856,13
1277495137,14
1277499908,60
1277510172,533
1277510760,13
1277515654,12
1277520329,15
1277541374,11
1277544698,413
1277560144,11
1277561099,298
1277571999,11
1277578751,64
1277579877,26
1277585787,40
1277588122,28
1277590623,96
1277600433,12
1277603748,20
1277610497,12
1277614585,469
1277623916,27
1277637600,71
1277646668,13
1277671229,21
1277684919,52
1277685376,11
1277690020,21
1277693854,35
1277696037,453
1277714741,52
1277715563,548
1277719566,19
1277737044,23
1277750729,39
1277755058,32
1277769453,29
1277771911,117
1277791233,20
1277795285,28
1277796956,23
1277797277,29
1277797619,62
1277798763,78
1277807615,14
1277814981,11
1277825694,11
1277833095,102
1277836854,18
1277842157,21
1277847672,17
1277853749,16
1277854808,20
1277858718,11
1277868994,36
1277870870,18
1277872938,17
1277880177,33
1277887325,36
1277888947,37
1277893717,22
1277911581,21
1277918666,279
1277926656,20
1277933603,143
1277934977,78
1277936455,60
1277944206,23
1277944593,10
1277946689,37
1277957002,11
1277961348,11
1277972001,12
1277989920,52
1277991010,23
1278003221,20
1278005100,18
1278013162,12
1278014713,6
1278019716,11
1278020293,11
1278021888,76
1278022559,88
1278024385,11
1278025342,38
1278026821,30
1278033420,21
1278040671,135
1278045237,191
1278049086,16
1278055475,12
1278059883,11
1278071262,507
1278073463,107
1278079983,42
1278081820,19
1278082400,373
1278104920,31
1278105901,13
1278120949,36
1278138352,17
1278157951,82
1278160330,90
1278196186,30
1278223986,184
1278229113,13
1278231268,24
1278243180,69
1278253689,91
1278254044,30
1278265633,105
1278287808,11
1278291700,16
1278293841,41
1278295496,12
1278312228,145
1278320942,226
1278324639,26
1278327133,14
1278332553,15
1278332767,13
1278339298,19
1278344410,31
1278344979,73
1278377646,21
1278381956,116
1278395255,181
1278404368,55
1278411775,17
1278435489,21
1278439253,105
1278474208,41
1278480039,20
1278492027,11
1278492137,24
1278516883,14
1278536566,213
1278547598,22
1278560693,36
1278568055,91
1278584694,138
1278587549,18
1278594969,20
1278621812,19
1278624991,11
1278668528,1188
1278676884,23
1278681031,21
1278711372,13
1278714916,31
1278715940,10
1278717907,413
1278730680,13
1278734867,12
1278737636,32
1278757502,522
1278776929,22
1278779353,42
1278798600,19
1278823978,102
1278829954,123
1278838315,129
1278840500,15
1278845334,37
1278845749,23
1278854221,28
1278864291,12
1278865145,19
1278866190,56
1278872653,45
1278873576,15
1278881844,127
1278889606,80
1278895912,74
1278901777,13
1278908912,31
1278913000,144
1278915262,123
1278915857,15
1278919646,28
1278924500,47
1278926400,1378
1278930365,22
1278930806,810
1278937895,35
1278940275,209
1278959735,16
1278982238,144
1278993665,41
1279012585,41
1279018568,14
1279049964,15
1279064655,24
1279085846,685
1279086651,12
1279093890,11
1279103174,21
1279113820,33
1279121101,16
1279133101,12
1279140437,47
1279145675,26
1279149268,14
1279159149,3551
1279160729,20
1279164234,221
1279164369,13
1279171235,11
1279180155,178
1279181033,18
1279184910,17
1279185910,12
1279187498,207
1279205412,20
1279216221,28
1279218207,15
1279225546,16
1279253971,14
1279275212,34
1279275226,16
1279280095,132
1279298346,35
1279299303,58
1279301508,33
1279319463,23
1279325204,266
1279328732,54
1279329809,11
1279343644,139
1279345508,12
1279360413,26
1279362723,148
1279365081,29
1279373995,12
1279380501,13
1279384488,20
1279402999,11
1279406675,20
1279421241,22
1279423167,17
1279426975,279
1279435409,2181
1279437639,19
1279463850,12
1279468851,23
1279474229,63
1279480946,1056
1279489980,353
1279499470,45
1279508420,52
1279515197,44
1279515370,44
1279519446,14
1279522547,54
1279525967,157
1279532837,338
1279540157,11
1279555835,36
1279578393,34
1279580095,17
1279596088,12
1279604360,40
1279611658,12
1279617454,12
1279624703,67
1279625094,14
1279628779,23
1279654497,77
1279659344,337
1279680219,18
1279706266,95
1279721212,29
1279722854,13
1279737208,12
1279737421,45
1279760665,237
1279773754,12
1279786142,13
1279787729,15
1279795528,15
1279795550,8
1279802440,12
1279811464,97
1279815402,12
1279825421,13
1279830753,34
1279834357,20
1279836172,14
1279846336,25
1279857804,11
1279886110,15
1279903025,11
1279923114,21
1279932127,10
1279940806,38
1279949713,11
1279994040,32
1279994504,231
1280002781,21
1280019852,313
1280026191,76
1280026567,12
1280027316,21
1280030529,45
1280038203,24
1280050659,24
1280069770,172
1280089735,17
1280092445,12
1280095430,21
1280097745,14
1280115203,191
1280115630,30
1280129499,754
1280129529,27
1280147188,172
1280155659,123
1280156793,14
1280163607,11
1280182204,40
1280202820,11
1280210616,77
1280215616,11
1280221360,107
1280231676,59
1280241714,26
1280262851,11
1280270159,27
1280270225,27
1280282376,13
1280289116,39
1280290209,11
1280293058,20
1280296384,31
1280330025,20
1280369733,19
1280379860,18
1280383510,18
1280392516,12
1280394773,154
1280396163,53
1280408203,16
1280419330,47
1280423622,11
1280434631,144
1280439591,251
1280461698,12
1280467793,30
1280469592,12
1280470795,19
1280508992,141
1280523866,135
1280524151,19
1280536185,44
1280553461,37
1280557654,44
1280557740,27
1280559914,203
1280562970,96
1280577596,138
1280579388,30
1280607135,19
1280607497,11
1280608186,51
1280610964,21
1280615153,63
1280620933,118
1280641283,50
1280652237,19
1280655402,11
1280662085,12
1280664963,38
1280700348,11
1280702430,11
1280703037,117
1280718019,21
1280732127,42
1280760538,18
1280767222,14
1280791354,168
1280793558,136
1280799166,11
1280804858,27
1280809609,262
1280825877,122
1280833415,139
1280847472,275
1280858916,12
1280860414,28
1280863441,109
1280866254,0
1280869012,89
1280869399,179
1280891560,18
1280896898,23
1280898919,16
1280900448,12
1280903659,22
1280908538,11
1280909807,67
1280912404,32
1280913563,145
1280913878,59
1280927151,12
1280932746,52
1280955914,2355
1280967898,26
1280984042,597
1280990105,1166
1280998916,11
1281005910,316
1281005934,14
1281019389,30
1281025418,36
1281030225,133
1281030454,31
1281032192,26
1281032298,25
1281054646,235
1281061133,18
1281066641,116
1281071040,11
1281091382,519
1281094446,31
1281098289,11
1281110750,134
1281120025,17
1281123262,32
1281124139,12
1281132799,18
1281133904,16
1281135080,34
1281140983,169
1281154124,11
1281168411,226
1281171445,73
1281195074,129
1281200786,80
1281204616,18
1281220980,42
1281230845,57
1281232928,91
1281235683,206
1281269179,15
1281269977,18
1281271303,46
1281285550,250
1281298965,16
1281315781,6915
1281320664,113
1281328046,376
1281328458,11
1281328537,34
1281330782,158
1281337106,12
1281342434,41
1281358460,11
1281362103,137
1281364875,14
1281365033,17
1281367277,76
1281377338,27
1281381884,139
1281383429,13
1281400388,16
1281420131,502
1281431415,60
1281436921,15
1281445089,37
1281473904,172
1281481028,65
1281482961,81
1281483635,27
1281489228,25
1281489745,19
1281495756,337
1281514306,25
1281525803,16
1281540408,26
1281556722,13
1281565975,12
1281576906,67
1281582807,13
1281591192,73
1281593724,47
1281616740,13
1281622996,12
1281629949,15
1281632165,628
1281635644,58
1281645560,22
1281650273,88
1281655995,12
1281666770,66
1281670519,74
1281674370,41
1281682555,11
1281688052,14
1281712143,14
1281769152,12
1281774250,20
1281819568,213
1281831896,17
1281852693,12
1281862290,22
1281863041,49
1281865046,630
1281865940,112
1281869415,11
1281873897,12
1281879940,27
1281880139,165
1281913298,35
1281918185,15
1281925464,25
1281954048,43
1281959383,15
1281963787,51
1281978113,32
1281981117,2
1282001233,52
1282011183,24
1282014269,18
1282014696,3
1282017359,160
1282025633,567
1282027238,69
1282030207,16
1282040587,15
1282045227,13
1282048314,36
1282049269,76
1282052467,13
1282052906,37
1282056346,30
1282058825,89
1282076425,30
1282080507,28
1282102712,20
1282103176,330
1282106099,12
1282107840,34
1282110174,24
1282120686,32
1282125157,20
1282128957,103
1282132622,32
1282141848,21
1282151191,33
1282159694,209
1282171564,13
1282178367,16
1282198847,401
1282203523,12
1282208637,17
1282225905,12
1282231488,63
1282233511,204
1282239707,11
1282246237,17
1282253922,16
1282265183,377
1282269007,145
1282273176,38
1282282026,21
1282294081,48
1282310951,136
1282324221,140
1282329734,12
1282335857,37
1282340577,165
1282341373,49
1282346681,17
1282350588,53
1282351393,14
1282360547,473
1282362391,505
1282364492,169
1282384355,87
1282385165,14
1282401255,16
1282418221,19
1282459536,11
1282467677,167
1282469039,35
1282472011,11
1282474395,187
1282477586,126
1282490647,44
1282499854,0
1282514037,113
1282539777,43
1282572282,26
1282577775,31
1282589931,35
1282597454,20
1282613745,7
1282634846,22
1282636938,290
1282650900,1569
1282653241,42
1282675658,15
1282680810,3154
1282682864,29
1282694784,82
1282705108,577
1282711658,13
1282712646,18
1282748401,63
1282753323,27
1282763835,17
1282766748,48
1282766814,38
1282771204,22
1282777609,145
1282786458,32
1282787424,41
1282792053,11
1282795086,58
1282797177,145
1282799832,39
1282831444,11
1282835463,200
1282845531,684
1282858165,70
1282882352,15
1282908694,33
1282910754,191
1282916460,367
1282925790,67
1282928973,16
1282937931,20
1282938415,21
1282938682,22
1282950465,55
1282958467,41
1282964765,11
1282967472,301
1282972498,30
1282978005,23
1282983086,148
1282984140,22
1283006548,32
1283007956,698
1283008105,140
1283013981,33
1283015427,155
1283015444,152
1283015456,151
1283015458,157
1283022577,29
1283043066,21
1283051151,117
1283059888,14
1283085412,13
1283088493,11
1283118598,78
1283126461,22
1283126780,184
1283131709,16
1283133573,25
1283142725,31
1283143764,24
1283151062,12
1283155270,11
1283158668,64
1283168492,56
1283176487,13
1283182898,43
1283183407,11
1283187727,13
1283231201,15
1283237512,47
1283252850,16
1283286182,13
1283296883,15
1283299226,133
1283300177,12
1283301890,151
1283301945,156
1283302652,151
1283302684,153
1283302820,151
1283302855,152
1283305043,151
1283305297,155
1283308335,948
1283308515,151
1283309332,151
1283309505,153
1283309991,152
1283310806,151
1283310807,151
1283311815,151
1283313140,153
1283314136,151
1283318124,157
1283321289,151
1283321505,24
1283324276,151
1283325882,152
1283326518,151
1283327964,151
1283328850,152
1283328907,150
1283329020,152
1283329717,152
1283329800,156
1283331989,151
1283332113,151
1283332466,151
1283333210,153
1283333331,151
1283334060,151
1283334279,154
1283334544,48
1283336941,151
1283341842,151
1283342383,150
1283344388,154
1283346286,151
1283346451,152
1283346987,152
1283347021,151
1283348713,151
1283352405,21
1283352617,63
1283352859,151
1283353368,151
1283353856,152
1283354276,151
1283354800,27
1283354814,151
1283354974,47
1283355043,151
1283358155,151
1283360113,152
1283362196,154
1283363395,151
1283365576,151
1283375853,38
1283376338,324
1283395530,33
1283398419,22
1283398629,44
1283408258,55
1283410511,44
1283416351,27
1283417522,16
1283427179,22
1283434917,29
1283453011,38
1283460530,18
1283463401,12
1283466765,143
1283466833,11
1283467688,118
1283494260,37
1283495582,11
1283497044,13
1283501535,164
1283501799,13
1283521764,31
1283522472,17
1283540505,219
1283561164,20
1283563241,50
1283565828,28
1283572841,42
1283574029,16
1283576600,11
1283579994,12
1283580131,16
1283580852,28
1283582119,94
1283584225,13
1283598915,13
1283603794,105
1283610049,14
1283611177,12
1283622513,9
1283628638,22
1283652685,13
1283653121,16
1283656693,89
1283657805,27
1283669789,11
1283678028,66
1283681554,65
1283686041,21
1283686098,16
1283699291,19
1283721731,23
1283721804,19
1283722068,15
1283731455,11
1283735838,21
1283740523,15
1283743529,66
1283762259,40
1283766654,31
1283781487,84
1283783477,22
1283792171,17
1283796634,14
1283799034,97
1283802261,21
1283819872,13
1283821188,87
1283833415,17
1283833758,26
1283836865,27
1283850742,19
1283852448,14
1283852774,13
1283859977,19
1283865819,21
1283868033,210
1283868835,22
1283873694,22
1283875369,27
1283876614,12
1283880494,14
1283891625,17
1283901628,22
1283923666,17
1283925045,14
1283927346,69
1283939838,12
1283940465,67
1283943813,14
1283947846,22
1283963928,14
1283968843,27
1283977684,11
1283981615,77
1283986253,35
1283993031,144
1284009891,31
1284014215,23
1284030856,41
1284040136,172
1284052134,21
1284058045,21
1284066374,20
1284067692,70
1284077348,18
1284077352,21
1284082382,23
1284082910,18
1284088776,122
1284095369,20
1284099955,49
1284104299,43
1284109842,31
1284124788,12
1284126768,57
1284128909,12
1284129855,40
1284139056,57
1284155780,14
1284168496,33
1284172888,12
1284174979,1996
1284182184,24
1284198482,12
1284202424,32
1284208011,15
1284208582,102
1284209689,16
1284210058,27
1284223182,19
1284246323,13
1284246470,238
1284247955,37
1284261810,42
1284271591,200
1284277975,39
1284286206,11
1284303399,114
1284304193,12
1284310632,12
1284316868,17
1284322503,12
1284322507,14
1284346730,52
1284364149,18
1284382976,12
1284392092,38
1284414913,214
1284420230,26
1284423701,1
1284426808,13
1284435392,17
1284445635,265
1284449744,18
1284452101,14
1284463375,18
1284479480,13
1284485443,28
1284518502,19
1284522908,11
1284534061,19
1284541636,12
1284546129,48
1284551780,21
1284555311,57
1284578918,39
1284579907,77
1284580604,38
1284589598,22
1284595670,12
1284607942,132
1284608173,189
1284608906,203
1284643150,22
1284648689,298
1284658028,28
1284659975,18
1284667422,19
1284672605,153
1284674449,39
1284681116,45
1284688466,67
1284692613,106
1284698263,13
1284700356,63
1284712193,45
1284714863,11
1284721646,12
1284727934,12
1284733159,13
1284734312,16
1284735525,76
1284736292,309
1284740610,377
1284751258,19
1284753142,96
1284756909,15
1284759701,43
1284781487,17
1284783817,41
1284785245,43
1284787758,15
1284803064,21
1284808139,13
1284830350,20
1284836640,276
1284845470,746
1284850658,16
1284862935,23
1284865806,13
1284867443,12
1284869933,16
1284875082,35
1284889108,28
1284905996,52
1284915598,12
1284956847,12
1284958326,19
1284959612,1989
1284962534,36
1284967045,12
1284968478,25
1284971043,28
1284986056,34
1285000932,14
1285016676,14
1285027813,43
1285029934,30
1285034691,7
1285072698,53
1285091835,14
1285102035,19
1285104880,46
1285113628,58
1285116275,23
1285126866,43
1285134067,16
1285138167,24
1285145325,6
1285150264,27
1285173126,48
1285175428,35
1285179460,32
1285186519,12
1285207270,110
1285223817,209
1285240239,17
1285247004,64
1285257302,11
1285260006,12
1285260852,28
1285268157,39
1285268296,11
1285271027,13
1285272914,101
1285276442,13
1285277249,19
1285290091,14
1285290326,21
1285299512,19
1285308005,69
1285358712,11
1285362275,41
1285366850,20
1285372971,11
1285375505,12
1285388916,14
1285404766,11
1285404893,14
1285406575,50
1285455564,18
1285459193,12
1285492735,2
1285512939,733
1285522430,11
1285532627,32
1285533087,16
1285553511,15
1285565409,11
1285584165,25
1285612368,28
1285613614,19
1285613772,11
1285614272,12
1285616517,12
1285619315,38
1285633187,15
1285635617,17
1285641979,12
1285642601,12
1285643256,80
1285643489,685
1285643868,31
1285649662,29
1285653192,84
1285653194,21
1285654295,16
1285656500,40
1285665224,13
1285669809,19
1285670072,28
1285670188,21
1285672288,35
1285694624,12
1285704764,22
1285705904,2961
1285716169,16
1285726536,60
1285729011,44
1285736028,12
1285753321,27
1285768056,24
1285769468,16
1285776286,11
1285778184,51
1285781098,20
1285784272,11
1285787558,91
1285797092,35
1285808809,292
1285816658,0
1285819874,72
1285860457,12
1285863081,16
1285881211,46
1285881563,22
1285885421,12
1285886218,225
1285900799,61
1285902621,45
1285904119,11
1285924109,19
1285926464,28
1285940339,19
1285946801,12
1285956092,28
1285957532,208
1285966137,39
1285974683,1098
1285994107,30
1285995046,27
1285996394,14
1286010520,1001
1286041367,21
1286041430,182
1286054177,43
1286055132,54
1286055730,14
1286069434,19
1286071002,194
1286080008,13
1286102636,11
1286104608,11
1286113664,40
1286116609,29
1286124464,16
1286135398,30
1286142799,40
1286159878,30
1286203278,17
1286206140,81
1286206293,12
1286210431,31
1286217696,20
1286230821,21
1286232072,17
1286235236,95
1286236913,63
1286243024,15
1286260116,15
1286261242,30
1286266523,49
1286279483,223
1286309178,408
1286319925,13
1286349836,28
1286361322,17
1286395891,15
1286406151,28
1286425214,33
1286452688,38
1286462942,17
1286475682,70
1286478863,33
1286485360,10
1286497554,11
1286498512,25
1286499192,14
1286500654,12
1286500812,12
1286501135,19
1286518017,14
1286519799,21
1286529702,23
1286533290,15
1286547006,20
1286548050,25
1286550596,89
1286551417,26
1286576904,68
1286584533,43
1286589461,46
1286591918,16
1286613567,74
1286622370,16
1286623246,14
1286633499,13
1286638524,24
1286644174,16
1286650072,39
1286652851,124
1286655809,42
1286657898,70
1286660559,89
1286663306,17
1286674545,19
1286693004,11
1286693015,21
1286701048,14
1286705389,7
1286708665,20
1286709271,34
1286728102,12
1286732818,1187
1286733418,34
1286747417,23
1286754616,22
1286757779,13
1286762321,42
1286762528,13
1286763703,37
1286765396,42
1286769439,11
1286775287,156
1286781880,220
1286792158,25
1286817684,13
1286822346,39
1286842063,32
1286843623,41
1286843683,60
1286845834,62
1286846690,11
1286852030,27
1286854085,86
1286870850,20
1286901904,35
1286921847,224
1286928810,35
1286929516,41
1286936704,94
1286939042,16
1286953511,32
1286955203,13
1286962008,35
1286963131,1
1286976854,16
1286981693,15
1286986255,19
1287003459,26
1287005135,22
1287010006,23
1287015444,17
1287032262,15
1287032505,31
1287040997,13
1287048614,22
1287050833,112
1287054186,14
1287054567,24
1287055640,16
1287057225,12
1287063635,23
1287064286,14
1287064367,711
1287065520,17
1287068039,113
1287097047,27
1287103899,23
1287109448,16
1287112265,15
1287114669,318
1287117896,11
1287118910,48
1287127015,12
1287133573,161
1287133718,13
1287137309,44
1287143833,17
1287144800,16
1287154353,13
1287167787,13
1287168491,1045
1287168990,588
1287169139,29
1287183937,12
1287188318,18
1287195249,11
1287204510,64
1287205623,26
1287216871,6
1287216971,37
1287232396,16
1287241330,15
1287242357,24
1287249670,27
1287250090,74
1287253720,21
1287263044,11
1287275352,15
1287282432,797
1287300798,18
1287302739,49
1287319347,29
1287326388,19
1287329807,14
1287332070,31
1287333722,17
1287339827,79
1287341687,37
1287346406,31
1287352822,106
1287355973,329
1287401002,433
1287408207,68
1287413468,14
1287418409,64
1287429470,12
1287442244,256
1287444152,44
1287460663,5501
1287461497,38
1287470793,31
1287482439,14
1287486661,50
1287489793,25
1287494718,11
1287505428,17
1287518095,15
1287523902,15
1287530240,15
1287531513,35
1287549995,14
1287564317,13
1287568859,213
1287570647,11
1287585416,14
1287594240,12
1287594602,18
1287603239,49
1287607687,14
1287609461,24
1287610282,26
1287612332,37
1287625631,254
1287628953,16
1287629488,28
1287631198,16
1287663860,68
1287674895,47
1287678199,239
1287687409,39
1287710410,29
1287710445,31
1287710473,35
1287710505,37
1287728325,254
1287733709,13
1287737246,22
1287751585,104
1287755141,21
1287763956,14
1287766456,11
1287769478,711
1287779992,26
1287780961,16
1287782481,12
1287783473,15
1287802914,51
1287804060,1860
1287806129,19
1287816393,12
1287823023,66
1287825471,123
1287831552,47
1287833347,108
1287833873,13
1287840943,14
1287846492,366
1287852974,27
1287862936,399
1287870588,65
1287874189,9
1287882910,11
1287890629,65
1287919291,25
1287919581,17
1287928146,13
1287936258,21
1287938366,240
1287962749,22
1287962934,16
1287966278,107
1287967526,12
1287982437,15
1287991092,37
1288001931,942
1288011918,35
1288025747,12
1288054527,18
1288054693,155
1288059458,11
1288064456,53
1288064720,20
1288069617,12
1288076814,93
1288081323,102
1288081425,11
1288093218,151
1288095947,23
1288096154,5
1288101814,39
1288106370,98
1288107515,21
1288110627,23
1288120439,15
1288131984,19
1288147191,12
1288151957,16
1288158967,21
1288163028,28
1288175235,58
1288176337,13
1288213067,11
1288220921,237
1288228170,26
1288234715,14
1288262029,16
1288265666,29
1288273711,54
1288276081,12
1288277383,24
1288292418,1751
1288298712,11
1288304560,71
1288321115,61
1288325627,1546
1288331786,73
1288342491,45
1288362206,26
1288363236,20
1288380908,88
1288388694,16
1288395026,142
1288402762,3131
1288404530,17
1288411750,21
1288414617,500
1288422836,14
1288422944,13
1288424187,11
1288433826,18
1288460943,12
1288462699,11
1288463361,13
1288476092,14
1288492734,11
1288496072,89
1288504075,15
1288505524,84
1288508356,98
1288513932,65
1288540223,13
1288545282,127
1288570069,24
1288582051,13
1288587093,22
1288595527,78
1288599558,15
1288603421,19
1288608768,16
1288630993,16
1288642659,22
1288651538,14
1288672674,403
1288682148,17
1288684460,52
1288700771,11
1288703620,29
1288706873,48
1288728943,25
1288733503,19
1288758234,13
1288762476,25
1288777867,16
1288777900,233
1288781687,25
1288787277,134
1288787426,46
1288789542,22
1288791412,19
1288820389,198
1288848940,2315
1288858970,23
1288861827,81
1288900132,54
1288913882,20
1288919960,14
1288931625,34
1288951030,13
1288952475,164
1288952816,75
1288958400,33
1288972522,32
1288985136,19
1288986083,35
1288998877,18
1289000483,16
1289001778,37
1289031324,73
1289037448,96
1289038438,164
1289052336,21
1289066205,30
1289075393,316
1289096470,33
1289096810,45
1289101843,14
1289112181,23
1289122820,11
1289123250,37
1289130590,206
1289134166,35
1289148499,11
1289180378,12
1289182307,14
1289184179,45
1289191071,17
1289210484,11
1289213389,13
1289213568,27
1289214621,14
1289216565,20
1289237218,21
1289253413,28
1289254089,12
1289258261,29
1289268385,19
1289268998,41
1289275691,265
1289281455,14
1289287656,12
1289291024,56
1289300100,44
1289302468,17
1289303356,12
1289309191,1016
1289313583,15
1289316188,105
1289329590,35
1289333270,15
1289344908,60
1289357453,12
1289373801,16
1289382533,20
1289383690,15
1289402893,56
1289403900,21
1289409182,40
1289409845,100
1289411321,93
1289419269,17
1289435641,1173
1289435661,18
1289445158,14
1289447490,239
1289449692,95
1289456372,21
1289458451,12
1289459154,26
1289468620,11
1289471395,16
1289475244,14
1289476943,256
1289479753,12
1289490233,73
1289500007,18
1289527697,15
1289539646,104
1289551526,86
1289566856,552
1289575092,15
1289578785,14
1289579011,25
1289594768,81
1289595475,28
1289598388,112
1289599380,17
1289599396,26
1289606611,131
1289606934,80
1289612923,284
1289634070,18
1289635045,14
1289644132,14
1289647930,91
1289651398,15
1289657695,45
1289661113,539
1289663086,11
1289665394,14
1289684445,23
1289708063,16
1289714083,12
1289718189,22
1289724268,306
1289727134,202
1289735643,12
1289737428,17
1289738717,24
1289739564,14
1289739593,15
1289742380,28
1289743790,1935
1289751966,11
1289755707,1883
1289770124,93
1289772049,11
1289781756,41
1289801839,36
1289805474,199
1289810924,26
1289811218,19
1289815509,18
1289816372,48
1289817225,86
1289817233,13
1289834653,78
1289837195,58
1289847529,23
1289855202,38
1289858698,442
1289868346,1304
1289871444,53
1289880549,16
1289888557,101
1289903345,15
1289907287,12
1289907975,14
1289908594,14
1289909279,14
1289910520,14
1289911629,11
1289921037,32
1289932122,33
1289949311,206
1289951235,476
1289958986,386
1289960958,13
1289968844,13
1289973161,16
1289975833,7
1289984605,10
1289989219,14
1289998730,15
1290003469,43
1290004323,17
1290014367,25
1290022584,179
1290025719,61
1290031396,14
1290036613,12
1290037030,49
1290039961,146
1290061411,38
1290062238,49
1290068976,127
1290069630,77
1290071994,31
1290081931,27
1290089254,15
1290098318,121
1290111917,24
1290123560,79
1290127517,28
1290128725,12
1290130146,12
1290146959,58
1290150257,170
1290164166,13
1290169280,16
1290185333,14
1290185701,38
1290219822,60
1290241977,42
1290251222,13
1290258572,46
1290286902,18
1290326260,297
1290327176,21
1290328251,20
1290335624,14
1290348818,14
1290354647,24
1290357699,20
1290361156,233
1290371866,12
1290411054,19
1290427326,17
1290432479,28
1290433922,12
1290445936,295
1290461222,12
1290465737,23
1290474490,37
1290486035,14
1290494976,16
1290495061,16
1290507726,19
1290512486,13
1290519989,53
1290534164,18
1290534496,51
1290545197,16
1290547652,51
1290553178,13
1290553643,17
1290558619,33
1290565606,432
1290565686,238
1290590424,37
1290601520,22
1290601834,30
1290627511,22
1290650156,23
1290650462,44
1290653606,299
1290660827,26
1290661234,65
1290680922,48
1290682233,22
1290686701,21
1290686985,16
1290695545,12
1290696540,50
1290697920,120
1290700307,51
1290728896,319
1290732504,13
1290749098,98
1290754906,17
1290757367,11
1290767643,25
1290768088,144
1290768901,34
1290782877,14
1290790488,13
1290804584,12
1290807177,11
1290809573,59
1290823246,17
1290830352,15
1290838121,20
1290852121,31
1290854596,664
1290857129,39
1290878523,12
1290884614,118
1290897015,23
1290897156,748
1290900293,40
1290923480,15
1290927049,15
1290929180,11
1290933935,195
1290947992,59
1290950360,120
1290952186,34
1290956546,30
1290960638,11
1290961602,74
1290979982,129
1290982812,11
1291007526,16
1291031738,46
1291031778,15
1291037585,60
1291037733,21
1291049617,13
1291074566,72
1291085789,11
1291088056,15
1291088888,16
1291092395,15
1291098094,546
1291098747,12
1291114277,64
1291115716,123
1291116871,25
1291123786,89
1291146703,70
1291154771,42
1291155153,34
1291155173,20
1291157543,672
1291173264,30
1291173267,16
1291189671,13
1291203310,16
1291210160,418
1291214151,128
1291221848,11
1291233408,106
1291242597,584
1291280180,65
1291282235,23
1291286746,12
1291296643,11
1291301285,32
1291305333,24
1291322604,55
1291336189,12
1291336217,30
1291336838,37
1291339585,18
1291342338,18
1291351338,20
1291351498,13
1291360022,24
1291383899,10
1291387853,27
1291414309,106
1291421612,79
1291423504,20
1291424008,12
1291431281,54
1291441881,18
1291442636,29
1291455828,26
1291455926,18
1291466723,38
1291466969,5
1291468384,11
1291481144,11
1291490166,251
1291492779,34
1291498626,45
1291499934,29
1291501594,12
1291502015,953
1291502103,29
1291503861,375
1291530267,234
1291531038,13
1291534737,62
1291536810,13
1291543949,12
1291544092,2190
1291571801,96
1291595187,11
1291604065,64
1291613802,120
1291618703,32
1291629775,13
1291629779,10
1291642855,86
1291643562,14
1291644553,23
1291658615,35
1291659044,112
1291661471,117
1291673784,20
1291675170,12
1291688318,162
1291691703,78
1291693853,21
1291720073,19
1291727921,13
1291728144,44
1291734043,58
1291741982,180
1291742788,77
1291748193,28
1291765045,25
1291766087,31
1291773488,13
1291779094,50
1291781923,64
1291783779,4657
1291802228,14
1291808712,35
1291831530,23
1291834848,45
1291860076,166
1291886696,20
1291888782,105
1291892045,59
1291896819,155
1291901874,13
1291907563,38
1291915843,14
1291921955,104
1291923249,43
1291931737,24
1291936449,12
1291950976,25
1291958928,233
1291962137,31
1291969904,64
1291971266,17
1291974677,16
1291978751,37
1291987214,18
1291988340,255
1291991682,30
1291993456,12
1291994110,196
1292006968,16
1292018156,14
1292028312,33
1292028472,15
1292033680,13
1292036695,17
1292072706,347
1292088940,525
1292122475,19
1292149371,19
1292158992,349
1292170877,31
1292185453,11
1292186249,49
1292197111,112
1292208306,308
1292208583,40
1292215635,11
1292218441,20
1292223573,11
1292226955,11
1292249533,53
1292251343,20
1292256306,43
1292265540,36
1292266680,345
1292280196,12
1292280249,867
1292287896,15
1292290792,12
1292294946,13
1292295667,17
1292302215,166
1292320543,12
1292336215,161
1292339579,15
1292341562,95
1292342255,95
1292354118,15
1292354210,75
1292362076,18
1292365126,80
1292373208,17
1292381040,13
1292384008,21
1292406637,977
1292431002,57
1292434453,18
1292436887,430
1292440059,67
1292440486,20
1292458106,48
1292458261,47
1292458276,62
1292462975,85
1292469953,14
1292472665,25
1292477439,57
1292480695,185
1292482053,182
1292505690,303
1292523720,18
1292529733,208
1292530568,17
1292532003,29
1292544026,837
1292548604,26
1292550079,26
1292567425,97
1292575405,12
1292581405,35
1292586353,23
1292588083,724
1292591034,29
1292601409,117
1292602748,14
1292603082,944
1292611271,852
1292617331,49
1292652711,70
1292661997,43
1292662826,62
1292666572,11
1292668977,168
1292670045,35
1292672931,362
1292678764,32
1292687159,40
1292688393,19
1292699127,17
1292704139,48
1292707082,27
1292709273,127
1292725081,37
1292726463,73
1292729732,39
1292735425,11
1292752293,13
1292756053,896
1292758637,1150
1292799650,21
1292803076,53
1292805205,20
1292810049,20
1292813857,251
1292815860,66
1292817311,75
1292818025,15
1292826636,11
1292842754,108
1292859223,24
1292864285,531
1292887429,15
1292893151,26
1292896360,12
1292904557,22
1292908333,102
1292915032,26
1292917621,28
1292920091,30
1292930883,26
1292937850,177
1292949057,23
1292951665,13
1292959171,93
1292960437,34
1292965534,14
1292967604,35
1292975337,13
1292983476,12
1292983646,57
1292995916,87
1293002033,136
1293011705,16
1293014571,315
1293016738,15
1293023344,106
1293023679,69
1293029871,27
1293047359,100
1293051640,279
1293054306,755
1293055082,67
1293060614,81
1293066810,37
1293079208,374
1293080938,11
1293082552,9
1293082777,12
1293089313,14
1293097754,29
1293121942,597
1293123016,14
1293128596,603
1293133470,169
1293133608,17
1293144497,25
1293145788,25
1293146740,30
1293152736,13
1293153760,59
1293166992,50
1293174594,51
1293188585,30
1293204556,58
1293219971,81
1293238217,21
1293242972,12
1293267652,38
1293275849,442
1293282148,15
1293287983,62
1293290940,291
1293297917,12
1293298064,123
1293302148,85
1293329788,163
1293335769,19
1293344456,121
1293344851,17
1293359656,13
1293366476,12
1293369680,75
1293371220,770
1293372051,1495
1293373926,28
1293392008,32
1293394740,12
1293395679,24
1293400026,16
1293418144,16
1293424064,33
1293445504,54
1293450941,162
1293473664,592
1293496062,156
1293499204,11
1293519413,19
1293528120,16
1293528352,217
1293532831,11
1293548427,272
1293565442,35
1293566414,23
1293583727,128
1293587084,30
1293591465,26
1293596948,11
1293597225,104
1293600453,1047
1293608593,579
1293617341,29
1293625280,12
1293627972,16
1293631192,87
1293640519,420
1293647745,26
1293670798,912
1293691564,103
1293698128,18
1293717587,30
1293717823,134
1293718969,183
1293727298,93
1293729903,136
1293742072,123
1293743886,71
1293746415,23
1293746575,28
1293747025,134
1293801504,41
1293806470,746
1293840610,32
1293842570,52
1293851627,11
1293861908,12
1293889404,60
1293898786,31
1293924437,15
1293928825,41
1293935952,13
1293948993,257
1293950824,11
1293955244,21
1293965946,153
1293975384,45
1294008777,95
1294058995,14
1294069826,12
1294080817,14
1294094207,17
1294114499,43
1294119998,19
1294147380,11
1294157055,182
1294164685,79
1294200741,49
1294251753,11
1294259549,15
1294279713,13
1294301160,11
1294305994,13
1294311895,11
1294326780,16
1294335516,11
1294339931,180
1294351823,27
1294369296,65
1294382024,50
1294390376,102
1294427913,100
1294430749,38
1294440483,26
1294459630,63
1294466084,18
1294480204,18
1294485027,17
1294528581,15
1294541211,27
1294544128,921
1294544597,12
1294562764,436
1294565886,14
1294567068,75
1294586858,36
1294598436,33
1294604196,36
1294614772,32
1294616380,194
1294624577,11
1294625255,31
1294626733,81
1294637523,482
1294651771,20
1294654664,52
1294665149,53
1294667605,17
1294673670,133
1294677362,13
1294678204,131
1294679712,21
1294680964,24
1294686811,131
1294697127,11
1294704254,129
1294722834,166
1294739070,124
1294760990,139
1294763382,14
1294778982,37
1294787951,134
1294799753,13
1294816362,134
1294821660,163
1294823848,131
1294849806,37
1294852002,17
1294874234,29
1294885537,19
1294904000,77
1294906029,12
1294907218,13
1294939035,75
1294942498,13
1294956555,107
1294964139,912
1294964918,66
1294974964,168
1294988947,347
1294991594,13
1295000646,18
1295002937,73
1295011810,12
1295012792,15
1295039995,275
1295042547,13
1295046960,66
1295051598,61
1295070151,28
1295073265,222
1295085779,14
1295086761,40
1295092827,304
1295108547,39
1295117727,307
1295145837,16
1295154902,1159
1295162156,2
1295166457,16
1295167025,37
1295170501,83
1295183786,12
1295184546,12
1295185242,12
1295186092,17
1295193750,14
1295194584,13
1295196892,15
1295199205,13
1295206342,15
1295262141,11
1295266264,47
1295282395,12
1295282888,4
1295293233,13
1295296921,40
1295298451,22
1295303557,11
1295310807,51
1295314945,147
1295320127,30
1295320736,52
1295344808,13
1295357346,12
1295359708,33
1295363021,132
1295383219,120
1295386434,13
1295387006,54
1295415985,132
1295422942,12
1295438128,36
1295450141,75
1295470853,486
1295478728,14
1295482110,262
1295495980,11
1295496217,12
1295510275,69
1295512859,13
1295515267,97
1295524525,27
1295531254,1574
1295543570,12
1295554023,101
1295577734,112
1295578280,16
1295581894,92
1295583883,22
1295584891,58
1295590478,32
1295614877,11
1295618902,59
1295624544,24
1295634529,28
1295648738,239
1295649165,100
1295650615,11
1295653490,33
1295653887,33
1295657237,11
1295658103,22
1295661232,19
1295661278,20
1295663128,21
1295663977,11
1295676197,200
1295680592,14
1295688847,109
1295700623,31
1295708862,569
1295714815,17
1295752474,213
1295764899,15
1295765493,12
1295766600,18
1295768859,161
1295773286,28
1295803985,30
1295809480,16
1295814352,22
1295829277,27
1295835040,78
1295858816,40
1295864070,160
1295864331,31
1295872517,18
1295877973,11
1295901464,101
1295902352,16
1295906282,11
1295937847,186
1295965137,40
1295965620,63
1295967737,12
1295972337,58
1295975920,17
1295985574,60
1295989737,16
1295991094,26
1295994638,62
1295996145,13
1296000930,43
1296010200,72
1296016994,38
1296021415,23
1296024548,708
1296036886,2118
1296040105,31
1296041659,100
1296050346,595
1296055654,54
1296056515,18
1296072145,59
1296090089,16
1296101426,14
1296102301,379
1296107475,852
1296111192,352
1296111638,26
1296111994,17
1296114889,39
1296119852,34
1296129407,12
1296135579,26
1296135758,44
1296137450,11
1296138876,16
1296163320,21
1296189318,29
1296190079,35
1296243058,19
1296248129,57
1296250451,208
1296256899,11
1296260901,39
1296273774,14
1296300799,3313
1296301313,915
1296302822,812
1296312541,47
1296324767,118
1296326316,66
1296344930,471
1296347944,161
1296348059,17
1296349582,212
1296350812,43
1296354941,7
1296365237,88
1296370469,20
1296375920,482
1296381450,19
1296383855,137
1296385256,292
1296390238,13
1296397537,93
1296404338,148
1296408226,16
1296425754,12
1296432061,12
1296432740,57
1296434943,90
1296435222,21
1296438403,25
1296441594,52
1296449838,80
1296450945,47
1296452875,13
1296462200,233
1296465177,13
1296471020,13
1296471449,1008
1296472403,140
1296476248,21
1296478978,38
1296484148,37
1296537614,12
1296550039,162
1296553907,15
1296555600,27
1296557893,41
1296570575,42
1296573992,21
1296584227,13
1296585751,237
1296602376,85
1296607973,117
1296627757,939
1296635340,46
1296635666,15
1296643720,33
1296649748,18
1296649839,754
1296661225,110
1296668674,16
1296672011,144
1296678306,264
1296678314,46
1296680841,1366
1296688714,40
1296688895,249
1296711588,206
1296713807,11
1296717138,20
1296734416,12
1296738161,30
1296751400,120
1296768326,92
1296774563,29
1296775646,28
1296780960,148
1296787820,28
1296792947,38
1296793921,28
1296808521,180
1296814267,12
1296817533,87
1296833527,42
1296836072,218
1296841294,93
1296854989,106
1296861532,43
1296874887,63
1296882043,27
1296889061,22
1296900853,12
1296903699,17
1296904602,11
1296913096,187
1296922843,15
1296926351,13
1296926632,11
1296929824,13
1296931670,16
1296932035,82
1296935864,121
1296937336,10
1296941059,16
1296944672,22
1296959361,29
1296961913,68
1296963477,343
1296965951,79
1296980330,12
1296981871,54
1296982152,40
1297000919,18
1297003539,31
1297004839,27
1297007256,108
1297007799,14
1297010149,483
1297013313,72
1297019929,46
1297022212,116
1297030348,18
1297030493,12
1297042736,11
1297049157,13
1297072142,92
1297075250,14
1297089591,158
1297090793,154
1297091782,19
1297099848,24
1297100398,23
1297115272,112
1297115450,91
1297117944,39
1297121898,33
1297126969,36
1297147597,26
1297152948,50
1297155925,68
1297161149,17
1297163433,12
1297185351,16
1297186508,62
1297191394,123
1297197707,35
1297197942,97
1297199648,22
1297201544,13
1297204247,29
1297211063,40
1297212179,122
1297221666,14
1297241435,18
1297245314,39
1297248636,131
1297251847,17
1297263342,20
1297265714,17
1297278222,534
1297287351,12
1297290359,11
1297313158,118
1297316519,5170
1297316564,156
1297317945,29
1297334206,82
1297337135,13
1297343152,32
1297344540,15
1297353293,18
1297368894,11
1297368927,20
1297376870,15
1297377707,11
1297379226,44
1297385317,17
1297385905,13
1297386092,37
1297386391,340
1297390767,14
1297390829,35
1297391498,36
1297393883,17
1297397966,16
1297400572,18
1297413550,16
1297414511,103
1297429458,59
1297429477,37
1297448989,49
1297451632,11
1297462855,17
1297466672,18
1297478882,29
1297479393,19
1297491478,15
1297510474,14
1297526964,21
1297534990,28
1297538014,119
1297553204,106
1297560842,11
1297567382,29
1297572541,94
1297573774,29
1297574911,41
1297579661,33
1297579800,55
1297586900,24
1297595257,11
1297600783,15
1297608111,69
1297611216,111
1297616368,13
1297633053,12
1297638533,120
1297643511,17
1297645533,1061
1297650803,17
1297660778,13
1297668161,36
1297684377,15
1297691747,164
1297694352,63
1297701040,18
1297703342,30
1297709406,11
1297730581,17
1297738589,48
1297757117,18
1297762386,12
1297765263,13
1297766097,19
1297776074,208
1297776908,153
1297780347,112
1297789435,19
1297797901,40
1297799377,112
1297814636,13
1297827159,103
1297831184,50
1297878371,119
1297899871,19
1297902282,81
1297912696,127
1297916761,21
1297937750,18
1297941714,11
1297960940,11
1297972250,51
1297979369,482
1297984221,93
1297985737,106
1297986858,17
1297987227,33
1297991968,11
1297996943,59
1298001693,45
1298006204,13
1298021489,148
1298031533,157
1298034949,59
1298037639,223
1298047052,13
1298065682,55
1298073124,14
1298076016,18
1298084716,78
1298108536,38
1298112590,36
1298115146,103
1298124536,296
1298127389,41
1298139770,14
1298153351,33
1298158902,54
1298164075,171
1298174000,17
1298175867,20
1298186451,18
1298188743,38
1298189234,863
1298191005,34
1298203529,35
1298208279,23
1298209482,12
1298212519,12
1298216311,30
1298216890,21
1298228264,19
1298235708,17
1298244810,1305
1298248424,27
1298265782,133
1298271854,32
1298282884,98
1298282939,106
1298301815,572
1298301851,11
1298306683,34
1298311899,15
1298314398,16
1298317899,43
1298324581,88
1298330759,15
1298330762,139
1298335317,12
1298351661,12
1298354563,50
1298354719,40
1298373096,21
1298373549,12
1298381505,50
1298389464,25
1298394175,121
1298402208,21
1298402291,22
1298402884,66
1298416012,16
1298420807,12
1298427761,43
1298441011,90
1298444438,33
1298458766,111
1298494423,27
1298500250,49
1298518446,14
1298522061,26
1298524881,17
1298526427,11
1298531535,24
1298540929,152
1298569568,37
1298598437,21
1298605985,33
1298611557,167
1298661166,17
1298661864,45
1298662780,43
1298664835,22
1298677021,13
1298696137,8577
1298699871,27
1298699946,11
1298703923,16
1298710636,108
1298717535,13
1298735948,196
1298757994,19
1298760593,171
1298761206,21
1298776816,55
1298780689,103
1298781357,38
1298783547,12
1298794128,49
1298803736,30
1298809265,12
1298817286,39
1298818939,28
1298825209,1513
1298833847,23
1298835702,29
1298841963,12
1298849251,201
1298852328,35
1298874131,17
1298890469,17
1298890549,1525
1298907438,11
1298912593,27
1298912749,70
1298912807,202
1298916380,40
1298933079,93
1298948475,15
1298954696,89
1298962178,16
1298962714,154
1298977090,356
1298994476,12
1298997344,18
1298998324,1551
1299021923,21
1299023861,183
1299043514,240
1299058088,95
1299059228,412
1299064384,17
1299071115,13
1299074098,17
1299075417,31
1299075519,95
1299075525,28
1299086165,22
1299096615,19
1299098282,14
1299101460,19
1299103445,18
1299104550,34
1299108987,62
1299109556,157
1299119693,15
1299128832,12
1299132400,14
1299132437,15
1299133936,202
1299153287,43
1299172984,16
1299183411,43
1299193892,13
1299196724,18
1299225226,108
1299227072,712
1299238284,21
1299238433,128
1299239337,51
1299248993,18
1299251844,14
1299255113,154
1299261309,15
1299266129,222
1299274014,18
1299283711,13
1299297301,53
1299299202,23
1299300597,19
1299316742,60
1299322393,19
1299332215,20
1299332376,120
1299332647,13
1299352195,44
1299359887,21
1299363480,17
1299377098,46
1299377596,80
1299381557,145
1299391180,84
1299391914,24
1299395003,14
1299402689,26
1299405532,104
1299411037,13
1299415612,96
1299424782,18
1299427635,11
1299436675,30
1299444163,81
1299446983,132
1299449396,12
1299460293,475
1299469235,17
1299472893,33
1299483807,52
1299494230,90
1299499111,51
1299501821,11
1299504474,162
1299510850,15
1299516451,43
1299516812,60
1299518666,268
1299531705,15
1299534286,13
1299544119,31
1299550692,54
1299564899,18
1299570761,12
1299573741,39
1299585779,21
1299592457,12
1299593939,23
1299608688,28
1299619059,48
1299619868,281
1299627068,29
1299628213,16
1299635121,60
1299639457,145
1299691584,168
1299702144,13
1299704239,13
1299711281,17
1299715232,27
1299734316,182
1299750967,112
1299751691,0
1299769220,9460
1299770029,11
1299809384,12
1299811667,57
1299820860,565
1299827099,176
1299833043,26
1299839177,22
1299847522,12
1299849814,18
1299851932,20
1299864365,18
1299869694,36
1299885911,472
1299896218,82
1299907984,19
1299929539,11
1299936609,240
1299946390,17
1299948312,38
1299952233,324
1299952957,82
1299953207,25
1299963641,75
1299965162,18
1299966529,454
1299969979,57
1299969985,20
1299980464,42
1299986260,65
1299986993,17
1300023993,204
1300024503,435
1300030250,25
1300040942,75
1300044327,11
1300059342,83
1300071253,16
1300071984,26
1300084498,45
1300088092,29
1300107229,28
1300108628,164
1300123581,180
1300130121,22
1300134200,141
1300140564,46
1300144318,128
1300145782,102
1300153697,268
1300163727,16
1300164869,16
1300165290,141
1300168072,135
1300171107,127
1300173275,616
1300181963,106
1300184722,22
1300197094,16
1300200526,13
1300204002,129
1300204425,98
1300211152,139
1300212740,73
1300220661,125
1300229326,16
1300230372,89
1300237368,139
1300241319,18
1300242971,127
1300259063,140
1300265377,140
1300269999,15
1300271089,40
1300271177,41
1300271266,40
1300271366,42
1300271521,41
1300273081,21
1300277628,143
1300282659,81
1300282686,16
1300286845,52
1300287685,11
1300290874,28
1300293955,25
1300293986,168
1300295755,16
1300296756,16
1300301101,42
1300333512,132
1300337557,22
1300342376,11
1300374453,87
1300393596,31
1300401366,23
1300402437,59
1300418295,330
1300430658,48
1300438415,19
1300442898,70
1300446537,125
1300459912,38
1300470235,17
1300484864,196
1300502001,42
1300521661,12
1300523446,53
1300541341,81
1300541916,52
1300555995,527
1300568623,11
1300573378,48
1300576199,14
1300577620,19
1300585573,11
1300589372,22
1300596785,86
1300599779,92
1300600847,20
1300608745,13
1300610806,23
1300611018,151
1300612704,1992
1300619513,18
1300628885,21
1300631934,50
1300644821,26
1300666568,40
1300667851,18
1300682631,23
1300707779,15
1300713717,27
1300715013,30
1300719974,203
1300725289,20
1300735116,23
1300757259,91
1300781672,125
1300791877,41
1300819170,263
1300825775,694
1300827846,19
1300835670,22
1300838692,13
1300842713,16
1300874608,12
1300882050,12
1300901348,23
1300901573,13
1300902838,24559
1300907089,40
1300919728,17
1300920852,15
1300925674,13
1300926657,42
1300955288,12
1300982703,20
1300983367,16
1300983387,245
1300991151,47
1300993394,14
1300995235,33
1301005835,29
1301016329,23
1301017059,12
1301035913,24
1301065951,27
1301067430,16
1301073151,75
1301078425,46
1301103236,88
1301105296,259
1301107406,11
1301120666,40
1301131750,103
1301135117,18
1301140584,116
1301140808,10414
1301143981,16
1301149423,18
1301150154,14
1301161752,212
1301178592,62
1301196895,209
1301199747,30
1301201613,150
1301213233,598
1301214182,12
1301224634,30
1301231972,204
1301238021,81
1301246878,12
1301254884,148
1301262267,23
1301266742,42
1301269170,25
1301277455,18
1301292883,24
1301304056,60
1301304237,86
1301312343,153
1301318281,20
1301322902,24
1301323244,16
1301347593,13
1301348114,99
1301348989,13
1301366518,19
1301371493,16
1301373645,16
1301374527,19
1301376039,146
1301376665,16
1301386747,58
1301389817,13
1301401232,18
1301417762,17
1301419178,16
1301421907,11
1301439040,27
1301445158,22
1301448027,38
1301454477,13
1301455815,25
1301458181,18
1301466742,1
1301469329,85
1301471093,13
1301472408,12
1301485123,956
1301485816,403
1301491918,45
1301492559,43
1301493865,17
1301498505,43
1301498945,83
1301502264,39
1301518021,41
1301525143,24
1301527869,36
1301528097,62
1301533608,114
1301540478,130
1301558649,17
1301563271,102
1301570059,228
1301575666,11
1301596482,68
1301597356,13494
1301607598,1037
1301611769,12
1301639709,16
1301640367,91
1301641528,19
1301643310,28
1301653337,505
1301657572,64
1301667013,43
1301672719,454
1301683816,355
1301693327,34
1301709626,58
1301725592,12
1301738357,15
1301756334,30
1301767680,13
1301774983,44
1301790724,31
1301796528,53
1301812872,50
1301819599,16
1301841465,51
1301856089,57
1301856519,55
1301861241,30
1301870117,22
1301875103,14
1301898837,23
1301903391,153
1301917947,22
1301934220,11
1301938254,12
1301958727,18
1301969071,22
1301983899,68
1301987551,26
1301992438,18
1301993377,12
1301998668,13
1302010381,20
1302014092,12
1302019080,241
1302019326,46
1302029387,31
1302030647,15
1302031002,115
1302037370,15
1302045369,68
1302067941,14
1302077273,1081
1302080030,13
1302087529,12
1302093382,380
1302124928,28
1302164086,27
1302170043,119
1302170604,14
1302172683,814
1302190660,33
1302202107,37
1302202880,31
1302223856,55
1302242606,11
1302252210,76
1302262750,116
1302268312,17
1302269184,21
1302273154,102
1302277405,16
1302287414,63
1302291872,20
1302296412,19
1302297046,16
1302297836,29
1302315783,30
1302319451,15
1302326901,22
1302327379,24
1302329332,97
1302335558,26
1302375379,119
1302393186,14
1302398032,1849
1302409680,764
1302413366,17
1302419828,43
1302426780,12
1302427034,22
1302442495,11
1302448737,370
1302460137,139
1302464336,13
1302471470,20
1302482437,19
1302483274,81
1302494840,11
1302496224,629
1302501377,12
1302513724,34
1302521362,30
1302522817,13
1302531339,163
1302544971,155
1302549724,118
1302552260,11
1302584359,28
1302595848,57
1302610309,18
1302615481,22
1302629692,33
1302634008,16
1302637373,12
1302641378,12
1302643506,106
1302655029,11
1302657908,18
1302669715,23
1302690078,801
1302692944,53
1302701321,27
1302709654,15
1302734131,15
1302746638,20
1302754323,31
1302756008,1643
1302761259,65
1302778457,24
1302780148,12
1302793047,18
1302801301,12
1302802371,123
1302812797,11
1302835106,11
1302856834,15
1302875835,13
1302888707,38
1302893901,17
1302911872,73
1302914488,28
1302915552,355
1302919578,3
1302920880,19
1302925060,64
1302937875,25
1302938232,31
1302961227,43
1302962846,76
1302984367,103
1302986554,605
1302987358,37
1302988703,68
1303008060,106
1303020015,275
1303030097,57
1303043661,16
1303050614,18
1303051373,14
1303057578,14
1303075050,258
1303082204,120
1303090597,13
1303104453,53
1303104741,14
1303106583,28
1303110640,39
1303111815,30
1303113964,42
1303123981,19
1303124963,76
1303160078,27
1303179284,12
1303197338,37
1303207414,44
1303214804,28
1303225493,14
1303228846,12
1303237716,19
1303245406,11
1303253010,102
1303257127,97
1303258850,2509
1303265999,124
1303286155,19
1303294638,38
1303306436,35
1303311265,11
1303315918,223
1303323911,189
1303365335,32
1303388198,332
1303415892,17
1303424682,13
1303430390,67
1303444609,1131
1303452678,39
1303463449,126
1303475491,36
1303494416,920
1303503512,24
1303504717,93
1303510493,15
1303516931,374
1303528937,69
1303535896,33
1303542206,55
1303546492,53
1303558514,167
1303563430,51
1303576851,1208
1303612962,33
1303627608,25
1303648567,44
1303649436,12
1303650717,11
1303654689,26
1303659182,112
1303663690,25
1303663929,15
1303665181,59
1303694788,15
1303698387,14
1303700237,15
1303711609,174
1303715087,233
1303720794,26
1303725660,25
1303760460,28
1303763995,33
1303775804,26
1303777396,16
1303780153,26
1303792328,23
1303808471,37
1303816773,13
1303829880,2674
1303838051,11
1303840800,82
1303843138,35
1303846871,17
1303848201,17
1303848744,13
1303852154,16
1303852365,13
1303856272,20
1303882206,11
1303900797,48
1303913048,18
1303930771,273
1303945692,39
1303951648,142
1303954218,32
1303954895,23
1303964380,11
1303967338,15
1303967412,36
1303984411,41
1303993210,12
1303996759,18
1304005951,13
1304007356,18
1304009131,29
1304012236,66
1304014128,59
1304019895,38
1304024914,31
1304027230,146
1304050127,11
1304056775,157
1304080289,56
1304094516,47
1304107002,20
1304125705,19
1304129036,938
1304146485,23
1304149672,95
1304152620,15
1304159264,5558
1304160686,12
1304174300,135
1304196000,12
1304196094,18
1304207622,3867
1304222831,151
1304225766,12
1304226508,11
1304229261,458
1304232661,42
1304234956,22
1304237262,44
1304238567,81
1304242618,24
1304246254,11
1304260727,45
1304294655,11
1304306112,23
1304315081,101
1304318009,11
1304322497,48
1304333897,27
1304335866,29
1304337507,40
1304341067,35
1304347403,11
1304349828,70
1304349839,16
1304355918,14
1304359065,195
1304373890,15
1304378523,29
1304378982,35
1304380332,12
1304384931,62
1304404625,13
1304407094,135
1304423757,31
1304431028,118
1304443708,14
1304444662,39
1304451904,37
1304467806,48
1304471702,42
1304473868,19
1304488632,29
1304488811,14
1304493978,12
1304495415,108
1304501122,52
1304506703,31
1304517830,19
1304519591,39
1304520950,15
1304526833,13
1304529385,119
1304529863,60
1304537180,15
1304537472,75
1304539881,15
1304542808,46
1304556871,31
1304559533,26
1304567127,46
1304567934,23
1304586137,18
1304591688,24
1304594889,10
1304595029,145
1304597154,21
1304599770,21
1304610471,12
1304628584,20
1304631348,33
1304632302,41
1304663770,121
1304671769,53
1304679633,22
1304680116,54
1304682395,10
1304694242,26
1304696083,43
1304696714,1034
1304697544,17
1304731994,16
1304734752,16
1304747155,150
1304750838,11
1304758893,75
1304766813,50
1304775452,100
1304785049,21
1304794847,21
1304799387,18
1304802486,12
1304806937,34
1304818308,14
1304821256,15
1304827709,7
1304828386,45
1304828882,3
1304832932,45
1304837172,58
1304837388,15
1304837809,81
1304843457,182
1304856087,24
1304862483,24
1304863350,13
1304888461,70
1304901279,61
1304911834,14
1304923286,32
1304926283,113
1304927496,172
1304930510,25
1304957651,626
1304963373,27
1304980197,11
1304985779,35
1304988216,14
1304995104,16
1304995293,18
1304997851,41
1305001221,119
1305002900,11
1305006110,11
1305021260,23
1305036742,14
1305037983,143
1305045933,35
1305046490,28
1305054288,17
1305056966,128
1305056996,31
1305058794,610
1305081749,41
1305087722,16
1305087895,21
1305091317,31
1305103103,79
1305115824,145
1305117762,63
1305120640,131
1305129752,49
1305133774,100
1305146030,34
1305148975,34
1305151705,146
1305155429,34
1305161350,19
1305176990,16
1305178119,291
1305179696,63
1305184384,14
1305188958,15
1305192376,312
1305195833,13
1305199771,21
1305202283,76
1305213459,25
1305213711,25
1305226250,26
1305228500,16
1305235960,23
1305236221,15
1305243497,2475
1305247069,17
1305262154,79
1305266704,10
1305267585,171
1305271574,45
1305279821,28
1305283849,190
1305286302,15
1305295802,18
1305317087,13
1305322797,107
1305361578,77
1305361794,56
1305375036,31
1305383508,1120
1305384204,19
1305391575,93
1305402694,63
1305405354,107
1305421235,320
1305422688,133
1305428722,120
1305444772,179
1305457480,102
1305464963,12
1305466278,442
1305475154,46
1305475918,264
1305486782,14
1305490851,200
1305492582,21
1305498575,352
1305507742,33
1305508043,42
1305514578,15
1305527469,17
1305535459,46
1305540288,7
1305545535,324
1305549420,12
1305550169,11
1305551862,196
1305553926,11
1305556195,86
1305561172,21
1305570895,18
1305587608,74
1305591013,23
1305603066,14
1305606229,107
1305616760,13
1305624022,441
1305625451,35
1305628084,59
1305637317,14
1305660185,17
1305663861,4403
1305667339,64
1305679958,21
1305682786,16
1305704141,41
1305707360,24
1305709115,17
1305715709,21
1305721097,15
1305731992,35
1305741457,181
1305741622,21
1305744986,51
1305755468,67
1305772131,162
1305773751,14
1305774331,80
1305780550,46
1305782176,17
1305788388,17
1305789974,25
1305796151,150
1305797201,80
1305803446,263
1305806069,28
1305806147,31
1305812425,27
1305814109,55
1305814495,16
1305816675,18
1305818123,11
1305824431,12
1305828240,44
1305841714,43
1305844835,11
1305848083,13
1305848792,11
1305853976,11
1305862430,19
1305863428,13
1305864535,31
1305877496,68
1305900997,11
1305904986,44
1305919833,54
1305945075,201
1305949408,11
1305990791,60
1306012498,307
1306022100,14
1306026425,20
1306027397,16
1306049663,13
1306059784,33
1306061660,13
1306065843,1200
1306119612,29
1306128367,14024
1306128677,13
1306129196,45
1306138051,11
1306142266,53
1306145188,13
1306154480,28
1306154585,75
1306167802,11
1306169988,122
1306183965,48
1306195002,66
1306196215,41
1306213287,27
1306234870,11
1306237950,34
1306263750,15
1306272254,35
1306272949,231
1306273589,42
1306275910,30
1306277970,11
1306298776,67
1306302333,24
1306308600,14
1306313813,15
1306318768,217
1306319469,20
1306319471,22
1306319479,20
1306326204,161
1306330232,18
1306331131,18
1306332390,12
1306335487,33
1306342221,15
1306353245,32
1306364195,69
1306401233,22
1306402179,8
1306402746,8
1306405145,12
1306408422,96
1306411267,16
1306413888,32
1306427790,13
1306430083,325
1306439313,29
1306443880,917
1306446403,109
1306447506,417
1306448176,56
1306451998,20
1306471514,13
1306482063,93
1306485176,94
1306493579,11
1306494403,47
1306496047,41
1306496060,107
1306500877,44
1306503677,608
1306505953,37
1306512034,34
1306537922,27
1306539048,39
1306551257,24
1306551587,87
1306568539,125
1306578822,60
1306586377,15
1306595286,192
1306600992,13
1306607268,216
1306613830,203
1306616266,31
1306633324,11
1306656310,120
1306659537,40
1306662378,116
1306664176,345
1306694574,57
1306706347,28
1306722822,1861
1306725865,49
1306727166,16
1306733753,645
1306736699,39
1306741502,13
1306743583,39
1306758289,1178
1306768200,1355
1306781567,15
1306826997,42
1306834767,50
1306836270,284
1306846091,27
1306848735,27
1306851637,13
1306851819,27
1306869516,7
1306872292,6
1306876863,5
1306882201,14
1306883915,18
1306886896,45
1306900312,25
1306905377,16
1306907703,26
1306912075,32
1306918164,822
1306932520,51
1306938692,20
1306959362,18
1306960192,22
1306969596,123
1306985935,90
1306986142,11
1306989887,1644
1307004566,44
1307024852,24
1307025984,205
1307038453,31
1307060259,16
1307065127,12
1307065438,300
1307065754,35
1307068134,62
1307070667,185
1307074936,19
1307084089,322
1307084846,117
1307096111,23
1307097672,45
1307104496,79
1307119235,67
1307122649,12
1307144877,18
1307154301,297
1307157054,57
1307160977,66
1307168916,16
1307169447,76
1307178612,12
1307178735,97
1307180092,12
1307183421,13
1307197725,191
1307202159,233
1307203323,79
1307213552,42
1307221879,43
1307230282,14
1307234647,13
1307244279,23
1307248901,43
1307252454,762
1307266417,88
1307270186,15
1307270857,54
1307285110,93
1307328321,188
1307341214,24
1307347876,13
1307350189,269
1307351082,36
1307359698,57
1307372176,16
1307376509,47
1307379556,235
1307383231,2210
1307394829,14
1307404521,11
1307409549,12
1307416356,12
1307425320,21
1307432618,72
1307448787,102
1307465082,15
1307467681,26
1307486190,1177
1307488192,16
1307488992,151
1307489758,13
1307514479,79
1307527826,13
1307547413,13
1307559411,13
1307567870,65
1307568662,2051
1307584540,34
1307596191,22
1307603352,50
1307624256,20
1307628678,12
1307633669,60
1307643131,12
1307646804,14
1307648930,30
1307649454,43
1307649953,73
1307671429,18
1307673508,35
1307679581,1787
1307694207,21
1307697837,34
1307703830,139
1307704843,12
1307713600,19
1307720625,17
1307733763,79
1307742719,11
1307762938,195
1307767186,17
1307773072,38
1307773990,19
1307787792,100
1307790733,117
1307805451,44
1307807240,35
1307809022,24
1307815143,14
1307817867,20
1307818034,84
1307821649,30
1307831948,11
1307836085,21
1307873912,135
1307885966,27
1307893307,18
1307896324,21
1307911548,53
1307913805,12
1307918371,15
1307944394,44
1307952399,22
1307954344,87
1307966960,13
1307972723,12
1307984484,160
1307987666,55
1307990988,12
1307992645,28
1308019466,22
1308040005,78
1308045091,20
1308097408,16
1308102087,39
1308110606,15
1308122629,35
1308123071,23
1308124634,78
1308149332,276
1308175488,558
1308192854,11
1308206794,16
1308234922,13
1308268969,34
1308288667,138
1308295979,49
1308316384,23
1308327451,20
1308331067,17
1308336615,19
1308352598,23
1308359696,11
1308361498,22
1308364098,11
1308369084,48
1308397376,50
1308398292,13
1308400131,16
1308404399,44
1308410531,24
1308419721,38
1308444605,28
1308447765,55
1308448263,78
1308448270,292
1308458265,52
1308458354,366
1308460307,521
1308474631,22
1308479983,41
1308481724,34
1308482715,21
1308521113,46
1308521559,136
1308530009,115
1308535464,32
1308538112,111
1308545018,22
1308548569,28
1308555341,20
1308558657,260
1308565466,14
1308567776,14
1308579255,17
1308593621,330
1308599537,50
1308602622,35
1308603606,32
1308612950,149
1308635689,48
1308635795,17
1308648534,570
1308686491,65
1308708421,90
1308739986,20
1308745348,14
1308747824,18
1308758430,17
1308766310,11
1308779766,22
1308788921,21
1308795025,239
1308801528,32
1308805179,40
1308813487,91
1308815776,52
1308834602,18
1308843906,135
1308844682,22
1308850915,22
1308867877,56
1308873515,85
1308878403,30
1308924757,69
1308942123,282
1308959443,55
1308968509,16
1309035989,13
1309048757,295
1309051991,15
1309088427,17
1309088889,163
1309091925,90
1309102418,1958
1309107879,123
1309116723,30
1309132872,31
1309135706,94
1309137852,14
1309144942,12
1309151187,40
1309225609,11
1309245485,12
1309246845,64
1309249926,37
1309280330,14
1309282831,512
1309341321,159
1309343607,15
1309348250,63
1309349093,13
1309360788,45
1309370339,16
1309385521,17
1309391856,14
1309399723,858
1309403290,11
1309407208,24
1309425913,38
1309433170,15
1309433504,68
1309435192,35
1309437536,346
1309451980,3073
1309472658,17
1309476358,101
1309487694,25
1309499087,1105
1309505221,950
1309510538,39
1309540034,19
1309553976,19
1309554690,250
1309561049,12
1309585508,1039
1309586086,41
1309587458,119
1309597733,17
1309601929,19
1309611294,16
1309617936,44
1309620561,12
1309640971,37
1309647838,52
1309661157,12
1309661906,181
1309664593,73
1309664986,71
1309668849,104
1309671224,32
1309676304,155
1309681281,18
1309681855,207
1309681945,18
1309687875,11
1309703648,45
1309704070,23
1309709313,36
1309712229,121
1309738430,11
1309759774,101
1309760179,51
1309781127,89
1309782162,20
1309790222,20
1309793819,23
1309799622,25
1309804498,17
1309804746,22
1309815142,30
1309818833,54
1309830743,15
1309831189,23
1309836866,124
1309846574,67
1309857238,83
1309873735,15
1309889408,11
1309902610,74
1309907019,27
1309914275,12
1309929858,11
1309939393,11
1309949076,30
1309964649,28
1309972807,22
1309990836,464
1309992998,58
1309994258,23
1309996887,21
1309997615,18
1310007456,22
1310007689,13
1310013986,361
1310014869,322
1310038761,16
1310057619,3880
1310066833,57
1310082015,37
1310097724,38
1310109196,196
1310126867,197
1310139882,41
1310156788,25
1310159401,20
1310161451,37
1310162837,720
1310187403,12
1310191503,14
1310199195,11
1310208173,24
1310243342,43
1310243752,51
1310254507,21
1310260640,19
1310271207,194
1310274020,37
1310274582,48
1310285353,92
1310294466,96
1310296661,68
1310307310,213
1310309392,55
1310313058,11
1310314263,30
1310314499,11
1310318281,112
1310335350,16
1310380073,72
1310396953,17
1310406084,20
1310428322,163
1310429236,53
1310495129,11
1310505194,14
1310538762,46
1310543401,35
1310577552,21
1310586510,102
1310594307,76
1310601561,223
1310624440,223
1310624630,455
1310629295,15
1310630466,26
1310632392,22
1310636883,11
1310641242,17
1310650417,15
1310666689,990
1310679785,45
1310681525,15
1310682277,16
1310687669,38
1310691580,862
1310692055,25
1310696198,16
1310700974,24
1310705177,114
1310715414,121
1310716843,17
1310727310,23
1310741811,398
1310748800,181
1310757100,143
1310757503,11
1310758816,555
1310767243,124
1310767575,17
1310782328,25
1310785779,14
1310798572,15
1310813330,260
1310819016,27
1310825919,45
1310830484,63
1310844245,36
1310847317,1058
1310858736,11
1310865330,237
1310871684,21
1310874500,129
1310885424,31
1310891138,51
1310902433,169
1310940802,33
1310964744,24
1310966347,41
1310967763,51
1310968158,159
1310973801,21
1310981351,85
1310982497,58
1311000427,30
1311043182,11
1311058503,43
1311071006,17
1311085469,117
1311096964,48
1311124886,26
1311138783,12
1311147433,47
1311153410,342
1311160595,11
1311163719,35
1311174165,76
1311175410,22
1311186098,25
1311196031,16
1311213274,31
1311225763,572
1311242301,34
1311250427,62
1311257557,110
1311273226,14
1311304578,77
1311307019,41
1311313529,343
1311349557,19
1311384232,968
1311411474,80
1311422733,11
1311424418,22
1311425451,12
1311437062,13
1311468146,33
1311473088,34
1311485484,89
1311494325,24
1311500998,17
1311501610,17
1311502074,18
1311502709,19
1311503215,17
1311503723,12
1311504457,16
1311505830,12
1311529044,17
1311578618,21
1311581613,74
1311615093,21
1311616339,36
1311630122,17
1311640403,47
1311664525,25
1311668806,53
1311673540,16
1311678225,120
1311686694,44
1311697330,68
1311705381,74
1311706813,31
1311716728,95
1311726422,19
1311732585,15
1311739668,13
1311760177,23
1311762905,56
1311769536,52
1311777322,27
1311777851,14
1311807280,46
1311807406,95
1311829424,10
1311833401,22
1311854354,121
1311901064,62
1311914043,55
1311921003,35
1311928786,11
1311936638,41
1311956660,23
1311957569,39
1311964297,43
1311982302,17
1311998459,37
1312008708,80
1312026582,68
1312027571,25
1312029783,197
1312033853,22
1312038136,14
1312038724,35
1312044635,25
1312045449,21
1312049432,26
1312049524,206
1312052589,17
1312055438,16
1312055731,19
1312056523,19
1312070559,36
1312090216,11
1312098151,13
1312101153,17
1312117697,104
1312126862,17
1312139641,13
1312142639,503
1312150421,109
1312153246,118
1312158011,70
1312158335,1208
1312161341,85
1312193222,92
1312196199,17
1312198605,167
1312220956,283
1312224999,48
1312228909,14
1312239443,122
1312245950,114
1312247338,42
1312249564,20
1312257227,3032
1312258286,11
1312278161,20
1312280882,225
1312288602,291
1312292672,53
1312306755,24
1312346598,38
1312346934,51
1312375880,146
1312403743,13
1312406410,28
1312422942,68
1312424308,12
1312428500,36
1312438113,15
1312446183,94
1312466494,12
1312473145,52
1312477654,64
1312485662,81
1312488824,415
1312517093,31
1312532956,13
1312538053,11
1312540818,33
1312543008,11
1312545887,44
1312546480,72
1312547265,33
1312554298,39
1312554404,436
1312564120,45
1312574524,17
1312580372,86
1312591765,134
1312609286,373
1312610893,22
1312612110,11
1312619737,261
1312627260,65
1312665350,232
1312680132,46
1312685460,29
1312693131,15
1312693622,17
1312698116,31
1312710283,183
1312716448,111
1312723278,43
1312728158,11
1312729279,112
1312738975,12
1312740155,26
1312752179,35
1312756784,89
1312759592,43
1312762173,161
1312806315,32
1312807575,805
1312835170,35
1312835660,18
1312866998,44
1312879027,39
1312879869,16
1312902046,31
1312909652,117
1312910397,11
1312919844,26
1312920018,22
1312920079,29
1312920802,11
1312924030,21
1312924592,30
1312925920,27
1312927051,23
1312934614,15
1312949602,19
1312949782,90
1312956538,14
1312957276,27
1312966353,17
1312985238,15
1312987866,21
1312990898,26
1313004200,11
1313011686,100
1313026445,101
1313032827,59
1313041772,286
1313064103,68
1313070818,12
1313085544,41
1313088952,13
1313106112,11
1313130082,10
1313138826,54
1313142522,72
1313164370,64
1313166155,67
1313181765,74
1313214764,38
1313215450,752
1313222155,11
1313225248,96
1313236648,37
1313239727,132
1313243427,11
1313281849,14
1313288190,22
1313290235,44
1313295846,49
1313300049,34
1313325215,76
1313351403,49
1313352721,80
1313355587,22
1313358017,113
1313360734,41
1313362873,15
1313374269,22
1313375317,60
1313378548,115
1313381402,54
1313390677,112
1313390925,112
1313391069,110
1313392636,25
1313397312,48
1313411155,38
1313427207,121
1313432487,38
1313434625,348
1313435339,2048
1313435665,16
1313436648,50
1313451184,96
1313453387,22
1313463885,12
1313488505,16
1313488876,11
1313524608,13
1313548808,40
1313549651,12
1313550097,12
1313550111,23
1313573635,249
1313576395,8307
1313580625,13
1313594931,22
1313610207,35
1313612260,16
1313614650,460
1313635970,30
1313670990,12
1313671055,41
1313678749,36
1313691908,17
1313699888,11
1313732283,141
1313733120,11
1313733249,113
1313742872,11
1313744584,18
1313763142,68
1313785939,88
1313805296,47
1313805761,15
1313808387,61
1313817088,148
1313835429,15
1313843554,125
1313844277,94
1313865197,14
1313886041,49
1313902928,17
1313905017,14
1313919842,21
1313921896,104
1313941347,19
1313950222,25
1313951228,76
1313954221,35
1313966068,674
1313978749,120
1313993247,24
1313999061,34
1314005304,16
1314007736,24
1314017272,16
1314029122,66
1314033208,32
1314035762,13
1314036825,91
1314048518,49
1314064046,21
1314070900,60
1314075859,54
1314077782,13
1314090794,14
1314104494,87
1314105991,19
1314112828,36
1314121831,23
1314131289,73
1314140996,50
1314141621,25
1314159634,35
1314180940,21
1314181734,15
1314190101,116
1314213737,205
1314223012,88
1314223440,31
1314243622,56
1314267613,81
1314272530,13
1314277259,30
1314289943,26
1314300684,47
1314304412,108
1314351367,20
1314351515,15
1314368765,329
1314372174,15
1314384305,12
1314400315,11
1314404827,731
1314411582,28
1314411983,11
1314426744,15
1314435335,44
1314435709,11
1314437735,41
1314448411,11
1314507647,31
1314510451,49
1314513956,64
1314515526,16
1314518085,413
1314521366,17
1314525428,81
1314530051,12
1314535038,303
1314549531,31
1314553634,179
1314556783,156
1314575500,11
1314575864,65
1314577732,26
1314582570,11
1314587317,184
1314597444,191
1314606490,42
1314609786,101
1314650261,12
1314665580,103
1314692458,39
1314696900,37
1314708146,18
1314719265,37
1314751354,17
1314761721,23
1314771915,101
1314775126,112
1314785707,137
1314787397,198
1314793770,50
1314796671,46
1314797404,44
1314810821,15
1314828347,45
1314839093,48
1314861868,44
1314897407,11
1314898286,34
1314902293,13
1314907124,17
1314908790,887
1314921459,13
1314921521,78
1314930526,63
1314930742,19
1314935411,13
1314939164,21
1314942306,14
1314955865,14
1314963175,164
1314965195,12
1315002015,18
1315013718,26
1315019806,93
1315046220,11
1315060524,119
1315061605,601
1315090338,24
1315107360,138
1315148422,88
1315162321,13
1315174739,41
1315202731,43
1315253319,18
1315259344,108
1315261510,11
1315264982,184
1315274753,22
1315310857,163
1315325448,111
1315345631,11
1315360669,210
1315380003,13
1315384578,50
1315386783,14
1315387640,11
1315396243,30
1315403737,29
1315417479,22
1315423038,12
1315424242,2016
1315427742,60
1315458055,214
1315467948,29
1315496140,435
1315507441,13
1315554178,18
1315554554,17
1315555252,85
1315559738,72
1315593981,70
1315606516,12
1315608225,35
1315612819,14
1315615915,30
1315616754,11
1315624465,81
1315650270,15
1315653133,51
1315666966,447
1315694205,51
1315704673,536
1315704894,22
1315719035,52
1315725201,113
1315727835,24
1315754570,28
1315759320,14
1315771979,250
1315773456,62
1315780685,44
1315782500,33
1315788070,18
1315788496,633
1315799079,228
1315812726,321
1315815106,21
1315829821,45
1315850048,424
1315854686,1523
1315862117,36
1315872547,25
1315881431,27
1315882506,34
1315885684,118
1315898112,29
1315913180,13
1315929647,362
1315946971,46
1315962414,11
1315994465,53
1315995847,28
1316018310,12
1316027708,24
1316033508,62
1316035735,63
1316058101,101
1316065836,112
1316073756,111
1316095157,64
1316114472,88
1316182715,21
1316187395,21
1316217740,27
1316220263,16
1316262618,19
1316266139,26
1316273378,44
1316282601,25
1316292189,87
1316298108,12
1316327387,15
1316344428,11
1316356625,14
1316365555,496
1316371799,214
1316373075,34
1316378608,52
1316380795,13
1316387098,11
1316440427,87
1316441040,28
1316443307,2698
1316443332,23
1316451942,125
1316453751,196
1316474873,61
1316485187,77
1316490853,25
1316527318,12853
1316536180,26
1316538156,38
1316538729,44
1316544157,19
1316553733,160
1316580848,16
1316591500,34
1316592914,19
1316594544,22
1316594840,152
1316595638,147
1316596909,131
1316597022,74
1316597685,137
1316597776,20
1316597823,21
1316599000,211
1316599118,22
1316599324,222
1316599603,23
1316599791,31
1316599810,170
1316599919,19
1316601917,420
1316602289,19
1316602914,127
1316604798,28
1316605374,22
1316605636,20
1316642877,30
1316673337,20
1316678048,12
1316679883,29
1316703022,21
1316705882,57
1316706381,54
1316707723,57
1316708302,54
1316709227,56
1316712254,59
1316712864,38
1316715735,76
1316715856,12
1316719774,57
1316722408,90
1316725796,57
1316765705,11
1316775238,16
1316783029,22
1316793737,270
1316795029,98
1316795249,23
1316808195,48
1316827897,39
1316875788,3750
1316883315,65
1316909862,12
1316924477,103
1316944679,82
1316968835,61
1316983376,32
1317000300,23
1317005876,20
1317011745,37
1317026993,13
1317035639,81
1317041031,3293
1317054555,256
1317066429,101
1317066456,21
1317066828,29
1317086026,78
1317089093,60
1317093528,11
1317118119,56
1317152420,17
1317172464,57
1317190160,16
1317191653,93
1317198312,52
1317202867,85
1317210052,71
1317211370,12
1317211809,81
1317234451,11
1317237779,14
1317239419,1010
1317244380,30
1317248227,49
1317261674,22
1317266955,48
1317273101,80
1317304497,28
1317322071,50
1317323848,81
1317328379,11
1317332295,6
1317333477,5
1317353600,0
1317354312,10
1317355443,3
1317355814,5
1317356529,5
1317358185,341
1317358607,4
1317359824,3
1317360095,3
1317360904,8
1317362445,3
1317363305,6
1317376183,113
1317379324,65
1317380479,22
1317380531,21
1317381990,13
1317385739,55
1317390768,15
1317392030,15
1317395460,11
1317405392,13
1317413024,14
1317420606,20
1317434942,107
1317438192,12
1317439916,16
1317448886,111
1317466681,15
1317467366,15
1317472781,36
1317489065,39
1317498322,62
1317515809,313
1317527211,55
1317541451,40
1317564135,165
1317571548,40
1317575332,14
1317584210,61
1317597851,32
1317608912,16
1317611495,16
1317638285,95
1317638368,38
1317679835,34
1317714743,20
1317721033,29
1317724906,22
1317742704,105
1317749372,65
1317780464,119
1317805815,24
1317820455,20
1317834385,28
1317845318,122
1317850140,17
1317853585,28
1317863622,53
1317902880,52
1317915210,13
1317927085,24
1317930819,15
1317946380,30
1317979155,11
1317996135,51
1317998700,19
1318002754,209
1318023660,40
1318025112,235
1318037436,22
1318057073,21
1318072933,25
1318087745,312
1318091082,35
1318092877,52
1318096478,78
1318100800,20
1318111439,20
1318150396,58
1318152768,33
1318164526,28
1318187016,2407
1318211548,20
1318213206,11
1318229004,47
1318241125,23
1318245682,19
1318251650,12
1318252591,26
1318257480,28
1318258994,14
1318274214,4
1318289209,15
1318289840,12
1318289843,80
1318293898,17
1318294378,12
1318304916,156
1318310911,21
1318320674,55
1318330553,39
1318341671,34
1318348313,58
1318353635,13
1318360190,24
1318361504,60
1318369502,28
1318379446,12
1318382003,37
1318382587,601
1318383417,138
1318384640,12
1318388542,42
1318404555,24
1318423155,31
1318425496,18
1318431764,44
1318436431,38
1318436679,12
1318483994,12
1318504079,118
1318529228,19
1318609608,48
1318616860,439
1318672654,46
1318675746,13
1318681359,68
1318712528,30
1318722718,83
1318725835,42
1318727352,50
1318734428,21
1318768894,8033
1318795016,19
1318801695,115
1318802395,51
1318804206,15
1318805473,14
1318820565,17
1318826614,55
1318832652,54
1318849324,28
1318855915,28
1318858576,20
1318865785,21
1318866049,20
1318866816,16
1318873117,25
1318873253,210
1318873509,20
1318875738,12
1318877719,24
1318882771,101
1318883031,23
1318885938,61
1318892468,15
1318893208,178
1318894586,41
1318896542,25
1318900928,11
1318904076,173
1318906944,22
1318913074,6
1318914813,20
1318937120,123
1318944817,11
1318961055,14
1318963796,61
1318963974,12
1318966444,11
1318977673,13
1319010645,86
1319031883,30
1319036011,84
1319037509,31
1319051191,29
1319051889,16
1319066980,129
1319067720,34
1319085701,44
1319087070,21
1319093879,188
1319095350,12
1319109139,165
1319112594,19
1319119605,40
1319137793,15
1319156283,29
1319158290,11
1319160890,13
1319168519,13
1319174653,377
1319185876,83
1319201095,13
1319201916,52
1319213105,11
1319225586,11
1319247547,131
1319248989,531
1319268814,107
1319277794,35
1319280026,111
1319290417,128
1319294522,22
1319299763,24
1319308368,70
1319312065,62
1319325765,112
1319336961,1874
1319353851,38
1319357404,12
1319357442,13
1319366891,12
1319367318,49
1319368210,78
1319373413,17
1319378448,237
1319394660,20
1319419492,2002
1319423199,31
1319441113,20
1319443961,11
1319445130,57
1319474007,158
1319475824,11
1319535995,16
1319540329,110
1319573724,110
1319580960,116
1319592497,27
1319600255,123
1319602786,18
1319608945,27
1319609065,23
1319609835,27
1319610055,27
1319610556,11
1319610743,32
1319612476,21
1319612605,25
1319612775,26
1319616329,11
1319616569,7
1319619796,123
1319621552,20
1319622644,9
1319625231,9
1319625842,20
1319630301,112
1319630833,22
1319634614,20
1319638566,24
1319638787,10
1319643307,23
1319645021,21
1319645784,27
1319647108,20
1319651356,20
1319651581,23
1319652485,29
1319655999,17
1319656092,26
1319656926,21
1319659765,25
1319662583,18
1319665034,24
1319678347,69
1319680328,13
1319697693,11
1319701315,15
1319702332,12
1319709827,10
1319709905,21
1319715231,20
1319718366,4
1319720221,0
1319749836,12
1319753754,22
1319756036,12
1319756096,20
1319759430,22
1319760746,15
1319776248,38
1319780465,110
1319781586,13
1319782366,20
1319785149,10
1319786688,101
1319789375,14
1319793410,22
1319795009,24
1319797823,12
1319823035,49
1319827146,32
1319830431,19
1319832335,151
1319835565,117
1319851399,54
1319855210,1044
1319873617,90
1319873856,32
1319913823,246
1319919713,11
1319921002,289
1319927892,293
1319929531,18
1319935567,17
1319940995,11
1319941229,38
1319945044,67
1319946565,11
1319951501,20
1319996831,14
1320010935,62
1320032479,110
1320039160,30
1320039519,50
1320069781,37
1320081580,53
1320085548,37
1320086941,56
1320088898,93
1320101490,2129
1320109030,15
1320110114,18
1320145775,55
1320148460,12
1320151833,30
1320154042,52
1320160089,20
1320178198,28
1320191889,395
1320193282,16
1320195608,124
1320198992,22
1320203112,111
1320206061,13
1320208076,59
1320216862,15
1320223657,19
1320225787,19
1320226649,9
1320231703,20
1320236696,19
1320239169,63
1320242285,896
1320243208,17
1320246076,42
1320246435,15
1320257424,18
1320258128,16
1320269374,14
1320270455,312
1320271414,94
1320277476,22
1320283832,62
1320283956,18
1320289812,18
1320292651,14
1320297326,25
1320298299,21
1320298687,10
1320301761,13
1320307428,261
1320308904,13
1320316688,11
1320324014,17
1320324475,18
1320332437,19
1320335794,14
1320336874,18
1320339732,125
1320340321,17
1320342909,17
1320347777,16
1320349038,15
1320349933,25
1320360869,19
1320361231,18
1320361728,21
1320371134,26
1320377629,25
1320378523,26
1320379092,16
1320380005,15
1320383259,18
1320387914,99
1320388319,15
1320389065,11
1320393115,23
1320394663,23
1320395538,41
1320404240,23
1320406751,19
1320410702,14
1320412291,17
1320413062,19
1320417534,24
1320418391,17
1320419451,26
1320419730,28
1320423970,10
1320444346,548
1320448084,15
1320448216,45
1320456030,8
1320456601,22
1320457204,13
1320463247,20
1320472884,31
1320479894,15
1320486737,4
1320488375,5
1320490421,5
1320490739,11
1320491907,4
1320493145,6
1320495821,26
1320496553,8
1320498228,7
1320500320,7
1320500692,26
1320502145,104
1320502581,36
1320507130,5
1320508734,5
1320512475,1
1320532788,2
1320532948,6
1320533264,3
1320538689,24
1320578276,28
1320603795,16
1320605477,24
1320623548,21
1320658226,32
1320707005,23
1320719264,10
1320723546,17
1320737819,12
1320763344,38
1320767711,40
1320804509,28
1320818729,75
1320824737,46
1320827273,651
1320874379,11
1320905866,14
1320932400,18
1320943282,20
1321035178,16
1321045269,48
1321050149,194
1321050932,8
1321063327,18
1321069859,10
1321088913,76
1321100725,12
1321135386,93
1321139753,11
1321142548,41
1321152436,37
1321161662,81
1321177738,13
1321182314,30
1321204158,19
1321209080,51
1321216024,53
1321219788,77
1321239702,24
1321259990,11
1321260596,45
1321275205,30
1321277409,16
1321280738,88
1321291692,51
1321327978,17
1321342529,48
1321356000,39
1321376069,39
1321379766,12
1321382020,28
1321396874,84
1321397116,36
1321399490,31
1321407943,55
1321408165,274
1321408361,16
1321423834,28
1321436547,117
1321441704,36
1321458559,12
1321465913,17
1321490481,27
1321499283,33
1321505820,34
1321507377,31
1321559698,330
1321578581,669
1321591183,81
1321624668,566
1321637157,27
1321674874,14
1321678498,58
1321688525,582
1321689447,14
1321699044,12
1321714128,16
1321738568,13
1321749130,43
1321770621,301
1321772520,22
1321773119,47
1321773777,47
1321781742,33
1321784163,46
1321786097,83
1321790489,471
1321826970,142
1321878142,33
1321884777,40
1321888095,70
1321907813,11
1321908669,23
1321917067,16
1321920026,534
1321921283,26
1321926278,31
1321929305,17
1321936789,11
1321957043,3
1321968329,8
1321968445,9
1321988451,25
1321992041,6
1321996634,60
1321999667,5
1322012299,13000
1322016298,11
1322033157,7
1322041286,8
1322045689,25
1322051065,25
1322054270,28
1322055568,52
1322067899,11
1322083229,87
1322083929,226
1322091211,62
1322098015,110
1322113808,15
1322136828,734
1322162271,13
1322183015,76
1322187842,207
1322193747,12
1322195763,39
1322214052,200
1322226624,445
1322239420,50
1322241466,261
1322241610,4
1322245839,2
1322254311,175
1322256167,3
1322256388,12
1322307430,111
1322339572,22
1322350350,39
1322356489,24
1322371775,40
1322388294,28
1322396669,46
1322411592,20
1322438508,68
1322439023,61
1322477142,30
1322480547,65
1322481762,208
1322502505,216
1322510470,25
1322524751,139
1322551166,12
1322579884,11
1322584104,37
1322621080,14
1322626388,14
1322633620,17
1322640431,256
1322651268,456
1322652272,53
1322660175,31
1322668478,20
1322685769,17
1322698650,659
1322701347,11
1322734311,32
1322754000,293
1322754864,63
1322767235,20
1322768766,2093
1322781104,153
1322794014,42
1322795798,53
1322796395,61
1322798245,236
1322799348,158
1322800734,31
1322801375,62
1322821393,13
1322825368,459
1322829806,87
1322840923,17
1322850354,169
1322882679,24
1322889322,12
1322892096,80
1322918377,89
1322919742,11
1322934980,20
1322938843,23
1322943860,436
1322957439,22
1322963697,53
1322976119,52
1322976829,57
1322979659,78
1322983543,55
1323003537,52
1323018222,13
1323039537,168
1323045322,29
1323045821,15
1323048240,123
1323076522,22
1323081107,30
1323093689,30
1323101134,30
1323122780,50
1323127278,425
1323130935,129
1323166404,105
1323192475,11
1323215530,28
1323260088,22
1323280384,36
1323288013,28
1323306782,49
1323322459,804
1323366767,27
1323366961,146
1323374070,12
1323419190,35
1323437451,14
1323449258,28
1323452550,104
1323463941,77
1323479933,153
1323482446,45
1323487520,27
1323490949,12
1323498380,29
1323511527,2182
1323548506,119
1323562930,19
1323577359,35
1323581499,27
1323654521,26
1323663794,250
1323673335,140
1323688475,12
1323692802,283
1323695128,14
1323695325,121
1323695358,107
1323712925,39
1323731499,17
1323763720,1608
1323764338,11
1323777381,32
1323787093,66
1323796113,148
1323833414,48
1323840812,38
1323841129,20
1323845482,15
1323869266,17
1323875882,15
1323908322,21
1323919094,140
1323926490,22
1323931693,21
1323933315,54
1323938708,33
1323957541,36
1323984334,247
1323988988,15
1323993731,41
1323995843,34
1324010126,11
1324010880,13
1324015717,78
1324058131,16
1324059656,22
1324071199,57
1324083696,16
1324107430,163
1324117656,93
1324124790,15
1324157281,62
1324166631,68
1324208491,569
1324216451,39
1324219364,37
1324232013,17
1324240706,70
1324250345,15
1324263473,126
1324284666,22
1324285410,721
1324303646,93
1324311422,26
1324339417,19
1324366886,27
1324381785,40
1324382874,55
1324385140,26
1324395929,35
1324398963,3
1324460855,42
1324477638,14
1324482694,39
1324485862,68
1324487331,20
1324491658,22
1324495180,22
1324519003,30
1324527947,40
1324537078,49
1324538069,91
1324543298,17
1324553091,14
1324636939,58
1324639578,158
1324650416,42
1324658671,24
1324663201,35
1324668664,12
1324702702,134
1324704163,50
1324704245,37
1324720705,15
1324721157,106
1324731844,12
1324741372,11
1324744711,25
1324749263,105
1324769510,57
1324803269,17
1324817742,125
1324838427,12
1324847108,357
1324853220,34
1324858135,30
1324891625,12
1324932440,30
1324948322,33
1324950805,24
1324952686,26
1324971080,25
1324983964,23
1325028032,40
1325059793,33
1325060410,26
1325064335,97
1325072646,17
1325096132,595
1325101953,86
1325104810,136
1325112478,105
1325142316,16
1325194554,40
1325206693,66
1325241665,23
1325286935,11
1325297391,66
1325304283,12
1325315882,12
1325322542,134
1325324098,14
1325337668,16
1325410311,11
1325588165,14
1325614151,36
1325714602,18
1325723889,39
1325805237,32
1325853520,40
1325888868,25
1325895668,17
1325897531,44
1325902812,12
1325962983,5
1325996077,68
1326035801,16
1326044641,83
1326054908,55
1326056513,159
1326088798,36
1326137943,17
1326143244,17
1326164488,17
1326173426,12
1326177141,28
1326189017,55
1326199068,18
1326224688,20
1326228297,14
1326235132,53
1326240806,45
1326244070,30
1326266863,11
1326292154,12
1326302831,18
1326316542,86
1326329875,315
1326394720,90
1326420620,81
1326452281,24
1326464530,16
1326480303,76
1326486804,35
1326522983,12
1326529720,13
1326531152,136
1326547070,19
1326573739,16
1326574350,406
1326586077,14
1326607979,22
1326642999,22
1326654671,696
1326671554,11
1326675251,16
1326681144,90
1326682918,75
1326773343,19
1326794832,71
1326807637,128
1326836323,110
1326853912,112
1326915228,36
1326963742,213
1326992826,11
1327008838,53
1327070180,191
1327071007,32
1327114542,26
1327180127,92
1327190291,27
1327191572,23
1327214801,1071
1327225282,186
1327274680,116
1327285989,15
1327327043,117
1327328463,44
1327329738,83
1327360831,80
1327391344,26
1327394183,34
1327411925,30
1327414207,16
1327497611,133
1327497865,127
1327502931,701
1327504713,15
1327537702,13
1327542058,20
1327544079,16
1327546939,34
1327549440,14
1327561373,23
1327574742,16
1327584991,28
1327587687,13
1327647115,29
1327654942,15
1327664185,39
1327672071,31
1327679001,18
1327679348,35
1327741635,315
1327769792,14
1327812422,41
1327910228,28
1327910323,27
1327910432,26
1327910476,35
1327912139,25
1327912660,41
1327912886,26
1327915197,12
1327916640,20
1327923000,6
1327930234,12
1327930300,17
1327941497,13
1327950220,22
1327967529,22
1327987517,14
1328004208,35
1328021837,49
1328035329,29
1328103438,54
1328146553,13
1328251573,29
1328287322,17
1328310747,32
1328367243,19
1328389467,45
1328406087,84
1328420887,17
1328468175,14
1328527258,352
1328542091,11
1328590564,15
1328597658,11
1328656904,26
1328712465,28
1328757117,14
1328760005,12
1328769721,160
1328824432,17
1328868896,66
1328945410,15
1328955645,56
1328958105,99
1328966233,13
1329050462,30
1329136737,29
1329167133,52
1329205905,24
1329207155,29
1329211329,20
1329212814,26
1329219845,40
1329219953,40
1329223870,40
1329535977,33
