repo_id,stars
749137,3819
1555094,3082
2005484,562
4387547,3309
5698643,4151
5797013,5158
7502247,2588
8426406,4984
8681349,50024
9252533,6354
10353211,6343
11274380,119
11579941,1218
12738012,297
13956112,1430
14734876,14268
15988336,1909
18671453,1220
21484781,31716
23633128,343
24227875,6427
24561828,14519
25311354,2891
25459400,13868
26722690,890
27222050,4226
29217054,23082
29906842,16627
30860673,2310
30907774,23185
34674210,153
34798315,9540
36420109,1705
36840131,2178
37035067,1588
38182966,3645
38216778,9209
38233033,3301
38696925,29510
39904377,2126
41310523,2506
44961854,973
45103027,213
45271904,10086
45512989,34369
46527265,6032
48660863,2808
48904888,5721
49292670,920
49632852,1250
50202460,3965
53133861,21113
55018634,2475
56639410,1408
57377821,2259
57602001,23349
59341837,935
59982630,2949
60145277,865
60166854,1829
60352717,1562
60377070,7119
61393415,537
61793256,982
61924149,1796
62087567,4612
62476384,165
62824998,2907
62843932,1784
63793563,985
64834778,1356
65017574,6158
65558310,2297
66331305,1546
66557478,10832
67437371,643
68125931,14774
68968979,18611
69269563,10865
70431106,28870
71849748,631
72225778,601
72329031,424
73964895,14940
74173698,6009
75190475,7386
75587993,1855
75710587,4072
76678740,2171
76768630,2824
77023811,3146
77321225,749
77341954,2582
78200488,5611
78313173,10458
78732688,853
79263545,225
79372336,2122
80240424,4461
82841862,7022
83542054,1808
83878269,15901
84099393,193
84949566,2055
85768267,227
86599573,6797
87067212,9971
88113789,2316
88222263,1754
90733436,3861
90862638,1937
91857770,802
92287968,15433
94956993,1531
95574086,2036
96012614,751
96256108,707
96416890,185
96853855,1996
97794087,819
97817788,115
98441914,1068
98499283,7412
99139417,184
99379143,2066
99412308,9698
99561213,3080
102067496,2191
102102105,769
102538419,840
102692863,21560
103229836,1688
104722806,5108
104854615,7893
105769029,1224
105808063,218
107108009,4282
107111421,74380
107115042,1858
107305157,1809
107878597,202
108945887,4952
109678660,1761
110606051,654
110795721,4524
111699912,889
112103066,6965
112488313,1534
112647343,15898
113166974,6718
113577479,1301
114540126,3111
114870155,4100
115673437,1876
115744122,4706
116590428,2758
116697549,3582
116797311,12235
117433667,207
119160553,40274
119741627,474
120720556,2090
121637551,9853
122595764,133
122715432,1674
122816625,1496
123197101,1430
123693096,442
124853261,3530
124882400,1152
125007217,1127
125099497,564
125444399,1775
125862390,2284
128061014,180
129847467,3308
131582572,20787
131881622,14860
131955509,273
132464395,159045
133060053,3569
133444044,2289
134584107,109
136799312,901
137123785,276
137789266,1675
138141023,216
138552196,29655
139945544,877
142422739,10919
142569591,249
142908872,6579
143284193,2720
143328315,39784
145693916,11400
146103950,1826
146435045,4742
146633589,37569
146856200,2902
146863062,5406
147229508,416
148067600,196
148550577,330
150864645,1090
151619717,38875
151904296,1967
152071156,881
156157055,49692
156317154,15281
156401841,10056
156946744,6592
157198623,12831
157908837,177
158025053,686
158673445,4676
158744344,3472
159110178,3143
159797814,952
159916548,3032
160361977,3699
161247988,3395
162021652,8193
163235189,1651
164433070,4411
165041732,25962
165645094,616
166911196,287
167694194,36395
168062479,224
168149502,1769
168269440,6342
169158585,2931
169991845,921
170118596,6168
170777132,7044
171564291,230
172407982,846
172519084,174
173005932,2296
173544440,7736
173827642,1468
175052225,10338
176858880,4669
176982014,18079
177614859,635
178470457,507
178626720,31381
178976529,8880
180307968,1532
180827233,9556
181222410,3404
181436799,16179
182067506,11015
182163054,1915
182865216,2145
185401193,1757
186056630,916
186332888,2331
186698598,1684
186872119,5245
187398354,1160
188356619,2996
189425886,219
189602331,273
191179628,1308
191194671,635
191751197,268
192175095,23306
193332705,1966
193973813,423
196340907,1808
197009243,107
198483875,225
200004447,4071
200471228,859
200722670,18550
201025777,14802
201441751,2446
203558879,241
204388092,6690
204786174,855
206314293,1407
207454227,445
207988739,785
209556497,9215
209709465,3785
210357243,1418
212056242,1879
212747520,4256
213250662,547
216243021,981
216525761,439
217049858,1132
217113590,6342
217775615,729
218177655,395
218952803,13394
219035799,11156
219623588,4846
221121871,4976
221631156,1833
221733013,748
221787282,5182
222209282,775
222780595,4664
222824662,16320
223357324,4284
224261160,376
224908244,10818
225125850,135
225260962,16638
225572038,6244
226046528,2273
226368168,1571
227055040,420
228203350,3358
232627037,584
232876381,3780
232901618,2192
233587412,442
234676361,425
236624100,800
238593012,614
239828934,133
241021214,2520
244620269,14230
245127811,718
245949080,1024
247865662,1607
248977013,1231
249995750,43888
250036571,3877
251041078,5315
251233119,213
251396732,10482
253079431,1272
253849484,6531
255823049,2592
257327148,640
257520135,360
257648141,2831
260420185,4072
261098554,862
261372860,13870
262296122,90686
262424540,3116
264675954,17409
265127379,450
265850286,976
267420351,1415
267857463,5321
269773439,159
270670394,1966
271090649,4011
271800973,2612
271828142,1731
272785290,1900
272924197,330
273082432,1702
273337347,1359
273630336,347
274610956,1991
275182202,237
276288252,1930
279643881,3696
280784933,497
281475256,1784
281519510,4069
284824224,3223
284864176,4450
285951873,2905
285973698,2061
286408558,2153
286876809,555
288142727,783
288187811,949
288411806,290
288482469,10782
289205582,1561
289605524,7734
290091948,67527
290373506,10700
290686772,398
291070953,584
291438522,46644
291703561,8004
291787503,11754
292617111,408
292648103,344
292896321,662
293572361,411
293631918,826
295608796,1519
297302063,4598
297535227,722
297672263,7871
300789100,1183
300996055,25537
302827809,9455
303541321,2089
303705119,3816
303953548,140
304530333,1991
305492699,1115
305572443,205
305646330,7556
306242293,619
306977633,31280
306980630,5953
307213173,31754
307315411,566
309504885,3590
310368642,545
312042527,1687
312152973,3407
314748658,803
315977578,7969
316328024,783
318515767,169
320299900,9369
320598037,1386
321181247,143
321994701,621
322270485,1029
322855089,10888
323048702,73909
323651234,7466
326174741,37126
326479996,1848
327113050,5624
328236233,429
330325505,4315
330768122,2575
332181872,1343
333421996,5148
333624050,677
333867421,162
334567245,9791
334760721,1215
334848347,9410
336132980,372
337924729,731
338717688,861
340339997,11568
341473983,2110
342728683,9486
343203057,2130
343429224,1344
344069267,490
344190478,69495
345180734,1847
346124279,3048
346676718,758
350375089,4439
350871478,914
351720449,1606
353670076,2971
353968278,772
354138793,6457
354751914,956
356881804,2376
357328206,815
357891182,2009
358208946,381
358276714,155
359839626,8738
361511031,3003
361735570,2304
367549861,834
370275343,647
370342171,1229
370728359,1799
371631642,402
373308826,4771
373674258,8514
377631316,213
377866577,264
379581563,3111
380191749,17431
381317767,164
381952060,1664
382835373,661
383121608,283
384562101,228
385275507,3841
387786881,3499
388636965,2884
391273014,381
391777965,626
393571599,36900
393874035,14741
394089041,3099
395688425,4261
398941751,378
400215964,40121
400918657,358
401484223,9544
403559729,8081
404924772,931
405929837,2738
406341006,476
406408083,879
407722319,12376
409653223,4019
411987045,504
415956481,381
416312227,215
417875186,764
418399149,1098
420628968,1879
422148948,4122
422274596,41440
423101191,1208
423991420,1759
425484875,1498
427347642,1011
429104828,3657
429736266,10500
430744346,2114
432730711,3022
432768606,547
433054511,2273
434324346,985
436617251,183
438416676,2541
438419937,11204
438514144,11424
439033158,4619
439528372,1099
440603375,620
440752086,16864
442706416,739
443220240,5186
443497884,855
444251617,370
445768278,5224
446713689,973
448167075,2986
448343090,2799
448398954,878
449649393,18539
449649595,2503
450291588,2646
451309277,357
452821660,673
457995289,781
458086533,870
458411579,582
458461908,417
458588993,8328
458648791,46322
459466436,2532
460761639,1945
460867737,462
463439055,567
464704193,3014
468576060,76366
469136195,1325
469377939,1158
469622127,296
470779379,792
470832353,160
471249443,3311
472525693,647
473736446,381
474150870,1564
475150006,373
476918521,1955
477657302,369
477846408,823
477999739,1119
478484453,2186
478823173,11299
479199191,3048
479916584,1082
480303698,2236
480318757,518
481427289,1289
483260394,413
483678677,144
483710165,351
484017724,329
486656484,1267
487309566,2830
488091508,116
488641606,42574
489105078,1199
492526669,6472
493209224,107
495587598,8431
496192011,622
496233655,2395
496844646,518
497184741,475
497356715,929
497512032,13061
497780232,1139
498011141,34670
498575448,1502
498766488,10385
499173659,490
499272646,1115
500427876,631
501192860,1020
502863191,13549
503178978,421
506404806,536
507861208,3717
507972385,3489
509133407,568
509153572,3822
510360767,705
511003180,1212
511492785,2095
511745849,6013
513534410,983
514644612,312
515647260,37109
516505460,1882
516962930,2515
519577891,50128
520969009,37665
521688260,135
522133400,17988
522165515,794
522180634,1857
522895309,1629
524092789,432
525327651,338
525592995,28347
525605934,365
526514610,1480
526725525,335
527359569,2435
527796682,743
527889855,903
528076983,451
528328355,1273
528350188,3531
528763774,743
528771628,370
529560594,7304
529954479,763
530072220,365
530323399,3506
531653392,2139
531788813,3888
532465933,6249
533127272,13601
533199740,7728
533451541,4710
533601913,434
533752345,360
533934365,371
534330590,8212
534779800,1338
534817329,2622
535063290,685
535379921,399
535492585,369
535691024,3363
536013043,1936
536244334,497
536314590,1595
536492655,890
536614303,371
537093072,489
537940881,3213
538144430,783
538180525,15447
538375570,1893
538408555,495
539045602,418
539389184,7909
539888500,17938
540357453,920
540685210,933
541147441,1956
541269386,54170
541322916,5835
541841924,347
542185751,7557
542713154,1640
542763041,1226
542772373,399
543063415,1022
543189172,1988
543297533,789
543955160,4701
544039155,1068
544618040,566
545130358,615
545595027,1579
545918043,2052
546206616,29453
546466467,2558
546476703,8865
547227418,388
547725599,11785
547919119,661
548093252,803
548735230,1967
549133772,1400
549830413,7271
550981146,1256
551376520,61930
551689337,2855
552580878,969
552660722,838
554771302,12710
555532742,500
555659262,546
556522959,1644
556553471,1499
557271203,527
557880310,595
558278400,502
558368772,1356
558653606,482
559759491,806
560299175,21861
560704231,52422
560859378,918
561175504,700
561434347,1854
561902498,536
562595985,645
562754304,2366
563259458,502
564597496,1068
565372076,2425
565563619,4201
565658766,997
565772050,747
566323731,14848
568194185,364
568517086,2672
568776116,442
569265598,2514
569559542,261
569687650,1252
569860278,1267
569988037,374
570015943,767
570020780,4219
570384908,21758
570530787,597
570663084,360
570696986,3900
571055479,4505
571148432,284
571722519,318
572071014,1015
572087603,344
572570113,16485
572620767,1775
573203577,380
573224813,523
573661753,24921
573759422,6426
573822937,3715
573891417,1215
573963587,755
573982889,3881
574046356,2736
574095904,456
574097989,8203
574116196,13041
574156195,3475
574160606,3461
574210381,275
574278577,5537
574347022,918
574411233,2787
574428530,4184
574578825,8210
574612724,3872
574727842,731
574861362,1250
575042276,3448
575051095,6023
575253452,3575
575267939,3739
575295397,3787
575340621,54591
575628616,7556
575997792,1977
576005588,3787
576204079,689
576254831,3870
576380523,7857
576696753,3995
576799754,453
576869790,2002
576921601,3187
577116112,63022
577603990,37384
577753426,4476
577953547,453
578245357,1240
578272278,559
578460780,320
578685027,7964
579082810,78852
579494713,2026
579947672,2946
580147701,129
580525453,399
580537336,7298
580595594,401
580600129,2697
581656211,785
581913613,7350
582319835,521
582432706,5488
582729142,500
583315360,1274
583616027,535
584167315,381
584639396,9186
584843932,918
584935389,598
586171281,1475
586624356,13259
586903198,280
587031627,1151
587275399,915
587573950,331
587586087,42093
588477692,9494
588533284,779
588732058,2417
588898844,3847
588992876,2578
589013057,2296
589831718,136295
590681558,4647
591667477,930
591782276,3473
591961298,6166
592287689,737
593550728,630
593927328,2220
593961226,724
594096901,3293
594215219,1015
594609262,7491
594679568,1903
594869373,1070
595130474,729
595257557,769
595530574,1330
596205066,323
597240369,463
597490428,684
597583114,9318
597644883,3840
597763355,975
598099426,4196
598375636,2064
598539671,5632
598705038,327
598872262,2117
599293758,7776
599320067,155545
599338659,3092
599524116,34130
599570867,676
599687030,4223
599781179,4411
599811829,462
599950865,826
599976443,3120
600068422,3443
600223950,562
600229707,2062
600362783,3409
600368121,25724
600450326,4467
600534454,1172
600544354,21357
601100396,4432
601161044,16339
601205363,1696
601622432,706
601734711,636
601904916,2204
602005115,12549
602366280,6920
602455110,1131
602465880,645
602478874,3097
602771615,2468
603067222,821
603085008,10975
603215482,962
603535454,9711
603593003,5616
603668088,5652
604651852,3092
604899926,4135
605221864,943
605662936,305
605673387,29781
605998734,344
606329910,2712
606520610,3204
606669199,909
606790323,3653
606803328,6227
606949210,276
606991065,261
607013954,15773
607121301,2526
607202370,4992
607289185,28630
607301922,470
607355225,1187
607375979,353
607503931,118
607667587,523
607840368,809
607845880,2438
607858988,9556
608130371,323
608136755,163
608246343,648
608422802,347
608490374,7919
608896930,10487
609002853,3808
609054077,4276
609090479,3894
609099433,662
609255505,467
609333954,8378
609416865,24998
609427511,3205
609445326,6426
609721722,17202
609727033,786
609790481,959
610038902,3545
610043832,3723
610071879,821
610197072,5300
610217037,7542
610260322,41954
610265797,2346
610487003,1564
610713721,341
611161753,2246
611284377,4409
611291701,1354
611368361,805
611618121,21289
611723171,917
611817888,392
611913815,3281
612275000,1942
612350395,6201
612494680,120
612555408,1949
612562157,831
612603924,359
612750561,4328
613075789,12889
613456719,612
613731840,12225
613984283,12502
614050971,1269
614258120,10758
614325365,18935
614470292,2591
614719201,10169
614764248,33899
614765452,187675
614780968,2124
614826827,2124
614854112,865
614950419,1163
614965975,4035
615133427,550
615208684,1669
615313264,383
615403340,15901
615439742,3345
615510678,17814
615532857,3066
615536358,451
615557134,1441
615684995,575
615695876,4792
615702252,1419
615709657,511
615891862,1195
615910198,532
616027609,1403
616034965,430
616179530,1320
616187681,2588
616263789,319
616372661,71416
616466279,927
616830183,3036
616983144,256
616989909,390
617044480,1091
617048769,2672
617152691,8218
617179274,16451
617206966,909
617325145,3295
617363723,446
617418536,1216
617431627,354
617443880,444
617444598,502
617462489,411
617502359,6412
617529988,2211
617577744,474
617708951,2330
617798408,21246
617864263,670
618081183,11024
618116667,1897
618229896,949
618291036,1399
618299849,1336
618345160,2788
618503555,1344
618509061,381
618511002,10808
618644310,1603
619047425,358
619059435,2645
619143361,3129
619234173,3035
619312022,4261
619814004,2965
619825247,8484
619959033,77385
620059973,777
620076077,1730
620165658,495
620174542,7455
620225616,476
620275636,3337
620333997,822
620362812,2748
620428566,1068
620458878,14899
620552483,2171
620557779,585
620843043,1236
620943152,917
621226745,447
621562296,811
621575252,7795
621634256,853
621808642,29567
622134485,306
622147274,1705
622163915,474
622202906,3443
622352364,12585
622462950,384
622510230,6490
622569125,3278
622599959,2670
622633514,394
622709062,170
622788147,2904
623119055,1724
623276552,1024
623337398,700
623414622,1602
623453211,445
623499246,1157
623604666,853
623618719,1178
623656022,691
623679404,1055
623737874,329
624156003,685
624214839,2773
624236959,4330
624268705,2258
624294388,333
624421862,931
624432016,2279
624870895,9136
624889833,1183
624906825,133
625187946,16504
625308923,2394
625486047,8247
625502953,301
625659174,814
625673154,1128
625793423,3416
625802141,3310
625802507,1241
625961301,3497
626117554,1140
626161045,550
626166292,526
626239608,775
626509716,4961
626597211,350
626723712,1703
626885698,1001
626937684,1714
627132009,1255
627274798,1111
627480054,20080
627534556,479
627561173,19229
627637290,436
627644217,800
627646824,579
627727693,12525
627744002,2927
627915388,661
627962120,941
628087446,1451
628154495,1824
628172054,1698
628230315,2189
628250345,3001
628296906,12264
628479063,401
628749964,147
628853983,832
628959446,5800
629049442,3271
629102662,25057
629142696,5182
629177820,3218
629292062,2465
629411216,192
629494390,7247
629520282,1257
629538245,1222
629651008,2000
629789089,4159
629922458,3355
630208579,909
630292680,3787
630487790,1140
630488256,589
630646591,2041
630755965,4917
630987119,357
631003534,181
631079307,328
631081758,9043
631084700,352
631136535,892
631147793,1219
631169911,4697
631254164,37076
631258918,23839
631285104,6294
631454728,10207
631484230,2680
631493578,284
631522874,4153
631567741,43695
631651537,350
631673804,593
631693079,324
631705933,1644
631755045,425
631822812,6328
631829946,955
631986005,370
631999917,138
632043405,410
632265457,275
632269609,794
632303131,1743
632387128,1276
632394512,392
632538509,1360
632871496,1512
632871628,4811
632902959,3260
633037655,473
633091774,1967
633141345,998
633262635,32336
633738492,1045
633933122,24774
634043200,29931
634081686,23211
634082741,260
634151665,2126
634443338,655
634505738,172
634511992,633
634590129,414
634938527,963
635059080,1825
635129194,3301
635240594,57562
635258975,6437
635392069,494
635785526,309
635992742,844
636344889,4306
636372163,13693
636473464,529
636529302,509
636535720,6480
636693030,17791
636787031,12889
636922549,5154
636986058,4710
637096157,12574
637126931,3139
637237273,3495
637253688,792
637313883,1106
637692988,780
637924634,15947
638018738,836
638054601,4955
638158791,873
638240319,621
638609341,3810
638629097,49396
638722390,1296
638869686,566
638900030,2408
638951438,22405
638977082,320
639001213,4076
639079153,1638
639095114,3535
639096757,6764
639225857,2062
639286908,767
639548771,1472
639673870,2319
639687152,1670
639772835,4945
639835356,29928
639997734,3534
640182997,17699
640476297,383
640495759,451
640683234,1887
640747712,657
640784478,416
640819432,6029
641205268,14957
641213599,1571
641364608,368
641490799,950
641729782,1544
641932376,465
642099326,6075
642323624,35743
642332004,1154
642368010,1513
642416556,644
642578676,514
642608852,13040
642640119,392
642642539,18044
642696395,551
642826885,491
642880013,292
642906925,2224
642917329,20993
643035818,464
643050363,1811
643193835,1087
643298670,293
643405499,4590
643435168,2217
643705885,1558
643722626,381
643749430,3350
643838075,2907
643885884,2629
643916827,22770
643952838,613
643959798,862
643978507,245
644075561,820
644235905,25129
644259800,2459
644335995,1000
644343479,1099
644351982,1086
644461337,27144
644497089,2958
644686905,36129
644799767,967
644827453,552
644862510,3147
644945770,565
645171789,126
645270986,2018
645376002,351
645397533,5487
645423151,197
645471238,7247
645841220,434
646129383,597
646220234,340
646464288,762
646489141,731
646532460,935
646537482,2932
647071735,269
647090216,345
647100790,307
647651782,2351
647752905,765
647951887,997
648133004,954
648145432,773
648450331,585
648461026,892
648474263,2012
648505057,5847
648629873,13430
648704297,283
648800562,738
648854280,1078
648967412,2607
649025519,689
649035177,814
649047066,727
649170660,66750
649224670,6462
649402606,634
649494372,775
649647885,6492
650246838,880
650365761,413
650657605,489
650838385,352
650839020,2614
650918061,2986
651145357,707
651479977,1052
651487266,9776
651673736,485
651715861,232
651739863,1233
651856155,235
651961311,1329
652065806,561
652419549,110
652420569,2235
652484969,766
652523482,829
652604373,1944
652712035,35440
652780999,389
652941996,8877
653196037,535
653386433,6362
653589102,13980
653595084,5648
653893086,830
654037367,460
654115596,650
654122609,8104
654124617,7493
654824689,358
654834995,668
655021836,907
655099582,83310
655155250,2426
655253031,313
655459367,30279
655806940,121071
655948482,8689
655949187,2833
656030508,1976
656099147,66661
656181752,1322
656242004,1312
656376920,1550
656385153,3648
656648289,323
657057869,1186
657103388,291
657153187,516
657442586,612
657895120,15505
657992824,545
658169646,264
658277588,4815
658356545,478
658453192,3055
658523581,708
658928958,182341
658954791,1623
659030774,725
659158359,1182
659163102,287
659211539,435
659267694,1182
659402878,9510
659412092,8005
659786592,427
660299583,1244
660360373,394
660428571,758
660452634,1061
660489378,11242
660551251,70762
660860817,647
660891114,385
661149290,676
661178361,1612
661481146,333
661792195,438
661847690,318
661917017,393
662443651,1293
662567193,279
662717361,1517
662766482,13283
662871293,325
662878020,7278
663095187,1458
663157481,263
663247362,2504
663396489,2382
663801546,1257
663830644,172
663918038,1642
664102018,1013
664177247,1369
664262546,363
664420782,605
664427248,3843
664529368,1087
664752008,2923
664767555,857
664913876,5204
665164787,1432
665299585,1594
665360778,603
665471631,870
665653661,1206
665986900,560
666140407,744
666163354,2234
666197652,2088
666260877,3236
666461223,608
666826154,1278
667024117,912
667148214,757
667259013,365
667297720,18557
667532295,9317
667751028,327
667828615,3003
668052031,7111
668122773,14764
668132464,2827
668195240,58840
668481985,1367
668513898,1933
668812621,1706
668990200,621
669331976,6551
669402660,554
669420857,4305
669611694,1387
669671669,813
669704171,738
669839756,513
670089677,389
670177036,293
670526867,936
670696350,702
671044141,123
671076272,3041
671115276,171
671367604,1960
671542615,661
671737761,695
671759870,3763
671872978,634
672224983,8803
672405848,330
672415139,10068
672418156,223
672490782,365
672673877,997
672678720,2389
672730040,1313
672790711,456
672839549,428
672847735,1715
673277480,2321
673277958,7115
673534316,3831
673596675,12216
673704029,1255
674075444,21890
674149041,208
674448056,286
674782109,706
674804053,224
674827652,371
674841239,349
674921134,138
675151062,2308
675166027,448
675501126,332
675790276,305
675892095,1052
675911200,1376
676012640,400
676028871,4862
676057693,1254
676089005,1346
676793232,2439
676855783,586
677284959,1539
677655818,336
677815836,262
678182421,3541
678526156,23037
678589928,228
678765416,504
679091311,1859
679237742,33661
679402823,1175
679506386,44820
679564879,1055
679673096,402
679869950,30150
680043217,802
680120071,61275
680173591,2841
680797687,2281
680860351,948
680918523,1162
681002458,7389
681075491,6725
681211986,3662
681240572,390
681455046,958
681482900,1325
681516317,4550
681566005,18700
681603891,669
681809062,1069
681989160,272
682080300,13133
682556990,222
683009618,5686
683039317,853
683066449,802
683509343,271
683573931,5523
683650472,1736
684049556,676
684718744,915
684881338,6940
684881857,3634
684883012,1762
685444668,4082
685523400,340
685709378,598
685779821,288
685897222,193
686076152,1089
686161611,10669
686476221,1211
686709515,285
687036710,766
687065217,313
687127955,319
687211074,339
687246031,291
687372462,461
687449432,1046
687727674,1363
688164459,28815
688186076,2825
689172454,1328
689214770,2896
689299900,4920
689406476,969
689541424,2770
689765175,869
689777286,7482
690349659,525
690609896,8222
690860892,904
691194929,467
691303110,4379
691347156,22907
691978242,691
692175642,1134
692676232,283
693038546,890
693072929,825
693638247,676
694239644,226
694279648,406
694510132,1319
694670164,2686
695229234,966
695699688,1078
696086319,132
696243788,2271
696503950,958
696601819,446
697007681,2077
697356168,170
697550206,1293
697933414,741
698210830,618
698288684,14824
698470143,289
698654711,362
698678789,484
698998233,1030
699159727,868
699343375,1307
699396462,734
699581828,223
699727627,413
700724064,2383
700762093,308
701109860,328
701256444,284
701312880,732
701419101,1890
701494311,9382
701547123,154074
701604805,1116
701627142,1184
701867516,516
701872893,365
702050953,1257
702370097,826
702674692,746
702880644,2445
703132587,670
703276306,151
703411624,25045
703433265,1167
703596504,540
704036520,1055
704054996,833
704106022,553
704543233,5072
704959035,4896
705126352,829
705247308,648
705358800,1407
705433049,3175
705695450,3408
705901752,2104
705950346,2711
706023626,1306
706400384,358
706636808,246
706794274,1945
706800296,855
707018563,383
707020503,504
707237272,4203
707248455,818
707356799,1619
707441527,14619
707501489,1079
707504998,898
707552952,873
707818217,3834
707871811,536
707913607,1273
708532926,324
708552127,578
708693209,3031
709504524,271
709603902,13158
709620206,398
710038813,1170
710127591,305
710443541,1367
710475189,506
710539769,599
710601088,59396
710781843,485
711291697,141
711319439,913
711391701,1385
711550638,14081
711650878,2038
711864970,531
711904523,171
711904962,3938
712179847,382
712629129,3315
712897010,10797
713152194,838
713419018,529
713609629,318
713967573,7830
714008096,499
714035943,358
714143245,10295
714226745,1523
714374011,1911
714387282,736
714395490,404
714808642,287
714853510,772
714865034,509
714893421,796
714940169,3154
715248012,171
715348647,542
715427466,13581
715523093,2045
715592775,771
715806751,983
715884951,15188
716273663,778
716439063,308
716476891,1981
716579519,517
716583109,3405
716786755,427
716799237,1770
716937075,2094
717009085,330
717026159,1203
717138746,2118
717197250,49315
717216771,492
717287228,6598
717917803,1511
717956516,1199
718107269,943
718323423,947
718379614,22404
718407978,1149
718748920,4048
718853934,396
718875034,220
719367888,32395
719455172,6551
719761455,397
719790983,407
720449800,592
720659604,284
720915219,1202
720959702,315
721250099,2383
721643027,1759
721995615,10165
722184017,12419
722523710,257
722811903,1369
722844356,13992
722954739,1260
723015178,2695
723094714,3208
723226486,2347
723307046,2709
723485772,1189
723665493,678
723728776,424
723758860,1460
723933053,1332
724028394,658
724066757,1821
724118604,1807
724415659,159
724478159,1495
724564445,1053
725157537,863
725334471,241
725463194,364
725476324,808
725658398,408
726013572,968
726390185,930
726478743,413
726518175,880
726570398,3017
726692169,2007
727268148,1008
727460041,779
727470807,3099
727502310,587
727519007,313
727699569,1116
728395410,1891
728528910,3504
728758093,467
728820625,2546
729271800,575
729453988,10576
729716514,624
730276071,510
730334347,561
730389199,353
730414546,789
730439488,271
730534580,91727
730728120,3944
730753909,4582
731037923,495
731293077,6007
731397562,1828
731449710,454
731462543,4893
731842419,9817
732366705,603
732401352,723
732543215,394
732849776,1280
732909726,995
733057080,1350
733454789,297
733497470,369
733578284,783
733661878,3972
733802106,5826
733899994,6899
734171107,973
734312577,5678
734626369,1253
734710598,802
735087691,716
735283134,1062
735425203,5194
735469449,1872
735982439,953
736191625,1356
736198723,1865
736272311,16221
736349347,558
736419116,519
736491949,2501
736530793,1064
737050647,657
737607643,363
738046322,2272
738095453,547
738519395,344
738733003,44166
738771232,475
738776129,1627
739486956,1323
739667828,5368
740043450,544
740111119,473
740293013,7705
740316987,9931
740338525,5410
740789348,2083
741100585,3337
741165735,152
741450201,5112
741543947,609
741791071,1243
741989385,5274
742015163,1222
742146179,466
742244656,32806
742326880,1032
742902859,665
742949598,391
743007730,592
743107776,785
743533748,2354
743720963,810
743746918,649
743770309,7749
743780291,4195
743789945,161
743825398,5736
744164276,4406
744855992,391
745311984,1410
745546184,9000
745732093,2702
745749489,3965
746122997,137
746295630,761
746380110,503
746430561,1842
746667927,1442
746708555,367
746783381,455
746833579,818
747578582,1800
747648993,1246
748030359,1008
748528018,6392
748674684,9277
748833709,491
749135518,293
750069596,2566
750262306,786
750274600,398
750371625,4267
750409062,804
750678695,18279
750896555,1348
751008707,14028
751413469,1327
751474418,1600
751863240,2057
751927947,344
752576871,1280
752672224,454
752798324,232
752815135,1253
752840454,1427
752856939,268
752906381,610
752946440,2978
753490180,71641
753525670,312
753664908,862
753742444,829
753750990,29704
753757613,405
753886289,4743
754066467,1601
754173470,1603
754512120,1294
755161958,986
755500149,451
755804236,3560
755874962,460
755952077,642
755979015,761
756142546,8011
756475416,2864
756910902,214
757246914,288
757390591,432
757771051,967
757875395,1127
757885472,763
757899614,589
758197374,18298
758253566,701
758619546,182
758975200,3515
759306668,883
759825266,3663
760107045,826
760329856,483
760947966,1010
761068700,1132
761150311,7274
761397238,1696
761580012,848
762204955,1789
762224673,5994
762300924,2486
762303728,15276
762355055,2426
763068976,828
763718151,378
763733771,1052
763774926,7733
763784232,437
763795053,6394
763825934,1763
763842651,8146
763923484,3825
763946969,394
763992110,636
764049913,1297
764161180,803
764328003,144
764418725,7079
764684731,640
764867656,731
765001096,120
765133369,893
765212809,361
765636168,447
766789360,2097
767257109,328
767492699,1358
767522148,832
767612356,196
767985271,7859
768036550,5015
768315119,350
768612800,4444
769026721,296
769134044,1062
769264114,661
769564277,7721
769818490,464
769852109,1745
769873873,602
769954254,693
770001062,3267
770153867,128773
770633006,2419
770650946,233
770946179,767
771302083,90095
771670025,17818
771808616,3585
771812200,166
771847852,1044
772047488,807
772179341,1153
772231767,348
772626462,1915
772632148,5140
772900420,519
773015046,688
773093836,1135
773321993,427
773345074,912
773544702,22567
773950709,2475
774011471,2040
774180708,384
775149161,741
775300536,351
775790548,1529
776632801,893
776854298,31577
776908852,25549
777111718,25798
777273508,1179
777392297,616
777597786,2749
777812139,3323
777941000,841
778281287,695
778431525,36237
778560533,290
778768633,500
778819999,2250
779285435,2171
779309317,1509
779312276,883
779499743,364
779843396,1232
779928034,1747
780047246,415
780161909,381
780323643,272
780522250,8731
780584116,230
780685045,2557
780737106,20495
780897965,632
781254183,328
781261349,14852
781367266,890
781412750,493
781420440,1627
781548686,714
781634560,1354
781762105,281
781844208,620
781914762,6578
782308046,3779
782539945,9154
782544882,1579
782597014,1485
782938634,271
782946208,5090
783303222,1337
783512367,39065
783558843,831
783743154,282
783744120,515
783839655,545
784021364,444
784181462,37021
784183059,5365
784528890,1801
784546140,12113
784586462,1198
784700179,242
784769209,558
784797264,736
784800776,993
784852356,145
784906798,2654
785004114,1473
785300720,1000
785617449,374
785719030,237
785751279,1387
786008946,1088
786281570,999
786509147,946
786642156,4590
788470926,431
788751269,383
788768107,9002
789008605,417
789379581,291
789457378,307
789480255,6936
789601531,777
790018635,275
790136258,116
790316547,1277
790704526,2375
791124680,8579
791678512,891
791687835,117
791733442,816
791911417,577
792039881,3540
792072603,2703
792550179,251
792608353,662
792840938,594
793152808,815
793375104,140851
793379298,5300
793416920,308
793454852,4445
793526430,515
793795224,6474
795106410,725
795256319,246
795577184,390
795601045,1459
795784338,620
795905076,596
797193117,553
797371964,9392
797507464,111
797526075,108
797531982,447
797821110,1697
798163156,834
798201435,84833
798470196,675
798503976,208
798892173,853
799032556,1646
799067071,729
799084863,358
799574583,1344
800050396,1758
801447013,293
801547807,1079
801763739,8824
801764728,272
802174871,432
802342616,553
802434683,5659
802821703,10949
803024793,2111
803449223,153
803643412,1609
803733455,5561
804026091,959
804027896,1105
804458911,600
804533296,342
804542745,526
804768546,1812
804867341,4337
805155266,52398
805900550,549
806007891,4228
806192576,7955
806216118,1510
806294968,270
806444030,849
806770482,1281
806804556,3295
806854629,34191
806921131,524
807305060,11962
807477229,167
807512074,7412
807526338,120
807727161,2065
808019331,1357
808072504,721
808091003,768
808123482,1840
808180334,897
808279683,127
808921896,885
808982778,254
809060646,1348
809380023,798
809671338,1966
809673506,6269
809764991,352
809877633,787
809920524,1083
810121174,3888
810363572,214
810375738,667
810861466,8820
810940471,632
810975601,184
811330067,336
811374381,1096
811638645,2181
811675345,13193
811918547,719
812111293,297
812535124,200
812975380,19380
813220336,2236
813368909,3751
813390194,330
814018882,877
814403270,2053
814502811,1528
815071490,144
815554514,291
815634288,11185
815654365,340
815778607,329
815946742,2308
816158613,1269
816163847,2011
817354652,11150
817558041,323
817595660,1404
817999901,139
818118661,4634
818331198,20436
818371268,492
819274200,1538
819291550,2672
819613072,1472
819746780,666
820105241,1116
820144741,2822
820723371,1129
820789280,3686
820898375,1665
821257066,1945
821372392,29511
821845183,273
822329559,2120
822439302,365
822604462,42348
823175328,1863
823198721,273
823533826,818
823596198,2085
823731928,626
823919159,631
824091324,1267
824541776,7284
825079672,970
825151681,296
825279449,2128
826111692,4114
826168160,68443
826170402,19547
826643276,1480
826847986,579
827005317,6385
827224160,300
828487049,404
828505099,4667
828725594,566
828733319,606
829521860,449
829762850,1157
829991333,271
830468922,2225
830613483,675
830859294,2526
831914256,5850
832180352,1274
832452447,15078
832482665,1808
833512367,3991
833803262,226
834050728,1131
834231760,596
834369920,63235
834418003,481
834688418,6935
834978333,388
835317697,906
835704674,2542
835975784,16327
836079752,1048
836554261,355
836899473,398
837411728,515
838093526,4512
838126055,398
838163451,146
838216432,7412
838412119,1023
838528318,1653
838542536,11664
838659679,12875
838970603,6647
839037098,28593
839428333,13376
839638772,833
839750798,1085
840056306,31484
840162905,1979
840665645,957
840672252,2453
841242731,1819
841263635,392
841370602,5735
841397199,2102
841472636,11294
841537832,222
842172831,1596
842982339,1221
843003613,869
843119525,1218
843570824,8417
843734873,434
843946121,3280
845116230,908
845839905,1258
846166884,526
846504063,249
846579774,3426
846650421,1403
846698999,54998
847717439,16169
847942139,715
848182195,438
848430472,570
848716186,171
849121458,3553
849473290,556
850195226,1839
850267588,30445
850515061,6427
850683423,5216
851036791,1671
851138183,1455
851256132,693
851311691,815
851405219,2924
851492630,1811
851508130,326
851957432,1116
851973702,2271
852211693,730
853516073,492
853853180,396
853922938,779
854337508,10966
855162700,3144
855588588,8717
856013564,332
856917013,318
857301513,520
857378779,297
857596299,6907
858952634,263
859231373,892
859332112,692
859510816,2376
859537060,5684
859956307,4906
860141324,562
860826290,108
861432372,347
861556786,2898
861746639,2730
861758511,1838
861937484,1983
861987013,272
862342240,534
862421352,1577
862449441,16571
862570523,9394
862578138,13525
862584018,24498
862802466,1361
863050120,4631
863276973,2479
863454901,1071
863884238,558
863930645,1511
864107095,669
864683346,419
864768613,307
864976834,560
865062553,1284
865578152,3612
865656561,6580
865674064,753
865687718,189
866356299,603
866513204,39996
866517667,2008
866534224,125
866629172,683
867149056,130
867337374,11029
867365585,270
867433720,5870
868173144,20252
868456222,565
868466289,3212
868528979,195
868765642,1717
869057963,252
869529046,362
869964172,312
870039374,2150
870189331,12542
870402765,454
870957129,886
871211266,2953
871368615,9215
871483501,534
871725446,478
871835352,111
872005985,8195
872021590,2463
872550457,1546
872632465,982
872748942,608
873102254,576
873330843,833
873387226,314
873548300,1755
873919267,361
873985503,497
874559208,17760
875190427,222
875857865,391
875989196,541
876000634,2664
876064934,38237
876079530,805
876363500,256
876463366,314
876545970,1908
877230294,11060
877487641,155
877649153,4551
877757116,887
878272507,1063
878401217,554
878605324,529
878634542,703
879091764,619
879473096,1741
879657839,537
879677288,434
879753997,253
879874959,2883
879985123,499
881014682,206
881100462,956
881171866,16175
881201918,1912
881448795,2331
881458615,117255
881804112,8195
881991789,587
882026761,7741
882106204,421
882354535,2019
882486617,1050
882880878,412
883037083,1438
884123664,3959
884452470,1224
884907449,351
885743839,2031
886299924,1593
886448921,1676
886682265,299
886929922,160
886966165,3715
887684103,5229
888092115,188797
888350460,1859
888450044,880
888615536,2163
888977326,863
889371307,4171
889684712,1524
889730722,865
889798967,1717
889850064,912
890043011,4449
890358626,322
891123403,392
891705470,11032
891872929,659
891941403,727
892076269,1069
892173192,4173
892415825,253
892729604,1018
893031915,6114
893198731,220
893612026,665
893720264,301
894138030,182
894215592,279
894382523,173
894727712,123
894876686,2573
894945634,1383
894988451,1840
895079444,675
895124092,292
895224323,813
895253710,7997
895291604,5088
895453957,12596
895508656,76532
895801050,5788
895930732,1588
895942941,15851
896146306,3196
896252863,348
896296825,27983
896335270,95867
896417211,920
896594784,927
896905855,240
896927006,5965
897068154,830
897268988,9990
897308110,1542
897375907,630
897595329,4106
897809208,5971
897865415,1584
898003154,651
898004429,1026
898106797,346
898128804,1399
898304583,13250
898345892,9933
898654014,281
898806615,150
899184149,3407
899268921,151
899309258,2108
899407931,7559
899491463,908
899663167,1303
899983311,891
900152988,2015
900207021,2228
900260982,293
900493069,930
900564894,875
900577388,6512
900708662,185
900908903,2559
901328207,198
901554449,1814
901585471,2222
901596497,214
901680517,1602
901720337,221
901797250,6111
901925992,570
901950528,5447
902201960,5805
902419239,640
902495626,456
903410228,1115
903548628,2397
903606632,235
903643338,314
903700733,17906
903960898,1579
903999320,1875
904010974,920
904031977,477
904060563,590
904190702,240
904249963,712
904277704,661
904490600,12606
904534974,7780
904639064,1679
905016458,8568
905450127,3000
905471442,992
905850659,165
906122697,1182
906245192,429
906251482,38341
906326388,1546
906380555,357
906848878,3163
906909760,339
907148362,306
907706400,1239
908040880,2524
908054915,131
908705399,196
908734690,2772
908799323,3272
909177153,239
909213664,109945
909215044,472
909466352,886
909717778,1271
910125376,3104
910133553,208
910265773,1605
910277051,297
910336786,1516
910422636,9357
910426589,652
910918245,326
910986056,16605
911150848,256
911185631,469
911256711,9825
911303109,18831
911680526,1250
911831076,5090
912452889,345
912499477,2646
912645774,3209
912731730,1095
912869501,1682
913547673,258
913574546,1452
913593764,1251
913907685,1989
914316754,20013
914406146,1550
914475684,202
914593860,953
914625205,1739
915015718,463
915233417,6596
915291641,2018
915358848,2478
915425472,876
915470479,426
915520679,11984
915822493,382
915838812,385
916009087,17996
916292078,272
916386111,3297
916693314,166
916695726,3466
917001485,422
917444482,289
917782991,1649
917868934,33246
917903047,2532
917985457,695
918092521,271
918778709,3929
918932603,39210
918998436,162
919458554,1230
919609219,3720
919835586,15029
919872256,458
920159501,3948
920179950,354
920576726,2694
920835737,411
920995232,10880
921048775,1522
921101366,202
921374864,1341
921418273,691
921448845,1827
921652649,588
922050275,3616
922278962,2812
922596686,5361
922709376,712
922830617,190
923103714,450
924394244,5782
924706399,6176
924738875,4626
925147332,4342
925298844,6570
925457982,1139
925508103,957
925634755,2932
926222936,200
926252103,10841
926285456,757
926297959,1465
926334425,3388
926861272,19761
927890076,7319
928054659,285
928147986,126
928176450,541
928246219,319
928318862,9806
928416110,1240
928766981,484
928857407,2855
928976443,485
929050264,976
929121414,23630
929152510,401
929153651,434
929158279,3655
929338255,4117
929591639,196
929918364,265
930007673,331
930132430,2221
930217913,7329
930733499,538
930886482,709
931205747,244
931352845,36595
931365873,4212
931442415,2540
931552739,1104
931705070,2293
931884122,579
931892749,15960
932076703,2568
932348189,290
932644823,5539
932741577,801
932756293,808
932892820,216
932931149,258
933044155,2592
933144612,831
933201974,173
933350408,3491
933392619,1489
933588046,480
933700399,921
933701586,16070
933894892,1510
934119223,252
934139122,505
934147482,1651
934358660,377
934527631,3089
934753959,3980
934853350,262
934999287,3201
935223529,994
935450522,5975
935534753,1573
935604638,27436
935753640,444
935895786,292
936036852,520
936075340,310
936151330,911
936369652,1343
936371491,500
936395722,1767
936588488,829
936639285,742
936974548,4695
936986786,5184
936993021,1788
937033828,300
937056810,2117
937106681,465
937347387,253
937527501,1605
937952934,5813
938111182,349
938268326,303
938322627,3915
938379776,2098
938582880,483
938652536,194
938859604,6117
939035618,130
939207877,5484
939242211,217
939371152,592
939648665,5954
939657163,473
939712575,318
939870671,533
939937385,427
940099147,1433
940989522,378
941145803,3574
941160149,3972
941562247,2124
941652610,187
941866087,331
941931006,139
941971657,406
942114501,20153
942206898,8234
942624437,1846
942756187,14974
942771284,33402
942837343,28170
943214141,192
943266643,609
943686184,1581
943950290,7881
944414751,30066
944922104,344
944976593,12016
944988714,604
945034056,1528
945121885,352
945309383,207
945411078,10881
945551361,6460
945579718,6549
945592798,297
945605057,8573
945763259,2103
946010740,6735
946025961,456
946087422,27507
946153980,3900
946174307,4566
946178371,10786
946228075,470
946270469,151
946278572,4179
946334325,243
946380199,29857
946676136,1308
946702247,8029
946763772,219
946767878,7228
946845941,3496
947349598,2236
947516890,607
948072295,5306
948129804,442
948148972,1919
948240671,1859
948264786,3044
948430889,1898
948567826,370
948663423,9299
948725367,634
948839453,8437
948860546,1451
949542298,542
949564493,344
949646929,10076
950019212,418
950061990,1785
950355259,3370
950361043,1032
950412509,349
950839330,793
950891299,5195
950937118,173
951125019,791
951163887,1102
951254050,213
951416232,516
951429064,3143
951543275,3942
951636984,465
951746200,3020
952238700,9758
952294753,2864
952688112,37863
952939763,2146
952977008,502
952999410,752
953089294,5256
953142807,1201
953215797,398
953274130,1726
953321814,3115
953478769,2357
953521037,36128
953587943,962
953683578,30049
953944252,3035
953945624,2878
954045557,582
954295376,351
954321799,649
954528300,1242
954762768,502
954873280,26031
954963562,12489
955112969,184
955577327,726
955620917,62736
956283541,7160
956421280,504
956585124,1380
956657893,8718
956679248,1449
956842312,8454
956908445,4783
957053334,6408
957410714,180
957412694,4392
957479413,1967
957658915,26567
957756643,3471
957812975,1458
957825149,2497
957859485,9848
957960956,279
958189434,2365
958531089,38743
958603506,251
958733763,365
958830671,10416
958852531,647
958956842,1629
959346743,521
959473422,12691
959543974,7708
960225366,881
960292911,248
960665821,17405
960724144,803
961238844,581
961883456,581
962024783,3114
962106649,2692
962125208,2858
962134278,3391
962294285,336
962587799,790
963665823,4491
964314175,1649
964477695,6100
964818213,1293
964996396,4036
965030779,2146
965174143,1543
965232391,709
965313467,9578
965615190,53839
965632655,8152
965872694,619
965974441,5807
965998145,3364
966022561,585
966372868,636
966653795,2236
966916741,660
967062640,3363
967155121,581
967201453,331
967543976,206
967670863,654
967738751,9982
968197216,107251
968317835,2150
969005843,236
969010919,19391
969235474,578
969263461,847
969373000,1542
969725165,330
969892666,6868
969920935,1041
970023948,3793
970107711,825
970267776,868
970578570,2717
970691159,399
970875123,1003
971300888,5188
971399370,971
971922154,166
971992642,4326
972553373,4390
972862480,631
972930250,849
972957983,1290
973051124,2600
973180254,6826
973223133,4936
973292935,2513
973621150,3615
974157595,5896
974445592,13963
974865573,2102
975012144,393
975045036,2120
975318071,18127
976255395,456
976286833,2328
977737334,376
978236277,8848
978331188,10089
978384239,546
979235459,1229
979345481,1527
979392131,16348
979560403,7709
980086077,2496
980428225,2180
980526715,1049
980584668,1984
980669489,217
980793684,239
980996011,484
981177285,10965
981223380,766
981829214,302
982172059,293
982517950,7709
982711664,613
982835425,1006
983113668,5198
983757718,1863
983763510,5044
983846239,932
984011683,2919
984119889,1289
984133376,10307
984189260,869
984376616,424
984413599,3150
984625191,3979
985839104,13829
986553289,513
986861312,2942
987252260,1205
987312029,813
987541636,1674
987670088,28505
987682107,3108
987975584,10811
988337333,18347
988488798,5253
988535212,283
988545824,883
988856738,570
988892963,1133
989406293,242
989917360,1211
990310636,680
990811530,241
990919575,319
990985890,581
991030974,971
991037838,354
991047680,1573
991092853,1988
991528882,1787
991626874,831
992021228,256
992114392,897
992325192,568
992778031,515
992907328,417
993236973,1595
993376725,1651
993392548,499
993521808,3891
993635199,381
993864981,898
994061888,351
994252890,6690
995129837,894
995371708,337
995796077,872
995920026,1443
996124831,1792
996329491,6944
996546959,1133
996626040,11736
997085842,3125
997120524,869
997220114,272
997390194,5669
997410148,521
997438135,528
997490512,7045
997890921,23046
998409746,547
998445877,1388
998658053,1935
998704750,327
998903307,1855
999030842,15722
999743169,585
1000362065,39733
1000784797,834
1000933836,709
1001200358,1342
1001452682,12131
1001531356,574
1001889935,3185
1002055021,907
1002069540,2645
1002125012,28267
1002608585,343
1003353701,554
1003434490,1401
1003614809,3155
1003799351,521
1003987503,619
1004147641,18572
1004491404,613
1004631442,8731
1004647857,9082
1004789600,607
1004995740,22423
1005233473,4961
1005959915,299
1006104934,6219
1006340566,413
1006993051,893
1007665741,928
1007681088,5538
1007724038,653
1007845219,865
1008177062,4794
1008373485,13961
1008713177,28333
1008775535,660
1008961851,894
1009038213,390
1009729416,463
1009904154,397
1010094371,2223
1010285990,494
1010311478,252
1010318950,8236
1010478967,2287
1010681419,78065
1010767195,3023
1011137032,1553
1011263959,300
1011716417,654
1012087571,54298
1012470975,157
1012676456,3318
1013335166,326
1013404946,3427
1013480284,32418
1015215237,202
1015232837,451
1015241891,1921
1015280784,2357
1015753941,2654
1015815983,9185
1015852565,866
1015965886,605
1016271077,813
1016323751,38922
1016423859,12646
1016903129,893
1017049444,2874
1017500658,166
1017966556,436
1018098280,2102
1018547681,3867
1018830110,1679
1019203263,155
1019360350,3487
1019432584,12673
1019609805,2209
1019975951,270
1020672081,14672
1020779503,1922
1020834440,3699
1020843346,625
1020997213,156
1021219064,3701
1021295105,510
1021369428,206
1021621499,3465
1021895365,24031
1021907170,1658
1022508659,765
1022925092,1031
1022937426,8842
1022984892,4424
1023243010,1241
1024010771,570
1024095504,308
1024554267,251589
1025121037,4774
1025300166,5862
1025906681,3597
1025924157,2775
1026361581,197
1026589873,344
1027015746,875
1027092197,231
1027207153,830
1027384981,29969
1027472552,1496
1027657650,458
1027735852,1697
1028070615,14503
1028159967,13057
1028492186,15465
1029036679,25528
1029049168,2498
1029161494,511
1029237831,368
1029289585,2010
1029765858,1817
1031066646,236
1031215137,16124
1031572511,340
1031666266,167
1031702103,704
1031738741,3172
1031743438,105
1031953656,1593
1032382011,1058
1032429296,3119
1032459340,71142
1032498247,891
1033268244,6070
1033504128,124
1033533442,1911
1033618518,270
1033873680,8419
1034122619,1876
1034425196,13202
1034455311,203
1034736943,4929
1035165731,2252
1035890763,3567
1035903914,606
1035925398,297
1036205124,8150
1036441713,4160
1036471813,254
1036704760,1591
1036865607,5347
1037029275,194
1037741738,5445
1037868089,736
1037882481,1681
1037962296,5224
1038251341,4890
1038267026,504
1038357256,310
1038413113,1267
1038434342,769
1038507702,1554
1038887977,188
1039282306,3225
1039587768,8023
1040280323,2778
1040397982,8400
1041176052,4054
1041444133,1795
1041920680,4621
1042367133,140346
1042526843,2497
1042774256,2693
1043448231,1874
1044010907,6676
1044765979,3368
1045330979,1187
1045721921,9664
1046807713,4146
1046864201,2276
1047320420,4473
1047604775,2944
1047714514,1398
1048132347,483
1048158960,1266
1048282719,2244
1048320382,11016
1048418394,3376
1048564437,283
1048601047,5214
1048652045,180
1049183334,660
1049248085,193
1049886433,2412
1049887781,795
1049911276,388
1050245177,674
1050485604,411
1051229663,3109
1051432019,560
1052016638,734
1052050442,81784
1052094299,1202
1052259802,3165
1052387869,550
1052473204,1224
1052828228,4912
1052845083,19325
1053114486,628
1053118194,52564
1053297461,3782
1053496366,1924
1053544737,531
1053598893,5336
1054147333,220
1054677274,3159
1054790989,11198
1054793726,53028
1055778057,819
1056221118,1372
1056452116,845
1056618941,4956
1057381764,816
1057758059,820
1057848324,777
1057909657,661
1058148535,1213
1058223453,541
1058825816,2045
1058850200,3263
1059326899,2443
1059472549,3953
1061041576,33592
1061327311,11923
1061365581,529
1061953414,179864
1062171191,522
1062210926,1013
1062297179,5879
1062458369,29342
1063265931,4582
1064264196,1091
1064636662,2784
1065047674,1749
1065059442,48616
1065066515,2052
1065587626,102
1065865385,2511
1066243512,2098
1066509034,3013
1067194496,541
1067611583,148
1068755384,376
1069234314,710
1069446208,3378
1069465928,3393
1069943001,20322
1072539730,12425
1072816188,2491
1073224795,295850
1073579907,690
1074023461,2446
1074175180,407
1074561042,27666
1075241121,258
1075250658,1563
1075381375,19671
1076111130,1889
1076312498,1018
1076538757,123
1076969585,2587
1077560986,472
1077591800,190
1077662591,2310
1077701245,898
1077819522,24651
1077839783,293
1077850011,15287
1077926723,1263
1077989117,2799
1078227922,680
1078434900,514
1078528927,8890
1078598180,2365
1078850969,2402
1079302078,630
1079469057,3173
1079547517,1049
1079619168,6383
1079906817,3593
1079966361,3389
1080070047,11747
1080226559,367
1080442728,3103
1080536031,1870
1080688707,833
1080728121,1455
1080989149,1934
1081336463,2748
1081397957,25457
1081415439,321
1081623471,2187
1081770999,2446
1081783144,499
1082137380,4832
1082722503,3444
1082927074,3618
1082960574,3528
1083188349,5356
1083363028,2603
1083676347,109
1083790746,453
1083953029,553
1084058975,2420
1084400107,1637
1084853233,35265
1085062248,136
1085086903,13350
1085130367,1173
1085636225,415
1085876386,6212
1086124473,658
1086419061,46181
1086756757,1844
1086808440,207
1086887314,3048
1087021837,727
1087106485,406
1087304134,1759
1087772670,5392
1087915800,539
1087953935,684
1088165333,457
1088558237,13303
1088705108,10452
1088816938,757
1088947514,1222
1089324287,827
1089959414,5050
1090165309,398
1091441963,730
1091563845,2517
1092047360,41761
1092116209,7254
1092279475,7160
1092555455,179
1092747695,243
1093180734,1235
1093458723,340
1093529841,10328
1093903598,687
1094040884,132
1094122545,1590
1094171135,1037
1095936393,1980
1095948794,3968
1095991387,526
1096085345,1748
1096175506,1153
1096608396,4044
1096955196,1383
1097695258,22224
1097835077,1559
1097885806,220
1098549899,639
1098665524,2671
1098866858,624
1099328966,12839
1100358796,786
1100363827,4186
1100776768,37457
1101059247,1144
1101183880,813
1101198567,2418
1101234405,2905
1101358021,878
1101573776,162
1101874129,9719
1102197464,3423
1102438776,1381
1102464845,148
1102475895,305
1103012935,391493
1103039640,566
1103066894,1457
1103108740,3777
1103502237,1139
1103772881,5610
1104232109,763
1104301428,465
1104332987,76637
1104370536,7488
1105067009,641
1105657641,10200
1105906942,6104
1105911868,222
1106046293,2277
1106290890,964
1106398326,1358
1106440682,631
1106444494,355
1106612431,2892
1106615912,2349
1106663535,15694
1107721554,1256
1107847846,414
1107929306,1204
1108061543,402
1108188054,261
1108246201,268
1108658403,246
1108682714,6652
1108837393,69847
1109163478,989
1110248948,1707
1110443421,16067
1110629675,500
1110724055,505
1110731552,568
1110782890,15591
1110932933,3854
1111221079,951
1111537966,3832
1111937658,2507
1112015061,743
1112154391,387
1112189620,26347
1112733896,977
1112757335,511
1112843446,2390
1113140733,3127
1113326957,812
1113327297,2172
1113373470,720
1113403973,10957
1113476505,645
1113573066,57845
1113922795,2994
1114838453,4667
1115322337,1746
1115438773,3125
1115602775,2414
1115745775,672
1116604175,3229
1116658452,781
1116799827,1159
1117298172,784
1117388084,1869
1117497732,1894
1117639997,25937
1117827886,306
1117851921,737
1117894769,1937
1117896698,515
1117927632,2439
1117942206,3758
1118058753,571
1118085970,15692
1118204739,1072
1118273977,863
1118472080,839
1118483478,1147
1118556483,377
1118583356,715
1118601518,43337
1118620356,980
1118981983,817
1119072163,273
1119210021,6596
1119305249,1115
1119492821,2643
1119523584,5630
1119580695,3995
1119883856,1660
1120106077,1527
1120507300,2100
1120540348,5152
1120583995,1132
1120886225,1889
1120991338,1028
1120992116,543
1121405464,3940
1121898861,1328
1121999804,2000
1122242121,5185
1122681704,1980
1122873619,1577
1123323771,1083
1123331936,1086
1123338559,5840
1123956658,9170
1124031902,1609
1124219907,40842
1124236568,390
1124477911,2305
1124631986,1103
1124754056,2940
1124759447,492
1124936542,790
1124990304,905
1125228311,403
1125683897,503
1125856365,34445
1126064944,1418
1126473386,28338
1126557956,852
1126841840,5155
1127011907,670
1127191351,3313
1127234517,9600
1127276854,1594
1127402712,451
1127638187,1062
1127650407,5917
1127761357,4221
1127793756,5926
1127844060,555
1127855842,274
1128204614,20326
1128579105,429
1128708803,269
1128833454,1897
1129412343,728
1129437678,3305
1129568168,1676
1129583447,4060
1129597773,372
1129716674,2406
1129786550,19624
1129836481,338
1130004860,6088
1130040122,1005
1130269053,357
1130325611,1355
1130445785,846
1130564872,87885
1130809465,39619
1130952330,712
1131085323,1903
1131194012,288
1131286249,342
1131381274,285
1131513930,65961
1131637627,1382
1131734767,868
1131980797,556
1132063646,3102
1132431999,11091
1132664039,2643
1132750706,16777
1133207146,26369
1133210524,4289
1133611462,215
1133660268,2191
1133872562,566
1133901637,6185
1134247238,422
1134445014,548
1134447175,7391
1134743153,797
1134819911,4173
1134882229,1041
1135067489,316
1135148452,1019
1135169266,2399
1135179558,9332
1135193663,593
1135212071,53434
1135260262,2975
1135473927,745
1135492298,18668
1135501937,2704
1135791677,14281
1135871706,684
1135891523,3084
1135975613,285
1136152017,1842
1136197489,221
1136590548,273990
1136616428,1805
1136666433,54311
1136752401,1812
1136782037,2896
1136945646,233
1137222083,791
1137445686,566
1137485434,2529
1137515077,7033
1137515714,567
1137711311,41057
1137729039,170
1137850293,1578
1138349022,1066
1138376193,1546
1138835447,1872
1139111484,354
1139329853,626
1139643103,1143
1139782619,14368
1139883371,403
1139971460,82506
1140000232,1842
1140071348,2214
1140152286,467
1140226073,664
1140263746,1380
1140481996,765
1140494293,738
1140774520,850
1140788023,393
1140946310,1656
1141023706,568
1141384261,530
1141468878,177
1141582887,1719
1141592887,1400
1141701871,1131
1141704318,52975
1141706975,1423
1141720197,1593
1141782198,56489
1141838987,3303
1141853351,6178
1142132744,220
1142274728,11451
1142397834,722
1142406715,4969
1142413815,371
1142482827,493
1142833038,159
1142849282,298
1142857237,576
1143019584,814
1143237475,5679
1143261428,9952
1143295695,5384
1143403408,1055
1143408173,1970
1143664622,507
1143707508,1135
1143753790,332
1143767804,30208
1143816215,646
1143938205,230
1143952193,5942
1144007363,1603
1144211118,1122
1144284308,690
1144422934,629
1144694071,3198
1144727401,2578
1144758120,1247
1145075367,705
1145158024,2348
1145420469,2884
1145667945,2227
1145741988,1517
1145881485,639
1145914675,1334
1146004684,2265
1146153471,2002
1146425139,3991
1146462485,3055
1146471921,2214
1146550474,4368
1146738089,30882
1147019563,2098
1147094660,48821
1147103080,4323
1147294830,1022
1147330830,578
1147379948,4106
1147566999,3396
1147646222,220
1147803825,851
1148290190,887
1148314264,496
1148542760,683
1148617298,1721
1148960257,4441
1149110392,543
1149257427,5562
1149469661,597
1149484257,1191
1149919051,2122
1150071903,2681
1150205195,552
1150205470,7176
1150626239,7614
1150696087,558
1150781804,408
1150800542,2506
1150865300,912
1150877418,3394
1150995498,598
1151113612,4250
1151205052,3251
1151221822,712
1151379841,858
1151411061,6494
1151667698,7051
1151867743,472
1151870687,357
1151948575,420
1152014594,18360
1152145571,1778
1152159038,3463
1152162423,222
1152600431,1472
1152720637,1702
1152766213,475
1152784189,626
1152844950,370
1152948526,941
1153027372,207
1153111797,323
1153372704,7280
1153416852,3816
1153483156,465
1153494379,1234
1153634897,295
1153688673,420
1153764295,1144
1153806672,2092
1153822578,523
1153886029,212
1153919891,801
1154009261,5064
1154071796,308
1154123797,2611
1154407752,1822
1154879377,3274
1154974019,363
1155025406,3484
1155063795,389
1155091202,6170
1155099363,1769
1155123554,1259
1155158769,314
1155232855,1374
1155266070,828
1155268703,2083
1155383451,9744
1155576139,17870
1155681893,192
1155766506,1410
1155776799,1304
1155816493,2406
1155965274,25811
1156013210,2027
1156046366,255
1156170875,9397
1156416181,467
1156645601,3117
1156797572,6313
1156956890,32934
1156960719,14961
1156994049,12823
1157171418,22566
1157299560,181
1157326300,263
1157543432,973
1157643045,190
1157659618,503
1157855507,977
1157909530,328
1157928891,447
1158031396,845
1158444028,714
1158472225,3289
1158588224,37655
1158631460,3491
1158722119,101716
1158782187,182
1158799392,10273
1158953185,2524
1159184254,642
1159261054,1656
1159381774,2251
1159829402,876
1159910897,250
1160158798,380
1160245783,2020
1160289313,868
1160721237,266
1160886023,1401
1161038816,648
1161163182,41156
1161355400,747
1161379409,780
1161394125,1669
1162089095,869
1162099055,93003
1162410458,9557
1162457397,470
1162907198,301
1162971794,2798
1162985117,543
1163081173,659
1163421557,510
1163460571,1041
1163460850,2311
1163524922,258
1163644748,613
1163855415,1324
1164059777,1568
1164459351,1206
1164521143,858
1164625104,658
1164646909,526
1164655740,1424
1164832776,16972
1164859248,1152
1165212299,1230
1165324947,35450
1165361576,13321
1165489591,617
1165507389,4453
1165663023,1418
1165855406,2970
1166050099,148
1166108740,382
1166119443,4143
1166139870,18210
1166143771,207
1166171472,208
1166321809,1474
1166408297,29174
1166606658,1542
1166706525,1398
1167034425,3527
1167077257,2705
1167209519,7495
1167296906,1014
1167300963,50633
1167337904,530
1167413446,3187
1167525683,248
1167626999,369
1167788341,31937
1167791343,2501
1167823778,1542
1168073473,1028
1168184085,331
1168261320,1379
1168294481,716
1168625736,288
1168753718,22478
1168900248,689
1169009889,181
1169078701,335
1169101061,2361
1169144801,2257
1169297054,659
1169560166,4909
1169612059,1116
1170189222,378
1170266927,26807
1170303612,2717
1170321595,569
1170326509,2158
1170548091,4542
1170615905,269
1170634188,646
1170648585,613
1171111467,6395
1171284401,1267
1171290857,561
1171312494,4166
1171376163,2465
1171575871,461
1171605222,268
1171656857,1386
1171755183,195
1171873526,462
1172197625,493
1172251311,475
1172309719,226
1172340808,1564
1172540122,710
1172574522,6724
1172739419,2043
1172782796,560
1172805219,1281
1172886754,766
1173427820,2883
1173503298,639
1173528409,526
1173738644,1249
1173769719,918
1173838343,1073
1173848034,14561
1174224707,4879
1174262723,463
1174423274,277
1174443757,238
1174614095,411
1174625805,406
1174747993,1546
1174957711,379
1175231820,2102
1175263852,1922
1175316550,2844
1175317731,181
1175414428,310
1175742612,214
1175748759,5277
1175870738,3048
1175900220,3558
1176061718,514
1176129893,19711
1176335208,2067
1176469774,2413
1176497351,972
1176557412,900
1176677271,1354
1176808813,1605
1176898834,3460
1177118700,216
1177129875,576
1177402105,57648
1177456367,1222
1177640089,1719
1177919337,758
1178198291,1297
1178437140,1897
1178500367,745
1178505369,406
1178543902,865
1178584802,382
1178834224,906
1178974910,515
1179009322,146
1179046874,14107
1179074781,1578
1179124545,4683
1179213731,3313
1179363570,7115
1179413000,10146
1179457582,221
1179478740,281
1179511162,2726
1179539349,3556
1179682343,1920
1179727851,700
1179824727,254
1179959183,7075
1180015183,832
1180226026,1583
1180391077,659
1180445240,567
1180700598,178
1180781840,1253
1180872582,213
1180917769,6516
1181171430,345
1181272477,3380
1181318933,1400
1181409661,293
1181429842,600
1181479848,12061
1181624333,531
1181899027,1832
1181982220,29869
1182000750,2582
1182117531,476
1182212878,31614
1182215277,1202
1182216394,3057
1182306628,773
1182547092,22666
1182588635,286
1182594286,2371
1182712729,2456
1182741097,1569
1182810087,311
1183151083,230
1183396155,1576
1183845721,1663
1184025656,601
1184096749,471
1184170771,1337
1184249417,562
1184268220,6281
1184313747,479
1184340999,272
1184626912,9517
1184752645,4528
1184830713,697
1184839874,173
1184866064,2776
1184996128,1534
1185003107,664
1185007574,961
1185015774,909
1185016972,1076
1185122623,6378
1185233810,970
1185308721,254
1185389803,45091
1185430378,2027
1185438389,485
1185528404,1938
1186036632,901
1186202698,3029
1186233280,1386
1186304875,216
1186389044,308
1186559664,9898
1186598756,1062
1186664179,1298
1186701238,1310
1186842622,1895
1187150337,2555
1187349447,372
1187386524,137
1187461911,690
1187464970,904
1187490902,485
1187573823,557
1187595770,600
1187630119,19525
1187689258,652
1187718501,195
1187805808,3303
1188009186,1156
1188133194,1554
1188180267,9289
1188362803,2578
1188669909,2275
1188684386,447
1188775349,1903
1188833811,265
1189234446,5799
1189384516,7166
1189432033,1894
1189732822,4781
1190042495,2316
1190390511,1138
1190515659,515
1190778303,4834
1191240966,378
1191398263,577
1191520000,3806
1191671352,1485
1192168837,1805
1192303694,1481
1192391522,838
1192555574,17329
1192646696,2271
1192691221,328
1192710260,311
1192845474,1684
1193082155,9124
1193276701,196
1193374549,3902
1193430229,534
1193465306,512
1193742102,661
1193818575,508
1194056092,2308
1194218201,278
1194293040,548
1194517182,849
1194576770,396
1194842235,403
1195165448,3700
1195208341,4334
1195243030,19368
1195371847,4723
1195557790,1247
1195799446,497
1195828337,25334
1196568696,238
1196617276,18784
1196674898,272
1196898989,884
1196950132,1265
1197002442,4512
1197043989,10311
1197079556,2299
1197172145,3314
1197183235,2552
1197197392,2690
1197226849,3707
1197227242,2730
1197262207,3367
1197265285,1623
1197308263,1089
1197357033,2744
1197387463,960
1197473770,933
1197491237,1131
1197496497,1952
1197569406,14877
1197598190,4290
1197631840,950
1197656055,25
1197674252,1666
1197690052,1345
1197727671,932
1197782606,3058
1197811764,2261
1197990888,33659
1198040849,3168
1198063129,571
1198068829,541
1198124295,5383
1198155461,1209
1198211652,236
1198306812,34850
1198331424,163
1198370352,2113
1198604352,784
1198625298,239
1198654685,1074
1198829864,1794
1198882870,1210
1198982020,428
1199028956,1309
1199057215,1199
1199548147,582
1199668171,14377
1199720858,593
1199905418,1538
1199916658,749
1200071160,1353
1200192516,264
1200309199,303
1200426344,1526
1200597263,124230
1200800171,1134
1200968971,193
1201167354,437
1201173969,110114
1201212574,155
1201253077,4737
1201432708,1666
1201628267,1390
1201656210,59431
1201754187,203
1201775166,2420
1201897606,453
1201906543,229
1202070696,3350
1202113460,1462
1202251960,2162
1202274504,443
1202436319,510
1202496880,503
1202549948,3527
1202555904,2464
1202599845,21188
1202634727,1084
1202937420,6183
1203115035,735
1203116301,523
1203185600,4681
1203417753,2253
1203463294,336
1203468533,14522
1203485136,1076
1203558071,27733
1203657193,624
1203667901,241
1204165003,2251
1204369117,1041
1204383770,222
1204427144,454
1204520409,1294
1204804583,754
1205047801,167
1205137520,6054
1205298114,544
1206357666,3789
1206390571,54087
1206468071,864
1206501749,4523
1206531299,650
1206553433,12809
1206566990,2667
1206648335,747
1206910786,196
1207006614,1564
1207055628,1009
1207091162,11608
1207529559,1555
1207639951,11312
1207687985,2150
1207716231,1448
1207740274,2648
1207908536,398
1207953136,290
1207965399,2518
1208339803,1728
1208451003,835
1208510936,1032
1208616942,1169
1209020591,637
1209350013,671
1209396858,3757
1209640045,534
1209889782,11345
1210070282,311
1210155353,5740
1210223349,416
1210288370,877
1210537388,2967
1210965499,17
1210969976,620
1210974853,36
1210993610,17
1210995403,24
1210996597,474
1210998536,25
1210999518,23
1211008223,94
1211009406,15
1211010427,14
1211015701,30
1211016441,359
1211026924,31
1211027023,16
1211029147,22
1211045181,28
1211046673,56
1211047453,83
1211049218,142
1211054287,690
1211062214,24
1211066605,16
1211067257,12
1211081420,14
1211081914,18
1211082205,21
1211083967,73
1211089620,848
1211091483,21
1211091844,48
1211092393,79
1211096376,1992
1211100249,665
1211101745,23
1211103743,14
1211105461,17
1211106808,17
1211119746,37
1211134411,273
1211135748,58
1211139949,78467
1211148265,12
1211152788,104
1211153639,846
1211161312,51
1211164307,22
1211182199,37
1211183026,37
1211183428,37
1211185810,16
1211188079,98
1211192559,40
1211200858,9
1211206127,264
1211207463,26
1211213013,58
1211213210,44
1211216973,19
1211231675,22
1211239245,11
1211240086,17
1211242246,14
1211245293,39
1211245881,44
1211246310,44
1211247455,44
1211247978,44
1211248537,44
1211249123,44
1211253535,44
1211254498,44
1211255002,44
1211255474,44
1211255968,44
1211256418,68
1211256910,44
1211258495,44
1211258530,30
1211259024,44
1211260619,17
1211261120,44
1211263474,44
1211263944,44
1211264394,44
1211264885,45
1211265499,44
1211269161,39
1211269625,39
1211288569,293
1211291830,43
1211292824,16
1211323948,74
1211326181,127
1211328845,42
1211331887,44
1211332487,20
1211334989,95
1211339624,51
1211340505,12
1211341812,17
1211344034,89
1211346525,39
1211347607,16
1211353708,39
1211357795,465
1211358903,28
1211363745,223
1211363761,26
1211369814,36
1211373664,22
1211373726,14
1211375944,387
1211392915,51
1211396326,104
1211397094,12
1211397985,20
1211406359,17
1211407380,20
1211421149,28
1211424294,126
1211431908,26
1211436356,28
1211437711,28
1211445936,17
1211449139,1064
1211451737,245
1211455718,44
1211472582,24
1211474003,47
1211478189,448
1211483815,40
1211495036,253
1211495678,80
1211496271,12
1211496721,20
1211499945,18
1211504567,15
1211506215,146
1211511366,34
1211514405,52
1211516798,27
1211528757,33
1211532216,83
1211537500,2290
1211544888,11
1211547129,13
1211549389,14
1211555810,144
1211560503,17
1211568421,84
1211576866,41
1211589067,1194
1211595987,18
1211611644,37
1211614110,223
1211615179,169
1211621353,18
1211628140,15
1211628924,58
1211636743,318
1211639042,71
1211640020,72
1211648517,48
1211664428,89
1211668332,25
1211673552,21
1211688259,28
1211689305,96
1211709322,24
1211709401,42
1211713203,39
1211734353,39
1211762072,17
1211769859,12
1211771701,138
1211786253,11
1211796176,200
1211804342,79
1211805157,20
1211816061,21
1211822834,27
1211841798,47
1211844962,10
1211847033,34
1211852158,27
1211879821,27
1211880680,26
1211883488,30
1211907063,13
1211913026,55
1211933183,30
1211933536,20
1211937619,78
1211947721,17
1211954790,23
1211961956,13
1211973138,24
1211974233,16
1211981858,62
1212012880,103
1212016788,54
1212023672,27
1212030186,37
1212038396,74
1212040616,73
1212041285,47
1212044099,119
1212045148,33
1212046166,18
1212051246,29
1212054378,29
1212059169,431
1212059453,25
1212060952,61
1212065926,25
1212068500,3111
1212068825,17
1212071331,118
1212071873,14
1212073733,80
1212073877,15
1212074645,39
1212080845,12
1212082239,17
1212098005,30
1212102867,12
1212103871,41
1212104171,81
1212105001,17
1212106565,28
1212109465,16
1212112489,80
1212122101,776
1212122915,10
1212123893,330
1212126095,39
1212133946,388
1212138326,21
1212142448,32
1212142746,31
1212149375,997
1212150078,12
1212152443,15
1212152679,56
1212155273,29
1212156829,83
1212162173,45
1212162858,19
1212163614,44
1212163658,10978
1212171830,101
1212178686,44
1212180639,332
1212184690,13
1212187194,65
1212191053,16
1212192645,11
1212194710,60
1212199101,42
1212202152,99
1212205041,88
1212213795,11
1212215459,26
1212217978,13
1212221277,53
1212224446,111
1212231935,34
1212237753,70
1212240247,34
1212272650,34
1212291096,24
1212297061,18
1212297707,613
1212299698,24
1212301481,14
1212303172,17
1212305418,10
1212309782,14
1212312612,18
1212313395,39
1212313943,7
1212321035,19
1212321780,15
1212322352,16
1212323523,45
1212324108,303
1212326426,16
1212327060,19
1212328464,21
1212335792,1460
1212337929,55
1212339953,14
1212344894,20
1212352704,212
1212353968,497
1212355347,17
1212358471,50
1212361258,142
1212365405,443
1212370575,18
1212380723,67
1212386132,13
1212389344,83
1212396129,25
1212401107,72
1212404364,39
1212405954,13
1212409812,20
1212411769,24
1212416285,51
1212420523,107
1212424025,49
1212425313,20
1212426242,37
1212435342,15
1212436974,16
1212445952,276
1212446074,234
1212458158,32
1212463614,21
1212471969,226
1212485345,13
1212495958,25
1212503250,16870
1212507810,14
1212517694,14
1212519203,21
1212522158,29
1212526449,28
1212534605,49
1212545513,50
1212545562,19
1212545659,21
1212547305,51
1212552738,190
1212556547,67
1212568395,2575
1212579112,19
1212580972,18
1212584333,14
1212604955,42
1212607944,27
1212608505,41
1212615762,17
1212615823,75
1212626143,13
1212639739,38
1212645406,53
1212655381,251
1212662651,47
1212662699,53
1212674766,22
1212691238,19
1212697436,20
1212698895,22
1212708301,66
1212711737,15
1212716497,46
1212717547,14
1212718768,2914
1212731288,23
1212732933,15
1212741592,16
1212744728,23
1212750508,58
1212751545,14
1212751853,27
1212752329,43
1212756310,18
1212767451,28
1212769188,43671
1212770626,20
1212772844,80
1212776839,13
1212779336,45
1212792234,346
1212802346,36
1212803197,149
1212818660,161
1212822116,237
1212826524,15
1212832891,26
1212833318,783
1212843730,63
1212854568,44
1212863969,17
1212866717,15
1212873879,20
1212877255,44
1212893754,28
1212898723,82
1212901838,45
1212906611,11
1212912437,16
1212915278,17
1212932043,16
1212936003,17
1212946437,45
1212958625,2187
1212958792,165
1212960200,28
1212964560,104
1212986802,21
1212990952,60
1213004527,83
1213018000,977
1213021084,18
1213021942,26
1213031647,6
1213049020,18306
1213053754,58
1213064866,171
1213065419,21
1213067090,18
1213070486,54
1213072190,68
1213072391,17
1213072853,63
1213074351,24
1213075462,21
1213079400,55
1213079565,14
1213081795,30
1213082786,204
1213083204,11
1213089388,35
1213093442,15
1213096099,21
1213097216,33
1213099006,12
1213099715,21
1213102235,48
1213107404,11
1213121380,243
1213122529,25
1213126085,107
1213128008,4
1213128525,14
1213129179,12
1213135165,33
1213138705,48
1213141996,16
1213150985,40
1213158264,21
1213159910,31
1213166415,33
1213174371,29
1213210884,22
1213212865,2200
1213214826,8
1213215164,8
1213215604,21
1213232466,52
1213239020,24
1213244638,104
1213244979,82
1213254756,13
1213265429,173
1213269387,11
1213270275,10
1213271324,982
1213278007,32
1213278465,44
1213279660,36
1213282074,17
1213286530,53
1213286773,32
1213295040,218
1213298526,32
1213313471,93
1213314710,39
1213320306,66
1213322283,17
1213344454,32
1213347757,44
1213350401,13
1213369035,17
1213369150,14
1213369689,28
1213376196,69
1213377775,291
1213388257,11
1213389047,38
1213390704,29
1213393702,14
1213401667,35
1213406268,49
1213410885,18
1213412750,184
1213418162,29
1213422759,14
1213424550,32
1213438872,36
1213439274,15
1213448295,23
1213456169,48
1213456832,106
1213465959,62
1213477480,858
1213483766,142
1213484834,71
1213489460,31
1213492378,21
1213494393,21
1213494845,85
1213499662,12
1213508077,45
1213526705,372
1213545146,48
1213546910,84
1213548688,14
1213558515,119
1213572410,14
1213578141,25
1213589825,160
1213589861,403
1213596558,30
1213599866,42
1213602620,63
1213605295,22
1213612261,15
1213616615,3962
1213621353,54
1213627697,119
1213635270,129
1213655814,15
1213665985,12
1213667676,17
1213667879,349
1213671679,14
1213679333,20
1213684532,22
1213690685,39
1213705966,18
1213724156,20
1213726114,132
1213732395,1243
1213737277,28
1213738495,29
1213752513,16
1213756841,39
1213757446,241
1213776823,791
1213782040,22
1213783578,22
1213784218,28
1213785946,18
1213789212,41
1213806247,21
1213815713,57
1213816047,938
1213831079,36
1213840696,33
1213841375,16
1213848993,94
1213850825,25
1213854984,114
1213856502,18
1213858087,38
1213869298,19
1213877989,21
1213882945,27
1213883741,39
1213894274,14
1213899530,29
1213903458,58
1213903931,51
1213921570,22
1213924905,31
1213933023,475
1213936160,16
1213946709,32
1213956965,678
1213958077,17
1213963375,328
1213963816,25
1213969021,56
1213975621,724
1213978779,55
1213989169,14
1213991947,45
1213992071,17
1213993401,8
1213995610,80
1213999980,11
1214023498,31
1214027647,21
1214028696,121
1214031601,47
1214039649,13
1214042231,131
1214048612,38
1214054836,28
1214055530,255
1214056183,29
1214061724,108
1214066049,39
1214073962,17
1214075908,102
1214079192,343
1214086123,204
1214088066,17
1214097767,24
1214103856,17
1214106457,21
1214115656,79
1214116564,76
1214123279,48
1214124594,31
1214125715,3985
1214130539,221
1214132525,24
1214137514,17
1214145978,65
1214157669,74
1214166855,656
1214171422,21
1214186671,27
1214187650,33
1214194417,16
1214198641,65
1214205098,263
1214206049,149
1214207265,43
1214209804,17
1214224482,85
1214230350,60
1214232991,0
1214253933,19
1214259427,61
1214267031,22
1214273599,29
1214284796,125
1214286302,16
1214292570,103
1214316980,12
1214325159,50
1214330138,37
1214330684,586
1214340119,28
1214344575,63
1214345024,39
1214349536,3493
1214354379,39
1214357854,36
1214365048,40
1214367522,313
1214368528,283
1214371636,20
1214378079,23
1214378330,14
1214382445,128
1214401834,77
1214402572,161
1214410740,19
1214415239,15
1214417298,19
1214419579,11
1214419813,31
1214421786,37
1214423832,1688
1214430889,17
1214432280,47
1214432636,59
1214444660,92
1214451720,18
1214459508,292
1214464768,473
1214466235,16
1214478877,40
1214479548,17
1214482028,94
1214484185,17
1214488263,102
1214491827,24
1214497982,21
1214499036,44
1214515537,18
1214522988,15
1214534230,20
1214535662,53
1214541835,154
1214543765,46
1214544186,43
1214545008,33
1214548581,18
1214556362,815
1214564144,23
1214564285,489
1214565094,18
1214565945,70
1214568317,16
1214586312,12
1214590697,25
1214598450,89
1214613536,26
1214614273,86
1214617729,92
1214621535,44
1214621915,35
1214625657,116
1214631343,3
1214633006,11
1214639705,37
1214639959,10
1214643314,29
1214651975,23
1214654038,33
1214661652,27
1214662152,17
1214664730,129
1214668357,28
1214671166,326
1214701984,27
1214706991,15
1214708684,11
1214711567,38
1214712269,14
1214720448,16
1214721509,60
1214732478,21
1214733598,23
1214741287,826
1214744766,23
1214746179,15
1214761986,63
1214764451,187
1214770805,111
1214783544,3255
1214785164,8372
1214788016,718
1214792028,36
1214795107,20
1214799336,96
1214805512,1328
1214805939,16
1214807590,557
1214808136,18
1214809647,19
1214812584,13
1214814133,1299
1214823259,43
1214823616,66
1214824471,69
1214825004,21
1214832943,27
1214845304,214
1214847313,18
1214857101,11
1214873786,27
1214883816,2
1214885213,23
1214885251,12
1214889705,89
1214894588,130
1214895007,19
1214898654,23
1214913459,23
1214914397,706
1214915118,25
1214917315,32
1214921938,50
1214925130,32
1214926344,273
1214932135,12
1214940958,135
1214947572,18
1214951658,1124
1214958134,409
1214959257,30
1214964352,30
1214966051,18
1214971907,27
1214973617,53
1214980737,51
1215002714,23
1215007786,101
1215011706,30
1215015607,170
1215017190,17
1215020386,56
1215020609,30
1215021756,18
1215026946,21
1215027194,426
1215034382,59
1215037002,22
1215037136,66
1215044156,18
1215048066,25
1215054020,181
1215071370,24
1215072592,38
1215075128,14
1215089331,12
1215096061,41
1215096318,62
1215104825,13
1215105191,18
1215107073,125
1215109328,13
1215112375,30
1215112716,233
1215114303,28
1215115240,11
1215122415,11
1215124088,17
1215126598,270
1215133631,22
1215136096,25
1215142181,1144
1215145625,24621
1215153409,6536
1215159144,47
1215163675,14
1215167976,37
1215172008,38
1215180660,48
1215184266,27
1215184274,63
1215188084,15
1215188990,18
1215192081,14
1215194738,92
1215213624,278
1215222097,177
1215232646,18
1215235243,50
1215237193,17
1215240744,40
1215247792,20
1215256431,13
1215268822,28
1215274814,78
1215277996,19
1215280164,1832
1215290046,18
1215297817,72
1215306737,26
1215306761,177
1215317123,24
1215321844,16
1215327975,40
1215338506,25
1215341250,13
1215345965,18
1215353434,408
1215367178,11
1215376308,105
1215388091,108
1215391309,26
1215394372,37
1215398789,44
1215414287,65
1215415060,48
1215417088,79
1215417342,43
1215427805,24
1215431881,27
1215435055,32
1215435141,36
1215435693,117
1215437858,100
1215449317,66
1215453504,20
1215456863,13
1215464508,15
1215469331,26
1215472967,13
1215494831,30
1215501373,1425
1215513042,282
1215525052,30
1215528293,15
1215530108,21
1215535154,41
1215536848,35
1215549140,17
1215565821,58
1215576669,18
1215580107,26
1215581359,19
1215593067,41
1215598138,82
1215602802,304
1215602835,11
1215609207,18
1215609896,55
1215610146,22
1215612244,834
1215617177,24
1215617234,11
1215627862,67
1215630826,101
1215637209,13
1215641367,106
1215642753,302
1215651941,18
1215653880,37
1215659290,41
1215667929,96
1215670433,44
1215678767,904
1215686624,55
1215693176,107
1215695618,23
1215699839,18
1215703747,48
1215708757,253
1215709831,21
1215711897,27
1215724110,18
1215734700,15
1215754581,33
1215761080,62
1215762204,13
1215763925,141
1215772018,62
1215774013,450
1215778039,31
1215778674,25
1215786287,18
1215802577,27
1215804516,24
1215815598,13
1215820754,28
1215821842,80
1215840941,40
1215840958,12
1215841405,62
1215848131,49
1215848597,100
1215848628,103
1215860363,14
1215880700,83
1215895293,302
1215895678,149
1215896820,19
1215901237,75
1215904689,74
1215925081,21
1215929924,49
1215941570,26
1215952260,46
1215959245,39
1215961903,282
1215968361,141
1215974868,3172
1215976690,138
1215978264,14
1215980069,12
1215983140,165
1215989105,21
1215999715,23
1216005890,68
1216017171,56
1216017372,79
1216018447,29
1216020101,58
1216022788,28
1216028377,78
1216030087,28
1216032525,200
1216037740,11
1216061380,52
1216069663,23
1216082712,30
1216087888,30
1216089000,23
1216090751,429
1216092644,15
1216098872,13
1216102513,50
1216104234,71
1216108819,87
1216109475,208
1216109985,35
1216116826,2967
1216131824,261
1216133553,275
1216138306,109
1216144935,14
1216152655,129
1216154126,18
1216157979,20
1216171501,17
1216190131,16
1216201070,25
1216201393,31
1216201523,326
1216208824,13
1216242393,29
1216243094,16
1216253015,93
1216260255,13
1216272351,81
1216283993,12
1216319128,52
1216319430,30
1216321571,11
1216324736,23
1216324944,18
1216328923,70
1216332504,24
1216333449,37
1216334681,23
1216335416,172
1216336936,18
1216350024,32
1216350996,42
1216351315,25
1216352422,548
1216360484,168
1216372376,13
1216375790,245
1216382538,33
1216400972,18
1216401140,28
1216403796,14
1216408253,50
1216414579,23
1216417050,12
1216418105,18
1216429765,63
1216443171,48
1216451834,24
1216456135,24
1216462061,103
1216463076,492
1216475812,38
1216482194,113
1216484498,35
1216490718,41
1216494144,27
1216494445,768
1216501093,12
1216510419,12
1216512254,24
1216513155,22
1216513449,15
1216514794,42
1216523472,55
1216526830,11
1216538171,191
1216540769,19
1216545064,13
1216546135,16
1216557401,130
1216561964,18
1216569752,105
1216571209,783
1216575395,32
1216575633,38
1216578144,22
1216579794,13
1216581384,22
1216583510,45
1216585136,51
1216585843,24
1216592214,26
1216592520,23
1216594612,463
1216602261,27
1216602307,21
1216603405,20
1216604251,11
1216606902,76
1216617312,13
1216621664,43
1216626808,17
1216631222,207
1216634387,228
1216636456,14
1216638612,54
1216657015,24
1216659670,30
1216662529,73
1216666459,14
1216668024,16
1216671362,363
1216672009,2609
1216676682,17
1216687226,14
1216702324,31
1216705316,48
1216710530,74
1216716893,16
1216729729,576
1216733352,12
1216734435,48
1216744997,414
1216753351,29
1216754861,105
1216755814,27
1216760293,35
1216761709,26
1216767127,126
1216774150,17
1216774242,19
1216782078,18
1216783017,12
1216788591,27
1216795554,86
1216802857,100
1216802904,691
1216806001,153
1216807315,18
1216809628,116
1216810108,625
1216813186,36
1216817621,37
1216821891,17
1216823006,24
1216824806,16
1216824855,22
1216828696,23
1216839348,774
1216849186,203
1216851265,28
1216854084,48
1216854661,111
1216863195,27
1216889203,202
1216889464,13
1216890989,33
1216894026,48
1216904708,47
1216916975,17
1216920437,21
1216925406,451
1216947831,1179
1216950004,47
1216954187,12751
1216955020,25
1216957019,91
1216961632,80
1216962487,13
1216972280,94
1216978255,177
1216978941,426
1216979884,51
1216980321,25
1216981748,12
1216982911,25
1217002856,48
1217004160,15
1217006906,33
1217013436,36
1217013518,135
1217024571,14
1217027821,13
1217028120,726
1217036554,65
1217036916,40
1217040185,31123
1217043693,75
1217046685,14
1217048091,16
1217050817,12
1217064635,23
1217064814,21
1217066206,150
1217077268,15
1217078336,102
1217079795,479
1217080687,204
1217086292,17
1217097102,76
1217098957,303
1217103809,143
1217105994,32
1217109502,12
1217115101,14
1217117361,11
1217117726,12
1217118687,40
1217122519,18
1217126552,11
1217128906,952
1217129907,20
1217139543,43
1217152169,61
1217154559,61
1217160355,94
1217178567,12
1217180034,50
1217182377,24
1217188876,24
1217190965,22
1217192243,191
1217195695,13
1217201645,21
1217201723,14
1217208761,23
1217209599,136
1217210212,40
1217212029,19
1217212643,30
1217216576,215
1217220793,20
1217222433,73
1217233667,38
1217249705,47
1217252492,11
1217258787,32
1217259193,14
1217259573,512
1217262941,28
1217269188,33
1217269729,20
1217281602,215
1217281692,1181
1217283106,2
1217288862,38
1217291538,9298
1217298686,14
1217299529,36
1217301865,65
1217315946,20
1217325629,18
1217333901,31
1217334368,21
1217339390,21
1217344324,41
1217345178,858
1217350447,82
1217368484,57
1217370937,25
1217388134,16
1217393935,16
1217394553,12
1217396442,4563
1217400042,13
1217408512,86
1217409016,29
1217409285,33
1217423929,16
1217440433,17
1217441118,36
1217456927,112
1217481469,99
1217503846,131
1217508335,37
1217509950,74
1217511504,14
1217511531,14
1217515201,11
1217519452,13
1217522067,17731
1217522094,29
1217523249,28
1217531704,33
1217534578,68
1217536224,12
1217539691,20
1217550851,24
1217551679,745
1217559252,13
1217567462,41
1217579854,37
1217582381,18
1217588885,129
1217591699,46
1217595194,32
1217598410,53
1217603668,83
1217605771,26
1217620707,30
1217627355,15
1217630469,631
1217634097,52
1217635695,24
1217654363,282
1217655472,62
1217663853,28
1217671020,1919
1217679253,12
1217681650,32
1217687846,78
1217694973,28
1217696644,12
1217698251,11
1217699935,112
1217700782,79
1217702792,63
1217706948,116
1217707705,23
1217711317,91
1217713553,36
1217713968,152
1217714762,60
1217717180,36
1217738451,12
1217763769,24
1217767853,18
1217772968,58
1217775138,121
1217781789,21
1217796049,20
1217808614,678
1217809336,67
1217822489,28
1217829921,18
1217834505,34
1217837484,29
1217838440,95
1217860122,39
1217863633,59
1217865504,25
1217872789,102
1217879288,16
1217883656,14
1217885409,140
1217896031,11
1217897624,22
1217904354,185
1217907067,39
1217914588,752
1217923504,13
1217941030,83
1217951047,75
1217951987,194
1217952569,186
1217954055,47
1217969544,51
1217975777,27
1217991124,70
1217996319,242
1217998780,13
1218000077,33
1218004139,740
1218016275,14
1218017185,142
1218018309,305
1218019071,21
1218035937,67
1218037205,67
1218040416,32
1218046945,84
1218062604,105
1218062941,28
1218081641,19
1218084144,12
1218087980,24
1218088263,687
1218100867,23
1218103164,23
1218116830,23
1218126087,88
1218126567,14
1218129961,17
1218137657,95
1218146932,120
1218147345,23
1218148432,40
1218155686,2436
1218164293,16
1218177240,17
1218177391,434
1218178534,39
1218182607,22
1218190285,110
1218191675,20
1218193413,18
1218194584,63
1218195359,31
1218197239,59
1218202403,34
1218208502,7296
1218209681,36
1218211276,43
1218216789,12
1218222850,196
1218235340,33
1218242169,56
1218250144,10
1218252276,139
1218263250,24
1218277073,34
1218280573,11
1218283016,34
1218284806,14
1218293878,144
1218304124,66
1218305232,399
1218306945,38
1218311395,19
1218333096,19
1218340463,19
1218354547,20
1218368663,160
1218369506,22
1218369796,15
1218370235,42
1218371280,67
1218371623,18
1218372872,26
1218375081,12
1218375755,22
1218381586,33
1218384914,129
1218390093,57
1218393421,14
1218394454,54
1218415046,26
1218418799,12
1218419817,10
1218436380,13
1218437719,13
1218444058,48
1218446685,84
1218446841,917
1218448244,35
1218453975,113
1218464479,29
1218466593,287
1218476217,11
1218489387,63
1218489659,54
1218493681,873
1218506731,16
1218519728,14
1218533705,39
1218536620,274
1218540605,29
1218541279,12
1218543409,13
1218557130,17
1218560388,19
1218576239,100
1218580895,25
1218594998,16
1218597110,226
1218600746,44
1218611299,23
1218612615,59
1218613627,37
1218623368,182
1218626992,19
1218635949,26
1218640391,75
1218642260,29
1218651210,205
1218655389,28
1218662021,13
1218682596,2254
1218683765,27
1218684227,29
1218688296,655
1218690244,25
1218694102,16
1218704741,38
1218706004,18
1218710522,60
1218711689,290
1218715924,14
1218716774,12
1218725228,54
1218729723,86
1218729846,27
1218733756,24
1218737406,913
1218743746,13
1218749710,32
1218765387,51
1218767374,13
1218770712,75
1218807909,21
1218815399,10
1218816743,45
1218819993,653
1218822896,21
1218823179,1133
1218826355,49
1218835536,11
1218844081,252
1218855969,430
1218867656,12
1218871120,70
1218881505,49
1218885291,13
1218896483,106
1218900228,12
1218906699,18
1218919346,77
1218919522,18
1218928200,11
1218939714,45
1218960190,14
1218968930,18
1218972260,57
1218973317,47
1218975799,472
1218978057,553
1218978163,14
1218981305,95
1218987594,50
1218997190,17
1219009070,2810
1219011837,64
1219014440,55
1219018779,23
1219030980,68
1219031547,169
1219039446,37
1219040524,55
1219042200,27294
1219053872,45
1219060209,159
1219062712,50
1219070729,37
1219075763,42
1219083479,41
1219087723,2113
1219096687,182
1219102141,13
1219103073,15
1219105341,48
1219110005,70
1219111340,14
1219113318,18
1219119800,73
1219121452,24
1219125540,36
1219129212,24
1219133217,66
1219133249,20
1219139049,15
1219141172,52
1219141370,15
1219145354,309
1219151193,832
1219152899,34
1219157502,97
1219158316,65
1219160435,29
1219161733,96
1219162717,33
1219165039,45
1219165613,30
1219171273,28
1219174984,21
1219175109,50
1219184182,144
1219231323,61
1219237875,60
1219243063,104
1219244075,11
1219253193,32
1219254116,57
1219260485,39
1219264163,12
1219268325,12
1219273452,43
1219284263,90
1219286705,31
1219291910,690
1219291943,13
1219295659,94
1219304474,15
1219310759,17
1219314144,48
1219319479,71
1219329571,21
1219334069,113
1219351875,125
1219355698,31
1219370895,144
1219378569,3829
1219380800,222
1219382075,48
1219385288,20
1219389544,20
1219400421,4280
1219410317,12
1219412347,52
1219424400,25
1219424471,110
1219424489,829
1219446293,1995
1219461180,17
1219461862,25
1219463714,103
1219468224,1955
1219472097,44
1219484308,5
1219485919,18
1219488984,78
1219493841,595
1219502106,44
1219502927,41
1219504831,50
1219509115,111
1219515121,10
1219516950,42
1219521173,53
1219531851,45
1219534231,459
1219536599,83
1219542934,25
1219543409,230
1219547995,128
1219548485,85
1219554320,40
1219558865,227
1219565167,30
1219569035,16
1219572953,212
1219574837,14
1219579626,22
1219583915,11
1219587551,119
1219593472,29
1219594207,32
1219595665,13
1219596464,17
1219597358,15
1219608640,236
1219611080,38
1219616277,155
1219619061,16
1219624930,27
1219627422,13
1219630658,11
1219631371,39
1219634836,269
1219642679,113
1219645555,22
1219650644,66
1219651269,47
1219657136,15
1219690829,461
1219701951,18
1219710688,51
1219711698,28
1219715755,12
1219715787,16
1219715803,151
1219721372,27
1219748199,197
1219755209,45
1219760772,26
1219765831,83
1219770679,33
1219783686,12
1219787573,25
1219806855,13
1219809875,216
1219810783,10
1219813016,37
1219815462,15
1219817956,51
1219828173,121
1219833464,91
1219845641,11
1219852021,160
1219860050,49
1219864617,26
1219866542,243
1219868875,21
1219876482,54
1219882846,35
1219896053,2104
1219898664,19
1219902572,15
1219904470,8
1219917446,121
1219920268,195
1219923941,371
1219934554,15
1219935155,55
1219935284,43
1219950293,44
1219955687,20
1219956685,28
1219960594,261
1219961908,166
1219962340,372
1219965126,200
1219967630,111
1219972145,882
1219975226,434
1219983369,13
1219986280,22
1219989708,136
1219990121,14
1219993725,24
1219995793,33
1219996057,107
1219998363,95
1220000506,5867
1220007647,36
1220010376,20
1220012117,24
1220016354,26
1220037795,43
1220043190,32
1220053648,22
1220054577,17
1220067179,70
1220075313,13
1220075608,51
1220082570,139
1220088588,29
1220090633,18
1220092577,352
1220098492,17
1220125073,28
1220130005,20
1220140390,37
1220144875,1053
1220159504,25
1220169409,65
1220173287,19
1220174856,36
1220179368,11
1220182682,28
1220185073,114
1220194478,64
1220215555,395
1220223727,890
1220225368,126
1220238335,14
1220238467,158
1220242986,11
1220258106,15
1220263034,323
1220273153,13
1220275445,19
1220285708,43
1220285949,32
1220299146,11
1220299921,15
1220300275,21
1220302420,17
1220308601,16
1220310845,18
1220316999,99
1220317771,20
1220329626,46
1220332472,15
1220338733,18
1220341616,19
1220348449,14
1220353202,310
1220363221,34
1220363990,19
1220365832,64
1220368375,11
1220374179,26
1220381862,38
1220384784,252
1220389370,24
1220392046,12
1220403506,53
1220404592,30
1220411769,14
1220414137,25
1220418983,770
1220422927,14
1220423005,14
1220424323,29
1220455984,146
1220461696,40
1220469803,54
1220471126,24
1220475543,156
1220491177,39
1220492374,152
1220496752,11
1220498389,241
1220505991,21
1220516737,26
1220529992,38
1220530277,100
1220531892,47
1220532477,17
1220537846,95
1220544718,38
1220548149,27
1220549743,16
1220558446,24
1220567611,17
1220567735,192
1220577936,12
1220600476,348
1220608365,24
1220623008,211
1220627175,16
1220632889,29
1220636828,17
1220638726,14
1220640564,18
1220642173,132
1220642301,25
1220647753,47
1220649868,54
1220651250,8
1220656611,199
1220664071,117
1220679051,786
1220680065,14
1220683883,28
1220690422,473
1220701611,40
1220702116,12
1220703605,90
1220703793,33
1220716870,14
1220717364,110
1220718004,30
1220721979,23
1220728088,53
1220729468,21
1220732691,34
1220732893,18
1220744087,36
1220744720,33995
1220745791,50
1220746027,16
1220749061,15
1220752606,33
1220759940,27
1220763728,42
1220766820,17
1220768711,76
1220773489,16
1220786764,70
1220788224,19
1220789495,17
1220798236,21
1220798417,22
1220799180,17
1220801645,52
1220816008,32
1220823738,18
1220825109,69
1220832274,12
1220834686,234
1220837462,68
1220839770,65
1220849813,138
1220854477,79
1220862873,12
1220874732,17
1220884982,88
1220885689,203
1220886594,39
1220888415,725
1220899692,12173
1220899915,22
1220902080,93
1220902278,56
1220904453,33
1220914655,1453
1220918585,463
1220924648,54
1220925408,48
1220928655,29
1220929839,101
1220935138,16
1220936047,4943
1220937125,1117
1220941467,29
1220944440,25
1220946058,56
1220946370,38
1220946543,22
1220947600,310
1220960618,306
1220971487,18
1220980580,12
1220986068,15
1220992833,16
1220997082,117
1220997378,55
1220998146,28
1221000860,14
1221001476,45
1221002372,12
1221020718,75
1221022475,25
1221024497,14
1221027919,21
1221030613,31
1221034553,234
1221039460,48
1221041276,14
1221048533,229
1221052488,88
1221055970,8
1221060403,16
1221068259,45
1221068793,21
1221068903,243
1221070677,186
1221080309,20
1221082755,21
1221084482,27
1221095263,16
1221106976,61
1221110820,19
1221120906,15
1221120939,608
1221122081,20
1221133188,43
1221135148,45
1221161226,28
1221177199,41
1221180063,455
1221184926,21
1221190110,19
1221195568,39
1221207669,20
1221209689,714
1221210108,71
1221222583,11
1221224535,16
1221224699,60
1221232109,2386
1221235601,13
1221240503,85
1221249352,168
1221249481,633
1221252023,14
1221256937,333
1221261207,24
1221262308,20
1221276979,58
1221282584,21
1221283675,13
1221284398,14
1221285149,11
1221287674,25
1221290320,34
1221297625,12
1221299116,53
1221305781,34
1221306275,49
1221311014,112
1221324299,16
1221329261,46
1221334231,74
1221334280,13
1221334351,47
1221339736,16
1221340426,3105
1221349753,12
1221350544,21
1221356410,28
1221358460,25
1221364968,18
1221368271,14
1221369065,75
1221369740,87
1221371853,17
1221378802,125
1221379719,18
1221393754,22
1221394850,26
1221399001,275
1221399354,142
1221402357,57
1221404347,14
1221407662,91
1221409201,11
1221416424,17
1221429772,6363
1221431519,31
1221433219,85
1221435237,21
1221439608,16
1221448780,46
1221460575,86
1221461052,30
1221463263,32
1221467011,40
1221467572,16
1221482272,94
1221489330,39
1221489445,39
1221499512,27
1221501629,23
1221509404,9014
1221518324,440
1221518435,30
1221522399,13
1221527554,69
1221531804,16
1221533603,26
1221538357,49
1221551017,104
1221565029,22
1221574903,34
1221579569,72
1221587346,33
1221587347,14
1221592399,34
1221592798,28
1221598890,13
1221600993,13
1221604075,11
1221616686,21
1221617744,34
1221623636,27
1221625543,12
1221631495,18
1221634436,48
1221641349,1677
1221649738,225
1221651799,49
1221654125,238
1221673609,28
1221688929,38
1221689260,684
1221702550,14
1221704200,48
1221707935,23
1221710397,28
1221716703,22
1221722107,41
1221723497,31
1221723996,29
1221728904,150
1221733094,85
1221737887,14
1221741915,159
1221742654,804
1221746501,16
1221750692,15
1221751439,13
1221772065,13
1221772225,72
1221772308,20
1221775867,6
1221778133,146
1221780643,37
1221781531,532
1221796063,260
1221797579,17
1221798227,41
1221814255,53
1221814673,73
1221814894,213
1221830959,14
1221831329,38
1221835075,60
1221844677,38
1221851069,462
1221856501,25
1221860353,28
1221864089,91
1221867246,150
1221892294,117
1221903920,43
1221906609,18
1221922293,2778
1221932119,16
1221933616,55
1221937090,92
1221942000,29
1221944165,21
1221955143,51
1221961972,19
1221963957,63
1221976173,326
1221979804,33
1221981994,259
1221985908,24
1221995568,17
1221998155,20
1222002934,14
1222008889,51
1222009188,14
1222022455,29
1222042205,895
1222044626,14
1222044811,34
1222047800,25
1222047953,77
1222063724,37
1222064942,35
1222072017,73
1222090116,150
1222092630,38
1222092774,24
1222093674,49
1222102170,308
1222107387,26
1222110047,65
1222110548,2278
1222117874,155
1222120468,2648
1222126520,253
1222128242,73
1222133394,914
1222142792,84
1222147517,17
1222155920,26
1222159197,40
1222160568,69
1222169973,61
1222173827,627
1222181013,137
1222197263,126
1222213350,6183
1222216275,12
1222221630,50
1222229518,19
1222237818,29
1222250448,23
1222257358,13
1222257602,3015
1222258735,486
1222262982,45
1222269231,14
1222274697,65
1222277117,26
1222281860,12
1222295714,301
1222297562,12
1222298778,13
1222307895,96
1222318103,36
1222333741,14
1222338286,20
1222339926,36
1222343245,194
1222344790,25
1222354812,30
1222356417,54
1222364235,5134
1222368361,75
1222372573,405
1222372873,129
1222373496,23
1222375486,168
1222383700,83
1222387700,67
1222389269,27
1222392614,20
1222395717,30
1222404225,16
1222407355,199
1222409861,11
1222413951,960
1222419504,12
1222427087,84
1222440968,12
1222446155,38
1222449264,24
1222451826,15
1222455527,611
1222460606,12
1222468111,32
1222472761,42
1222473027,20
1222476425,38
1222481250,19
1222484199,13
1222495257,21
1222504648,998
1222512550,13
1222515414,43
1222521101,1701
1222529313,355
1222545886,215
1222566478,34
1222567435,61
1222573128,7
1222579145,39
1222585234,66
1222585735,19
1222587475,1976
1222589733,46
1222591322,13
1222594156,42
1222596522,17
1222604391,14
1222608265,133
1222609123,153
1222613133,17
1222632373,68
1222634257,19
1222634748,68
1222637509,604
1222639711,543
1222647433,35
1222655977,29
1222659956,24
1222660901,66
1222674351,28
1222676896,53
1222678009,15
1222685735,25
1222689155,111
1222692857,37
1222698237,15
1222700467,18
1222716018,26
1222734777,43
1222743186,47
1222744121,16
1222745356,84
1222752154,40
1222753133,14
1222766639,121
1222769612,14
1222785238,38
1222788897,37
1222789989,5574
1222792842,13
1222792879,16
1222799292,191
1222809373,1255
1222814323,14
1222814416,12
1222824018,46
1222826242,725
1222835772,19
1222837583,56
1222845504,17
1222847856,28
1222852418,17
1222854008,37
1222856929,24
1222869003,130
1222870709,330
1222884903,12
1222890347,53
1222890567,95
1222890689,16
1222890844,23
1222893766,91
1222903331,12
1222907340,67
1222917575,29681
1222917836,80
1222921129,14
1222946560,126
1222953844,13
1222956315,18
1222961423,17
1222970626,29
1222988636,13
1222998674,813
1223006434,200
1223006510,64
1223006526,85
1223009200,63
1223020752,24
1223039216,34
1223051315,56
1223053891,11
1223054977,16
1223059776,47
1223060975,44
1223062473,58
1223067277,10
1223075782,52
1223076991,17
1223081941,22
1223084838,13
1223087359,32
1223091925,46
1223098661,19
1223118338,11
1223125423,123
1223128651,63
1223133721,21
1223135437,35
1223135475,12
1223139391,23
1223139487,84
1223160418,18
1223161782,30
1223162027,105
1223163837,13
1223167370,13
1223169069,62
1223172760,17
1223187010,75
1223189582,15
1223192120,15
1223192596,105
1223194760,86
1223197070,13
1223198048,52
1223198968,41
1223206275,46
1223211246,11
1223215533,177
1223216894,240
1223230665,15
1223234827,11
1223238480,30
1223251391,51
1223253334,16
1223255499,61
1223260156,27
1223273994,52
1223275907,62
1223280581,24
1223282310,31
1223287468,35
1223293586,735
1223296623,63
1223297225,12
1223312639,23
1223318023,27
1223318951,59
1223319768,41
1223325002,33
1223329036,67
1223341630,27
1223342966,34
1223351292,357
1223370395,131
1223373345,120
1223374550,36
1223389180,38
1223392126,19
1223392907,19
1223394733,62
1223396927,11
1223418318,38
1223418686,19
1223420362,123
1223423846,23
1223425211,13
1223425250,1068
1223427443,78
1223428226,2352
1223431386,43
1223432033,22
1223440125,540
1223453358,121
1223457247,30
1223476197,1151
1223477018,45
1223481327,16
1223484108,27
1223488585,23
1223492205,111
1223511885,52
1223512305,2255
1223515225,146
1223524158,45
1223535200,38
1223535314,33
1223537324,262
1223542538,13
1223549594,13
1223569332,18
1223588947,16
1223597497,590
1223599621,41
1223614643,17
1223626282,50
1223631277,46
1223640430,115
1223640606,21
1223641228,32
1223643607,18
1223650754,62
1223664643,20
1223665294,58
1223665356,15
1223671634,53
1223676147,59
1223680545,19
1223691529,36
1223697365,163
1223706171,21
1223713824,378
1223717199,17
1223728036,79
1223736934,47
1223742587,266
1223752589,3033
1223756821,11
1223758935,190
1223759393,19
1223761956,28
1223772529,35
1223779346,36
1223781466,15
1223786009,13
1223790834,61
1223793125,16
1223805771,214
1223807538,50
1223811729,22
1223816634,92
1223817677,762
1223826724,18
1223827002,53
1223827147,51
1223827471,40
1223827641,46
1223827804,48
1223827947,44
1223828210,50
1223828346,50
1223828502,41
1223828637,45
1223828917,48
1223829082,41
1223829235,51
1223829381,51
1223829650,56
1223829652,45
1223829655,47
1223829657,57
1223829799,57
1223829801,56
1223829941,51
1223830082,48
1223830230,51
1223830232,52
1223830233,44
1223830237,47
1223831655,11
1223845433,15
1223849551,12
1223853501,12
1223858182,15
1223863863,19
1223869499,72
1223883039,23
1223884751,59
1223886857,12
1223894967,109
1223921326,30
1223925190,19
1223969544,429
1223977600,19
1223980979,14
1223980999,14
1223987407,279
1224021161,11
1224022502,19
1224025688,294
1224033309,934
1224037373,21
1224047453,11
1224062178,67
1224066068,138
1224068505,21
1224077477,101
1224096166,11
1224100238,21
1224110675,310
1224127318,41
1224137561,152
1224137844,93
1224138499,89
1224149089,15
1224157469,34
1224163986,64
1224167985,13
1224169076,15
1224189909,14
1224193010,20
1224193130,27
1224194102,64
1224196440,14
1224200214,65
1224203978,32
1224218617,28
1224227389,46
1224236735,20
1224239089,15
1224243497,27
1224250535,53
1224253491,100
1224258916,23
1224263089,18
1224267893,137
1224269630,24
1224271858,22
1224275784,440
1224277831,19
1224278666,348
1224283053,124
1224287368,22
1224294151,11
1224304627,17
1224309951,70
1224311190,168
1224314007,26
1224314254,28
1224319811,28
1224330181,256
1224343090,24
1224347838,447
1224348278,28
1224353416,21
1224353843,156
1224360317,80
1224368231,511
1224376867,22
1224385314,16
1224387109,36
1224393902,22
1224402483,15
1224408143,51
1224413254,51
1224415020,29
1224431303,205
1224434372,27
1224439365,18
1224446608,15
1224446616,51
1224454782,130
1224455487,100
1224471569,37
1224474408,27
1224476053,19
1224481107,34
1224483176,252
1224483504,84
1224486190,19
1224486824,27
1224489872,11
1224498772,78
1224501168,34
1224508792,219
1224509741,12
1224511035,30
1224526153,73
1224532553,11
1224539373,63
1224543123,60
1224547398,16
1224549174,12
1224558836,54
1224560336,28
1224580914,26
1224584532,16
1224591227,15
1224591740,49
1224598709,17
1224600617,28
1224609919,12
1224610424,13
1224615167,21
1224617188,26
1224620722,23
1224629294,51
1224631526,23
1224645559,291
1224652367,14
1224652560,85
1224653264,18
1224659590,119
1224660488,22
1224661714,62
1224671672,12
1224681639,36
1224683353,47
1224690468,23
1224692542,30
1224701408,227
1224703318,230
1224708689,35
1224712076,15
1224712371,638
1224715013,48
1224716146,19
1224734198,1031
1224735108,12
1224738938,71
1224740357,78
1224743032,43
1224753810,17
1224755442,18
1224755974,22
1224757492,18
1224762245,204
1224772110,23
1224775471,31
1224777018,30
1224777703,13
1224778433,772
1224780087,47
1224786239,51
1224786272,15
1224786947,121
1224798921,102
1224799062,14
1224809280,14
1224810795,14
1224813164,3
1224816641,19
1224822906,205
1224823899,820
1224830290,20
1224844395,16
1224854794,4304
1224866871,239
1224879981,13
1224880453,22
1224881335,117
1224887964,70
1224893022,28
1224908126,21
1224912127,17
1224926075,14
1224928087,91
1224930497,16
1224942256,21
1224949386,21
1224956547,66
1224964077,13
1224966022,31
1224968393,62
1224974361,2860
1224975160,58
1224977058,21
1224978706,12
1224987521,31
1225005463,3642
1225010740,17
1225017253,13
1225019919,272
1225046031,11
1225049374,173
1225051897,75
1225059107,128
1225062134,522
1225071533,15
1225077445,15
1225078277,26
1225102492,31
1225119525,13
1225129803,27
1225134435,84
1225141037,453
1225141328,28
1225150929,95
1225154854,54
1225162543,52
1225167529,26
1225171017,33
1225174600,33
1225178950,6363
1225179060,37
1225179105,1860
1225185913,40
1225186502,448
1225188401,3674
1225196741,50
1225197030,17
1225202603,252
1225210265,54
1225226478,46
1225228592,55
1225234444,103
1225242097,20
1225250312,48
1225263228,27
1225265867,17
1225266305,14
1225272732,29
1225277249,211
1225285890,412
1225296260,21
1225301513,14
1225316611,291
1225333873,16
1225337111,68
1225338289,104
1225344059,216
1225345651,118
1225347547,38
1225357488,51
1225359679,16
1225363703,157
1225364874,27
1225365569,5194
1225375494,31
1225380161,34
1225382028,21
1225391938,14
1225400068,27
1225403584,21
1225420868,39
1225420959,131
1225427533,796
1225427809,42
1225430807,362
1225443129,13
1225443909,26
1225445312,39
1225446523,297
1225448100,26
1225450090,13
1225456147,36
1225457257,79
1225462729,299
1225470108,14
1225473337,21
1225476523,21
1225480734,56
1225492439,534
1225495029,20
1225501987,96
1225506667,44
1225506852,336
1225518061,438
1225519296,32
1225521647,15
1225525367,18
1225529925,27
1225533642,31
1225544568,157
1225550834,61
1225551985,439
1225553633,34
1225556223,19
1225558656,46
1225570552,17
1225572163,94
1225576792,40
1225583202,47
1225586334,46
1225594874,754
1225599451,120
1225602716,27
1225603857,16
1225605262,85
1225605804,65
1225614660,110
1225614895,53
1225619975,155
1225620122,486
1225626176,183
1225626763,32
1225639773,42
1225642446,14
1225651988,20
1225662585,15
1225666510,31
1225676063,120
1225676909,93
1225681482,46
1225683137,48
1225688424,1448
1225692581,31
1225701232,69
1225704208,21
1225711621,169
1225717117,12
1225722703,1488
1225723635,23
1225723660,15
1225753223,8872
1225753650,17
1225764309,12
1225772996,20
1225774688,8110
1225777233,30
1225779504,32
1225779594,264
1225780897,141
1225780993,16
1225799532,25
1225803835,58
1225809732,40
1225810547,46
1225818500,14
1225821344,25
1225834084,1875
1225834491,20
1225840521,1322
1225844031,18
1225850181,41
1225853511,21
1225856988,33
1225857440,105
1225861226,25
1225865375,25
1225876937,44
1225890580,22
1225893563,23
1225900566,61
1225904506,67
1225932464,324
1225933743,18
1225934387,13
1225943680,23
1225968076,17
1225969993,19
1225971591,22
1225983316,31
1225986799,18
1225990269,204
1225994627,25
1226007284,197
1226012688,14
1226012864,13
1226030841,43
1226032210,11
1226033059,21
1226034860,16
1226056647,11
1226060652,60
1226062469,514
1226065142,153
1226068984,1104
1226075327,54
1226079078,19
1226085740,111
1226088627,1569
1226093137,16
1226095529,25
1226100929,17
1226108917,46
1226115080,35
1226117657,27
1226123343,33938
1226128535,45
1226130495,13
1226146401,18
1226150677,22
1226151688,31
1226151883,503
1226161344,10
1226169092,13
1226182842,2621
1226183162,20
1226187070,139
1226187634,142
1226187719,65
1226193564,56
1226199630,54
1226200305,82
1226213530,12
1226227428,44
1226236210,41
1226238042,89
1226244643,11
1226246989,17
1226251409,396
1226252114,102
1226253568,56
1226254918,79
1226256828,304
1226263631,44
1226269138,11
1226278857,546
1226283335,29
1226284422,117
1226284891,14
1226291577,44
1226292938,40
1226293227,35
1226304875,2169
1226314049,24
1226314578,104
1226315076,116
1226316657,31
1226323056,16
1226339117,121
1226344275,15
1226349980,69
1226355570,31
1226371446,18
1226379024,4961
1226383350,137
1226384208,46
1226387322,11
1226390973,18
1226392513,11
1226398315,167
1226402027,76
1226406577,38
1226408403,18
1226415818,128
1226416904,21
1226422330,33
1226423849,19
1226427018,17
1226438114,29
1226444988,115
1226448677,84
1226454952,34
1226455806,55
1226456766,40
1226458391,85
1226477048,13
1226480668,10
1226481856,23
1226489531,26
1226489634,81
1226498208,102
1226501154,36
1226503828,33
1226505078,10
1226505891,17
1226507528,16
1226514391,270
1226518400,66
1226523004,30
1226535806,215
1226538859,38
1226539674,73
1226540982,13
1226541360,14
1226544828,30
1226546604,39
1226547671,13
1226549459,252
1226553585,32
1226556412,331
1226560380,83
1226562178,78
1226571055,182
1226579643,22
1226586920,54
1226594437,15
1226597296,29
1226597750,188
1226607711,98
1226613826,24
1226619487,14
1226622350,13
1226622973,17
1226625878,26
1226626731,372
1226627909,334
1226632537,35
1226632856,40
1226642159,13
1226643987,109
1226646964,16
1226648841,50
1226652468,33
1226654232,84
1226655664,18
1226657498,18
1226658783,63
1226661880,16
1226666101,13
1226674733,12
1226680005,31
1226684518,55
1226685400,14
1226691771,149
1226699436,43
1226707772,23
1226707828,309
1226708151,15
1226709645,11
1226713626,126
1226729515,21
1226734075,11
1226740973,145
1226753901,41
1226755169,41
1226762620,15
1226767159,118
1226772027,27
1226775065,4
1226819062,31
1226821501,29
1226821868,20
1226828149,12
1226850047,16
1226854571,15
1226861761,29
1226863001,14
1226880839,41
1226886541,134
1226889175,62
1226907735,18
1226920373,37
1226922418,75
1226936027,17
1226947837,53
1226957148,44
1226959760,18
1226965804,51
1226967201,15
1226967770,23
1226967819,24
1226971454,270
1226986657,16
1226990646,56
1226990838,33
1227015908,73
1227017537,13
1227019873,209
1227022288,103
1227027199,20
1227039929,13
1227046979,31
1227065728,12
1227067139,234
1227069931,52
1227077394,16
1227085694,70
1227086368,32
1227088125,78
1227096538,30
1227101935,14
1227102698,4202
1227104690,113
1227105346,13
1227110871,51
1227119649,30
1227121063,130
1227125656,229
1227127184,24
1227127969,41
1227128046,21
1227129671,27
1227136764,308
1227152271,16
1227155975,22
1227168652,12
1227170018,43
1227174554,19
1227177719,91
1227179138,93
1227185855,17
1227186335,20
1227194005,141
1227195038,1380
1227205007,18
1227212265,14
1227213432,24
1227213690,13
1227214087,130
1227216141,63
1227220907,12
1227228210,14
1227231165,13
1227232520,23
1227237099,127
1227265762,75
1227276149,42
1227279014,44
1227293556,17
1227304377,14
1227305725,19
1227307732,144
1227308303,14
1227309113,38
1227309157,30
1227309257,100
1227315434,374
1227316546,13
1227317243,12
1227323948,104
1227324720,15
1227329418,71
1227333518,35
1227334684,13
1227339848,459
1227341286,551
1227347243,253
1227354976,15
1227364450,27
1227371987,130
1227377102,178
1227383057,65
1227386646,115
1227390839,612
1227392097,38
1227400359,13
1227406723,24
1227421344,42
1227431177,25
1227432942,642
1227433014,19
1227436157,15
1227440274,40
1227447038,32
1227459967,430
1227465950,12
1227490532,319
1227490571,34
1227497140,291
1227500565,27
1227501308,24
1227502479,33
1227504870,88
1227512772,87
1227519848,11
1227520263,52
1227526743,15
1227527033,106
1227531308,13
1227547559,16
1227569304,25
1227572703,27
1227579597,16
1227581500,11
1227593880,31
1227594572,12
1227601772,37
1227621444,29
1227634482,1726
1227651594,25
1227655562,43
1227658387,107
1227659400,84
1227666088,16
1227674193,19
1227674495,71
1227680608,22
1227689238,1065
1227689345,15
1227689365,1079
1227691444,203
1227691745,36
1227696060,20
1227710607,56
1227710766,40
1227736568,186
1227737079,11
1227738572,253
1227741708,43
1227743772,15
1227745768,29
1227759219,93
1227764627,620
1227764837,12
1227772650,106
1227778716,29
1227780447,69
1227783664,12
1227791598,166
1227791833,13
1227793598,23
1227794635,43
1227796170,28
1227802852,17
1227804086,30
1227819401,23
1227833686,17
1227836678,45
1227837151,17
1227841016,136
1227844943,49
1227854358,13
1227855667,12
1227859687,12
1227887303,17
1227889587,19
1227896191,48
1227896929,13
1227897195,19
1227900401,32
1227908098,25
1227909760,108
1227911136,13
1227920831,12
1227922538,17
1227922565,18
1227926204,16
1227927721,289
1227928962,17
1227930611,64
1227931090,24
1227934615,18
1227937407,14
1227939012,41
1227941987,29
1227948480,13
1227949952,11
1227952190,31
1227957125,170
1227957130,355
1227957195,54
1227961194,26
1227974472,17
1227994782,31
1227995235,154
1227997362,18
1228005292,14
1228007020,29
1228013410,83
1228017441,11
1228018833,12
1228032595,15
1228035032,80
1228046130,306
1228053564,180
1228062603,23
1228062617,55
1228067246,12
1228069348,54
1228074884,43
1228076003,195
1228086016,14
1228086182,103
1228088285,17
1228096639,15
1228101172,74
1228104491,53
1228115620,18
1228117001,227
1228125649,19
1228127918,34
1228130702,505
1228130770,13
1228146580,13
1228165644,45
1228168646,62
1228168995,38
1228170055,19
1228178051,12
1228200995,38
1228219566,22
1228221963,710
1228239224,19
1228240362,11
1228247504,34
1228250753,29
1228254460,16
1228261509,19
1228266778,108
1228267278,17
1228275932,57
1228281642,34
1228288173,26
1228295878,32
1228301704,24
1228306162,2263
1228306713,43
1228307422,36
1228312499,3648
1228312506,82
1228313288,35
1228316859,61
1228322256,20
1228323801,32
1228324681,19
1228342438,337
1228350271,42
1228350521,15
1228353720,36
1228366354,181
1228372477,22
1228379700,280
1228400253,57
1228403229,1679
1228411653,47
1228428489,24
1228439915,25
1228444255,828
1228446689,13
1228449634,141
1228473512,15
1228475028,13
1228476271,28
1228476484,58
1228479706,61
1228491972,117
1228493290,174
1228504283,11
1228512606,145
1228513113,11
1228513556,205
1228515248,118
1228515550,11
1228519832,18
1228523019,111
1228523683,65
1228545519,13
1228552104,14
1228558220,4053
1228568556,16
1228574491,15
1228586120,215
1228588430,19
1228589758,1083
1228602335,17
1228612153,102
1228618772,61
1228622177,61
1228631114,20
1228632952,11
1228635904,24
1228636567,199
1228642604,18
1228648424,25
1228657398,15
1228667346,87
1228668841,11
1228669486,16
1228674073,99
1228680276,60
1228682702,224
1228685110,36
1228687488,675
1228693026,29
1228694959,59
1228695623,92
1228697918,62
1228698955,25
1228699675,24
1228700725,22
1228719920,172
1228724246,65
1228727422,32
1228736718,29
1228738883,21
1228747289,12
1228753050,23
1228757065,24
1228757171,27
1228760265,16
1228764266,19
1228768037,40
1228783107,11
1228810289,29
1228818758,14
1228819544,54
1228828230,13
1228840276,18
1228843980,19
1228844333,110
1228852684,908
1228858762,16
1228859413,69
1228860440,18
1228861830,18
1228862369,11
1228862630,47
1228871992,24
1228876335,25
1228878094,12
1228889804,15
1228895176,297
1228895544,12
1228904236,24
1228908118,12
1228917479,168
1228918500,48
1228920758,23
1228924271,64
1228925375,15
1228931313,335
1228940083,25
1228943778,16
1228957241,24
1228960838,18
1228968888,24
1228969569,47
1228970952,102
1228975741,78
1228980352,22
1229003220,11
1229006538,74
1229017267,636
1229020401,11
1229023725,72
1229031275,17
1229032419,48
1229035202,16
1229035215,15
1229036895,24
1229044921,18
1229048611,12
1229054518,30
1229063586,36
1229079681,102
1229084290,14
1229090312,57
1229105761,13
1229107163,179
1229111282,347
1229124309,15
1229124312,15
1229133593,12
1229158170,10
1229166124,17
1229168545,1267
1229172514,98
1229176335,51
1229190386,27
1229193892,21
1229195377,75
1229196808,130
1229204641,64
1229209839,49
1229210803,21
1229218228,182
1229224485,32
1229224593,19
1229238440,51
1229245515,21
1229259494,16
1229261085,14
1229268651,339
1229278525,44
1229279783,26
1229284884,161
1229292419,48
1229298305,20
1229310351,138
1229320971,81
1229333016,24
1229349063,16
1229349389,27
1229357719,14
1229373251,33
1229378930,21
1229386356,17
1229397886,17
1229408930,28
1229412034,56
1229418777,30
1229423958,35
1229428033,12
1229428402,28
1229438606,903
1229454546,26
1229457276,12
1229457609,34
1229464883,17
1229466378,63
1229467189,53
1229477362,12
1229489956,133
1229492049,131
1229495263,15
1229500299,48
1229515933,33
1229520414,34
1229527457,30
1229528792,14
1229531271,4710
1229545347,13
1229555898,108
1229567447,135
1229570567,14
1229574762,611
1229601083,10
1229604063,81
1229613037,56
1229613796,101
1229617802,42
1229618308,2582
1229628532,92
1229629521,53
1229637015,42
1229641799,45
1229642522,90
1229647480,30
1229649395,104
1229650435,30
1229661701,36
1229669329,1047
1229674813,13
1229676125,22
1229687336,19
1229689031,768
1229701530,134
1229702296,64
1229703050,54
1229708435,1235
1229721446,75
1229723763,14
1229741211,16
1229745713,21
1229754911,18
1229755072,31
1229783908,99
1229786287,194
1229790796,14
1229795529,29
1229795695,17
1229797518,104
1229800444,16
1229804367,27
1229805967,17
1229826021,16
1229833518,51
1229857613,57
1229861118,59
1229871910,24
1229875399,53
1229879223,12
1229879990,79
1229891190,58
1229897155,12
1229903970,13
1229912653,41
1229913273,17
1229921727,14
1229923980,26
1229925453,28
1229929214,60
1229936612,24
1229951782,174
1229966556,55
1229981114,33
1229996685,16
1230002242,13
1230003467,68
1230006699,41
1230011719,45
1230017515,87
1230024643,27
1230028115,45
1230041935,78
1230043431,72
1230046062,14
1230048764,94
1230050232,12
1230057297,28
1230065851,24
1230068255,1103
1230070449,26
1230084743,704
1230094821,49
1230103632,40
1230107024,56
1230108051,34
1230120460,21
1230123793,29
1230152852,3
1230155372,49
1230159855,15
1230160823,40
1230167645,447
1230176657,21
1230190038,13
1230219819,52
1230223069,41
1230276014,70
1230284069,53
1230292187,26
1230293192,1908
1230321451,136
1230325066,20
1230346035,48
1230373864,11
1230385816,688
1230405663,39
1230406987,23
1230409724,35
1230413282,401
1230418395,20
1230435080,85
1230436729,33
1230439621,13
1230447187,52
1230454104,113
1230454177,17
1230456360,17
1230459107,59
1230459924,442
1230464401,96
1230467838,71
1230476289,14
1230483021,26
1230488118,25
1230490753,18
1230492351,42
1230511039,154
1230513709,56
1230515496,20
1230518059,17
1230520777,52
1230522302,102
1230525793,82
1230526772,28
1230527280,23
1230529409,22
1230530146,14
1230541272,797
1230542209,14
1230543109,15
1230544421,36
1230545436,11
1230550463,18
1230552302,152
1230556858,15
1230557299,13
1230568421,11
1230571259,38
1230572279,76
1230575245,21
1230579510,12
1230579759,103
1230586927,63
1230615746,16
1230620963,933
1230623377,114
1230623501,37
1230625926,31
1230630133,25
1230635158,35
1230642554,17
1230655525,430
1230659792,260
1230660642,13
1230664565,412
1230670201,19
1230673946,27
1230680336,43
1230692090,13
1230695001,79
1230715250,33
1230717187,12
1230718069,1104
1230737007,23
1230742700,17
1230752196,58
1230753416,18
1230754449,20
1230756781,13
1230757897,15
1230768672,44
1230770171,245
1230773043,15
1230783829,52
1230786016,58
1230786055,45
1230788815,83
1230793950,28
1230797184,198
1230802596,12
1230804418,131
1230816656,61
1230825866,24
1230833691,13
1230838153,39
1230838307,48
1230840644,87
1230842937,33
1230844008,16
1230848107,16
1230852546,51
1230853768,23
1230857353,13
1230871680,38
1230881343,61
1230881670,13
1230886249,118
1230888286,14
1230888292,16
1230894777,343
1230923893,26
1230925393,2840
1230932548,17
1230933500,2191
1230934830,16
1230949874,241
1230951716,62
1230963108,21
1230966999,110
1230983602,12
1230988115,72
1230992661,34
1231005484,78
1231013771,39
1231027499,73
1231033580,87
1231033969,17
1231045391,244
1231046319,34
1231051334,35
1231055190,62
1231076326,20
1231076877,21
1231085769,95
1231088698,68
1231103016,22
1231109330,18
1231109894,42
1231115153,14
1231132517,20
1231135337,3676
1231139963,25
1231140530,15
1231148257,21
1231148851,19
1231150947,106
1231151385,26
1231151488,24
1231151663,34
1231170332,7087
1231173995,17
1231175554,8
1231190293,24
1231208198,16
1231208519,18
1231210975,467
1231241823,15
1231246471,17
1231252094,14
1231266096,43
1231274914,15
1231290655,16
1231291764,4311
1231317792,82
1231332766,100
1231340225,66
1231340530,38
1231341859,42
1231342894,43
1231355875,30
1231362609,44
1231366492,11
1231370735,16
1231381704,50
1231387029,726
1231393604,35
1231397904,14
1231403659,1308
1231404888,16
1231411784,15
1231415007,92
1231419446,12
1231425003,63
1231428995,13
1231433355,32
1231444515,20
1231471942,79
1231477977,66
1231497523,39
1231505124,16
1231510846,15
1231521009,12
1231524322,33
1231527664,25
1231530575,14
1231538321,174
1231542361,18
1231545705,15
1231546738,23
1231549501,24
1231550533,20
1231552637,13
1231583450,14
1231585114,12
1231588676,33
1231593995,19
1231598581,23
1231608642,18
1231611366,7
1231614512,98
1231616411,16
1231620129,31
1231625820,50
1231628816,18
1231630576,76
1231642319,12
1231644909,11
1231649071,31
1231664875,140
1231670954,31
1231673216,273
1231680323,11
1231682461,20
1231686879,37
1231689449,267
1231690607,17
1231692013,26
1231693733,12
1231694800,12
1231704393,161
1231729738,20
1231736896,13
1231743029,4105
1231745368,27
1231745656,170
1231746098,17
1231752523,15
1231758535,14
1231759224,45
1231759515,19
1231759984,19
1231764379,410
1231764941,652
1231780395,25
1231784866,39
1231788271,15
1231789326,168
1231795778,19
1231798689,14
1231803000,19
1231804068,19
1231804783,54
1231805954,42
1231815937,38
1231823217,77
1231824780,13
1231828364,55
1231833412,64
1231839460,345
1231839648,73
1231841922,33
1231851167,50
1231859271,41
1231866881,23
1231867801,103
1231870852,47
1231873889,23
1231878142,76
1231879080,14
1231881320,170
1231886686,14
1231888139,68
1231892841,23
1231894603,22
1231901927,14
1231904604,11
1231905001,128
1231907165,48
1231927624,15
1231939612,14
1231950207,10
1231951255,89
1231951515,32
1231957581,33
1231959993,14
1231961643,154
1231963420,13
1231964765,19
1231964865,27
1231980017,278
1231981195,71
1231982666,351
1231982924,50
1231983974,23
1231994250,37
1231995031,11
1231995778,78
1231999821,15
1232001105,314
1232009484,196
1232012824,658
1232014015,16
1232030145,942
1232049160,76
1232068112,97
1232070333,33
1232073302,20
1232075306,28
1232075861,12
1232076534,35
1232090563,16
1232094166,330
1232095746,55
1232098068,40
1232101340,38
1232113187,28
1232117277,70
1232117613,157
1232123859,13
1232151729,32
1232153525,23
1232158115,32
1232179108,14
1232184481,67
1232186823,16
1232187392,11
1232187559,15
1232194910,12
1232198091,21
1232202151,1
1232204103,27
1232207193,304
1232207397,19
1232227455,35
1232230999,712
1232231222,51
1232234668,40
1232235554,124
1232237836,32
1232239020,88
1232248372,110
1232269102,15
1232276786,17
1232282516,47
1232293202,13
1232306594,18
1232327074,859
1232327866,30
1232334482,52
1232339395,98
1232370714,1303
1232377059,18
1232379583,26
1232385284,68
1232389209,11
1232391229,35
1232392775,16
1232401934,19
1232412113,25
1232418131,53
1232423250,21
1232425850,44
1232435913,35
1232438673,14
1232441255,33
1232451950,12
1232463120,29
1232464132,256
1232472302,25
1232475356,51
1232480669,271
1232486341,149
1232486433,51
1232498795,101
1232500611,15
1232502928,19
1232503620,17
1232503763,25
1232513743,20
1232516411,19
1232519992,27
1232525596,15
1232527299,94
1232531989,22
1232539952,27
1232540172,36
1232540803,296
1232549174,69
1232572427,309
1232575828,13
1232591685,19
1232599710,611
1232621817,267
1232647348,29
1232648797,36
1232650857,109
1232656744,34
1232669793,24
1232669890,18066
1232673052,106
1232680785,128
1232691570,65
1232701426,25
1232703184,35
1232705473,62
1232705869,61
1232710515,116
1232712502,1551
1232714995,175
1232724697,11
1232727602,436
1232733344,23
1232744272,96
1232744411,13
1232744559,653
1232750479,406
1232751931,24
1232754722,106
1232776063,166
1232779906,19
1232780747,13
1232789753,56
1232799038,19
1232808085,88
1232810067,90
1232816339,35
1232820476,24
1232821011,16
1232824274,528
1232828202,29
1232840936,44
1232842595,109
1232843240,332
1232845626,34
1232852448,14
1232874124,15
1232881907,36
1232897272,127
1232909411,30
1232909568,210
1232913979,15
1232917858,65
1232918613,19
1232923707,13
1232927836,21
1232938373,85
1232963755,13
1232965265,15
1232972544,13
1232973386,23
1232990838,21
1232995659,14
1232995828,2787
1232996564,75
1232997470,1451
1233008152,18
1233008591,43
1233010742,13
1233014365,156
1233015992,51
1233021008,31
1233021136,308
1233021488,11
1233023839,29
1233034881,12
1233037001,218
1233038165,32
1233038926,20
1233045914,12
1233049557,68
1233063278,15
1233065556,65
1233067536,11
1233069149,15
1233075087,12
1233079257,21
1233082731,1814
1233083551,9
1233098501,16
1233099780,31
1233104285,11
1233106510,47
1233109239,83
1233119393,1326
1233125421,23
1233133379,91
1233135720,871
1233142602,3666
1233143212,84
1233154583,26
1233161009,36
1233174097,21
1233184997,57
1233186866,17
1233188553,17
1233189346,23
1233194295,44
1233202284,21
1233205881,19
1233207118,53
1233214582,91
1233216116,18
1233216476,24
1233224752,182
1233224946,37
1233251373,20
1233257999,472
1233258841,15
1233265885,44
1233268108,66
1233269361,14
1233277768,16
1233282551,66
1233291379,32
1233295735,166
1233319813,33
1233329720,40
1233329957,20
1233332479,370
1233332668,436
1233334923,16
1233350326,14
1233351502,28
1233363436,10
1233366728,147
1233366936,16
1233368430,16
1233369321,33
1233373060,19
1233382603,31
1233396999,19
1233397063,18
1233398203,227
1233405473,33
1233408615,34
1233408974,31
1233410784,30
1233416003,336
1233434991,60
1233445009,216
1233446849,485
1233448211,31
1233449784,19
1233450404,20
1233453656,91
1233458746,11
1233464839,322
1233465262,15
1233469120,49
1233469226,24
1233476234,18
1233480477,431
1233482326,37
1233488217,16
1233488749,29
1233490795,102
1233490808,10
1233493205,33
1233493409,44
1233495945,326
1233506305,14
1233513947,15
1233519809,31
1233520252,630
1233522763,19
1233524712,19
1233526732,11
1233530473,848
1233534767,11
1233537327,39
1233541170,149
1233543737,58
1233543984,529
1233544257,55
1233550386,30
1233550493,192
1233553764,97
1233562439,11
1233565815,178
1233569086,540
1233572903,290
1233573420,23
1233573842,131
1233580044,31
1233587089,66
1233598443,57
1233603128,1338
1233603965,18
1233604225,14
1233606911,104
1233610760,12
1233614908,21
1233618223,89
1233627155,17
1233629841,19
1233635142,23
1233646374,282
1233649082,152
1233652236,32
1233652334,15
1233654138,18
1233656750,49
1233656840,430
1233657891,61
1233658145,89
1233679939,21
1233680465,476
1233686144,18
1233693748,28
1233696776,41
1233698270,20
1233699119,16
1233699402,19
1233699918,6
1233701259,227
1233703053,21
1233703424,19
1233705462,49
1233706426,107
1233709504,76
1233710805,22
1233712980,60
1233714212,16
1233720469,24
1233723985,18
1233725979,14
1233729011,246
1233729086,62
1233747143,200
1233749549,147
1233753464,1139
1233757735,36
1233760877,23
1233765261,25
1233765815,34
1233768853,63
1233769789,28
1233770752,38
1233777384,38
1233798338,55
1233803199,48
1233812013,14
1233816047,32
1233821151,43
1233827788,162
1233828825,13
1233843911,23
1233854753,63
1233860222,30
1233864947,28
1233866989,17
1233869677,13
1233876194,38
1233879845,28
1233880450,73
1233880644,16
1233894805,14
1233901070,37
1233904235,17
1233906435,196
1233907218,35
1233912286,13
1233919441,32
1233930657,43
1233931276,15
1233933761,71
1233943553,23
1233949434,30
1233958357,18
1233974117,102
1233976060,909
1233993377,12
1233995178,36
1233997710,12
1233998926,117
1234017442,14
1234025089,20
1234025876,56
1234028597,74
1234031683,30
1234032496,49
1234034478,632
1234035085,11
1234036165,25
1234036912,13
1234044583,12
1234045986,49
1234052506,18
1234055431,24
1234070879,58
1234092057,18
1234105541,27
1234112226,21
1234118506,36
1234132434,19
1234145889,12
1234147572,18
1234148417,24
1234162438,40
1234169919,98
1234177006,155
1234177512,26
1234178837,29
1234184966,26
1234190555,18
1234200320,32
1234222196,63
1234227627,44
1234233025,28
1234245766,19
1234248776,30
1234262086,176
1234264457,21
1234267901,12
1234272109,45
1234280457,119
1234287955,443
1234289791,209
1234294493,17
1234297189,63
1234300923,56
1234303102,18
1234304147,197
1234318070,94
1234326831,20
1234331775,32
1234335671,50
1234338588,200
1234345172,302
1234349309,22
1234349461,119
1234352205,28
1234369111,18
1234370872,24
1234397786,24
1234406300,27
1234406613,111
1234408269,12
1234414395,19
1234419539,12
1234422018,200
1234428768,22
1234431556,149
1234452803,574
1234460360,2747
1234461816,57
1234467701,35
1234468941,18
1234477934,139
1234479687,14
1234484212,15
1234493308,142
1234497073,22
1234500980,25
1234501960,31
1234503198,95
1234505847,17
1234510527,17
1234512626,17
1234527033,35
1234528389,64
1234531190,17
1234531788,16
1234537369,1209
1234547478,52
1234550622,2648
1234561569,15
1234563660,129
1234568497,66
1234569107,15
1234571279,343
1234584593,12
1234598133,30
1234599332,20
1234600595,22
1234604467,56
1234610717,33
1234612574,10
1234620713,11
1234643563,133
1234648277,32
1234648973,17
1234651011,39
1234659682,41
1234660785,17
1234663284,31
1234664581,26
1234668950,162
1234669280,49
1234670865,81
1234674650,89
1234675369,14
1234678740,13
1234692020,50
1234697322,24
1234703701,113
1234709952,18
1234712383,22
1234717086,74
1234717726,12
1234724745,3820
1234728317,48
1234728799,12
1234732702,14
1234736795,40
1234743389,72
1234743709,34
1234748523,21
1234759372,67
1234766431,150
1234808106,27
1234817105,33
1234819935,33
1234825297,36
1234829540,823
1234839530,17
1234854174,11
1234870827,173
1234871124,24
1234872393,19
1234884845,16
1234901863,19
1234902158,5
1234908161,14
1234910726,31
1234918031,35
1234923277,17
1234924484,26
1234932922,20
1234949873,20
1234965356,35
1234995144,20
1234999285,20
1235003804,357
1235009516,75
1235012977,15
1235028451,13
1235037158,28
1235044422,11
1235045594,28
1235046467,98
1235049982,11
1235050047,29
1235056479,10598
1235076151,93
1235077351,18
1235080900,18
1235091914,279
1235098353,188
1235103257,38
1235109342,70
1235111179,127
1235112405,59
1235113559,106
1235113769,17
1235116683,303
1235117834,31
1235123321,29
1235128023,65
1235128193,36
1235131147,139
1235135158,467
1235143195,17
1235145221,45
1235150265,76
1235161765,53
1235167543,21
1235168383,12
1235169587,12
1235175101,758
1235186898,32
1235192172,13
1235192304,42
1235199422,11
1235201909,67
1235219333,21
1235219714,22
1235221346,27
1235222817,30
1235225511,128
1235226760,102
1235230186,36
1235232111,20
1235254657,739
1235257170,24
1235259928,154
1235263729,150
1235266237,28
1235278626,20
1235288917,17
1235295742,159
1235298635,11
1235298988,345
1235311075,14
1235318920,82
1235322661,481
1235324410,918
1235325516,22
1235348945,22
1235349424,19
1235368663,25
1235372092,23
1235384825,47
1235398362,19
1235401698,170
1235403515,43
1235415129,12
1235416020,30
1235419463,15
1235423394,31
1235424374,25
1235433876,22
1235435251,21
1235439841,57
1235467345,737
1235467347,16
1235483809,1062
1235491483,43
1235491525,1184
1235491557,1063
1235491573,39
1235491599,39
1235491636,33
1235491662,31
1235494902,109
1235507023,102
1235511271,55
1235515289,33
1235516373,28
1235528350,19
1235528861,15
1235535108,79
1235536039,601
1235557096,38
1235561546,288
1235563757,15
1235570981,102
1235600169,13
1235600664,12
1235601806,29
1235603352,29
1235604959,1173
1235615622,41
1235620806,27
1235625452,87
1235635879,32
1235635941,69
1235641260,43
1235648424,58
1235666777,13
1235677045,12
1235677889,38
1235682971,61
1235693765,15
1235695972,13
1235696190,28
1235697532,12
1235700241,38
1235703061,18
1235708935,20
1235712635,88
1235713026,14
1235721044,374
1235728605,13
1235730493,358
1235733002,89
1235738333,15
1235745072,15
1235785305,15
1235796446,48
1235801337,19
1235804415,7
1235809841,45
1235821686,434
1235824690,1416
1235826853,192
1235832354,2921
1235839978,28
1235841610,78
1235850561,36
1235854800,12
1235864347,44
1235887692,96
1235898898,42
1235904866,12
1235915700,378
1235923517,44
1235928536,342
1235937388,19
1235944874,23
1235950823,38
1235951137,105
1235953029,27
1235957378,27
1235957729,29
1235989465,53
1235991419,164
1235995633,27
1236003844,18
1236010010,58
1236020540,31
1236022353,12
1236024834,622
1236029557,19
1236032569,15
1236033849,13
1236037886,54
1236038347,21
1236069346,18
1236072112,98
1236080238,33
1236092346,14
1236097343,27
1236103434,136
1236113248,12
1236116882,81
1236134087,66
1236138758,25
1236144809,34
1236146225,19
1236147664,17
1236147743,249
1236150757,28
1236154506,211
1236169319,65
1236174636,28
1236183038,1774
1236183483,15
1236188285,14
1236189703,15
1236192120,70
1236193793,21
1236197117,32
1236205854,18
1236210286,37
1236215173,807
1236217302,29
1236220169,25
1236225066,29
1236230376,34
1236231313,86
1236232731,132
1236238799,27
1236239871,16
1236242712,409
1236249097,1251
1236256286,10
1236258392,33
1236268528,15
1236268781,31
1236270722,11
1236276097,97
1236280432,17
1236281532,13
1236290893,29
1236293784,33
1236297203,15
1236299256,86
1236299970,28
1236299999,45
1236308364,20
1236310444,600
1236311039,21
1236318244,425
1236318314,93
1236318548,49
1236320113,15
1236324961,16
1236325505,13
1236328476,39
1236334602,15
1236336437,2549
1236336797,40
1236338255,101
1236348029,23
1236350718,62
1236351119,39
1236353193,2301
1236369867,69
1236376729,42
1236378975,17
1236390867,34
1236393593,21
1236412595,21
1236415557,78
1236416145,15
1236419355,15
1236423287,62
1236429199,69
1236430316,18
1236444588,19
1236448624,44
1236451209,37
1236456093,114
1236456506,209
1236467467,116
1236472889,164
1236475536,15
1236475951,14
1236477525,14
1236477821,37
1236478732,21
1236490395,714
1236493835,36
1236496917,35
1236501740,16
1236502369,32
1236502968,21
1236505940,47
1236507497,133
1236507612,23
1236514798,18
1236523584,177
1236536813,119
1236539330,24
1236548587,32
1236558471,26
1236558948,116
1236565619,33
1236570104,157
1236572125,33
1236574498,298
1236597439,27
1236611436,44
1236614974,10
1236627656,55
1236654892,22
1236667081,20
1236668474,14
1236672762,24
1236677779,148
1236692100,21
1236692111,87
1236692563,26
1236705473,24
1236709079,11
1236710711,19
1236712166,35
1236724617,18
1236724803,64
1236730482,31
1236735790,65
1236755306,175
1236763145,24
1236764229,39
1236767104,17
1236771809,172
1236781628,12
1236782644,14
1236783424,86
1236785802,44
1236788504,20
1236790468,105
1236809377,57
1236816811,18
1236835461,33
1236835492,17
1236840275,106
1236851335,32
1236852308,33
1236854679,25
1236859477,18
1236861772,96
1236872415,21
1236877194,29
1236894679,57
1236908206,32
1236909004,14
1236910063,111
1236911090,113
1236918072,12
1236931661,26
1236933951,23
1236941307,70
1236945444,15
1236957585,528
1236964964,39
1236968473,13
1236981959,100
1236984329,27
1236985474,111
1237004640,1701
1237007359,25
1237010660,65
1237013741,942
1237021776,44
1237023264,25
1237037977,12
1237043630,147
1237046812,16
1237052662,76
1237054274,45
1237062426,24
1237066114,19
1237066616,16
1237067851,22
1237095996,57
1237104157,20
1237109545,30
1237111736,13
1237112689,88
1237113075,56
1237114445,58
1237116511,73
1237131130,12
1237137541,14
1237146076,96
1237159425,23
1237163046,366
1237164472,167
1237164513,4341
1237174940,3631
1237176215,10
1237181322,38
1237199276,21
1237215648,30
1237218322,24
1237219351,14
1237225592,24
1237225812,14
1237229663,41
1237231741,15
1237232401,14
1237232532,428
1237232853,119
1237239472,1068
1237241613,22
1237243825,21
1237246004,14
1237250723,12
1237253926,15
1237257052,166
1237257560,17
1237259189,206
1237267911,16
1237271327,81
1237283836,21
1237284154,11
1237287718,27
1237290361,17
1237295423,26
1237295737,64
1237295946,32
1237299882,30
1237301457,25
1237302913,16
1237308021,68
1237318021,60
1237319927,793
1237342938,17
1237345031,179
1237346118,149
1237353655,21
1237354845,13
1237360639,103
1237365178,149
1237370783,129
1237378117,21
1237383337,24
1237387249,24
1237390322,17
1237392402,25
1237403075,15
1237409271,12
1237416862,17
1237418222,16
1237422941,58
1237424084,22
1237428082,22
1237428154,20
1237429296,230
1237433527,63
1237436537,21
1237444585,15
1237448423,129
1237453528,25
1237461617,13
1237463177,219
1237464523,40
1237465820,308
1237470197,12
1237470590,22
1237475996,54
1237500772,13
1237501021,26
1237507452,18
1237514143,12
1237516776,94
1237522343,81
1237524419,1064
1237525004,22
1237525965,24
1237527907,14
1237528100,68
1237536657,38
1237548136,17
1237556756,15
1237566150,61
1237567431,28
1237567855,79
1237569827,27
1237570742,3044
1237574834,22
1237596235,18
1237604801,16
1237605993,61
1237607224,18
1237610023,23
1237619750,17
1237623600,26
1237625202,178
1237627849,40
1237630202,517
1237639323,439
1237640697,25
1237640922,27
1237643030,15
1237648686,52
1237651000,23
1237652723,14
1237658148,18
1237696009,19
1237699264,19
1237699485,11
1237707289,44
1237717182,11
1237720723,20
1237728861,16
1237733764,20
1237734940,24
1237735665,36
1237749445,81
1237750162,256
1237773425,86
1237781439,22
1237784796,16
1237786440,14
1237789963,18
1237809202,460
1237818034,121
1237819660,39902
1237821145,16
1237826064,252
1237829770,16
1237833791,13
1237835872,60
1237836502,11
1237839280,18
1237841458,57
1237843760,13
1237845954,18
1237849841,20
1237852816,16
1237856742,26
1237856798,25
1237857534,39
1237858339,58
1237862355,42
1237873111,83
1237876885,26
1237879977,16
1237885983,210
1237886021,35
1237887278,21
1237891010,43
1237897310,141
1237898891,47
1237901907,29
1237904058,12
1237906084,20
1237911785,3209
1237924504,17
1237926298,40
1237930635,40
1237955879,16
1237979735,2487
1237988466,12
1237991026,73
1237994338,14
1237999979,32
1238010504,22
1238020455,46
1238042326,18
1238042602,127
1238043239,1986
1238043869,24
1238045437,20
1238047523,4401
1238050175,111
1238063840,22
1238071279,66
1238086960,18
1238091730,59
1238096032,482
1238104138,45
1238108965,57
1238119796,13
1238120057,54152
1238121115,144
1238133044,106
1238139003,33
1238142752,18
1238143049,51
1238152096,201
1238157601,41
1238166279,37
1238179349,18
1238187414,20
1238194024,22
1238194631,28
1238203091,11
1238204186,16
1238210020,18
1238212613,30
1238219632,26
1238246893,17
1238256194,40
1238264514,39
1238268252,16
1238273556,28
1238275599,27
1238285636,63
1238292307,11
1238294428,56
1238294607,123
1238301041,284
1238305550,19
1238314095,30
1238325234,24
1238336148,13
1238338967,11
1238339696,18
1238352328,27
1238353357,88
1238359772,19
1238361124,28
1238363307,51
1238364469,49
1238374516,17
1238379684,18
1238384020,112
1238386254,21
1238388797,14
1238392177,31
1238394528,29
1238398366,20
1238402794,140
1238412760,34
1238416752,514
1238420386,25
1238426179,966
1238426791,421
1238434689,18
1238449822,16
1238453195,55
1238455882,111
1238458554,553
1238460215,53
1238468873,12
1238490261,35
1238496158,191
1238499219,20
1238503477,508
1238505021,35
1238505874,109
1238509745,16
1238514693,13
1238529161,14
1238537858,24
1238540326,22
1238542557,18
1238542948,30
1238547139,82
1238548881,13
1238552380,22
1238559947,66
1238571740,30
1238573176,16
1238576219,28
1238579838,18
1238580104,21
1238586910,11
1238606716,3152
1238608979,386
1238611197,27
1238611909,25
1238612611,23
1238634317,17
1238645472,473
1238653384,152
1238669068,58
1238676776,12
1238676972,17
1238677791,35
1238684786,15
1238692464,19
1238695224,20
1238707516,12
1238722120,15
1238723751,13
1238727325,32
1238731481,47
1238733254,36
1238739631,20
1238742660,21
1238743123,31
1238755764,177
1238758672,390
1238759267,21
1238765688,18
1238775512,662
1238783354,265
1238787403,11
1238812762,37
1238818691,21
1238830448,105
1238831904,12
1238834247,19
1238836672,11
1238850401,11
1238855847,36
1238866442,196
1238872822,141
1238876865,35
1238889388,26
1238894468,28
1238894762,17
1238896536,117
1238897954,38
1238911466,15
1238914644,24
1238926475,11
1238930668,16
1238948350,24
1238954573,23
1238954795,22
1238956754,456
1238959575,44
1238968097,54
1238986224,18
1238992253,9212
1238993977,24
1238996909,403
1239006019,52
1239011091,57
1239018578,23
1239029437,69
1239032588,16
1239039079,178
1239045423,63
1239056971,43
1239062027,7
1239071762,54
1239104861,88
1239110217,20
1239112559,12
1239115570,35
1239117786,22
1239117832,21
1239119721,1924
1239126926,17
1239135974,29
1239139048,75
1239140279,422
1239151917,91
1239152939,25
1239159840,2651
1239160406,11
1239173626,17
1239193196,80
1239193572,12
1239197994,56
1239198502,67
1239199313,14
1239200352,33
1239204847,23
1239209837,22
1239210589,245
1239212074,19
1239214607,45
1239216283,46
1239216743,12
1239243690,21
1239249946,15
1239251402,13
1239262895,13
1239264029,326
1239273447,18
1239285070,104
1239297672,176
1239309119,14
1239321485,72
1239341513,20
1239351619,114
1239353812,34
1239357956,81
1239359080,21
1239365819,13
1239366397,26
1239367040,38
1239373733,21
1239374684,13
1239375488,356
1239375999,26
1239382882,115
1239396861,17
1239398976,22
1239402511,17
1239412648,14
1239412733,15
1239414002,16
1239414821,1421
1239416779,11
1239427226,28
1239434866,443
1239441299,42
1239447191,53
1239447811,18
1239455254,266
1239464173,49
1239469327,44
1239473321,599
1239489400,65
1239491397,66
1239518697,98
1239522492,583
1239524798,17
1239528524,22
1239532231,43
1239537127,55
1239537612,12
1239544598,17
1239549872,355
1239550442,68
1239556796,175
1239557619,59
1239563227,88
1239563655,136
1239567925,19
1239574235,14
1239577913,45
1239580976,16
1239599225,20
1239600245,21
1239611613,29
1239617900,16
1239618973,69
1239619264,40
1239621046,17
1239622029,13
1239622387,533
1239624733,53
1239630237,16
1239644418,27
1239645385,645
1239654352,16
1239660837,20
1239669136,24
1239673198,21
1239676667,128
1239707233,32
1239715093,15
1239716772,13
1239722612,26
1239726217,24
1239728183,55
1239732876,12
1239735146,19
1239735720,20
1239744607,11
1239746319,22
1239749878,12
1239752722,116
1239754392,15
1239757945,43
1239765355,49
1239769034,22
1239774861,216
1239787202,18
1239797781,110
1239797866,15
1239799148,15
1239802726,11
1239806607,39
1239812704,24
1239825801,17
1239826594,20
1239833246,37
1239856270,30
1239859061,150
1239864142,722
1239869762,50
1239878087,42
1239878287,258
1239890796,1795
1239894005,39
1239898419,149
1239901771,31
1239906726,54
1239909172,15
1239911524,12
1239918790,2658
1239921355,22
1239923622,76
1239928176,717
1239930788,139
1239940446,108
1239942327,14
1239944495,19
1239949403,28
1239953499,91
1239960519,12
1239961334,25
1239966472,230
1239977707,16
1239979370,41
1239982332,13
1239983358,39
1239995275,18
1239996076,5382
1239999657,20
1240003797,18
1240013465,92
1240014089,18
1240015023,22
1240019066,12
1240020163,22
1240031323,16
1240043567,13
1240045833,31
1240047266,110
1240051005,60
1240052317,32
1240056880,12
1240061827,36
1240062561,240
1240070838,12
1240073512,21
1240080694,43
1240083383,23
1240087779,15
1240092403,18
1240122142,21
1240131152,23
1240132015,18
1240150652,24
1240159825,1
1240163211,163
1240163717,20
1240164093,49
1240167455,21
1240183493,60
1240191065,2367
1240192072,14
1240195275,12
1240202235,19
1240214550,27
1240224353,46
1240247258,15
1240247529,16
1240249001,12
1240258164,16
1240259223,58
1240269979,14
1240272133,52
1240276079,31
1240288571,14
1240299044,19
1240299682,27
1240305839,14
1240308067,126
1240332026,57
1240333679,17
1240340068,96
1240341386,11
1240346607,75
1240346695,232
1240364388,207
1240365600,29
1240374270,44
1240393483,14
1240394691,19
1240395546,39
1240417420,11
1240419112,28
1240420839,25
1240421258,703
1240437710,17
1240443039,86
1240444875,37
1240448548,11
1240483776,288
1240492421,50
1240498594,18
1240500457,75
1240502884,87
1240515946,15
1240521980,11
1240522440,20
1240537180,101
1240542828,18
1240545670,14
1240545861,66
1240556206,36
1240556566,30
1240560323,57
1240566648,73
1240567099,20
1240568470,49
1240572887,32
1240579392,15
1240580951,17
1240599492,71
1240601170,225
1240602767,19
1240611559,18
1240644798,20
1240648531,13
1240652283,19
1240653523,90
1240665936,14
1240667381,16
1240671870,19
1240672860,18
1240677825,48
1240682987,14
1240690447,18
1240693623,24
1240698398,417
1240708362,26
1240713910,53
1240719306,19
1240720849,95
1240724913,23
1240725237,11
1240725952,119
1240730830,99
1240732143,137
1240743325,46
1240747229,18
1240755345,16
1240766312,24
1240768914,11
1240771767,48
1240775510,513
1240786277,26
1240793632,14
1240801215,45
1240808459,21
1240820240,11
1240830830,88
1240832183,18
1240844474,46
1240851965,29
1240854296,64
1240856375,19
1240859912,18
1240865540,16
1240868987,36
1240872088,793
1240872126,37
1240872943,11
1240894264,13
1240896337,18
1240905795,22
1240919474,56
1240938433,16
1240944610,33
1240944626,846
1240946207,18
1240948992,19
1240955193,15
1240959510,44
1240961226,20
1240963793,16
1240977522,10
1240995825,44
1240996286,331
1241000028,231
1241014702,18
1241017476,110
1241019087,25
1241033447,14
1241037350,12
1241040212,23
1241048131,80
1241051113,17
1241054742,61
1241058151,36
1241070039,12
1241074831,21
1241076174,238
1241088351,16
1241094896,16
1241096931,26
1241105467,25
1241106368,31
1241110664,13
1241114653,23
1241132689,37
1241134258,100
1241141239,105
1241146344,56
1241146497,32
1241149979,50
1241152875,1017
1241153103,36
1241159711,19
1241163802,17
1241169266,15
1241170129,14
1241172117,15
1241179152,37
1241185532,87
1241208413,34
1241209202,130
1241212925,20
1241215332,27
1241218480,42
1241223523,71
1241234879,298
1241246291,14
1241257629,8392
1241258726,212
1241271550,70
1241273478,891
1241275896,53
1241277287,51
1241277589,87
1241279320,14
1241281880,14
1241283238,23
1241295791,30
1241298903,44
1241300226,15
1241309851,25
1241319334,16
1241329902,38
1241335289,23
1241335398,15
1241336268,55
1241338288,55
1241345946,18
1241348820,39
1241350460,16
1241353600,16
1241358748,13
1241360951,42
1241362619,3746
1241367216,15
1241368039,25
1241383026,12
1241389997,21
1241397530,26
1241407718,20
1241411485,33
1241412718,107
1241414489,16
1241415025,51
1241420026,23
1241425259,2067
1241430916,168
1241450690,21
1241453878,24
1241459204,14
1241459358,19
1241469718,18
1241476818,20
1241477012,13
1241487212,17
1241488294,14
1241489968,32
1241494140,31
1241500194,81
1241503505,14
1241511155,191
1241515224,362
1241519294,30
1241526989,22
1241535855,12
1241537755,538
1241538479,303
1241539231,104
1241540822,16
1241541907,77
1241552156,50
1241553266,31
1241586348,15
1241587887,49
1241588340,44
1241611273,29
1241612240,74
1241612644,66
1241613478,230
1241621727,84
1241631637,14
1241633491,19
1241640889,13
1241641410,21
1241644778,16
1241647818,97
1241648746,41
1241650947,31
1241653775,20
1241653839,152
1241657568,26
1241657981,12
1241661785,24
1241665017,16
1241665534,29
1241679569,40
1241704120,23
1241705990,69
1241706792,142
1241709623,188
1241723280,18
1241738234,123
1241742205,33
1241743752,246
1241747058,41
1241749352,36
1241750341,63
1241752946,40
1241761359,52
1241767972,23
1241775611,87
1241778703,10
1241803876,253
1241816625,63
1241825365,34
1241825396,302
1241828177,13
1241837533,32
1241845242,117
1241863775,28
1241878578,14
1241879839,14
1241886270,19
1241889596,15
1241889601,118
1241891788,28
1241894863,40
1241896683,13
1241912674,15
1241916676,38
1241954827,32
1241955479,31
1241958508,41
1241959906,384
1241960226,43977
1241963187,263
1241965602,18
1241974928,12
1241975714,18
1241976480,20
1241977003,109
1241977188,31
1241979160,85
1241979723,15
1241987162,1066
1241990307,75
1241990700,2132
1241994412,40
1242010545,17
1242013932,14
1242017470,4
1242027459,120
1242030289,31
1242030344,32
1242034359,79
1242041584,62
1242043952,16
1242047436,83
1242060029,191
1242065628,14
1242070147,19
1242072896,28
1242077970,49
1242077982,85
1242094165,184
1242098463,35
1242099375,16
1242100472,49
1242107382,2026
1242108349,409
1242121583,17
1242128023,34
1242143475,20
1242169673,66
1242170957,17
1242175465,15
1242179708,17
1242180484,144
1242192661,19
1242196870,15
1242203650,197
1242206624,73
1242211335,31
1242230402,28
1242238680,3
1242243389,25
1242243557,11
1242244665,15
1242245415,22
1242249898,33
1242252209,51
1242268113,60
1242272716,82
1242283903,18
1242284800,15
1242288930,18
1242293609,64
1242306767,364
1242316635,3204
1242320277,14
1242321286,74
1242326448,24
1242339840,44
1242350957,46
1242354790,2042
1242384007,12
1242392922,234
1242402978,467
1242415623,297
1242427355,15
1242428415,60
1242432807,11
1242441763,25
1242442927,47
1242442956,17
1242450764,58
1242451241,15
1242472887,26
1242497817,37
1242503983,14
1242517249,76
1242520249,26
1242522317,19
1242534846,12
1242536991,17
1242538725,14
1242552865,23
1242559266,27
1242562576,10
1242564361,11
1242565101,26
1242568050,69
1242571544,42
1242572220,12
1242576422,12
1242579794,78
1242581027,46
1242582611,44
1242582771,22
1242587191,12
1242591913,21
1242595081,11
1242623011,14
1242627057,42
1242637912,33
1242643262,11
1242649859,16
1242665944,51
1242670883,14
1242672160,243
1242679355,1660
1242692799,25
1242697027,152
1242705930,20
1242712290,89
1242719319,1357
1242731930,12
1242750846,14
1242760522,26
1242766913,77
1242787253,363
1242790955,31
1242805637,37
1242808266,11
1242815807,24
1242836028,19
1242847410,111
1242849406,75
1242854746,44
1242858742,41
1242867671,867
1242881254,20
1242885972,18
1242896502,280
1242899551,214
1242899915,54
1242903900,15
1242911893,31
1242916194,13
1242917283,31
1242924666,181
1242933539,23
1242956191,20
1242967652,7323
1242971079,13
1242974687,32
1242994017,133
1242995930,26
1243001514,29
1243006338,231
1243011353,2146
1243017690,337
1243019455,19
1243020749,145
1243027110,78
1243027635,74
1243027695,18
1243029025,18
1243033047,111
1243037216,13
1243043047,18
1243057319,33
1243060739,23
1243065333,14
1243068376,31
1243068991,31
1243071828,28
1243072224,107
1243086146,19
1243090173,18
1243095143,13
1243099463,19
1243100020,114
1243106323,248
1243107271,36
1243109314,18
1243110119,15
1243111477,14
1243130327,11
1243136561,56
1243146433,239
1243160351,918
1243160855,44
1243164484,72
1243166788,16
1243166945,220
1243176585,386
1243179697,84
1243183766,22
1243199454,30
1243200853,98
1243202918,24
1243210367,132
1243217842,54
1243238668,103
1243240174,13
1243242946,88
1243244774,95
1243249411,17
1243256378,58
1243266259,12
1243270101,16
1243276849,19
1243277861,145
1243279769,80
1243282472,11
1243285960,20
1243288395,12
1243296441,215
1243301217,20
1243308022,18
1243316506,15
1243317327,504
1243318039,19
1243319764,11
1243320653,14
1243335820,90
1243337208,11
1243337973,11
1243338375,18
1243339945,15
1243343514,38
1243348295,53
1243353499,28
1243353641,106
1243354073,81
1243355836,15
1243364905,228
1243365944,356
1243369427,19
1243370296,23
1243370935,46
1243373853,142
1243380368,22
1243384906,19
1243386295,10
1243386953,52
1243393451,59
1243394372,19
1243397963,871
1243401750,86
1243403565,15
1243403791,37
1243407684,17
1243414163,14
1243414364,12
1243432393,11
1243435460,31
1243436931,16
1243440891,23
1243456460,62
1243462118,20
1243465661,20
1243470443,11
1243474783,25
1243475954,16
1243480043,41
1243486736,52
1243490323,85
1243499752,110
1243510961,16
1243520031,217
1243523634,44
1243524942,15
1243529611,17
1243536512,137
1243546453,11
1243567693,14
1243589705,36
1243592929,12
1243594497,12
1243601229,42
1243601998,22
1243607387,15
1243614106,18
1243618131,1513
1243619611,53
1243631224,33
1243632421,14
1243632643,16
1243643571,15
1243645314,113
1243646445,14
1243647266,82
1243649535,11
1243660478,15
1243674199,82
1243680833,27
1243704133,28
1243710888,26
1243720201,14
1243732556,695
1243739072,479
1243754671,20
1243754968,216
1243761147,31
1243762255,58
1243765551,14
1243765775,76
1243773718,45
1243780058,43
1243795091,35
1243799385,39
1243802511,20
1243841282,83
1243842380,16
1243843387,182
1243859110,19
1243859417,27
1243860196,30
1243861636,19
1243868004,23
1243878128,52
1243889840,3310
1243904405,69
1243908724,20
1243925666,15
1243928497,48
1243928867,32
1243929420,18
1243945729,13
1243947630,165
1243951513,26
1243954362,71
1243959521,16
1243961683,31
1243962929,74
1243963093,200
1243975263,27
1243975449,40
1243978384,138
1243979429,70
1243998884,21
1244000773,15
1244001574,37
1244028703,30
1244036548,11
1244037728,14
1244040752,99
1244045010,31
1244047930,34
1244050587,246
1244051960,45
1244056427,15
1244064544,11
1244071529,3686
1244073371,37
1244074262,45
1244074490,21
1244074619,15
1244076766,12
1244108994,709
1244116421,24
1244130987,47
1244136912,22
1244140869,28
1244142296,54
1244151525,16
1244155308,41
1244155727,57
1244157761,32
1244162403,1244
1244168174,38
1244174738,19
1244176206,12
1244178999,17
1244184293,13
1244185155,410
1244194276,34
1244194507,27
1244197679,37
1244200187,11
1244213970,33
1244216551,53
1244217665,31
1244226944,25
1244231089,14
1244232710,60
1244238140,27
1244238936,36
1244255120,20
1244255768,11
1244263982,13
1244264446,63
1244264505,84
1244278623,18
1244290601,117
1244295316,20
1244296820,1486
1244307392,44
1244307848,22
1244322645,65
1244323702,347
1244325213,21
1244328171,29
1244341252,12
1244344645,21
1244346431,25
1244361533,19
1244364968,19
1244370426,34
1244375757,48
1244375832,76
1244377054,53
1244385712,21
1244386148,20
1244391930,13
1244391958,116
1244425600,18
1244431440,453
1244443711,16
1244459047,26
1244462189,552
1244468619,272
1244473756,36
1244476160,43
1244476739,13
1244482736,11
1244488619,18
1244490397,92
1244491708,192
1244493472,1689
1244500483,194
1244530113,19
1244534097,19
1244539716,60
1244540718,23
1244541606,21
1244548537,12
1244557522,191
1244564263,184
1244565986,276
1244570126,35
1244582483,95
1244593267,25
1244595001,16
1244596735,21
1244598092,26
1244599833,25
1244611777,35
1244615729,26
1244621946,110
1244626627,62
1244638297,12
1244644510,10
1244645507,86
1244647147,17
1244660131,13
1244664340,66
1244666899,12
1244667663,62
1244673218,86
1244675532,21
1244679831,13
1244688614,31
1244691031,11
1244693229,15
1244693986,28
1244713152,17
1244716271,46
1244742159,20
1244747615,114
1244747754,13
1244750915,73
1244755919,16
1244762126,33
1244770399,19
1244774008,179
1244780636,44
1244782513,125
1244784820,99
1244799378,6
1244801083,17
1244801631,285
1244804202,30
1244813010,21
1244814127,216
1244828190,33
1244838109,86
1244838820,13
1244839354,37
1244848150,52
1244858848,55
1244859148,383
1244862129,13
1244872344,75
1244886395,16
1244896384,19
1244916257,20
1244926035,102
1244934024,45
1244939861,18
1244954648,19
1244959261,623
1244959516,12
1244960155,79
1244989350,240
1245004908,38
1245010764,104
1245029777,43
1245035344,31
1245035377,22
1245041174,52
1245043545,61
1245045417,14
1245048633,22
1245051336,32
1245059090,13
1245060355,33
1245061401,29
1245064524,8
1245064892,413
1245076219,71
1245097257,62
1245100586,53
1245101224,132
1245104473,172
1245106598,352
1245108765,23
1245113203,15
1245188885,13
1245192508,13
1245195081,30
1245220559,17
1245220578,18
1245221146,32
1245222189,13
1245223443,17
1245224749,16
1245225769,37
1245227535,114
1245234058,113
1245241908,213
1245243244,38
1245243860,42
1245256564,1742
1245258929,14
1245259290,18
1245267327,113
1245272377,106
1245274067,39
1245278599,18
1245279396,23
1245282108,161
1245290072,71
1245292227,69
1245294728,20
1245296273,132
1245308002,78
1245310595,19
1245318030,44
1245319446,613
1245322596,20
1245325857,106
1245327065,116
1245329241,1177
1245331393,24
1245333424,486
1245333938,307
1245344317,75
1245347848,53
1245350611,26
1245355875,24
1245356181,38
1245356640,109
1245356661,84
1245359581,37
1245362186,25
1245364257,15
1245365519,47
1245368109,65
1245369970,26
1245371971,17
1245380838,13
1245391661,31
1245396820,17
1245405409,25
1245412168,126
1245419404,14
1245425969,19
1245427200,21
1245427909,65
1245429611,102
1245439294,19
1245439775,18
1245440202,26
1245444273,60
1245451069,15
1245452305,3221
1245458564,158
1245458706,139
1245461700,143
1245465729,5231
1245470955,216
1245476031,1528
1245491192,25
1245509597,14
1245510473,28
1245510932,88
1245511686,15
1245518138,56
1245524843,15
1245539123,97
1245540410,166
1245545312,43
1245546693,73
1245549227,157
1245556773,28
1245558372,256
1245561762,1106
1245563309,166
1245585947,13
1245591132,260
1245593541,14
1245595783,15
1245614371,372
1245617878,42
1245621552,170
1245623286,21
1245633673,13
1245635988,11
1245644492,78
1245647600,66
1245653552,12
1245664409,16
1245681818,155
1245692484,19
1245695183,136
1245699721,6318
1245699982,22
1245720361,10
1245720902,99
1245723733,14
1245725287,19
1245730899,31
1245733063,766
1245738786,43
1245740241,3
1245746212,13
1245748325,14
1245760328,154
1245771671,28
1245772322,15
1245775155,13
1245790592,91
1245797515,151
1245813675,15
1245816682,12
1245820850,41
1245838621,95
1245849114,33
1245862251,66
1245865164,16
1245871125,17
1245872885,65
1245881246,13
1245893489,27
1245894065,15
1245901041,658
1245903975,18
1245921621,436
1245923485,25
1245925715,19
1245927552,39
1245944434,14
1245952606,2786
1245955470,15
1245957017,45
1245959143,152
1245970168,19
1245970899,60
1245998874,19
1246000378,46
1246031278,80
1246047187,22
1246072199,73
1246073739,26
1246090648,12
1246093394,22
1246096751,20
1246104866,22
1246113734,20
1246132462,18
1246148135,8857
1246196526,67
1246198169,178
1246201104,19
1246205050,18
1246211773,1433
1246220668,23
1246224744,22
1246227084,114
1246228717,48
1246229181,20
1246236720,123
1246237538,45
1246238195,51
1246243218,127
1246244431,41
1246249472,18
1246250743,23
1246251770,73
1246265860,115
1246270079,24
1246273057,311
1246273154,30
1246274264,30
1246276297,209
1246276785,148
1246279685,29
1246280246,16
1246292527,15
1246292540,72
1246304557,17
1246315244,94
1246322535,12
1246326252,28
1246326761,426
1246330857,152
1246332472,46
1246336325,21
1246337897,12
1246346594,863
1246360316,14
1246389313,13
1246399437,4025
1246402525,158
1246410678,43
1246435403,56
1246440630,1066
1246441409,27
1246442875,77
1246446448,29
1246451746,51
1246459259,7779
1246471409,14
1246482134,25
1246482207,62
1246483895,200
1246500556,95
1246504454,15
1246510003,11
1246513769,27
1246515824,181
1246515971,16
1246519476,16
1246521575,155
1246529893,18
1246532319,221
1246533311,12
1246534911,1713
1246536953,15
1246538174,48
1246539049,18
1246542567,90
1246549494,39
1246561851,21
1246567508,21
1246570817,40
1246574857,18
1246574873,160
1246577741,26
1246582123,56
1246590578,11
1246596727,18
1246596878,27
1246600517,1294
1246600961,44
1246600993,32
1246602771,37
1246622880,16
1246625636,10223
1246629463,29
1246631932,29
1246638907,50
1246642453,39
1246644567,13
1246646082,39
1246662457,12
1246664009,24
1246681024,17
1246687346,12
1246690056,57
1246695181,28
1246709259,35
1246710934,15
1246711970,164
1246712495,23
1246715834,25
1246717058,14
1246721062,522
1246722622,1102
1246742103,18
1246745196,40
1246745654,17
1246749616,228
1246751432,17
1246751434,139
1246759937,46
1246767321,20
1246771179,18
1246779788,87
1246782280,57
1246786755,84
1246790422,78
1246795720,200
1246797254,22
1246802646,30
1246803083,58
1246804487,15
1246812750,63
1246814545,10
1246814836,18
1246817571,20
1246821609,36
1246837463,13
1246843657,28
1246849817,25
1246854395,20
1246857494,32
1246866879,20
1246880217,12
1246887188,42
1246895855,48
1246904632,130
1246905604,104
1246911708,73
1246914307,20
1246924426,16
1246924457,11
1246959565,42
1246959727,45
1246967830,13
1246980923,47
1246989049,30
1246992941,67
1246994155,46
1247000985,24
1247014730,114
1247024515,19
1247024804,130
1247033084,108
1247044553,16
1247045448,162
1247052265,53
1247062549,41
1247077303,33
1247077505,46
1247078110,107
1247086450,16
1247093576,20
1247095976,376
1247100158,23
1247106374,10
1247115218,104
1247115666,129
1247117944,37
1247122194,21
1247124796,15
1247134453,76
1247141754,11
1247142210,31
1247149707,149
1247161384,35
1247171934,20
1247181447,51
1247188228,48
1247190710,79
1247191183,16
1247195606,33
1247195686,24
1247212350,28
1247217251,87
1247225040,14
1247231088,72
1247236424,630
1247242073,327
1247256403,6
1247256864,409
1247257056,76
1247257077,20
1247257153,11
1247265455,27
1247276507,12
1247281221,37
1247282947,16
1247286539,28
1247288896,303
1247289840,29
1247290145,29
1247291997,23
1247292043,68
1247294715,462
1247295822,14
1247301782,43
1247302502,86
1247303587,12
1247310533,37
1247314588,189
1247316645,35
1247317288,55
1247321833,420
1247351481,20
1247353124,10
1247356796,23
1247365040,94
1247371684,72
1247376153,25
1247376695,179
1247380137,35
1247384825,31
1247388276,47
1247401217,55
1247414152,154
1247418292,56
1247419504,22
1247421999,16
1247424466,13
1247425144,11
1247433544,86
1247436411,105
1247458577,16
1247458623,31
1247459187,37
1247461066,31
1247469826,184
1247473093,16
1247477036,19
1247482929,72
1247489291,64
1247492866,16
1247495357,23
1247508851,17
1247509569,24
1247515668,28
1247529759,18
1247539290,13
1247546991,417
1247561558,13
1247570734,23
1247581321,80
1247581975,52
1247591069,93
1247591822,24
1247594975,12
1247599728,30
1247600704,15
1247602219,26
1247604974,10
1247605879,55
1247605980,53
1247609335,118
1247612350,232
1247622731,156
1247623206,27
1247625334,12
1247628069,14
1247630704,58
1247641253,17
1247649837,22
1247663174,13
1247666824,27
1247670071,16
1247671245,115
1247672857,34
1247682155,23
1247682989,27
1247694581,13
1247699938,13
1247702973,111
1247709872,32
1247712689,40
1247712904,23
1247720302,53
1247743070,11
1247743352,161
1247745092,19
1247746103,22
1247746872,14
1247748424,45
1247756899,23
1247777740,20
1247782277,38
1247782800,28
1247786593,275
1247798896,17
1247799878,35
1247808514,278
1247813845,14
1247826283,11
1247833825,80
1247838123,166
1247842541,22
1247845398,21
1247866311,15
1247890345,14
1247897962,10
1247916961,624
1247926868,21
1247938040,236
1247939001,63
1247940076,18
1247944288,423
1247953558,132
1247955571,15
1247959177,19
1247960650,94
1247966640,84
1247969231,37
1247972630,42
1247980837,21
1247981517,153
1247984150,13
1248011103,2211
1248031872,86
1248032650,22
1248034647,125
1248040531,12
1248040866,23
1248041623,54
1248045931,18
1248050597,18
1248051050,14
1248054102,66
1248055238,410
1248058147,78
1248064498,10
1248066032,14
1248067744,12
1248072541,23
1248078952,99
1248082572,7
1248087013,59
1248090936,11
1248096254,51
1248105780,69
1248111614,24
1248111899,19
1248123371,96
1248124718,22
1248128332,13
1248129522,13
1248141334,188
1248143320,20
1248150453,26
1248150739,21
1248151636,12
1248154861,24
1248155542,41
1248160730,18
1248163123,13
1248164821,21
1248165430,21
1248175705,108
1248181720,29
1248182767,21
1248183848,41
1248186446,119
1248199024,39
1248199796,13
1248204690,469
1248211654,23
1248213776,69
1248216427,577
1248219709,70
1248221644,43
1248231202,13
1248243804,28
1248248786,24
1248253333,20
1248255775,24
1248257257,121
1248257430,91
1248264334,30
1248267320,515
1248269184,13
1248275548,19
1248292552,14
1248296770,20
1248302385,24
1248302524,35
1248303277,55
1248305485,130
1248309376,20
1248310439,114
1248315096,365
1248323006,368
1248332641,13
1248333420,35
1248334419,41
1248336086,61
1248340154,22
1248344067,23
1248346724,150
1248348085,15
1248348624,25
1248352148,45
1248353257,14
1248354167,30
1248357950,15
1248358923,1186
1248359368,26
1248368290,20
1248369746,21
1248373426,61
1248374766,118
1248378025,112
1248384170,39
1248385157,57
1248395430,41
1248396295,25
1248401048,48
1248401658,30
1248403597,61
1248412629,34
1248413615,15
1248414214,44
1248417002,12
1248435337,12
1248438483,40
1248441930,23
1248442200,67
1248442484,29
1248453360,35
1248453777,38
1248461566,15
1248469137,28
1248474674,54
1248482197,278
1248482770,16
1248483021,28
1248489557,69
1248493288,155
1248502601,11
1248509220,14
1248510758,22
1248512702,23
1248516993,144
1248517174,39
1248517528,44
1248528424,41
1248534579,33
1248538120,20
1248559884,11
1248573158,15
1248575408,21
1248579736,65
1248581414,11
1248586873,51
1248587890,12
1248591409,21
1248591897,55
1248597849,22
1248615838,36
1248618409,406
1248620768,248
1248620921,23
1248625781,19
1248628771,24
1248636112,200
1248647057,20
1248656866,20
1248657228,65
1248659915,178
1248670681,50
1248670774,20
1248679982,36
1248685391,694
1248715157,19
1248719717,48
1248726560,28
1248727836,27
1248731923,38
1248735165,11
1248735456,39
1248735737,46
1248742343,486
1248745413,287
1248747220,666
1248749020,16
1248758524,159
1248761307,1031
1248761484,16
1248763048,243
1248766276,125
1248769876,11
1248772322,11
1248772557,12
1248774202,448
1248782150,41
1248789121,260
1248793375,15
1248794761,36
1248795924,171
1248796295,22
1248803716,34
1248827715,20
1248827837,25
1248836706,22
1248861358,56
1248871857,14
1248872128,28
1248873301,44
1248874742,74
1248874749,82
1248880965,16
1248882195,16
1248882718,57
1248883464,35
1248889884,110
1248896213,17
1248897354,24
1248897838,150
1248898453,11
1248898722,20
1248898972,33
1248908185,12
1248915354,24
1248917960,25
1248924479,452
1248925933,21
1248926022,88
1248930600,52
1248931805,26
1248932206,12
1248933347,68
1248941614,38
1248943562,26
1248949848,12
1248950091,32
1248951081,24
1248951507,20
1248952892,14
1248955957,3737
1248958654,55
1248962830,19
1248981027,132
1248981662,105
1248983894,16
1248984067,47
1248986738,15
1248994114,25
1249006271,33
1249013020,27
1249014031,54
1249015197,33
1249015425,14
1249023319,13
1249024111,62
1249027272,486
1249040497,85
1249047809,69
1249051947,14
1249052052,11
1249052875,13
1249062173,15
1249068419,14
1249070629,175
1249094239,151
1249095115,143
1249111989,55
1249123734,119
1249131332,23
1249136784,43
1249157414,23
1249158906,17
1249162928,479
1249175775,15
1249178065,20
1249180847,176
1249181353,28
1249182330,23
1249187944,102
1249189589,94
1249202199,20
1249203338,1169
1249207787,14
1249209643,291
1249213103,33
1249224062,140
1249225398,25
1249239992,20
1249245754,446
1249258514,295
1249261520,1973
1249271148,26
1249276248,16
1249284066,20
1249287005,33
1249290620,38
1249293657,29
1249296723,13
1249300381,98
1249303001,13
1249305626,19
1249305805,11
1249315245,29
1249317289,32
1249325080,49
1249332416,45
1249337353,21
1249344928,21
1249345325,28
1249346259,19
1249357615,66
1249360394,10
1249363406,33
1249369480,69
1249380837,24
1249382417,15
1249386263,35
1249386299,31
1249406215,16
1249408490,33
1249409445,45
1249410188,22
1249421739,32
1249422921,63
1249430762,11
1249432822,10
1249454751,13
1249458219,25
1249462231,85
1249462611,117
1249466568,13
1249467039,31
1249488202,168
1249509510,18
1249519439,22
1249521361,18
1249530651,36
1249530755,46
1249534702,67
1249535239,83
1249548355,34
1249549064,20
1249550191,392
1249550690,118
1249557108,19
1249572987,85
1249573380,14
1249578225,16
1249582990,56
1249619405,23
1249628271,19
1249634577,92
1249655286,60
1249658123,74
1249659243,64
1249662979,23
1249663397,13
1249669193,19
1249681283,16
1249695433,15
1249708194,49
1249709179,89
1249723308,72
1249730633,61
1249731486,49
1249738003,136
1249740810,48
1249756800,22
1249766977,19
1249774057,517
1249779388,16
1249784811,19
1249785717,25
1249792018,31
1249808300,30
1249808474,19
1249808814,114
1249809218,13
1249813229,79
1249814139,107
1249826669,17
1249826776,13
1249847701,118
1249847920,137
1249849319,72
1249853652,32
1249855865,192
1249866465,2592
1249868091,24
1249880434,15
1249883059,11
1249887741,43
1249888354,162
1249892130,13
1249893354,20
1249895223,41
1249897175,30
1249903076,19
1249907578,69
1249908102,43
1249910480,12
1249913179,145
1249913251,52
1249915620,13
1249922033,932
1249923101,20
1249942687,46
1249944634,20
1249951168,27
1249964612,20
1249973862,70
1249978957,19
1249980876,96
1249982319,21
1249983772,190
1249989933,26
1250007509,12
1250009810,70
1250016256,15
1250020003,19
1250040582,623
1250045863,15
1250050869,123
1250057030,13
1250060426,35
1250065590,44
1250068182,55
1250070490,74
1250072702,12
1250081513,33
1250083495,33
1250085833,21
1250093949,11
1250109958,17
1250113821,44
1250122277,33
1250123107,20
1250126240,96
1250129192,21
1250134799,16
1250142065,17
1250143574,12
1250146825,12
1250157861,15
1250160502,17
1250164325,12
1250182657,23
1250204816,33
1250216343,14
1250224428,22
1250229427,30
1250233265,23
1250237069,21
1250243010,40
1250244785,19
1250245397,20
1250255823,58
1250257487,48
1250258692,303
1250258829,18
1250259248,58
1250265557,18
1250276806,1513
1250280866,163
1250289468,26
1250293035,20
1250295793,60
1250296394,12
1250296864,339
1250301953,87
1250301976,67
1250308031,12
1250314473,21
1250315476,23
1250320740,16
1250326588,10
1250332636,94
1250335928,14
1250336324,14
1250337793,38
1250346244,20
1250354179,18
1250360389,67
1250361878,17
1250367999,21
1250377526,11
1250391425,12
1250394838,145
1250404733,44
1250414618,10
1250417836,17
1250420602,38
1250439637,57
1250445362,11
1250446965,23
1250459937,218
1250468542,23
1250486012,24
1250493755,138
1250500177,11
1250504922,23
1250505481,21
1250508847,79
1250510717,18
1250512479,20
1250528328,22
1250529441,13
1250540901,33
1250541123,16
1250553890,16
1250556989,12
1250561399,15
1250568649,60
1250569639,176
1250575980,1111
1250595753,26
1250626860,125
1250634182,70
1250651738,163
1250651755,143
1250658155,21
1250658283,21
1250663311,25
1250666404,15
1250673270,40
1250677506,60
1250678702,55
1250680727,63
1250681945,29
1250696677,42
1250706260,47
1250709578,28
1250713849,15
1250716184,15
1250741226,38
1250756907,12
1250763371,130
1250763414,230
1250771627,19
1250806008,105
1250812354,105
1250815023,22
1250818845,2156
1250822765,4640
1250824950,113
1250830715,59
1250834429,148
1250835189,103
1250835709,1120
1250836794,61
1250837740,52
1250837806,16
1250842815,27
1250848732,19
1250860168,804
1250863480,12
1250868690,175
1250876768,16
1250878990,23
1250889003,19
1250895580,65
1250907050,19
1250911372,860
1250918358,57
1250918529,39
1250924595,102
1250931415,34
1250937916,11
1250950417,18
1250958854,15
1250977830,31
1250978302,156
1250978888,27
1250981471,21
1250989577,64
1250997037,16
1250998045,30
1251005638,46
1251007586,102
1251009262,15
1251011584,16
1251011879,29
1251012724,45
1251014582,21
1251020438,11
1251020516,11
1251020986,39
1251023065,18
1251023178,18
1251024234,19
1251025862,13
1251026554,14
1251032065,58
1251045093,106
1251057798,1893
1251066255,103
1251067168,19
1251068284,34
1251069607,33
1251072363,31
1251077755,55
1251078984,15
1251085918,22
1251086499,12
1251086916,2184
1251097472,33
1251097626,65
1251103176,17
1251118569,36
1251118601,32
1251122133,342
1251123266,138
1251124565,37
1251126765,18
1251127841,108
1251130670,54
1251139326,20
1251139884,52
1251140252,37
1251145978,33
1251150120,39
1251156448,29
1251159224,13
1251160046,54
1251169801,86
1251180462,41
1251182451,17
1251186402,3184
1251187002,12
1251194539,12
1251196102,13
1251213060,45
1251216667,1808
1251226689,46
1251240181,14
1251240323,31
1251241656,425
1251246810,357
1251249025,13
1251254800,29
1251258620,17
1251260343,20
1251263546,7363
1251265302,26
1251266007,12
1251273528,21
1251278834,19
1251280424,201
1251282803,17
1251283920,13
1251301903,1583
1251303564,27
1251313363,12
1251313933,37
1251314041,90
1251314288,30
1251323039,12
1251343430,32
1251352160,35
1251359454,19
1251360469,156
1251368164,87
1251377810,313
1251382271,361
1251382609,25
1251385826,18
1251386476,422
1251387822,14
1251387915,14
1251398714,36
1251401451,22
1251409505,11
1251420451,22
1251421003,23
1251433180,20
1251445838,146
1251447656,17
1251450386,465
1251456931,17
1251460378,5691
1251460904,19
1251465520,25
1251466224,14
1251467172,28
1251482232,79
1251491910,40
1251497181,12
1251498553,25
1251498620,83
1251504299,19
1251505949,38
1251508685,50
1251523074,46
1251532445,23
1251542434,19
1251547021,14
1251547207,20
1251552989,29
1251558498,23
1251570670,98
1251580441,24
1251583175,94
1251599962,21
1251604333,672
1251624865,40
1251626339,55
1251648836,220
1251663029,19
1251670765,16
1251689896,20
1251699671,19
1251700076,19
1251721871,19
1251723283,39
1251724698,25
1251731366,53
1251731376,14
1251734577,303
1251734584,41
1251739081,23
1251740335,27
1251756708,16
1251759892,74
1251760410,11
1251772458,118
1251775321,33
1251775733,12368
1251778861,24
1251792143,36
1251802067,179
1251802724,15
1251803584,15
1251813045,93
1251827172,13
1251829083,14
1251829476,13
1251845453,12
1251848854,38
1251849393,51
1251849873,51
1251875798,541
1251875808,23
1251884605,91
1251885652,56
1251890389,14
1251897393,1145
1251899628,30
1251903045,48
1251908803,114
1251910639,21
1251914525,64
1251915392,17
1251922807,254
1251925434,24
1251927617,29
1251929985,124
1251930408,13
1251934611,91
1251942561,48
1251952412,71
1251952732,18
1251953699,20
1251959042,11
1251971351,21
1251972814,206
1251976028,138
1251980172,78
1251985869,526
1252004011,103
1252004709,18
1252008320,60
1252018507,40
1252021413,16
1252023224,26
1252031757,26
1252036272,22
1252038744,18
1252041604,34
1252061412,80
1252069793,13
1252078364,54
1252079931,12
1252091728,17
1252094313,190
1252102710,66
1252117557,397
1252124728,99
1252126809,11
1252127170,64
1252128435,94
1252128712,18
1252129353,23
1252130548,58
1252131252,13
1252134250,43
1252136178,17
1252140935,11
1252147339,314
1252153392,43
1252154132,53
1252159801,59
1252163022,23
1252166840,166
1252169477,24
1252174335,220
1252175636,17
1252190566,15
1252192009,81
1252193482,63
1252196939,22
1252197860,21
1252198341,1037
1252200141,26
1252203843,20
1252211432,26
1252217827,118
1252218467,31
1252218508,44
1252237951,62
1252243502,32
1252244572,63
1252248426,34
1252252549,180
1252254864,15
1252255944,23
1252258448,746
1252263438,14
1252270191,37
1252273912,45
1252276246,74
1252291546,16
1252294823,1290
1252298988,15
1252302865,56
1252306996,2166
1252311044,73
1252321383,2886
1252323344,35
1252324680,13
1252329745,25
1252335022,14
1252338417,400
1252344029,11
1252346445,14
1252347222,53
1252349871,18
1252351219,33
1252352256,266
1252353845,21
1252355400,16
1252356934,397
1252369220,23
1252388266,29
1252390722,35
1252416155,142
1252416972,39
1252426483,19
1252427005,196
1252427337,37
1252430502,23
1252432466,1697
1252440552,12
1252450076,122
1252453520,48
1252460350,132
1252480275,18
1252489123,39
1252489441,15
1252504178,48
1252504826,13
1252509592,25
1252514339,15
1252529804,229
1252531427,23
1252551939,40
1252565065,122
1252604518,52
1252612897,18
1252614765,25
1252618883,39
1252640395,65
1252660578,17
1252663001,46
1252665712,318
1252674082,13
1252678407,12
1252683525,129
1252706328,10
1252708837,58
1252709482,100
1252714485,11
1252720351,22
1252742425,17
1252753056,144
1252762674,13
1252767968,64
1252769293,18
1252769537,57
1252770030,170
1252773170,172
1252781693,86
1252783246,24
1252786173,25
1252794477,21
1252795971,19
1252796495,46
1252800918,484
1252806653,45
1252807060,16
1252812411,14
1252814323,347
1252818966,25
1252834518,415
1252837596,46
1252849584,419
1252855223,14
1252855897,40
1252864153,11
1252865556,269
1252872258,17
1252873338,12
1252906447,280
1252912673,29
1252914174,1382
1252928482,21
1252928995,225
1252936604,29
1252944075,116
1252945188,17
1252947649,16
1252952191,13
1252952405,14
1252953230,23
1252954588,54
1252959382,13
1252977352,22
1252983492,114
1252984906,15
1253003051,17
1253009493,23
1253018855,19
1253018922,58
1253028636,94
1253029370,19
1253030135,36
1253030239,25
1253035764,15
1253043798,67
1253048130,339
1253051799,12
1253053983,32
1253058314,14
1253060190,11
1253073679,173
1253076510,61
1253087813,78
1253093667,19
1253094078,23
1253095831,14
1253096577,27
1253105062,17
1253106462,21
1253109536,19
1253136404,121
1253138201,10198
1253140411,14
1253142931,78
1253154385,18
1253159229,15
1253161184,25
1253161550,61
1253172163,104
1253173624,16
1253176060,13
1253177447,11
1253180911,33
1253183580,12
1253187784,508
1253188133,57
1253188625,27
1253189731,69
1253190467,621
1253192251,15
1253193912,46
1253196108,82
1253198907,43
1253202484,12
1253209585,24
1253215229,21
1253226365,13
1253229117,80
1253229410,55
1253236308,871
1253246843,107
1253255514,18
1253258627,43
1253263152,11
1253263363,20
1253264520,16
1253274530,462
1253276414,11
1253277329,47
1253282479,12
1253289046,26
1253291046,18
1253298475,42
1253298895,484
1253310633,23
1253315866,32
1253321907,13
1253325096,50
1253333823,19
1253338425,55
1253345584,14
1253355518,14
1253355909,25
1253360155,12
1253367871,37
1253380025,34
1253383646,31
1253395625,22
1253396714,63
1253399623,35
1253402092,69
1253404011,11
1253408150,17
1253408695,56
1253416463,216
1253425173,115
1253434460,35
1253437477,20
1253447693,13
1253468349,29
1253469197,281
1253472297,20
1253475617,104
1253485086,16
1253502725,19
1253504490,19
1253525979,536
1253530425,19
1253537209,11
1253541782,36
1253553116,29
1253557571,17
1253570680,23
1253581456,42
1253582840,22
1253595420,24
1253613039,14
1253615096,22
1253623979,21
1253656413,141
1253671303,95
1253675841,33
1253679657,42
1253681844,15
1253689538,24
1253690069,12
1253701314,73
1253701802,50
1253702844,564
1253707218,30
1253713483,39
1253720103,17
1253729367,32
1253736519,38
1253742875,35
1253751761,33
1253754548,16
1253767152,100
1253777615,23
1253792211,19
1253810861,494
1253811539,34
1253818087,482
1253828973,15
1253838600,59
1253848583,26
1253848998,43
1253854641,132
1253861590,37
1253884201,31
1253885183,12
1253890132,28
1253895982,25
1253897951,128
1253903395,35
1253909831,28
1253910734,108
1253910903,15
1253911241,22
1253931164,18
1253944538,15
1253949245,18
1253958043,65
1253958991,14
1253960983,54
1253965584,28
1253977740,298
1253986450,46
1253990739,12
1253998361,22
1253999202,34
1254012505,32
1254014703,28
1254015381,88
1254016797,38
1254019661,18
1254019975,35
1254024450,11
1254030784,12
1254034581,40
1254042671,226
1254048353,63
1254056681,151
1254057572,21
1254070081,18
1254079730,20
1254079995,12
1254082382,33
1254083542,16
1254084097,141
1254084271,204
1254094317,13
1254098980,144
1254102663,1628
1254109005,142
1254114247,27
1254116142,37
1254116963,18
1254121526,17
1254133915,215
1254138541,155
1254144254,21
1254144284,18
1254146279,13
1254147730,84
1254160123,35
1254169763,67
1254172144,311
1254179462,283
1254181310,37
1254184429,27
1254189492,68
1254212219,13
1254222212,12
1254225062,476
1254227775,14
1254236422,23
1254236704,11
1254241414,43
1254252644,402
1254255091,17
1254260949,47
1254262014,19
1254264635,120
1254275329,18
1254290765,1
1254297242,337
1254301562,20
1254302588,131
1254319847,17
1254330320,23
1254332563,49
1254334425,415
1254339935,35
1254363469,14
1254364909,12
1254373926,27
1254381594,36
1254384645,24
1254385987,46
1254390017,13
1254392393,14
1254398677,231
1254399477,14
1254401289,21
1254406160,106
1254411461,11
1254412545,12
1254416519,29
1254422214,52
1254431824,21
1254437167,39
1254441434,216
1254442158,76
1254446563,14
1254447437,27
1254452192,18
1254452787,40
1254464469,29
1254468871,128
1254470906,14
1254484582,11
1254485070,116
1254488786,305
1254493862,12
1254494310,24
1254494406,119
1254496741,148
1254511581,59
1254512342,19
1254513990,22
1254520394,30
1254524549,28
1254526494,78
1254527180,22
1254542861,64
1254550137,19
1254551153,13
1254554862,554
1254563196,16
1254564615,44
1254568308,17
1254581518,17
1254582918,435
1254583584,48
1254587174,14
1254611266,35
1254612542,64
1254621308,14
1254626919,11
1254628874,13
1254632152,16
1254639681,14
1254654777,15
1254670042,37
1254677146,51
1254677395,26
1254683579,12
1254686143,14
1254689754,75
1254690960,13
1254694129,41
1254695322,33
1254698689,16
1254705293,15
1254709505,34
1254709542,95
1254709546,97
1254723344,28
1254738596,131
1254747633,73
1254749434,796
1254762496,42
1254770962,125
1254781717,44
1254786830,18
1254791906,17
1254793224,14
1254796141,38
1254796279,35
1254797756,16
1254804097,109
1254806672,10
1254821193,114
1254821263,12
1254821702,36
1254822800,19
1254833122,65
1254835140,21
1254841524,19
1254842655,14
1254844644,53
1254852838,55
1254853575,69
1254855346,141
1254859692,38
1254862084,364
1254864393,42
1254883422,90
1254883580,27
1254883786,14
1254889363,423
1254897550,24
1254902423,45
1254907261,14
1254909527,326
1254916915,45
1254921178,69
1254922746,14
1254925678,17
1254927411,42
1254930923,195
1254933451,57
1254936535,70
1254957788,26
1254958761,21
1254962360,21
1254968049,15
1254975170,29
1254976532,14
1254978612,1528
1254979680,64
1254980620,12
1254981976,40
1254982293,28
1254988625,21
1254989944,23
1254994604,11
1254999058,73
1255000879,20
1255012792,20
1255014875,375
1255018965,220
1255019438,142
1255030433,142
1255035312,105
1255036494,39
1255040895,51
1255047944,17
1255048873,16
1255052395,25
1255053392,90
1255058993,40
1255066757,218
1255069527,1388
1255069809,28
1255083276,14
1255084016,249
1255096810,34
1255103576,24
1255106581,18
1255110293,22
1255112026,49
1255112574,46
1255122629,1021
1255122754,86
1255125268,39
1255126889,11
1255127941,42
1255129589,14
1255138122,113
1255139597,12
1255140163,24
1255141143,33
1255148136,56
1255156283,70
1255156294,13
1255160041,31
1255160069,45
1255163849,14
1255172001,82
1255180606,90897
1255182796,11
1255183845,88
1255184316,11
1255184385,45
1255204332,13
1255204944,170
1255207002,14
1255207455,23
1255214093,76
1255215630,63
1255216528,28
1255217938,6165
1255221654,187
1255225975,110
1255231979,95
1255237198,8503
1255240664,30
1255248708,34
1255251136,96
1255251478,303
1255252768,15
1255259812,21
1255262063,74
1255267904,568
1255281808,16
1255283013,12
1255291036,1099
1255291644,26
1255292571,16
1255294416,15
1255296887,72
1255298603,36
1255302592,13
1255305328,152
1255328803,402
1255337613,16
1255349692,34
1255351625,23
1255352255,32
1255359164,38
1255361346,48
1255370361,43
1255377268,12
1255388337,162
1255391825,184
1255396003,17
1255396262,18
1255399416,83
1255400304,29
1255412388,1372
1255435041,27
1255437855,27
1255452572,223
1255459277,109
1255466067,93
1255479245,218
1255480829,31
1255488822,20
1255497074,44
1255500482,30
1255508156,45
1255527317,205
1255529982,13
1255548448,17
1255563159,782
1255566884,23
1255580602,48
1255592467,26
1255596359,324
1255606208,35
1255607681,15
1255607931,31
1255610167,48
1255610635,16
1255619122,61
1255623257,101
1255626665,41
1255632247,26
1255635173,19
1255635278,15
1255635956,40
1255636103,21
1255642930,11
1255644879,119
1255645214,253
1255645993,95
1255649592,14
1255655571,20
1255658534,19
1255665358,162
1255672659,18
1255689883,301
1255695357,15
1255699364,22
1255701432,790
1255706921,68
1255708192,93
1255715568,110
1255715915,56
1255722057,70
1255725941,23
1255726496,16
1255729003,26
1255734079,669
1255735488,80
1255737222,490
1255738228,51
1255741629,36
1255741729,163
1255742924,256
1255753477,32
1255754715,12
1255764474,40
1255768549,888
1255775965,88
1255777137,21
1255779273,20
1255793570,17
1255794238,81
1255798421,18
1255800034,749
1255801447,67
1255809571,65
1255811098,29
1255814688,19
1255816229,15
1255817315,419
1255835429,59
1255839702,14
1255841045,285
1255841208,62
1255852666,1479
1255866572,296
1255868108,20
1255871614,305
1255875588,72
1255878092,61
1255884999,37
1255887695,21
1255894310,35
1255906464,19
1255926795,16
1255930302,155
1255931715,17
1255932242,46
1255934214,65
1255939006,18
1255939927,1037
1255952586,17
1255957684,279
1255959569,16
1255962608,15
1255964317,15
1255969968,12
1255977012,15
1255978057,41
1255987686,22
1256004106,22
1256004258,44
1256004591,14
1256006352,93
1256008414,12
1256010188,28
1256010196,42
1256013446,100
1256017052,14
1256019022,21
1256035393,206
1256044657,18
1256044850,25
1256057070,31
1256057097,29
1256061018,64
1256068437,30
1256070689,1978
1256075082,198
1256080504,1352
1256081410,27
1256082863,2627
1256087672,20
1256100909,16
1256101061,12
1256117847,39
1256129531,29
1256134563,20
1256135527,176
1256142741,17
1256150601,170
1256152082,22
1256152256,13
1256157003,25
1256158761,17
1256162488,11
1256168258,392
1256174716,18
1256203716,44
1256206719,15
1256210575,41
1256212160,33
1256225183,450
1256233184,92
1256245174,37
1256253725,16
1256254749,27
1256267364,54
1256270560,32
1256273336,23
1256283138,58
1256284456,37
1256294633,24
1256335459,150
1256339895,26
1256345172,45
1256353697,138
1256355630,28
1256362818,18
1256365721,11
1256369595,64
1256380956,17
1256381100,26
1256384533,27
1256386246,135
1256392208,26
1256393269,71
1256394332,23
1256394914,50
1256395974,25
1256397049,39
1256418773,15
1256421769,10
1256425092,12
1256429757,33
1256465772,24
1256469584,30
1256474162,24
1256477021,40
1256488150,15
1256488414,32
1256508800,17
1256525840,340
1256528164,32
1256532379,19
1256536129,22
1256556655,16
1256557633,39
1256569717,42
1256574820,25
1256594473,65
1256613417,1139
1256613854,55
1256614080,69
1256616890,448
1256622298,38
1256635590,16
1256663368,13
1256668848,89
1256674994,29
1256680367,29
1256685222,16
1256692328,25
1256694816,36
1256695612,14
1256697754,29
1256700912,148
1256706414,23
1256706847,381
1256707537,50
1256708592,309
1256719211,70
1256728599,2047
1256730629,45
1256746773,39
1256751458,13
1256753731,17
1256757375,133
1256762317,24
1256762495,71
1256766596,47
1256767131,28
1256791924,298
1256792998,39
1256796696,24
1256797384,35
1256810082,14
1256810886,27
1256811075,12
1256811827,16
1256814757,12
1256816449,49
1256826613,104
1256838837,20
1256853835,77
1256855764,145
1256859409,41
1256862575,24
1256866626,18
1256868358,1220
1256877966,18
1256880556,2
1256880560,22
1256881326,210
1256887864,74
1256896059,27
1256900649,19
1256905546,200
1256921461,11
1256921558,19
1256922648,21
1256922851,16
1256948073,21
1256948331,200
1256958861,12
1256960873,23
1256973124,58
1256980703,73
1256987455,30
1256989150,36
1256993124,26
1256996978,13
1256997541,163
1257001631,41
1257015437,16
1257021270,36
1257023848,37
1257026460,14
1257026582,30
1257026599,15
1257033404,23
1257035990,136
1257038971,16
1257049996,15
1257059092,14
1257064854,59
1257081095,39
1257081562,32
1257083638,45
1257084734,33
1257086995,23
1257097658,45
1257105253,812
1257115788,82
1257121594,160
1257135861,113
1257138628,15
1257142330,29
1257149881,69
1257150485,71
1257152532,22
1257154160,1095
1257164704,26
1257167310,32
1257168102,1000
1257168128,13
1257176278,14
1257179976,25
1257184348,88
1257184479,95
1257192156,18
1257196285,13
1257205393,35
1257218160,30
1257237972,101
1257238395,277
1257239130,35
1257245859,32
1257246331,16
1257256310,29
1257259287,70
1257260140,12
1257267571,10
1257272743,11
1257287847,41
1257302750,71
1257306325,451
1257311255,14
1257312136,22
1257325436,18
1257326665,142
1257334011,30
1257334909,16
1257336733,65
1257338172,89
1257339205,17
1257340523,19
1257340615,43
1257340967,25
1257342857,31
1257344450,39
1257347274,19
1257350653,19
1257356927,79
1257366746,76
1257374565,57
1257378383,92
1257395037,138
1257410408,26
1257412756,23
1257414614,39
1257430841,12
1257444227,15
1257461065,35
1257473218,29
1257475195,12
1257479175,30
1257488099,16
1257493303,16
1257495129,101
1257524396,376
1257527947,33
1257533120,40
1257533286,1458
1257534627,22
1257539780,30
1257543605,53
1257547794,26
1257551522,14
1257556156,22
1257558028,26
1257581672,5
1257591931,89
1257597917,12
1257605213,287
1257617514,21
1257643781,15
1257660639,69
1257661520,11
1257677012,14
1257685893,11
1257687200,237
1257696179,11
1257698938,39
1257701836,24
1257711769,38
1257717114,16
1257724435,50
1257729787,16
1257734455,39
1257735930,38
1257744257,118
1257751567,25
1257753186,21
1257759481,77
1257765230,63
1257766325,18
1257774704,55
1257781328,124
1257796544,18
1257798483,200
1257804050,14
1257804391,75
1257815288,35
1257821422,12
1257821888,15
1257823859,13
1257823911,14
1257825473,13
1257827184,22
1257838048,37
1257849583,19
1257849871,26
1257850224,22
1257850501,20
1257855543,21
1257858164,477
1257863403,11
1257867023,273
1257868723,54
1257869916,12
1257870136,19
1257870356,14
1257883885,45
1257889861,15
1257890423,15
1257891396,12
1257900040,32
1257908328,42
1257917139,17
1257921640,16
1257933595,218
1257939823,106
1257940229,13
1257947813,81
1257953142,511
1257953914,491
1257960486,13
1257970587,21
1257971581,491
1257979261,12
1257982213,71
1257983666,70
1257995739,12
1257997012,40
1258006305,105
1258007831,58
1258009125,17
1258023796,16
1258030732,89
1258031582,102
1258033438,28
1258038455,11
1258039718,19
1258047506,13
1258061785,21
1258061935,28
1258066808,109
1258071797,14
1258079443,11
1258091885,15
1258095431,14
1258106719,17
1258115712,15
1258121809,88
1258122081,55
1258124114,1
1258125843,59
1258127863,157
1258135570,31
1258139388,14
1258140778,51
1258140989,11
1258165990,15
1258166617,49
1258168862,186
1258176958,42
1258182956,25
1258189993,69
1258193405,10
1258200041,38
1258201451,36
1258203386,14
1258221473,458
1258225193,48
1258227143,24
1258228307,29
1258238626,30
1258242408,145
1258244355,15
1258244763,13
1258251268,206
1258259975,15
1258260539,18
1258262448,39
1258288849,11
1258299774,54
1258301311,3187
1258303369,16
1258305951,157
1258321488,46
1258332155,53
1258335228,111
1258337236,14
1258340670,102
1258346478,18
1258365577,17
1258367539,34
1258373802,139
1258375522,72
1258377532,39
1258378203,25
1258386431,243
1258390378,68
1258395429,77
1258401277,48
1258413847,477
1258428688,12
1258434033,12
1258435504,20
1258435606,21
1258439249,17
1258441232,21
1258456256,20
1258457725,94
1258459022,23
1258460717,46
1258464919,57
1258471673,21
1258473132,82
1258483266,23
1258496446,1492
1258499650,13
1258504422,53
1258504679,59
1258521451,9
1258556728,57
1258560454,21
1258588229,42
1258588698,29
1258597378,68
1258602218,39
1258613313,25
1258619550,15
1258621567,962
1258626648,18
1258644344,23
1258646291,1169
1258647960,16
1258649388,33
1258649428,37
1258649467,18
1258654823,25
1258661939,15
1258680088,12
1258702484,79
1258710790,73
1258728537,16
1258729729,16
1258739820,13
1258742941,219
1258744471,13
1258748958,63
1258757115,79
1258758594,12
1258763088,78
1258773748,12
1258786108,24
1258788077,842
1258788360,111
1258792464,95
1258812574,62
1258823740,50
1258829991,48
1258837516,11
1258857842,21
1258861605,32
1258862322,1086
1258868919,15
1258871740,11
1258875542,18
1258876319,25
1258891039,17
1258896369,15
1258907670,180
1258907996,17
1258915869,58
1258919692,2531
1258921750,294
1258926070,62
1258927530,30
1258929370,13
1258931275,18
1258932513,1468
1258942809,11
1258944375,190
1258957599,40
1258968157,21
1258973778,17
1258978313,196
1258992238,45
1258994637,531
1258994885,71
1258995114,16
1258998722,21
1259014725,13
1259018168,18
1259026412,879
1259028314,121
1259034115,21
1259034625,43
1259052145,96
1259056815,26
1259059236,16
1259061131,25
1259065572,19
1259075745,11
1259077622,14
1259083708,31
1259085213,53
1259085778,16
1259090179,49
1259107621,47
1259108546,35
1259108597,431
1259110872,12
1259117115,16
1259120931,26
1259131593,42
1259145252,18
1259147822,23
1259149438,17
1259159255,21
1259165014,24
1259171983,11
1259178633,12
1259181812,18
1259191407,16
1259194804,1372
1259201063,133
1259217090,36
1259217247,21
1259222060,14
1259223676,101
1259225551,13
1259231858,34
1259245856,28
1259249706,18
1259251906,23
1259254831,68
1259260853,51
1259275090,38
1259280063,42
1259281365,12
1259283484,11
1259286533,36
1259295666,22
1259300797,20
1259304417,34
1259308521,91
1259311205,90
1259327087,40
1259331899,57
1259335163,21
1259336125,45
1259343264,41
1259358860,14
1259362413,33
1259362713,21
1259369663,14
1259369963,34
1259384869,13
1259395084,135
1259398032,69
1259405859,111
1259415915,33
1259423904,30
1259425261,60
1259431541,78
1259457554,36
1259462203,28
1259474972,14
1259483683,254
1259485799,59
1259491562,17
1259494501,18
1259497581,16
1259507820,16
1259512035,21
1259522769,99
1259523153,28
1259526897,29
1259531690,15
1259533679,13
1259534208,35
1259537705,21
1259544911,18
1259550938,122
1259551693,16
1259564149,14
1259565283,179
1259588531,100
1259603732,51
1259603781,17
1259606129,69
1259608817,12
1259609252,17
1259624583,378
1259626350,54
1259628464,57
1259630883,78
1259638534,47
1259640335,15
1259655229,11
1259658765,23
1259659403,14
1259669851,12
1259670522,22
1259675906,359
1259703320,93
1259713623,91
1259719572,19
1259721870,23
1259728164,29
1259735963,14
1259737072,42
1259742577,443
1259782962,64
1259786302,19
1259790088,29
1259790639,31
1259803392,29
1259809062,13
1259836955,13
1259840866,15
1259850204,43
1259853056,18
1259872947,119
1259875534,2860
1259885475,497
1259888079,2750
1259891275,15
1259891941,17
1259893746,84
1259894246,14
1259894852,27
1259899975,20
1259900796,127
1259901407,16
1259915957,31
1259920741,79
1259923337,24
1259934942,20
1259939911,886
1259940171,36
1259951839,110
1259952460,121
1259964745,18
1259970025,36
1259976788,12
1259981261,23
1259988665,85
1260000827,67
1260025410,113
1260026035,214
1260029173,26
1260032978,20
1260035249,245
1260043445,226
1260049044,10
1260061766,20
1260073387,13
1260076099,19
1260076680,15
1260091716,22
1260098040,24
1260106056,58
1260110388,277
1260112833,285
1260113241,368
1260114957,21
1260115758,18
1260125959,509
1260131768,11
1260133945,35
1260136347,58
1260141196,81
1260143008,147
1260143846,97
1260146854,12
1260151185,13
1260155434,592
1260167177,27
1260169618,22
1260170265,104
1260175020,15
1260175350,61
1260177823,179
1260183528,48
1260184532,12
1260186676,95
1260187048,12
1260192602,28
1260198724,170
1260209364,42
1260225576,20
1260229560,102
1260233912,19
1260234472,22
1260239529,81
1260240113,142
1260242528,32
1260281911,62
1260281947,34
1260284940,42
1260286969,29
1260287864,35
1260288940,9489
1260298891,19
1260300565,15
1260302733,33
1260304654,10
1260306926,33
1260307676,80
1260309411,83
1260312412,13
1260314510,28
1260325992,47
1260337660,32
1260339805,14
1260339974,248
1260349072,26
1260349075,32
1260352704,40
1260356003,21
1260364763,12
1260372600,19
1260382821,48
1260384009,11
1260388212,22
1260391373,19
1260404909,18
1260405592,101
1260411304,169
1260413335,11
1260429066,19
1260433115,20
1260436039,144
1260441486,45
1260450908,22
1260453112,34
1260465380,19
1260467366,299
1260467916,13
1260468060,207
1260470095,12
1260473040,76
1260475954,115
1260487799,48
1260489286,117
1260489444,517
1260493005,15
1260508753,20
1260548655,94
1260550899,96
1260565605,21
1260566313,29
1260566992,169
1260567504,11
1260570042,16
1260570912,43
1260580223,611
1260580731,253
1260581968,38
1260583277,33
1260584015,91
1260592293,28
1260619539,21
1260625224,609
1260633111,15
1260635669,158
1260638111,13
1260650150,52
1260651471,36
1260654077,11
1260672618,39
1260673375,11
1260680138,51
1260684528,69
1260690154,14
1260694049,18
1260694570,16
1260698041,70
1260703456,12
1260705693,13
1260719601,29
1260738363,15
1260747208,30
1260767408,15
1260777109,1308
1260782172,137
1260783987,93
1260784883,28
1260785845,12
1260790246,21
1260802641,35
1260808534,13
1260815573,12
1260820152,41
1260826634,18
1260829862,14
1260833141,17
1260842109,25
1260858945,18
1260865601,15
1260868321,46
1260881431,22
1260888121,23
1260889371,69
1260898583,28
1260900484,509
1260900514,187
1260902344,11
1260912258,12
1260912552,69
1260914994,77
1260915817,11
1260923039,19
1260930181,140
1260932128,12
1260932922,22
1260940877,258
1260946467,15
1260962896,3837
1260970028,23
1260971370,17
1260981282,11
1260988400,24
1260989566,35
1260990730,50
1260991622,17
1260993476,24
1260994505,19
1260997792,77
1261004744,70
1261005717,72
1261048001,15
1261050605,13
1261050660,18
1261053236,27
1261053712,160
1261057454,31
1261060989,303
1261065819,11
1261075496,28
1261077889,30
1261080024,341
1261091524,17
1261092598,73
1261094281,15
1261102385,18
1261108675,31
1261109384,20
1261114908,264
1261127156,113
1261130089,165
1261131444,20
1261131489,13
1261137992,18
1261139783,25
1261140727,12
1261142701,213
1261142966,12
1261149834,39
1261151781,9
1261151796,11
1261155086,45
1261156607,143
1261156675,49
1261170027,2404
1261174510,38
1261181445,145
1261184716,39
1261189730,25
1261192484,25
1261197405,20
1261197598,38
1261200106,15
1261202186,22
1261204838,357
1261206045,104
1261208315,47
1261209334,30
1261212474,13
1261212938,39
1261214597,15
1261215810,18
1261220798,29
1261222285,12
1261223819,35
1261239100,20
1261240895,15
1261244719,45
1261248738,13
1261250729,17
1261261480,57
1261263626,16
1261264826,20
1261279210,117
1261283764,11
1261291781,47
1261299715,71
1261303294,36
1261308038,14
1261314451,15
1261322128,15
1261322254,23
1261325025,120
1261328849,49
1261335744,309
1261340483,268
1261350061,11
1261352043,25
1261359560,18
1261359773,26
1261361358,17
1261365430,57
1261405199,14
1261418565,27
1261422007,1259
1261435181,21
1261444857,62
1261460894,19
1261465639,16
1261465806,27
1261473759,38
1261473844,13
1261477736,18
1261482517,47
1261484186,32
1261489081,14
1261494515,35
1261496045,19
1261510276,23
1261519189,80
1261529607,78
1261539572,66
1261555327,407
1261560612,21
1261571908,3238
1261575325,105
1261602522,80
1261605201,98
1261606904,28
1261607128,14
1261613239,156
1261618066,14
1261618291,48
1261620020,14
1261637596,43
1261650101,4256
1261653673,15
1261655419,33
1261655913,15
1261663145,6657
1261666359,19
1261668478,18
1261676533,20
1261677886,102
1261689486,12
1261690469,137
1261692450,14
1261696687,28
1261696801,13
1261698932,58
1261699679,12
1261700124,33
1261705376,43
1261706872,13
1261709082,54
1261711686,27
1261717201,263
1261718567,11
1261720977,214
1261721161,22
1261725242,640
1261729018,56
1261729176,30
1261729403,20
1261742826,23
1261746086,5
1261760482,61
1261761574,29
1261773273,89
1261784190,35
1261784901,16
1261794704,438
1261795590,23
1261798970,67
1261810128,37
1261811848,24
1261814068,124
1261819007,22
1261822543,24
1261825338,16
1261836074,69
1261842465,20
1261846836,18
1261851971,20
1261859183,339
1261861097,319
1261864097,50
1261865368,19
1261867321,25
1261880172,277
1261880471,132
1261882969,12
1261887193,26
1261891241,21
1261893837,34
1261899136,75
1261904654,29
1261912889,21
1261923892,24
1261925930,19
1261930573,15
1261934811,22
1261938453,101
1261952114,29
1261953460,17
1261958143,175
1261964579,19
1261966474,270
1261968483,31
1261974266,15
1261976132,79
1261979582,31
1262010385,13
1262011244,36
1262011420,63
1262011534,35
1262018067,46
1262031046,63
1262031874,28
1262033876,13
1262034051,458
1262034091,28
1262038960,28
1262042046,381
1262044132,17
1262047253,12
1262061170,18
1262078510,48
1262089852,21
1262093995,70
1262094216,41
1262097785,160
1262099015,15
1262104463,65
1262106658,16
1262108086,3
1262110699,907
1262113622,16
1262139429,15
1262142501,2044
1262161485,11
1262183719,364
1262195134,14
1262210750,51
1262210755,49
1262212892,555
1262217859,40
1262231970,32
1262250380,73
1262251616,17
1262252186,11
1262253113,16
1262255990,55
1262256174,101
1262258494,16
1262260844,12
1262261093,1126
1262266624,20
1262267135,68
1262270573,12
1262274066,12
1262281052,25
1262299207,14
1262299325,92
1262300001,15
1262310226,39
1262318402,38
1262328297,62
1262331855,18
1262337797,37
1262338410,74
1262354720,12
1262377838,93
1262391566,41
1262392277,14
1262396222,83
1262403617,45
1262413069,11
1262423362,416
1262434101,573
1262438199,78
1262438610,22
1262454502,32
1262477291,43
1262482595,75
1262483844,12
1262485265,50
1262486604,13
1262490703,88
1262495435,554
1262500406,41
1262511183,11
1262517316,197
1262527142,17
1262530176,32
1262530182,2174
1262536690,184
1262548615,16
1262553817,41
1262554977,21
1262557450,26
1262558565,18
1262560274,14
1262564274,15
1262587110,65
1262587286,24
1262594832,15
1262595831,199
1262600318,12
1262600346,35
1262600576,89
1262603912,564
1262605827,34
1262614973,18
1262617470,16
1262628565,26
1262635330,144
1262641073,46
1262642235,50
1262652828,23
1262654935,11
1262656442,94
1262657910,23
1262668020,38
1262679022,32
1262682069,1082
1262710034,65
1262714152,213
1262717434,14
1262730329,13
1262738818,28
1262739704,32
1262740944,1190
1262741170,33
1262748595,17
1262754474,22
1262756007,96
1262758480,32
1262762432,98
1262769725,652
1262775896,31
1262784746,15
1262806794,25
1262808460,44
1262809285,17
1262812820,19
1262816915,126
1262819626,114
1262824066,12
1262824399,81
1262834835,17
1262842296,128
1262860046,32
1262870924,43
1262879903,46
1262882328,656
1262885509,13
1262885515,50
1262887634,11
1262889313,15
1262898434,20
1262899385,16
1262913668,65
1262915424,14
1262934014,37
1262940334,82
1262948105,373
1262952180,769
1262957623,23
1262968414,17
1262971603,15
1262979985,21
1262984601,15
1262989602,20
1262995777,12
1262995939,13
1262996076,13
1262996245,15
1263001383,12
1263011041,20
1263022587,50
1263026652,20
1263027923,11
1263038771,28
1263041093,100
1263045874,33
1263051452,50
1263054292,68
1263055981,19
1263062246,14
1263066411,34
1263067524,12
1263074604,217
1263076167,238
1263079727,502
1263083568,44
1263086677,41
1263098427,148
1263108759,153
1263114987,15
1263120928,53
1263123553,27
1263145127,34
1263145338,42
1263158313,977
1263161226,40
1263168455,61
1263169627,20
1263174131,45
1263190780,102
1263192350,18
1263192944,26
1263193615,14
1263201769,27
1263206805,16
1263210473,26
1263212116,21
1263215731,33
1263217954,86
1263220935,62
1263288598,44
1263306054,15
1263317286,349
1263337356,27
1263337741,336
1263341555,11
1263344910,76
1263346715,10
1263354297,19
1263376372,36
1263378972,56
1263389919,14
1263394947,19
1263436794,96
1263449296,68
1263460757,18
1263461743,213
1263468392,11
1263469068,15
1263471882,1
1263472198,24
1263477177,17
1263494511,20
1263494700,1560
1263497845,4066
1263498017,322
1263500923,45
1263503017,16
1263513016,70
1263518116,125
1263518262,15
1263519874,103
1263529852,37
1263530988,33
1263539330,34
1263542587,13
1263543625,900
1263543726,1186
1263544262,28
1263548429,22
1263549136,1253
1263549539,40
1263578760,17
1263579149,13
1263586501,38
1263614411,13
1263642416,568
1263646405,14
1263652392,153
1263662092,134
1263669308,29
1263676410,18
1263679455,18
1263681437,1055
1263681504,795
1263682572,16
1263686288,23
1263686305,36
1263688817,20
1263689280,14
1263694034,118
1263696450,30
1263697745,30
1263706509,12
1263727392,25
1263731684,168
1263731718,41
1263732150,30
1263734978,63
1263739043,337
1263740445,14
1263745780,22
1263748076,52
1263748925,493
1263753253,15
1263772632,106
1263773312,89
1263778230,57
1263778677,19
1263784022,14
1263790057,15
1263797030,25
1263797851,136
1263800852,113
1263813947,130
1263814983,15
1263815266,21
1263817105,31
1263820590,209
1263821454,15
1263826844,48
1263836633,19
1263837722,67
1263839399,42
1263841182,39
1263845975,170
1263853624,37
1263858338,22
1263864208,66
1263877714,12
1263881930,25
1263883524,17
1263886339,61
1263886755,416
1263888224,18
1263898766,66
1263900228,13
1263936864,86
1263948467,16
1263951106,177
1263954351,13
1263958197,61
1263958714,34
1263959494,12
1263961048,43
1263966659,19
1263993269,118
1264002437,24
1264006420,14
1264015326,77
1264021866,20
1264023481,1050
1264023857,23
1264026813,14
1264037739,13
1264038598,369
1264044496,103
1264045527,28
1264046956,42
1264058170,12
1264058297,159
1264059987,15
1264065724,90
1264067820,22
1264068873,87
1264069918,28
1264088844,469
1264094531,27
1264095869,14
1264097318,26
1264101293,26
1264105561,35
1264117145,16
1264118847,23
1264121778,21
1264122570,74
1264123054,534
1264142220,30
1264147349,22
1264148819,11
1264150994,92
1264155972,127
1264161723,144
1264162018,65
1264170342,60
1264175252,309
1264177851,12
1264187422,54
1264193645,14
1264203334,25
1264208997,22
1264221238,17
1264222628,2143
1264223799,203
1264227384,34
1264238884,18
1264239018,60
1264245933,60
1264252157,15
1264252189,15
1264253788,18
1264263123,18
1264268237,85
1264268579,71
1264269844,219
1264272407,11
1264280082,29
1264283513,23
1264286435,155
1264288688,11
1264297712,146
1264301794,15
1264302819,66
1264305693,60
1264338985,18
1264341415,17
1264362107,44
1264364812,12
1264366272,16
1264370356,12
1264379603,54
1264383051,11
1264391795,12
1264396304,8166
1264401689,196
1264403672,13
1264405172,136
1264405655,67
1264411005,68
1264412951,85
1264422246,17
1264424593,14
1264424867,12
1264430711,53
1264434310,147
1264436461,17
1264438111,19
1264438885,17
1264452592,17
1264458399,46
1264465126,42
1264471869,13
1264478656,3545
1264490258,11
1264515363,17
1264518139,21
1264520874,26
1264529761,29
1264531337,1021
1264540632,21
1264542642,62
1264550876,24
1264556564,30
1264560911,793
1264560983,48
1264569353,13
1264576033,18
1264586206,21
1264596339,24
1264598061,16
1264604347,106
1264606715,14
1264607329,14
1264611792,14
1264612845,25
1264613111,18
1264614857,20
1264615549,30
1264618288,45
1264620024,59
1264624316,27
1264640680,13
1264644535,11
1264645343,53
1264647440,15
1264648433,105
1264648449,85
1264660523,32
1264663828,139
1264663877,13
1264666096,12
1264669104,18
1264680063,43
1264683354,405
1264690159,25
1264690543,65
1264692184,453
1264718849,31
1264733604,23
1264733813,56
1264735145,16
1264745201,61
1264753245,24
1264759254,20
1264771182,14
1264779904,20
1264782053,12
1264784142,20
1264785723,57
1264802477,17
1264805127,22
1264807434,27
1264807581,14
1264811161,9179
1264811391,82
1264825687,52
1264829799,17
1264831383,37
1264849705,32
1264854400,17
1264856509,26
1264860429,55
1264860668,11
1264866499,16
1264875310,58
1264888983,19
1264890026,13
1264894695,18
1264895666,16
1264902224,42
1264913325,10
1264916063,173
1264920090,212
1264920217,60
1264921302,46
1264921402,30
1264922986,59
1264929973,74
1264933240,14
1264936952,402
1264938021,61
1264938089,38
1264943577,11
1264957685,234
1264957878,11
1264959229,46
1264963292,17
1264981155,22
1264985151,14
1264985458,32
1264996101,12
1264996910,14
1264999260,14
1265011796,32
1265013383,175
1265017606,89
1265020374,19
1265021119,490
1265025028,13602
1265025158,77
1265026514,26
1265028171,11
1265036022,13
1265043857,12
1265046112,44
1265056200,26
1265072174,37
1265073177,13
1265076401,49
1265085160,12
1265089119,15
1265091045,12
1265095054,34
1265095394,41
1265107923,2188
1265111888,46
1265113238,24
1265119157,66
1265120239,69
1265124479,114
1265127985,13
1265140422,11
1265149208,13
1265149787,12
1265150079,14
1265154925,16
1265157889,15
1265160955,35
1265161025,14
1265161922,157
1265165485,15
1265166906,13
1265168957,14
1265169717,162
1265170158,36
1265177654,113
1265183354,12
1265191090,18
1265199841,17
1265200861,110
1265202284,33
1265216452,17
1265222064,20
1265228611,34
1265228655,45
1265234733,1350
1265234847,11
1265247790,11
1265248423,13
1265255507,25
1265258509,424
1265259508,21
1265260024,79
1265260318,34
1265264803,15
1265265111,4524
1265269341,15
1265274127,175
1265280126,13
1265280546,13
1265299631,17
1265300288,23
1265306963,17
1265336929,11
1265340208,27
1265345247,44
1265351140,15
1265355600,23
1265358918,19
1265366583,37
1265366905,34
1265372116,17
1265380989,217
1265381448,7
1265390757,29
1265394997,17
1265406948,39
1265408665,98
1265410918,19
1265413617,185
1265422646,12
1265441951,20
1265442909,13
1265446242,56
1265454162,27
1265458126,138
1265459672,13
1265476791,84
1265478249,43
1265494008,41
1265513304,184
1265549794,35
1265552536,14
1265555134,65
1265567769,17
1265583422,19
1265594654,30
1265600028,23
1265603499,44
1265610112,18
1265617033,527
1265617292,436
1265620021,264
1265623659,16
1265629109,72
1265629271,19
1265640275,38
1265640685,23
1265641153,100
1265646959,12
1265649420,34
1265650482,60
1265654867,1575
1265655524,12
1265659832,53
1265662960,215
1265675383,27
1265683445,52
1265685978,20
1265695368,22
1265695680,18
1265703051,30
1265726242,22
1265726822,13
1265733673,15
1265735397,11
1265742513,327
1265744392,44
1265752395,51
1265752712,31
1265767849,11
1265768013,53
1265768300,39
1265768701,25
1265772310,12
1265774025,615
1265789540,12
1265794277,37
1265794381,20
1265796764,25
1265803168,28
1265804183,26
1265821429,61
1265826291,15
1265832843,121
1265832968,25
1265834793,10
1265843504,15
1265846354,19
1265847669,17
1265853198,713
1265862055,12
1265864287,12
1265865407,86
1265879849,53
1265890989,61
1265896849,23
1265902239,18
1265908792,18
1265908861,502
1265911625,49
1265912071,13
1265932691,36
1265939134,84
1265941363,72
1265942254,25
1265946810,37
1265947881,1173
1265948491,254
1265949807,12
1265954180,11
1265958257,38
1265958906,33
1265971949,37
1265972336,17
1265976488,115
1265987986,120
1265994178,27
1266004872,198
1266008323,36
1266009367,957
1266014461,70
1266014997,14
1266020574,75
1266030785,129
1266036898,16
1266037990,428
1266067414,296
1266068908,5
1266075015,35
1266076577,19
1266079353,24
1266080079,30
1266094931,33
1266097798,57
1266105075,15
1266107778,31
1266108902,20
1266113070,1944
1266123542,53
1266125334,4077
1266138495,208
1266146028,196
1266151452,89
1266152452,174
1266155997,518
1266166969,26
1266168156,25
1266173329,21
1266177587,113
1266182461,62
1266183832,23
1266193115,60
1266197764,86
1266201499,25
1266217708,20
1266218243,105
1266219046,56
1266246431,19
1266247085,226
1266255540,24
1266261363,12
1266263075,84
1266264841,17
1266267072,174
1266270458,22
1266275254,20
1266275329,14
1266283205,68
1266290680,96
1266293233,89
1266296455,50
1266304094,72
1266305677,58
1266307899,12
1266313328,474
1266318994,14
1266321081,65
1266333761,33
1266345305,30
1266352518,16
1266362977,24
1266363275,1512
1266368115,14
1266381087,13
1266395583,12
1266401430,12
1266419325,17
1266423377,16
1266424270,26
1266430207,20
1266436077,15
1266436116,17
1266437081,17
1266438067,38
1266440942,17
1266450666,81
1266454367,182
1266456576,15
1266457355,13
1266457957,23
1266458733,83
1266461783,54
1266463689,2918
1266468011,18
1266480247,32
1266483577,11
1266497775,104
1266505535,22
1266506220,11
1266523269,40
1266529660,124
1266530655,17
1266531956,27
1266539703,48
1266545941,15
1266546849,24
1266560001,740
1266580006,14
1266585104,41
1266590423,35
1266592247,124
1266593507,34
1266608079,39
1266611505,276
1266625409,236
1266634415,38
1266640182,83
1266642244,125
1266654184,12
1266665369,65
1266668632,50
1266670693,19
1266681147,135
1266683229,30
1266693943,12
1266695553,5508
1266705384,51
1266714706,14
1266719940,33
1266729582,30
1266739973,12
1266743317,37
1266746400,17
1266753238,31
1266760430,132
1266761189,26
1266762935,20
1266770885,11
1266772424,11
1266775877,69
1266776491,32
1266778001,100
1266782242,22
1266785962,79
1266790372,233
1266795001,34
1266796019,117
1266797999,156460
1266799249,28
1266802954,125
1266805842,72
1266808913,697
1266820242,26
1266824049,13
1266827888,17
1266831814,27
1266832724,15
1266839845,14
1266843215,196
1266844941,18
1266849821,48
1266850827,97
1266851101,11
1266853656,19
1266858242,208
1266858928,25
1266864281,16
1266878159,18
1266880481,38
1266882364,13
1266884317,7591
1266886046,36
1266892708,23
1266896323,23
1266898778,30
1266901413,182
1266904606,15
1266907450,36
1266907948,11
1266909505,480
1266923310,2386
1266925060,10
1266929218,14
1266933346,20
1266936628,12
1266944077,45
1266944346,11
1266947843,181
1266951007,44
1266955308,13
1266966338,22
1266973328,46
1266974941,24
1266977227,396
1266992634,25
1266996737,42
1267009695,41
1267009899,15
1267012844,17
1267014036,15
1267017585,50
1267017690,29
1267028123,312
1267029128,21
1267030790,25
1267040436,20
1267046936,385
1267052097,56
1267058532,46
1267072080,64
1267072834,27
1267077321,111
1267078448,548
1267078922,48
1267080179,20
1267083417,110
1267084166,153
1267090854,40
1267099925,64
1267101716,12
1267106080,221
1267118279,14
1267128082,29
1267132878,20
1267144335,19
1267145484,6457
1267148249,100
1267148586,76
1267150356,16
1267150781,18
1267154008,16
1267166322,16
1267167585,34
1267173419,26
1267178198,45
1267180193,14
1267182294,78
1267187136,84
1267188301,22
1267202750,428
1267206817,13
1267213347,23
1267216518,84
1267217182,29
1267220319,14
1267223777,43
1267239286,514
1267244789,17
1267248648,482
1267248700,81
1267252704,12
1267254468,81
1267270491,13
1267276935,13
1267282504,14
1267298105,47
1267298120,11
1267304221,39
1267309954,116
1267312772,18
1267314128,3793
1267319628,19
1267338478,40
1267344807,38
1267357812,11
1267360768,30
1267361485,80
1267365780,32
1267373650,28
1267377090,19
1267377766,33
1267389846,11
1267403310,20
1267418242,31
1267423357,448
1267428350,16
1267429913,13
1267435922,15
1267439901,279
1267440487,112
1267442156,10
1267442907,3166
1267449244,11
1267450139,250
1267455254,650
1267462292,73
1267462567,14
1267463135,15
1267478123,21
1267478667,31
1267489981,29
1267507562,32
1267509865,16
1267512077,13
1267515210,40
1267521793,384
1267532788,14
1267533614,34
1267545742,27
1267555704,168
1267562469,16
1267562753,166
1267567867,22
1267578193,16
1267588585,94
1267600247,49
1267606837,207
1267616623,35
1267625134,199
1267637633,12
1267640232,13
1267646326,42
1267646599,12
1267661626,59
1267662028,51
1267668301,11
1267683663,12
1267704664,65
1267714460,23
1267719513,20
1267720524,21
1267720559,36
1267720676,21
1267727027,53
1267734925,79
1267746149,31
1267750281,58
1267781357,13
1267787384,23
1267787802,16
1267790126,18
1267797347,1087
1267812693,78
1267822597,12
1267827423,16
1267834136,46
1267848511,18
1267857912,22
1267889604,24
1267895449,37
1267899050,469
1267903052,21
1267906132,70
1267909940,28
1267926509,19
1267927082,26
1267930758,27
1267931387,572
1267931785,14
1267935053,10
1267944239,10
1267944654,27
1267945395,17
1267950292,20
1267950499,157
1267950642,23
1267961072,196
1267962106,34
1267972630,156
1267976178,30
1267976639,39
1267982346,876
1268020132,13
1268021255,142
1268021332,117
1268021824,20
1268025800,195
1268031240,24
1268045022,17
1268051861,67
1268057341,15
1268065859,18
1268068714,871
1268072868,105
1268075935,28
1268090860,191
1268095849,14
1268097411,35
1268100973,32
1268111504,20
1268119910,31
1268123137,22
1268128556,27
1268145375,15
1268146725,20
1268147774,11
1268155691,18
1268160811,82
1268173217,19
1268173783,10
1268176994,37
1268180661,16
1268200064,81
1268215445,13
1268217254,1030
1268218773,22
1268223330,21
1268228289,138
1268229382,33
1268235796,122
1268241706,120
1268243176,82
1268244339,35
1268252819,50
1268254997,25
1268256719,22
1268259442,34
1268260801,17
1268261820,32
1268267248,59
1268273877,397
1268282048,25
1268284228,67
1268285891,34
1268297030,13
1268298108,14
1268302580,63
1268304499,25
1268305959,42
1268306885,16
1268307016,49
1268316117,86
1268320248,14
1268321546,228
1268326291,14
1268327597,41
1268338780,199
1268339291,11
1268346928,31
1268364062,35
1268366562,24
1268369209,37
1268376366,51
1268377717,15
1268378017,71
1268380621,12
1268384113,28
1268386632,15
1268387367,1
1268391007,13
1268404512,58
1268405286,20
1268406038,16
1268408332,80
1268421611,38
1268424426,192
1268425637,24
1268428452,18
1268432027,5
1268457437,37
1268457645,13
1268462466,11
1268462870,17
1268473439,113
1268474534,33
1268484853,141
1268486256,17
1268494008,112
1268505810,42
1268515356,15
1268517555,13
1268523178,75
1268529281,23
1268530428,19
1268537589,63
1268539305,646
1268540986,27
1268544206,79
1268549091,43
1268581486,24
1268587146,83
1268591043,88
1268596025,32
1268617925,75
1268620423,29
1268630414,79
1268630774,23
1268654983,14
1268656356,85
1268661539,24
1268664934,29
1268667810,72
1268672542,17
1268677373,43
1268678092,21
1268708084,337
1268720033,11
1268727777,16
1268729667,18
1268740212,6
1268741294,57
1268748148,25
1268765496,37
1268770925,17
1268774372,470
1268794733,331
1268804183,77
1268807064,34
1268807806,175
1268808203,179
1268810268,60
1268824522,15
1268827480,36
1268830527,186
1268836911,12
1268845710,20
1268846699,23
1268846873,21
1268858784,21
1268862613,29
1268869032,31
1268875649,15
1268878256,44
1268892689,35
1268895491,2439
1268896031,13
1268896186,16
1268903356,581
1268906765,82
1268907748,12
1268930297,87
1268932733,17
1268939819,29
1268941272,24
1268946099,13
1268946118,894
1268958229,71
1268963701,25
1268966319,17
1268972487,21
1268972829,13
1268973671,12
1268974189,12
1268977356,18
1268979227,35
1268985285,18
1268989271,11
1268993278,22
1268993344,11
1269005241,228
1269006706,18
1269010756,73
1269020094,47
1269022523,18
1269023104,13
1269029221,56
1269032936,27
1269049395,21
1269050856,541
1269057665,255
1269059109,37
1269086623,14
1269099967,203
1269100267,73
1269104023,13
1269107814,64
1269122407,186
1269122597,13
1269124956,2314
1269129148,16
1269132133,70
1269137789,26
1269151536,15
1269151566,407
1269165011,155
1269179412,10
1269183188,11
1269197140,21
1269200759,12
1269208043,235
1269209167,14
1269210627,20
1269223576,12
1269228279,24
1269229845,438
1269238642,46
1269257700,1285
1269258933,22
1269261013,187
1269263114,18
1269266325,145
1269273642,36
1269277076,34
1269296186,11
1269300580,40
1269301416,61
1269305481,36
1269308901,81
1269308923,284
1269316020,33
1269317272,25
1269320827,84
1269322853,12
1269323448,16
1269335663,31
1269337275,60
1269356920,15
1269359249,35
1269391765,58
1269395331,5195
1269397720,17
1269402869,265
1269413789,12
1269427595,13
1269430114,12
1269436738,41
1269448154,12
1269454372,78
1269464080,21
1269478615,105
1269481044,11
1269491088,87
1269497012,19
1269498525,35
1269509505,20
1269513219,16
1269513884,25
1269518652,30
1269521952,101
1269534849,46
1269535242,17
1269535454,19
1269538790,16
1269544321,21
1269563679,357
1269576216,11
1269579327,20
1269585871,14
1269596073,23
1269603321,1123
1269605251,21
1269607964,16
1269608035,14
1269622457,124
1269636659,12
1269641096,23
1269651669,17
1269654289,20
1269661723,500
1269665456,13
1269672979,6
1269676154,12
1269682523,16
1269685084,50
1269685946,34
1269692569,67
1269699648,30
1269704533,49
1269704985,19
1269705487,181
1269705763,17
1269711675,17
1269712221,65
1269712792,28
1269717058,39
1269726690,19
1269731710,225
1269742116,15
1269742942,24
1269761117,4
1269761412,40
1269764931,13
1269764950,27
1269772976,84
1269773027,19
1269773493,470
1269794052,55
1269795544,33
1269796292,16
1269796643,121
1269797017,26
1269798156,27
1269807645,224
1269811254,14
1269812178,84
1269830694,86
1269840257,132
1269850088,85
1269851180,141
1269858379,54
1269860633,35
1269879098,14
1269891133,50
1269893474,54
1269893717,100
1269895056,33
1269898828,65
1269899136,90
1269900226,51
1269903646,51
1269904726,57
1269907862,91
1269908217,89
1269909458,24
1269909482,28
1269910083,19
1269921100,87
1269924345,18
1269930651,468
1269931032,15
1269942268,30
1269954733,33
1269957268,20
1269957437,17
1269963508,27
1269969239,18
1269972053,19
1269974484,52
1269979871,140
1269985986,81
1269998378,83
1270000366,59
1270003572,13
1270004247,24
1270012613,27
1270026896,15
1270027424,39
1270028045,39
1270030551,48
1270031391,261
1270040330,19
1270048721,368
1270059391,12
1270062694,50
1270066109,45
1270083345,17
1270088902,173
1270094853,109
1270096568,18
1270102475,24
1270102733,11
1270103958,19
1270108133,127
1270111515,23
1270112941,49
1270113847,119
1270117218,20
1270118026,84
1270118408,22
1270123573,20
1270124813,61
1270128259,145
1270140510,34
1270142210,94
1270146800,72
1270152181,69
1270153043,59
1270154954,27
1270166508,12
1270167990,30
1270169087,90
1270172711,46
1270173407,24
1270180210,27
1270184478,12
1270184812,19
1270186926,41
1270187094,406
1270197597,21
1270198684,294
1270203332,22
1270211498,42
1270212749,46
1270220481,15
1270236264,34
1270236733,225
1270236820,13
1270237967,20
1270238490,13
1270244429,367
1270247558,23
1270257672,16
1270263072,12
1270263798,50
1270272670,1432
1270272683,102
1270278702,13
1270281105,28
1270305651,47
1270311793,16
1270317534,17
1270319627,35
1270319876,36
1270324476,26
1270330893,41
1270335342,14
1270335537,42
1270337939,43
1270347090,41
1270349001,24
1270350192,60
1270353108,12
1270359331,18
1270376159,23
1270386613,32
1270404590,21
1270418354,29
1270436690,43
1270450973,12
1270452141,89
1270460555,21
1270463364,54
1270463426,19
1270467991,15
1270468007,29
1270479467,19
1270483699,22
1270484383,134
1270496550,820
1270509498,63
1270509963,16
1270519493,146
1270526561,13
1270527799,15
1270530485,9
1270535333,25
1270541126,12
1270544596,31
1270552867,27
1270559321,779
1270564245,14
1270564595,35
1270566770,166
1270568813,247
1270572078,32
1270575067,45
1270576590,542
1270577393,15
1270581909,16
1270586785,24
1270587915,458
1270593506,23
1270606117,12
1270639637,18
1270650562,21
1270650592,22
1270652457,24
1270654341,14
1270658081,26
1270661532,461
1270662452,22
1270664730,27
1270665247,14
1270670825,53
1270685284,10
1270706314,348
1270716345,16
1270727384,9
1270735113,53
1270743726,30
1270745915,12
1270750877,14
1270754807,18
1270774188,15
1270775324,56
1270776668,19
1270782426,23
1270784327,23
1270787191,259
1270792738,15
1270794083,31
1270799590,24
1270807583,13
1270812122,121
1270812624,2354
1270814918,163
1270817407,100
1270821261,79
1270823576,44
1270825267,27
1270826520,20
1270841510,13
1270842103,60
1270847012,145
1270861544,12
1270865398,13
1270885645,17
1270885892,27
1270895778,46
1270895993,46
1270897577,26
1270897615,22
1270902730,32
1270928799,20
1270932665,41
1270935022,19
1270939570,58
1270941393,181
1270942565,22
1270943597,34
1270949520,46
1270949711,30
1270951308,14
1270953767,16
1270958539,40
1270962783,16
1270969099,11
1270973004,62
1270976337,14
1270978050,19
1270983350,508
1270984756,267
1270985920,27
1270993620,64
1270995833,45
1271006086,19
1271007640,14
1271008243,428
1271014683,12
1271016135,155
1271020715,23
1271020926,27
1271029803,56
1271029976,55
1271033656,29
1271035445,11
1271036184,34
1271041937,15
1271058140,21
1271060545,12
1271063452,157
1271074237,100
1271074936,146
1271076630,41
1271088386,25
1271092274,15
1271093776,29
1271096888,18
1271107543,14
1271113810,5470
1271125689,65
1271151089,209
1271153363,35
1271159623,125
1271174023,58
1271177245,19
1271179812,89
1271186753,145
1271193598,28
1271197200,56
1271199377,42
1271203484,85
1271209041,18
1271231125,13
1271237172,15
1271245542,14
1271259982,22
1271263310,11
1271267166,229
1271268769,14
1271270944,70
1271273008,155
1271274665,27
1271282024,21
1271286007,13
1271291502,12
1271294554,14
1271297528,123
1271304238,90
1271314492,19
1271314891,977
1271318343,159
1271323125,1032
1271332588,14
1271335719,92
1271341656,22
1271351851,25
1271355875,19
1271364651,88
1271368582,109
1271372403,178
1271376695,94
1271378942,19
1271379258,153
1271380517,15
1271382286,37
1271385222,37
1271391719,12
1271394035,42
1271398876,84
1271399089,28
1271400466,92
1271404132,19
1271420288,36
1271420977,16
1271422457,43
1271422620,13
1271424358,22
1271430067,12
1271435898,2
1271437886,52
1271448649,54
1271450465,14
1271455778,21
1271459708,27
1271470955,19
1271476200,16
1271484634,26
1271492923,12
1271520816,13
1271535978,89
1271540239,16
1271547037,12
1271548133,90
1271560627,13809
1271570982,11
1271574062,14
1271581989,39
1271585213,19
1271626710,21
1271627791,2082
1271630464,29
1271639578,55
1271646025,63
1271659862,104
1271669507,28
1271670316,48
1271687319,59
1271709279,17
1271711372,50
1271712722,30
1271717980,35
1271725588,29
1271730027,31
1271730307,13
1271733827,13
1271744960,110
1271751851,208
1271763503,122
1271765742,0
1271770751,37
1271778933,370
1271779636,20
1271785712,84
1271793908,47
1271798363,50
1271812884,19
1271829077,25
1271830762,15
1271832502,16
1271834471,21
1271836518,262
1271837463,19
1271851102,15
1271861642,109
1271880068,12
1271892689,416
1271894214,581
1271897760,56
1271898598,39
1271899250,63
1271904851,28
1271908885,17
1271910930,12
1271912252,46
1271923086,41
1271928601,19
1271940155,37
1271944074,21
1271948043,59
1271951093,93
1271951742,17
1271954774,150
1271954866,246
1271963632,42
1271963966,135
1271988435,14
1271993416,547
1271995946,87
1272004366,130
1272008570,23
1272009330,50
1272012407,13
1272024618,30
1272031254,228
1272032218,16
1272035915,22
1272036423,26
1272043772,28
1272060580,16
1272062596,38
1272066715,27
1272067033,167
1272068425,65
1272069487,11
1272070832,22
1272072826,41
1272076570,105
1272090879,29
1272098945,22
1272105565,20
1272107021,49
1272111651,141
1272114571,150
1272116617,90
1272117564,184
1272136562,23
1272139132,35
1272144017,34
1272147124,28
1272151400,187
1272154998,483
1272157495,68
1272162595,444
1272167701,29
1272168991,14
1272178757,27
1272190228,214
1272194482,21
1272199139,30
1272209005,12
1272211920,12
1272212084,52
1272216190,24
1272222798,46
1272223066,38
1272230296,42
1272237085,25
1272239121,31
1272243674,125
1272251780,28
1272256998,68
1272272492,23
1272273607,40
1272278054,18
1272289747,40
1272292267,28
1272294107,96
1272295916,290
1272300172,18
1272306281,411
1272308668,21
1272310004,14
1272312142,17
1272327342,22
1272329397,15
1272329661,50
1272335256,22
1272352853,17
1272353680,43
1272361049,55
1272363594,12
1272372441,37
1272374498,260
1272375576,107
1272386554,12
1272390008,8
1272392110,12
1272394355,17
1272394364,18
1272394474,35
1272395609,8
1272402042,152
1272408187,146
1272408209,12
1272415285,25
1272417086,187
1272418588,72
1272428065,12
1272429683,12
1272430339,26
1272432833,12
1272443375,119
1272451079,24
1272463265,27
1272480305,22
1272481334,41
1272481811,45
1272484811,30
1272487463,651
1272488455,79
1272497475,14
1272498799,72
1272521786,56
1272525441,17
1272529106,22
1272529524,31
1272534312,15
1272536927,17
1272554778,39
1272557298,14
1272558393,32
1272564262,15
1272565581,84
1272573107,157
1272574333,78
1272585317,67
1272596900,21
1272618533,25
1272637435,37
1272647768,23
1272673683,42
1272677604,15
1272678676,22
1272687783,16
1272691690,128
1272699504,75
1272701607,40
1272706111,52
1272708842,15
1272710409,118
1272710943,29
1272747174,106
1272753759,24
1272758718,13
1272763042,94
1272764562,12
1272767487,18
1272776005,17
1272782661,14
1272788310,26
1272788559,115
1272806533,113
1272808986,25
1272822699,17
1272833484,13
1272839788,70
1272840358,97
1272851010,16
1272861960,31
1272869340,18
1272875395,64
1272887430,229
1272898943,460
1272927396,16
1272941538,25
1272950786,36
1272968536,131
1272986728,18
1272987676,21
1272990999,12
1272996531,20
1273016975,63
1273018804,56
1273032277,23
1273038969,54
1273038999,564
1273054934,781
1273058241,109
1273059507,155
1273065968,94
1273073914,27
1273080329,654
1273087967,34
1273092463,16
1273093466,41
1273105169,16
1273116225,100
1273117744,20
1273121905,13
1273123916,190
1273136102,16
1273150184,15
1273151023,13
1273153152,24
1273158972,161
1273168529,26
1273198218,20
1273207855,19
1273226668,129
1273234375,135
1273235470,24
1273236370,297
1273241958,20
1273244170,56
1273259051,16
1273261870,23
1273262639,21
1273264754,13
1273267557,27
1273269588,11
1273290231,506
1273316605,22
1273319739,17
1273324178,294
1273325705,18
1273350371,26
1273354626,20
1273360197,24
1273366252,32
1273370027,51
1273379460,843
1273390282,40
1273390455,32
1273404749,19
1273408927,58
1273413368,14
1273427276,25075
1273445261,17
1273449064,52
1273455251,10
1273461545,19
1273468795,33
1273480337,41
1273513023,27
1273517404,14
1273522187,20
1273536495,549
1273552420,13
1273558528,975
1273560464,38
1273565575,210
1273580359,871
1273580682,15
1273590574,11
1273596763,19
1273622478,85
1273630366,12
1273641903,15
1273643869,54
1273663589,12
1273664895,106
1273665431,28
1273666576,32
1273674103,25
1273677991,44
1273686456,12
1273690766,18
1273702114,36
1273705510,106
1273707469,710
1273717820,20
1273721854,34
1273724034,17
1273725939,12
1273742979,72
1273747165,32
1273750352,12
1273768116,235
1273768194,111
1273809867,13
1273811777,28
1273814630,77
1273819492,23
1273822664,139
1273822835,18
1273823886,37
1273824143,338
1273824907,17006
1273830468,33
1273830568,20
1273859296,124
1273866610,25
1273870399,104
1273874402,11
1273876922,36
1273887301,373
1273894022,90
1273902369,24
1273905245,60
1273907635,11
1273908520,16
1273910052,1128
1273921075,108
1273942383,14
1273945470,35
1273946285,12
1273947285,18
1273951058,46
1273969283,16
1273983782,14
1273991348,23
1274006859,12
1274021598,29
1274027793,20
1274028827,22
1274034089,72
1274046250,12
1274065060,19
1274065715,43
1274066973,17
1274067670,515
1274067723,80
1274068447,11
1274069548,48
1274072121,20
1274073109,26
1274085318,11
1274085987,29
1274091897,34
1274096236,61
1274106865,50
1274107935,230
1274109794,56
1274110623,24
1274115689,35
1274116177,30
1274128923,33
1274130362,17
1274143915,13
1274154034,23
1274162448,769
1274162776,28
1274165943,40
1274177139,787
1274179498,33
1274186056,25
1274187550,15
1274191784,83
1274194803,58
1274196244,16
1274206238,34
1274209386,50
1274218871,19
1274224909,13
1274244010,17
1274252889,10
1274262885,240
1274272400,70
1274282386,64
1274283930,18
1274286443,41
1274290610,17
1274323575,119
1274324552,15
1274327218,310
1274333693,16
1274347782,11
1274347870,12
1274352475,13
1274353213,33
1274353224,14
1274359178,14
1274373874,21
1274377670,457
1274377976,21
1274379274,43
1274388991,225
1274395005,50
1274399536,1249
1274400279,10
1274410217,47
1274417136,15
1274422150,21
1274427424,12
1274444915,13
1274452075,585
1274466455,32
1274474589,27
1274475076,54
1274477411,18
1274482878,14
1274485547,88
1274485766,19
1274487235,59
1274491393,38
1274504017,11
1274504257,19
1274509298,62
1274518711,35
1274526198,138
1274530343,30
1274534327,11
1274548517,190
1274550171,15
1274551031,411
1274558185,12
1274566622,29
1274572099,34
1274574043,308
1274591734,12
1274600688,251
1274618325,39
1274625247,14
1274625443,14
1274630894,76
1274645705,13
1274647710,12
1274659405,25
1274666296,13
1274671628,43
1274674701,30
1274678743,28
1274683034,84
1274684138,11
1274689099,22
1274690333,31
1274708755,875
1274722544,18
1274723381,1037
1274734576,34
1274749277,17
1274751552,11
1274755774,87
1274781008,16
1274782065,34
1274792587,71
1274794325,14
1274797292,21
1274802650,15
1274814658,12
1274822133,706
1274836410,30
1274840455,13
1274848749,162
1274890313,25
1274904822,12
1274910871,40
1274912120,313
1274921085,21
1274927132,22
1274927923,245
1274942644,25
1274947140,18
1274950277,1751
1274956474,31
1274957322,20
1274957825,162
1274959346,21
1274963086,104
1274966563,32
1274976225,15
1274978097,188
1274989973,183
1274991593,67
1275001555,12
1275003861,48
1275012508,19
1275022182,13
1275023165,12
1275025253,30
1275044490,40
1275059220,19
1275060098,37
1275065456,13
1275069084,179
1275070381,20
1275073263,17
1275075651,272
1275076041,347
1275076664,66
1275077335,26
1275102300,26
1275102452,48
1275130055,289
1275131245,23
1275139588,13
1275140990,30
1275145666,32
1275152793,982
1275161859,37
1275162193,40
1275168166,18
1275173343,19
1275175186,551
1275177106,14
1275182720,60
1275184152,86
1275189541,34
1275191614,19
1275199411,552
1275201476,113
1275207060,17
1275208894,20
1275218737,45
1275232100,115
1275237798,18
1275239081,12
1275239491,50
1275243370,21
1275248251,11
1275252612,16
1275257255,101
1275268652,1793
1275300007,27
1275300693,11
1275302422,14
1275314173,11
1275326618,33
1275328113,246
1275328860,18
1275334546,14
1275338283,18
1275353433,53
1275356304,6
1275360962,12
1275362861,73
1275365955,48
1275367824,24
1275373382,65
1275375546,27
1275378979,1035
1275382167,31
1275396650,12
1275398700,39
1275399788,20
1275406931,34
1275408975,26
1275409602,49
1275409857,16
1275426982,40
1275435960,17
1275436512,1322
1275438802,18
1275439887,17
1275441117,24
1275443832,69
1275463264,234
1275464621,364
1275474507,16
1275476039,301
1275481590,14
1275484321,21
1275485578,124
1275486558,12
1275487759,25
1275490006,60
1275490256,2
1275502743,10
1275508434,246
1275516320,13
1275529781,22
1275534185,44
1275540111,22
1275545374,65
1275548357,215
1275551473,66
1275552545,25
1275555163,14
1275555255,23
1275560536,339
1275572887,21
1275580348,62
1275608780,20
1275613946,20
1275614372,53
1275616384,31
1275620871,6
1275627632,15
1275631990,15
1275637608,121
1275642440,98
1275645005,16
1275648114,122
1275653543,1455
1275661316,25
1275666044,55
1275667403,130
1275688260,26
1275692189,48
1275702441,24
1275702472,18
1275703289,12
1275717406,38
1275718468,443
1275719173,14
1275721604,25
1275730750,1749
1275740059,21
1275742035,21
1275746690,100
1275750805,15
1275750847,33
1275751077,18
1275752001,31
1275753414,52
1275759716,33
1275765386,12
1275770420,12
1275771493,41
1275771523,25
1275771636,20
1275773301,125
1275774513,27
1275776288,149
1275780695,25
1275781569,442
1275784257,20
1275791557,38
1275792599,17
1275798277,10
1275800019,14
1275801647,239
1275802499,146
1275806147,2095
1275809133,11
1275810331,25
1275816023,12
1275818342,18
1275835912,14
1275847986,16
1275849132,57
1275850323,202
1275851291,22
1275859075,13
1275862312,42
1275862425,50
1275862520,37
1275873724,319
1275888604,20
1275895436,16
1275919553,21
1275930411,37
1275932091,23
1275937112,17
1275940471,35
1275941970,23
1275953456,33
1275961086,161
1275964022,402
1275968866,85
1275976049,12
1275976765,15
1275977691,14
1275991516,76
1275998498,544
1276001351,103
1276003841,16
1276008331,13
1276010461,14
1276015535,16
1276018440,165
1276024553,35
1276031429,165
1276038073,11
1276039558,23
1276042293,22
1276053763,38
1276059304,39
1276077286,20
1276078615,17
1276083194,25
1276083628,57
1276088288,32
1276099689,106
1276107518,68
1276108103,78
1276112276,20
1276123063,128
1276123512,20
1276126258,15
1276132557,21
1276133719,14
1276135867,144
1276151370,11
1276164270,15
1276173422,13
1276174879,47
1276192674,90
1276192981,29
1276201542,14
1276208459,18
1276223472,21
1276236933,709
1276238183,655
1276239073,11
1276242781,13
1276251860,11
1276252042,11
1276255085,13
1276264171,31
1276271904,11
1276273805,39
1276275753,16
1276278055,67
1276278953,18
1276280076,13
1276283874,12
1276285633,80
1276296530,144
1276299637,85
1276305787,125
1276309507,23
1276313599,44
1276315818,17
1276320499,11
1276341793,22
1276352451,25
1276368237,419
1276373569,14
1276376062,23
1276377419,11
1276379563,29
1276390991,14
1276391102,105
1276404683,20
1276405439,18
1276405554,14
1276406549,34
1276411484,81
1276411563,66
1276415631,15
1276417315,11
1276425709,10
1276437202,36
1276438142,42
1276447323,19
1276448889,34
1276448941,4
1276457096,3
1276459546,121
1276461266,278
1276469439,105
1276480305,46
1276486663,19
1276486859,29
1276487550,48
1276487588,13
1276487624,32
1276488493,20
1276492532,111
1276496267,57
1276497933,2
1276498033,112
1276510682,63
1276517176,259
1276521542,73
1276527666,1003
1276538033,25
1276541052,105
1276541290,20
1276541312,32
1276546290,36
1276548713,22
1276549659,103
1276562838,271
1276568000,24
1276578580,26
1276593455,12
1276594089,83
1276595002,416
1276605322,38
1276607131,99
1276614392,13
1276616663,22
1276627552,151
1276628959,36
1276630793,14
1276631768,26
1276634402,31
1276641245,273
1276642427,23
1276645556,17
1276665883,8197
1276667029,87
1276671725,105
1276675503,85
1276679162,14
1276679693,14
1276682306,25
1276682613,19
1276683938,94
1276684296,15
1276689592,320
1276696490,328
1276700568,24
1276711748,13
1276718530,11
1276737247,94
1276739924,22
1276740847,18
1276747866,55
1276752077,245
1276755627,22
1276755713,33
1276758823,15
1276764289,11
1276766531,29
1276770371,27
1276773725,15
1276776945,32
1276791347,11
1276795737,32
1276798831,29
1276809046,191
1276810210,233
1276812919,174
1276819713,126
1276828003,11
1276847779,22
1276853390,12
1276853525,958
1276855113,8
1276859161,87
1276860951,16
1276861983,16
1276862650,25
1276868904,19
1276870829,98
1276874027,49
1276876288,23
1276885966,462
1276888344,12
1276919083,77
1276930142,49
1276940779,720
1276944225,57
1276950198,129
1276958558,103
1276962100,19
1276966391,1185
1276977095,12
1276978035,13
1276983707,41
1276999782,528
1277004822,1024
1277007031,24
1277008800,13
1277011316,481
1277011740,41
1277016823,16
1277020166,56
1277026242,26
1277036183,27
1277040638,23
1277048300,46
1277054380,316
1277058567,245
1277063342,28
1277066407,22
1277070400,19
1277072583,52
1277079211,84
1277079624,217
1277097844,101
1277123975,12
1277124338,19
1277124966,25
1277131490,21
1277138198,148
1277165741,73
1277169394,194
1277203643,11
1277208602,166
1277214686,18
1277218760,19
1277225273,18
1277253616,11
1277265216,22
1277269587,16
1277282352,19
1277284594,84
1277286522,785
1277291595,21
1277293249,102
1277301155,14
1277335948,33
1277377323,49
1277389693,128
1277391537,30
1277393667,17
1277405426,892
1277425281,12
1277425289,24
1277425617,18
1277432663,16
1277434798,36
1277439100,21
1277442050,111
1277445082,20
1277445795,38
1277446916,13
1277451814,112
1277453821,67
1277455152,13
1277459047,13
1277464981,30
1277470372,18
1277476916,122
1277477208,16990
1277479867,63
1277487031,59
1277488771,82
1277491008,111
1277494856,13
1277495137,22
1277498503,36
1277499908,61
1277510172,568
1277510760,142
1277515654,13
1277520329,15
1277539708,15
1277540420,17
1277541374,10
1277544698,478
1277560144,22
1277561099,354
1277571999,21
1277572326,1168
1277578751,76
1277579877,34
1277585787,40
1277588122,31
1277590623,185
1277592461,11
1277600433,12
1277603748,30
1277610497,40
1277614585,499
1277623916,51
1277637600,152
1277646668,13
1277662921,19
1277670480,13
1277671229,29
1277684919,59
1277685376,12
1277690020,24
1277693854,41
1277694349,18
1277696037,470
1277710661,11
1277714741,69
1277715563,1053
1277719566,20
1277737044,24
1277750729,39
1277755058,41
1277769453,31
1277771911,114
1277774590,19
1277785397,21
1277791233,22
1277795285,57
1277796956,25
1277797277,28
1277797619,88
1277798763,95
1277807615,14
1277814981,11
1277825694,21
1277833095,69
1277836854,38
1277842157,66
1277847449,12
1277847672,17
1277853749,16
1277854808,21
1277858718,14
1277868994,40
1277870870,15
1277872938,18
1277880177,42
1277887325,38
1277888947,50
1277893717,35
1277911581,21
1277913920,16
1277918666,427
1277926656,20
1277933603,214
1277934977,113
1277936455,65
1277944206,22
1277944593,7
1277946689,45
1277957002,20
1277961348,11
1277972001,6
1277989920,56
1277991010,25
1278000763,12
1278003221,28
1278005100,21
1278013162,13
1278014713,6
1278019716,12
1278020293,11
1278021888,82
1278022559,93
1278024385,11
1278025342,42
1278025981,25
1278026821,181
1278033420,24
1278033467,1003
1278040671,141
1278045237,176
1278047700,198
1278049086,16
1278055475,12
1278059883,10
1278066474,11
1278071262,436
1278073463,110
1278079983,50
1278081820,19
1278082400,503
1278092019,28
1278104920,36
1278105901,18
1278114076,24
1278120949,53
1278138352,19
1278157951,83
1278160330,116
1278196186,33
1278223986,193
1278229113,12
1278231268,27
1278243180,74
1278246083,16
1278253689,93
1278254044,37
1278265633,110
1278285302,11
1278287808,12
1278291700,20
1278293841,41
1278295496,11
1278312228,122
1278320942,169
1278322564,12
1278324639,30
1278327133,14
1278332553,16
1278332767,14
1278339298,21
1278344410,42
1278344979,75
1278352642,12
1278366645,17
1278374245,21
1278376881,13
1278377646,20
1278381956,126
1278395255,175
1278404368,63
1278411775,19
1278416698,11
1278435489,24
1278439253,117
1278457179,85
1278474208,41
1278474226,102
1278480039,21
1278492027,16
1278492137,24
1278516883,16
1278536566,1458
1278547598,26
1278560693,40
1278568055,114
1278584694,293
1278587549,25
1278594969,26
1278597727,17
1278621812,149
1278624411,13
1278624991,14
1278644903,14
1278644971,11
1278668528,1608
1278676884,542
1278680492,20
1278681031,21
1278698406,12
1278710852,13
1278711372,26
1278714916,31
1278715940,6
1278717907,702
1278730680,14
1278734867,13
1278737636,48
1278748612,165
1278748958,18
1278757502,558
1278776929,25
1278779353,38
1278798600,20
1278823978,49
1278828277,14
1278829954,139
1278838315,129
1278840500,19
1278845334,53
1278845749,38
1278854221,27
1278862001,11
1278862632,11
1278864291,13
1278865145,19
1278866093,12
1278866190,56
1278872653,45
1278873576,16
1278881844,133
1278889606,69
1278895912,76
1278901777,14
1278908912,39
1278913000,189
1278915262,72
1278915857,14
1278919646,81
1278924500,49
1278926400,1361
1278926939,13
1278930365,29
1278930806,956
1278937895,49
1278940275,276
1278959735,28
1278964608,90
1278982238,153
1278993665,42
1278995063,16
1279018568,16
1279038949,14
1279049964,16
1279064655,28
1279085846,663
1279086651,15
1279093890,51
1279103174,25
1279109870,29
1279109984,24
1279113820,42
1279121101,17
1279133101,14
1279140437,49
1279145675,27
1279149268,27
1279159149,4102
1279160729,20
1279164234,265
1279164369,13
1279171235,122
1279175113,13
1279180155,184
1279181033,28
1279184910,17
1279185910,13
1279187498,1825
1279196617,16
1279199688,17
1279205412,28
1279216221,55
1279218207,17
1279225546,21
1279242507,39
1279253971,16
1279256466,27
1279269923,13
1279275212,34
1279275226,26
1279280095,131
1279298346,42
1279299303,59
1279301508,36
1279319463,19
1279321158,12
1279325204,300
1279329809,13
1279343644,156
1279345508,13
1279360413,33
1279362723,152
1279365081,34
1279373995,16
1279380501,14
1279384488,22
1279402999,13
1279406675,29
1279414816,16
1279421241,23
1279423167,16
1279426975,325
1279435409,2472
1279437639,19
1279463850,12
1279468851,23
1279474229,69
1279480946,1294
1279489980,543
1279499470,56
1279508420,114
1279515197,47
1279519446,15
1279522547,54
1279525967,252
1279532837,613
1279540157,19
1279555835,57
1279561249,15
1279578393,46
1279580095,17
1279589074,111
1279596088,18
1279604360,40
1279611658,18
1279617454,18
1279624703,73
1279625094,18
1279628779,31
1279654497,79
1279659344,9348
1279660735,355
1279680219,20
1279689423,17
1279706266,99
1279721212,31
1279722854,14
1279728487,13
1279731992,18
1279737208,14
1279737421,61
1279746134,11
1279760665,953
1279768392,13
1279773754,14
1279778939,40
1279781303,2408
1279781841,32
1279786142,14
1279787729,22
1279788130,173
1279795528,28
1279795550,58
1279802440,12
1279803089,70
1279811464,105
1279815402,14
1279823679,18
1279825421,19
1279830753,45
1279834357,19
1279836172,15
1279846336,30
1279857804,11
1279886110,16
1279895477,15
1279903025,12
1279918128,19
1279923114,26
1279931020,15
1279932127,12
1279940806,84
1279946840,21
1279949713,13
1279963017,15
1279994040,38
1279994443,14
1279994504,241
1280002781,19
1280004150,113
1280019852,771
1280020029,16
1280026191,134
1280026567,12
1280027316,24
1280030529,50
1280038203,31
1280048408,20
1280048964,16
1280050659,109
1280056986,31
1280069770,151
1280089735,17
1280092445,47
1280094793,11
1280095430,24
1280097745,13
1280103264,21
1280115203,592
1280115630,42
1280128498,53
1280129499,922
1280129529,27
1280131943,21
1280147188,261
1280155659,126
1280156793,29
1280163607,11
1280181372,11
1280182204,40
1280202820,19
1280210616,118
1280215616,13
1280221360,107
1280231676,69
1280240752,16
1280241714,28
1280257962,12
1280262851,23
1280270159,28
1280270225,34
1280270590,18
1280282164,13
1280282376,15
1280289116,42
1280290209,13
1280293058,15
1280296384,925
1280324412,14
1280330025,23
1280369733,18
1280379860,18
1280383510,18
1280392516,17
1280394773,167
1280396163,45
1280405737,14
1280408203,16
1280419330,50
1280423622,13
1280434631,165
1280439591,528
1280458861,11
1280461698,15
1280465155,16
1280466680,11
1280467793,34
1280469592,14
1280470795,19
1280479916,17
1280508992,115
1280523866,139
1280524151,18
1280536185,52
1280553461,42
1280557654,196
1280557740,48
1280559914,169
1280562970,103
1280567896,15
1280577596,146
1280579388,26
1280583544,16
1280584236,11
1280589083,21
1280607135,18
1280607497,16
1280608186,102
1280610964,31
1280615153,58
1280620933,128
1280626586,151
1280641283,79
1280652237,36
1280655402,11
1280662085,12
1280664963,43
1280666027,11
1280700348,7
1280702430,12
1280703037,134
1280718019,29
1280732127,172
1280760538,28
1280767222,25
1280769419,19
1280791354,199
1280793558,142
1280799166,11
1280804858,30
1280809609,295
1280810591,31
1280825877,214
1280833415,1416
1280847472,326
1280858916,13
1280860414,28
1280863441,133
1280866254,0
1280869012,125
1280869399,528
1280871093,16
1280876752,21
1280879270,15
1280885358,36
1280891560,18
1280896898,36
1280898919,17
1280899448,29
1280900448,24
1280903659,23
1280908538,11
1280909807,71
1280912404,37
1280913563,152
1280913878,61
1280927151,17
1280932746,43
1280934172,1245
1280951465,13
1280955914,1108
1280967898,33
1280984042,664
1280989325,14
1280990105,1393
1280998916,18
1281005910,325
1281005934,15
1281012065,26
1281012091,20
1281019389,33
1281023819,17
1281025418,39
1281030225,643
1281030454,34
1281032192,51
1281032298,30
1281054646,374
1281061133,16
1281066641,117
1281069074,53
1281071040,11
1281085540,23
1281085820,28
1281091382,527
1281094446,26
1281098289,14
1281099705,12
1281110750,137
1281120025,24
1281122559,13
1281123262,42
1281124139,12
1281132799,18
1281133904,20
1281135080,40
1281140983,242
1281142978,47
1281149586,26
1281154124,19
1281168411,294
1281171445,75
1281192852,17
1281195074,147
1281200786,81
1281203752,11
1281204616,33
1281220980,68
1281222801,21
1281230845,57
1281232928,90
1281235683,307
1281269179,17
1281271303,55
1281285550,343
1281298965,16
1281315781,7190
1281320664,221
1281323943,11
1281328046,843
1281328458,12
1281328537,44
1281330782,238
1281336694,13
1281337106,12
1281342434,47
1281353923,28
1281358460,12
1281362103,182
1281364875,15
1281365033,17
1281365850,17
1281367277,75
1281376485,16
1281377338,30
1281378740,23
1281381884,228
1281383429,12
1281388338,11
1281400388,16
1281415855,14
1281419438,24
1281420131,558
1281431415,67
1281436921,16
1281444378,15
1281445089,39
1281450313,72
1281456681,12
1281473904,179
1281481028,67
1281482961,110
1281483635,28
1281489228,96
1281489745,22
1281495756,1
1281514306,26
1281521840,13
1281522736,12
1281525803,18
1281535322,27
1281540408,27
1281565975,12
1281574939,10
1281576906,82
1281582807,16
1281591173,15
1281591192,152
1281593724,85
1281612966,11
1281616740,15
1281622996,12
1281629949,18
1281632165,691
1281633872,230
1281635644,62
1281645560,21
1281650273,91
1281655995,12
1281661575,85
1281666770,104
1281670519,79
1281674370,92
1281682343,443
1281682555,1
1281688052,19
1281712143,17
1281755529,15
1281755623,15
1281769152,18
1281774250,50
1281785536,13
1281819568,182
1281831896,25
1281844128,14
1281852693,17
1281862290,23
1281863041,47
1281865046,1112
1281865940,146
1281869415,22
1281873897,11
1281879940,32
1281880139,194
1281882303,12
1281899169,35
1281901396,56
1281911253,11
1281913298,72
1281918185,25
1281925464,24
1281941591,12
1281954048,72
1281959383,15
1281963787,72
1281965785,37
1281978113,34
1281981117,3
1282001233,66
1282011183,23
1282014269,25
1282014696,4
1282017359,329
1282020307,38
1282025633,502
1282027238,363
1282030207,11
1282031701,35
1282040587,15
1282044252,15
1282045227,30
1282048314,24
1282049269,96
1282052467,14
1282052906,39
1282056346,31
1282058637,25
1282058825,100
1282063591,21
1282076425,30
1282080507,33
1282089882,12
1282102712,27
1282103176,360
1282106099,13
1282107840,31
1282107851,11
1282109891,19
1282110174,24
1282117541,125
1282120686,32
1282125157,23
1282128957,111
1282132622,40
1282141848,26
1282151191,41
1282158673,11
1282159515,28
1282159694,187
1282162553,65
1282171564,13
1282178367,16
1282195104,61
1282198847,475
1282203523,20
1282208637,17
1282212061,13
1282225905,12
1282231488,65
1282233511,300
1282239707,12
1282246237,21
1282253922,21
1282265183,2291
1282269007,160
1282273176,46
1282277393,16
1282282026,21
1282294081,48
1282310951,368
1282324221,158
1282329734,13
1282335857,54
1282340577,236
1282341373,54
1282346681,18
1282350588,53
1282351393,17
1282360547,521
1282362391,551
1282364492,190
1282377715,23
1282384355,95
1282385165,17
1282401255,19
1282418221,19
1282440237,14
1282459536,20
1282467677,199
1282469039,37
1282472011,11
1282474395,200
1282477586,162
1282489596,14
1282490647,27
1282492450,21
1282499854,0
1282500936,35
1282514037,121
1282539777,48
1282558300,18
1282572282,28
1282576727,18
1282577775,50
1282582651,22
1282588640,17
1282589931,51
1282597454,23
1282602487,11
1282613745,6
1282634846,44
1282636938,395
1282650900,1985
1282653241,56
1282674908,25
1282675658,16
1282680810,4692
1282682864,26
1282694784,87
1282705108,788
1282711658,14
1282729620,11
1282734569,36
1282748401,70
1282753323,22
1282754063,14
1282763835,17
1282766748,58
1282766814,41
1282771204,27
1282777609,163
1282782264,25
1282786458,26
1282787424,52
1282791912,26
1282792053,22
1282795086,20
1282797177,212
1282799832,65
1282800278,12
1282809293,11
1282831444,14
1282835463,223
1282837627,118
1282838347,13
1282839359,19
1282845531,1181
1282858165,72
1282862525,39
1282871942,11
1282882227,24
1282882352,17
1282906969,12
1282910754,325
1282916460,421
1282925790,177
1282928973,16
1282937931,21
1282938415,31
1282938682,22
1282950465,85
1282958467,33
1282961236,12
1282964765,11
1282967472,323
1282972498,54
1282978005,24
1282983086,183
1282984140,30
1282986613,13
1283004393,16
1283006548,36
1283007956,1152
1283008105,201
1283013981,31
1283015427,121
1283015444,117
1283015456,115
1283015458,127
1283019799,13
1283022577,57
1283043066,39
1283051151,140
1283059888,20
1283076208,28
1283085412,15
1283088493,11
1283118598,70
1283126461,156
1283126780,236
1283131709,17
1283133573,25
1283142725,33
1283143764,28
1283151062,33
1283155270,11
1283158668,90
1283168492,59
1283176487,13
1283182898,67
1283183407,11
1283187727,17
1283203528,11
1283208084,18
1283229321,29
1283231201,18
1283237512,52
1283243769,23
1283252850,17
1283286182,15
1283296883,18
1283299226,96
1283300177,27
1283300865,13
1283301890,115
1283302652,115
1283302684,121
1283302820,116
1283302855,115
1283305043,117
1283308335,960
1283309332,116
1283309505,117
1283309991,120
1283310806,115
1283310807,127
1283311815,124
1283313140,118
1283314136,116
1283318124,149
1283321289,116
1283321505,30
1283324276,116
1283325882,117
1283326518,115
1283327964,117
1283328907,114
1283329020,117
1283329717,116
1283329800,124
1283331989,115
1283332113,115
1283332466,115
1283333210,122
1283333331,115
1283334060,115
1283334279,117
1283334544,68
1283334655,22
1283336941,116
1283342383,114
1283344388,121
1283346286,115
1283346451,121
1283346987,116
1283347021,115
1283348713,116
1283351121,22
1283352405,24
1283352617,65
1283352859,115
1283353368,115
1283353856,117
1283354276,115
1283354800,27
1283354814,115
1283354974,98
1283355043,116
1283358155,115
1283360113,118
1283362196,121
1283363395,115
1283365576,115
1283375853,77
1283376338,1231
1283395530,36
1283398419,51
1283398629,52
1283408258,59
1283410511,49
1283416351,228
1283417522,16
1283427179,28
1283434917,47
1283453011,51
1283460530,27
1283463401,12
1283466765,263
1283466833,11
1283467688,120
1283472596,29
1283475355,7
1283494260,43
1283495582,14
1283497044,16
1283501535,182
1283501799,16
1283519375,12
1283521764,36
1283522472,19
1283522880,11
1283540505,275
1283561164,18
1283563241,58
1283565828,30
1283570249,19
1283572841,42
1283574029,16
1283576600,45
1283579994,14
1283580131,16
1283580852,56
1283582119,97
1283584225,24
1283598915,13
1283603794,111
1283610049,14
1283610217,118
1283611177,12
1283622513,6
1283628638,36
1283643848,11
1283644135,12
1283647317,14
1283652685,14
1283653121,22
1283656693,216
1283657805,40
1283669789,11
1283678028,89
1283681554,77
1283686041,21
1283686098,19
1283699291,20
1283721731,39
1283721804,19
1283722068,20
1283731203,15
1283731455,11
1283735838,24
1283740523,16
1283743529,66
1283762259,43
1283766654,70
1283772962,18
1283776668,13
1283781487,85
1283783477,51
1283792171,39
1283796634,16
1283799034,96
1283802261,28
1283813540,57
1283819872,19
1283821188,88
1283833415,28
1283833758,30
1283836865,29
1283845841,11
1283850742,19
1283852448,16
1283852774,14
1283859977,19
1283865819,22
1283868033,461
1283868835,41
1283873694,30
1283875369,30
1283876614,15
1283880494,15
1283891625,20
1283901628,22
1283923666,22
1283925045,17
1283927346,82
1283939838,17
1283940465,144
1283947846,23
1283963928,15
1283965240,13
1283968843,25
1283977684,11
1283981615,77
1283984259,17
1283986253,48
1283993031,1151
1283995054,46
1284009891,31
1284014215,22
1284030856,41
1284040136,183
1284052134,38
1284056969,17
1284058045,26
1284066374,21
1284067692,80
1284077348,21
1284077352,23
1284082382,22
1284082910,18
1284088776,126
1284090090,11
1284095369,22
1284099955,53
1284104299,47
1284109464,12
1284109842,47
1284124788,12
1284126768,80
1284128909,20
1284129855,102
1284131526,13
1284139056,62
1284139792,340
1284141546,15
1284148543,12
1284155780,15
1284168496,68
1284172888,16
1284174979,2431
1284180721,842
1284182184,28
1284198482,16
1284202424,64
1284208011,37
1284208582,115
1284209689,16
1284210058,30
1284214156,13
1284223182,25
1284240315,69
1284246323,17
1284246470,356
1284247955,41
1284261810,42
1284262505,12
1284271591,206
1284277975,44
1284286206,16
1284303399,128
1284304193,12
1284310632,19
1284316868,39
1284317596,19
1284322503,13
1284322507,20
1284324094,16
1284346730,122
1284349963,17
1284357853,18
1284364149,25
1284382976,12
1284392092,41
1284393063,136
1284412888,13
1284414913,700
1284420230,34
1284423701,1
1284426808,17
1284435392,17
1284435823,15
1284445635,412
1284445748,36
1284447780,16
1284449744,205
1284452101,15
1284463375,60
1284479480,28
1284485443,28
1284518502,24
1284522908,31
1284534061,52
1284541636,13
1284546129,67
1284551780,18
1284555311,77
1284568818,13
1284578918,44
1284579907,149
1284580604,45
1284584701,11
1284589598,22
1284595670,17
1284607942,217
1284608173,184
1284608906,175
1284626782,15
1284641096,11
1284643150,33
1284648689,336
1284658028,52
1284659975,19
1284667422,21
1284672605,179
1284674449,43
1284677252,17
1284681116,47
1284688466,99
1284692613,624
1284698263,18
1284700356,50
1284701804,12
1284712193,70
1284714863,9
1284721646,11
1284727934,39
1284733052,25
1284733159,15
1284734312,16
1284735525,105
1284736292,338
1284740610,627
1284751258,19
1284753142,164
1284754106,69
1284755656,26
1284756909,27
1284759701,103
1284763923,14
1284765721,17
1284768463,14
1284771263,19
1284781487,17
1284783817,49
1284785245,48
1284787758,17
1284803064,21
1284808139,16
1284830350,5
1284836640,1093
1284837284,25
1284845470,755
1284850658,18
1284862935,25
1284865806,14
1284867443,13
1284869933,53
1284873579,14
1284875082,36
1284889108,70
1284895820,11
1284905996,63
1284915598,19
1284924222,336
1284945428,11
1284956847,14
1284958326,21
1284959612,2202
1284962534,38
1284967045,17
1284968478,27
1284971043,28
1284980608,11
1284986056,36
1285000932,14
1285016676,14
1285027813,63
1285029934,27
1285034691,7
1285058780,22
1285072698,54
1285076358,32
1285091835,14
1285102035,65
1285104880,167
1285113628,64
1285116275,23
1285126866,45
1285134067,17
1285138167,26
1285142465,13
1285145325,6
1285150264,34
1285154089,14
1285173126,56
1285175428,49
1285179460,41
1285186519,12
1285203380,21
1285207270,121
1285217348,17
1285223817,217
1285240239,20
1285241036,12
1285247004,50
1285257302,11
1285260006,16
1285260852,28
1285268157,41
1285268296,11
1285271027,14
1285272914,107
1285276442,14
1285277249,20
1285290091,14
1285290326,21
1285299512,21
1285308005,74
1285358058,16
1285358712,11
1285362275,53
1285366850,21
1285372971,11
1285375505,12
1285388916,16
1285404766,11
1285404893,22
1285406575,59
1285409192,20
1285427809,23
1285432701,66
1285455564,28
1285459193,13
1285469911,23
1285485466,47
1285492735,7
1285512939,933
1285517110,11
1285522430,12
1285532627,32
1285533087,44
1285553511,17
1285565409,11
1285577161,29
1285581431,21
1285584165,38
1285612368,28
1285613614,28
1285613772,12
1285614272,13
1285616517,15
1285619315,40
1285629894,11
1285633187,29
1285635617,20
1285641018,19
1285641979,12
1285642601,12
1285643256,104
1285643489,781
1285643868,32
1285649662,33
1285653192,109
1285653194,22
1285654295,20
1285656500,51
1285665224,13
1285669809,44
1285670072,40
1285670188,24
1285672288,37
1285673537,11
1285694624,13
1285697175,11
1285699839,22
1285704764,22
1285705904,3907
1285716169,16
1285726301,88
1285726536,122
1285729011,47
1285736028,13
1285753321,33
1285758913,19
1285768056,35
1285769468,22
1285774142,18
1285776286,11
1285777764,13
1285778184,56
1285781098,19
1285784272,13
1285787558,123
1285791932,28
1285795107,12
1285797092,56
1285801639,17
1285801929,17
1285808809,291
1285812887,17
1285816658,0
1285819874,100
1285838750,11
1285846935,13
1285856157,11
1285857639,1008
1285859071,863
1285860457,13
1285861214,82
1285862871,19
1285863081,19
1285881211,46
1285881563,23
1285885421,13
1285886218,275
1285900799,224
1285902621,46
1285904119,13
1285924109,24
1285926464,31
1285931911,11
1285934492,11
1285935899,15
1285945933,12
1285946801,10
1285956092,27
1285957532,297
1285966137,44
1285974683,1804
1285993754,12
1285994107,38
1285995046,28
1285996394,14
1285998643,490
1286008269,16
1286015292,106
1286041367,19
1286041430,235
1286045037,21
1286054177,58
1286055132,105
1286055730,21
1286069434,24
1286071002,464
1286078030,11
1286080008,13
1286102636,15
1286104608,17
1286113664,52
1286116091,14
1286116609,30
1286124464,21
1286126075,15
1286135398,27
1286142799,27
1286159878,27
1286163119,248
1286203278,22
1286206140,81
1286206293,12
1286210431,35
1286217696,20
1286230821,21
1286232072,21
1286233631,21
1286236913,65
1286241877,55
1286243024,18
1286249719,14
1286260116,16
1286261242,63
1286266523,55
1286276952,15
1286279483,318
1286284713,11
1286309178,421
1286310557,21
1286313018,43
1286313645,14
1286319925,41
1286337381,94
1286347510,14
1286349836,30
1286361322,19
1286383656,772
1286395891,15
1286406151,32
1286421437,18
1286425214,34
1286451756,14
1286452688,41
1286459067,14
1286462942,17
1286473206,12
1286475682,73
1286478863,40
1286485360,16
1286489791,8
1286497554,12
1286498512,25
1286499192,16
1286500654,17
1286500812,11
1286506347,11
1286514652,256
1286518017,14
1286519799,21
1286529702,24
1286533290,16
1286534320,0
1286547006,20
1286548050,80
1286550596,54
1286551326,15
1286551417,41
1286576904,70
1286584533,43
1286589461,34
1286591918,29
1286596591,18
1286613567,126
1286622370,16
1286622681,22
1286623246,16
1286633499,13
1286634797,20
1286638524,30
1286638662,20
1286644174,22
1286644775,13
1286650072,63
1286652851,142
1286655809,43
1286657898,133
1286660559,68
1286663306,20
1286674545,35
1286693004,12
1286701048,25
1286705389,29
1286708665,51
1286709271,49
1286715485,190
1286728102,46
1286732818,1483
1286733418,35
1286747417,23
1286754616,57
1286757779,19
1286758195,21
1286762321,117
1286762528,51
1286763703,56
1286765396,55
1286769439,16
1286775287,186
1286778609,14
1286781880,290
1286783339,17
1286792158,28
1286817684,19
1286820615,23
1286822346,48
1286839986,27
1286842063,31
1286843623,44
1286843683,68
1286845834,76
1286846690,13
1286849644,11
1286852030,37
1286854085,108
1286854135,31
1286868898,12
1286870850,47
1286874208,17
1286901904,35
1286913285,16
1286921847,232
1286926343,52
1286928810,35
1286929516,55
1286936704,249
1286939042,16
1286953511,60
1286953738,18
1286955203,16
1286962008,369
1286963131,1
1286976854,26
1286979404,17
1286981493,135
1286981693,22
1286986255,50
1287003459,26
1287005135,36
1287010006,23
1287015444,23
1287032262,16
1287032505,37
1287040997,13
1287043670,1009
1287048075,12
1287048614,23
1287050833,148
1287054186,24
1287054567,24
1287055640,17
1287057225,13
1287063635,34
1287064286,13
1287064367,720
1287065520,17
1287068039,95
1287097047,27
1287103899,27
1287112265,15
1287114669,2641
1287117896,10
1287118910,51
1287119847,11
1287127015,45
1287133573,133
1287133718,15
1287134396,194
1287137309,83
1287143833,20
1287144629,16
1287144800,16
1287146888,24
1287154353,15
1287158131,11
1287167787,13
1287168491,1473
1287168990,667
1287169139,29
1287177495,13
1287183937,12
1287188318,19
1287195249,18
1287204510,66
1287205623,5
1287212750,14
1287216871,6
1287216971,56
1287228538,30
1287232396,16
1287234722,11
1287241330,15
1287242357,33
1287249670,27
1287250090,17
1287253720,29
1287263044,13
1287275352,16
1287282432,684
1287300798,23
1287302739,59
1287306124,35
1287319347,32
1287321565,18
1287326388,18
1287329807,15
1287331518,19
1287332070,34
1287332937,27
1287333722,24
1287338845,1
1287339827,93
1287341687,45
1287346406,32
1287352822,124
1287355973,438
1287390438,13
1287401002,474
1287408207,82
1287413468,13
1287418409,75
1287429470,15
1287442244,306
1287444152,45
1287460663,6414
1287461497,45
1287463978,20
1287470793,32
1287472924,50
1287481170,71
1287482439,9
1287486661,63
1287486758,303
1287489793,45
1287494718,28
1287502257,15
1287505428,21
1287507365,15
1287518095,16
1287523902,22
1287525386,51
1287530240,17
1287531513,36
1287542921,21
1287549995,14
1287563862,1554
1287564317,14
1287568859,930
1287570647,11
1287585416,16
1287594240,12
1287594602,22
1287599281,14
1287603239,50
1287607687,16
1287609461,26
1287610282,25
1287612332,37
1287625631,446
1287628953,16
1287629488,32
1287631198,36
1287659684,13
1287663860,76
1287674895,48
1287678199,274
1287687409,44
1287700899,14
1287702648,11
1287710410,26
1287710445,27
1287710473,30
1287710505,37
1287715632,12
1287728325,294
1287733709,14
1287737246,33
1287751585,56
1287755141,21
1287761832,13
1287763956,19
1287766456,11
1287769478,1137
1287777563,15
1287777903,12
1287779992,57
1287780940,16
1287780961,21
1287782481,12
1287783473,15
1287802914,118
1287804060,5427
1287806129,21
1287806983,15
1287808048,29
1287816393,13
1287819244,12
1287823023,18
1287825471,148
1287830253,23
1287831552,73
1287833347,1
1287833678,48
1287833873,18
1287840943,14
1287846492,362
1287852974,26
1287862154,40
1287862936,882
1287867452,11
1287870588,91
1287874189,9
1287882910,11
1287890629,64
1287906472,12
1287919291,36
1287919581,27
1287921187,12
1287928146,14
1287936258,39
1287938366,501
1287938424,20
1287939135,22
1287947258,16
1287952887,16
1287962749,25
1287962934,52
1287966278,107
1287967526,22
1287982437,23
1287987046,13
1287987060,12
1287987917,14
1287991092,55
1288001931,1699
1288011918,35
1288025747,12
1288054527,23
1288054693,191
1288059458,11
1288064456,54
1288064720,24
1288069617,12
1288076814,97
1288081323,84
1288081425,12
1288083612,15
1288085257,16
1288093218,170
1288093254,23
1288095947,24
1288096154,13
1288101814,45
1288106370,105
1288107515,24
1288110627,31
1288116451,19
1288118919,11
1288120439,16
1288131984,180
1288140673,22
1288147191,20
1288151957,20
1288157798,13
1288158967,20
1288163028,31
1288175235,111
1288176337,22
1288179297,13
1288198991,39
1288200939,11
1288213067,13
1288220921,255
1288228170,26
1288234715,17
1288262029,24
1288262739,16
1288265666,34
1288273711,62
1288276081,12
1288277383,25
1288278242,14
1288292418,1858
1288298712,12
1288304560,70
1288319677,21
1288321115,61
1288325627,9623
1288331786,77
1288342491,61
1288362206,43
1288363236,20
1288380908,106
1288388694,14
1288389855,17
1288395026,240
1288402762,3928
1288404530,18
1288411750,24
1288414617,472
1288422836,26
1288422944,27
1288424187,12
1288425501,12
1288433826,20
1288453231,41
1288460943,11
1288462699,10
1288463361,15
1288467466,205
1288475375,15
1288476092,16
1288492734,34
1288496072,97
1288504075,18
1288505524,87
1288508356,132
1288513932,91
1288536391,14
1288540223,16
1288543585,13
1288545282,124
1288570069,25
1288582051,12
1288584504,22
1288587093,23
1288595527,79
1288599558,11
1288603421,33
1288608768,16
1288630993,16
1288642659,27
1288648417,13
1288650351,61
1288651538,15
1288672674,406
1288682148,17
1288684460,61
1288700771,19
1288703620,36
1288706873,60
1288728943,26
1288733503,20
1288757879,12
1288762476,33
1288777867,14
1288777900,241
1288781687,27
1288787277,174
1288787426,46
1288789542,23
1288791412,19
1288795546,13
1288820389,213
1288820568,11
1288822238,11
1288842023,12
1288848940,4078
1288858970,26
1288859083,61
1288861827,82
1288873391,17
1288885785,20
1288886734,107
1288892017,19
1288895330,23
1288898520,29
1288900132,55
1288913882,41
1288919960,14
1288922934,16
1288931625,36
1288951030,14
1288952475,207
1288952816,75
1288958400,33
1288972522,32
1288978309,12
1288979347,12
1288985136,24
1288986083,35
1288998877,18
1288998968,99
1289000483,18
1289001778,36
1289010771,12
1289020523,44
1289022368,28
1289031324,90
1289035231,47
1289037448,98
1289038438,165
1289042059,16
1289052336,20
1289060396,12
1289066205,29
1289075393,388
1289096470,52
1289096810,49
1289101843,16
1289112181,28
1289122820,14
1289123250,40
1289125481,11
1289130590,242
1289134166,35
1289148499,10
1289170015,13
1289176881,10
1289178770,13
1289180378,15
1289182307,15
1289183809,34
1289184179,48
1289191071,19
1289210484,13
1289213389,13
1289213568,31
1289214621,14
1289216565,25
1289216873,20
1289237218,24
1289252374,13
1289253413,27
1289254089,31
1289258261,39
1289259130,15
1289268385,29
1289268998,42
1289275691,350
1289276142,12
1289277901,23
1289281455,60
1289287656,12
1289291024,66
1289294287,27
1289300100,49
1289302468,17
1289303356,13
1289309191,1
1289313583,15
1289316188,90
1289329590,49
1289333270,19
1289344908,60
1289346310,30
1289357453,16
1289364480,16
1289373801,17
1289379329,13
1289380699,15
1289382533,25
1289383690,19
1289402893,55
1289403900,27
1289409845,107
1289411321,110
1289419269,20
1289424893,96
1289433368,179
1289435281,14
1289435641,1630
1289435661,18
1289441613,12
1289441909,20
1289443027,23
1289445158,16
1289447490,298
1289447642,12
1289449692,87
1289456372,23
1289458451,12
1289459154,24
1289468620,11
1289471395,18
1289475244,14
1289476943,303
1289479753,26
1289490233,73
1289493073,15
1289500007,18
1289521585,12
1289524529,21
1289527697,17
1289539646,134
1289551526,106
1289566856,531
1289574252,15
1289575092,19
1289578785,16
1289594768,162
1289595475,28
1289598388,114
1289599380,55
1289599396,26
1289606611,172
1289612923,330
1289634070,18
1289635045,16
1289644132,15
1289645149,26
1289647930,151
1289651398,29
1289651513,17
1289654767,11
1289657695,51
1289661113,1422
1289663086,10
1289665394,86
1289678764,13
1289684445,32
1289708063,23
1289714083,105
1289714495,22
1289717310,16
1289718189,31
1289722646,16
1289724268,343
1289724974,64
1289726568,11
1289727060,11
1289727134,205
1289735643,14
1289737428,51
1289738717,27
1289739564,26
1289739593,18
1289742380,28
1289743790,2630
1289749597,16
1289751966,11
1289755707,3278
1289767911,208
1289770124,93
1289772049,13
1289772198,15
1289779378,57
1289780147,37
1289781756,50
1289801839,40
1289805474,178
1289810924,53
1289811218,25
1289813626,36
1289814824,16
1289815509,45
1289816372,53
1289817225,271
1289817233,20
1289818226,23
1289834653,95
1289837195,59
1289847529,28
1289855202,40
1289858093,13
1289858698,633
1289861951,99
1289868346,1441
1289871444,56
1289872092,21
1289880549,20
1289888557,135
1289903345,25
1289907287,12
1289908594,13
1289909279,21
1289910520,13
1289921008,11
1289921037,39
1289932122,116
1289948807,12
1289949311,268
1289951235,652
1289958986,2970
1289960958,13
1289964357,16
1289968844,14
1289971944,121
1289973161,21
1289975833,7
1289984605,10
1289989219,14
1289997043,14
1289998730,18
1290003469,42
1290004323,19
1290014367,25
1290022584,296
1290025719,63
1290031396,36
1290036613,12
1290037030,70
1290039961,143
1290045531,28
1290061411,39
1290062238,40
1290068976,132
1290069630,79
1290071994,36
1290081931,31
1290086620,12
1290089254,18
1290098318,128
1290101198,14
1290109388,38
1290111917,40
1290112926,86
1290123560,137
1290127517,35
1290128725,14
1290130146,15
1290140058,14
1290145748,12
1290146959,62
1290147262,12
1290150257,207
1290160104,11
1290163064,13
1290164166,20
1290166296,34
1290169280,21
1290178577,55
1290185333,17
1290185701,24
1290219822,58
1290227956,33
1290241977,49
1290251222,9
1290252911,29
1290258572,60
1290263362,11
1290268884,17
1290286902,22
1290302309,13
1290314412,15
1290325510,22
1290327176,31
1290328251,23
1290335624,13
1290348818,17
1290354647,26
1290357699,41
1290361156,889
1290371866,14
1290411054,41
1290427326,143
1290432479,46
1290433922,14
1290440324,50
1290445936,609
1290446705,16
1290461222,13
1290464784,12
1290465737,26
1290474490,46
1290478283,16
1290483547,43
1290484537,13
1290486035,14
1290494976,18
1290495061,15
1290507726,20
1290512486,34
1290516277,15
1290519989,93
1290534164,27
1290534496,49
1290538622,26
1290545197,23
1290547652,60
1290553178,13
1290553643,19
1290555222,14
1290558619,33
1290558760,41
1290565606,677
1290565686,268
1290581070,14
1290590424,64
1290601520,26
1290601834,30
1290617555,25
1290627511,18
1290646752,57
1290650156,29
1290650462,53
1290653606,316
1290660827,39
1290661117,14
1290661234,142
1290680888,16
1290680922,64
1290682233,29
1290686701,21
1290686985,17
1290695545,17
1290696540,65
1290697920,108
1290700307,66
1290702658,17
1290710067,11
1290713101,15
1290714552,11
1290723062,16
1290728896,361
1290731330,34
1290732504,13
1290741614,19
1290749098,93
1290754906,17
1290757367,12
1290762482,33
1290767643,26
1290768088,453
1290768901,42
1290776864,16
1290782877,14
1290784521,13
1290789350,15
1290790488,15
1290799649,23
1290804584,15
1290807177,12
1290809573,65
1290823246,17
1290830352,15
1290838121,20
1290838935,16
1290852121,24
1290854596,718
1290857129,103
1290878523,12
1290897015,23
1290897156,1264
1290898097,26
1290898656,136
1290900293,49
1290923480,15
1290927049,15
1290929180,13
1290933935,207
1290947992,63
1290950360,214
1290951560,33
1290952186,36
1290956546,31
1290960638,12
1290961602,82
1290979660,12
1290979982,113
1290982812,12
1291007526,17
1291013731,17
1291030819,11
1291031738,52
1291031778,20
1291031881,13
1291037585,76
1291037733,19
1291049617,14
1291054464,13
1291074566,105
1291079909,26
1291080376,30
1291085789,150
1291088056,15
1291088888,19
1291092395,31
1291098094,653
1291098747,31
1291101889,15
1291114277,193
1291115716,123
1291116871,25
1291117130,12
1291123786,93
1291137394,14
1291146703,134
1291154771,108
1291155153,59
1291155173,24
1291157543,841
1291173264,38
1291173267,20
1291182160,13
1291189671,15
1291203310,17
1291210160,1157
1291214151,178
1291215338,33
1291220688,11
1291221848,11
1291230518,32
1291233408,104
1291238644,15
1291242597,701
1291245839,108
1291251121,144
1291255325,3669
1291269550,20
1291280180,86
1291282235,24
1291286746,22
1291296643,18
1291297284,26
1291301285,35
1291305333,24
1291310024,21
1291320010,31
1291322604,88
1291336189,13
1291336217,30
1291336838,38
1291339585,18
1291342338,23
1291351338,23
1291351498,13
1291360022,27
1291383899,10
1291387853,31
1291388766,14
1291394483,23
1291395870,15
1291412255,22
1291414309,113
1291421612,86
1291423504,22
1291424008,15
1291431281,102
1291441881,23
1291442636,89
1291443474,11
1291455828,29
1291455926,25
1291466723,145
1291466969,5
1291468384,19
1291471367,16
1291481144,37
1291490166,254
1291490182,17
1291492779,26
1291498626,50
1291499934,56
1291501594,12
1291502015,1026
1291502103,28
1291503861,669
1291521476,29
1291527731,14
1291530267,245
1291531038,14
1291533844,12
1291534737,143
1291536810,14
1291543949,12
1291544092,2296
1291548682,13
1291571801,95
1291595187,19
1291604065,67
1291613802,15
1291618703,32
1291629775,21
1291629779,10
1291632861,12
1291641367,11
1291642855,128
1291643562,27
1291644553,40
1291658615,42
1291659044,160
1291660478,32
1291661471,123
1291669277,11
1291673784,18
1291675170,26
1291683037,14
1291688318,469
1291691703,255
1291693853,30
1291702016,16
1291709438,303
1291720073,30
1291722409,26
1291726174,24
1291727921,16
1291728144,63
1291729207,12
1291730691,116
1291734043,65
1291741982,279
1291742788,82
1291744232,22
1291748193,41
1291765045,95
1291766087,32
1291773488,14
1291777847,17
1291779094,54
1291779342,39
1291781923,67
1291783779,11957
1291802228,14
1291808712,34
1291810155,14
1291831530,25
1291833647,21
1291834848,81
1291842528,15
1291860076,180
1291886696,20
1291888782,163
1291892045,59
1291896819,873
1291900381,14
1291901874,21
1291907563,40
1291915843,13
1291918316,11
1291921955,92
1291923249,46
1291928218,3231
1291931737,29
1291936449,34
1291937778,13
1291943729,56
1291950976,27
1291958928,242
1291962137,34
1291967678,33
1291968232,14
1291968413,12
1291969904,69
1291971266,21
1291973553,17
1291974677,28
1291978751,37
1291979661,12
1291984090,11
1291987214,31
1291988340,1396
1291991682,54
1291993456,12
1291994110,474
1291996177,16
1292004082,12
1292006968,18
1292018156,14
1292028312,38
1292028472,33
1292033680,34
1292036695,25
1292060153,12
1292072706,387
1292088940,691
1292119534,17
1292122475,18
1292123666,11
1292128802,155
1292131224,11
1292146250,18
1292147528,11
1292149371,23
1292158992,391
1292163871,22
1292170877,31
1292185453,12
1292186249,54
1292190133,25
1292197111,130
1292208306,362
1292208583,72
1292215635,11
1292218441,24
1292223573,14
1292224631,150
1292226955,12
1292249533,244
1292251343,32
1292253630,13
1292256306,51
1292265540,78
1292266680,981
1292267299,13
1292271104,12
1292280196,14
1292280249,990
1292287896,15
1292290792,12
1292294946,16
1292295667,18
1292299068,24
1292302215,166
1292320543,24
1292336215,165
1292339579,17
1292341562,98
1292342255,165
1292354118,30
1292354210,74
1292361566,23
1292362076,18
1292365126,80
1292373208,24
1292381040,19
1292384008,19
1292397274,17
1292400473,11
1292406637,1189
1292419503,13
1292431002,54
1292434444,12
1292434453,19
1292436887,686
1292440059,66
1292440486,36
1292445645,49
1292447254,19
1292449656,182
1292458106,59
1292458261,51
1292458276,66
1292462975,193
1292469953,31
1292472665,68
1292477439,101
1292480695,86
1292482053,223
1292493380,6
1292505690,326
1292512549,46
1292523720,20
1292529733,229
1292530568,22
1292532003,40
1292544026,909
1292548604,16
1292550079,66
1292567425,115
1292572660,11
1292575405,17
1292581405,34
1292586353,27
1292586410,19
1292588083,999
1292591034,28
1292593684,18
1292598243,11
1292601409,158
1292602748,14
1292603082,800
1292611271,789
1292612825,12
1292617331,55
1292634875,15
1292652711,73
1292661106,42
1292661997,111
1292662826,65
1292666572,11
1292668977,191
1292670045,37
1292672931,402
1292678764,36
1292687159,77
1292688393,25
1292699127,18
1292704139,49
1292706893,17
1292707082,27
1292709273,139
1292721506,11
1292725081,69
1292726463,79
1292729732,44
1292731455,10
1292735425,13
1292747834,30
1292752293,17
1292756053,1059
1292758637,1243
1292778431,28
1292799650,37
1292803076,62
1292805205,23
1292810049,23
1292811392,22
1292813857,2
1292815860,67
1292817311,149
1292818025,22
1292826636,13
1292842754,117
1292847561,20
1292859223,31
1292864285,712
1292868982,11
1292887429,20
1292893151,43
1292896360,12
1292904557,23
1292907011,22
1292908333,146
1292915032,36
1292917621,29
1292920091,31
1292928838,30
1292930883,28
1292931248,10
1292937850,179
1292949057,31
1292959171,118
1292960437,37
1292961099,12
1292965534,14
1292967604,40
1292971902,14
1292975337,14
1292983476,12
1292983646,54
1292989544,68
1292994362,11
1292995916,112
1293002033,360
1293011705,15
1293014571,332
1293016738,15
1293023344,127
1293023679,82
1293028049,12
1293029871,40
1293036742,97
1293037643,87
1293047359,105
1293051640,294
1293054306,647
1293055082,39
1293060614,79
1293066810,44
1293079208,455
1293080938,23
1293082552,32
1293082777,18
1293089313,16
1293092240,12
1293097754,29
1293099389,12
1293121942,701
1293123016,57
1293128596,714
1293133470,221
1293133608,28
1293140821,13
1293141447,11
1293142835,980
1293144497,26
1293145788,25
1293146740,77
1293152736,30
1293153760,102
1293166992,61
1293174594,66
1293181078,11
1293188585,30
1293204556,150
1293213640,11
1293219971,126
1293238217,510
1293242972,14
1293267652,106
1293275849,471
1293280723,11
1293282148,19
1293287983,55
1293290940,809
1293297917,14
1293298064,148
1293302148,88
1293329788,224
1293335769,22
1293344248,24
1293344456,405
1293344851,16
1293359656,15
1293366476,15
1293369680,15
1293371220,1028
1293372051,1843
1293373926,33
1293378728,13
1293392008,693
1293394740,14
1293395679,34
1293400026,34
1293418144,17
1293424064,12
1293445504,53
1293447853,11
1293450941,165
1293455732,95
1293462968,26
1293462979,9
1293473664,701
1293475762,34
1293493599,19
1293496062,122
1293499204,10
1293502352,35
1293519413,24
1293522928,12
1293528120,17
1293528352,292
1293532831,15
1293536570,12
1293548427,703
1293565442,36
1293566414,30
1293583727,137
1293585276,13
1293587084,31
1293590308,19
1293591465,65
1293596948,11
1293597225,103
1293600453,7265
1293606558,14
1293608593,1423
1293617341,43
1293625280,12
1293627972,21
1293631192,95
1293640519,744
1293647745,40
1293670798,964
1293691564,95
1293698128,58
1293717587,31
1293717823,135
1293718969,183
1293725667,13
1293727298,73
1293729903,149
1293735542,12
1293742072,975
1293743886,108
1293746415,24
1293746575,65
1293747025,142
1293779161,11
1293801504,50
1293806470,959
1293816309,12
1293840610,36
1293842570,218
1293851627,16
1293861908,13
1293876403,12
1293878496,17
1293889404,182
1293898786,57
1293916696,11
1293924437,90
1293928181,13
1293928825,45
1293935952,17
1293948993,359
1293950824,15
1293955244,35
1293963558,29
1293965946,178
1293975384,46
1293985158,12
1294008777,97
1294032882,239
1294038867,10
1294040598,12
1294058995,12
1294069826,13
1294075523,11
1294080817,19
1294094207,18
1294114499,45
1294119998,23
1294147380,11
1294157055,200
1294164685,79
1294200741,78
1294251753,10
1294259549,15
1294279713,13
1294301160,11
1294301448,17
1294305994,14
1294311895,12
1294326780,17
1294327901,33
1294329282,12
1294335516,11
1294339931,180
1294369296,68
1294382024,76
1294390376,122
1294414219,15
1294424063,14
1294427913,172
1294430749,39
1294440483,40
1294459630,76
1294466084,21
1294477200,17
1294480204,24
1294485027,21
1294528581,25
1294530640,11
1294538140,18
1294541211,70
1294544128,1062
1294544597,473
1294557892,12
1294558076,14
1294559854,34
1294560117,19
1294562764,421
1294565886,15
1294567068,100
1294575107,12
1294577372,11
1294586858,40
1294595799,12
1294598436,32
1294604196,40
1294606260,24
1294607633,12
1294612352,306
1294614334,11
1294614772,82
1294616220,21
1294616380,224
1294624577,11
1294625255,41
1294626733,81
1294637523,890
1294651771,35
1294654664,53
1294665149,64
1294667605,17
1294673670,135
1294674709,2
1294677362,16
1294678204,131
1294679712,21
1294680964,27
1294682236,17
1294686811,133
1294697127,13
1294704254,130
1294722834,174
1294725438,18
1294739070,312
1294760990,144
1294763382,15
1294778982,39
1294780198,16
1294787951,138
1294795779,16
1294799753,17
1294821660,175
1294843676,11
1294849806,37
1294852002,21
1294874234,24
1294885537,202
1294904000,79
1294906029,60
1294907218,18
1294912115,8
1294939035,75
1294941326,12
1294942498,23
1294942686,80
1294956555,216
1294964139,1416
1294964918,82
1294968216,123
1294974964,170
1294980132,13
1294988947,472
1294991594,13
1295000646,18
1295002937,100
1295008567,11
1295009923,13
1295011810,12
1295012792,45
1295013795,17
1295023708,19
1295039995,365
1295042547,19
1295046960,89
1295051598,164
1295060661,28
1295060983,24
1295063350,11
1295070151,243
1295073265,222
1295085779,16
1295092827,317
1295108547,43
1295116325,11
1295117727,304
1295145837,17
1295147490,11
1295154902,1363
1295162156,13
1295166457,30
1295167025,38
1295170501,32
1295183786,12
1295184546,12
1295185242,12
1295186092,17
1295189385,28
1295193750,15
1295194584,13
1295196892,15
1295199205,13
1295206342,15
1295238533,14
1295262141,13
1295266264,11
1295274853,80
1295282395,13
1295282888,8
1295293233,17
1295293717,45
1295296921,41
1295298451,21
1295303557,20
1295310807,51
1295314945,171
1295320127,33
1295320647,11
1295320736,53
1295344808,14
1295352755,103
1295357346,55
1295359708,52
1295363021,135
1295373582,14
1295383219,126
1295385692,11
1295386434,18
1295387006,68
1295422942,16
1295427123,18
1295438128,36
1295447882,11
1295450141,237
1295470853,1706
1295478728,14
1295482110,333
1295484476,52
1295495980,14
1295496217,16
1295503278,11
1295510275,69
1295512859,18
1295515267,116
1295524525,30
1295531254,1670
1295543570,12
1295554023,111
1295577734,109
1295578280,22
1295581894,122
1295583883,26
1295584891,71
1295589978,15
1295590478,32
1295597289,77
1295607005,24
1295614877,12
1295618902,99
1295624544,41
1295634529,190
1295648738,330
1295649165,112
1295650615,19
1295653490,42
1295653887,37
1295657237,12
1295658103,21
1295661278,19
1295663128,20
1295663977,10
1295664380,12
1295670327,12
1295676197,219
1295680592,3
1295683877,12
1295688847,112
1295708862,577
1295712140,14
1295714815,19
1295719629,11
1295728986,11
1295752474,318
1295764899,16
1295765493,21
1295766600,39
1295767617,33
1295768859,161
1295801352,12
1295803985,31
1295809480,17
1295814352,23
1295829277,39
1295835040,436
1295852963,26
1295858816,42
1295864070,161
1295864331,43
1295865553,17
1295872517,20
1295877973,15
1295884284,69
1295896484,11
1295901464,114
1295902352,22
1295906282,11
1295937847,92
1295960115,21
1295965137,66
1295965620,70
1295967737,15
1295970455,105
1295972337,75
1295974987,54
1295975920,20
1295985574,69
1295987763,3947
1295989621,39
1295989737,21
1295990330,13
1295991094,30
1295994638,80
1295996145,13
1296000788,177
1296000930,57
1296003611,14
1296010200,111
1296016648,103
1296016994,51
1296021415,34
1296024548,1533
1296024915,51
1296036886,3326
1296040105,31
1296041659,109
1296050346,632
1296055654,54
1296056515,22
1296063605,13
1296067151,18
1296072145,76
1296078792,12
1296078951,20
1296083576,15
1296087127,11
1296090089,42
1296102301,416
1296107475,776
1296111192,1787
1296111638,32
1296111994,21
1296114889,44
1296119852,35
1296124729,16
1296129407,12
1296135579,24
1296135758,44
1296137450,11
1296138876,22
1296148658,16
1296153067,15
1296163320,32
1296189318,33
1296190079,39
1296191071,21
1296243058,28
1296248129,65
1296250451,250
1296256899,11
1296260901,38
1296263522,199
1296273774,15
1296300799,7500
1296301313,1320
1296302822,1553
1296309599,11
1296312541,47
1296316820,13
1296324767,141
1296326316,68
1296329468,12
1296340792,12
1296344930,631
1296347944,294
1296348059,20
1296349582,254
1296349983,12
1296350812,82
1296354941,18
1296365237,560
1296375920,623
1296381450,31
1296383855,189
1296385256,293
1296390238,15
1296397537,85
1296404338,136
1296408226,15
1296425754,13
1296432061,11
1296432740,98
1296434943,184
1296435222,26
1296438403,30
1296441594,63
1296444434,11
1296449838,93
1296450945,48
1296452875,19
1296462200,271
1296465177,14
1296466648,11
1296471020,14
1296471449,1917
1296472403,141
1296476248,23
1296478978,41
1296484148,36
1296496065,1371
1296507270,21
1296536402,11
1296537614,11
1296544715,18
1296544815,17
1296550039,221
1296553907,16
1296555600,41
1296557893,43
1296570575,45
1296573992,23
1296584227,16
1296585751,308
1296602376,84
1296607973,430
1296621402,12
1296624267,13
1296627757,1000
1296635340,42
1296635666,15
1296643720,30
1296649748,18
1296661225,133
1296668674,68
1296672011,126
1296678306,371
1296678314,55
1296680841,1324
1296682078,74
1296688714,45
1296688895,609
1296694442,12
1296704053,12
1296704062,17
1296711588,320
1296713807,18
1296717138,32
1296734416,12
1296738161,71
1296742217,17
1296751400,198
1296768326,92
1296774563,26
1296775646,28
1296778468,14
1296780960,171
1296787820,29
1296792942,15
1296792947,61
1296793921,43
1296808521,179
1296814267,12
1296817533,99
1296830362,35
1296833527,91
1296836072,270
1296841294,103
1296854989,167
1296857699,248
1296861532,43
1296874887,63
1296880286,11
1296882043,32
1296889061,23
1296900853,12
1296903699,17
1296904602,10
1296913096,257
1296922843,15
1296926632,11
1296929824,15
1296931670,19
1296935864,128
1296936472,24
1296937336,13
1296938579,11
1296941059,18
1296944672,17
1296959361,35
1296961913,76
1296963477,550
1296965951,84
1296980330,14
1296981871,59
1296982152,282
1296994850,28
1297000919,29
1297003539,42
1297004839,33
1297007256,112
1297007799,14
1297010149,834
1297013313,70
1297019929,107
1297022212,120
1297029834,15
1297030348,20
1297030493,12
1297042736,44
1297044174,11
1297049157,20
1297062286,17
1297072142,105
1297075250,17
1297080538,14
1297089591,545
1297090793,202
1297091782,25
1297099848,29
1297100398,182
1297105175,17
1297115272,121
1297115450,136
1297117944,43
1297121898,50
1297147597,28
1297152948,74
1297155925,72
1297161149,29
1297161557,63
1297163433,12
1297184998,14
1297185351,31
1297186508,54
1297186619,25
1297191394,147
1297197942,105
1297198645,25
1297199648,23
1297208047,25
1297211063,297
1297212179,113
1297221666,42
1297241435,27
1297245314,61
1297248636,234
1297251847,25
1297263342,23
1297265714,20
1297266248,18
1297278222,687
1297287351,13
1297290359,11
1297304889,15
1297305171,12
1297306766,17
1297309880,13
1297313158,429
1297316519,9254
1297316564,209
1297317945,30
1297321757,15
1297321788,11
1297325058,11
1297334206,58
1297337135,31
1297343026,12
1297343152,40
1297344540,19
1297353293,18
1297357632,35
1297368894,14
1297368927,21
1297376870,36
1297377707,13
1297379226,46
1297385317,17
1297385905,13
1297386092,43
1297386391,392
1297390767,14
1297390829,34
1297391498,32
1297393883,17
1297397966,20
1297399684,17
1297400572,18
1297413550,19
1297414511,110
1297419526,12
1297429458,70
1297429477,40
1297446091,16
1297448989,426
1297451260,23
1297451632,13
1297461538,18
1297462855,22
1297466672,30
1297478882,35
1297479393,29
1297491478,16
1297510474,18
1297517585,16
1297517968,263
1297518870,17
1297526964,21
1297534990,37
1297538014,112
1297551407,11
1297552482,115
1297553204,108
1297560051,21
1297560842,10
1297561834,14
1297567382,14
1297571002,30
1297572541,146
1297573774,28
1297574911,87
1297579661,32
1297579800,55
1297586900,38
1297595257,12
1297600783,15
1297601919,11
1297602645,11
1297607175,131
1297608111,71
1297611216,144
1297616368,14
1297622897,19
1297633053,714
1297638244,12
1297638533,174
1297643511,17
1297645533,1034
1297650803,23
1297652810,60
1297660778,17
1297668161,40
1297680341,11
1297684377,16
1297691747,172
1297694352,67
1297701040,21
1297703342,33
1297709406,22
1297730581,20
1297731029,11
1297738589,50
1297757117,21
1297762386,14
1297766097,20
1297772192,18
1297776074,199
1297776908,88
1297780347,93
1297789435,20
1297797901,111
1297799377,216
1297814636,16
1297823302,86
1297827159,143
1297831184,58
1297837446,17
1297839489,16
1297852583,12
1297874042,15
1297878371,120
1297899871,23
1297902282,89
1297912696,217
1297916761,26
1297920557,17
1297937750,23
1297941714,57
1297960940,10
1297972250,56
1297979369,486
1297980145,224
1297984221,133
1297985737,134
1297986858,18
1297987227,33
1297988963,50
1297991968,18
1297996943,64
1298001693,95
1298006204,19
1298013097,12
1298015891,12
1298021489,1878
1298031533,156
1298034075,16
1298034949,80
1298037639,256
1298047052,17
1298065682,116
1298073124,26
1298076016,18
1298084716,276
1298096233,29
1298098092,12
1298105768,36
1298108536,39
1298110150,235
1298112590,41
1298115146,128
1298118528,298
1298121049,13
1298121347,18
1298124536,376
1298127389,98
1298128822,17
1298139536,22
1298139770,14
1298145673,160
1298145851,38
1298147715,16
1298153351,58
1298158902,93
1298159301,12
1298164075,303
1298174000,21
1298175867,20
1298176929,12
1298178349,43
1298186451,25
1298188743,53
1298189234,869
1298191005,37
1298195189,43
1298197046,35
1298203529,44
1298208279,27
1298208802,52
1298208916,14
1298209482,20
1298212519,13
1298216311,39
1298216890,21
1298217981,13
1298228264,31
1298231282,21
1298235708,18
1298244810,1445
1298247950,12
1298248424,26
1298256193,15
1298265782,254
1298271854,32
1298273456,23
1298282884,107
1298282939,142
1298297236,12
1298301815,810
1298301851,11
1298306683,63
1298311899,17
1298314398,22
1298317899,22
1298319935,11
1298324581,130
1298330759,18
1298330762,170
1298330810,11
1298332713,12
1298335317,13
1298337778,19
1298338127,14
1298340918,12
1298351236,18
1298351661,13
1298354563,161
1298354719,29
1298358083,45
1298373015,15
1298373096,22
1298373549,26
1298381505,60
1298389464,29
1298394175,126
1298402143,11
1298402208,22
1298402291,23
1298402884,107
1298409173,15
1298416012,20
1298420807,22
1298421702,13
1298423396,43
1298427761,45
1298430385,17
1298439325,11
1298441011,105
1298444438,33
1298453081,73
1298458766,131
1298481506,27
1298494423,28
1298496770,12
1298500250,50
1298511776,11
1298514297,119
1298518446,14
1298522061,27
1298524881,20
1298526427,16
1298531535,25
1298540929,178
1298547105,13
1298559004,13
1298568456,21
1298569568,65
1298598437,22
1298605985,44
1298611557,244
1298624897,15
1298625952,11
1298628293,18
1298634910,15
1298655641,22
1298661166,24
1298661864,55
1298662780,48
1298664835,33
1298677021,23
1298681190,20
1298696137,8459
1298699871,21
1298699946,12
1298703923,30
1298710636,104
1298717535,23
1298735948,204
1298738983,39
1298757994,31
1298760593,178
1298761206,29
1298776816,64
1298780689,114
1298781357,116
1298783167,111
1298783301,24
1298783547,15
1298786796,11
1298794128,53
1298803736,29
1298805587,13
1298809747,21
1298817286,116
1298818939,52
1298823265,12
1298825209,1967
1298830469,39
1298833847,42
1298834861,24
1298835702,33
1298841963,13
1298848762,13
1298849251,225
1298852328,79
1298872729,17
1298874131,20
1298890469,42
1298890549,2379
1298891627,12
1298894439,14
1298907438,11
1298912593,29
1298912749,124
1298912807,249
1298916380,43
1298933079,102
1298948475,19
1298954696,90
1298956127,13
1298962178,16
1298962714,106
1298977090,528
1298994476,14
1298994734,120
1298997344,65
1298998324,1818
1299013183,20
1299018515,13
1299019739,16
1299021024,11
1299021923,19
1299023861,286
1299029071,27
1299032911,11
1299043514,356
1299058088,93
1299059228,437
1299061576,21
1299064384,24
1299071115,24
1299074098,19
1299075417,36
1299075519,1603
1299075525,28
1299079746,14
1299086165,23
1299087924,50
1299089998,148
1299096615,53
1299098282,20
1299101460,19
1299102186,94
1299103445,26
1299104550,87
1299108987,160
1299109556,158
1299110267,20
1299111270,13
1299119693,16
1299120455,9
1299128832,20
1299132400,14
1299132437,14
1299133936,248
1299153287,42
1299169140,11
1299172984,27
1299183411,49
1299193892,13
1299196724,22
1299197215,14
1299225226,115
1299227072,827
1299238284,17
1299238433,163
1299239337,52
1299242771,14
1299248993,23
1299249091,253
1299249144,17
1299251844,14
1299255113,181
1299261309,18
1299261988,12
1299266129,284
1299274014,18
1299280818,15
1299283711,14
1299284253,20
1299297301,168
1299299202,63
1299300597,22
1299306532,276
1299306749,21
1299316742,66
1299322393,27
1299324984,36
1299326490,50
1299332215,20
1299332376,150
1299332647,22
1299349744,11
1299352195,55
1299353838,23
1299354393,13
1299359887,22
1299363480,19
1299377098,69
1299377596,67
1299381557,190
1299391180,283
1299391914,25
1299395003,15
1299400246,11
1299402689,46
1299402817,11
1299405532,127
1299411037,15
1299415612,128
1299421080,13
1299421104,60
1299424782,19
1299427635,20
1299436675,92
1299444163,87
1299445392,11
1299446983,133
1299449396,15
1299454616,46
1299460293,577
1299469235,18
1299472893,329
1299481757,61
1299483807,89
1299494230,7
1299499111,51
1299501821,16
1299504474,176
1299510850,15
1299516451,44
1299518666,442
1299521785,11
1299531705,31
1299534286,0
1299534612,15
1299542547,168
1299544119,33
1299546674,69
1299550692,94
1299564899,40
1299570761,20
1299573741,40
1299576815,12
1299585779,21
1299592457,13
1299593939,26
1299607106,16
1299608688,132
1299619059,57
1299619868,609
1299627068,79
1299628213,29
1299635121,86
1299639457,169
1299641278,11
1299643404,52
1299650759,24
1299670317,53
1299674676,12
1299677078,14
1299682787,59
1299690480,11
1299691584,173
1299693466,11
1299702144,11
1299704239,30
1299708536,15
1299711281,63
1299715232,41
1299727198,11
1299734316,193
1299745606,28
1299750967,91
1299751691,0
1299769220,10982
1299770029,14
1299774848,15
1299809384,15
1299811667,69
1299816105,15
1299818157,297
1299820860,510
1299821808,11
1299827099,185
1299833043,40
1299839177,22
1299847522,13
1299849814,22
1299851932,27
1299864365,21
1299867005,11
1299867514,48
1299869694,36
1299872453,12
1299882935,11
1299885911,601
1299896218,108
1299899824,11
1299907984,46
1299929539,14
1299936609,452
1299946390,22
1299946731,13
1299948312,39
1299952233,444
1299952957,83
1299953207,33
1299963641,104
1299963876,11
1299964707,12
1299965162,101
1299966529,476
1299969979,82
1299969985,34
1299980464,68
1299986260,65
1299986993,24
1299988557,14
1299989769,13
1300007385,11
1300023993,102
1300024503,306
1300026933,20
1300030250,29
1300033738,15
1300037652,11
1300040942,99
1300044327,11
1300055099,50
1300059342,82
1300071253,16
1300071984,28
1300082213,13
1300084498,60
1300088092,30
1300105970,11
1300107229,45
1300108628,196
1300123581,186
1300128098,13
1300130121,23
1300134200,146
1300140564,55
1300144318,128
1300145782,278
1300146141,40
1300147591,11
1300153697,330
1300159001,99
1300163727,16
1300164590,55
1300164869,16
1300165290,140
1300168072,150
1300169986,14
1300171107,129
1300173275,1135
1300181963,111
1300184722,199
1300186785,11
1300197094,20
1300200526,13
1300204002,129
1300204425,577
1300211152,142
1300212740,76
1300220661,126
1300223688,12
1300229326,29
1300230372,92
1300237368,140
1300238188,18
1300238967,15
1300241319,20
1300242971,128
1300259063,138
1300264661,20
1300265377,144
1300269999,20
1300271089,38
1300271177,39
1300271266,40
1300271366,42
1300271521,41
1300273081,73
1300277628,155
1300282659,96
1300282686,17
1300286845,62
1300287685,10
1300290874,29
1300293955,28
1300293986,177
1300295755,152
1300296756,16
1300312117,12
1300333512,149
1300337557,42
1300342376,60
1300346777,12
1300351141,13
1300374453,137
1300398921,16
1300401366,37
1300401875,11
1300402437,65
1300418295,631
1300426327,11
1300430658,69
1300438415,21
1300442898,108
1300446024,15
1300446537,131
1300454484,20
1300459912,27
1300470235,35
1300475417,11
1300484864,203
1300502001,285
1300521661,14
1300523446,59
1300529775,14
1300531108,25
1300533212,46
1300537112,19
1300541341,103
1300541916,65
1300555995,880
1300568623,4
1300573378,59
1300576199,14
1300577620,24
1300585573,19
1300589372,29
1300596785,151
1300599779,133
1300600847,20
1300608745,14
1300610806,41
1300611018,229
1300612704,2470
1300619513,21
1300628885,20
1300631934,74
1300639224,17
1300644113,13
1300652164,24
1300660330,126
1300666568,41
1300667851,23
1300682631,13
1300707779,15
1300708293,12
1300711133,24
1300712725,19
1300713717,35
1300715013,31
1300719974,408
1300734020,25
1300735116,34
1300757259,33
1300758392,36
1300781672,189
1300791877,43
1300815089,13
1300819170,288
1300825690,61
1300825775,1104
1300827846,3
1300835670,22
1300836505,13
1300838692,13
1300839466,11
1300842713,18
1300848633,16
1300865153,14
1300874608,12
1300882050,18
1300884779,12
1300895082,11
1300901348,33
1300901573,13
1300902838,27233
1300907089,42
1300919728,17
1300920852,24
1300955288,14
1300958163,12
1300976699,13
1300982703,170
1300983367,18
1300983387,193
1300991151,892
1300993394,14
1300995235,39
1301004291,23
1301005835,43
1301016329,23
1301017059,19
1301031527,24
1301031639,24
1301032546,12
1301035913,24
1301065951,35
1301067430,24
1301073151,75
1301073295,17
1301075215,38
1301078425,49
1301103236,124
1301105296,394
1301106961,94
1301107406,12
1301120666,79
1301131750,691
1301131878,31
1301135117,30
1301140584,150
1301140808,17577
1301143981,16
1301149423,35
1301150154,28
1301161602,23
1301161752,221
1301178592,62
1301196895,231
1301197444,34
1301199747,42
1301201613,151
1301214182,23
1301224634,30
1301229724,11
1301231972,274
1301238021,159
1301241951,27
1301246878,106
1301251656,14
1301253208,49
1301254363,10
1301254884,453
1301262267,30
1301266742,45
1301269170,26
1301277455,18
1301292883,37
1301304056,68
1301304237,91
1301305238,15
1301308862,13
1301312343,204
1301318281,21
1301322902,24
1301323244,31
1301337818,271
1301347593,16
1301348114,99
1301348989,13
1301356813,14
1301360919,12
1301366518,48
1301371493,16
1301373645,19
1301374527,33
1301376039,305
1301376665,16
1301386747,63
1301387395,13
1301389817,13
1301401232,38
1301417762,18
1301419178,23
1301421907,19
1301439040,27
1301444342,15
1301445158,27
1301448027,56
1301454477,22
1301455815,25
1301458181,21
1301463756,20
1301464980,16
1301466336,14
1301469329,100
1301471093,22
1301472388,11
1301472408,15
1301482787,16
1301485123,1453
1301485816,477
1301486204,15
1301491918,48
1301492559,52
1301493865,39
1301494149,22
1301495364,18
1301498505,43
1301498945,178
1301502264,54
1301503296,17
1301518021,69
1301523028,12
1301525143,19
1301527869,43
1301528097,67
1301533608,117
1301539175,11
1301540478,174
1301541289,22
1301553303,11
1301558114,18
1301558649,21
1301563271,433
1301565741,18
1301570059,290
1301573339,49
1301575666,11
1301592495,15
1301596482,76
1301597356,14919
1301607598,1319
1301611769,32
1301639709,20
1301640367,185
1301641528,33
1301643310,38
1301645599,165
1301647948,13
1301650386,18
1301653337,881
1301653989,15
1301657572,4240
1301664801,52
1301667013,55
1301672719,765
1301672906,11
1301673577,21
1301680407,104
1301683816,395
1301693327,34
1301694982,16
1301707902,13
1301707912,129
1301709626,76
1301723360,22
1301724538,10
1301725592,32
1301725727,215
1301735289,11
1301738357,18
1301756334,30
1301767680,17
1301774983,52
1301783112,60
1301788801,11
1301790724,47
1301793165,12
1301796528,61
1301799748,11
1301809788,12
1301812872,48
1301815832,12
1301819599,20
1301837591,17
1301841465,52
1301842269,15
1301856089,63
1301856519,54
1301861241,23
1301870117,24
1301873855,15
1301875103,20
1301893348,11
1301898837,91
1301903391,179
1301910694,17
1301917947,82
1301924377,12
1301926418,12
1301934121,78
1301934220,13
1301938254,23
1301958727,15
1301967069,12
1301969071,31
1301983899,82
1301987551,30
1301992438,23
1301998668,14
1302005433,21
1302010381,17
1302014092,13
1302019080,250
1302019326,55
1302026716,13
1302029387,31
1302029423,27
1302030647,15
1302031002,123
1302033406,12
1302037370,22
1302045369,70
1302055571,11
1302065011,11
1302067941,40
1302077273,1423
1302080030,28
1302087529,12
1302093382,552
1302111336,31
1302124928,29
1302126016,12
1302130459,11
1302142167,11
1302151905,11
1302151966,126
1302155396,13
1302164086,30
1302170043,138
1302170604,37
1302172683,934
1302190660,69
1302193564,32
1302201356,18
1302202107,65
1302202880,66
1302205024,14
1302216725,16
1302223856,50
1302236535,12
1302242606,33
1302252210,183
1302262750,129
1302268312,52
1302269184,32
1302273154,90
1302277405,46
1302282559,11
1302287414,77
1302291872,21
1302293443,12
1302296412,20
1302297836,40
1302314093,25
1302314352,21
1302315783,36
1302319451,101
1302326901,24
1302327379,24
1302328224,23
1302329332,94
1302335558,29
1302375379,68
1302377433,21
1302393186,16
1302393754,11
1302398032,2193
1302409680,977
1302413366,19
1302419828,43
1302426780,230
1302427034,22
1302432918,13
1302437664,11
1302438629,20
1302442495,12
1302448737,499
1302459541,76
1302460137,196
1302464336,14
1302471470,20
1302482437,38
1302483274,138
1302484474,29
1302488768,14
1302494840,18
1302496224,2063
1302501377,17
1302513522,32
1302513724,35
1302521362,31
1302522817,18
1302531339,164
1302544971,489
1302546604,61
1302549724,120
1302552260,15
1302580709,11
1302584359,29
1302595848,108
1302610309,26
1302612528,746
1302615481,30
1302629692,34
1302634008,28
1302637079,15
1302637373,15
1302641378,85
1302643506,103
1302655029,12
1302657908,21
1302669715,27
1302685462,11
1302690078,5956
1302692944,80
1302700567,17
1302701321,46
1302709654,14
1302734131,24
1302741039,64
1302744897,19
1302746638,23
1302754015,33
1302754323,37
1302756008,2211
1302761259,100
1302771066,12
1302773900,11
1302778457,25
1302780148,36
1302782677,13
1302793047,55
1302800669,54
1302801301,20
1302802371,112
1302812797,13
1302822509,20
1302826533,13
1302835106,12
1302842290,140
1302855458,98
1302856834,16
1302865155,57
1302873627,15
1302875835,16
1302888707,45
1302893901,15
1302903993,19
1302904622,25
1302911872,83
1302914488,32
1302915552,281
1302920880,26
1302925060,78
1302937875,30
1302938232,24
1302940207,11
1302949847,27
1302950792,11
1302959913,12
1302961227,43
1302962846,84
1302973507,115
1302983718,57
1302984367,109
1302986554,2542
1302986974,13
1302987358,34
1302988703,80
1303008060,95
1303020015,310
1303030097,68
1303043661,21
1303049566,62
1303050614,25
1303051373,16
1303057578,15
1303075050,594
1303081147,11
1303082204,347
1303090597,15
1303097886,11
1303104453,57
1303104741,14
1303106583,46
1303110640,47
1303111815,37
1303113964,49
1303123981,20
1303124963,98
1303137568,51
1303140174,12
1303160078,28
1303172472,16
1303179284,13
1303197338,57
1303214804,41
1303225493,21
1303228846,16
1303237716,19
1303245406,17
1303253010,104
1303257127,60
1303258850,4292
1303265999,183
1303267474,46
1303272248,17
1303275522,12
1303275802,14
1303286155,35
1303294638,52
1303294671,13
1303299294,26
1303306436,35
1303311265,11
1303315804,16
1303315918,230
1303322746,46
1303323911,214
1303346313,12
1303358961,19
1303365335,46
1303367978,222
1303388198,781
1303415892,18
1303419599,19
1303424682,14
1303426000,29
1303430390,98
1303433856,54
1303444609,2549
1303452389,138
1303452678,128
1303463449,157
1303475491,38
1303494416,1455
1303499948,53
1303503512,30
1303504717,216
1303506142,12
1303508772,13
1303509322,14
1303510493,16
1303516931,911
1303528937,75
1303535884,11
1303535947,15
1303542206,71
1303546492,207
1303556295,13
1303558514,180
1303562328,11
1303563430,58
1303570795,20
1303576851,1251
1303602767,13
1303608426,130
1303612962,33
1303627608,26
1303631320,12
1303633647,112
1303635921,12
1303648567,47
1303649436,16
1303650717,20
1303654689,63
1303659182,125
1303663690,103
1303663929,20
1303665181,83
1303675692,14
1303694788,28
1303698387,19
1303700237,22
1303704650,13
1303711609,958
1303715087,198
1303720139,11
1303720794,25
1303725660,40
1303741109,21
1303760460,31
1303763995,35
1303771560,14
1303772019,13
1303772993,11
1303775804,28
1303777396,16
1303780153,31
1303792328,26
1303796378,11
1303806285,28
1303808471,37
1303808541,99
1303816649,24
1303816773,18
1303817447,79
1303818519,21
1303823150,142
1303829880,2789
1303838051,11
1303840800,132
1303843138,51
1303846871,35
1303848201,348
1303848744,14
1303852154,20
1303852365,16
1303853001,13
1303856272,35
1303862796,18
1303875928,21
1303882206,13
1303900797,52
1303908751,27
1303913048,19
1303942681,58
1303943786,31
1303945692,42
1303947050,13
1303951648,147
1303954218,33
1303954895,19
1303964380,16
1303967338,29
1303967412,45
1303968701,33
1303972604,15
1303984411,64
1303985965,33
1303989795,11
1303993210,15
1303996759,18
1304004330,10
1304005951,14
1304007356,30
1304009131,159
1304012236,91
1304014128,205
1304019895,130
1304024914,44
1304027230,206
1304038436,15
1304050127,12
1304052892,33
1304056775,307
1304080289,96
1304084523,15
1304094516,70
1304107002,39
1304125705,21
1304129036,1315
1304135801,10
1304146485,26
1304149672,204
1304152620,20
1304156156,11
1304159264,6864
1304160686,16
1304167045,17
1304174300,255
1304196094,34
1304207622,5377
1304218593,24
1304222831,149
1304225766,13
1304226508,12
1304229261,572
1304232661,43
1304234956,23
1304237262,47
1304238224,27
1304238567,85
1304242618,25
1304244881,26
1304246254,13
1304260727,52
1304284285,11
1304294655,11
1304306112,23
1304310939,11
1304315081,104
1304318009,15
1304322497,53
1304325563,17
1304331546,15
1304333897,32
1304334984,38
1304335866,50
1304336034,14
1304337507,43
1304341067,36
1304347403,12
1304349828,82
1304349839,20
1304351988,13
1304355918,24
1304356697,13
1304359065,216
1304359834,12
1304373890,29
1304378523,41
1304378982,37
1304380332,13
1304384931,85
1304392490,30
1304397764,26
1304400002,45
1304404625,13
1304407094,196
1304420160,15
1304423757,32
1304431028,140
1304437369,14
1304442749,32
1304443596,17
1304443708,14
1304444662,45
1304451904,441
1304457622,11
1304464095,11
1304467806,77
1304468867,17
1304469036,17
1304471702,139
1304473868,355
1304488632,64
1304488811,35
1304493978,24
1304495415,148
1304495445,14
1304501122,52
1304506703,37
1304517830,20
1304518726,500
1304519591,39
1304520950,15
1304521366,193
1304525090,18
1304526833,13
1304529385,204
1304529563,152
1304529863,70
1304537180,16
1304537472,115
1304539881,34
1304542808,49
1304546130,11
1304549988,13
1304556871,34
1304559533,32
1304567127,50
1304567934,24
1304568773,14
1304570341,14
1304571083,12
1304573079,42
1304583136,22
1304586137,19
1304590740,28
1304591688,28
1304593240,16
1304593880,10
1304594889,37
1304599770,39
1304607940,12
1304610471,12
1304628219,13
1304628584,19
1304630405,12
1304631194,11
1304631348,35
1304632302,53
1304633776,53
1304642476,15
1304644472,29
1304659311,13
1304663770,266
1304667908,74
1304669452,50
1304671769,51
1304679633,33
1304680116,57
1304682395,63
1304694242,28
1304694611,28
1304696083,99
1304696714,712
1304697193,13
1304697544,21
1304718110,15
1304720132,11
1304728191,18
1304731994,86
1304734752,123
1304735130,66
1304742277,15
1304747155,152
1304750838,3
1304753624,54
1304758893,76
1304764603,21
1304766813,51
1304769562,12
1304775452,99
1304783749,147
1304785049,25
1304794847,71
1304799387,61
1304802486,19
1304806937,37
1304821256,15
1304823677,11
1304828386,39
1304831653,55
1304832932,58
1304837172,63
1304837388,16
1304837809,107
1304843457,222
1304844444,12
1304856087,37
1304862483,33
1304863350,14
1304879632,98
1304888461,82
1304901279,83
1304905329,256
1304911834,16
1304914989,19
1304923286,36
1304926283,116
1304927496,412
1304930510,29
1304935616,14
1304937943,203
1304942382,12
1304957651,1793
1304962944,13
1304963373,43
1304980197,21
1304985779,104
1304988216,33
1304995104,18
1304995293,20
1304997851,183
1305001221,108
1305002900,10
1305005489,28
1305006110,15
1305010238,18
1305016405,17
1305019885,17
1305021260,22
1305031967,12
1305036742,16
1305037983,170
1305045450,16
1305045933,35
1305046490,30
1305049060,24
1305054288,18
1305056966,135
1305056996,30
1305058794,833
1305066054,14
1305081724,13
1305081749,57
1305087722,20
1305087895,54
1305091317,35
1305101019,19
1305103103,81
1305107630,13
1305115824,149
1305117762,81
1305120433,31
1305120640,135
1305129752,176
1305133774,103
1305146030,58
1305148975,321
1305151705,57
1305155356,24
1305155429,39
1305161350,23
1305162257,13
1305162419,23
1305163853,8
1305176990,18
1305177869,84
1305178119,342
1305179696,108
1305184384,24
1305186432,34
1305188958,32
1305192376,369
1305195833,14
1305199771,22
1305202283,93
1305213459,30
1305213711,27
1305226250,26
1305228500,16
1305235960,6
1305236221,16
1305243490,12
1305243497,2719
1305247069,30
1305260901,11
1305262154,139
1305266704,26
1305267585,254
1305270236,15
1305271574,50
1305277048,39
1305279821,29
1305280727,16
1305283849,152
1305286302,18
1305295802,18
1305303119,33
1305317087,78
1305318180,19
1305322797,141
1305325533,62
1305351688,121
1305361578,87
1305361794,78
1305375036,65
1305383508,2449
1305384204,32
1305391575,104
1305402694,59
1305405354,110
1305418146,12
1305421235,726
1305422688,197
1305426955,11
1305428722,122
1305435762,12
1305444562,11
1305444772,93
1305456911,32
1305457480,187
1305464963,13
1305466278,491
1305470256,11
1305472088,10
1305474996,100
1305475154,74
1305475918,320
1305476274,17
1305485172,11
1305486782,15
1305490851,201
1305492582,26
1305492759,16
1305496722,53
1305498575,1294
1305507742,62
1305508043,68
1305509209,16
1305514578,18
1305525627,22
1305527469,33
1305530454,17
1305535459,43
1305540288,47
1305545535,450
1305549420,32
1305550169,11
1305551862,1121
1305552609,15
1305553926,12
1305556195,133
1305560524,20
1305561172,18
1305567778,14
1305570895,17
1305571335,11
1305571648,20
1305572065,19
1305587608,83
1305588644,11
1305591013,24
1305592881,13
1305597416,14
1305599336,17
1305603388,11
1305606229,204
1305616760,15
1305624022,748
1305625451,34
1305628084,60
1305637317,15
1305651780,20
1305660185,18
1305662208,20
1305662329,11
1305662779,32
1305663861,10430
1305666529,52
1305667339,66
1305679958,50
1305682786,17
1305699858,14
1305704141,63
1305705460,15
1305707360,28
1305709115,22
1305715709,22
1305721097,19
1305731992,35
1305741457,181
1305741622,28
1305744986,56
1305755468,77
1305772131,176
1305773751,16
1305774331,81
1305780550,51
1305782176,34
1305788388,27
1305789881,27
1305789974,38
1305790403,13
1305792661,90
1305796151,169
1305797201,88
1305803446,275
1305806069,29
1305806147,46
1305812425,29
1305814109,89
1305814495,30
1305816131,28
1305816675,22
1305818123,791
1305824431,15
1305828240,44
1305841714,45
1305844835,305
1305848083,13
1305848792,11
1305853910,15
1305853976,13
1305862430,28
1305863428,14
1305863751,24
1305864535,33
1305877496,86
1305881647,21
1305892412,21
1305900997,14
1305904986,51
1305914407,13
1305919833,59
1305923374,18
1305935350,18
1305945075,527
1305949408,1
1305949425,17
1305960325,101
1305965871,69
1305981225,12
1305990791,169
1305996784,25
1306012498,288
1306019889,403
1306022100,20
1306026425,24
1306027397,26
1306036902,117
1306049663,14
1306054893,13
1306059400,13
1306059784,37
1306061660,16
1306065843,3919
1306092159,11
1306100351,29
1306102701,12
1306119612,16
1306128367,18448
1306128677,25
1306129196,45
1306134583,14
1306136148,113
1306138051,18
1306142266,86
1306145188,15
1306154480,50
1306154585,125
1306167802,14
1306169988,126
1306176764,54
1306183965,81
1306195002,102
1306195025,13
1306196002,16
1306196215,43
1306213287,85
1306220964,12
1306234870,51
1306237950,46
1306249271,11
1306255186,19
1306263750,19
1306271858,11
1306272254,97
1306272949,270
1306273589,47
1306275910,48
1306277970,19
1306287993,11
1306292966,17
1306295483,12
1306296659,12
1306298776,186
1306300731,12
1306302333,35
1306308600,38
1306313813,17
1306319469,19
1306319471,21
1306319479,20
1306326204,457
1306330232,21
1306331131,18
1306332390,17
1306335487,37
1306342221,14
1306353245,32
1306364195,170
1306371157,116
1306378942,52
1306386497,29
1306396441,11
1306401233,20
1306402179,5
1306402746,5
1306405145,14
1306408422,130
1306410375,15
1306411267,19
1306413888,32
1306427790,39
1306430083,611
1306439313,31
1306443880,1263
1306446403,144
1306447506,577
1306448176,67
1306448250,11
1306451998,24
1306471514,15
1306476560,64
1306482063,182
1306485176,98
1306489798,16
1306493579,11
1306494403,70
1306496047,48
1306496060,124
1306498057,23
1306500877,47
1306503677,971
1306505608,13
1306505953,56
1306509662,80
1306512034,36
1306520275,104
1306537922,33
1306551257,24
1306551587,132
1306551914,16
1306568539,167
1306569406,11
1306578822,53
1306586377,34
1306592309,44
1306592644,54
1306595286,151
1306600992,26
1306604474,11
1306607268,212
1306613830,200
1306616266,48
1306619570,49
1306633324,13
1306637593,72
1306639516,11
1306656310,133
1306657349,46
1306659537,56
1306662378,127
1306664176,391
1306672032,94
1306694574,67
1306697289,11
1306706347,37
1306722822,7093
1306725865,77
1306727166,17
1306727670,3054
1306733753,3845
1306736699,64
1306741502,22
1306742639,11
1306743583,463
1306758289,1478
1306763846,12
1306768200,2271
1306781567,39
1306784204,14
1306792788,13
1306804150,206
1306816530,18
1306826997,42
1306834767,112
1306836270,530
1306846091,20
1306847201,62
1306848735,20
1306851637,9
1306851819,21
1306856013,12
1306859228,12
1306869516,7
1306872292,6
1306876863,3
1306882201,19
1306883915,23
1306885243,27
1306886896,38
1306893800,23
1306900312,1
1306905377,18
1306905855,11
1306907703,40
1306912075,0
1306912613,96
1306918164,1467
1306932520,73
1306938692,29
1306940144,102
1306953635,11
1306959362,19
1306960192,22
1306969596,140
1306983212,17
1306985248,20
1306985935,128
1306986142,15
1306989887,2223
1307004566,34
1307024852,52
1307025984,231
1307026151,23
1307033594,15
1307038453,1
1307059497,65
1307060259,22
1307062461,56
1307065127,13
1307068134,61
1307070667,147
1307074936,28
1307081893,11
1307084089,333
1307084846,138
1307093709,10
1307096111,36
1307097672,50
1307100597,56
1307104496,96
1307110961,13
1307119235,77
1307122649,15
1307122986,23
1307125130,11
1307144877,19
1307154301,310
1307155245,17
1307157054,58
1307160977,70
1307161130,136
1307162978,28
1307168916,25
1307169447,129
1307177229,12
1307178612,12
1307178735,101
1307179412,1563
1307180092,21
1307183421,14
1307194740,49
1307195678,22
1307197725,341
1307202159,331
1307203323,45
1307208902,11
1307213552,65
1307221879,49
1307230282,14
1307234647,13
1307244279,56
1307245581,13
1307248901,56
1307252454,1385
1307266417,150
1307270186,17
1307270471,22
1307270857,60
1307285110,124
1307304765,165
1307328292,11
1307328321,82
1307339612,22
1307341214,33
1307347009,13
1307347876,14
1307350189,343
1307351082,45
1307351509,15
1307354870,18
1307359698,75
1307370362,17
1307372176,17
1307376509,214
1307379556,263
1307383231,3552
1307383714,12
1307394829,21
1307404521,29
1307409549,12
1307416356,15
1307425320,28
1307432618,94
1307439103,14
1307442412,18
1307448787,100
1307465082,15
1307467681,83
1307469301,53
1307470770,12
1307476583,32
1307486190,2150
1307487818,15
1307488192,29
1307488413,14
1307488992,844
1307489758,19
1307509461,33
1307514479,107
1307527826,28
1307533166,11
1307534291,12
1307540755,20
1307547413,12
1307556669,34
1307559411,154
1307567870,83
1307568662,3781
1307584540,66
1307588143,47
1307596191,29
1307603352,50
1307624256,21
1307628678,14
1307633669,62
1307643131,12
1307643360,3
1307646804,17
1307648930,36
1307649454,43
1307649953,85
1307659690,11
1307667911,19
1307670544,20
1307672574,13
1307673508,33
1307677842,26
1307679581,2360
1307684244,62
1307694207,23
1307695013,98
1307697837,108
1307703830,196
1307704843,13
1307713600,30
1307720625,21
1307733763,97
1307742719,29
1307746958,15
1307751634,28
1307762938,506
1307767186,28
1307773072,39
1307773457,12
1307773990,41
1307787792,90
1307790733,111
1307805451,46
1307807240,39
1307809022,28
1307815143,16
1307817867,20
1307818034,92
1307830099,13
1307831948,14
1307836085,25
1307873912,33
1307885966,61
1307893307,36
1307896324,18
1307911548,57
1307912172,16
1307913805,18
1307918371,16
1307944394,44
1307949895,12
1307950090,19
1307951182,11
1307952399,22
1307954344,133
1307966960,42
1307972723,20
1307984484,554
1307987666,54
1307990988,12
1307991931,16
1307992645,29
1307993638,16
1308013171,21
1308019466,27
1308019480,12
1308021842,11
1308040005,82
1308045091,28
1308046435,37
1308056229,11
1308086960,11
1308097408,17
1308102087,41
1308110606,16
1308122629,71
1308123071,26
1308124634,90
1308138907,26
1308149332,286
1308172655,20
1308177433,11
1308192854,14
1308206794,16
1308217943,253
1308229925,12
1308234922,3001
1308245747,11
1308251239,11
1308263428,57
1308267692,48
1308268969,205
1308269277,18
1308273872,35
1308276831,13
1308280933,11
1308288667,120
1308290758,16
1308295979,83
1308296695,93
1308316384,31
1308322250,24
1308326597,105
1308327451,20
1308331067,18
1308334569,32
1308336615,24
1308340659,12
1308352598,23
1308359696,16
1308361498,82
1308364098,22
1308369084,64
1308381095,22
1308397376,56
1308398292,13
1308400131,20
1308404399,486
1308410531,27
1308414454,15
1308419721,49
1308444605,28
1308447765,15
1308448263,131
1308448270,316
1308458265,54
1308458354,520
1308460307,1112
1308461658,14
1308474631,24
1308479056,14
1308479983,45
1308481724,41
1308482715,22
1308497033,12
1308499720,15
1308503336,30
1308514289,11
1308517032,15
1308519003,15
1308521113,71
1308521559,157
1308528219,30
1308530009,107
1308538112,121
1308545018,23
1308548569,30
1308555341,26
1308558657,287
1308565466,16
1308567776,14
1308579255,23
1308593621,421
1308599537,146
1308602622,40
1308603606,32
1308612950,210
1308618376,48
1308622617,181
1308624046,11
1308625355,47
1308631974,17
1308634170,14
1308635689,22
1308635795,7
1308637634,27
1308644868,17
1308648534,810
1308651022,66
1308653896,17
1308660921,26
1308661698,13
1308671430,16
1308673015,36
1308686491,400
1308693057,14
1308694936,40
1308708421,121
1308728666,13
1308739986,46
1308745348,15
1308747824,19
1308758430,22
1308759155,22
1308779766,27
1308788921,20
1308795025,1571
1308801528,41
1308805179,45
1308807827,12
1308813487,113
1308815776,57
1308834602,19
1308843906,421
1308844682,22
1308850915,64
1308857652,13
1308865998,22
1308867877,40
1308872614,13
1308873515,82
1308878403,32
1308921817,25
1308924030,11
1308924757,70
1308942123,486
1308959443,62
1308968509,18
1308979112,11
1308984967,13
1309028497,13
1309033539,11
1309035989,16
1309048757,318
1309051991,20
1309080643,11
1309088427,24
1309088889,165
1309091925,127
1309099862,15
1309101083,12
1309102418,2886
1309106162,16
1309107879,145
1309108751,16
1309116723,38
1309124917,22
1309132872,37
1309135706,250
1309137852,16
1309144942,12
1309151187,46
1309160635,19
1309164822,32
1309173710,38
1309188262,21
1309225609,18
1309235326,13
1309245485,23
1309246845,82
1309247489,26
1309249926,1510
1309280330,16
1309282831,588
1309286742,13
1309288350,21
1309325573,21
1309341321,288
1309348250,73
1309349093,14
1309360788,50
1309365929,19
1309370339,17
1309385521,20
1309391856,19
1309393265,19
1309393482,11
1309399723,512
1309403290,15
1309407208,26
1309410209,13
1309425913,67
1309433170,15
1309433504,157
1309435192,35
1309437536,632
1309439134,21
1309451980,3593
1309472658,17
1309476358,185
1309487694,25
1309499087,1120
1309505221,1335
1309510538,40
1309516453,14
1309540034,18
1309545902,48
1309553976,35
1309554690,195
1309561049,14
1309581098,13
1309583104,13
1309585508,983
1309586086,46
1309586764,11
1309587458,222
1309589962,26
1309597733,19
1309601929,32
1309605115,17
1309611294,20
1309617936,29
1309620561,12
1309631593,13
1309640971,41
1309647838,85
1309661157,20
1309661906,212
1309664593,138
1309664986,86
1309668849,144
1309671224,57
1309676304,208
1309680814,14
1309681281,20
1309681855,275
1309681945,21
1309687875,21
1309697928,16
1309702776,11
1309703648,51
1309704070,24
1309709313,62
1309712229,19
1309737637,157
1309738430,17
1309740531,89
1309751462,11
1309751899,6070
1309759774,100
1309760179,74
1309767411,11
1309781127,95
1309782162,21
1309790222,32
1309793819,24
1309799622,28
1309802181,13
1309804498,28
1309804746,26
1309815142,30
1309818833,60
1309820997,13
1309830743,30
1309831189,23
1309832934,20
1309836866,340
1309846497,135
1309846574,72
1309857238,207
1309873735,19
1309877971,13
1309889408,25
1309892871,13
1309902610,111
1309907019,32
1309914275,11
1309929858,14
1309939393,18
1309949076,121
1309960637,29
1309963061,17
1309964649,30
1309965117,57
1309966437,41
1309969662,16
1309972807,33
1309976848,12
1309990836,3
1309992998,73
1309994258,23
1309996887,21
1309997615,54
1310007456,30
1310007689,14
1310013986,538
1310014869,428
1310024228,14
1310038761,19
1310045865,26
1310057619,4466
1310064911,14
1310066833,70
1310082015,24
1310097724,46
1310101619,14
1310109196,322
1310126574,17
1310126867,221
1310139882,43
1310140413,12
1310155066,14
1310156788,30
1310158867,12
1310159401,46
1310161451,46
1310162837,1400
1310169028,13
1310174152,12
1310178015,12
1310187403,17
1310191503,66
1310199195,20
1310208173,49
1310243342,226
1310243752,60
1310254507,42
1310260640,98
1310271207,275
1310274020,84
1310274582,53
1310282341,29
1310285353,94
1310294466,106
1310296661,77
1310307310,338
1310309392,61
1310313058,13
1310314263,41
1310314499,38
1310318281,1
1310338949,14
1310363431,50
1310363791,25
1310374568,2386
1310380073,74
1310383349,36
1310396953,23
1310406084,27
1310428322,185
1310429236,68
1310450222,35
1310451183,13
1310474846,199
1310495129,16
1310500533,14
1310500648,17
1310505194,33
1310511931,13
1310528377,49
1310538762,256
1310543401,1445
1310561652,88
1310564517,11
1310567981,19
1310577552,30
1310586510,102
1310594307,83
1310595354,13
1310601561,999
1310610581,27
1310624361,80
1310624440,254
1310624630,903
1310629295,59
1310630466,34
1310632392,18
1310635707,17
1310636883,13
1310641242,47
1310650417,16
1310651221,35
1310659485,16
1310665145,16
1310666689,1993
1310679785,47
1310681525,15
1310682277,36
1310682390,13
1310685702,12
1310687669,40
1310691580,1098
1310692055,27
1310694908,12
1310696198,19
1310700974,203
1310705177,201
1310705824,99
1310715414,537
1310716843,449
1310727053,11
1310727310,34
1310733298,16
1310736783,16
1310741811,499
1310748800,218
1310751245,6
1310757100,94
1310757503,12
1310758816,2345
1310767243,208
1310767575,18
1310775568,12
1310782100,16
1310782328,26
1310782800,20
1310785779,15
1310788413,26
1310791404,2733
1310798572,18
1310813330,265
1310819016,26
1310825919,70
1310830130,11
1310830484,71
1310836148,20
1310844245,48
1310847317,1159
1310858736,13
1310865330,348
1310871684,24
1310874500,142
1310875798,20
1310877154,12
1310885424,44
1310894496,16
1310901706,16
1310902433,181
1310922073,20
1310922614,18
1310937286,19
1310940802,188
1310964744,33
1310966347,56
1310967763,68
1310968158,157
1310973801,63
1310976735,32
1310977717,15
1310981351,109
1310982497,74
1310986912,32
1311000158,130
1311000427,33
1311004634,16
1311007832,11
1311031247,46
1311038225,40
1311043182,14
1311058503,54
1311071006,24
1311073479,17
1311085469,251
1311089623,15
1311096964,37
1311097438,16
1311098573,16
1311108439,3292
1311117641,13
1311124886,27
1311138783,13
1311147433,62
1311153410,386
1311160194,11
1311160595,17
1311163719,108
1311174165,395
1311175410,36
1311178555,57
1311185029,17
1311186098,25
1311196031,17
1311210967,17
1311213274,110
1311213640,17
1311214519,17
1311225763,765
1311242301,33
1311245795,83
1311250427,81
1311257557,1
1311273226,42
1311275589,14
1311276496,11
1311304578,95
1311307019,42
1311313529,353
1311343748,12
1311345774,14
1311345825,14
1311349557,43
1311355645,14
1311366010,107
1311384232,1192
1311394991,15
1311401615,12
1311409156,37
1311411474,96
1311422733,15
1311424418,37
1311425451,0
1311437062,51
1311468146,39
1311473088,110
1311485484,90
1311491381,115
1311492346,20
1311494325,19
1311500998,0
1311501610,1
1311502074,0
1311502709,19
1311503215,0
1311503723,0
1311504457,0
1311505830,0
1311522782,16
1311529044,18
1311535386,12
1311543904,11
1311562347,14
1311578618,21
1311581613,16
1311595948,11
1311612339,14
1311615093,21
1311616339,45
1311619177,64
1311629101,11
1311630122,60
1311640403,58
1311664525,426
1311668806,71
1311672561,14
1311672587,12
1311673540,25
1311678225,196
1311686694,46
1311689987,42
1311697330,124
1311705381,81
1311705407,16
1311706813,30
1311710248,11
1311712568,12
1311716728,191
1311720244,12
1311721265,12
1311726422,21
1311728055,14
1311732585,26
1311737455,14
1311739668,30
1311740729,43
1311747864,43
1311760177,21
1311760221,12
1311762905,63
1311769536,58
1311777322,29
1311777851,18
1311778103,15
1311803282,34
1311807280,37
1311807406,190
1311829424,10
1311833401,54
1311835904,11
1311854354,181
1311869304,12
1311876347,12
1311892484,14
1311901064,62
1311906031,13
1311912540,12
1311917034,15
1311917227,14
1311921003,323
1311928786,12
1311936638,39
1311956660,23
1311957569,55
1311958436,11
1311964297,68
1311966497,16
1311969976,21
1311974330,14
1311982302,22
1311987226,12
1311994766,13
1311998459,74
1312008708,125
1312026582,175
1312027571,26
1312029783,220
1312033853,1
1312036354,86
1312038136,0
1312038724,58
1312044413,16
1312044635,0
1312045449,1
1312049432,1
1312049524,484
1312051024,22
1312052589,20
1312055438,17
1312055731,0
1312070559,78
1312086672,100
1312089669,13
1312090216,1
1312098151,13
1312117697,168
1312126862,17
1312129554,288
1312130863,12
1312139641,13
1312142639,898
1312146061,31
1312150421,138
1312150651,81
1312153246,127
1312158011,74
1312158335,1979
1312161341,100
1312193222,180
1312196199,20
1312196547,32
1312198605,176
1312207127,26
1312208627,13
1312220956,321
1312224999,49
1312228909,18
1312239443,17
1312245950,582
1312247338,84
1312249564,24
1312257227,3451
1312258286,12
1312278161,25
1312280882,286
1312280929,14
1312292672,53
1312306755,15
1312323374,17
1312341145,12
1312346598,73
1312346934,84
1312375880,168
1312393328,49
1312395976,11
1312403743,23
1312406410,34
1312417957,15
1312422942,74
1312424308,18
1312428500,39
1312435582,108
1312438113,24
1312446183,106
1312454171,11
1312454267,11
1312455728,14
1312462049,16
1312466494,136
1312467898,11
1312473145,77
1312476336,18
1312477654,93
1312485662,296
1312488824,547
1312493082,16
1312498013,14
1312508407,11
1312511748,24
1312513731,57
1312517093,35
1312519173,348
1312530712,18
1312532956,15
1312533444,12
1312533982,16
1312534039,36
1312537568,101
1312538053,13
1312538316,11
1312540818,78
1312543008,23
1312545580,95
1312545887,62
1312546480,99
1312547265,43
1312549097,40
1312551044,210
1312554298,871
1312554404,447
1312558359,13
1312561935,14
1312563136,23
1312564120,90
1312574524,18
1312583711,16
1312590850,82
1312591765,245
1312608358,13
1312609286,632
1312610893,24
1312611656,13
1312612110,11
1312614481,12
1312619737,1659
1312626785,26
1312627260,113
1312640769,16
1312657442,13
1312661484,12
1312665350,267
1312680132,56
1312683471,11
1312685460,42
1312693131,15
1312693622,11
1312698116,37
1312710283,255
1312716448,140
1312728158,15
1312729279,98
1312738975,13
1312740155,51
1312752179,199
1312756784,119
1312759592,401
1312760294,13
1312762173,273
1312778103,21
1312779376,19
1312787405,22
1312793653,12
1312795548,20
1312806315,46
1312807575,13558
1312808843,15
1312814720,23
1312822845,13
1312835170,35
1312835660,18
1312851600,40
1312853776,13
1312859624,18
1312866998,58
1312879027,25
1312879869,17
1312892713,22
1312902046,182
1312909652,248
1312909869,146
1312910397,11
1312911993,15
1312912332,19
1312917672,19
1312919844,27
1312920018,31
1312920802,29
1312924030,89
1312924533,11
1312924592,80
1312925920,31
1312927051,29
1312934614,42
1312943451,29
1312949602,58
1312949782,236
1312951719,11
1312956538,20
1312957276,36
1312958361,56
1312966353,23
1312985062,25
1312985238,28
1312987866,27
1312990447,21
1312990519,22
1312990898,42
1313000137,116
1313004200,35
1313006074,99
1313011686,85
1313012236,24
1313026445,101
1313031641,22
1313032827,132
1313041772,357
1313043305,41
1313044653,28
1313045538,11
1313045740,13
1313064103,68
1313070818,12
1313074168,11
1313085544,56
1313088952,14
1313095294,13
1313106112,11
1313130082,5
1313133523,111
1313138826,63
1313142522,90
1313149858,11
1313157720,31
1313164370,69
1313166155,72
1313181765,86
1313197580,164
1313214764,41
1313215450,922
1313222155,11
1313225248,107
1313232630,87
1313236648,38
1313239727,184
1313243427,14
1313281849,15
1313284310,31
1313288190,47
1313290235,66
1313292616,15
1313295846,68
1313300049,39
1313300885,13
1313314563,11
1313315719,18
1313325215,134
1313341722,15
1313351403,99
1313352721,228
1313355587,43
1313358017,122
1313360734,41
1313360851,27
1313362873,19
1313364457,12
1313369906,16
1313374269,68
1313375317,232
1313378548,250
1313381402,85
1313392636,31
1313394139,39
1313397312,149
1313411155,44
1313427207,11
1313430820,22
1313432487,38
1313433101,13
1313434625,749
1313434859,11
1313435339,2845
1313435665,22
1313436648,55
1313439354,13
1313439773,11
1313441607,16
1313451184,280
1313453387,36
1313463885,279
1313473596,12
1313485867,11
1313488505,22
1313488876,14
1313505044,51
1313512177,11
1313524608,31
1313528093,287
1313531698,14
1313548808,69
1313549651,19
1313550097,15
1313550111,57
1313555494,11
1313569351,15
1313572572,11
1313573635,320
1313576395,8899
1313580625,29
1313585428,11
1313592821,37
1313594931,42
1313597274,214
1313605451,20
1313610207,41
1313612260,29
1313614650,519
1313616855,101
1313617280,11
1313620762,46
1313622384,14
1313623513,13
1313627220,13
1313635970,52
1313670990,22
1313678749,41
1313691908,21
1313699888,14
1313704396,419
1313706469,11
1313714467,31
1313726003,89
1313732283,448
1313733120,11
1313733249,98
1313742872,16
1313744584,38
1313761023,27
1313763142,80
1313770200,223
1313785939,206
1313787242,21
1313802476,14
1313805296,51
1313805761,16
1313808387,158
1313817088,147
1313830480,16
1313835429,23
1313843554,153
1313844277,103
1313847312,9
1313855420,14
1313865197,26
1313882414,12
1313886041,74
1313895034,87
1313901190,295
1313902928,13
1313905017,15
1313914433,20
1313919481,106
1313919842,23
1313921896,111
1313937048,45
1313941347,83
1313950222,53
1313951228,127
1313954221,37
1313966068,1369
1313972226,99
1313978749,25
1313980708,14
1313993247,47
1313999061,35
1314005304,40
1314007736,13
1314017272,32
1314017288,13
1314023566,19
1314029122,116
1314033208,53
1314035762,15
1314036825,151
1314048518,4033
1314055671,14
1314058174,12
1314064046,30
1314070900,248
1314075859,304
1314077782,13
1314090615,87
1314090794,25
1314096019,12
1314104494,93
1314105991,136
1314112828,40
1314121831,26
1314123805,14
1314131289,78
1314140996,79
1314141621,27
1314159634,38
1314180940,22
1314181734,21
1314190101,128
1314213737,299
1314223012,265
1314223440,15
1314224558,20
1314225526,83
1314243622,57
1314267613,92
1314268068,238
1314272530,18
1314274177,12
1314277259,13
1314289943,93
1314293816,11
1314300684,88
1314304412,75
1314307824,15
1314309285,11
1314331320,86
1314351367,20
1314351515,18
1314365508,12
1314368765,338
1314372174,14
1314384305,13
1314400315,11
1314404827,828
1314407693,12
1314411582,59
1314411983,12
1314426744,17
1314435335,74
1314435709,33
1314437735,52
1314439583,23
1314446438,584
1314448411,18
1314450193,93
1314456721,27
1314465738,23
1314471674,88
1314489864,15
1314494428,91
1314502072,65
1314507647,29
1314510108,48
1314510451,91
1314513956,67
1314515526,18
1314518085,655
1314522140,11
1314525428,74
1314530051,14
1314535038,364
1314539144,13
1314541176,11
1314543876,11
1314547728,11
1314549531,79
1314552138,11
1314553634,197
1314554420,14
1314555301,14
1314556783,161
1314562499,19
1314573574,22
1314575500,12
1314575864,71
1314576162,12
1314577732,49
1314582570,25
1314587317,65
1314592678,56
1314597444,486
1314597640,48
1314606490,43
1314609786,107
1314621723,106
1314635382,79
1314646280,0
1314650261,41
1314665580,117
1314666336,22
1314666759,18
1314673666,11
1314688202,36
1314692458,85
1314696900,47
1314705337,24
1314708146,38
1314708569,14
1314719265,41
1314720416,19
1314739885,11
1314751354,19
1314761721,33
1314763110,11
1314768270,13
1314771915,121
1314775126,4
1314775339,15
1314785707,146
1314787397,213
1314793770,96
1314796288,13
1314796671,94
1314797404,50
1314807642,89
1314810821,25
1314828347,88
1314829815,206
1314839093,93
1314847789,21
1314848571,15
1314861868,47
1314885627,11
1314886398,66
1314886450,15
1314897407,17
1314898286,42
1314902293,17
1314907124,18
1314908790,958
1314919710,11
1314921459,17
1314930526,90
1314930742,42
1314935411,50
1314939164,45
1314942306,14
1314942734,162
1314955865,16
1314963175,245
1314965195,50
1314965780,12
1314983809,308
1315002015,22
1315011203,81
1315013718,53
1315019806,134
1315033904,11
1315046220,39
1315050467,20
1315060524,187
1315061830,14
1315082095,14
1315082597,11
1315090338,37
1315107360,201
1315113294,152
1315124331,22
1315145555,24
1315148422,300
1315151205,29
1315161527,18
1315162321,13
1315174739,50
1315176698,107
1315197623,13
1315202731,35
1315206477,19
1315211025,11
1315237738,12
1315250209,119
1315253319,18
1315259344,133
1315261510,17
1315264982,250
1315274753,14
1315289553,12
1315306738,11
1315310857,310
1315325448,135
1315337233,13
1315345631,11
1315357787,11
1315360669,249
1315380003,18
1315384578,760
1315386783,18
1315387640,13
1315396243,32
1315403737,31
1315417479,12
1315421856,19
1315423038,13
1315424242,2476
1315427742,139
1315440714,118
1315458055,258
1315467948,31
1315474161,12
1315490794,18
1315496140,912
1315506094,25
1315507441,14
1315510399,14
1315524449,34
1315532431,44
1315554178,22
1315554554,17
1315555252,109
1315559738,80
1315577855,22
1315587108,16
1315590382,104
1315593981,373
1315606516,12
1315608225,41
1315612819,17
1315615915,30
1315616754,27
1315624465,133
1315633191,989
1315636287,205
1315637119,22
1315650270,104
1315653133,105
1315655500,11
1315659796,15
1315659880,42
1315666966,1586
1315694205,56
1315704673,1481
1315704894,33
1315709446,11
1315715415,11
1315716996,24
1315719035,52
1315725201,3
1315725677,23
1315727835,57
1315747714,11
1315752194,14
1315754570,32
1315756690,27
1315759320,14
1315768968,1021
1315771979,1188
1315773456,90
1315775537,122
1315780685,65
1315782075,14
1315782500,75
1315788070,18
1315788496,2350
1315791355,12
1315799079,753
1315808628,15
1315812726,350
1315815106,35
1315838033,14
1315850048,749
1315854686,2376
1315862117,57
1315868156,17
1315871263,34
1315872547,25
1315873482,14
1315878982,14
1315882506,55
1315885684,200
1315885906,12
1315898112,28
1315908836,13
1315913180,18
1315913285,20
1315917300,11
1315917939,37
1315920735,21
1315929647,3114
1315935517,97
1315945353,13
1315946971,46
1315962414,234
1315972279,15
1315973245,29
1315981586,11
1315991751,52
1315994465,126
1315995847,32
1316006189,26
1316017987,19
1316018310,33
1316027708,91
1316033508,199
1316035735,195
1316038912,25
1316039457,11
1316040374,45
1316058101,100
1316058443,11
1316065836,2
1316073756,119
1316080880,47
1316084541,22
1316091624,13
1316095157,76
1316114472,196
1316125494,4
1316132985,21
1316165928,14
1316168417,62
1316182715,22
1316187395,39
1316195094,318
1316202030,22
1316207405,13
1316216777,22
1316217318,55
1316217740,31
1316220263,19
1316232500,39
1316239060,54
1316239568,20
1316240573,23
1316245845,31
1316253135,36
1316262618,35
1316266139,47
1316266262,21
1316273378,56
1316282601,39
1316292189,115
1316295800,47
1316298108,15
1316298951,642
1316301768,11
1316307806,12
1316320567,32
1316321471,30
1316327387,35
1316331731,17
1316344428,12
1316356625,15
1316365555,607
1316366508,11
1316371799,460
1316373075,38
1316378608,53
1316380795,18
1316387098,11
1316388080,448
1316389149,31
1316417512,11
1316439701,11
1316440427,119
1316441040,32
1316443307,4194
1316443332,37
1316451942,234
1316458302,104
1316470850,19
1316471796,16
1316474873,62
1316478168,61
1316480843,79
1316485187,76
1316490853,43
1316509952,19
1316527318,15352
1316536180,17
1316538156,85
1316538729,46
1316544157,80
1316553733,339
1316568189,22
1316580656,12
1316586400,21
1316590209,22
1316591500,12
1316592914,11
1316594544,15
1316594840,78
1316595638,60
1316596909,47
1316597022,21
1316597685,67
1316597776,12
1316597823,10
1316599000,52
1316599118,12
1316601917,67
1316603236,130
1316622249,15
1316639651,14
1316640949,11
1316642877,47
1316670255,47
1316673002,167
1316673337,41
1316678048,15
1316679883,30
1316686157,98
1316701203,24
1316703022,27
1316707723,121
1316712864,38
1316715856,16
1316753184,15
1316762886,23
1316765705,13
1316775238,27
1316775998,12
1316783029,43
1316793737,318
1316795029,219
1316795249,26
1316799715,11
1316808195,52
1316825297,117
1316826510,11
1316827897,50
1316838184,21
1316852624,14
1316855670,11
1316860569,48
1316862691,24
1316875788,4925
1316883315,110
1316890686,11
1316894170,12
1316894183,23
1316907092,62
1316909862,14
1316924477,152
1316932757,12
1316933090,18
1316944679,126
1316946692,602
1316947217,49
1316947252,12
1316954065,12
1316957158,14
1316968835,69
1316983376,71
1317000300,33
1317005876,26
1317011745,48
1317018475,24
1317026993,19
1317035639,20
1317036455,14
1317041031,9601
1317046223,92
1317054555,427
1317064728,13
1317066429,127
1317066456,21
1317066828,53
1317071286,13
1317072927,17
1317086026,123
1317089093,131
1317093528,15
1317095624,22
1317111254,17
1317112312,11
1317118119,219
1317118467,66
1317152420,17
1317154182,51
1317170588,19
1317172464,121
1317172804,22
1317183975,12
1317190160,18
1317191653,132
1317198312,91
1317202867,84
1317210052,76
1317211370,29
1317211809,20
1317223813,18
1317225366,48
1317234451,13
1317237779,14
1317239540,14
1317244380,36
1317248227,51
1317261674,52
1317266955,61
1317273101,132
1317280647,23
1317285561,12
1317304497,93
1317316449,54
1317322071,50
1317322518,21
1317323848,19
1317328379,12
1317332295,0
1317333477,0
1317348950,13
1317354312,1
1317356529,0
1317358185,1302
1317358607,0
1317359824,0
1317360095,0
1317361536,12
1317365351,21
1317376183,130
1317379324,71
1317383744,73
1317385739,69
1317389876,12
1317393235,13
1317413024,27
1317419435,28
1317420195,19
1317420606,38
1317422032,22
1317427814,15
1317434942,198
1317438192,53
1317439916,17
1317444689,17
1317448886,1
1317463144,54
1317466681,20
1317467366,11
1317472781,37
1317490924,13
1317496789,24
1317498322,597
1317508324,116
1317515809,781
1317527211,60
1317541451,3
1317564135,186
1317570721,89
1317571548,43
1317575332,28
1317597851,69
1317608912,30
1317611495,38
1317638285,103
1317638368,43
1317679835,40
1317695757,14
1317703606,18
1317704414,20
1317704569,191
1317714743,20
1317714931,31
1317721033,32
1317724906,9
1317742704,175
1317749372,65
1317754338,11
1317764023,13
1317779837,11
1317780464,133
1317805010,59
1317805815,88
1317820455,23
1317834385,44
1317841261,17
1317842624,92
1317845318,120
1317845894,108
1317850140,17
1317853585,51
1317857887,11
1317863622,56
1317888287,14
1317890750,23
1317893214,76
1317895494,11
1317899774,98
1317902880,52
1317911084,99
1317915210,13
1317915277,21
1317916811,11
1317920445,57
1317921453,14
1317924808,29
1317926564,12
1317927085,57
1317930819,37
1317946380,63
1317970569,546
1317978834,13
1317979155,11
1317984735,48
1317985760,13
1317996135,235
1317998700,21
1317999275,54
1318002754,4
1318009903,28
1318017573,17
1318019826,26
1318023660,82
1318025112,2014
1318037436,45
1318053703,27
1318055814,13
1318057073,25
1318057433,17
1318072933,62
1318081867,16
1318087745,416
1318091082,43
1318092877,51
1318096478,171
1318097223,14
1318100800,48
1318102439,96
1318111439,21
1318116231,11
1318147325,13
1318150396,97
1318151455,14
1318152768,43
1318164526,18
1318184764,1566
1318187016,8762
1318197751,56
1318211548,21
1318213206,15
1318222431,34
1318225289,12
1318229004,110
1318233396,14
1318237562,11
1318241125,37
1318245682,21
1318251650,14
1318252591,28
1318257480,36
1318258994,24
1318274214,4
1318289209,19
1318289840,26
1318289843,186
1318293898,17
1318294378,12
1318304916,220
1318310911,59
1318311865,101
1318315172,99
1318320674,65
1318330553,78
1318341671,76
1318342814,32
1318348313,70
1318360190,33
1318360844,158
1318361504,89
1318362655,11
1318369502,35
1318379446,90
1318382003,111
1318382587,789
1318383417,364
1318384497,14
1318384640,12
1318387487,16
1318388542,60
1318400137,20
1318404555,26
1318407647,17
1318411646,32
1318423155,34
1318425443,13
1318425496,45
1318430892,18
1318431764,66
1318436431,105
1318436679,15
1318445542,15
1318456814,10
1318458711,16
1318461482,10
1318465490,27
1318479117,16
1318483994,184
1318490286,29
1318504079,111
1318509263,12
1318529228,30
1318548997,19
1318549677,11
1318562243,242
1318599825,12
1318609608,54
1318614758,13
1318621602,16
1318642456,24
1318650910,16
1318654705,23
1318658418,16
1318658751,11
1318664032,52
1318672654,56
1318675746,19
1318681359,144
1318712528,34
1318722718,122
1318725835,46
1318727352,186
1318729673,37
1318734428,39
1318737774,106
1318738214,27
1318743140,117
1318768894,11092
1318777827,37
1318779404,12
1318788427,25
1318795016,9
1318796567,18
1318801695,433
1318802395,35
1318804206,15
1318805473,14
1318820565,34
1318826614,31
1318830493,107
1318832252,108
1318832652,164
1318833049,109
1318833449,387
1318855915,32
1318858576,24
1318866816,112
1318873253,555
1318877354,11
1318882771,1
1318885938,9
1318893208,2066
1318894586,82
1318897483,84
1318900501,18
1318900928,15
1318904076,318
1318905261,13
1318914813,53
1318923092,148
1318937120,140
1318944817,9
1318947048,1318
1318956888,13
1318961055,15
1318963796,145
1318963974,11
1318966444,48
1318967247,11
1318969718,22
1318977228,14
1318977673,14
1318978967,9
1318979351,8
1318987374,20
1319004034,16
1319010645,98
1319013114,12
1319017608,30
1319031883,36
1319035076,11
1319036011,39
1319037509,37
1319037828,52
1319051191,51
1319051889,33
1319059379,57
1319066980,2
1319067720,51
1319075968,29
1319085701,45
1319087070,21
1319090268,12
1319093879,322
1319095350,16
1319102721,338
1319103293,18
1319109139,271
1319112594,11
1319119605,41
1319132573,17
1319136719,155
1319137793,23
1319139342,11
1319156283,44
1319158290,14
1319160890,29
1319167659,13
1319168519,15
1319169607,17
1319174653,1216
1319185876,94
1319198340,164
1319201095,16
1319201916,81
1319213105,26
1319215459,11
1319221351,167
1319225586,13
1319241493,13
1319247547,233
1319248989,698
1319268814,164
1319277794,77
1319280026,1
1319290417,113
1319291513,94
1319294522,31
1319296913,106
1319299763,45
1319304431,95
1319308368,73
1319312065,25
1319318004,13
1319321150,12
1319323481,104
1319325765,176
1319325965,17
1319328390,22
1319328610,22
1319336961,2611
1319350074,14
1319353851,65
1319357404,15
1319357442,14
1319360821,15
1319366891,10
1319367318,53
1319368210,137
1319373413,51
1319374208,25
1319374673,26
1319378448,353
1319387706,13
1319394660,21
1319396515,19
1319417476,13
1319419492,5304
1319423199,54
1319428296,14
1319438575,15
1319440456,13
1319441113,29
1319442459,11
1319443961,15
1319445130,88
1319470283,27
1319474007,583
1319475824,10
1319483901,13
1319495166,142
1319501276,45
1319535995,17
1319537176,12
1319540329,142
1319544310,45
1319555849,34
1319566713,99
1319573043,36
1319580960,116
1319588297,11
1319600255,155
1319602786,20
1319610556,16
1319613433,13
1319616317,16
1319616329,13
1319621005,24
1319623498,13
1319630301,8
1319636380,35
1319638787,0
1319644682,32
1319648286,314
1319652485,8
1319655999,0
1319678347,180
1319697693,15
1319702332,13
1319711005,52
1319712430,72
1319740886,11
1319749836,22
1319760746,29
1319776248,52
1319778645,41
1319780465,93
1319783050,11
1319786688,101
1319793410,28
1319797823,33
1319805282,13
1319823035,63
1319824147,60
1319827146,33
1319832335,57
1319835565,152
1319840926,19
1319849272,29
1319851399,146
1319853777,35
1319855210,1270
1319870867,28
1319873617,297
1319873856,34
1319879136,361
1319899830,11
1319913823,415
1319919713,3
1319921002,364
1319927892,839
1319929531,18
1319930579,20
1319935567,19
1319936575,19
1319940995,11
1319941229,21
1319945044,78
1319946565,14
1319951501,28
1319960845,24
1319996831,15
1320010935,34
1320019880,797
1320029807,16
1320032479,0
1320038780,101
1320038965,22
1320039160,58
1320039519,91
1320057578,15
1320069781,55
1320078754,12
1320079395,17
1320085548,66
1320086941,197
1320088898,156
1320091816,1876
1320091852,71
1320101490,3377
1320109030,16
1320110114,85
1320127508,77
1320140163,25
1320145360,12
1320145775,154
1320148460,12
1320151833,207
1320154042,122
1320154809,33
1320160089,21
1320162302,118
1320172833,13
1320178198,87
1320187512,17
1320191889,970
1320195608,152
1320201211,17
1320201809,12
1320202144,33
1320203112,4
1320206061,22
1320208076,70
1320210031,12
1320225787,0
1320239169,113
1320242285,1151
1320243904,36
1320246076,111
1320252722,21
1320257424,0
1320260594,14
1320270455,774
1320271414,107
1320279890,37
1320283832,291
1320291718,23
1320292651,18
1320295785,26
1320301761,13
1320307428,852
1320308769,39
1320308904,15
1320328062,18
1320332255,16
1320333770,17
1320337931,81
1320337958,11
1320339732,270
1320347777,37
1320349038,16
1320354524,12
1320369294,47
1320371134,0
1320379092,41
1320384572,562
1320387232,17
1320387914,105
1320389065,15
1320394130,11
1320397178,15
1320409975,17
1320412291,1
1320413062,0
1320444346,945
1320448216,133
1320453043,311
1320456601,0
1320457204,24
1320463514,28
1320472884,31
1320490421,0
1320496553,0
1320502145,312
1320502697,17
1320507130,0
1320508734,0
1320523826,13
1320532788,0
1320538689,29
1320578276,38
1320658226,42
1320682291,70
1320723546,16
1320737819,12
1320749267,20
1320763344,51
1320767711,135
1320804509,57
1320818729,183
1320824737,118
1320827273,1008
1320838720,30
1320874379,14
1320905866,14
1320932400,46
1320943282,24
1320975080,14
1321012021,16
1321015213,11
1321035178,15
1321045269,119
1321050149,361
1321050932,7
1321063181,15
1321063327,19
1321069859,10
1321073772,11
1321085715,23
1321088913,86
1321091605,16
1321100725,12
1321135386,116
1321139753,55
1321142548,51
1321150084,42
1321152436,523
1321153162,12
1321161662,92
1321163529,13
1321164726,22
1321166557,623
1321177738,15
1321180478,12
1321182314,40
1321204158,24
1321209080,57
1321213830,55
1321216024,54
1321219788,198
1321236807,14
1321239702,29
1321259990,1
1321260596,80
1321270149,268
1321274124,21
1321275205,41
1321277409,16
1321280018,81
1321280738,435
1321285248,11
1321291692,50
1321322490,21
1321324242,113
1321327978,24
1321336595,17
1321345007,13
1321356000,59
1321356902,13
1321359471,134
1321376069,50
1321379766,52
1321382020,29
1321396874,159
1321397116,19
1321399490,49
1321407943,0
1321408165,1582
1321408361,63
1321422619,24
1321423834,15
1321436547,864
1321441704,40
1321458166,13
1321458559,22
1321458827,18
1321465913,18
1321469177,13
1321471869,12
1321478154,13
1321490481,58
1321492978,11
1321493628,16
1321499283,33
1321505820,29
1321507377,57
1321515356,46
1321517392,55
1321545971,26
1321546743,18
1321559698,437
1321574827,32
1321589876,16
1321591183,105
1321624668,1837
1321632884,12
1321637157,30
1321668961,120
1321674005,33
1321674874,88
1321678498,124
1321678758,46
1321688525,662
1321689447,19
1321694497,46
1321695604,24
1321699044,31
1321714128,16
1321719114,62
1321722857,26
1321734631,70
1321738568,20
1321749130,45
1321751875,12
1321766011,13
1321770621,90
1321772520,34
1321773119,69
1321773777,59
1321776044,223
1321781742,82
1321784163,80
1321786097,24
1321790489,654
1321795687,14
1321815624,27
1321818508,115
1321826970,294
1321841047,20
1321878142,195
1321883380,12
1321884777,68
1321885031,41
1321887961,12
1321890359,31
1321895537,14
1321906459,16
1321907813,14
1321908669,55
1321913769,12
1321920026,5025
1321921283,192
1321926278,37
1321936789,2
1321945034,11
1321952946,24
1321967766,16
1321988451,98
1321994122,11
1321996634,68
1322012013,11
1322012299,22541
1322016298,40
1322030451,138
1322045689,33
1322051065,33
1322054270,38
1322055568,66
1322067899,12
1322068936,652
1322073226,11
1322083929,319
1322091211,190
1322098015,152
1322098652,73
1322113808,15
1322120053,96
1322125443,449
1322136828,1607
1322152111,13
1322162271,29
1322180690,19
1322183015,347
1322187842,330
1322193747,33
1322195763,7
1322202821,25
1322209021,16
1322214052,240
1322224491,11
1322226624,682
1322239420,99
1322241466,277
1322243816,53
1322254311,316
1322256167,2
1322256388,24
1322271620,13
1322284570,40
1322298114,20
1322307430,1
1322315200,11
1322327414,22
1322339572,111
1322350350,51
1322351307,54
1322356489,41
1322370305,270
1322371775,51
1322388294,156
1322396669,55
1322411592,35
1322419783,17
1322427037,11
1322431748,11
1322432533,52
1322436540,12
1322438453,25
1322438508,83
1322439023,82
1322452208,20
1322454550,82
1322455734,41
1322458975,11
1322466201,16
1322469358,18
1322477142,19
1322480547,88
1322481762,522
1322484514,11
1322497894,17
1322502505,2189
1322505194,39
1322510470,35
1322524751,157
1322532419,26
1322535083,19
1322551166,14
1322558525,82
1322562247,29
1322579884,11
1322580300,13
1322583727,14
1322584104,61
1322591429,12
1322608380,11
1322620648,43
1322621080,49
1322626388,212
1322633620,121
1322640431,255
1322651268,3351
1322652272,66
1322660175,174
1322662035,32
1322663801,14
1322668478,23
1322670029,18
1322671404,1125
1322685769,17
1322694663,39
1322694783,104
1322695516,0
1322696095,15
1322698650,1917
1322698857,47
1322699193,151
1322701347,35
1322705161,45
1322725897,14
1322734311,45
1322754000,376
1322754864,98
1322761659,11
1322763397,12
1322767235,19
1322768766,5849
1322781104,173
1322794014,46
1322795798,69
1322796395,70
1322797880,27
1322798245,424
1322799348,193
1322799599,25
1322800734,16
1322801375,70
1322807397,22
1322813509,340
1322819359,194
1322820611,20
1322821393,34
1322825368,1147
1322828994,12
1322829806,3
1322840923,17
1322850354,581
1322854996,11
1322858344,17
1322858915,12
1322860688,34
1322861156,25
1322879905,13
1322882679,29
1322889322,113
1322892096,89
1322906687,112
1322907262,12
1322918377,146
1322919742,67
1322934980,25
1322935264,13
1322938008,19
1322938843,90
1322943860,634
1322948077,43
1322956121,70
1322956288,73
1322957439,32
1322963697,168
1322968369,11
1322972550,10
1322972797,18
1322976119,103
1322976829,74
1322979659,118
1322983543,114
1322991820,3
1322995993,11
1323002898,32
1323003537,142
1323005921,140
1323012485,15
1323018222,21
1323031425,45
1323036521,19
1323039537,307
1323039916,211
1323045322,171
1323045821,161
1323047651,99
1323048240,546
1323064086,40
1323076522,27
1323076885,23
1323081107,39
1323093689,36
1323101134,61
1323103108,11
1323121740,24
1323122780,53
1323125178,14
1323127278,603
1323128380,21
1323130935,204
1323136625,19
1323148141,11
1323149025,12
1323164432,12
1323166404,107
1323168790,11
1323181621,11
1323192475,37
1323195127,34
1323215530,41
1323217400,10
1323230693,12
1323231803,30
1323251465,14
1323260088,84
1323280384,42
1323287507,12
1323288013,166
1323303576,19
1323306782,34
1323315123,17
1323322459,686
1323327136,11
1323366767,32
1323366961,376
1323374070,14
1323375521,217
1323379669,18
1323385695,16
1323389770,14
1323397898,14
1323419190,667
1323419458,33
1323422664,12
1323432791,15
1323437451,17
1323441852,12
1323449258,34
1323450164,35
1323452550,1322
1323454644,15
1323455164,25
1323463821,11
1323463941,271
1323467011,102
1323468152,63
1323482446,25
1323487520,28
1323490949,13
1323494570,18
1323496137,14
1323496240,14
1323498380,44
1323508453,11
1323511527,3955
1323514075,54
1323525253,45
1323545303,135
1323552500,36
1323562930,28
1323563164,12
1323569480,20
1323569556,126
1323577359,78
1323581499,114
1323591296,440
1323595365,6
1323600817,48
1323609150,12
1323610205,25
1323624384,12
1323629688,157
1323646443,17
1323654521,34
1323661063,13
1323663794,1033
1323673335,166
1323688475,12
1323692802,761
1323695128,104
1323695358,243
1323706334,19
1323712925,45
1323713386,29
1323729948,13
1323731499,20
1323733328,169
1323736669,22
1323739326,24
1323741593,24
1323742531,22
1323743516,29
1323755248,12
1323758620,24
1323763720,1596
1323764338,11
1323777381,32
1323780819,31
1323782838,15
1323783969,16
1323787093,1
1323796113,365
1323809707,139
1323833414,108
1323840812,45
1323841129,17
1323845482,118
1323869266,94
1323875882,15
1323882349,14
1323891184,11
1323907664,170
1323908322,24
1323919094,433
1323924727,12
1323926490,5
1323926891,79
1323931693,23
1323933315,78
1323938708,62
1323950321,246
1323950625,113
1323957541,15
1323961166,262
1323968214,29
1323968979,17
1323978754,1358
1323984334,813
1323985353,99
1323988988,17
1323993731,57
1323995843,70
1324010126,20
1324010880,13
1324015717,156
1324016826,12
1324021529,14
1324034609,13
1324050127,13
1324050318,12
1324051514,11
1324058131,67
1324059656,18
1324063135,38
1324071199,276
1324083696,72
1324092641,24
1324095077,60
1324107391,45
1324107430,25
1324116672,288
1324117656,142
1324124790,15
1324132179,11
1324137339,49
1324139494,29
1324157281,76
1324166631,255
1324170625,11
1324206252,11
1324208491,1161
1324216451,35
1324216947,22
1324219364,43
1324223080,58
1324224872,13
1324232013,17
1324234627,14
1324239286,15
1324250345,67
1324263473,312
1324266035,14
1324282873,11
1324284666,38
1324288620,67
1324303568,11
1324303646,147
1324311422,94
1324317593,15
1324334791,14
1324339727,13
1324351548,14
1324356135,37
1324358965,17
1324366886,33
1324376800,15
1324379613,15
1324381785,221
1324382874,125
1324384538,11
1324384595,28
1324385140,33
1324395929,92
1324402921,20
1324406372,34
1324446719,13
1324454406,23
1324460855,54
1324465774,15
1324469331,22
1324477638,16
1324482694,193
1324485862,149
1324487331,11
1324488755,21
1324491658,237
1324495180,40
1324516919,50
1324519003,46
1324527947,48
1324529691,12
1324532802,19
1324533929,94
1324537078,24
1324538069,194
1324543298,28
1324546795,25
1324550961,11
1324553091,24
1324562076,21
1324588172,108
1324601866,1
1324606672,13
1324608657,21
1324621106,11
1324636939,305
1324639578,226
1324640215,42
1324642033,14
1324658671,30
1324665350,46
1324668664,20
1324669155,45
1324673997,11
1324679594,940
1324693673,18
1324702702,204
1324704163,62
1324704245,48
1324713299,28
1324715563,24
1324718098,22
1324720705,27
1324721157,1
1324725544,15
1324727538,19
1324731844,47
1324741372,11
1324744711,31
1324749263,511
1324749738,21
1324754057,41
1324769510,65
1324776233,68
1324792730,11
1324795580,52
1324798416,17
1324800545,25
1324803269,20
1324807333,31
1324817742,173
1324823170,20
1324825466,11
1324838427,18
1324847108,590
1324849012,14
1324853220,35
1324858135,40
1324858352,12
1324891625,59
1324895208,64
1324899104,126
1324929599,25
1324932440,122
1324935349,44
1324938411,42
1324940784,59
1324946854,12
1324948322,45
1324949198,577
1324950805,83
1324952686,33
1324965056,21
1324971080,37
1324983964,32
1325004685,15
1325016742,17
1325019182,74
1325019821,137
1325028032,126
1325041735,28
1325049119,12
1325052623,11
1325059793,52
1325060390,117
1325060410,61
1325064335,111
1325072646,17
1325083738,19
1325091870,12
1325096132,4187
1325097653,29
1325101953,207
1325104810,657
1325112478,99
1325112862,11
1325121614,104
1325128920,14
1325141112,68
1325142316,16
1325155347,60
1325182514,21
1325188164,33
1325191692,11
1325202227,35
1325206693,118
1325212154,38
1325230804,68
1325231370,17
1325241665,34
1325243358,12
1325248515,11
1325252853,492
1325286935,11
1325297391,85
1325304283,12
1325307042,11
1325310016,13
1325310921,13
1325315882,12
1325324098,56
1325331240,515
1325331751,37
1325334963,23
1325337668,174
1325344471,382
1325371159,12
1325377922,387
1325381890,58
1325392505,18
1325410311,13
1325418450,82
1325422208,86
1325423888,270
1325437839,11
1325454558,11
1325458789,224
1325459387,821
1325473104,34
1325475853,12
1325478362,20
1325489072,114
1325561565,22
1325576698,43
1325588165,24
1325592680,52
1325604847,76
1325614151,43
1325669298,12
1325687429,43
1325714602,22
1325723889,48
1325748595,29
1325805237,51
1325839630,15
1325848172,19
1325853520,44
1325888868,57
1325895668,24
1325897531,73
1325901216,19
1325902812,31
1325907472,13
1325916970,46
1325926547,12
1325931100,13
1325996077,111
1326008263,266
1326035801,26
1326044641,132
1326052782,102
1326053961,35
1326054908,9
1326056513,262
1326071833,134
1326085531,72
1326088798,125
1326089811,500
1326099407,1244
1326100627,38
1326113525,11
1326115288,88
1326130379,30
1326134013,29
1326137943,33
1326140471,92
1326143244,39
1326154796,12
1326164488,46
1326173236,11
1326173426,15
1326177141,49
1326180722,75
1326184056,23
1326185585,11
1326189017,134
1326194383,26
1326198592,55
1326199068,214
1326199730,22
1326210686,104
1326222384,75
1326224688,43
1326228297,18
1326235132,219
1326235614,17
1326235741,13
1326235960,37
1326239454,21
1326240806,154
1326244070,120
1326249163,231
1326251311,103
1326261673,41
1326266863,120
1326284290,11
1326292154,56
1326302831,28
1326316542,358
1326319269,32
1326326868,11
1326329875,890
1326337581,11
1326371598,14
1326371998,31
1326381011,47
1326392947,23
1326394141,211
1326394720,200
1326420620,213
1326422884,27
1326433011,16
1326437892,37
1326451005,11
1326452281,36
1326457156,14
1326464530,24
1326465210,52
1326478873,25
1326479281,12
1326480303,736
1326486804,0
1326489552,205
1326497156,211
1326505705,12
1326507166,278
1326515774,785
1326522836,17
1326522983,16
1326529720,25
1326531152,4578
1326532838,20
1326535523,12
1326542313,14
1326542457,16
1326547070,40
1326554666,91
1326574350,546
1326578519,18
1326586077,77
1326593358,13
1326596330,16
1326596385,20
1326607979,218
1326609621,13
1326639319,16
1326642999,175
1326650657,13
1326654671,2529
1326671554,15
1326675251,19
1326681144,189
1326682918,375
1326701903,25
1326723034,53
1326723184,20
1326728658,11
1326729848,20
1326732485,13
1326737916,41
1326758887,12
1326763427,24
1326773343,24
1326779390,27
1326785577,27
1326794832,142
1326807637,188
1326813141,16
1326822054,33
1326825726,37
1326830277,11
1326836323,439
1326844625,21
1326853912,256
1326856161,59
1326893710,4016
1326894904,20
1326915228,1307
1326920589,27
1326922823,25
1326923218,144
1326935802,105
1326939689,13
1326942966,22
1326960768,14
1326961553,23
1326963227,12
1326963742,426
1326970364,134
1326981624,13
1326990376,13
1327005655,13
1327008838,22
1327016629,22
1327017495,18
1327021058,312
1327070180,298
1327071007,133
1327076283,35
1327081238,54
1327083343,67
1327088798,8103
1327114542,30
1327124384,47
1327128543,12
1327135163,86
1327139890,20
1327170623,28
1327178134,44
1327180127,125
1327181303,47
1327189101,11
1327190291,131
1327191572,112
1327201870,23
1327214801,3163
1327221128,52
1327225282,466
1327230913,24
1327253292,47
1327257919,104
1327274680,147
1327274904,30
1327282782,24
1327285989,18
1327287225,37
1327302572,51
1327308609,13
1327310658,104
1327316619,11
1327325660,12
1327327043,145
1327328463,145
1327329738,134
1327333040,40
1327334049,17
1327346569,11
1327355044,24
1327360831,206
1327364812,105
1327367130,93
1327387768,72
1327391344,43
1327394183,91
1327399926,97
1327404660,12
1327405387,11
1327406396,12
1327407830,14
1327408088,13
1327411925,124
1327414207,388
1327424906,12
1327451853,46
1327452849,364
1327455678,24
1327467443,19
1327480429,33
1327482353,104
1327488191,33
1327494327,12
1327497611,576
1327497865,270
1327502931,1698
1327503571,14
1327504083,54
1327504713,21
1327506365,609
1327521078,19
1327530585,20
1327537702,1
1327541512,21
1327542058,1
1327542811,14
1327544079,1
1327546939,1
1327549440,1
1327556525,80
1327573422,16
1327574742,344
1327577718,13
1327584991,107
1327587687,16
1327588269,20
1327589312,2
1327591718,56
1327597546,12
1327600825,19
1327601475,24
1327604124,11
1327610423,33
1327615345,132
1327616101,73
1327630352,14
1327630460,22
1327634219,50
1327647115,70
1327654942,63
1327657718,26
1327666131,20
1327672071,47
1327678038,42
1327679001,1193
1327679348,82
1327682682,42
1327688858,264
1327703576,27
1327720872,12
1327722130,21
1327733374,12
1327735276,31
1327738631,21
1327741635,595
1327745309,24
1327760492,15
1327764200,112
1327769792,24
1327770542,89
1327771378,68
1327772426,80
1327778516,11
1327812422,213
1327815140,130
1327819882,20
1327829284,14
1327843352,35
1327855429,95
1327859722,149
1327864655,36
1327882465,17
1327906257,25
1327909958,12
1327912660,239
1327918915,21
1327922030,13
1327922805,18
1327935413,48
1327979474,37
1327981697,103
1327982974,24
1327985315,11
1327999315,27
1328001411,255
1328004208,110
1328010825,52
1328021837,213
1328026413,11
1328028608,18
1328035329,332
1328038695,13
1328041729,18
1328048872,13
1328053986,52
1328054014,11
1328078040,11
1328080712,15
1328095036,24
1328096059,7
1328103438,99
1328146553,14
1328154517,109
1328179440,24
1328183085,338
1328202159,80
1328222462,43
1328225099,14
1328232367,16
1328235107,13
1328238153,380
1328249282,20
1328249314,81
1328251573,84
1328253363,29
1328264456,32
1328272802,51
1328284302,56
1328287322,18
1328296446,27
1328310747,42
1328312204,84
1328330941,42
1328332531,27
1328335662,164
1328337395,18
1328340947,198
1328355234,258
1328358094,626
1328359638,15
1328366185,28
1328389467,86
1328392883,13
1328393539,94
1328406087,138
1328406804,11
1328427203,23
1328433769,188
1328443059,17
1328444511,108
1328455222,0
1328459198,13
1328466187,16
1328468175,234
1328474181,111
1328476182,12
1328481144,75
1328481917,27
1328497862,62
1328498728,28
1328499012,12
1328501436,34
1328501958,605
1328526159,206
1328527258,247
1328532063,46
1328532636,13
1328542091,25
1328548434,12
1328550807,28
1328564479,37
1328572130,13
1328580275,43
1328590564,29
1328596181,16
1328597658,38
1328598252,20
1328599392,163
1328621400,23
1328627783,2822
1328634552,11
1328637363,15
1328645187,42
1328652275,80
1328655966,28
1328656683,50
1328656904,170
1328667649,17
1328668543,16
1328685263,12
1328692002,121
1328692130,21
1328707869,278
1328712465,122
1328730284,38
1328742496,21
1328757117,22
1328764415,70
1328769721,1265
1328772848,12
1328783846,52
1328787975,304
1328789775,11
1328790913,11
1328795639,27
1328798993,16
1328803446,14
1328809295,32
1328816228,82
1328824432,57
1328825933,16
1328829300,48
1328830359,70
1328853711,53
1328854022,12
1328854403,28
1328860135,15
1328861070,12
1328862207,47
1328865310,11
1328868896,94
1328876445,101
1328879183,38
1328879530,18
1328889281,288
1328889333,41
1328902345,57
1328931719,32
1328934583,16
1328936229,37
1328939473,81
1328945410,182
1328952004,239
1328953137,15
1328953337,24
1328955645,109
1328958105,283
1328963694,28
1328965478,12
1328966233,60
1328972071,20
1328973416,74
1328975103,12
1328983281,84
1328986158,15
1328993998,13
1328999564,12
1329000381,13
1329003215,20
1329015230,47
1329019919,11
1329037952,14
1329049965,13
1329050462,250
1329068056,15
1329068880,13
1329078157,329
1329080568,13
1329085812,20
1329096050,30
1329096836,255
1329105755,439
1329110841,62
1329128263,152
1329136737,313
1329147530,22
1329163060,2894
1329167133,423
1329183470,87
1329192162,42
1329193820,29
1329197939,11
1329203213,33
1329206395,135
1329223745,102
1329235276,13
1329262603,13
1329267018,30
1329270526,89
1329272295,3840
1329284982,22
1329291338,345
1329295499,101
1329307780,49
1329314423,26
1329315609,59
1329316947,34
1329320094,43
1329328083,33
1329332111,34
1329337346,31
1329342178,13
1329342357,11
1329347083,11
1329351407,38
1329353712,79
1329356755,23
1329357004,40
1329358049,14
1329365055,17
1329370534,129
1329374056,189
1329374920,26
1329380787,455
1329393192,11
1329396176,12
1329403348,15
1329410717,15
1329412905,13
1329421755,23
1329423195,43
1329430882,41
1329438460,34
1329441055,12
1329442515,13
1329448333,10
1329451298,15
1329457912,7
1329458499,13
1329459029,56
1329477354,77
1329481131,11
1329481289,284
1329482074,48
1329484633,76
1329489497,21
1329491612,276
1329501906,7
1329502858,15
1329503022,18
1329504042,22
1329504081,30
1329504496,14
1329505043,11
1329505047,12
1329505325,15
1329511267,11
1329520982,195
1329523769,32
1329527700,12
1329532338,128
1329535056,36
1329535977,36
1329561971,1400
1329573100,18
1329575745,43
1329587981,262
1329595774,209
1329596477,15
1329613421,57
1329624699,95
1329625338,203
1329629252,1937
1329636359,11
1329637462,25
1329643274,561
1329648391,11
1329648416,19
1329651055,11
1329658588,100
1329663737,73
1329665466,159
1329669219,37
1329681238,12
1329682118,13
1329686974,15
1329688801,85
1329695341,20
1329695874,14
1329697250,56
1329702444,30
1329702794,18
1329704476,21
1329704518,28
1329705938,568
1329706276,30
1329710106,18
1329711203,127
1329712089,16
1329723865,74
1329730694,16
1329730975,69
1329756776,12
1329758650,214
1329766967,58
1329772796,29
1329775407,45
1329778496,100
1329802802,2
1329806020,4
1329807733,55
1329817321,26
1329833296,26
1329834110,105
1329846683,110
1329847278,306
1329847758,12
1329849289,10501
1329850500,41
1329896761,12
1329902064,47
1329915046,66
1329918442,21
1329919679,33
1329925237,15
1329938634,25
1329944041,15
1329952346,32
1329954529,69
1329969587,45
1329972462,579
1329973913,15
1329981086,13
1329986688,80
1329993771,87
1329999199,11
1330002704,21
1330005206,137
1330006371,93
1330009428,12
1330015402,32
1330029967,17
1330046460,74
1330046962,16
1330047425,62
1330048600,32
1330063459,0
1330064310,15
1330075875,127
1330081591,101
1330084370,16
1330103508,19
1330108323,78
1330122331,89
1330127155,71
1330132149,136
1330133167,43
1330135801,2712
1330143688,27
1330144990,1647
1330157080,17
1330160336,720
1330175803,19
1330202874,21
1330202935,28
1330204791,21
1330206754,51
1330220596,22
1330222125,39
1330222767,20
1330239706,496
1330248807,38
1330252700,47
1330259315,101
1330260203,15
1330260295,45
1330270943,11
1330271159,38
1330276474,28
1330279774,11
1330282006,138
1330297001,60
1330298097,34
1330298841,55
1330318865,121
1330319314,21
1330321635,12
1330327873,11
1330329922,229
1330332758,84
1330332851,14
1330339939,32
1330347036,28
1330347449,51
1330349574,101
1330350504,22
1330360148,94
1330365650,13
1330367520,156
1330369527,177
1330375360,12
1330387157,231
1330399190,14
1330408847,13
1330409659,3
1330412774,14
1330413963,99
1330414761,112
1330434395,205
1330439658,25
1330441646,12
1330442132,36
1330450385,88
1330457932,73
1330460638,24
1330461845,44
1330462451,12
1330462520,25
1330468709,1354
1330471743,97
1330473381,121
1330475010,630
1330476066,99
1330481827,11
1330488548,11
1330493920,149
1330496923,39
1330507810,7
1330510119,4
1330513780,24
1330516443,21
1330516569,57
1330516937,475
1330523734,102
1330530171,240
1330531961,323
1330539785,11
1330541122,14
1330541470,107
1330542419,143
1330551342,8
1330560156,14
1330568623,82
1330573139,13
1330576511,13
1330578988,100
1330585128,107
1330585421,13
1330595379,50
1330598771,18
1330602114,11
1330606242,21
1330606607,301
1330609336,12
1330620024,26
1330621209,108
1330627533,171
1330629905,127
1330632565,2
1330637533,22
1330642544,11
1330644388,196
1330644472,13
1330646326,463
1330647435,97
1330647543,28
1330647892,91
1330650705,28
1330652318,3
1330652407,935
1330654974,33
1330669096,99
1330683084,21
1330684175,18
1330687306,58
1330698126,157
1330702515,3314
1330706992,12
1330717140,99
1330719310,100
1330723353,142
1330736300,11
1330738995,16
1330741123,116
1330759790,15
1330762310,157
1330775457,105
1330775624,103
1330785579,52
1330790110,11
1330790516,13
1330796726,19
1330797406,28
1330797628,16
1330805300,16
1330805756,13
1330809662,149
1330817460,49
1330828102,90
1330836689,101
1330840700,12
1330846135,59
1330847698,26
1330857517,12
1330858727,37
1330864148,11
1330864189,1118
1330869473,193
1330875586,48
1330882929,299
1330893519,12
1330901644,99
1330908282,59
1330909640,6
1330919548,90
1330930488,14
1330938244,13
1330948735,477
1330952241,21
1330959200,176
1330960529,18
1330983726,55
1330984071,92
1330990653,11
1330993734,12
1330998624,12
1331004413,12
1331014190,19
1331014414,107
1331018891,188
1331023859,199
1331025830,66
1331027444,50
1331030378,0
1331031602,27
1331040870,12
1331044795,109
1331048894,19
1331049113,75
1331055771,13
1331057191,25
1331078494,254
1331078718,29
1331079127,2491
1331084199,4
1331086429,137
1331086670,5
1331086842,18
1331104768,12
1331105012,38
1331112087,202
1331115903,16
1331117865,30
1331118057,111
1331119731,23
1331119852,25
1331122776,26
1331135578,27
1331135699,23440
1331135798,99
1331141764,17
1331146619,17
1331160820,13
1331165805,18
1331171993,11
1331175545,33
1331176828,12
1331183783,74
1331196092,146
1331202439,102
1331203700,566
1331207288,615
1331208948,43
1331209128,102
1331217585,115
1331225083,103
1331225823,20
1331233442,20
1331238111,42
1331242694,84
1331261687,4083
1331270913,32
1331280827,13
1331283163,187
1331306269,13
1331306622,13
1331332827,135
1331333821,26
1331340460,44
1331343223,25
1331349107,18
1331366070,16
1331368522,19
1331381173,16
1331392011,18
1331397882,23
1331399015,35
1331417844,61
1331422547,13
1331440110,102
1331441014,1359
1331466051,38
1331470986,107
1331473860,21
1331477935,16
1331479180,90
1331483296,17
1331485653,90
1331500511,32
1331510024,96
1331514192,27
1331519486,209
1331530885,182
1331532226,102
1331534901,127
1331538256,19
1331538751,51
1331551027,3
1331554337,10
1331554375,17
1331581864,436
1331604310,222
1331608070,92
1331619047,22
1331626452,117
1331629885,36
1331635528,61
1331636953,8424
1331644818,142
1331646849,21
1331649570,70
1331651339,20
1331656329,21
1331660357,37
1331661613,16
1331661622,101
1331676909,203
1331680868,18
1331682353,11
1331684414,11
1331687431,51
1331693594,49
1331694732,1
1331702344,17
1331707935,170
1331708469,11
1331712273,29
1331716042,90
1331718729,100
1331718953,15
1331719870,41
1331721780,17
1331723225,576
1331724387,17
1331728719,5386
1331732980,14
1331740864,16
1331741216,22
1331748819,1
1331752587,45
1331753988,19
1331754319,28
1331759511,30
1331760244,0
1331763167,219
1331765777,140
1331769662,102
1331770982,11
1331787386,179
1331788266,1
1331788336,105
1331788893,14
1331796968,15
1331801753,12
1331803157,19
1331813703,14
1331817922,39
1331825203,86
1331826815,35
1331837555,143
1331848309,23
1331848582,28
1331857587,18
1331869739,127
1331874248,83
1331881644,41
1331882604,889
1331897397,19
1331901587,207
1331913904,32
1331919771,95
1331924868,106
1331927895,163
1331933796,32
1331944527,24
1331946338,66
1331949060,98
1331950531,208
1331966999,99
1331975250,522
1331979525,39
1331994955,24
1331999365,40
1332007280,13
1332009127,1153
1332025256,120
1332028915,35
1332043249,26
1332045055,15
1332059443,22
1332073142,1944
1332077516,11
1332080070,5208
1332098727,28
1332104789,264
1332105105,492
1332105799,27
1332109784,34
1332122666,14
1332135149,402
1332135490,25
1332137279,29
1332137861,26
1332143980,73
1332145538,39
1332162237,112
1332163947,58
1332164591,18
1332165704,14
1332174495,15
1332184066,28
1332185853,819
1332203589,11
1332206753,13
1332212466,184
1332216306,30
1332222725,46
1332227278,11
1332228998,12
1332230141,84
1332230734,84
1332232432,13
1332242764,13
1332243516,136
1332244698,12
1332247470,178
1332249222,155
1332249845,18
1332253779,17
1332257473,14
1332269543,36
1332277078,25
1332281808,14
1332299633,35
1332300669,44
1332327153,15
1332338281,20
1332348091,66
1332356636,88
1332370895,26
1332372413,17
1332394842,106
1332396395,49
1332396549,60
1332397473,29
1332399543,210
1332403959,80
1332404714,72
1332419257,32
1332427575,18
1332435127,40
1332450492,393
1332459586,81
1332461149,365
1332463018,16
1332481591,43
1332485851,19
1332498297,13
1332500792,86
1332505367,20
1332532363,40
1332541807,276
1332542350,13
1332554310,21
1332556054,15
1332559302,48
1332559583,26
1332570754,25
1332578593,63
1332582761,101
1332585907,112
1332588182,18
1332590617,218
1332596477,102
1332599518,132
1332604484,115
1332615194,23
1332616861,16
1332619774,100
1332621372,104
1332626527,102
1332635704,12
1332643644,95
1332652922,89
1332654537,98
1332654895,422
1332656411,163
1332659029,13
1332659211,166
1332665268,73
1332667033,90
1332674770,95
1332682313,44
1332683811,96
1332692074,17
1332692176,90
1332692519,283
1332693263,19
1332696398,60
1332700417,28
1332700876,87
1332705907,58
1332715766,100
1332718366,19
1332722846,521
1332730190,13
1332736374,367
1332736816,28
1332741661,12
1332750112,21
1332750396,413
1332750652,14
1332756442,139
1332757501,12
1332766794,24
1332781509,3365
1332781797,41
1332787357,24
1332798328,103
1332799087,455
1332807475,47
1332818293,49
1332819701,106
1332840481,280
1332841701,141
1332854064,92
1332860044,116
1332868730,222
1332869857,51
1332880343,16
1332880861,33
1332885582,49
1332887136,94
1332893475,1972
1332894075,18
1332903042,75
1332905634,149
1332914690,12
1332916939,12
1332920500,14
1332922008,19
1332923668,23
1332924393,13
1332935366,12
1332946915,14
1332948732,11
1332955374,16
1332958756,15
1332963818,18
1332966182,15
1332967299,165
1332968205,37
1332977444,39
1332978872,108
1332981570,72
1332984685,52
1332986884,11
1332989832,93
1332999200,36
1333000249,28
1333000741,590
1333003709,16
1333004521,12
1333016032,23
1333019311,218
1333019496,11
1333029054,153
1333029353,41
1333033450,116
1333058192,144
1333065091,244391
1333070681,13
1333074267,51
1333074594,27
1333076632,146
1333082085,12
1333084323,11
1333084899,35
1333085957,11
1333089866,83
1333091000,13
1333096882,31
1333097145,99
1333099739,247
1333100390,130
1333102953,12
1333103530,89
1333111883,219
1333111893,4111
1333116579,51
1333118570,61
1333122965,18
1333125623,58
1333132389,176
1333139588,29
1333141598,173
1333142935,713
1333143016,15
1333144072,390
1333147698,13
1333150349,12
1333150357,100
1333152408,56
1333155576,605
1333156486,1766
1333161040,14
1333165619,12042
1333167552,283
1333167714,12
1333171737,571
1333173677,363
1333175049,17890
1333178360,35
1333179208,11
1333183397,248
1333185096,430
1333206542,28
1333209944,22
1333210012,13
1333211388,114
1333212317,198
1333217639,11
1333218091,28
1333219439,12
1333220013,91
1333222497,11
1333224461,38
1333226405,37
1333228186,36
1333229304,23
1333232606,146
1333234252,35
1333234667,74
1333235870,374
1333237225,58
1333243747,67
1333247282,447
1333249891,14
1333252932,49
1333254657,139
1333258936,835
1333259530,21
1333262109,13
1333263294,351
1333266800,149
1333268083,14
1333270655,12
1333275113,28
1333276203,50
1333279808,21
1333284620,74
1333285776,89
1333285997,49
1333286217,38
1333287238,217
1333287836,37
1333288958,13
1333289615,10
1333290303,18
1333292573,17
1333294170,33
1333294285,689
1333295863,170
1333299578,11
1333303761,98
1333305802,12
1333306299,20
1333307560,157
1333307990,10
1333311954,13
1333314863,19
1333320049,74
1333321333,30017
1333322877,131
1333323848,14
1333323890,39
1333328202,23
1333329582,667
1333339639,16
1333340876,362
1333343804,57
1333346926,13
1333348052,28
1333350630,95
1333351747,46
1333354895,27
1333358267,53
1333362686,249
1333364378,25
1333365124,79
1333366513,26
1333367960,72
1333372532,15
1333376987,61
1333382690,30
1333391530,12
1333397767,23
1333398680,254
1333399067,17
1333399642,11036
1333405231,14
1333406789,263
1333417632,20
1333418376,23
1333421030,15
1333421854,25
1333424882,16
1333425246,17
1333428970,45
1333429325,153
1333445152,37
1333446374,1130
1333447648,104
1333451307,19
1333452358,212
1333452698,90
1333457991,23
1333462162,11
1333465802,13
1333466908,21
1333468243,18
1333469830,19
1333470417,40
1333471394,139
1333472422,11
1333472695,49
1333479437,127
1333482618,233
1333483404,53
1333485208,25
1333486649,776
1333491534,67
1333494225,101
1333496313,40
1333497739,52
1333502746,75
1333513877,20
1333515547,13
1333518115,21
1333518520,13
1333522020,20
1333540873,28
1333550312,15
1333556422,588
1333559105,116
1333560682,24
1333577584,13
1333579278,68
1333579583,35
1333584467,14
1333591877,57
1333594899,189
1333596042,22
1333605725,117
1333607666,373
1333608411,9
1333609599,12
1333612974,83
1333614085,11
1333622716,11
1333622771,56
1333628502,124
1333629201,635
1333630193,490
1333633428,19
1333633606,11
1333637290,54
1333638979,16
1333643722,39
1333646693,137
1333652151,1083
1333661810,273
1333662860,21
1333664534,11
1333665912,17
1333671088,117
1333671427,88
1333672877,93
1333673564,179
1333681300,17
1333681306,89
1333682494,106
1333685863,168
1333686963,12
1333687005,282
1333687717,15
1333689922,170
1333690733,35
1333691675,17
1333691983,14
1333693108,59
1333694353,39
1333696087,19
1333698516,13
1333698951,12
1333700083,55
1333700588,11
1333704579,15
1333705173,105
1333705619,56
1333708088,43
1333710014,19
1333711733,145
1333712699,39
1333713967,37
1333715310,15
1333718792,3045
1333719936,29
1333720250,233
1333729444,16
1333729604,14
1333732618,14
1333732687,19
1333732838,330
1333738786,133
1333741624,133
1333741649,20
1333742677,1315
1333744314,6
1333745116,46
1333749128,15
1333749131,95
1333750613,101
1333750727,23
1333751689,60
1333752187,102
1333754646,55
1333755311,408
1333755444,89
1333756521,29
1333759458,16
1333759772,46
1333768172,73
1333781342,64
1333785789,49
1333786261,40
1333787962,122
1333788175,16
1333788844,13
1333792425,23
1333800345,14
1333800859,37
1333802136,48
1333805762,48
1333807290,5643
1333814075,11
1333814934,17
1333816459,37
1333819477,11
1333820264,13
1333823235,18
1333826930,1
1333828983,15
1333829507,42
1333831186,13
1333833261,31
1333836885,19
1333842753,126
1333844350,38
1333845161,113
1333846315,42
1333846486,106
1333852561,101
1333857917,32
1333858428,11
1333860049,324
1333867193,219
1333868070,230
1333868242,2
1333868738,55
1333868821,95
1333871456,18
1333882104,53
1333886655,240
1333888744,12
1333889072,13
1333889515,16
1333889802,103
1333891395,13
1333898352,21
1333899495,12
1333901551,34
1333904182,12
1333906002,154
1333907823,217
1333908130,72
1333908465,78
1333913099,97
1333921957,58
1333928744,99
1333932555,29
1333935622,46
1333936445,43
1333939283,164
1333944343,11
1333945932,13
1333953001,24
1333953498,15
1333955351,12
1333957900,13
1333958100,12
1333959391,61
1333959420,20
1333961389,1873
1333964468,422
1333968715,14
1333969047,204
1333969048,83
1333971533,12
1333974533,94
1333978174,109
1333978320,41
1333979896,14
1333980820,18
1333981728,84
1333982245,12
1333983461,18
1333984161,15
1333986963,79
1333986968,154
1333988254,13
1333992581,142
1333998031,13
1334001035,84
1334001399,31
1334003760,14
1334009176,11
1334011664,2239
1334012210,98
1334013845,15
1334014671,11
1334017055,69
1334020733,159
1334020974,164
1334022793,24
1334022816,145
1334023333,16
1334027849,20
1334028660,38
1334040575,111
1334042515,29
1334046979,36
1334049472,106
1334049596,40
1334063554,83
1334065660,21
1334067476,22
1334070408,94
1334073773,30
1334075920,74
1334076307,102
1334088923,31
1334089233,30
1334105013,23
1334109809,52
1334111073,53
1334114196,19
1334114994,14
1334117350,17
1334118559,369
1334120194,82
1334120593,181
1334125889,36
1334136067,17
1334139750,18
1334141883,12
1334142865,20
1334146979,20
1334150998,29
1334151801,29
1334155300,16
1334155887,19
1334156126,30
1334158914,17
1334161261,78
1334167430,129
1334170202,52
1334178589,33
1334182686,124
1334191769,11
1334196535,14
1334198162,2983
1334205011,69
1334206998,114
1334211162,325
1334214605,211
1334216502,60
1334218170,18
1334221903,13
1334221948,16
1334225322,11
1334231497,23
1334236148,75
1334237171,18
1334237364,119
1334239695,34
1334242984,178
1334244124,17
1334245678,3773
1334246540,236
1334249383,413
1334251305,15
1334252774,101
1334258848,286
1334259243,54
1334260665,25
1334265626,14
1334266376,22
1334266810,68
1334268109,37
1334268988,16
1334278770,40
1334282453,18
1334284281,11
1334296085,52
1334298193,105
1334300275,14
1334301205,110
1334303719,27
1334303936,32
1334304098,104
1334305310,289
1334309081,39
1334309410,42
1334315235,45
1334316173,15
1334318451,14
1334330745,24
1334336089,20
1334339967,23
1334340339,37
1334344116,24
1334348217,119
1334353846,27
1334359396,33
1334359931,173
1334360795,21
1334362778,213
1334363727,55
1334369459,49
1334373503,1866
1334373890,18
1334374258,13
1334374940,62
1334380566,33
1334381943,82
1334384009,72
1334384058,327
1334389803,19
1334392318,887
1334392728,5
1334400948,16
1334410695,30
1334426678,37
1334427454,15
1334430510,180
1334431456,207
1334434081,157
1334434550,13
1334441048,26
1334442247,191
1334443990,24
1334446501,36
1334454708,109
1334459444,350
1334460196,74
1334464448,31
1334469990,88
1334475603,58
1334478349,48
1334481534,13
1334485516,12
1334490046,133
1334493734,12
1334494531,93
1334495031,11
1334496909,11
1334497772,9
1334498837,7
1334499503,551
1334499588,8
1334507347,11
1334515984,161
1334525377,345
1334525635,18
1334526169,12
1334526991,20
1334529258,77
1334532589,572
1334537225,11
1334546357,88
1334554248,115
1334560360,12
1334561781,1628
1334563025,38
1334567579,93
1334568449,19
1334571130,44
1334580563,47
1334582394,14
1334586481,7004
1334610441,12
1334613831,119
1334614062,330
1334616460,21
1334617361,26
1334630805,494
1334641482,61
1334652214,18
1334652583,11
1334657231,763
1334657392,55
1334663580,343
1334664261,56
1334664494,25
1334665167,20
1334666637,22
1334667426,12
1334670095,319
1334673908,13
1334675451,114
1334675743,64
1334680608,32
1334685457,1088
1334692596,133
1334697523,77
1334697707,14
1334699730,85
1334706134,27
1334711961,16
1334714311,672
1334719824,13
1334723614,11
1334726163,26
1334739972,29
1334740674,13
1334747723,668
1334753031,117
1334754594,46
1334754646,13
1334757349,25
1334759457,22
1334759863,29
1334759868,26
1334760679,12
1334761607,20
1334764110,30
1334766747,281
1334767490,45
1334785968,117
1334788662,179
1334811048,13
1334814482,24
1334821195,46
1334824785,199
1334827616,32
1334830521,94
1334833442,25
1334838753,462
1334839328,265
1334847244,41
1334862599,26
1334864632,319
1334866577,57
1334867125,11
1334869048,285
1334869051,17
1334869464,19
1334869754,11
1334871947,38
1334875164,40
1334881845,71
1334882617,24
1334886021,1047
1334892339,16
1334892591,29
1334893847,112
1334894476,54
1334897143,2911
1334904197,1042
1334905443,203
1334910786,57
1334912034,13
1334913907,59
1334920192,11
1334921369,24
1334922788,26
1334923843,112
1334929461,137
1334935003,92
1334936547,18
1334938665,94
1334939514,91
1334944307,21
1334946538,57
1334946608,1881
1334949924,18
1334954277,220
1334959721,14
1334962266,1551
1334964169,32
1334964434,26
1334973129,169
1334974438,12
1334974822,11
1334975834,13
1334981118,11
1334981593,108
1334984194,130
1334990030,22
1334992514,12
1334993967,40
1335005265,468
1335006007,20
1335008301,36
1335011939,132
1335015250,13
1335016012,83
1335020425,60
1335029930,14
1335030435,33
1335034417,28
1335045464,73
1335046216,47
1335047324,19
1335047814,39
1335048946,65
1335050510,15
1335052083,53
1335056021,14
1335056554,21
1335058602,35
1335061439,50
1335064650,209
1335068806,29
1335072032,17
1335073465,126
1335074101,14
1335075540,19
1335079998,210
1335080558,15
1335082381,36
1335084025,231
1335085754,298
1335086034,74
1335090338,101
1335095553,25
1335095892,1424
1335101620,98
1335104760,1703
1335106729,75
1335108132,27
1335108708,163
1335113546,13
1335115548,227
1335116723,12
1335127844,174
1335128252,12
1335130938,96
1335135869,21
1335141851,15
1335143909,102
1335144165,21
1335148136,70
1335150472,13
1335152899,36
1335155355,596
1335156872,15
1335166603,22
1335177841,13
1335189481,139
1335191231,107
1335198601,26
1335200032,47
1335203486,16
1335206124,14
1335208632,20
1335212898,111
1335219884,34
1335220704,48
1335221105,39
1335221593,11
1335223515,22
1335225505,11
1335227077,280
1335228821,43
1335236473,75
1335236592,41
1335239016,70
1335240884,12
1335241492,471
1335242525,14
1335250747,16
1335253559,64
1335255049,11
1335257165,68
1335262886,122
1335265978,18
1335268848,112
1335269450,11
1335271414,14
1335271818,38
1335272583,35
1335277779,33
1335279198,396
1335280945,20
1335283393,22
1335287012,100
1335289503,22
1335297766,92
1335300607,195
1335301413,106
1335303378,24
1335304622,339
1335309784,34
1335321431,13
1335324287,16
1335324856,65
1335332435,11
1335336610,125
1335336760,17
1335354851,181
1335374159,14
1335377737,11
1335381999,33
1335383960,43
1335386553,17
1335401089,328
1335419770,142
1335428439,51
1335433896,12
1335435191,93
1335438980,439
1335448906,96
1335472527,19
1335480912,119
1335481544,21
1335484428,11
1335489258,33
1335490343,78
1335500927,88
1335502205,44
1335504690,14
1335510018,22
1335517093,26
1335520628,33
1335520848,21
1335529420,18
1335529739,13
1335530417,190
1335536876,20
1335541602,15
1335542707,14
1335545044,229
1335545726,20
1335556488,755
1335560273,928
1335560534,21
1335573443,14
1335574883,237
1335576026,15
1335577443,149
1335580282,19
1335584432,23
1335588244,20
1335591771,25
1335595428,94
1335596223,50
1335596504,17
1335604263,39
1335604707,121
1335606962,23
1335617049,15
1335620846,90
1335630981,215
1335632094,15
1335639807,16
1335640887,24
1335645343,13
1335651249,71
1335654115,63
1335654221,83
1335656816,39
1335659068,276
1335660277,37
1335661102,27
1335665091,39
1335673673,1024
1335678174,19
1335678778,14
1335679618,12
1335681005,55
1335681939,29
1335689077,15
1335692568,101
1335708556,114
1335711818,139
1335718387,48
1335721092,18
1335721568,469
1335722570,211
1335724194,13
1335730305,23
1335734923,11
1335735384,24
1335735694,19
1335735813,23
1335739077,21
1335740572,16
1335741900,23
1335743026,12
1335752695,11
1335753770,35
1335758624,31
1335759152,42
1335760878,26
1335766616,20
1335768403,16
1335771179,361
1335772020,13
1335772029,62
1335772344,40
1335774921,14
1335780054,20
1335784003,80
1335787168,13
1335787333,414
1335788701,42
1335794735,20
1335795491,134
1335797107,106
1335799735,42
1335803989,102
1335806584,19
1335813860,97
1335815757,115
1335816329,14
1335822803,14
1335823455,1159
1335823489,25
1335825540,13
1335827487,27
1335828785,30
1335829557,37
1335830636,161
1335831159,18
1335836747,22
1335847210,13
1335853519,24
1335864397,64
1335864613,25
1335867536,1024
1335874089,35
1335874180,77
1335877752,200
1335879973,15
1335885703,56
1335888462,11
1335895658,37
1335907828,198
1335909167,15
1335909415,72
1335910869,51
1335912279,15
1335912966,185
1335914257,36
1335922448,423
1335933611,11
1335936108,38
1335944000,736
1335949833,13
1335951900,0
1335952271,16
1335954169,20
1335960835,30
1335967154,33
1335973029,15
1335982460,11
1335983168,14
1335998959,14
1336014816,36
1336021761,11
1336023710,13
1336035716,11
1336037828,107
1336044501,23
1336049348,11
1336052087,14
1336052866,54
1336053850,1077
1336054308,164
1336055574,16
1336068061,156
1336072612,11
1336076986,38
1336081708,79
1336085426,390
1336092462,16
1336092482,713
1336094687,15
1336103213,12
1336104623,35
1336111792,23
1336112305,17
1336114531,670
1336126448,14
1336128599,12
1336134468,41
1336134478,18
1336135636,41
1336136924,26
1336137027,64
1336138968,86
1336146426,14
1336155185,235
1336158655,25
1336172780,62
1336186233,23
1336195432,19
1336201295,13
1336201793,44
1336202926,18
1336204120,602
1336204186,16
1336215028,35
1336216162,18
1336229928,17
1336242970,26
1336259941,117
1336264556,361
1336275025,80
1336280167,21
1336286256,25
1336292944,10
1336293242,13
1336299997,39
1336300986,51
1336301267,57
1336302099,100
1336303474,23
1336305121,218
1336320841,17
1336330801,141
1336331716,15
1336333153,13
1336342957,14
1336353897,77
1336369490,23
1336370355,111
1336373577,84
1336381528,12
1336388573,26
1336416579,147
1336440987,89
1336441276,50
1336446867,12
1336470784,382
1336474673,12
1336475692,15
1336482340,666
1336487943,899
1336488925,112
1336494535,18
1336502227,6107
1336521207,12
1336522349,15
1336524975,39
1336532371,200
1336536241,32
1336537991,26
1336540167,21
1336541518,13
1336543323,692
1336544550,12
1336545880,17
1336556657,188
1336562485,17
1336566679,18
1336566994,14
1336568049,122
1336570406,18
1336572754,12
1336576806,17
1336591441,73
1336592757,143
1336593927,16
1336605467,11
1336607420,14
1336607781,11
1336611652,20
1336612582,25
1336615760,26
1336616218,14
1336616320,265
1336621274,10
1336625383,27
1336630337,11
1336641426,149
1336643065,1021
1336644753,103
1336649239,12
1336654874,123
1336661106,30
1336661328,12
1336663851,577
1336664744,16
1336666695,55
1336687701,74
1336690016,43
1336698710,12
1336700403,12
1336700419,13
1336700566,102
1336707554,14
1336707765,709
1336708336,76
1336718458,13
1336723018,14
1336725446,34
1336731315,21
1336732106,27
1336734730,124
1336735663,16
1336738345,11
1336738841,14
1336738922,14
1336739291,117
1336746918,46
1336750151,51
1336750828,17
1336758489,11
1336760738,23
1336762621,108
1336763789,14
1336763824,14
1336764619,19
1336767699,13
1336769768,141
1336774403,225
1336781628,28
1336783660,17
1336783814,748
1336787096,14
1336787958,54
1336789675,16
1336791624,80
1336793734,282
1336795852,228
1336796517,170
1336807890,24
1336809331,22
1336815475,17
1336816530,19
1336817177,14
1336818134,12
1336819612,100
1336836593,127
1336841310,21
1336849011,165
1336849558,45
1336849561,14
1336870197,117
1336875304,206
1336883305,7
1336887011,102
1336887409,294
1336890161,17
1336893134,12
1336899053,12
1336901242,6
1336910524,17
1336921056,24
1336922223,49
1336932674,15
1336932824,25
1336933337,3938
1336935849,22
1336937342,11
1336948153,59
1336952609,13
1336953396,78
1336960242,11
1336963289,18
1336968253,17
1336971041,2359
1336972285,303
1336984794,21
1336989997,113
1336991775,107
1336998102,155
1336998801,576
1337005997,16
1337013258,24
1337017230,39
1337023771,11
1337030059,448
1337043852,81
1337044566,329
1337050379,79
1337055793,20
1337076641,13
1337079150,120
1337088225,18
1337089090,97
1337089243,1207
1337095328,16
1337106358,21
1337113106,10
1337113607,11
1337114883,180
1337115377,11
1337133508,19
1337169907,12
1337175615,103
1337178377,524
1337179865,34
1337185508,14
1337197972,19
1337208333,125
1337209046,99
1337219316,461
1337220896,274
1337221385,151
1337248280,150
1337255767,12
1337265311,12
1337269675,21
1337271325,44
1337274902,774
1337291618,11
1337291830,33
1337303060,535
1337305068,16
1337306269,31
1337317752,72
1337318437,13
1337322085,19
1337335939,108
1337338664,12
1337347330,456
1337350458,71
1337355290,89
1337358932,11
1337362723,12
1337365764,13
1337367085,20
1337369002,40
1337386123,156
1337388889,18
1337392547,12
1337395209,22
1337403931,201
1337413368,11
1337420546,115
1337421625,15
1337423542,15
1337429978,13
1337429987,66
1337430918,16
1337433006,26
1337439833,37
1337445545,13
1337467311,59
1337477702,17
1337481553,61
1337486551,137
1337487779,36
1337489889,17
1337500215,241
1337506732,237
1337511446,70
1337513353,15
1337517051,21
1337536120,152
1337546913,44
1337550227,11
1337553171,44
1337571992,45
1337572127,135
1337578304,56
1337578630,256
1337578818,816
1337579398,29
1337590862,14
1337596700,79
1337601061,31
1337602979,27
1337609024,11
1337613894,126
1337621009,75
1337622536,11
1337632230,13
1337633607,128
1337633740,12
1337639481,11
1337649431,25
1337654108,11
1337656691,26
1337657531,341
1337660241,22
1337660628,13
1337669222,22
1337673512,10
1337691176,15
1337692487,66
1337705732,63
1337761072,23
1337772677,117
1337788143,119
1337799906,63
1337800310,13
1337812117,29
1337815068,108
1337824285,70
1337825385,32
1337831651,14
1337849777,100
1337850913,24
1337855913,99
1337857692,92
1337858576,153
1337877406,178
1337890252,96
1337892723,197
1337896726,11
1337908361,83
1337913151,12
1337914644,23
1337915408,1276
1337918481,298
1337920628,4102
1337930352,17
1337931730,11
1337931942,544
1337938067,20
1337955304,4260
1337957143,233
1337964424,99
1337964706,90
1337966059,144
1337970244,20
1337972266,74
1337973368,27
1337977437,29
1337984443,34
1337985430,55
1337990266,19
1338004369,14
1338007151,14
1338010782,30
1338013869,14
1338013911,134
1338025545,16
1338042088,14
1338043025,13
1338044881,26
1338045445,16
1338047693,13
1338050462,36
1338054093,18
1338059579,21
1338060611,45
1338068096,15
1338070588,57
1338072710,20
1338074007,25
1338076951,35
1338080210,21
1338080566,58
1338082659,38
1338086501,195
1338094665,137
1338094917,90
1338095980,127
1338117909,11
1338118924,11
1338119569,208
1338123411,11
1338125301,13
1338136303,40
1338141106,13
1338149885,22
1338155834,13
1338158176,27
1338169427,14
1338176891,101
1338188635,64
1338190243,12
1338195181,12
1338197350,11
1338214198,20
1338220660,442
1338226792,28
1338236272,48
1338237504,1416
1338242959,25
1338244450,66
1338245007,22
1338245814,21
1338246647,57
1338256280,30
1338257695,12
1338259169,16
1338264493,13
1338267325,36
1338268130,90
1338282256,14
1338290116,1000
1338291563,101
1338292293,46
1338299113,1455
1338302505,102
1338306796,22
1338309925,11
1338319843,17
1338323174,139
1338324457,22
1338333908,143
1338338357,101
1338339845,42
1338344149,11
1338348425,17
1338351567,15
1338360911,11
1338364833,18
1338372146,37
1338383993,12
1338385364,24
1338386135,21
1338390527,72
1338394944,150
1338401951,15
1338402803,18
1338407314,16
1338409520,530
1338409555,24
1338410086,18
1338420427,21
1338421329,18
1338429250,13
1338438385,1468
1338445797,363
1338449348,201
1338449813,71
1338457188,71
1338460111,28
1338470351,28
1338470635,5818
1338473107,11
1338485857,50
1338494025,12
1338496073,13
1338506211,12
1338507931,20
1338509617,18
1338514004,13
1338521950,12
1338525632,59
1338527485,85
1338528444,63
1338532566,1708
1338539251,2875
1338543536,28
1338553673,300
1338566237,24
1338568803,58
1338583257,13
1338597192,14
1338600053,248
1338607051,22
1338613165,25
1338618941,11
1338626907,12
1338628333,39
1338631832,53
1338635601,15
1338640495,113
1338641236,21
1338644253,134
1338652300,68
1338653847,125
1338654346,31
1338656008,14
1338666754,35
1338673926,161
1338681838,286
1338695630,11
1338718658,14
1338728538,14
1338741448,11
1338741785,996
1338745917,33
1338749106,11
1338751601,87
1338753298,11
1338754588,24
1338755512,12
1338756163,23
1338760528,62
1338779963,11
1338806190,26
1338814233,40
1338815374,17
1338824971,17
1338831985,13
1338845970,70
1338846854,34
1338852104,9
1338859337,24
1338887764,13
1338889223,94
1338905690,12
1338906120,45
1338909303,222
1338942110,65
1338946084,36
1338962361,75
1338962867,10
1338967108,84
1338973163,343
1338985108,74
1338998514,224
1339010487,29
1339011098,41
1339013770,11
1339014902,11
1339015024,11
1339021210,99
1339021256,428
1339029998,113
1339031118,13
1339035778,14
1339039345,55
1339040637,4
1339042910,19
1339044753,58
1339045665,25
1339056835,12
1339058483,14
1339061652,52
1339063751,116
1339069883,38
1339083678,13
1339086012,120
1339091755,51
1339095633,34
1339100581,14
1339101135,24
1339101586,96
1339103577,49
1339110580,194
1339127722,113
1339144629,28
1339145734,65
1339153651,11
1339161831,3350
1339161965,29
1339180121,31
1339185691,89
1339187357,43
1339192427,11
1339200244,119
1339203132,31
1339208118,742
1339218374,16
1339221311,47
1339237322,22
1339240911,17
1339249258,17
1339251799,85
1339256252,3474
1339258945,13
1339265861,42
1339275814,14
1339276856,15
1339297063,30
1339301111,15
1339305167,11
1339317132,110
1339328512,18
1339328962,98
1339331031,21
1339347406,112
1339348001,95
1339356442,100
1339359145,100
1339360747,35
1339364752,33
1339368171,290
1339384673,12
1339397745,31
1339399284,29
1339427803,13
1339437882,506
1339444422,18
1339445525,205
1339449237,33
1339467180,30
1339469423,33
1339472592,20
1339473581,16
1339475787,11
1339490898,82
1339498585,27
1339507545,27
1339507648,14
1339529355,43
1339530018,41
1339551602,34
1339554313,89
1339560372,137
1339565442,95
1339579467,81
1339588477,18
1339594968,21
1339608613,13
1339616902,37
1339628067,52
1339629172,86
1339632021,30
1339635446,16
1339639334,17
1339646736,18
1339653489,113
1339655276,55
1339655720,214
1339655769,23
1339661831,30
1339669759,213
1339672104,68
1339676382,12
1339680494,13
1339704281,11
1339714338,121
1339718013,11
1339720244,11
1339725192,45
1339726856,25
1339728060,51
1339733401,18
1339735736,1
1339736623,123
1339737707,455
1339738644,26
1339742577,6270
1339746853,43
1339765745,47
1339766320,12
1339773182,66
1339775716,13
1339777921,38
1339781554,12
1339785537,38
1339788881,19
1339791597,176
1339797352,17
1339797512,32
1339802034,96
1339805394,19
1339807471,12
1339808705,56
1339813167,383
1339813990,59
1339827214,63
1339855223,14
1339858058,13
1339882795,991
1339888634,58
1339889691,19
1339889879,45
1339894168,51
1339901047,80
1339903141,183
1339934566,339
1339950905,46
1339958692,16
1339964815,117
1339968508,35
1339974909,13
1339983405,102
1339985467,20
1339990746,11
1339996225,14
1339997765,39
1340003279,14
1340033533,103
1340041904,15
1340057221,12
1340070986,99
1340088201,23
1340094258,18
1340108849,20
1340109073,45
1340112104,45
1340123236,26
1340127888,13
1340149764,54
1340160969,19
1340164895,45
1340166486,13
1340166870,15
1340181843,23
1340183353,15
1340184488,14
1340187285,90
1340197716,17
1340202513,39
1340213340,171
1340213355,16
1340217408,112
1340219193,109
1340222768,13
1340223489,81
1340224367,15
1340226889,26
1340228687,11
1340230123,14
1340235645,30
1340239554,15
1340242893,13
1340243403,351
1340244547,175
1340244833,14
1340250141,51
1340264441,253
1340266494,15
1340266652,47
1340266995,66
1340275018,11
1340286009,24
1340294768,13
1340295365,79
1340298787,11
1340307287,26
1340313202,17
1340318912,33
1340322393,17
1340323524,41
1340327207,111
1340327539,46
1340334830,150
1340356117,11
1340380399,14
1340386535,26
1340391518,157
1340411840,41
1340422545,71
1340435253,201
1340437754,180
1340443389,12
1340445101,17
1340448609,26
1340449114,22
1340454386,96
1340455190,15
1340458520,15
1340465600,35
1340468334,21
1340469396,35
1340476657,11
1340477960,12
1340481439,979
1340494633,5
1340495078,123
1340501779,2327
1340505597,14
1340508414,18
1340508826,2606
1340513588,31
1340525869,102
1340534998,16
1340535277,22
1340536945,21
1340539355,73
1340539407,115
1340540832,373
1340543993,22
1340566515,20
1340575051,14
1340578432,20
1340579873,29
1340583144,35
1340583919,22
1340589130,65
1340592485,69
1340597356,24
1340599893,30
1340609417,15
1340618283,26
1340624870,21
1340636546,18
1340637057,13
1340637443,17
1340637528,11
1340645826,113
1340646366,518
1340650048,18
1340650378,13
1340657858,111
1340663852,21
1340665678,16
1340671619,29
1340673279,18
1340674367,13
1340676550,147
1340680578,336
1340688293,39
1340690409,12
1340697980,12
1340700756,74
1340707757,107
1340709475,13
1340715286,31
1340715825,28
1340720714,18
1340721362,14
1340743476,2133
1340749561,545
1340753478,14
1340754639,33
1340755598,46
1340756122,57
1340756578,18
1340764497,37
1340770569,24
1340773604,12
1340773654,70
1340784339,21
1340796575,28
1340804277,102
1340804364,41
1340808393,20
1340838740,12
1340840762,17
1340853320,155
1340859448,428
1340867805,40
1340896547,120
1340898649,36
1340901473,15
1340901539,136
1340906871,138
1340909618,12
1340910826,12
1340911637,58
1340915158,22
1340917709,24
1340918386,98
1340923899,46
1340954053,63
1340968320,14
1340980663,46
1340986558,341
1340988219,11
1341008984,11
1341026277,221
1341029172,134
1341045018,11
1341047240,21
1341050308,108
1341055554,265
1341067556,1859
1341068496,77
1341070697,127
1341087123,35
1341087741,17
1341093731,80
1341098435,33
1341100557,45
1341122474,211
1341125695,170
1341125867,22
1341129518,40
1341148232,102
1341149365,344
1341155391,51
1341155586,17
1341155815,35
1341160435,27
1341166607,35
1341171225,15
1341173577,48
1341181902,65
1341184014,84
1341201886,41
1341206732,1079
1341207310,26
1341240270,12
1341264609,761
1341265509,38
1341310242,18
1341311122,29
1341325485,48
1341327969,16
1341330299,406
1341332136,11
1341337395,16
1341338917,20
1341340606,474
1341345745,21
1341349497,18
1341350544,104
1341367006,15
1341373608,87
1341377544,15
1341398261,26
1341400178,97
1341407028,27
1341420270,133
1341424586,50
1341425158,26
1341430062,78
1341430474,88
1341445307,21
1341447483,106
1341450287,18
1341454466,40
1341455210,96
1341463282,495
1341474906,77
1341481254,12
1341503738,31
1341514550,387
1341516854,94
1341519391,11
1341520197,416
1341523148,30
1341541311,28
1341542459,130
1341548340,126
1341551167,12
1341558993,15
1341563468,52
1341577145,60
1341584355,58
1341587440,18
1341596888,47
1341603085,954
1341623959,14
1341631692,38
1341636051,33
1341637663,190
1341641447,38
1341645736,14
1341648244,44
1341650284,11
1341650551,22
1341651233,67
1341657741,74
1341669331,894
1341673461,11
1341676432,51
1341688111,122
1341692576,98
1341701849,35
1341703793,16
1341706039,61
1341716416,39
1341726504,16
1341733342,26
1341735727,21
1341751818,21
1341777694,127
1341778550,11
1341791720,84
1341794356,15
1341805689,169
1341812905,100
1341825590,15
1341858900,11
1341872734,27
1341873210,17
1341876019,235
1341878507,21
1341889261,275
1341894956,21
1341895985,30
1341900733,24
1341902729,13
1341905595,249
1341906821,53
1341915456,12
1341920107,14
1341925998,15
1341931727,22
1341935392,41
1341954655,54
1341956558,218
1341958316,173
1341972254,100
1341974904,109
1341976699,17
1341979225,27
1341986504,535
1341993211,10
1341994273,133
1341999576,11
1342002767,277
1342004430,46
1342004464,52
1342016095,11
1342024605,57
1342030755,31
1342037109,11
1342039919,126
1342045617,50
1342049942,11
1342055691,11
1342056060,21
1342059924,57
1342068224,23
1342076765,11
1342084139,529
1342087639,14
1342093929,25
1342094693,112
1342096549,49
1342097925,15
1342101236,736
1342115121,647
1342119461,16
1342123891,101
1342126613,53
1342138510,18
1342150210,132
1342171870,150
1342183437,53
1342194262,41
1342214489,58
1342222310,16
1342226102,1359
1342227027,35
1342227253,716
1342231800,19
1342235893,53
1342245195,12
1342258291,61
1342259354,138
1342272897,11
1342272992,12
1342277311,135
1342284671,42
1342287465,12
1342316468,54
1342316713,106
1342319576,16
1342332401,57
1342336542,11
1342338724,13
1342343904,21
1342350845,99
1342361582,2
1342369849,101
1342375827,40
1342398464,40
1342408015,58
1342408606,99
1342409589,26
1342411868,20
1342417239,26
1342431965,23
1342445602,29
1342461518,5133
1342464169,86
1342470402,14
1342481891,121
1342491607,14
1342500291,21
1342512383,75
1342520585,12
1342554736,15
1342556125,37
1342560370,138
1342560700,20
1342560964,21
1342561181,28
1342573617,11
1342575483,12
1342597109,84
1342611164,11
1342622980,171
1342631002,13
1342651876,84
1342654340,123
1342664307,35
1342672874,33
1342682261,12
1342687107,11
1342688144,20
1342689310,22
1342693544,99
1342703663,221
1342704295,23
1342705519,60
1342709193,118
1342735006,92
1342735114,41
1342737409,2031
1342752035,27
1342754040,30
1342754049,221
1342758527,29
1342772482,104
1342778035,20
1342780597,71
1342781014,115
1342785446,39
1342786236,14
1342791907,226
1342808734,203
1342810109,106
1342819640,100
1342821132,20
1342821578,23
1342828219,18
1342828468,24
1342830625,101
1342832444,106
1342844259,28
1342848408,82
1342848853,18
1342848910,12
1342849797,11
1342851168,367
1342854250,17
1342860818,39
1342869266,17
1342873008,27
1342876750,4243
1342877083,1136
1342886503,2249
1342887825,11
1342892230,44
1342896280,24
1342901504,30
1342901529,11
1342909371,12
1342909779,32
1342913260,46
1342920710,29
1342922298,21
1342924739,24
1342930695,2964
1342935078,5927
1342943152,811
1342944953,14
1342947676,15
1342960681,560
1342965476,38
1342965874,149
1342977758,41
1342979008,269
1342980302,10
1342992826,41
1343008829,107
1343010747,15
1343011496,1373
1343018048,109
1343020980,99
1343022162,14
1343023193,22
1343023339,12
1343025657,147
1343028017,24
1343031150,11
1343042383,21
1343058080,14
1343059594,48
1343103481,37
1343123502,18
1343133530,11
1343138303,140
1343138309,32
1343146307,897
1343173017,52
1343173231,52
1343174425,14
1343178436,12
1343183897,71
1343185866,20
1343195076,11
1343225206,12
1343228481,508
1343231895,104
1343251796,74
1343253176,11
1343256867,100
1343265360,52
1343270803,15
1343283755,12
1343299521,83
1343302246,19
1343302907,77
1343307023,51
1343317564,27
1343320043,135
1343320953,11
1343324357,11
1343325391,14
1343326804,201
1343331728,15
1343337251,19
1343338349,43
1343338472,15
1343343594,22
1343355299,49
1343364651,11
1343366770,33
1343368433,457
1343368932,12
1343370924,12
1343372023,12
1343373341,142
1343382345,27
1343392001,73
1343405284,20
1343411249,426
1343413018,102
1343414845,18
1343423834,116
1343432847,106
1343434877,77
1343438200,707
1343438403,81
1343443200,115
1343453733,22
1343474843,22
1343478300,57
1343480922,726
1343485074,686
1343492312,73
1343505908,475
1343514685,27
1343529215,16
1343549793,17
1343553474,62
1343559272,40
1343574693,19
1343580080,44
1343584176,14
1343591542,17
1343615498,14
1343616432,13
1343618089,40
1343621706,657
1343621986,13
1343627315,21
1343649296,42
1343649490,72
1343651341,14
1343654601,14
1343661207,37
1343674616,28
1343680712,131
1343690014,21
1343696624,11
1343696662,14
1343701672,74
1343702053,72
1343704879,13
1343707174,12
1343708602,78
1343720225,102
1343722865,12
1343725832,19
1343746076,1075
1343747096,86
1343754894,16
1343758689,96
1343759060,50
1343769409,17
1343773044,170
1343784598,42
1343789448,13
1343813780,87
1343815757,14
1343819715,60
1343829889,129
1343834088,181
1343835913,11
1343847959,11
1343854589,75
1343859373,52
1343865323,382
1343868941,22
1343869364,23
1343878665,18
1343880269,56
1343884573,113
1343888093,16
1343889664,29
1343899003,12
1343904710,22
1343926942,18
1343926987,11
1343928378,46
1343928863,17
1343938119,11
1343946559,248
1343951443,43
1343957927,147
1343974697,128
1343981050,150
1343985054,32
1343988097,31
1343998404,17
1344002498,30
1344011438,5
1344027867,16
1344028176,16
1344030503,62
1344031713,109
1344047658,15
1344073075,22
1344075823,553
1344080512,20
1344110151,78
1344114534,15
1344123464,11
1344133101,14
1344173066,54
1344185376,50
1344186126,29
1344193284,46
1344197854,21
1344200520,25
1344205218,33
1344205867,16
1344208527,3520
1344218476,41
1344239263,251
1344265699,21
1344285885,11
1344292555,434
1344298447,310
1344301286,11
1344340188,4
1344360463,12
1344363123,14
1344382113,136
1344419000,17
1344421774,47
1344429057,54
1344429702,28
1344431820,47
1344434371,13
1344435627,13
1344448157,167
1344453575,414
1344456723,13
1344460242,43
1344467574,223
1344468353,25
1344479940,89
1344489903,93
1344492727,14
1344510895,18
1344529244,41
1344540534,20
1344545345,45
1344551841,102
1344564813,70
1344584548,99
1344585174,45
1344590699,13
1344599291,17
1344607188,102
1344610278,190
1344612469,70
1344613438,14
1344620985,164
1344623898,65
1344629197,42
1344634174,17
1344645806,12
1344652085,12
1344675804,12
1344676556,160
1344683400,11
1344686487,17
1344686779,504
1344689663,16
1344691168,20
1344693046,23
1344693102,1147
1344694195,38
1344703885,12
1344713275,559
1344715804,26
1344718688,23
1344732213,41
1344746546,46
1344753789,14
1344766430,210
1344774994,104
1344775535,19
1344777093,23
1344778576,24
1344780270,42
1344785966,13
1344789761,59
1344790387,67
1344791166,17
1344801947,24
1344812447,96
1344816886,14
1344817392,40
1344847243,42
1344856329,14
1344862110,15
1344862111,232
1344870607,84
1344878979,13
1344879442,64
1344881927,105
1344908058,242
1344908867,13
1344911757,11
1344912092,11
1344919353,32
1344920748,12
1344937238,80
1344939825,2428
1344946974,18
1344948661,106
1344953514,21
1344955800,397
1344956379,46
1344957129,46
1344957478,44
1344964530,13
1344968581,189
1344981041,13
1344986967,22
1345000011,191
1345002856,127
1345012391,265
1345012571,60
1345013588,379
1345017215,89
1345029747,18
1345036708,70
1345038409,50
1345039516,32
1345044694,24
1345050110,24
1345050445,24
1345053073,12
1345056936,33
1345063548,54
1345064345,15
1345064837,28
1345069536,37
1345071918,37
1345085376,25
1345089155,27
1345096675,280
1345097367,12
1345098478,23
1345101083,24
1345110572,241
1345116969,37
1345123653,16
1345128258,51
1345137241,11
1345140312,52
1345149644,26
1345151921,195
1345157045,15
1345161730,11
1345167055,194
1345173002,22
1345173009,22
1345177309,1089
1345185947,3325
1345193734,186
1345194743,11
1345195981,43
1345207811,29
1345231339,148
1345232342,237
1345236480,17
1345247964,17
1345248976,12
1345249784,15
1345251001,14
1345287682,18
1345289911,360
1345294901,16
1345317093,36
1345326286,9
1345367332,11
1345381253,62
1345392143,27
1345393073,80
1345394664,13
1345395383,198
1345396354,92
1345401816,37
1345411504,48
1345423691,31
1345430232,37
1345432684,83
1345440309,421
1345443438,14
1345446688,410
1345460462,26
1345461919,12
1345470812,32
1345471450,13
1345479725,35
1345482724,12
1345508845,2598
1345516815,139
1345519431,8
1345523782,148
1345527478,204
1345528032,16
1345532856,111
1345533091,38
1345538033,118
1345551221,33
1345570959,14
1345591046,20
1345592127,11
1345594423,12
1345606017,1720
1345611232,21
1345611806,80
1345614715,201
1345616611,476
1345628333,23
1345644494,30
1345645666,60
1345647371,124
1345647429,11
1345648200,143
1345649791,109
1345652091,30
1345652566,347
1345671513,11
1345675209,172
1345684784,698
1345698340,13
1345703852,40
1345705185,14
1345706237,60
1345710688,1002
1345716089,12
1345718310,172
1345719526,198
1345723168,227
1345726006,51
1345727038,11
1345730095,14
1345744178,40
1345746804,15
1345747644,12
1345751272,458
1345759007,59
1345783074,37
1345787749,39
1345791392,135
1345802690,38
1345815125,35
1345817442,13
1345827689,58
1345827858,26
1345828091,231
1345837685,52
1345838715,726
1345850053,12
1345859344,134
1345870034,12
1345879298,127
1345883186,20
1345883199,28
1345883656,136
1345885009,31
1345885154,13
1345887853,662
1345901466,55
1345901547,55
1345901563,55
1345902637,55
1345907683,48
1345915661,55
1345915690,55
1345915734,55
1345915851,56
1345920783,55
1345921307,55
1345922155,55
1345923370,55
1345923623,55
1345924622,55
1345925503,56
1345927045,55
1345928201,19
1345928720,56
1345929022,62
1345929327,55
1345931063,56
1345932551,17
1345932899,56
1345934120,55
1345935498,55
1345937297,55
1345938638,55
1345939889,55
1345939975,55
1345940090,55
1345941924,55
1345942764,22
1345944477,55
1345944739,55
1345945433,55
1345947087,166
1345947195,27
1345947757,55
1345949485,57
1345949709,55
1345951166,55
1345952077,55
1345952317,55
1345952840,55
1345954486,55
1345955128,55
1345955178,55
1345955453,55
1345955547,55
1345955636,55
1345958659,55
1345958969,55
1345958996,55
1345959082,55
1345960042,55
1345960735,56
1345962292,55
1345962589,55
1345962781,55
1345963628,55
1345963887,55
1345964862,55
1345965162,1118
1345966415,55
1345967478,55
1345967957,55
1345971280,55
1345972429,55
1345972544,55
1345973240,55
1345974389,16
1345974836,55
1345975126,55
1345979074,99
1345979504,55
1345980327,13
1345980708,92
1345980982,55
1345982245,55
1345983249,55
1345983343,55
1345983348,55
1345983626,40
1345983927,16
1345984328,55
1345985604,55
1345986939,55
1345988143,55
1345997331,14
1346012607,5
1346022334,11
1346026206,122
1346031025,15
1346039712,146
1346039860,294
1346057914,27
1346061026,125
1346062804,54
1346063985,95
1346064336,32
1346078929,93
1346085923,103
1346091486,17
1346094459,105
1346105078,23
1346114416,18
1346144352,13
1346146497,16
1346175190,125
1346190193,104
1346195628,63
1346195779,62
1346196699,14
1346200536,14
1346218448,21
1346219541,101
1346220882,52
1346228630,40
1346230651,1198
1346237489,20
1346249020,18
1346252450,413
1346252618,15
1346253341,19
1346260142,23
1346261214,202
1346280815,15
1346289291,12
1346295394,12
1346307946,44
1346310306,22
1346313384,11
1346327782,139
1346337331,256
1346339393,12
1346340676,39
1346345392,11
1346349112,44
1346355759,12
1346367348,552
1346385506,15
1346385509,85
1346389126,17
1346391172,20
1346393213,13
1346397198,157
1346404355,28
1346406445,20
1346412541,10
1346415832,21
1346445221,71
1346451311,11
1346453342,22
1346453905,76
1346453955,15
1346464375,30
1346478760,243
1346483147,19
1346483540,24
1346487417,60
1346499044,4141
1346522788,197
1346525246,15
1346539520,28
1346541729,701
1346560456,16
1346561198,22
1346578049,11
1346638121,13
1346645880,33
1346662724,11
1346669865,13
1346683112,17
1346695523,19
1346702053,173
1346703498,16
1346722987,12
1346724088,25
1346738096,163
1346744730,16
1346762789,78
1346768255,17
1346774865,14
1346796337,37
1346796786,30
1346796936,22
1346803536,76
1346811169,77
1346816913,41
1346817726,351
1346821797,218
1346834544,14
1346834894,15
1346838955,85
1346840166,43
1346842621,44
1346846403,75
1346851893,13
1346852285,13
1346858216,262
1346861528,73
1346868843,69
1346869407,559
1346870728,2170
1346872712,137
1346873539,70
1346875111,12
1346877372,18
1346878343,323
1346880698,39
1346881244,96
1346881798,279
1346884201,35
1346885163,71
1346900872,27
1346903424,101
1346905971,13
1346917581,411
1346919628,16
1346921142,117
1346923773,25
1346933211,15
1346941996,76
1346942659,28
1346952846,30
1346959995,16
1346960356,111
1346968938,13
1346970181,4035
1346970804,108
1346976155,443
1346977153,16
1346977666,26
1347007379,98
1347015929,170
1347016347,10
1347016622,32
1347021297,11
1347021711,34
1347023601,12
1347023832,18
1347032814,90
1347034289,23
1347035388,33
1347038101,80
1347044574,84
1347055631,17
1347064376,42
1347069433,421
1347070943,120
1347072522,115
1347083020,18
1347085191,15
1347086987,39
1347088005,41
1347099796,210
1347099813,16
1347104012,36
1347104725,136
1347107184,19
1347111628,15
1347113909,173
1347127299,17
1347130541,52
1347130943,121
1347149077,25
1347150649,197
1347171818,95
1347206968,20
1347218981,17
1347220264,25
1347225580,133
1347231294,19
1347238256,13
1347252157,13
1347253611,13
1347255896,229
1347273897,16
1347280103,94
1347281477,22
1347282894,71
1347288327,65
1347305736,104
1347309048,29
1347309118,14
1347310666,27
1347317140,63
1347319086,237
1347324911,62
1347355048,11
1347362588,26
1347362960,175
1347364103,92
1347375552,18
1347375920,119
1347377019,20
1347387749,30
1347389034,95
1347389491,14
1347390496,29
1347399827,12
1347405614,16
1347406690,90
1347414663,87
1347416745,148
1347420387,19
1347439209,101
1347440465,100
1347467348,128
1347471521,124
1347481129,399
1347490037,40
1347497096,11
1347523999,101
1347529227,23
1347534847,13
1347536143,25
1347541757,227
1347551841,69
1347568509,614
1347571936,23
1347573691,64
1347593204,22
1347599467,400
1347600582,46
1347603101,5
1347609610,46
1347627885,55
1347630697,20
1347639094,471
1347639291,897
1347640743,36
1347642125,21
1347655814,91
1347659559,405
1347677291,32
1347702541,102
1347705664,509
1347713131,85
1347713438,127
1347724565,80
1347748225,17
1347748870,29
1347765343,50
1347774635,685
1347784359,216
1347795944,11
1347797694,38
1347804154,93
1347829965,696
1347836873,12
1347840838,72
1347853525,11
1347854589,46
1347856248,584
1347860774,40
1347863641,93
1347872919,15
1347874466,90
1347888580,165
1347890919,705
1347893931,13
1347904567,53
1347918703,90
1347919220,19
1347932927,119
1347934719,40
1347943201,46
1347947915,15
1347949563,17
1347955066,13
1347956946,51
1347968432,11
1347982389,1384
1347985156,43
1347986038,403
1347989140,29
1347990677,40
1348004165,40
1348011618,347
1348011968,351
1348038206,13
1348053574,518
1348054397,13
1348055153,370
1348063053,21
1348064556,52
1348074606,34
1348084390,1675
1348097705,50
1348098222,13
1348106550,108
1348108241,14
1348111713,13
1348116977,82
1348126219,31
1348135768,24
1348143952,40
1348156683,55
1348157113,13
1348160822,103
1348165596,16
1348167930,21
1348176228,53
1348178527,329
1348180318,61
1348180576,12
1348201847,14
1348202128,20
1348206807,47
1348235857,21
1348249793,14
1348253680,1211
1348254196,13
1348260479,30
1348268755,14
1348271809,44
1348272501,28
1348273348,84
1348274054,63
1348275027,12
1348276330,359
1348284661,52
1348300536,18
1348302595,11
1348302752,392
1348313687,54
1348316078,1087
1348324905,18
1348326484,55
1348333283,13
1348349064,1280
1348351228,12
1348355912,17
1348360864,12
1348373418,11
1348391424,65
1348392213,13
1348392748,36
1348400890,30
1348410363,934
1348410955,24
1348419687,53
1348419690,92
1348428036,673
1348434801,18
1348444039,16
1348452207,15
1348474824,12
1348481678,644
1348498387,38
1348499225,11
1348514848,22
1348515393,12
1348518319,101
1348526296,57
1348527401,38
1348560270,71
1348567931,12
1348577064,5460
1348583714,17
1348586688,25
1348596379,70
1348607013,18
1348614967,35
1348619663,380
1348630230,32
1348638682,13
1348639040,69
1348651036,71
1348657063,19
1348667807,17
1348667872,18
1348671115,100
1348674112,29
1348677774,17
1348681550,13
1348686403,51
1348701282,712
1348704062,52
1348711572,19
1348722993,327
1348740564,18
1348764938,12
1348767630,14
1348778300,474
1348790466,24
1348790490,16
1348793218,623
1348794096,42
1348794718,16
1348826110,474
1348832682,50
1348859674,12
1348892450,35
1348893602,23
1348905118,11
1348917435,24
1348919081,56
1348927894,13
1348929422,11
1348932500,1360
1348936298,13
1348938807,19
1348964854,46
1348967729,403
1348969891,379
1348977577,33
1348991127,17
1348992614,13
1348997813,31
1349008316,12
1349017398,102
1349020633,21
1349027364,23
1349042604,111
1349044099,17
1349051325,12
1349056080,84
1349057704,15
1349063907,94
1349080205,103
1349091497,22
1349103679,12
1349104464,23
1349116877,11
1349118399,17
1349122168,3138
1349122952,14
1349129917,33
1349132974,12
1349137756,16
1349144999,106
1349145694,19
1349146728,16
1349147738,13
1349149872,113
1349165199,136
1349173193,33
1349175902,31
1349176345,85
1349183040,210
1349184169,28
1349194898,20
1349198892,12
1349199859,14
1349212716,16
1349216523,95
1349224989,20
1349229865,26
1349241969,120
1349242163,78
1349253750,2999
1349257612,239
1349268699,103
1349275055,15
1349279146,13
1349285058,421
1349297882,32
1349299157,14
1349316850,26
1349317542,75
1349317996,38
1349320558,232
1349321218,18
1349321747,59
1349327139,11
1349327217,11
1349328247,150
1349336081,29
1349340121,186
1349359792,19
1349369665,27
1349377992,48
1349384315,25
1349387395,99
1349391863,14
1349407416,145
1349421263,12
1349427515,198
1349427816,17
1349433531,14
1349443136,13
1349444654,11
1349452117,35
1349453731,22
1349463691,29
1349492536,12
1349497925,16
1349505573,27
1349507889,2879
1349508632,22
1349514211,479
1349528577,125
1349528978,22
1349534071,15
1349544787,102
1349551066,91
1349554518,15
1349556563,17
1349572739,21
1349575116,23
1349577647,257
1349579793,25
1349585036,19
1349585760,23
1349594151,25
1349596742,75
1349601607,7065
1349602545,45
1349608640,13
1349612500,39
1349616307,14
1349625245,57
1349626139,21
1349629235,173
1349639008,18
1349644030,44
1349644802,14
1349647515,17
1349653154,205
1349656169,45
1349662442,11
1349665307,74
1349669587,56
1349676836,57
1349681829,81
1349699284,99
1349710251,20
1349726265,13
1349733869,13
1349741082,686
1349751051,16
1349761002,14
1349765070,17
1349765459,868
1349769699,26
1349775607,20
1349778237,23
1349807044,98
1349821609,53
1349826127,91
1349828911,156
1349879284,87
1349891164,13
1349894238,12
1349898907,1993
1349901347,48
1349928654,20
1349928892,11
1349934719,11
1349936010,51
1349947981,56
1349965719,108
1349966116,28
1349966872,53
1349973353,19
1349980117,100
1349990522,162
1350000608,83
1350010414,97
1350011645,34
1350016125,221
1350022729,30
1350026637,11
1350039488,100
1350046847,159
1350091249,613
1350113091,303
1350126722,44
1350136467,22
1350140196,42
1350140870,27
1350145251,88
1350168470,24
1350177196,45
1350179044,62
1350187482,189
1350208775,355
1350211223,25
1350216078,14
1350220289,307
1350226382,61
1350230651,41
1350243061,13
1350250424,68
1350269287,18
1350272838,13
1350274410,271
1350294108,84
1350297280,14
1350300161,15
1350301267,33
1350313506,13
1350314050,37
1350318796,18
1350323171,4421
1350326290,76
1350355758,11
1350356642,11
1350361414,22
1350363316,73
1350372781,35
1350383326,303
1350387491,79
1350394339,127
1350404101,14
1350407228,110
1350413310,13
1350419329,281
1350429680,87
1350437239,50
1350438132,12
1350440869,33
1350441064,12
1350442575,111
1350443870,51
1350446435,184
1350459735,13
1350465734,26
1350466457,33
1350467929,43
1350478233,23
1350480460,33
1350482593,12
1350483520,15
1350485361,62
1350488158,12
1350490114,55
1350493439,1
1350494305,13
1350494757,26
1350500240,19
1350500438,14
1350501841,11
1350508602,12
1350509560,11
1350514937,52
1350522632,23
1350526507,30
1350533577,185
1350541690,41
1350546502,66
1350547574,21
1350569679,17
1350573642,50
1350633041,22
1350634258,78
1350634886,47
1350634960,172
1350640067,20
1350641425,15
1350647633,38
1350651121,12
1350652208,13
1350659541,29
1350663779,84
1350675970,22
1350680542,19
1350680931,14
1350691287,53
1350691497,11
1350699571,58
1350706479,59
1350714360,23
1350719925,172
1350722992,12
1350734862,29
1350738666,18
1350739235,24
1350742000,97
1350743361,62
1350745510,15
1350767832,55
1350779421,91
1350783894,17
1350788030,59
1350806722,594
1350830227,11
1350831696,129
1350832910,24
1350844461,20
1350853551,104
1350863346,24
1350863925,71
1350870971,29
1350871465,1048
1350874668,54
1350885051,24
1350887816,12
1350893640,9
1350895783,30
1350898035,19
1350899039,265
1350901739,12
1350911905,15
1350912834,13
1350928952,55
1350932288,123
1350949949,33
1350970233,176
1350973046,23
1350978527,4221
1350978779,36
1350984217,7857
1350989994,60
1350992371,26
1350998562,144
1351006031,25
1351007885,250
1351014030,13
1351017534,96
1351024456,19
1351024522,16
1351029506,15
1351034082,19
1351039091,90
1351069255,11
1351079756,74
1351094567,13
1351094922,63
1351105790,13
1351109740,12
1351112589,57
1351114333,41
1351115437,53
1351115950,50
1351116259,65
1351122267,49
1351122459,51
1351122837,265
1351124863,281
1351128332,14
1351132746,50
1351156039,37
1351166934,16
1351167897,124
1351168580,115
1351170835,65
1351179451,61
1351180987,27
1351181158,48
1351182837,86
1351194393,5
1351198278,39
1351204776,52
1351212530,129
1351215811,23
1351222102,145
1351223904,10
1351230263,53
1351231819,32
1351235469,69
1351235984,230
1351246490,21
1351249466,40
1351250012,17
1351250877,115
1351254750,74
1351255275,31
1351271722,11
1351273918,27
1351274581,514
1351289337,16
1351289755,53
1351296177,12
1351298424,298
1351304444,58
1351306528,12
1351310492,158
1351333415,25
1351356012,13
1351358187,12
1351361630,22
1351379342,12
1351380939,58
1351394391,15
1351403916,20
1351408901,116
1351414435,236
1351417776,385
1351419124,13
1351419541,14
1351431648,13
1351431908,62
1351451063,231
1351452756,12
1351453338,177
1351456179,97
1351461667,22
1351469027,354
1351477655,60
1351484144,44
1351486444,17
1351493317,35
1351498449,43
1351503883,29
1351507648,17
1351509581,44
1351531421,127
1351533773,23
1351536269,27
1351538048,245
1351541281,12
1351544565,11
1351555854,44
1351561176,16
1351567676,14
1351580768,21
1351584242,39
1351590971,35
1351598203,17
1351601873,76
1351633259,21
1351642423,12
1351647608,15
1351650676,35
1351670420,199
1351677435,49
1351680006,136
1351684561,17
1351701238,1230
1351742423,63
1351764811,96
1351771415,18
1351798492,16
1351803914,198
1351813768,16
1351819100,105
1351833397,36
1351843765,239
1351845049,52
1351847425,53
1351852529,49
1351852735,26
1351854929,13
1351859098,1256
1351859199,13
1351864871,58
1351870136,12
1351879111,7478
1351885846,47
1351887954,46
1351888900,74
1351889117,414
1351890013,198
1351894347,15
1351898295,39
1351898444,1002
1351900472,15
1351900667,30
1351904594,26
1351919577,149
1351925761,82
1351926237,93
1351929360,67
1351942493,39
1351942980,19
1351950648,23
1351951016,37
1351957154,16
1351970898,20
1351978267,14
1351994483,23
1351999360,11
1352002781,31
1352005291,10
1352013709,13
1352019686,63
1352034098,15
1352050644,36
1352064169,250
1352094917,106
1352102688,27
1352118461,261
1352120796,25
1352137502,11
1352150310,450
1352170588,24
1352170820,13
1352173326,18
1352184016,467
1352186581,33
1352203514,61
1352218236,64
1352219826,80
1352223257,675
1352247322,20
1352278343,252
1352303594,79
1352334013,17
1352342534,13
1352351185,295
1352356887,54
1352358908,34
1352364919,33
1352365788,16
1352371849,25
1352374859,15
1352375345,425
1352393453,11
1352395141,41
1352405575,19
1352411194,199
1352415494,11
1352417477,34
1352419294,37
1352442668,110
1352443439,58
1352444090,13
1352456470,79
1352466063,12
1352468688,129
1352470849,141
1352472074,98
1352477412,45
1352486094,14
1352488551,51
1352490697,84
1352500838,12
1352513246,13
1352517967,35
1352542451,99
1352547997,256
1352551519,29
1352552982,71
1352560425,31
1352561368,44
1352570050,41
1352578706,43
1352589739,140
1352595627,145
1352607684,55
1352612101,11
1352616726,40
1352629703,18
1352641686,16
1352660626,130
1352661545,146
1352664267,437
1352687309,11
1352691399,18
1352712351,558
1352727583,13
1352730472,20
1352773419,12
1352795047,11
1352802559,12
1352804372,109
1352817754,31
1352819878,51
1352822445,14
1352840073,34
1352857715,72
1352867353,25
1352880998,31
1352882170,721
1352887527,96
1352919228,69
1352938433,28
1352958104,12
1352965805,571
1352967366,14
1352980736,93
1353000600,16
1353009180,13
1353019606,34
1353025107,74
1353026092,251
1353037566,14
1353045656,169
1353049407,32
1353051646,344
1353061522,12
1353066871,39
1353067185,31
1353069894,313
1353072228,277
1353074397,155
1353075877,20
1353078105,29
1353092192,28
1353095724,18
1353098943,12
1353099883,11
1353102759,70
1353108471,23
1353115006,68
1353116530,56
1353127571,11
1353138525,11
1353140432,31
1353155778,95
1353158694,20
1353173352,143
1353188158,25
1353215108,80
1353215153,11
1353219694,24
1353229835,46
1353248991,114
1353251444,26
1353272338,14
1353275854,33
1353291989,55
1353294029,16
1353296006,13
1353310731,26
1353313221,21
1353314384,103
1353315719,16
1353318754,19
1353321870,16
1353332322,109
1353337286,13
1353338481,224
1353339864,11
1353347315,17
1353356231,26
1353358187,14
1353358416,12
1353359273,138
1353380095,105
1353389139,85
1353406658,13
1353406787,39
1353408336,220
1353413537,20
1353421964,297
1353422241,16
1353423181,175
1353423268,30
1353425284,13
1353431819,92
1353448139,54
1353448177,11
1353449259,14
1353451513,13
1353457639,16
1353458842,13
1353459015,11
1353483529,64
1353487658,30
1353488448,20
1353491688,96
1353492774,12
1353498091,82
1353500088,17
1353512512,31
1353515767,14
1353517202,242
1353523749,178
1353541222,11
1353548665,3169
1353549171,12
1353555442,101
1353574269,21
1353576572,56
1353576631,51
1353585164,114
1353585964,59
1353589716,21
1353612029,104
1353612693,12
1353617858,16
1353623233,41
1353624605,91
1353630945,11
1353635670,11
1353637845,29
1353646645,14
1353668086,80
1353671742,285
1353679492,38
1353687754,50
1353716596,96
1353718239,15
1353729021,33
1353738456,24
1353739798,17
1353743156,44
1353743216,13
1353746630,12
1353747017,21
1353758318,13
1353758746,11
1353775184,74
1353778206,13
1353782683,90
1353794475,189
1353796566,29
1353798170,657
1353799765,142
1353800490,60
1353804818,21
1353819774,395
1353820979,19
1353829017,13
1353842421,27
1353845349,169
1353853430,463
1353856430,134
1353865057,146
1353902448,40
1353904951,44
1353905112,151
1353908306,28
1353920660,209
1353921881,26
1353927647,129
1353928045,19
1353932747,19
1353934419,22
1353937411,11
1353942025,55
1353948172,3
1353952562,18
1353954206,16
1353956874,25
1353960300,35
1353962632,11
1353975656,774
1353977769,18
1353992598,35
1354022484,360
1354037078,44
1354059245,2384
1354073016,14
1354076376,27
1354117265,583
1354128239,179
1354131386,47
1354165808,204
1354184818,11
1354191602,36
1354199617,14
1354207711,95
1354215634,17
1354221794,20
1354222528,57
1354222884,46
1354225214,15
1354232863,183
1354233951,202
1354235626,234
1354246287,87
1354250936,61
1354253328,246
1354257722,54
1354261047,30
1354276265,14
1354278583,12
1354280341,65
1354283996,16
1354304208,115
1354305172,20
1354305572,32
1354310030,8780
1354310584,135
1354312346,15
1354322512,584
1354323352,117
1354325228,13
1354327327,99
1354363980,11
1354369411,13
1354370982,19
1354372434,56
1354375208,18
1354377874,285
1354405777,104
1354411229,328
1354414949,146
1354415131,117
1354415236,278
1354415327,21
1354415396,133
1354415474,11
1354416322,276
1354419140,15
1354422422,967
1354425362,61
1354428692,101
1354439160,78
1354439543,33
1354447241,21
1354457111,12
1354484158,75
1354492794,42
1354497019,57
1354498839,44
1354503159,127
1354505968,25
1354507405,42
1354512607,11
1354515658,600
1354518773,116
1354530252,83
1354535060,53
1354552457,46
1354557029,20
1354565227,15
1354571216,133
1354579263,12
1354581006,11
1354582706,66
1354590736,97
1354592524,19
1354611198,1319
1354616771,61
1354619562,36
1354628751,79
1354631508,15
1354645252,106
1354664540,100
1354678819,93
1354687855,21
1354690545,14
1354701193,3088
1354702877,1120
1354705170,486
1354715179,14
1354733288,35
1354743869,14
1354745279,11
1354795258,74
1354807227,282
1354811212,11
1354816117,47
1354851065,11
1354853662,19
1354867766,21
1354877827,36
1354880180,98
1354887280,3349
1354888862,12
1354895022,13
1354904639,11
1354905698,38
1354908099,15
1354909737,1273
1354913816,20
1354936526,115
1354943397,92
1354945198,306
1354972684,15
1354977324,16
1354991682,320
1355001703,81
1355011153,19
1355020909,28
1355039759,23
1355058212,13
1355058394,94
1355063702,225
1355068409,11
1355071512,63
1355075968,31
1355092388,517
1355098120,41
1355117708,491
1355117874,48
1355131062,38
1355135207,270
1355150344,101
1355157779,117
1355167415,65
1355182295,21
1355188644,89
1355191680,27
1355198909,11
1355209097,127
1355222070,164
1355234296,12
1355243640,62
1355249418,25
1355259034,615
1355277615,13
1355282639,18
1355282872,14
1355304204,333
1355309075,52
1355333063,27
1355338982,12
1355366032,2360
1355373585,32
1355378705,49
1355381508,104
1355393193,12
1355395774,11
1355405465,160
1355417485,36
1355421445,68
1355424291,24
1355429026,28
1355432617,15
1355433940,31
1355437200,571
1355440489,20
1355442112,56
1355456846,39
1355463199,12
1355464417,36
1355503202,54
1355507861,30
1355538316,57
1355551407,31
1355557264,42
1355559405,13
1355588370,99
1355594979,14
1355605370,17
1355611556,23
1355621257,16
1355621506,98
1355626333,152
1355638985,22
1355639035,11
1355665772,88
1355670558,26
1355671615,18
1355673057,16
1355675055,32
1355677789,29
1355679277,92
1355691167,107
1355703686,34
1355710062,167
1355710693,199
1355711678,17
1355714335,36
1355730207,725
1355741308,33
1355747298,29
1355762864,27
1355770564,15
1355771208,12
1355775501,27
1355788866,59
1355798895,21
1355799241,45
1355801760,13
1355808762,47
1355809613,20
1355823958,25
1355833393,841
1355842287,33
1355845745,551
1355863540,12
1355891059,13
1355904016,110
1355904290,59
1355910006,15
1355911138,16
1355933553,12
1355938298,11
1355941470,21
1355948298,12
1355951141,50
1355951480,37
1355951495,28
1355955670,15
1355970652,26
1355993451,92
1356013541,12
1356014986,14
1356021769,33
1356039222,13
1356067468,47
1356072788,35
1356077516,1872
1356077845,13
1356079687,29
1356094082,27
1356124154,15
1356126076,10
1356156490,139
1356159928,4860
1356172896,19
1356199936,12
1356206624,13
1356207901,14
1356210956,100
1356218279,51
1356223683,39
1356224347,27
1356236785,13
1356252600,43
1356284061,13
1356288220,12
1356297986,16
1356313688,126
1356314209,17
1356316354,64
1356316698,14
1356336145,406
1356352413,19
1356353772,13
1356357361,31
1356360868,33
1356369022,12
1356375344,122
1356380014,21
1356393702,32
1356400979,18
1356412151,12
1356416097,20
1356428658,31
1356453621,11
1356455117,22
1356456494,6
1356466697,43
1356478784,14
1356504095,12
1356530489,95
1356535652,85
1356560259,97
1356562333,14
1356565934,30
1356574476,347
1356579487,1471
1356582874,40
1356585529,18
1356591761,21
1356609950,102
1356618954,15
1356621223,39
1356623751,112
1356631397,383
1356633634,52
1356633685,62
1356642783,17
1356644576,3091
1356654114,11
1356661414,51
1356662357,39
1356664617,12
1356696056,17
1356717536,172
1356717648,49
1356718212,18
1356721060,77
1356732235,46
1356734048,11
1356734618,21
1356737807,1006
1356739248,15
1356745013,65
1356756850,23
1356759001,23
1356761900,94
1356763978,66
1356772046,35
1356773692,19
1356780612,46
1356786315,16
1356801039,96
1356809188,68
1356818688,12
1356823627,20
1356826409,24
1356827594,31
1356829113,39
1356832501,388
1356834256,32
1356834922,11
1356852931,26
1356854722,6
1356862937,31
1356865527,29
1356877088,206
1356886213,753
1356886740,192
1356900025,1655
1356900252,27
1356905492,14
1356910528,13
1356912764,27
1356913212,15
1356918241,11
1356918624,346
1356920312,21
1356930616,334
1356937994,33
1356939006,31
1356952776,136
1356953882,12
1356954832,26
1356960006,165
1356969709,41
1356970538,131
1356977789,110
1356989040,73
1357013946,19
1357015803,65
1357035189,12
1357036560,135
1357043988,99
1357044439,11
1357044620,11
1357045140,40
1357052456,14
1357064199,12
1357073013,63
1357091620,21
1357102094,21
1357103077,51
1357126066,68
1357126299,74
1357141674,60
1357146385,14
1357190572,14
1357195825,90
1357199577,14
1357201560,15
1357201592,65
1357240862,11
1357257622,72
1357268674,23
1357269614,35
1357272370,2597
1357272737,29
1357273725,93
1357277481,92
1357288631,16
1357299429,146
1357306711,10
1357314208,19
1357328948,101
1357330608,24
1357339619,229
1357350878,134
1357353415,78
1357363051,20
1357376191,17
1357379644,135
1357383267,100
1357411595,1188
1357432321,164
1357451769,47
1357468365,11
1357472858,97
1357480668,14
1357500368,11
1357504161,215
1357510623,21
1357519483,17
1357541496,35
1357543451,19
1357571367,15
1357571572,18
1357574614,116
1357577612,11
1357580964,89
1357583015,242
1357587041,19
1357587932,11
1357590729,271
1357605800,139
1357631540,28
1357634646,49
1357635350,269
1357653551,140
1357665147,14
1357673124,29
1357674835,31
1357680431,22
1357685390,14
1357706128,23
1357720894,11
1357729892,198
1357731426,49
1357731784,12
1357734967,44
1357737026,196
1357748847,55
1357751559,68
1357754134,12
1357755622,629
1357767720,33
1357777082,16
1357777088,12
1357777676,17
1357781704,60
1357785729,20
1357787789,34
1357791006,239
1357795483,235
1357805086,14
1357815703,83
1357829995,37
1357831718,11
1357831995,11
1357833506,32
1357849254,103
1357861565,15
1357885424,99
1357890808,104
1357892387,29
1357892406,464
1357893262,17
1357893701,12
1357899387,16
1357901203,13
1357908196,31
1357930999,7
1357948521,23
1357956391,31
1357960982,336
1357964928,26
1357975586,25
1357975792,53
1357980118,33
1357987246,27
1357994828,17
1357995737,52
1357997871,105
1357998885,17
1357998904,12
1358001687,23
1358009970,197
1358010111,22
1358010627,20
1358011637,22
1358028665,13
1358030016,45
1358056022,16
1358056328,36
1358064690,28
1358065735,12
1358074732,24
1358077003,39
1358094353,26
1358117453,12
1358118158,140
1358133479,14
1358134230,24
1358139220,22
1358141425,11
1358152324,49
1358152999,35
1358155447,198
1358168733,470
1358172638,17
1358174189,19
1358193679,20
1358200389,103
1358211634,548
1358218686,13
1358242441,15
1358246455,29
1358265021,99
1358275774,90
1358275809,12
1358284476,21
1358286075,292
1358295353,2742
1358324516,1
1358326505,12
1358326803,11
1358329940,16
1358341872,34
1358343582,102
1358344194,12
1358346534,1686
1358357460,68
1358366184,22
1358372557,81
1358378778,703
1358388862,100
1358395638,21
1358412160,22
1358414152,19
1358415904,15
1358421254,18
1358423231,38
1358423624,13
1358425775,12
1358426148,37
1358432195,22
1358441404,33
1358442220,23
1358446048,111
1358458021,42
1358458431,182
1358459266,36
1358459341,794
1358465489,486
1358470511,51
1358477682,12
1358478954,40
1358481007,363
1358503697,324
1358504847,21
1358511816,11
1358512221,423
1358526816,29
1358528810,235
1358532510,27
1358532770,43
1358535254,77
1358544692,13
1358546635,56
1358561036,566
1358562042,17
1358569288,34
1358571386,756
1358573269,11
1358588929,4438
1358621218,60
1358623452,20
1358630538,23
1358635004,768
1358644975,160
1358656335,22
1358657723,89
1358659167,18
1358665704,28
1358669917,41
1358670492,18
1358676153,15
1358679019,179
1358679908,133
1358687794,23
1358693657,425
1358694908,12
1358701716,22
1358704800,33
1358712513,79
1358725730,109
1358726306,13
1358733444,404
1358739558,16
1358741231,49
1358748241,34
1358751669,13
1358757053,46
1358761059,170
1358768619,45
1358771202,309
1358784991,11
1358791346,13
1358799973,29
1358803735,11
1358810178,97
1358811454,32
1358820914,11
1358822303,30
1358827912,20
1358828000,65
1358831257,35
1358835400,23
1358837377,61
1358845287,46
1358847960,16
1358848972,956
1358853946,39
1358858262,24
1358861171,27
1358861324,45
1358863274,23
1358863313,15
1358872820,12
1358875950,102
1358877482,46
1358903281,15
1358923506,46
1358930733,25
1358934791,41
1358938418,18
1358940340,58
1358941407,32
1358948316,1040
1358951250,14
1358958161,226
1358963203,15
1358964956,69
1358978740,518
1358990537,74
1359011158,17
1359024254,29
1359025000,22
1359029880,120
1359030593,180
1359031529,28
1359032034,203
1359033828,17
1359035587,243
1359036906,16
1359059989,14
1359064781,66
1359070971,24
1359073048,13
1359081044,196
1359082390,20
1359085049,72
1359086909,26
1359095031,24
1359104203,198
1359104415,17
1359106130,11
1359108765,76
1359111028,93
1359111822,11
1359118926,13
1359120685,1575
1359123860,58
1359123968,40
1359125057,141
1359136297,52
1359140585,79
1359146147,29
1359150850,11
1359153546,411
1359159922,149
1359160213,31
1359160355,28
1359163705,23
1359165828,51
1359179010,117
1359179869,193
1359185809,136
1359187566,22
1359188118,75
1359198186,29
1359202101,13
1359208384,114
1359219320,61
1359221896,296
1359223361,14
1359232222,54
1359232426,13
1359260019,11
1359263370,170
1359267823,21
1359274124,36
1359285504,72
1359285815,91
1359293386,18
1359300932,78
1359308109,269
1359309252,110
1359311991,32
1359323038,14
1359326012,32
1359327624,16
1359359114,349
1359362246,4
1359368785,29
1359372462,62
1359378119,61
1359380045,44
1359384189,158
1359388164,113
1359391293,22
1359395675,21
1359404381,14
1359406666,300
1359415787,288
1359438376,14
1359439962,150
1359443347,23
1359448945,38
1359473124,41
1359484193,14
1359500793,12
1359522072,22
1359523853,160
1359546748,45
1359551938,320
1359564380,60
1359576620,13
1359590718,73
1359593373,13
1359596777,237
1359637248,77
1359639792,58
1359643310,58
1359646526,85
1359653090,33
1359660584,14
1359669885,12
1359679276,305
1359691218,147
1359695413,35
1359703155,14
1359714299,55
1359742580,391
1359743689,338
1359746628,26
1359755144,19
1359759930,98
1359760563,35
1359765268,11
1359771019,54
1359799048,39
1359810367,17
1359813254,452
1359814301,23
1359821088,164
1359821536,22
1359835005,99
1359872857,24
1359876315,29
1359887767,12
1359889247,51
1359891494,217
1359917063,81
1359918340,14
1359919922,27
1359920328,155
1359920459,20
1359934054,491
1359941870,1056
1359943952,50
1359958587,11
1359963149,4705
1359969192,33
1359969682,30
1359974649,69
1359976034,194
1359984739,37
1359987197,53
1359995118,514
1359998214,25
1360000671,106
1360000673,62
1360002825,275
1360009894,11
1360027905,96
1360032930,12
1360047743,21
1360063226,578
1360064915,26
1360074658,14
1360076624,20
1360106240,38
1360135830,76
1360150242,12
1360196051,11
1360205457,11
1360208273,14
1360230390,14
1360233143,26
1360234174,142
1360259509,17
1360275864,67
1360281809,66
1360301280,17
1360309577,113
1360317501,1641
1360319899,57
1360344982,49
1360346182,44
1360359744,17
1360367824,974
1360369252,37
1360382804,23
1360393304,11
1360395067,53
1360403092,15
1360409178,216
1360413941,16
1360425988,138
1360429616,20
1360434153,287
1360434521,254
1360437589,21
1360445310,98
1360447389,17
1360492425,492
1360509130,146
1360512546,556
1360516909,69
1360536951,292
1360539092,747
1360542970,91
1360570486,35
1360574100,19
1360574202,384
1360579580,182
1360579892,45
1360593901,24
1360597461,25
1360602296,453
1360613379,107
1360618221,62
1360627135,54
1360629358,18
1360632640,66
1360643571,161
1360680958,18
1360715571,11
1360715899,12
1360725349,1369
1360727134,29
1360742811,76
1360747077,41
1360760856,48
1360767622,230
1360775796,23
1360778135,36
1360778208,826
1360788087,96
1360806346,42
1360834599,26
1360844992,44
1360845650,45
1360847574,17
1360850954,11
1360856384,11
1360858142,91
1360860817,148
1360867098,90
1360878285,44
1360881877,25
1360882825,12
1360896604,263
1360898986,366
1360902428,12
1360910719,547
1360916274,83
1360918247,53
1360918850,14
1360926563,57
1360929432,43
1360934358,21
1360940959,45
1360942610,28
1360946079,396
1360946696,178
1360951127,11
1360959635,71
1360959647,27
1360961053,650
1360968032,34
1360988770,60
1361002517,45
1361006526,13
1361023994,189
1361024786,115
1361035396,62
1361042566,15
1361054366,52
1361068036,14
1361070283,16
1361079143,50
1361079469,31
1361079582,885
1361096996,31
1361099509,45
1361107518,97
1361126405,41
1361133727,96
1361138844,72
1361152392,30
1361158582,1128
1361167967,21
1361189456,133
1361195954,72
1361207316,27
1361211094,14
1361215501,45
1361223302,146
1361225875,18
1361228049,86
1361236685,34
1361248727,17
1361252340,18
1361260401,32
1361260630,2028
1361270827,30
1361278196,100
1361291491,16
1361300214,39
1361304417,22
1361309133,12
1361315456,214
1361317289,27
1361321270,58
1361333967,25
1361341472,18
1361377061,19
1361378980,31
1361393778,301
1361394051,18
1361399994,20
1361400653,15
1361400903,20
1361401133,20
1361406385,40
1361416073,32
1361416197,44
1361439328,3291
1361444420,499
1361446183,36
1361453430,72
1361481244,15
1361492654,78
1361495406,27
1361500545,24
1361543560,18
1361546924,18
1361547222,173
1361549521,41
1361552559,11
1361561461,11
1361575030,31
1361586759,70
1361592455,16
1361592671,13
1361599850,92
1361605273,54
1361609523,24
1361616838,30
1361617284,104
1361617917,24
1361620700,36
1361643385,19
1361666712,45
1361693237,24
1361697760,48
1361701085,98
1361734175,11
1361763289,70
1361770652,72
1361780858,30
1361786472,25
1361798895,172
1361815041,44
1361825126,13
1361836913,11
1361878265,15
1361895717,17
1361912616,20
1361941336,17
1361955541,22
1361956002,40
1361958342,11
1361963162,92
1361963944,83
1361968372,54
1361968456,46
1361999524,22
1362003028,25
1362036634,15
1362060869,13
1362066755,86
1362072312,13
1362072968,37
1362075101,34
1362078054,34
1362084736,26
1362085703,12
1362092688,40
1362111194,15
1362125482,11
1362130300,137
1362142212,20
1362142985,14
1362151007,23
1362151695,121
1362155770,24
1362162915,32
1362170491,26
1362172417,11
1362196641,21
1362200314,16
1362204453,1034
1362212127,119
1362231583,50
1362232228,16
1362236152,94
1362241353,29
1362243438,96
1362253813,114
1362255281,142
1362261456,180
1362270470,65
1362275185,189
1362276993,104
1362294388,290
1362301726,29
1362313919,45
1362314598,23
1362315235,43
1362320570,137
1362323138,217
1362345259,13
1362347446,14
1362350826,17
1362357070,13
1362363700,56
1362364341,24
1362368817,12
1362369513,90
1362369805,14
1362371552,11
1362397051,35
1362403795,12
1362404493,260
1362417978,89
1362431628,16
1362434925,21
1362435798,17
1362439413,45
1362454834,102
1362456326,248
1362458037,14
1362460520,49
1362462557,42
1362463507,13
1362493329,137
1362496771,40
1362503386,16
1362507363,28
1362509712,751
1362519825,28
1362520657,36
1362521616,14
1362530403,114
1362553929,28
1362562155,462
1362573981,16
1362575621,11
1362581437,116
1362582386,30
1362589604,336
1362594111,11
1362595091,30
1362595734,18
1362617876,160
1362634847,36
1362635445,11
1362643466,33
1362645474,72
1362649474,21
1362650042,62
1362655697,33
1362658862,293
1362671459,34
1362684183,117
1362686421,274
1362695256,22
1362703985,81
1362706887,11
1362714737,157
1362716176,12
1362748845,43
1362751108,18
1362759272,45
1362763362,41
1362783691,20
1362805626,463
1362812807,12
1362815790,20
1362818542,202
1362828790,137
1362830828,12
1362842256,12
1362843888,15
1362850844,32
1362855385,19
1362860356,69
1362865373,26
1362882682,42
1362882770,27
1362904522,17
1362909065,35
1362912351,101
1362919809,31
1362928535,31
1362930040,1152
1362960126,23
1362994822,24
1362996218,17
1362998139,122
1363004426,40
1363025085,12
1363039704,29
1363043721,15
1363080361,98
1363086927,24
1363092725,60
1363098884,18
1363114210,21
1363131657,11
1363155073,83
1363155689,41
1363177230,20
1363191757,31
1363220011,31
1363262112,35
1363300867,45
1363342262,20
1363345014,23
1363383036,160
1363384180,31
1363388578,170
1363399964,672
1363410842,38
1363412300,155
1363417187,4106
1363428506,13
1363431253,357
1363436806,34
1363443069,183
1363465257,20
1363483602,30
1363485491,19
1363486169,12
1363498067,15
1363499409,45
1363509420,131
1363516139,109
1363522301,12
1363523631,250
1363525420,28
1363533354,18
1363533417,15
1363538287,21
1363559794,153
1363568952,378
1363572431,11
1363575067,14
1363576064,44
1363582644,35
1363617069,24
1363620691,15
1363621181,11
1363626069,40
1363626147,15
1363641362,12
1363653194,127
1363656474,27
1363662454,95
1363683267,179
1363687375,67
1363689547,39
1363692978,150
1363702538,94
1363707962,72
1363709206,15
1363711106,31
1363722483,12
1363725163,14
1363733702,17
1363739656,162
1363745503,437
1363760561,13
1363768436,16
1363773717,41
1363783995,17
1363787176,157
1363793956,13
1363797905,19
1363812952,24
1363818832,30
1363827570,11
1363827742,308
1363835797,25
1363837212,217
1363847344,52
1363850677,13
1363881689,34
1363891196,47
1363892937,87
1363914703,77
1363933723,73
1363950908,116
1363950922,1233
1363968910,12
1363979998,284
1363987879,17
1363991780,11
1363992316,13
1363993500,12
1364003393,13
1364007836,92
1364012461,591
1364014751,11
1364048993,25
1364080668,982
1364094786,19
1364101947,71
1364106510,16
1364116355,49
1364119178,98
1364134430,470
1364178235,326
1364180444,15
1364181676,229
1364187344,53
1364187794,15
1364195641,12
1364223074,31
1364269955,170
1364272522,20
1364275008,23
1364306355,14
1364308924,59
1364323587,34
1364330119,79
1364331833,14
1364353029,27
1364362132,33
1364371888,14
1364387461,70
1364389220,12
1364395402,20
1364414600,27
1364438078,38
1364466394,11
1364534727,27
1364579837,66
1364589888,52
1364648857,190
1364686893,120
1364733541,11
1364746777,120
1364748284,45
1364748789,177
1364761691,14
1364776702,30
1364789048,25
1364793063,28
1364818907,45
1364825726,19
1364831598,11
1364841802,18
1364853167,29
1364854609,10
1364860678,102
1364865823,58
1364882545,83
1364913583,514
1364928174,108
1364961127,58
1364984373,44
1364985464,261
1364995456,12
1365007201,19
1365035118,18
1365052666,27
1365063764,300
1365112780,23
1365121905,125
1365145733,26
1365146493,18
1365157964,104
1365180956,62
1365184661,277
1365187212,40
1365188518,12
1365200424,62
1365200938,84
1365213028,14
1365216940,91
1365217515,34
1365226598,30
1365248611,166
1365251856,38
1365253449,127
1365259352,90
1365267950,89
1365276403,15
1365283810,11
1365284519,144
1365295178,89
1365315025,51
1365321397,22
1365329750,15
1365340191,198
1365350772,865
1365442989,12
1365469417,33
1365481125,14
1365497022,11
1365497343,22
1365498094,170
1365520317,1151
1365523470,72
1365526356,79
1365535634,138
1365550050,162
1365551334,22
1365556684,34
1365560375,14
1365569181,218
1365575394,19
1365578337,12
1365581696,209
1365582966,240
1365584949,99
1365588058,38
1365632242,210
1365635027,11
1365648007,49
1365684044,11
1365693499,170
1365749543,24
1365749786,44
1365776373,1019
1365779661,14
1365784082,60
1365788813,4
1365789470,13
1365795640,51
1365808801,41
1365812806,36
1365815877,72
1365817790,32
1365826416,54
1365843029,27
1365869950,14
1365880534,105
1365883190,113
1365889199,298
1365890202,138
1365901512,12
1365908181,16
1365908457,20
1365913701,37
1365919630,28
1365920372,32
1365953562,12
1365988198,11
1366041040,132
1366071746,39
1366072565,789
1366085468,54
1366091061,14
1366125089,195
1366128623,24
1366130711,11
1366154653,27
1366162507,26
1366167124,27
1366199021,137
1366201891,77
1366204745,146
1366232861,21
1366233826,23
1366280840,414
1366300780,14
1366302975,11
1366311790,11
1366332628,52
1366340496,42
1366345467,794
1366380084,41
1366383257,12
1366388082,35
1366396276,83
1366403257,36
1366404213,20
1366419117,12
1366438279,35
1366449702,15
1366460680,13
1366482671,12
1366495020,13
1366500906,135
1366503616,37
1366523330,76
1366533219,181
1366610375,12
1366612986,34
1366628185,30
1366638807,123
1366640598,68
1366657546,12
1366668024,88
1366680224,119
1366710381,21
1366718976,95
1366732967,47
1366740049,12
1366762066,15
1366765040,88
1366785599,89
1366793461,88
1366811063,42
1366848971,101
1366851200,92
1366866330,46
1366867635,56
1366900006,18
1366901897,20
1366906256,24
1366915778,79
1366924995,23
1366932331,17
1366940325,83
1366947820,42
1366949792,30
1366950529,19
1366969284,2030
1366971725,188
1366974240,11
1366997009,123
1366998439,18
1367007297,20
1367010471,45
1367029840,101
1367030250,71
1367044972,715
1367047458,15
1367051918,13
1367068508,1090
1367069494,21
1367076121,101
1367078654,13
1367082694,33
1367091476,27
1367094889,12
1367099653,71
1367100077,16
1367114491,26
1367131646,652
1367134239,141
1367135216,12
1367141132,86
1367145309,219
1367157676,83
1367179148,18
1367182251,116
1367183841,28
1367189155,14
1367189462,62
1367193650,576
1367231742,11
1367236596,18
1367237826,62
1367246407,22
1367251447,1609
1367263426,19
1367270363,328
1367271141,1090
1367295383,108
1367299537,1294
1367301965,29
1367315306,92
1367318093,19
1367318100,31
1367322726,16
1367324830,10
1367351165,64
1367355724,38
1367360368,26
1367379705,21
1367389050,14
1367398321,71
1367403770,516
1367407437,32
1367415178,14
1367415796,88
1367438905,52
1367446577,192
1367447179,129
1367472926,50
1367477709,65
1367483350,15
1367501425,557
1367502914,19
1367503416,12
1367513010,39
1367533373,13
1367572354,47
1367577373,976
1367580648,22
1367583437,11
1367583875,21
1367606050,908
1367622774,36
1367634272,14
1367661726,129
1367662312,14
1367674057,33
1367684264,14
1367685556,17
1367719725,42
1367740062,123
1367750751,16
1367756854,14
1367761805,115
1367763358,14
1367773355,23
1367798285,11
1367831669,234
1367832343,59
1367872005,91
1367881289,11
1367883905,186
1367897629,464
1367914205,199
1367927379,320
1367954971,61
1367970521,62
1367986547,272
1368001555,103
1368008807,20
1368075159,75
1368087039,16
1368087835,100
1368087950,50
1368118412,53
1368141714,80
1368146282,25
1368170995,132
1368172788,11
1368175218,143
1368180872,17
1368183039,20
1368184831,38
1368199380,105
1368218212,14
1368223687,128
1368225432,255
1368233201,20
1368259610,66
1368263002,13
1368268587,42
1368270538,67
1368277688,30
1368289301,35
1368302302,12
1368310092,247
1368314780,44
1368339169,30
1368343355,19
1368347829,13
1368373280,103
1368374079,13
1368395154,13
1368398309,14
1368407470,312
1368413119,64
1368416514,23
1368432039,24
1368434369,23
1368447577,378
1368453956,17
1368459854,34
1368471438,23
1368478474,102
1368498665,85
1368503935,35
1368510458,173
1368513273,38
1368521408,16
1368539834,20
1368559502,91
1368561370,17
1368569221,175
1368581502,33
1368585286,20
1368598566,14
1368605546,52
1368612078,32
1368613571,22
1368687714,54
1368692855,11
1368695602,12
1368711337,72
1368716782,117
1368730955,42
1368737093,394
1368750398,23
1368758231,23
1368770307,578
1368784370,14
1368789310,1
1368789388,11
1368800709,185
1368828112,36
1368833698,46
1368837058,257
1368843473,7
1368845458,73
1368860755,21
1368866379,1354
1368893054,70
1368897995,26
1368913638,1016
1368924803,15
1368931750,32
1368932017,28
1368945888,16
1368970973,17
1368970977,14
1368973896,37
1368974805,154
1368988490,58
1368991308,18
1369023164,9
1369033276,9
1369052507,152
1369073701,95
1369096078,246
1369118512,96
1369119928,27
1369136066,42
1369147670,44
1369150271,19
1369152854,74
1369171633,852
1369189773,19
1369197369,17
1369212367,27
1369231363,38
1369254248,31
1369262910,1744
1369277866,95
1369278427,73
1369279123,37
1369282736,44
1369313277,51
1369324683,17
1369327356,81
1369331977,11
1369342633,82
1369360789,17
1369368058,58
1369394397,68
1369409069,76
1369416179,17
1369418702,17
1369428487,927
1369445806,37
1369457847,22
1369462333,308
1369464080,22
1369477259,38
1369482083,22
1369485736,118
1369488688,19
1369491776,795
1369493694,425
1369498592,77
1369513219,24
1369522924,37
1369558970,99
1369563476,22
1369582601,13
1369585411,12
1369614723,16
1369618603,21
1369622392,142
1369629475,35
1369651193,55
1369653850,372
1369655549,109
1369663769,53
1369664553,72
1369671934,12
1369706768,12
1369710615,182
1369746163,12
1369755186,25
1369766052,94
1369771755,13
1369777488,13
1369784774,12
1369795576,33
1369799711,224
1369803244,20
1369809067,170
1369814603,111
1369828903,19
1369854863,57
1369879121,12
1369881325,12
1369881367,258
1369898793,114
1369904642,70
1369913135,15
1369938717,33
1369959763,60
1369975677,20
1369976873,104
1369985977,195
1369988578,20
1369996765,12
1369997076,104
1370002604,22
1370010682,71
1370016543,54
1370025535,57
1370031875,17
1370068994,36
1370087561,14
1370116589,84
1370116657,12
1370122230,15
1370124649,225
1370147877,293
1370163227,43
1370172544,68
1370190441,26
1370202268,12
1370212922,66
1370215434,26
1370241502,355
1370246344,74
1370251971,18
1370331779,552
1370334989,12
1370339545,43
1370353613,34
1370384881,202
1370413428,26
1370414470,11
1370426472,99
1370449854,15
1370498337,16
1370507931,225
1370509929,75
1370517164,14
1370530163,61
1370532940,58
1370541419,11
1370554318,31
1370574585,71
1370582178,17
1370591402,22
1370599694,78
1370603676,18
1370617579,34
1370624327,72
1370636409,28
1370640812,43
1370647803,92
1370652464,22
1370658881,67
1370685220,204
1370686479,127
1370706701,12
1370715900,106
1370727152,72
1370730312,20
1370730762,18
1370733405,15
1370739245,45
1370747786,744
1370748100,19
1370752473,622
1370755933,32
1370760381,296
1370774413,50
1370794371,101
1370814089,20
1370829583,22
1370837441,19
1370844777,47
1370856391,44
1370857850,20
1370888240,1010
1370896245,17
1370916260,133
1370918731,22
1370920759,36
1370930416,94
1370936418,11
1370954528,28
1370964105,40
1370973144,221
1370974333,274
1370979034,24
1370984242,60
1370985327,52
1370994072,84
1370994566,12
1371005642,133
1371011484,25
1371013937,18
1371018896,30
1371020842,50
1371031029,18
1371055905,51
1371100217,18
1371113824,17
1371121344,373
1371142780,25
1371165553,31
1371165789,53
1371179441,63
1371183483,50
1371194013,32
1371198458,34
1371211041,12
1371212395,18
1371218594,316
1371222585,35
1371231327,35
1371263996,243
1371270402,34
1371300806,151
1371305057,18
1371307941,102
1371325370,115
1371327790,31
1371328694,17
1371331200,189
1371333244,44
1371378654,2981
1371423574,55
1371452457,35
1371463645,16
1371484855,817
1371495434,22
1371508951,13
1371536306,15
1371540193,16
1371546234,19
1371590527,148
1371604330,57
1371607180,11
1371607869,12
1371635702,46
1371651841,15
1371662268,22
1371664646,14
1371687666,360
1371692479,37
1371710863,11
1371712030,102
1371723774,15
1371745675,23
1371757322,4049
1371780435,15
1371789234,48
1371789910,23
1371791056,22
1371828730,12
1371838756,10
1371849030,13
1371857104,14
1371857679,198
1371859762,63
1371862793,13
1371866684,38
1371867024,26
1371883304,78
1371884970,23
1371910342,25
1371922811,30
1371933936,87
1371948464,123
1371969831,23
1371974800,31
1371976875,34
1371983130,65
1371991721,37
1372016806,136
1372022550,50
1372038548,183
1372040943,33
1372088971,26
1372105918,248
1372145996,16
1372152799,235
1372157307,43
1372163230,17
1372171744,27
1372174769,19
1372204895,24
1372210008,95
1372224893,18
1372283288,79
1372290993,105
1372296290,166
1372298766,30
1372318050,30
1372332438,14
1372339296,21
1372357472,14
1372359684,523
1372363776,34
1372373127,40
1372381380,48
1372383545,87
1372383958,15
1372385855,15
1372393634,48
1372400287,180
1372403574,12
1372406879,49
1372438034,43
1372451227,158
1372465611,36
1372467327,102
1372474417,26
1372475183,63
1372482979,4709
1372488678,161
1372492422,18
1372494946,24
1372502965,22
1372509814,91
1372513434,12
1372530077,1272
1372535054,346
1372537050,433
1372550104,33
1372550793,14
1372551274,244
1372579511,152
1372587647,157
1372600644,60
1372622974,47
1372641782,15
1372648198,784
1372665897,1087
1372667978,148
1372670108,139
1372675247,14
1372696983,107
1372707879,80
1372710601,14
1372711932,14
1372712376,124
1372719038,80
1372733975,148
1372741237,26
1372742874,30
1372749074,11
1372754222,808
1372758029,128
1372771239,82
1372777245,59
1372816369,51
1372818592,11
1372825796,47
1372830712,101
1372835491,11
1372838926,11
1372839573,171
1372847555,22
1372851884,17
1372868920,101
1372875710,11
1372892093,13
1372896776,482
1372914409,27
1372915709,13
1372971751,15
1372972022,37
1372978913,16
1372986275,16
1373019216,90
1373039122,15
1373042660,13
1373043882,20
1373043936,54
1373084533,569
1373121437,16
1373126287,59
1373145136,196
1373162520,97
1373169424,40
1373184607,72
1373195975,116
1373227372,95
1373228900,60
1373243610,3
1373245477,146
1373261052,23
1373264172,54
1373269938,42
1373277137,52
1373283162,35
1373299478,36
1373301457,179
1373321752,13
1373324760,22
1373347047,35
1373352722,22
1373411556,25
1373411598,76
1373420616,12
1373422268,20
1373434595,24
1373440611,1174
1373454275,14
1373457285,231
1373470663,5
1373495073,11
1373504547,108
1373504882,20
1373510545,21
1373540055,12
1373542552,21
1373561047,14
1373589167,66
1373598679,41
1373617155,553
1373620723,12
1373621367,12
1373629346,251
1373635996,12
1373637204,26
1373639422,46
1373640162,21
1373645097,49
1373650485,96
1373651950,20
1373655162,22166
1373655174,132
1373657354,16
1373659194,2839
1373664881,38
1373665161,672
1373687654,6246
1373693145,48
1373722710,15
1373742699,26
1373764086,50
1373775307,51
1373794204,22
1373794217,13
1373798026,22
1373806568,11
1373807158,100
1373815069,14
1373816208,16
1373818350,94
1373837418,501
1373845300,79
1373845360,31
1373847203,11
1373857275,18
1373865867,20
1373867260,24
1373869004,16
1373871278,30
1373873208,144
1373876640,12
1373885697,12
1373890722,83
1373893740,14
1373901627,12
1373904888,63
1373908617,17
1373914715,273
1373920826,17
1373925022,18
1373956242,75
1373959771,15
1373965638,83
1373968205,106
1373975252,18
1373976608,1579
1373977947,342
1373978991,233
1373993338,738
1373999465,22
1374004552,47
1374004718,38
1374005005,7437
1374013366,37
1374026169,126
1374027278,145
1374039655,329
1374057805,101
1374058281,567
1374059973,128
1374065193,33
1374080173,31
1374081954,206
1374083411,31
1374083822,13
1374090190,93
1374100015,12
1374106740,71
1374114305,67
1374115448,102
1374115750,42
1374119826,38
1374135250,12
1374137407,136
1374138703,101
1374150737,22
1374157770,31
1374161061,28
1374170220,30
1374177659,70
1374181453,13
1374187000,29
1374187787,32
1374204163,16
1374207042,153
1374208702,26
1374208832,140
1374215809,35
1374226647,13
1374231479,131
1374233345,153
1374235614,109
1374249828,139
1374252299,88
1374258242,82
1374259561,68
1374263673,12
1374266092,145
1374269393,169
1374270321,19
1374270348,11
1374271600,48
1374276397,37
1374280231,435
1374281710,128
1374296003,41
1374301331,127
1374304013,134
1374307251,256
1374317124,173
1374323444,57
1374339206,11
1374340024,33
1374344150,13
1374349137,679
1374351489,61
1374359846,25
1374363973,359
1374370153,48
1374381223,22
1374382889,37
1374394544,13
1374404623,614
1374419657,932
1374420874,15
1374424107,37
1374429953,79
1374453794,20
1374454583,11
1374497967,20
1374503618,613
1374510971,61
1374514646,12
1374551755,67
1374559998,61
1374561793,2171
1374575487,99
1374577976,16
1374578272,34
1374583864,61
1374591713,88
1374592016,86
1374610599,43
1374627765,113
1374630550,20
1374632146,118
1374652607,215
1374657933,148
1374660415,97
1374661277,21
1374672844,14
1374676481,212
1374677557,21
1374677956,12
1374678037,73
1374678764,102
1374680259,114
1374682325,521
1374683168,29
1374702542,2501
1374727617,19
1374733369,189
1374789451,491
1374794531,47
1374796183,22
1374797297,13
1374800096,263
1374815225,89
1374824920,14
1374825890,30
1374827115,163
1374828484,54
1374829176,309
1374843013,22
1374853179,111
1374853245,10
1374866099,100
1374869789,336
1374878599,60
1374892312,15
1374928133,545
1374933474,256
1374936836,44
1374938819,11
1374966779,36
1374967555,311
1374986657,635
1374993835,58
1374996830,177
1375012405,38
1375014533,197
1375026016,983
1375039364,495
1375055682,12
1375055730,19
1375059982,49
1375069018,48
1375069862,8561
1375072965,36
1375075176,21
1375082636,15
1375083492,152
1375096165,15
1375098261,58
1375112129,11
1375122422,98
1375122933,21
1375123435,105
1375133671,33
1375140647,33
1375155214,162
1375162386,19
1375170355,25
1375175642,66
1375177458,13
1375182066,18
1375186168,29
1375186288,196
1375192093,46
1375198442,14
1375225128,15
1375262330,35
1375264772,90
1375277773,145
1375279784,45
1375282752,38
1375282779,136
1375286981,220
1375299700,159
1375304029,24
1375312883,40
1375322085,37
1375327232,149
1375328916,138
1375331046,140
1375342457,66
1375362154,692
1375362516,91
1375363410,23
1375382253,31116
1375397100,858
1375404593,15
1375408551,24
1375422454,31
1375436845,46
1375442342,80
1375443593,41
1375445850,424
1375457342,21
1375471484,29
1375472981,55
1375473949,77
1375482713,659
1375483446,59
1375487141,569
1375488465,12
1375491403,29
1375493908,18
1375496680,12
1375500090,932
1375513261,17
1375528091,79
1375530874,580
1375534119,18
1375540177,11
1375544171,52
1375554403,16
1375554513,15
1375565251,18
1375567718,36
1375573671,119
1375579368,22
1375579649,198
1375595277,11
1375623988,11
1375624904,54
1375626577,644
1375628365,12
1375631360,2075
1375639332,579
1375639479,625
1375639587,74
1375641268,407
1375642255,65
1375643526,11
1375645197,104
1375646723,16
1375649813,16
1375657623,15
1375665087,15
1375675343,591
1375677296,102
1375683753,54
1375694187,516
1375719666,34
1375721079,548
1375725140,20
1375735725,98
1375750028,136
1375761817,75
1375771423,22
1375781597,36
1375792862,19
1375795989,54
1375806883,52
1375815381,230
1375831882,11
1375881854,27
1375884230,38
1375891003,12
1375913138,200
1375922101,224
1375931199,15
1375947721,59
1375951729,81
1375974747,17
1375984686,214
1375987946,1276
1376004275,498
1376005621,50
1376023421,12
1376039858,14
1376053947,21
1376057898,76
1376067407,55
1376070655,222
1376086349,21
1376088894,54
1376095776,11
1376102706,14
1376103985,20
1376120645,26
1376122997,20
1376130842,44
1376139435,24
1376140704,14
1376140998,46
1376153454,20
1376163329,21
1376174149,817
1376174379,24
1376178520,20
1376182232,21
1376183952,31
1376187020,102
1376201850,190
1376202542,20
1376204343,42
1376221787,17
1376243548,96
1376246046,66
1376250872,12
1376252893,146
1376258916,791
1376260632,12
1376276383,44
1376283064,14
1376284519,298
1376302119,12
1376327386,37
1376338164,19
1376338414,52
1376355154,79
1376361145,16
1376366074,19
1376369694,14
1376372965,11
1376375883,16
1376380583,1040
1376380844,1232
1376389728,15
1376429717,11
1376430634,36
1376432890,17
1376436152,113
1376447184,37
1376451543,111
1376451596,26
1376459452,20
1376464137,11
1376476375,15
1376485296,156
1376488452,127
1376498495,244
1376499671,12
1376517161,19
1376562452,28
1376562698,1197
1376563789,13
1376570509,136
1376580317,16
1376587108,14
1376596972,18
1376608076,113
1376610531,308
1376618180,47
1376627816,304
1376631227,293
1376641124,25
1376644413,11
1376646666,11
1376650725,59
1376665052,27
1376669273,44
1376670432,194
1376671563,147
1376677047,65
1376679491,102
1376688549,46
1376689816,260
1376691540,12
1376695565,182
1376697456,23
1376697978,68
1376699110,35
1376703755,37
1376713674,1672
1376721952,59
1376724026,23
1376725818,30
1376736903,63
1376757283,935
1376771236,212
1376772405,11
1376779168,157
1376780621,19
1376790274,22
1376798296,69
1376801313,13
1376804059,255
1376809003,31
1376846115,49
1376848968,229
1376851222,16
1376852977,16
1376855157,16
1376856411,98
1376857791,15
1376861671,55
1376869581,40
1376891056,34
1376900546,13
1376904097,18
1376907524,18
1376922367,36
1376929885,158
1376934917,59
1376935910,11
1376940807,63
1376947340,65
1376957049,41
1376970259,1706
1376976734,40
1376978038,117
1376983276,12
1376985157,12
1376994778,23
1376999276,13
1377004628,17
1377007152,217
1377008588,12
1377009676,36
1377012125,50
1377012392,24
1377014744,205
1377017796,14
1377019448,15
1377022466,15
1377024615,15
1377025706,15
1377028653,61
1377032226,11
1377047791,396
1377049125,116
1377060821,250
1377087844,33
1377088881,34
1377091166,13
1377095706,42
1377098057,11
1377118911,37
1377121729,180
1377129513,12
1377133993,99
1377162840,31
1377172300,3231
1377189665,322
1377195966,56
1377211520,6792
1377227263,119
1377230523,14
1377235275,32
1377240062,25
1377244651,17
1377249911,14
1377264191,103
1377266080,163
1377272686,21
1377276191,14
1377281546,87
1377281798,23
1377281944,17
1377300089,76
1377311766,24
1377318049,57
1377318357,800
1377319093,33
1377328381,43
1377347957,13
1377356694,25
1377358030,186
1377359143,12
1377367635,22
1377373768,102
1377373919,57
1377374212,38
1377374471,18
1377378103,212
1377387370,11
1377391257,12
1377397210,354
1377399471,752
1377401228,194
1377401814,11
1377411396,15
1377417831,92
1377418521,46
1377427328,513
1377497339,27
1377506078,41
1377507017,79
1377511085,53
1377513325,14
1377521300,25
1377530130,140
1377536729,16
1377540461,22
1377544566,31
1377548062,123
1377573287,37
1377611917,53
1377621908,95
1377623531,16
1377639152,18
1377644325,202
1377650013,111
1377674687,128
1377675439,12
1377680623,190
1377694077,1552
1377724203,12
1377725938,38
1377737136,99
1377742845,20
1377750369,40
1377753108,39
1377761189,23
1377778088,74
1377792250,96
1377798973,19
1377801376,17
1377811021,491
1377820977,574
1377825554,90
1377844773,79
1377847730,20
1377851637,28
1377858843,14
1377865268,11
1377868587,257
1377874334,29
1377884826,578
1377921828,34
1377925523,33
1377927974,66
1377930228,11
1377930647,19
1377937803,51
1377938409,579
1377946081,29
1377946613,24
1377952273,935
1377956199,175
1377959241,12
1377960577,279
1377966204,31
1377966948,18
1377968079,14
1377981619,16
1377994507,46
1378004053,11
1378012244,12
1378013456,12
1378018272,184
1378021861,39
1378027082,11
1378037330,177
1378041934,15
1378054924,170
1378060456,152
1378076010,13
1378083460,72
1378084143,1405
1378087447,14
1378104417,12
1378110842,264
1378111249,15
1378112520,143
1378116070,36
1378123304,30
1378128468,100
1378140242,606
1378141102,39
1378149911,33
1378150065,40
1378157667,117
1378166587,11
1378173025,55
1378178382,187
1378198970,43
1378213391,14
1378233448,21
1378233659,67
1378234603,19
1378243117,38
1378253950,16
1378255915,32
1378268445,11
1378277537,133
1378286207,127
1378287407,137
1378288598,7461
1378292414,42
1378292922,13
1378294353,15
1378312690,40
1378328067,276
1378334724,51
1378336518,19
1378338580,35
1378351435,12
1378383465,41
1378383745,402
1378386431,11
1378392353,31
1378394024,40
1378402113,32
1378406148,79
1378408007,75
1378412161,50
1378413077,31
1378417234,141
1378419248,49
1378426032,142
1378439672,68
1378440336,11
1378445487,18
1378453004,255
1378459509,244
1378477188,12
1378477219,22
1378480199,12
1378487912,168
1378490139,144
1378491363,13
1378513694,78
1378518207,112
1378523869,35
1378530082,43
1378539555,14
1378545590,22
1378548877,31
1378551163,12
1378562653,145
1378579667,45
1378583912,51
1378588271,11
1378595066,18
1378595282,13
1378615897,11
1378624008,21
1378650188,49
1378679332,12
1378684398,13
1378688797,182
1378697858,15
1378703922,12
1378704001,92
1378705615,53
1378713168,41
1378713828,22
1378720625,25
1378726612,102
1378729873,32
1378733532,44
1378736813,69
1378738225,393
1378760207,12
1378764687,45
1378780874,19
1378786878,40
1378797927,25
1378813039,177
1378822793,38
1378832559,823
1378840073,275
1378854232,15
1378861656,201
1378880709,833
1378881103,24
1378884933,44
1378888384,85
1378909326,233
1378921331,27
1378939228,37
1378943691,26
1378953984,33
1378958030,706
1378958473,15
1378959833,32
1378971566,10
1378971656,2053
1378973913,62
1378989597,36
1379003933,1133
1379004430,103
1379018946,21
1379019740,52
1379021919,204
1379023782,195
1379037464,11
1379046284,224
1379064751,17
1379117882,1047
1379124638,89
1379133800,36
1379137016,2007
1379139647,16
1379155455,14
1379160057,46
1379166549,1073
1379166913,137
1379171241,27
1379173497,22
1379182923,30
1379189057,67
1379191180,18
1379205525,26
1379207505,63
1379216393,13
1379229326,22
1379231715,30
1379242271,41
1379264909,26
1379266659,44
1379271414,32
1379273671,38
1379297874,41
1379298275,284
1379332364,17
1379339593,28
1379340735,34
1379343596,119
1379367209,84
1379391748,112
1379396073,92
1379401527,525
1379402067,15
1379414457,18
1379432956,142
1379436532,20
1379508715,43
1379510327,148
1379550498,28
1379553159,32
1379555830,77
1379569039,27
1379572963,278
1379574728,7383
1379582941,23
1379594548,79
1379601713,301
1379608059,62
1379609263,35
1379612416,32
1379612450,28
1379617146,465
1379619275,23
1379622568,38
1379627160,30
1379664293,48
1379672461,30
1379691269,14
1379700795,11
1379703717,26
1379706560,15
1379707048,37
1379709554,15
1379711242,11
1379713235,11
1379716526,14
1379717308,16
1379717948,14
1379718463,15
1379718679,17
1379720747,27
1379721767,11
1379721988,11
1379723258,12
1379723846,14
1379724171,16
1379726148,23
1379726665,13
1379728867,12
1379731232,12
1379735382,17
1379754455,24
1379771393,30
1379771641,33
1379783258,133
1379785973,16
1379788588,27
1379790888,11
1379792193,31
1379802467,23
1379816258,18
1379816438,28
1379816520,96
1379817799,20
1379825889,26
1379826060,41
1379828654,29
1379830980,30
1379836470,12
1379846945,101
1379856219,48
1379858932,45
1379859500,16
1379861765,46
1379868599,20
1379869519,100
1379881719,37
1379891939,14
1379915055,111
1379917275,148
1379929433,748
1379932176,33
1379964980,57
1379979985,112
1379982823,11
1379983400,74
1379986944,177
1380002148,787
1380026302,48
1380056855,12
1380076326,16
1380116460,341
1380148453,32
1380151498,80
1380171258,26
1380184397,53
1380206967,24
1380219642,66
1380238036,15
1380239537,11
1380240250,16
1380242659,23
1380244568,11
1380246522,11
1380247504,12
1380249195,13
1380249515,15
1380251021,11
1380251285,14
1380252205,12
1380252930,16
1380253507,11
1380253916,14
1380254211,15
1380254762,31
1380255198,12
1380255854,11
1380258602,13
1380258893,12
1380260765,11
1380262529,13
1380263496,20
1380265589,12
1380266545,16
1380266809,14
1380267107,12
1380268882,11
1380269465,12
1380270430,29
1380271861,11
1380272725,13
1380275275,12
1380276592,16
1380283873,18
1380286890,181
1380286908,50
1380291359,167
1380306061,89
1380433160,12
1380437043,20
1380481477,70
1380509696,56
1380509713,56
1380509771,56
1380509929,56
1380511308,56
1380511487,56
1380511680,56
1380512906,56
1380512946,56
1380518537,56
1380518700,56
1380518937,56
1380524569,56
1380528149,56
1380529936,56
1380532130,56
1380536766,56
1380540924,56
1380546511,56
1380550173,56
1380550855,56
1380551434,56
1380554320,56
1380555073,34
1380555622,56
1380557975,56
1380558636,56
1380559039,12
1380559479,56
1380559526,56
1380563035,56
1380566840,53
1380570032,56
1380570715,56
1380570861,56
1380571037,56
1380576878,56
1380578119,56
1380578906,56
1380580626,56
1380580829,56
1380582206,56
1380582227,57
1380584228,53
1380585386,53
1380586578,18
1380587771,53
1380589767,14
1380590164,53
1380590293,53
1380591108,53
1380594313,53
1380597780,16
1380600012,53
1380600226,246
1380600500,53
1380603598,53
1380605875,53
1380610262,53
1380612433,53
1380613097,53
1380615895,53
1380616754,53
1380618245,53
1380618613,53
1380619456,53
1380619917,53
1380622105,53
1380622671,53
1380622959,53
1380623282,53
1380633782,203
1380635125,2077
1380647931,34
1380653730,113
1380658970,13
1380683591,510
1380693831,213
1380693948,29
1380711031,16
1380712325,45
1380724113,64
1380729698,190
1380739864,111
1380750082,87
1380762124,18
1380762959,594
1380764717,33
1380779942,31
1380788494,16
1380797051,476
1380805191,37
1380819976,51
1380825318,16
1380828736,34
1380848794,11
1380863630,52
1380866691,136
1380873040,152
1380873237,497
1380877128,85
1380899405,35
1380911066,24
1380911098,25
1380920195,34
1380929128,18
1380938068,15
1380942438,29
1380947434,66
1380950524,895
1380956148,18
1381002963,24
1381021210,61
1381028397,39
1381043155,143
1381052038,12
1381077678,56
1381106182,11
1381112305,11
1381133707,48
1381147656,32
1381150236,27
1381185220,19
1381194698,20
1381197433,31
1381200789,56
1381222319,34
1381227629,178
1381229689,224
1381261661,11
1381264430,85
1381267308,69
1381271129,66
1381282199,23
1381282828,16
1381309650,42
1381311478,38
1381319800,37
1381339530,13
1381356320,819
1381397567,121
1381405084,14
1381411066,28
1381412852,398
1381433395,21
1381442482,42
1381472282,21
1381478136,102
1381493515,94
1381504100,22
1381518258,27
1381557185,30
1381586464,82
1381649269,63
1381650053,24
1381659056,22
1381675602,300
1381701511,105
1381702970,23
1381704972,184
1381720808,35
1381758821,20
1381765937,140
1381783784,606
1381797319,47
1381809111,17
1381841663,12
1381859582,20
1381872036,20
1381886954,33
1381890257,27
1381905235,24
1381906306,22
1381916762,64
1381924898,14
1381933349,15
1381956661,118
1381968785,25
1382019778,64
1382033817,92
1382041805,26
1382043422,15
1382052193,35
1382053746,22
1382093436,29
1382097323,104
1382122256,24
1382132617,21
1382180975,23
1382208792,42
1382217118,56
1382268161,85
1382297961,19
1382299104,87
1382304020,275
1382329541,18
1382348446,33
1382361239,39
1382402344,1313
1382409238,327
1382415276,22
1382415700,34
1382439708,225
1382441164,62
1382450432,461
1382454774,87
1382467199,1848
1382470349,11
1382476058,100
1382497250,149
1382499651,14
1382503730,92
1382512292,14
1382518952,68
1382519703,55
1382526581,28
1382534768,18
1382548625,33
1382551549,130
1382560868,25
1382570034,72
1382571772,98
1382625851,648
1382646102,28
1382656293,17
1382663218,34
1382667783,26
1382671462,134
1382673164,1
1382720165,406
1382742115,60
1382745193,25
1382754564,32
1382755646,17
1382777337,136
1382782510,19
1382790500,93
1382792968,30
1382794940,38
1382816957,79
1382828376,16
1382858025,33
1382888848,1000
1382890725,31
1382898931,14
1382911422,105
1382923489,22
1382970525,54
1382973385,13
1382980854,13
1382991317,178
1382992199,55
1382997872,105
1383023635,509
1383029247,42
1383083622,96
1383088922,37
1383099972,19
1383133197,147
1383156413,46
1383156569,16
1383170289,41
1383174634,78
1383184578,210
1383187310,21
1383195759,28
1383204085,100
1383219004,138
1383255764,14
1383270633,12
1383330463,87
1383333577,12
1383351011,50
1383352074,20
1383354153,312
1383368882,18
1383379143,66
1383380078,286
1383421425,42
1383423364,76
1383435999,14
1383448007,37
1383475390,101
1383527767,42
1383553695,43
1383553946,32
1383568748,79
1383574324,46
1383588613,21
1383604528,254
1383619379,13
1383630153,17
1383643711,27
1383683941,32
1383697697,44
1383716728,33
1383724425,21
1383725580,139
1383764204,15
1383764540,34
1383773819,29
1383797058,16
1383804874,119
1383808665,63
1383809012,5370
1383887706,18
1383909534,38
1383910383,18
1383910866,28
1383937741,220
1383977800,536
1383979298,956
1383983311,289
1383990661,12
1384016666,19
1384036300,52
1384054646,17
1384056232,24
1384094559,2873
1384097926,49
1384104974,81
1384142425,13
1384153145,55
1384159311,877
1384170316,201
1384187121,13
1384190440,58
1384201242,272
1384219212,56
1384229596,75
1384236560,87
1384244575,217
1384260430,1214
1384275032,458
1384300088,46
1384311578,32
1384322099,301
1384337258,41
1384352924,130
1384367183,40
1384438293,36
1384443229,12
1384446919,65
1384471199,60
1384505465,11
1384508193,20
1384544819,31
1384547973,49
1384555444,76
1384595391,63
1384605120,37
1384610841,29
1384615077,22
1384616843,29
1384642351,53
1384687591,29
1384688270,16
1384690991,20
1384702527,146
1384734543,855
1384750550,64
1384782231,24
1384801119,127
1384819080,91
1384856497,36
1384858191,893
1384860503,14
1384864244,284
1384867356,75
1384877010,20
1384952284,16
1384971688,117
1384979197,39
1385001217,48
1385007710,38
1385040366,16
1385046932,12
1385102400,31
1385125999,25
1385137548,27
1385139201,222
1385167327,38
1385200507,13
1385210623,18
1385214168,12
1385219592,27
1385228384,17
1385230825,18
1385232824,17
1385234557,124
1385234871,17
1385236831,18
1385247500,24
1385251113,26
1385252572,36
1385255054,20
1385271151,123
1385302799,11
1385303886,11
1385322352,11
1385329966,17
1385340891,331
1385357128,37
1385373542,13
1385377188,20
1385440076,55
1385448778,33
1385470329,14
1385489640,26
1385536181,16
1385566865,21
1385572356,123
1385588945,23
1385594097,70
1385600042,71
1385601752,104
1385607186,70
1385658451,36
1385661051,72
1385668588,61
1385676354,92
1385683731,77
1385691734,91
1385694460,11
1385697549,90
1385750356,169
1385757816,19
1385766179,208
1385768572,732
1385775186,402
1385787757,42
1385794654,11
1385810736,33
1385816739,29
1385852876,172
1385878890,65
1385884737,303
1385896447,1970
1385932968,72
1385938684,72
1385939201,25
1385940456,85
1385940769,71
1385940907,81
1385944949,81
1385946301,15024
1385946365,83
1385952569,72
1385952730,75
1385957766,67
1385960203,78
1385961425,21
1385974863,70
1385974972,84
1385974997,75
1385986544,70
1385996939,91
1386003222,75
1386004688,362
1386007747,89
1386015885,83
1386020921,66
1386035478,82
1386035526,76
1386040750,77
1386040989,70
1386046144,89
1386046145,72
1386046158,68
1386050841,91
1386051016,67
1386051053,84
1386052763,76
1386055469,89
1386055991,92
1386058082,75
1386061631,332
1386075450,83
1386092912,49
1386094639,67
1386102169,78
1386102205,80
1386102888,91
1386106710,79
1386107995,75
1386109831,93
1386111415,72
1386112170,80
1386112831,75
1386113997,91
1386118529,79
1386121977,93
1386123925,53
1386190011,86
1386200601,14
1386215713,178
1386231117,312
1386234696,13
1386261789,94
1386267511,36
1386267785,35
1386311515,46
1386322697,18
1386362905,15
1386371025,55
1386381759,229
1386391454,2415
1386420212,32
1386467313,20
1386468019,18
1386487703,598
1386488923,26
1386522258,483
1386533084,96
1386538234,22
1386544905,123
1386552179,53
1386649980,26
1386679206,20
1386679579,20
1386679696,20
1386679834,20
1386680303,20
1386680481,20
1386680636,15
1386706865,62
1386707721,177
1386710374,33
1386728996,54
1386778170,637
1386811131,200
1386816504,13
1386819882,88
1386826975,24
1386838698,32
1386860083,17
1386868777,55
1386894923,13
1386951837,22
1386954995,29
1387019363,112
1387036429,324
1387057782,29
1387065519,24
1387070074,14
1387091731,155
1387102311,35
1387117679,21
1387131887,37
1387131969,39
1387147799,57
1387174908,44
1387194455,34
1387196690,40
1387205322,24
1387217467,34
1387230321,49
1387233296,41
1387234427,37
1387261291,123
1387288654,102
1387291173,15
1387327074,12
1387360993,25
1387365303,212
1387368610,29
1387374016,50
1387387974,219
1387395819,9
1387400722,20
1387400905,17
1387401103,20
1387401263,20
1387401650,20
1387401857,20
1387414858,21
1387418261,466
1387449455,11
1387458462,51
1387462962,232
1387485153,16
1387513856,73
1387544315,131
1387564759,39
1387598614,64
1387634238,83
1387641169,22
1387649779,265
1387655234,41
1387665804,55
1387673184,14
1387683906,40
1387694479,180
1387736204,12
1387738373,21
1387743071,461
1387750574,37
1387763129,99
1387771467,180
1387773826,21
1387780207,246
1387780353,21
1387781216,14
1387810635,51
1387850278,116
1387868633,30
1387871388,246
1387876760,15
1387880482,64
1387882533,15
1387889135,107
1387938121,40
1387938877,30
1387941670,16
1387983693,28
1387990102,15
1388053057,15
1388056636,506
1388078616,14
1388113781,29
1388146883,17
1388146961,127
1388154832,17
1388177227,68
1388186127,52
1388199229,57
1388229739,105
1388233756,37
1388261262,954
1388278978,178
1388294891,18
1388296227,34
1388309735,12
1388315766,72
1388317489,12
1388319882,255
1388323013,620
1388327521,85
1388327805,55
1388339095,47
1388372309,121
1388375387,27
1388385611,13
1388388689,43
1388393722,13
1388400444,13
1388409172,17
1388412349,117
1388423184,77
1388431549,83
1388433788,66
1388455733,336
1388475716,58
1388482474,2337
1388525805,251
1388537017,13
1388551995,41
1388563697,15
1388571958,28
1388572357,28
1388572406,15
1388594776,1704
1388609171,24
1388622110,37
1388637037,15
1388697651,101
1388764140,69
1388767810,16
1388808163,54
1388820481,20
1388836683,102
1388867993,2108
1388877469,29
1388931742,58
1388955296,14
1388980448,21
1389011744,1261
1389012145,31
1389023874,167
1389040382,399
1389054908,15
1389061336,139
1389062503,66
1389107000,22
1389128717,14
1389192559,13
1389205594,40
1389207877,36
1389225185,32
1389238192,14
1389242671,12
1389278567,239
1389283632,40
1389290555,28
1389294768,77
1389325920,123
1389330828,19
1389339354,23
1389341408,27
1389343113,28
1389372460,20
1389405605,93
1389421349,74
1389428262,107
1389435094,134
1389463435,20
1389470506,11
1389470864,73
1389499156,13
1389503654,41
1389512019,136
1389527476,56
1389558496,12
1389582004,26
1389582324,105
1389603566,51
1389618062,19
1389623314,70
1389629228,24
1389664866,27
1389702548,53
1389710899,17
1389711321,88
1389736539,32
1389738585,85
1389751964,21
1389753114,122
1389753306,36
1389755987,74
1389763477,12
1389776681,19
1389796224,40
1389811296,114
1389826715,12
1389844988,12
1389846604,11
1389857617,62
1389880010,141
1389900426,175
1389983310,13
1389987894,16
1390038957,3
1390088311,429
1390095889,16
1390107833,90
1390107961,340
1390181962,56
1390232691,488
1390252970,128
1390273274,2207
1390295408,85
1390314242,51
1390331681,800
1390344577,64
1390349430,12
1390364391,18
1390372744,94
1390373702,92
1390390392,26
1390399311,11
1390425377,14
1390435826,67
1390452147,16
1390453600,54
1390468150,0
1390480998,17
1390487251,53
1390500991,26
1390509008,240
1390521380,31
1390535413,20
1390549144,13
1390551349,16
1390553832,35
1390561114,34
1390587804,33
1390595500,85
1390622604,28
1390652589,12
1390654099,47
1390670695,37
1390679873,103
1390688516,136
1390747763,14
1390791141,38
1390802724,23
1390850469,67
1390852166,117
1390856306,13
1390867091,293
1390879638,25
1390901845,47
1390920440,47
1390924608,64
1390938824,1040
1390947883,14
1390950051,17
1390958360,134
1390961979,73
1390963845,32
1390969305,26
1390985558,50
1390999238,156
1391035436,61
1391035490,29
1391037861,56
1391049410,140
1391117114,17
1391117868,52
1391154206,14
1391190531,18
1391197420,195
1391208881,47
1391234707,42
1391292706,13
1391314978,156
1391325969,230
1391331143,21
1391332185,25
1391347433,12
1391356062,274
1391382816,36
1391384546,607
1391391086,31
1391434773,410
1391438314,3778
1391453126,12
1391520507,112
1391608335,18
1391614116,32
1391667199,20
1391679246,129
1391696430,62
1391710200,60
1391712576,11
1391713487,102
1391717301,304
1391849701,109
1391868485,13
1391870539,20
1391887117,20
1391903696,100
1391932078,14
1391948723,335
1391988195,34
1392002223,13
1392017238,26
1392070326,50
1392089181,28
1392097405,65
1392117309,59
1392183103,119
1392183575,23
1392216321,62
1392247867,13
1392255000,44
1392255587,678
1392260185,23
1392295746,12
1392305809,16
1392328938,26
1392332800,19
1392417059,46
1392434924,33
1392444348,51
1392448292,165
1392462443,30
1392480889,11
1392482274,37
1392521390,38
1392529209,16
1392533531,60
1392538989,19
1392566629,65
1392569476,138
1392576123,45
1392680934,73
1392684196,60
1392685653,30
1392694052,19
1392784792,23
1392785047,46
1392786360,13
1392810395,41
1392877775,70
1392901645,75
1392905933,37
1392926470,35
1392954285,18
1392963793,18
1393016640,36
1393055045,18
1393077161,57
1393088049,39
1393092440,63
1393096182,35
1393098105,55
1393103822,54
1393112100,17
1393134075,82
1393141118,64
1393145992,42
1393165055,20
1393172208,33
1393180519,41
1393181748,41
1393181765,49
1393181773,60
1393181868,58
1393181880,56
1393184402,44
1393185853,63
1393186152,39
1393189394,59
1393189595,59
1393190246,51
1393195720,61
1393195881,56
1393196554,53
1393198014,44
1393199803,61
1393201318,66
1393205292,52
1393206335,44
1393211497,49
1393211575,44
1393211966,43
1393227311,39
1393228094,50
1393228406,30
1393229560,1404
1393233724,68
1393236764,46
1393238222,64
1393241101,48
1393243034,42
1393245490,52
1393247548,62
1393259409,39
1393259445,50
1393261824,60
1393263435,63
1393263485,46
1393263667,65
1393266721,41
1393267374,55
1393268670,43
1393268746,57
1393269169,52
1393270270,57
1393271585,42
1393272698,53
1393273056,41
1393273063,62
1393274553,44
1393275380,48
1393276500,54
1393277413,58
1393277935,51
1393277937,61
1393279898,46
1393281220,51
1393282209,51
1393282258,47
1393282760,57
1393284178,51
1393284678,56
1393284911,46
1393285836,41
1393286519,51
1393286682,57
1393286718,53
1393286760,58
1393287834,62
1393288435,58
1393288909,41
1393288947,53
1393289103,53
1393289878,49
1393290501,62
1393290752,40
1393290788,39
1393290811,62
1393290974,61
1393292151,40
1393293178,56
1393294028,53
1393294547,69
1393294589,67
1393294744,60
1393295054,37
1393296008,49
1393296289,47
1393299048,42
1393299239,66
1393299285,59
1393301207,48
1393302435,44
1393303690,66
1393304348,40
1393305596,36
1393305605,62
1393306363,46
1393306692,40
1393308184,64
1393308371,52
1393309643,51
1393309822,52
1393310150,58
1393310151,62
1393310963,51
1393311471,52
1393312705,52
1393312803,50
1393312869,53
1393314134,59
1393314404,51
1393314910,46
1393315713,37
1393316263,53
1393316737,60
1393317230,55
1393317491,55
1393317574,57
1393318816,48
1393319439,62
1393320383,52
1393321485,38
1393322115,57
1393354942,15
1393371921,109
1393379755,13
1393382600,51
1393386806,60
1393397776,63
1393399509,48
1393401665,54
1393403505,63
1393403642,54
1393407065,56
1393407695,50
1393410826,89
1393411168,52
1393414834,46
1393414873,47
1393416248,43
1393427483,53
1393427548,53
1393431432,57
1393443908,55
1393443921,64
1393444374,45
1393447825,51
1393447970,61
1393448254,42
1393448750,47
1393452979,37
1393470731,15
1393480660,69
1393480678,64
1393480696,45
1393480709,61
1393480711,68
1393480721,53
1393480734,64
1393484906,45
1393484964,48
1393484994,46
1393485032,55
1393485220,49
1393485258,42
1393486257,43
1393486459,58
1393489613,54
1393489946,63
1393489984,50
1393490085,62
1393490946,63
1393491006,46
1393491091,57
1393493780,49
1393494155,57
1393494329,54
1393494513,55
1393495000,51
1393495007,56
1393495074,52
1393498779,53
1393499089,59
1393502607,41
1393503163,35
1393520341,64
1393524372,50
1393653467,11
1393683726,83
1393688070,11
1393689296,1444
1393711800,160
1393829861,100
1393839362,23
1393880034,11
1393889041,29
1393920123,101
1393921541,17
1393926318,34
1393935935,88
1393951114,15
1393965829,6130
1393974520,14
1393975337,124
1393979405,37
1393981305,62
1394001722,96
1394011672,783
1394020772,41
1394045721,2196
1394057161,30
1394088570,100
1394090266,15
1394090575,552
1394095513,24
1394115590,61
1394115597,68
1394115602,56
1394115606,56
1394115608,63
1394115611,67
1394115615,61
1394115619,53
1394115625,43
1394115629,49
1394116939,50
1394117788,46
1394117920,45
1394118018,52
1394118224,49
1394118227,59
1394118252,66
1394118311,58
1394118323,47
1394118331,59
1394119641,57
1394120318,61
1394120489,43
1394120608,34
1394120652,59
1394120753,57
1394120777,47
1394120824,55
1394122454,57
1394122911,59
1394123084,67
1394123129,46
1394123214,53
1394124787,62
1394126524,48
1394127126,61
1394127129,68
1394127130,57
1394127132,64
1394127135,38
1394127145,64
1394127165,40
1394127280,49
1394127283,48
1394127292,47
1394127318,57
1394128525,56
1394128595,55
1394131498,56
1394131500,38
1394131511,68
1394134686,40
1394134787,42
1394136601,46
1394136797,41
1394136929,44
1394136944,37
1394136949,37
1394139042,49
1394139191,67
1394139670,43
1394139774,52
1394141210,63
1394141470,56
1394141492,52
1394141816,47
1394141827,45
1394141943,54
1394143833,47
1394143908,59
1394143972,55
1394145342,53
1394145369,43
1394146423,54
1394146456,66
1394146819,50
1394146922,63
1394147009,66
1394147090,52
1394147099,40
1394148375,45
1394148711,45
1394150247,50
1394150336,48
1394150361,65
1394150366,46
1394150550,44
1394152049,68
1394152066,49
1394152357,60
1394152364,39
1394154257,44
1394154272,56
1394154281,61
1394156051,42
1394156055,49
1394156080,52
1394158104,47
1394159901,48
1394160899,60
1394161074,42
1394162799,60
1394162942,52
1394163656,60
1394163873,57
1394164301,52
1394165296,51
1394165521,65
1394166109,57
1394166228,56
1394166501,39
1394166771,38
1394167015,49
1394167189,45
1394167309,49
1394167737,64
1394168036,43
1394168414,57
1394169421,39
1394169593,56
1394169663,41
1394170398,15
1394170587,66
1394170910,50
1394170984,51
1394171067,37
1394171289,59
1394171434,57
1394172546,51
1394174233,58
1394174315,42
1394174598,49
1394174895,56
1394174940,59
1394178175,42
1394178198,63
1394178676,44
1394178768,57
1394178794,57
1394179045,45
1394179531,57
1394180176,67
1394181026,53
1394181591,58
1394181865,58
1394182052,52
1394182468,66
1394182752,66
1394182838,45
1394183080,42
1394183098,50
1394183169,66
1394183435,41
1394183501,60
1394183741,56
1394184194,44
1394185057,40
1394186080,64
1394186267,66
1394187421,37
1394187600,66
1394187664,46
1394187729,45
1394187876,56
1394187880,58
1394187884,39
1394188194,66
1394188226,56
1394188356,44
1394188369,42
1394188956,38
1394192196,40
1394192464,65
1394192863,67
1394193372,46
1394193587,63
1394193706,64
1394194694,53
1394197254,57
1394199007,38
1394199697,40
1394200967,38
1394201220,41
1394201644,60
1394201746,59
1394202881,55
1394204601,60
1394204700,59
1394204748,64
1394224747,32
1394277339,61
1394315714,58
1394325899,99
1394334356,184
1394348802,132
1394398089,397
1394415955,21
1394429548,22
1394457398,40
1394495502,13
1394505594,21
1394541855,31
1394549068,13
1394589800,86
1394618103,49
1394626756,15
1394627404,79
1394628211,167
1394628742,47
1394634610,25
1394646754,20
1394662731,115
1394669834,28
1394675848,176
1394679834,30
1394706286,30
1394736438,32
1394745311,34
1394762540,29
1394765744,29
1394784781,31
1394818112,16
1394821808,60
1394833685,65
1394836120,53
1394863161,17
1394863203,53
1394865028,15
1394871993,412
1394887115,19
1394895459,13
1394948548,21
1394949155,13
1394989252,2714
1394997986,85
1395006875,16
1395089674,21
1395093161,23
1395099981,13
1395107859,19
1395116154,221
1395117480,45
1395189353,26
1395203963,35
1395215215,37
1395234167,11
1395252550,48
1395278529,32
1395284436,72
1395376021,12
1395612059,36
1395711170,13
1395741278,18
1395835665,515
1395906964,75
1395916683,39
1395976322,115
1395984333,111
1395987291,580
1395995350,413
1396026573,15
1396072736,48
1396095480,31
1396117711,3819
1396140448,39
1396142010,25
1396154754,19
1396176191,19
1396397208,20
1396403260,123
1396458408,55
1396526455,519
1396584589,650
1396594328,19
1396603257,60
1396663026,58
1396673026,27
1396684626,402
1396714267,28
1396719813,17
1396738941,229
1396742762,12
1396765235,224
1396790936,44
1396791394,38
1396792662,154
1396795789,29
1396833540,40
1396834661,63
1396835637,39
1396873089,22
1396881624,21
1396886839,50
1396887487,17
1396892542,13
1396899630,44
1396909084,18
1396918266,557
1396918628,87
1396939768,703
1396944613,27
1397008315,15
1397016507,4264
1397030982,34
1397049383,303
1397088773,440
1397105892,25
1397175284,11
1397177100,140
1397212465,15
1397213884,37
1397218319,44
1397232132,30
1397265005,20
1397295696,13
1397312940,14
1397328056,160
1397341011,13
1397342411,55
1397409589,192
1397433953,49
1397483977,101
1397514052,21
1397519074,57
1397599794,379
1397693323,95
1397700967,73
1397707136,13
1397742224,26
1397749548,31
1397771878,1573
1397840198,243
1397848182,109
1397885809,154
1397906178,242
1397920862,18
1397939439,816
1397944465,21
1397991429,17
1398026161,33
1398046171,55
1398055406,134
1398080271,2791
1398091865,757
1398097510,540
1398101736,99
1398174806,14
1398185212,560
1398194468,99
1398199776,24
1398232963,38
1398245492,13
1398378873,11
1398404173,24
1398418891,252
1398492185,24
1398493385,13
1398516998,36
1398539853,13
1398577093,16
1398596363,19
1398596958,53
1398606485,47
1398609272,47
1398654789,12
1398690529,33
1398697179,12
1398737109,162
1398741146,35
1398789026,13
1398802900,267
1398820638,12
1398826200,21
1398843411,36
1398852225,188
1398887952,29
1398891048,26
1398899004,22
1398918684,16
1398934270,36
1398937364,12
1398942255,41
1398957764,35
1398992076,70
1399045273,121
1399055590,16
1399076061,123
1399145083,57
1399147382,20
1399152164,38
1399235098,13
1399265257,11
1399294976,11
1399413068,156
1399526385,35
1399528399,23
1399613726,12
1399647921,11
1399714475,16
1399726646,39
1399786436,65
1399822364,19
1399838098,60
1399841077,164
1399856140,23
1399859721,16
1399874567,24
1399914762,22
1399935626,113
1400009482,31
1400012583,12
1400015976,14
1400018213,282
1400021723,133
1400030485,60
1400083847,31
1400104434,138
1400132119,11
1400136506,452
1400145509,96
1400178712,35
1400196685,34
1400245320,145
1400250107,287
1400293313,22
1400296395,95
1400297923,19
1400308056,27
1400363975,59
1400412592,11
1400419735,46
1400437144,17
1400456490,14
1400503319,79
1400514535,30
1400553453,26
1400563899,164
1400569563,151
1400714777,715
1400723317,67
1400778551,27
1400848155,29
1400855055,24
1400858577,64
1400860393,31
1400867518,61
1400874663,63
1400877599,149
1400880490,464
1400880712,99
1400919394,42
1400952315,18
1400965209,15
1401039621,26
1401053436,13
1401081055,38
1401127297,70
1401154700,26
1401168155,19
1401239862,31
1401241173,74
1401282612,12
1401296633,41
1401306830,75
1401316999,22
1401324806,51
1401339877,99
1401410482,21
1401422711,16
1401426895,34
1401457808,12
1401459711,17
1401461555,305
1401464474,16
1401476500,1638
1401480940,195
1401496565,22
1401505836,17
1401520107,94
1401525914,28
1401538687,110
1401562268,12
1401594712,75
1401600991,16
1401621921,15
1401653376,61
1401710157,14
1401712064,52
1401715723,144
1401725212,36
1401738352,38
1401749553,13
1401760850,119
1401782034,24
1401821001,487
1401865966,31
1401868064,11
1401868378,13
1401872906,29
1401884612,63
1401933950,60
1401957600,79
1401998078,109
1402001103,28
1402015758,13
1402021312,31
1402028534,38
1402049780,184
1402053939,17
1402055193,13
1402077833,20
1402112361,34
1402116378,67
1402121018,294
1402127291,42
1402149193,19
1402179185,33
1402193143,1496
1402258859,14
1402282819,31
1402307885,20
1402338989,52
1402341145,89
1402344315,12
1402345198,223
1402361182,28
1402378309,39
1402384971,53
1402404866,47
1402417830,146
1402420302,48
1402425682,30
1402429665,24
1402430099,42
1402477338,97
1402484762,26
1402487364,25
1402504227,402
1402506813,66
1402525166,400
1402570649,31
1402622395,15
1402653178,44
1402653635,13
1402655573,116
1402656250,205
1402740984,19
1402754244,144
1402886491,113
1402917540,21
1402924075,82
1402961228,102
1402986945,292
1403040753,59
1403041010,13
1403049639,32
1403056103,125
1403057681,53
1403059900,18
1403092191,142
1403102927,15
1403115747,619
1403120994,22
1403131645,28
1403145707,12
1403170338,28
1403198492,89
1403215196,47
1403262018,74
1403306223,55
1403307052,58
1403322874,16
1403325014,89
1403355201,82
1403367346,13
1403381928,12
1403388032,398
1403392029,12
1403431984,615
1403482367,18
1403533060,15
1403544347,58
1403597414,160
1403747692,32
1403762779,23
1403805593,128
1403809641,49
1403810477,75
1403836744,51
1403847264,331
1403851512,29
1403869187,34
1403947210,20
1403974550,37
1403984902,51
1403987046,24
1404030272,30
1404031382,30
1404031650,32
1404036000,51
1404078662,27
1404100383,14
1404146358,16
1404158154,101
1404190431,13
1404192386,55
1404226270,21
1404239071,26
1404241499,38
1404266247,1548
1404296800,22
1404345955,16
1404347821,97
1404356927,53
1404381797,120
1404381954,21
1404382224,19
1404410516,30
1404411945,24
1404421180,22
1404461590,13
1404470900,30
1404534080,48
1404597102,13
1404603645,93
1404625146,53
1404743796,637
1404769156,164
1404806160,27
1404874984,464
1404878233,193
1404880073,62
1404896887,49
1404906870,32
1404969900,28
1404998865,52
1405025207,41
1405088237,40
1405348361,115
1405386680,30
1405432060,41
1405436204,135
1405454424,549
1405466823,72
1405519179,14
1405551516,200
1405551845,200
1405554423,100
1405556648,100
1405559026,392
1405562825,100
1405564335,200
1405564881,201
1405571479,105
1405616800,75
1405637678,28
1405674053,7
1405712358,134
1405850231,44
1405917790,101
1406138829,29
1406193767,30
1406249610,35
1406375205,26
1406529981,196
1406654117,39
1406706284,310
1406961551,51
