repo_id,stars
749137,3814
1555094,3081
2005484,561
4387547,3308
5698643,4144
5797013,5143
7502247,2587
8426406,4976
8681349,49996
9252533,6353
10353211,6274
11274380,118
11579941,1217
12738012,295
13956112,1426
14734876,14264
15988336,1874
18671453,1219
21484781,31610
23633128,343
24227875,6428
24561828,14519
25311354,2890
25459400,13870
27222050,4228
29217054,23079
29906842,16561
30860673,2310
30907774,23164
34674210,153
34798315,9540
36420109,1704
36840131,2177
37035067,1590
38182966,3645
38216778,9205
38233033,3301
38696925,29491
39904377,2117
41310523,2505
44961854,973
45103027,213
45271904,10074
45512989,34359
46527265,6036
48660863,2808
48904888,5716
49292670,920
49632852,1251
50202460,3966
53133861,21112
55018634,2466
56639410,1408
57377821,2256
57602001,23324
59341837,934
59982630,2950
60145277,867
60166854,1829
60352717,1560
60377070,7110
61393415,537
61793256,982
61924149,1792
62087567,4612
62476384,165
62824998,2909
62843932,1783
63793563,985
64834778,1351
65017574,6159
65558310,2289
66331305,1544
66557478,10829
67437371,643
68125931,14765
69269563,10832
70431106,28866
71849748,631
72225778,601
72329031,424
73964895,14921
74173698,6007
75190475,7383
75587993,1856
75710587,4072
76678740,2169
76768630,2821
77023811,3146
77321225,749
77341954,2579
78200488,5609
78313173,10458
78732688,853
79263545,225
79372336,2121
80240424,4448
82841862,7019
83542054,1806
83878269,15885
84099393,193
84949566,2055
85768267,227
86599573,6779
87067212,9970
88113789,2316
88222263,1754
90733436,3856
90862638,1937
91857770,802
92287968,15433
94956993,1531
95574086,2034
96012614,750
96256108,708
96416890,185
96853855,1994
97794087,819
97817788,115
98441914,1068
98499283,7397
99139417,184
99379143,2038
99412308,9680
99561213,3074
102067496,2190
102102105,769
102538419,839
102692863,21529
103229836,1686
104722806,5110
104854615,7884
105769029,1224
105808063,218
107108009,4280
107111421,74274
107115042,1857
107305157,1805
107878597,202
108945887,4939
109678660,1761
110606051,652
110795721,4524
111699912,890
112103066,6955
112488313,1535
113166974,6718
113577479,1301
114540126,3105
114870155,4041
115673437,1870
115744122,4702
116590428,2743
116697549,3581
116797311,12230
117433667,207
119160553,40239
119741627,474
120720556,2089
121637551,9780
122595764,133
122715432,1673
122816625,1493
123197101,1429
123693096,442
124853261,3528
124882400,1145
125007217,1127
125099497,564
125444399,1775
125862390,2283
128061014,180
129847467,3305
131582572,20790
131881622,14854
131955509,273
132464395,158880
133060053,3566
133444044,2287
134584107,109
136799312,898
137123785,276
137789266,1674
138141023,216
138552196,29419
139945544,877
142422739,10914
142569591,248
142908872,6585
143284193,2708
143328315,39775
145693916,11383
146103950,1825
146435045,4739
146633589,37557
146856200,2902
146863062,5406
147229508,416
148067600,196
148550577,330
150864645,1088
151619717,38832
151904296,1964
152071156,881
156157055,49606
156317154,15260
156401841,10046
156946744,6580
157198623,12831
157908837,177
158025053,686
158673445,4674
158744344,3466
159110178,3142
159797814,952
159916548,3031
160361977,3697
161247988,3395
162021652,8185
163235189,1653
164433070,4398
165041732,25947
165645094,616
166911196,287
167694194,36107
168062479,221
168149502,1769
168269440,6341
169158585,2930
169991845,921
170118596,6166
170777132,7042
171564291,230
172407982,845
172519084,174
173005932,2294
173544440,7736
173827642,1467
175052225,10337
176858880,4667
176982014,18010
177614859,634
178470457,507
178626720,31362
178976529,8865
180307968,1533
180827233,9545
181222410,3405
181436799,16144
182067506,11007
182163054,1915
182865216,2145
185401193,1755
186056630,917
186332888,2328
186698598,1683
186872119,5244
187398354,1158
188356619,2991
189425886,219
189602331,273
191179628,1309
191194671,635
191751197,268
192175095,23295
193332705,1967
193973813,423
196340907,1804
197009243,107
198483875,225
200004447,4073
200471228,860
200722670,18508
201025777,14807
201441751,2446
203558879,241
204388092,6690
204786174,855
206314293,1407
207454227,445
207988739,786
209556497,9211
209709465,3785
210357243,1420
212056242,1878
212747520,4256
213250662,546
216243021,980
216525761,438
217049858,1131
217113590,6341
217775615,728
218177655,395
218952803,13373
219035799,11117
219623588,4837
221121871,4978
221631156,1829
221733013,749
221787282,5175
222209282,772
222780595,4661
222824662,16302
223357324,4282
224261160,376
224908244,10806
225125850,137
225260962,16619
225572038,6230
226046528,2273
226368168,1567
227055040,421
228203350,3358
232627037,583
232876381,3781
232901618,2192
233587412,442
234676361,424
236624100,800
238593012,613
239828934,133
241021214,2520
244620269,14227
245127811,719
245949080,1024
247865662,1608
248977013,1226
249995750,43432
250036571,3871
251041078,5311
251233119,213
251396732,10461
253079431,1272
253849484,6511
255823049,2589
257327148,641
257520135,360
257648141,2830
260420185,4066
261098554,862
261372860,13850
262296122,90233
262424540,3115
264675954,17401
265127379,449
265850286,976
267420351,1415
267857463,5316
269773439,159
270670394,1964
271090649,4008
271800973,2606
271828142,1729
272785290,1900
272924197,330
273082432,1700
273337347,1358
273630336,347
274610956,1992
275182202,236
276288252,1927
279643881,3690
280784933,498
281475256,1782
281519510,4064
284824224,3222
284864176,4450
285951873,2903
285973698,2059
286408558,2146
286876809,554
288142727,781
288187811,950
288411806,289
288482469,10778
289205582,1556
289605524,7722
290091948,67505
290373506,10699
290686772,397
291070953,582
291438522,46512
291703561,7993
291787503,11755
292617111,408
292648103,344
292896321,660
293572361,409
293631918,825
295608796,1511
297302063,4581
297535227,722
297672263,7856
300789100,1182
300996055,25523
302827809,9452
303541321,2088
303705119,3815
303953548,140
304530333,1991
305492699,1113
305572443,205
306242293,618
306977633,31265
306980630,5948
307213173,31695
307315411,567
309504885,3573
310368642,545
312042527,1685
312152973,3403
314748658,803
315977578,7942
316328024,783
318515767,169
320299900,9352
320598037,1381
321181247,143
321994701,620
322270485,1030
322855089,10871
323048702,73470
323651234,7464
326174741,36998
326479996,1846
327113050,5625
328236233,430
330325505,4314
330768122,2574
332181872,1344
333421996,5147
333624050,677
333867421,162
334567245,9742
334760721,1215
334848347,9363
336132980,372
337924729,730
338717688,861
340339997,11545
341473983,2107
342728683,9483
343203057,2131
343429224,1343
344069267,490
344190478,69078
345180734,1845
346124279,3044
346676718,758
350375089,4435
350871478,913
351720449,1604
353670076,2969
353968278,772
354138793,6452
354751914,956
356881804,2373
357328206,813
357891182,2011
358208946,381
358276714,155
359839626,8665
361511031,2991
361735570,2302
367549861,834
370275343,646
370342171,1229
370728359,1799
371631642,403
373308826,4767
373674258,8499
377631316,212
377866577,264
379581563,3112
380191749,17434
381317767,164
381952060,1661
382835373,661
383121608,283
384562101,227
385275507,3839
387786881,3498
388636965,2883
391273014,381
391777965,625
393571599,36904
393874035,14722
394089041,3094
395688425,4240
398941751,378
400215964,40072
400918657,358
401484223,9536
403559729,8024
404924772,930
405929837,2740
406341006,476
406408083,875
407722319,12373
409653223,4013
411987045,504
415956481,380
416312227,214
417875186,764
418399149,1098
420628968,1871
422148948,4124
422274596,41445
423101191,1200
423991420,1758
425484875,1497
427347642,1011
429104828,3655
429736266,10368
432730711,3026
432768606,547
433054511,2272
434324346,981
436617251,183
438416676,2526
438419937,11186
438514144,11401
439033158,4606
439528372,1100
440603375,620
440752086,16705
442706416,732
443220240,5180
443497884,854
444251617,370
445768278,5225
446713689,970
448167075,2984
448343090,2784
448398954,878
449649393,18471
449649595,2509
450291588,2645
451309277,357
452821660,673
457995289,780
458086533,872
458411579,582
458461908,417
458588993,8328
458648791,46039
459466436,2511
460761639,1943
460867737,462
463439055,543
464704193,3013
468576060,76206
469136195,1326
469377939,1157
469622127,297
470779379,791
470832353,160
471249443,3296
472525693,646
473736446,381
474150870,1559
475150006,372
476918521,1955
477657302,370
477846408,823
477999739,1119
478484453,2187
478823173,11303
479199191,3047
479916584,1082
480303698,2235
480318757,517
481427289,1283
483260394,413
483678677,144
483710165,350
484017724,326
486656484,1268
487309566,2831
488091508,116
488641606,42347
489105078,1197
492526669,6429
493209224,107
495587598,8429
496192011,622
496233655,2392
496844646,518
497184741,474
497356715,925
497512032,13041
497780232,1133
498011141,34608
498575448,1500
498766488,10370
499173659,490
499272646,1115
500427876,631
501192860,1014
502863191,13549
503178978,421
506404806,536
507861208,3719
507972385,3488
509133407,568
509153572,3822
510360767,705
511003180,1204
511492785,2094
511745849,6014
513534410,981
514644612,312
515647260,37027
516505460,1880
516962930,2514
519577891,49916
520969009,37548
521688260,136
522133400,17892
522165515,794
522180634,1857
522895309,1630
524092789,432
525327651,337
525592995,28298
525605934,367
526514610,1473
526725525,335
527359569,2435
527796682,743
527889855,900
528076983,450
528328355,1270
528350188,3505
528763774,742
528771628,371
529560594,7307
529954479,763
530072220,365
530323399,3504
531653392,2134
531788813,3889
532465933,6250
533127272,13598
533199740,7734
533451541,4710
533601913,434
533752345,358
533934365,371
534330590,8206
534779800,1338
534817329,2624
535063290,688
535379921,397
535492585,369
535691024,3365
536013043,1935
536244334,497
536314590,1578
536492655,890
536614303,370
537093072,489
537940881,3212
538144430,783
538180525,15413
538375570,1891
538408555,495
539045602,418
539389184,7908
539888500,17894
540357453,920
540685210,933
541147441,1954
541269386,53937
541322916,5833
541841924,346
542185751,7544
542713154,1638
542763041,1224
542772373,398
543063415,1016
543189172,1989
543297533,789
543955160,4680
544039155,1067
544618040,566
545130358,615
545595027,1576
545918043,2051
546206616,29384
546466467,2553
546476703,8861
547227418,388
547725599,11788
547919119,661
548093252,803
548735230,1965
549133772,1400
549830413,7255
550981146,1252
551376520,61736
551689337,2857
552580878,967
552660722,838
554771302,12684
555532742,500
555659262,544
556522959,1643
556553471,1486
557271203,526
557880310,594
558278400,503
558368772,1357
558653606,482
559759491,807
560299175,21827
560704231,52320
560859378,920
561175504,700
561434347,1855
561902498,536
562595985,645
562754304,2364
563259458,502
564597496,1069
565372076,2423
565563619,4191
565658766,997
565772050,747
566323731,14758
568194185,364
568517086,2671
568776116,443
569265598,2517
569559542,261
569687650,1252
569860278,1266
569988037,374
570015943,767
570020780,4218
570384908,21726
570530787,597
570663084,360
570696986,3900
571055479,4456
571148432,284
571722519,318
572071014,1013
572087603,344
572570113,16414
572620767,1775
573203577,380
573224813,523
573661753,24733
573759422,6433
573822937,3714
573891417,1214
573963587,756
573982889,3882
574046356,2733
574095904,458
574097989,8202
574116196,13046
574156195,3469
574160606,3466
574210381,274
574278577,5536
574347022,919
574411233,2766
574428530,4185
574578825,8213
574612724,3873
574727842,731
574861362,1247
575042276,3450
575051095,6028
575253452,3579
575267939,3741
575295397,3788
575340621,54572
575628616,7557
575997792,1977
576005588,3786
576204079,690
576254831,3871
576380523,7861
576696753,3996
576799754,453
576869790,2003
576921601,3183
577116112,62726
577603990,37394
577753426,4475
577953547,453
578245357,1240
578272278,559
578460780,320
578685027,7958
579082810,78642
579494713,2025
579947672,2946
580147701,129
580525453,401
580537336,7301
580595594,401
580600129,2697
581656211,785
581913613,7346
582319835,523
582432706,5468
582729142,499
583315360,1274
583616027,536
584167315,380
584639396,9172
584843932,918
584935389,598
586171281,1469
586624356,13234
586903198,280
587031627,1151
587275399,915
587573950,331
587586087,42086
588477692,9497
588533284,779
588732058,2418
588898844,3824
588992876,2579
589013057,2294
589831718,135037
590681558,4646
591667477,932
591782276,3474
591961298,6146
592287689,738
593550728,631
593927328,2218
593961226,724
594096901,3295
594215219,1015
594609262,7451
594679568,1902
594869373,1069
595130474,729
595257557,768
595530574,1311
596205066,323
597240369,461
597490428,685
597583114,9249
597644883,3839
597763355,975
598099426,4194
598375636,2065
598539671,5638
598705038,327
598872262,2117
599293758,7773
599320067,155261
599338659,3088
599524116,33791
599570867,676
599687030,4217
599781179,4409
599811829,461
599950865,814
599976443,3120
600068422,3440
600223950,561
600229707,2062
600362783,3413
600368121,25580
600450326,4467
600534454,1169
600544354,21297
601100396,4427
601161044,16323
601205363,1687
601622432,705
601734711,636
601904916,2205
602005115,12490
602366280,6921
602455110,1130
602465880,646
602478874,3100
602771615,2470
603067222,822
603085008,10965
603215482,960
603535454,9695
603593003,5598
603668088,5654
604651852,3091
604899926,4136
605221864,943
605662936,304
605673387,29748
605998734,344
606329910,2709
606520610,3194
606669199,908
606790323,3651
606803328,6224
606949210,274
606991065,261
607013954,15601
607121301,2525
607202370,4995
607289185,28607
607301922,470
607355225,1189
607375979,353
607503931,118
607667587,522
607840368,809
607845880,2429
607858988,9547
608130371,323
608136755,164
608246343,649
608422802,346
608490374,7924
608896930,10470
609002853,3808
609054077,4275
609090479,3894
609099433,663
609255505,467
609333954,8381
609416865,24987
609427511,3206
609445326,6417
609721722,17198
609727033,780
609790481,960
610038902,3539
610043832,3724
610071879,821
610197072,5303
610217037,7544
610260322,41863
610265797,2348
610487003,1563
610713721,342
611161753,2247
611284377,4412
611291701,1350
611368361,806
611618121,21286
611723171,918
611817888,392
611913815,3282
612275000,1941
612350395,6198
612494680,122
612555408,1949
612562157,831
612603924,358
612750561,4326
613075789,12891
613456719,612
613731840,12220
613984283,12476
614050971,1270
614258120,10758
614325365,18938
614470292,2590
614719201,10171
614764248,33894
614765452,187568
614780968,2122
614826827,2126
614854112,866
614950419,1163
614965975,4031
615133427,550
615208684,1659
615313264,381
615403340,15885
615439742,3343
615510678,17776
615532857,3065
615536358,452
615557134,1441
615684995,575
615695876,4790
615702252,1412
615709657,511
615891862,1196
615910198,531
616027609,1402
616034965,430
616179530,1322
616187681,2590
616263789,319
616372661,71386
616466279,920
616830183,3036
616983144,255
616989909,390
617044480,1090
617048769,2674
617152691,8202
617179274,16448
617206966,911
617325145,3284
617363723,446
617418536,1217
617431627,354
617443880,443
617444598,502
617462489,412
617502359,5796
617529988,2213
617577744,476
617708951,2330
617798408,21248
617864263,670
618116667,1899
618229896,950
618291036,1398
618299849,1335
618345160,2788
618503555,1342
618509061,381
618511002,10805
618644310,1602
619047425,358
619059435,2635
619143361,3112
619234173,3030
619312022,4260
619814004,2965
619825247,8487
619959033,77380
620059973,778
620076077,1729
620165658,494
620174542,7435
620225616,477
620275636,3337
620333997,822
620362812,2750
620428566,1063
620458878,14898
620552483,2171
620557779,584
620843043,1235
620943152,917
621226745,447
621562296,812
621575252,7759
621634256,846
621808642,29580
622134485,306
622147274,1705
622163915,473
622202906,3440
622352364,12555
622462950,384
622510230,6484
622569125,3263
622599959,2670
622633514,394
622709062,170
622788147,2903
623119055,1724
623276552,1024
623337398,700
623414622,1591
623453211,445
623499246,1156
623604666,852
623618719,1178
623656022,690
623679404,1055
623737874,330
624156003,685
624214839,2772
624236959,4332
624268705,2260
624294388,333
624421862,931
624432016,2276
624870895,9135
624889833,1182
624906825,133
625187946,16504
625308923,2390
625486047,8232
625502953,302
625659174,814
625673154,1129
625793423,3416
625802141,3311
625802507,1240
625961301,3498
626117554,1132
626161045,552
626166292,526
626239608,775
626509716,4955
626597211,350
626723712,1700
626885698,1000
626937684,1697
627132009,1254
627274798,1111
627480054,20047
627534556,479
627561173,19193
627637290,436
627644217,802
627646824,577
627727693,12504
627744002,2904
627915388,663
627962120,938
628087446,1449
628154495,1819
628172054,1684
628230315,2188
628250345,3001
628296906,12256
628479063,400
628749964,147
628853983,833
628959446,5789
629049442,3266
629102662,25040
629142696,5182
629177820,3216
629292062,2465
629411216,192
629494390,7202
629520282,1257
629538245,1219
629651008,1999
629789089,4149
629922458,3354
630208579,911
630292680,3789
630487790,1139
630488256,589
630646591,2040
630755965,4914
630987119,357
631003534,180
631079307,328
631081758,9049
631084700,350
631136535,892
631147793,1218
631169911,4698
631254164,37022
631258918,23806
631285104,6128
631454728,10212
631484230,2661
631493578,284
631522874,4156
631567741,43219
631651537,347
631673804,592
631693079,324
631705933,1637
631755045,425
631822812,6319
631829946,956
631986005,369
631999917,139
632043405,410
632265457,275
632269609,796
632303131,1743
632387128,1274
632394512,392
632538509,1362
632871496,1511
632871628,4784
632902959,3256
633037655,472
633091774,1968
633141345,997
633262635,32255
633738492,1044
633933122,24758
634043200,29890
634081686,23194
634082741,262
634151665,2127
634443338,655
634505738,172
634511992,634
634590129,414
634938527,961
635059080,1823
635129194,3301
635240594,57541
635258975,6420
635392069,494
635785526,310
635992742,844
636344889,4294
636372163,13686
636473464,527
636529302,510
636535720,6484
636693030,17761
636787031,12884
636922549,5143
636986058,4712
637096157,12554
637126931,3141
637237273,3496
637253688,790
637313883,1103
637692988,780
637924634,15851
638018738,835
638054601,4950
638158791,873
638240319,622
638609341,3800
638629097,49202
638722390,1297
638869686,566
638900030,2394
638951438,22248
638977082,320
639001213,4073
639079153,1625
639095114,3536
639096757,6754
639225857,2059
639286908,766
639548771,1471
639673870,2318
639687152,1670
639772835,4947
639835356,29632
639997734,3534
640182997,17694
640476297,384
640495759,450
640683234,1888
640747712,657
640784478,415
640819432,6004
641205268,14940
641213599,1567
641364608,365
641490799,947
641729782,1546
641932376,465
642099326,6071
642323624,35749
642332004,1153
642368010,1508
642416556,643
642578676,514
642608852,13044
642640119,392
642642539,18040
642696395,550
642826885,492
642880013,292
642906925,2224
642917329,20971
643035818,464
643050363,1813
643193835,1089
643298670,294
643405499,4588
643435168,2211
643705885,1557
643722626,381
643749430,3349
643838075,2907
643885884,2628
643916827,22771
643952838,612
643959798,862
643978507,245
644075561,820
644235905,25111
644259800,2458
644335995,1000
644343479,1097
644351982,1086
644461337,26962
644497089,2958
644686905,36029
644799767,967
644827453,553
644862510,3144
644945770,565
645171789,126
645270986,2018
645376002,349
645397533,5490
645423151,197
645471238,7224
645841220,435
646129383,598
646220234,340
646464288,762
646489141,733
646532460,936
646537482,2927
647071735,269
647090216,345
647100790,307
647651782,2346
647752905,765
647951887,997
648133004,954
648145432,773
648450331,585
648461026,889
648474263,2014
648505057,5841
648629873,13367
648704297,287
648800562,739
648854280,1077
648967412,2604
649025519,688
649035177,814
649047066,725
649170660,66485
649224670,6451
649402606,634
649494372,776
649647885,6493
650246838,878
650365761,412
650657605,482
650838385,352
650839020,2614
650918061,2986
651145357,707
651479977,1050
651487266,9694
651673736,484
651715861,232
651739863,1230
651856155,235
651961311,1322
652065806,561
652419549,110
652420569,2234
652484969,766
652523482,828
652604373,1908
652712035,34965
652780999,389
652941996,8837
653196037,530
653386433,6358
653589102,13943
653595084,5649
653893086,829
654037367,461
654115596,650
654122609,8099
654124617,7474
654824689,358
654834995,668
655021836,907
655099582,83146
655155250,2424
655253031,311
655459367,30175
655806940,120588
655948482,8687
655949187,2832
656030508,1974
656099147,66008
656181752,1318
656242004,1310
656376920,1546
656385153,3648
656648289,323
657057869,1179
657103388,291
657153187,515
657442586,612
657895120,15511
657992824,544
658169646,266
658277588,4795
658356545,477
658453192,3055
658523581,708
658928958,181752
658954791,1623
659030774,722
659158359,1181
659163102,286
659211539,435
659267694,1176
659402878,9485
659412092,7977
659786592,427
660299583,1241
660360373,394
660428571,758
660452634,1062
660489378,11242
660551251,70618
660860817,646
660891114,386
661149290,677
661178361,1611
661481146,331
661792195,438
661847690,318
661917017,393
662443651,1292
662567193,279
662717361,1515
662766482,13153
662871293,324
662878020,7277
663095187,1455
663157481,263
663247362,2505
663396489,2380
663801546,1257
663830644,171
663918038,1645
664102018,1015
664177247,1368
664262546,363
664420782,603
664427248,3844
664529368,1087
664752008,2924
664767555,859
664913876,5204
665164787,1424
665299585,1595
665360778,604
665471631,870
665653661,1201
665986900,560
666140407,746
666163354,2235
666197652,2089
666260877,3217
666461223,610
666826154,1272
667024117,912
667148214,759
667259013,364
667297720,18556
667532295,9317
667751028,326
667828615,3004
668052031,7116
668122773,14758
668132464,2826
668195240,58894
668481985,1365
668513898,1934
668812621,1706
668990200,620
669331976,6506
669402660,554
669420857,4300
669611694,1380
669671669,815
669704171,738
669839756,514
670089677,388
670177036,293
670526867,935
670696350,703
671044141,123
671076272,3031
671115276,171
671367604,1960
671542615,661
671737761,694
671759870,3751
671872978,631
672224983,8805
672405848,330
672415139,10046
672418156,222
672490782,365
672673877,996
672678720,2384
672730040,1309
672790711,456
672839549,427
672847735,1711
673277480,2320
673277958,7094
673534316,3823
673596675,12196
673704029,1244
674075444,21861
674149041,208
674448056,287
674782109,704
674804053,224
674827652,371
674841239,348
674921134,138
675151062,2310
675166027,446
675501126,332
675790276,305
675892095,1053
675911200,1373
676012640,398
676028871,4861
676057693,1244
676089005,1347
676793232,2439
676855783,586
677284959,1538
677655818,336
677815836,262
678182421,3502
678526156,22906
678589928,229
678765416,499
679091311,1860
679237742,33661
679402823,1175
679506386,44658
679564879,1056
679673096,402
679869950,30034
680043217,802
680120071,61172
680173591,2843
680797687,2280
680860351,948
680918523,1160
681002458,7374
681075491,6725
681211986,3651
681240572,390
681455046,951
681482900,1326
681516317,4550
681566005,18667
681603891,666
681809062,1064
681989160,272
682080300,13084
682556990,222
683009618,5681
683039317,852
683066449,802
683509343,271
683573931,5512
683650472,1736
684049556,674
684718744,915
684881338,6937
684881857,3637
684883012,1763
685444668,4082
685523400,340
685709378,597
685779821,288
685897222,193
686076152,1088
686161611,10639
686476221,1211
686709515,285
687036710,766
687065217,313
687127955,320
687211074,339
687246031,292
687372462,460
687449432,1044
687727674,1360
688164459,28469
688186076,2824
689172454,1325
689214770,2893
689299900,4875
689406476,956
689541424,2771
689765175,863
689777286,7345
690349659,524
690609896,8221
690860892,905
691194929,467
691303110,4373
691347156,22876
691978242,689
692175642,1134
692676232,283
693038546,884
693072929,825
693638247,674
694239644,226
694279648,406
694510132,1317
694670164,2686
695229234,967
695699688,1077
696086319,132
696243788,2269
696503950,959
696601819,446
697007681,2076
697356168,168
697550206,1293
697933414,742
698210830,616
698288684,14831
698470143,289
698654711,362
698678789,480
698998233,1018
699159727,869
699343375,1295
699396462,734
699581828,223
699727627,414
700724064,2383
700762093,308
701109860,328
701256444,284
701312880,736
701419101,1890
701494311,9310
701547123,153218
701604805,1115
701627142,1175
701867516,516
701872893,365
702050953,1257
702370097,821
702674692,742
702880644,2441
703132587,669
703276306,151
703411624,24893
703433265,1170
703596504,540
704036520,1054
704054996,831
704106022,552
704543233,5062
704959035,4822
705126352,830
705247308,649
705358800,1404
705433049,3156
705695450,3400
705901752,2097
705950346,2698
706023626,1304
706400384,358
706636808,244
706794274,1946
706800296,859
707018563,383
707020503,503
707237272,4195
707248455,818
707356799,1617
707441527,14361
707501489,1079
707504998,897
707552952,866
707818217,3834
707871811,536
707913607,1267
708532926,324
708552127,578
708693209,3028
709504524,271
709603902,13062
709620206,395
710038813,1162
710127591,305
710443541,1362
710475189,508
710539769,599
710601088,59049
710781843,483
711291697,141
711319439,914
711391701,1381
711550638,14044
711650878,2038
711864970,528
711904523,171
711904962,3925
712179847,382
712629129,3313
712897010,10778
713152194,839
713419018,527
713609629,318
713967573,7834
714008096,498
714035943,357
714143245,10298
714226745,1520
714374011,1911
714387282,737
714395490,404
714808642,287
714853510,772
714865034,509
714893421,795
714940169,3155
715248012,171
715348647,542
715427466,13583
715523093,2042
715592775,770
715806751,983
715884951,15159
716273663,777
716439063,309
716476891,1982
716579519,518
716583109,3406
716786755,428
716799237,1767
716937075,2094
717009085,330
717026159,1200
717138746,2118
717197250,48917
717216771,492
717287228,6600
717917803,1512
717956516,1200
718107269,944
718323423,947
718379614,22410
718407978,1148
718748920,3952
718853934,396
718875034,220
719367888,32327
719455172,6551
719761455,397
719790983,406
720449800,592
720659604,284
720915219,1200
720959702,315
721250099,2382
721643027,1735
721995615,10163
722184017,12312
722523710,256
722811903,1364
722844356,13923
722954739,1260
723015178,2696
723094714,3208
723226486,2347
723307046,2484
723485772,1188
723665493,678
723728776,425
723758860,1459
723933053,1330
724028394,657
724066757,1818
724118604,1795
724415659,159
724478159,1494
724564445,1048
725157537,863
725334471,241
725463194,365
725476324,808
725658398,409
726013572,969
726390185,930
726478743,413
726518175,878
726570398,3021
726692169,2005
727268148,1006
727460041,779
727470807,3061
727502310,586
727519007,312
727699569,1114
728395410,1885
728528910,3473
728758093,467
728820625,2542
729271800,576
729453988,10557
729716514,624
730276071,509
730334347,557
730389199,353
730414546,790
730439488,271
730534580,91323
730728120,3942
730753909,4540
731037923,495
731293077,6004
731397562,1827
731449710,456
731462543,4896
731842419,9806
732366705,601
732401352,723
732543215,396
732849776,1280
732909726,993
733057080,1350
733454789,297
733497470,370
733578284,783
733661878,3947
733802106,5792
733899994,6890
734171107,974
734312577,5670
734626369,1247
734710598,802
735087691,713
735283134,1058
735425203,5191
735469449,1858
735982439,952
736191625,1354
736198723,1855
736272311,15887
736349347,558
736419116,519
736491949,2501
736530793,1064
737050647,659
737607643,363
738046322,2264
738095453,548
738519395,344
738733003,44075
738771232,475
738776129,1625
739486956,1321
739667828,5360
740043450,544
740111119,474
740293013,7611
740316987,9845
740338525,5403
740789348,2080
741100585,3316
741165735,152
741450201,5111
741543947,606
741791071,1238
741989385,5266
742015163,1222
742146179,467
742244656,32389
742326880,1067
742902859,660
742949598,392
743007730,592
743107776,783
743533748,2237
743720963,811
743746918,647
743770309,7733
743780291,4188
743789945,161
743825398,5725
744164276,4398
744855992,391
745311984,1411
745546184,8941
745732093,2698
745749489,3967
746122997,137
746295630,760
746380110,504
746430561,1844
746667927,1442
746708555,363
746783381,457
746833579,817
747578582,1800
747648993,1245
748030359,1001
748528018,6381
748674684,9252
748833709,490
749135518,292
750069596,2561
750262306,785
750274600,396
750371625,4265
750409062,804
750678695,18266
750896555,1349
751008707,14002
751413469,1327
751474418,1598
751863240,2056
751927947,337
752576871,1279
752672224,453
752798324,232
752815135,1255
752840454,1425
752856939,267
752906381,613
752946440,2975
753490180,71715
753525670,311
753664908,862
753742444,828
753750990,29592
753757613,405
753886289,4670
754066467,1601
754173470,1599
755161958,982
755500149,448
755804236,3538
755874962,459
755952077,642
755979015,761
756142546,8006
756475416,2828
756910902,214
757246914,288
757390591,429
757771051,966
757875395,1109
757885472,762
757899614,589
758197374,18291
758253566,702
758619546,181
758975200,3514
759306668,883
759825266,3664
760107045,827
760329856,483
760947966,1008
761068700,1115
761150311,7258
761397238,1692
761580012,844
762204955,1788
762224673,5910
762300924,2484
762303728,15272
762355055,2423
763068976,828
763718151,380
763733771,1048
763774926,7716
763784232,437
763795053,6388
763825934,1760
763842651,8089
763923484,3812
763946969,396
763992110,638
764049913,1294
764161180,804
764328003,143
764418725,7050
764684731,641
764867656,731
765001096,120
765133369,869
765212809,361
765636168,447
766789360,2093
767257109,327
767492699,1359
767522148,832
767612356,196
767985271,7840
768036550,5019
768315119,350
768612800,4428
769026721,297
769134044,1062
769264114,660
769564277,7698
769818490,458
769852109,1744
769873873,602
769954254,693
770001062,3193
770153867,126003
770633006,2415
770650946,229
770946179,767
771302083,89196
771670025,17795
771808616,3581
771812200,166
771847852,1045
772047488,807
772179341,1148
772231767,348
772626462,1913
772632148,5137
772900420,518
773015046,686
773093836,1131
773321993,427
773345074,908
773544702,22566
773950709,2476
774011471,2024
774180708,385
775149161,742
775300536,351
775790548,1527
776632801,892
776854298,31507
776908852,25398
777111718,25776
777273508,1177
777392297,613
777597786,2624
777812139,3325
777941000,836
778281287,695
778431525,36105
778560533,290
778768633,497
778819999,2250
779285435,2167
779309317,1505
779312276,882
779499743,362
779843396,1232
779928034,1746
780047246,413
780161909,382
780323643,273
780522250,8733
780584116,229
780685045,2549
780737106,20410
781254183,327
781261349,14757
781367266,890
781412750,490
781420440,1625
781548686,716
781634560,1352
781762105,281
781844208,622
781914762,6579
782308046,3777
782539945,9145
782544882,1578
782597014,1484
782938634,270
782946208,5078
783303222,1337
783512367,39025
783558843,831
783743154,282
783744120,516
783839655,542
784021364,445
784181462,36912
784183059,5349
784528890,1792
784546140,12046
784586462,1196
784700179,242
784769209,558
784797264,736
784800776,991
784852356,145
784906798,2650
785004114,1469
785300720,1000
785617449,375
785719030,236
785751279,1380
786008946,1087
786281570,987
786509147,946
786642156,4580
788470926,432
788751269,382
788768107,8982
789008605,417
789379581,291
789457378,308
789480255,6938
789601531,774
790018635,275
790136258,116
790316547,1274
790704526,2366
791124680,8566
791678512,883
791687835,117
791733442,818
791911417,575
792039881,3543
792072603,2696
792550179,254
792608353,664
792840938,590
793152808,813
793375104,139815
793379298,5287
793416920,307
793454852,4441
793526430,518
793795224,6454
795106410,726
795256319,247
795577184,388
795601045,1458
795784338,612
795905076,595
797193117,553
797371964,9391
797507464,111
797526075,108
797531982,447
797821110,1694
798163156,837
798470196,666
798503976,208
798892173,846
799032556,1641
799067071,727
799084863,358
799574583,1321
800050396,1745
801447013,293
801547807,1076
801763739,8744
801764728,272
802174871,431
802342616,548
802434683,5651
802821703,10705
803024793,2106
803449223,153
803643412,1600
803733455,5349
804026091,959
804027896,1104
804458911,594
804533296,340
804542745,525
804768546,1808
804867341,4332
805155266,52164
805900550,549
806007891,4214
806192576,7955
806216118,1498
806294968,269
806444030,851
806770482,1276
806804556,3185
806854629,34055
806921131,524
807305060,11909
807477229,167
807512074,7412
807526338,120
807727161,2068
808019331,1358
808072504,722
808091003,768
808123482,1836
808180334,895
808279683,125
808982778,254
809060646,1347
809380023,796
809671338,1967
809673506,6258
809764991,352
809877633,787
809920524,1062
810121174,3886
810363572,212
810375738,666
810861466,8734
810940471,634
810975601,185
811330067,335
811374381,1096
811638645,2173
811675345,13097
811918547,715
812111293,297
812535124,200
812975380,19269
813220336,2235
813368909,3745
813390194,330
814018882,878
814403270,2036
814502811,1522
815071490,144
815554514,291
815634288,11183
815654365,339
815778607,330
815946742,2309
816158613,1261
816163847,2011
817354652,11142
817558041,322
817595660,1396
817999901,139
818118661,4607
818331198,20189
818371268,492
819274200,1539
819291550,2665
819613072,1471
819746780,664
820105241,1115
820144741,2817
820723371,1126
820789280,3615
820898375,1649
821257066,1935
821372392,29291
821845183,273
822329559,2115
822439302,365
822604462,42295
823175328,1852
823198721,272
823533826,815
823596198,2084
823731928,627
823919159,622
824091324,1263
824541776,7213
825079672,970
825151681,297
825279449,2123
826111692,4106
826168160,67976
826170402,19503
826643276,1481
826847986,579
827005317,6377
827224160,299
828487049,404
828505099,4671
828725594,565
828733319,607
829521860,445
829762850,1155
829991333,272
830468922,2212
830613483,674
830859294,2517
831914256,5853
832180352,1269
832452447,15017
832482665,1807
833512367,3989
833803262,227
834050728,1126
834231760,595
834369920,62618
834418003,480
834688418,6935
834978333,387
835317697,903
835704674,2535
835975784,16267
836079752,1048
836554261,353
836899473,392
837411728,516
838093526,4502
838126055,399
838163451,144
838216432,7381
838412119,1021
838528318,1640
838542536,11610
838659679,12842
838970603,6633
839037098,28342
839428333,13327
839638772,833
839750798,1084
840056306,31173
840162905,1978
840665645,958
840672252,2393
841242731,1817
841263635,393
841370602,5736
841397199,2100
841472636,11208
841537832,223
842172831,1592
842982339,419
843003613,868
843119525,1211
843570824,8398
843734873,432
843946121,3265
845116230,901
845839905,1253
846166884,527
846504063,249
846579774,3414
846650421,1404
846698999,54664
847717439,16164
847942139,714
848182195,437
848430472,567
848716186,171
849121458,3523
849473290,556
850195226,1835
850267588,30219
850515061,6427
850683423,5217
851036791,1668
851138183,1424
851256132,688
851311691,812
851405219,2919
851492630,1802
851508130,326
851957432,1112
851973702,2266
852211693,726
853516073,493
853853180,396
853922938,778
854337508,10933
855162700,3147
855588588,8689
856013564,332
856917013,318
857301513,521
857378779,297
857596299,6908
858952634,263
859231373,892
859332112,692
859510816,2374
859537060,5681
859956307,4900
860141324,561
860826290,107
861432372,346
861556786,2820
861746639,2715
861758511,1839
861937484,1982
861987013,272
862342240,523
862421352,1578
862449441,16566
862570523,9308
862578138,13460
862584018,24405
862802466,1360
863050120,4627
863276973,2481
863454901,1071
863884238,542
863930645,1507
864107095,670
864683346,419
864768613,307
864976834,559
865062553,1282
865578152,3612
865656561,6569
865674064,754
865687718,188
866356299,601
866513204,39868
866517667,2003
866534224,125
866629172,683
867149056,131
867337374,10961
867365585,270
867433720,5755
868173144,20236
868456222,565
868466289,3212
868528979,195
868765642,1716
869057963,252
869529046,363
869964172,312
870039374,2147
870189331,12379
870402765,452
870957129,886
871211266,2930
871368615,9145
871483501,533
871725446,478
871835352,111
872005985,8212
872021590,2457
872550457,1539
872632465,981
872748942,606
873102254,576
873330843,829
873387226,309
873548300,1748
873919267,361
873985503,487
874559208,17765
875190427,222
875857865,390
875989196,542
876000634,2659
876064934,38034
876079530,804
876363500,255
876463366,314
876545970,1876
877230294,11043
877487641,155
877649153,4502
877757116,886
878272507,1063
878401217,551
878605324,528
878634542,696
879091764,620
879473096,1734
879657839,537
879677288,434
879753997,252
879874959,2870
879985123,499
881014682,207
881100462,956
881171866,16104
881201918,1906
881448795,2297
881458615,116354
881991789,587
882026761,7694
882106204,421
882354535,2011
882486617,1049
882880878,410
883037083,1439
884123664,3955
884452470,1216
884907449,351
885743839,2025
886299924,1592
886448921,1657
886682265,299
886929922,160
886966165,3714
887684103,5195
888092115,187101
888350460,1855
888450044,880
888615536,2126
888977326,861
889371307,4169
889684712,1523
889730722,865
889798967,1713
889850064,912
890043011,4449
890358626,322
891123403,392
891705470,10985
891872929,658
891941403,728
892076269,1066
892173192,4141
892415825,253
892729604,1018
893031915,6094
893198731,216
893612026,666
893720264,301
894138030,181
894215592,279
894382523,174
894727712,123
894876686,2571
894945634,1380
894988451,1835
895079444,676
895124092,292
895224323,813
895253710,7948
895291604,5053
895453957,12572
895508656,75710
895801050,5777
895930732,1588
895942941,15636
896146306,3175
896252863,346
896296825,27905
896335270,95539
896417211,919
896594784,929
896905855,240
896927006,5950
897068154,827
897268988,9849
897308110,1539
897375907,627
897595329,4042
897809208,5941
897865415,1575
898003154,650
898004429,1027
898106797,347
898128804,1394
898304583,13166
898345892,9759
898654014,283
898806615,150
899184149,3413
899268921,151
899309258,2107
899407931,7515
899491463,908
899663167,1301
899983311,891
900152988,2002
900207021,2225
900260982,295
900493069,929
900564894,840
900577388,6513
900708662,185
900908903,2557
901328207,197
901554449,1797
901585471,2219
901596497,214
901680517,1600
901720337,221
901797250,6097
901925992,571
901950528,5426
902201960,5815
902419239,640
902495626,457
903410228,1116
903548628,2353
903606632,235
903643338,314
903700733,17155
903960898,1570
903999320,1865
904010974,917
904031977,478
904060563,590
904190702,241
904249963,714
904277704,660
904534974,7713
904639064,1679
905016458,8559
905450127,2997
905471442,990
905850659,166
906122697,1181
906245192,425
906251482,38084
906326388,1543
906380555,356
906848878,3162
906909760,337
907148362,306
907706400,1239
908040880,2500
908054915,132
908705399,196
908734690,2766
908799323,3270
909177153,236
909213664,108692
909215044,471
909466352,887
909717778,1265
910125376,3095
910133553,209
910265773,1599
910277051,297
910336786,1505
910422636,9222
910426589,646
910918245,325
910986056,16593
911150848,257
911185631,468
911256711,8555
911303109,18810
911680526,1248
911831076,5060
912452889,345
912499477,2645
912645774,3187
912731730,1092
912869501,1680
913547673,259
913574546,1452
913593764,1246
913907685,1986
914316754,19989
914406146,1547
914475684,201
914593860,953
914625205,1735
915015718,463
915233417,6589
915291641,2019
915358848,2475
915425472,874
915470479,426
915520679,11150
915822493,379
915838812,385
916009087,17970
916292078,273
916386111,3294
916693314,166
916695726,3468
917001485,422
917444482,289
917782991,1647
917868934,32894
917903047,2533
917985457,694
918092521,269
918778709,3920
918932603,39113
918998436,162
919458554,1224
919609219,3712
919835586,14971
919872256,457
920159501,3861
920179950,352
920576726,2686
920835737,410
920995232,10322
921048775,1515
921101366,202
921374864,1334
921418273,685
921448845,1827
921652649,590
922050275,3535
922278962,2806
922596686,5362
922709376,711
922830617,187
923103714,449
924394244,5659
924706399,6159
924738875,4590
925147332,4276
925298844,6560
925457982,1101
925508103,954
925634755,2932
926222936,201
926252103,10826
926285456,755
926297959,1452
926334425,3384
926861272,19728
927890076,7284
928054659,284
928147986,126
928176450,538
928246219,319
928318862,9803
928416110,1233
928766981,484
928857407,2830
928976443,485
929050264,970
929121414,23560
929152510,402
929153651,431
929158279,3654
929338255,4107
929591639,195
929918364,266
930007673,331
930132430,2220
930217913,7327
930733499,530
930886482,710
931205747,244
931352845,35789
931365873,4199
931442415,2536
931552739,1103
931705070,2287
931884122,580
931892749,15915
932076703,2563
932348189,291
932644823,5528
932741577,799
932756293,805
932892820,211
932931149,258
933044155,2583
933144612,831
933201974,173
933350408,3479
933392619,1490
933588046,479
933700399,921
933701586,15911
933894892,1505
934119223,252
934139122,504
934147482,1636
934358660,377
934527631,3014
934753959,3955
934853350,258
934999287,3182
935223529,992
935450522,5927
935534753,1568
935604638,27331
935753640,438
935895786,291
936036852,521
936075340,309
936151330,906
936369652,1339
936371491,500
936395722,1759
936588488,829
936639285,737
936974548,4691
936986786,5171
936993021,1766
937033828,298
937056810,2116
937106681,464
937347387,253
937527501,1600
937952934,5793
938111182,337
938268326,303
938322627,3704
938379776,2095
938582880,482
938652536,194
938859604,6055
939035618,131
939207877,5049
939242211,216
939371152,591
939648665,5838
939657163,470
939712575,316
939870671,533
939937385,429
940099147,1406
940989522,380
941145803,3571
941160149,3928
941562247,2106
941652610,187
941866087,331
941931006,139
941971657,405
942114501,20148
942206898,8161
942624437,1844
942756187,14950
942771284,33212
942837343,28090
943214141,190
943266643,603
943686184,1572
943950290,7888
944414751,29385
944922104,345
944976593,12009
944988714,604
945034056,1507
945121885,350
945309383,208
945411078,10877
945551361,6428
945592798,293
945605057,8535
945763259,2096
946010740,6721
946025961,455
946087422,27423
946153980,3899
946174307,4547
946178371,10774
946228075,468
946270469,150
946278572,4142
946334325,243
946380199,29704
946676136,1295
946702247,7851
946763772,221
946767878,7144
946845941,3450
947349598,2209
947516890,608
948072295,5281
948129804,442
948148972,1910
948240671,1739
948264786,3022
948430889,1895
948567826,362
948663423,9260
948725367,633
948839453,8156
948860546,1434
949542298,542
949564493,344
949646929,9807
950019212,415
950061990,1762
950361043,1033
950412509,344
950839330,792
950891299,5047
950937118,171
951125019,791
951163887,947
951254050,213
951416232,517
951429064,3102
951543275,3913
951636984,465
951746200,3012
952238700,9731
952294753,2860
952688112,37581
952939763,2146
952977008,503
952999410,754
953089294,5167
953142807,1199
953215797,389
953274130,1709
953321814,3088
953478769,2339
953521037,36048
953587943,960
953683578,29814
953944252,3030
953945624,2860
954045557,566
954295376,352
954321799,650
954528300,1237
954762768,484
954873280,25938
954963562,12342
955112969,184
955577327,725
955620917,62437
956283541,7129
956421280,503
956585124,1371
956657893,7057
956679248,1419
956842312,8427
956908445,4773
957053334,6314
957410714,180
957412694,4384
957479413,1955
957658915,26394
957756643,3459
957812975,1456
957825149,2473
957859485,9834
957960956,279
958189434,2318
958531089,35860
958603506,252
958733763,359
958830671,10385
958852531,643
958956842,1630
959346743,522
959473422,12680
959543974,7687
960225366,865
960292911,248
960665821,17313
960724144,800
961238844,581
961883456,581
962024783,3091
962106649,2675
962125208,2831
962134278,3388
962294285,331
962587799,795
963665823,4470
964314175,1642
964477695,6068
964818213,1279
964996396,4031
965030779,2148
965174143,1541
965232391,658
965313467,9478
965615190,53471
965632655,8154
965872694,617
965974441,5812
965998145,3359
966022561,586
966372868,632
966653795,2234
966916741,658
967062640,3352
967155121,576
967201453,326
967543976,205
967670863,654
967738751,9872
968197216,107164
968317835,2148
969005843,236
969010919,19399
969235474,576
969263461,828
969373000,1542
969725165,330
969892666,6850
969920935,1041
970023948,3791
970107711,824
970267776,847
970578570,2692
970691159,399
970875123,991
971300888,5151
971399370,970
971922154,165
971992642,4657
972553373,4384
972862480,630
972930250,849
972957983,1288
973051124,2589
973180254,6821
973223133,4906
973292935,2513
973621150,3606
974157595,5889
974445592,13806
974865573,2102
975012144,391
975045036,2117
975318071,18074
976255395,456
976286833,2311
977737334,367
978236277,8826
978331188,10089
978384239,546
979235459,1229
979345481,1526
979392131,16050
980086077,2494
980428225,2159
980526715,1042
980584668,1979
980669489,215
980793684,237
980996011,478
981177285,10774
981223380,752
981829214,302
982172059,285
982517950,7283
982711664,613
982835425,1003
983113668,5178
983757718,1859
983763510,5041
983846239,928
984011683,2910
984119889,1281
984133376,10291
984189260,869
984376616,420
984413599,3115
984625191,3955
985839104,13752
986553289,513
986861312,2936
987252260,1204
987312029,813
987541636,1674
987670088,28310
987682107,3075
987975584,10767
988337333,18336
988488798,5204
988535212,283
988545824,876
988856738,557
988892963,1125
989406293,242
989917360,1211
990310636,677
990811530,240
990919575,314
990985890,583
991030974,962
991037838,351
991047680,1567
991092853,1984
991528882,1782
991626874,830
992021228,256
992114392,894
992325192,566
992778031,514
992907328,394
993236973,1588
993376725,1639
993392548,496
993521808,3859
993635199,381
993864981,898
994061888,346
994252890,6665
995129837,889
995371708,337
995796077,861
995920026,1439
996124831,1791
996329491,6854
996546959,1135
996626040,11395
997085842,3122
997120524,867
997220114,271
997390194,5601
997410148,521
997438135,528
997490512,6986
997890921,23000
998409746,547
998445877,1376
998658053,1910
998704750,327
998903307,1851
999030842,15628
999743169,584
1000362065,39410
1000784797,833
1000933836,707
1001200358,1336
1001452682,12115
1001531356,575
1001889935,3184
1002055021,907
1002069540,2641
1002125012,28193
1002608585,343
1003353701,551
1003434490,1400
1003614809,3148
1003799351,518
1003987503,616
1004147641,18475
1004491404,612
1004631442,8725
1004647857,8582
1004789600,607
1004995740,22406
1005233473,4966
1005959915,298
1006104934,6122
1006340566,412
1006993051,893
1007665741,914
1007681088,5528
1007724038,652
1007845219,867
1008177062,4759
1008373485,13812
1008713177,28138
1008775535,660
1008961851,897
1009038213,388
1009729416,463
1009904154,397
1010094371,2204
1010285990,495
1010311478,251
1010318950,7983
1010478967,2283
1010681419,77626
1010767195,2974
1011137032,1520
1011263959,299
1011716417,652
1012087571,53235
1012470975,157
1012676456,3311
1013335166,326
1013404946,3403
1013480284,31878
1015215237,203
1015232837,444
1015241891,1917
1015280784,2354
1015753941,2646
1015815983,8938
1015852565,854
1015965886,594
1016271077,813
1016323751,38881
1016423859,12641
1016903129,890
1017049444,2869
1017500658,166
1017966556,436
1018098280,2088
1018547681,3849
1018830110,1674
1019203263,158
1019360350,3481
1019432584,12650
1019609805,2204
1019975951,262
1020672081,14508
1020779503,1908
1020834440,3695
1020843346,625
1020997213,154
1021219064,3687
1021295105,511
1021369428,205
1021621499,3448
1021895365,23914
1021907170,1655
1022508659,763
1022925092,1026
1022937426,8817
1022984892,4423
1023243010,1225
1024010771,568
1024095504,307
1024554267,249090
1025121037,4775
1025300166,5847
1025906681,3545
1025924157,2776
1026361581,197
1026589873,344
1027015746,875
1027092197,230
1027207153,826
1027384981,29777
1027472552,1479
1027657650,458
1027735852,1688
1028070615,14428
1028159967,13022
1028492186,15424
1029036679,25335
1029049168,2492
1029161494,509
1029237831,368
1029289585,2007
1029765858,1818
1031066646,236
1031215137,15992
1031572511,338
1031666266,167
1031702103,679
1031738741,3166
1031743438,105
1031953656,1581
1032382011,1009
1032429296,3115
1032459340,70417
1032498247,892
1033268244,6015
1033504128,113
1033533442,1913
1033618518,259
1033873680,8426
1034122619,1871
1034425196,13030
1034455311,203
1034736943,4641
1035165731,2180
1035890763,3550
1035903914,606
1035925398,291
1036205124,8141
1036441713,4037
1036471813,250
1036704760,1581
1036865607,5185
1037029275,191
1037741738,5373
1037868089,727
1037882481,1679
1037962296,5210
1038251341,4881
1038267026,503
1038357256,305
1038413113,1254
1038434342,767
1038507702,1550
1038887977,187
1039282306,3180
1039587768,7999
1040280323,2771
1040397982,8383
1041176052,4054
1041444133,1785
1041920680,4618
1042367133,138958
1042526843,2498
1042774256,2495
1043448231,1870
1044010907,6742
1044765979,3369
1045330979,1181
1045721921,9641
1046807713,4047
1046864201,2263
1047320420,4000
1047604775,2868
1047714514,1376
1048132347,469
1048158960,1263
1048282719,2243
1048320382,11024
1048418394,3355
1048564437,282
1048601047,5179
1048652045,179
1049183334,656
1049248085,193
1049886433,2398
1049887781,794
1049911276,383
1050245177,674
1050485604,410
1051229663,3091
1051432019,560
1052016638,733
1052050442,80878
1052094299,1195
1052259802,3158
1052387869,550
1052473204,1216
1052828228,4892
1052845083,19137
1053114486,629
1053118194,51109
1053297461,3778
1053496366,1899
1053544737,531
1053598893,5310
1054147333,220
1054677274,3110
1054790989,10631
1054793726,52618
1055778057,813
1056221118,1369
1056452116,836
1056618941,4855
1057381764,816
1057758059,821
1057848324,777
1057909657,645
1058148535,1212
1058223453,541
1058825816,2036
1058850200,3262
1059326899,2434
1059472549,3906
1061041576,32374
1061327311,11764
1061365581,528
1061953414,178487
1062171191,522
1062210926,1012
1062297179,5792
1062458369,29213
1063265931,4560
1064264196,1090
1064636662,2777
1065047674,1714
1065059442,48393
1065066515,2046
1065587626,101
1065865385,2511
1066243512,2067
1066509034,3009
1067194496,526
1067611583,147
1068755384,376
1069234314,687
1069446208,3355
1069465928,3137
1069943001,20206
1072539730,12327
1072816188,2481
1073224795,291831
1073579907,684
1074023461,2445
1074175180,402
1074561042,27437
1075241121,257
1075250658,1563
1075381375,18596
1076111130,1876
1076312498,1008
1076538757,123
1076969585,2580
1077560986,468
1077591800,190
1077662591,2285
1077701245,893
1077819522,24318
1077839783,293
1077850011,15182
1077926723,1259
1077989117,2795
1078227922,678
1078434900,513
1078528927,8419
1078598180,2365
1078850969,2401
1079302078,629
1079469057,3149
1079547517,1031
1079619168,6322
1079906817,3576
1079966361,3387
1080070047,11629
1080226559,363
1080442728,3063
1080536031,1844
1080688707,832
1080728121,1450
1080989149,1979
1081336463,2750
1081397957,25427
1081415439,307
1081623471,2167
1081770999,2434
1081783144,492
1082137380,4809
1082722503,3426
1082927074,3567
1082960574,3424
1083188349,5332
1083363028,2602
1083676347,107
1083790746,454
1083953029,551
1084058975,2390
1084400107,1632
1084853233,34875
1085062248,135
1085086903,13209
1085130367,1171
1085636225,411
1085876386,6196
1086124473,648
1086419061,30573
1086756757,1780
1086808440,207
1086887314,3045
1087021837,722
1087106485,405
1087304134,1758
1087772670,5390
1087915800,535
1087953935,683
1088165333,455
1088558237,13049
1088705108,10103
1088816938,756
1088947514,1213
1089324287,822
1089959414,5030
1090165309,399
1091441963,730
1091563845,2507
1092047360,41671
1092116209,6653
1092279475,7043
1092555455,178
1092747695,240
1093180734,1147
1093458723,340
1093529841,10321
1093903598,679
1094040884,133
1094122545,1571
1094171135,1089
1095936393,1982
1095948794,3922
1095991387,521
1096085345,1727
1096175506,1156
1096608396,4027
1096955196,1380
1097695258,21932
1097835077,1553
1097885806,323
1098549899,629
1098665524,2640
1098866858,620
1099328966,12770
1100358796,779
1100363827,4133
1100776768,37033
1101059247,1145
1101183880,810
1101198567,2416
1101234405,2870
1101358021,875
1101573776,161
1101874129,9721
1102197464,3359
1102438776,1366
1102464845,196
1102475895,305
1103012935,390547
1103039640,562
1103066894,1448
1103108740,3724
1103502237,1134
1103772881,5583
1104232109,766
1104301428,455
1104332987,74796
1104370536,7435
1105067009,637
1105657641,10146
1105906942,6082
1105911868,217
1106046293,2276
1106290890,961
1106398326,1339
1106440682,630
1106444494,356
1106612431,2825
1106615912,2292
1106663535,15663
1107721554,1241
1107847846,414
1107929306,1201
1108061543,399
1108188054,262
1108246201,268
1108658403,245
1108682714,6636
1108837393,69437
1109163478,986
1110248948,1699
1110443421,16004
1110629675,486
1110724055,479
1110731552,563
1110782890,15500
1110932933,3849
1111221079,947
1111537966,3833
1111937658,2348
1112015061,742
1112154391,386
1112189620,26309
1112733896,914
1112757335,506
1112843446,2366
1113140733,3122
1113326957,809
1113327297,2127
1113373470,713
1113403973,10976
1113476505,627
1113573066,56452
1113922795,2911
1114838453,4635
1115322337,1720
1115438773,3117
1115602775,2397
1115745775,668
1116604175,3222
1116658452,845
1117298172,785
1117388084,1732
1117497732,1895
1117639997,25702
1117827886,305
1117851921,737
1117894769,1921
1117896698,512
1117927632,2422
1117942206,3748
1118058753,570
1118085970,15516
1118204739,1061
1118273977,851
1118472080,791
1118483478,1144
1118556483,371
1118583356,709
1118601518,42846
1118620356,972
1118981983,708
1119072163,265
1119305249,1110
1119492821,2608
1119523584,5603
1119580695,3986
1119883856,1653
1120106077,1505
1120507300,2097
1120540348,5131
1120583995,1124
1120886225,1885
1120991338,1023
1120992116,542
1121405464,3943
1121898861,1329
1121999804,1982
1122242121,5128
1122681704,1979
1122873619,1560
1123331936,1079
1123338559,5829
1123956658,8960
1124031902,1599
1124219907,40319
1124236568,389
1124477911,2242
1124631986,1081
1124754056,2598
1124759447,492
1124936542,789
1124990304,900
1125228311,395
1125683897,498
1125856365,33355
1126064944,1415
1126473386,28174
1126557956,817
1126841840,5121
1127011907,643
1127191351,3290
1127234517,9530
1127276854,1584
1127402712,452
1127638187,1060
1127650407,5725
1127761357,4539
1127793756,5914
1127844060,556
1127855842,270
1128204614,20137
1128579105,422
1128708803,273
1128833454,1891
1129412343,719
1129437678,3255
1129568168,1665
1129583447,4016
1129597773,371
1129716674,2398
1129786550,19479
1129836481,338
1130004860,6055
1130040122,1002
1130269053,354
1130325611,1353
1130445785,841
1130564872,87402
1130809465,39362
1130952330,699
1131085323,1885
1131194012,288
1131286249,332
1131381274,278
1131513930,65670
1131637627,1295
1131734767,861
1131980797,557
1132063646,2837
1132431999,11071
1132664039,2541
1132750706,16665
1133207146,26163
1133210524,4354
1133611462,204
1133660268,2172
1133872562,565
1133901637,6104
1134247238,419
1134445014,548
1134447175,7254
1134743153,791
1134819911,4099
1134882229,1009
1135067489,311
1135148452,1011
1135169266,2381
1135179558,9066
1135193663,592
1135212071,51556
1135260262,2976
1135473927,745
1135492298,18383
1135501937,2656
1135791677,14252
1135871706,677
1135891523,3055
1135975613,283
1136152017,1825
1136197489,217
1136590548,267710
1136616428,1778
1136666433,52077
1136752401,1785
1136782037,2844
1136945646,230
1137222083,789
1137445686,560
1137485434,2503
1137515077,6832
1137515714,541
1137711311,41032
1137729039,170
1137850293,1549
1138349022,1058
1138376193,1539
1138835447,1859
1139111484,347
1139329853,604
1139643103,1122
1139782619,14289
1139883371,400
1139971460,81745
1140000232,1835
1140071348,2185
1140152286,454
1140226073,656
1140263746,1378
1140481996,765
1140494293,735
1140774520,846
1140788023,390
1140946310,1613
1141023706,566
1141384261,526
1141468878,176
1141582887,1698
1141592887,1390
1141701871,1123
1141704318,52806
1141706975,1424
1141720197,1574
1141782198,55737
1141838987,3194
1141853351,6153
1142132744,213
1142274728,11224
1142397834,686
1142406715,5022
1142413815,369
1142482827,485
1142833038,158
1142849282,293
1142857237,521
1143019584,814
1143237475,5634
1143261428,9955
1143295695,5387
1143403408,1038
1143408173,1960
1143664622,507
1143707508,1115
1143753790,331
1143767804,29845
1143816215,643
1143938205,229
1143952193,5924
1144007363,1329
1144211118,1119
1144284308,691
1144422934,629
1144694071,3153
1144727401,2555
1144758120,944
1145075367,705
1145158024,2264
1145420469,2873
1145667945,2279
1145741988,1479
1145881485,639
1145914675,1323
1146004684,2265
1146153471,1992
1146425139,3987
1146462485,3038
1146471921,2209
1146550474,4234
1146738089,30846
1147019563,2096
1147094660,48584
1147103080,4269
1147294830,960
1147379948,4104
1147566999,3353
1147646222,216
1147803825,847
1148290190,886
1148314264,495
1148542760,641
1148617298,1719
1148960257,4390
1149110392,535
1149257427,5483
1149469661,595
1149484257,1179
1149919051,2118
1150071903,2645
1150205195,536
1150205470,7083
1150626239,7608
1150696087,558
1150781804,408
1150800542,2409
1150865300,904
1150877418,3362
1150995498,600
1151113612,4212
1151205052,3235
1151221822,566
1151379841,859
1151411061,6484
1151667698,7005
1151867743,474
1151870687,357
1151948575,421
1152014594,17714
1152145571,1772
1152159038,3439
1152162423,221
1152600431,1467
1152720637,1692
1152766213,465
1152784189,624
1152844950,364
1152948526,936
1153027372,203
1153111797,319
1153372704,7237
1153416852,3693
1153483156,455
1153494379,1192
1153634897,296
1153688673,419
1153764295,1134
1153806672,2081
1153822578,521
1153886029,200
1153919891,791
1154009261,5054
1154071796,307
1154123797,2548
1154407752,1806
1154879377,3231
1154974019,360
1155025406,3457
1155063795,375
1155091202,6116
1155099363,1762
1155123554,1224
1155158769,295
1155232855,1370
1155266070,827
1155268703,2044
1155383451,9575
1155576139,12470
1155681893,190
1155766506,1382
1155776799,1300
1155816493,2399
1155965274,25446
1156013210,1974
1156046366,256
1156170875,8914
1156416181,461
1156797572,6272
1156956890,32886
1156960719,14926
1156994049,12393
1157171418,22258
1157299560,179
1157326300,260
1157543432,945
1157643045,190
1157659618,495
1157855507,967
1157909530,327
1157928891,447
1158031396,843
1158444028,711
1158472225,3275
1158588224,37179
1158631460,3496
1158722119,99172
1158782187,181
1158799392,10277
1158953185,2450
1159184254,623
1159261054,1634
1159381774,2251
1159829402,874
1159910897,246
1160158798,377
1160245783,1964
1160289313,862
1160721237,263
1160886023,1384
1161038816,647
1161163182,40117
1161355400,746
1161379409,781
1161394125,1664
1162089095,869
1162099055,90252
1162410458,9469
1162457397,472
1162907198,300
1162971794,2766
1162985117,522
1163081173,647
1163421557,505
1163460571,1038
1163460850,2300
1163524922,259
1163644748,611
1163855415,1290
1164059777,1540
1164459351,1157
1164521143,856
1164625104,652
1164646909,523
1164655740,1422
1164832776,16913
1164859248,1135
1165324947,35268
1165361576,12659
1165489591,608
1165507389,4453
1165663023,1416
1165855406,2956
1166050099,147
1166108740,368
1166119443,3934
1166139870,18206
1166143771,205
1166171472,208
1166321809,1475
1166408297,28872
1166606658,1446
1166706525,1329
1167034425,3443
1167077257,2700
1167209519,7484
1167296906,993
1167300963,49514
1167337904,526
1167413446,3235
1167525683,247
1167626999,367
1167788341,31800
1167791343,2378
1167823778,1502
1168073473,1022
1168184085,327
1168261320,1370
1168294481,718
1168625736,280
1168753718,21157
1168900248,687
1169009889,180
1169078701,333
1169101061,2355
1169144801,2253
1169297054,650
1169560166,4670
1169612059,1055
1170189222,432
1170266927,26600
1170303612,2684
1170321595,569
1170326509,2151
1170548091,4511
1170615905,270
1170634188,647
1170648585,609
1171111467,6345
1171284401,1267
1171290857,557
1171312494,4160
1171376163,2483
1171575871,441
1171605222,267
1171656857,1382
1171755183,195
1171873526,449
1172197625,430
1172251311,473
1172309719,222
1172340808,1558
1172540122,709
1172574522,6689
1172739419,2023
1172782796,554
1172805219,1279
1172886754,756
1173427820,2881
1173503298,641
1173528409,524
1173738644,1145
1173769719,910
1173838343,1066
1173848034,12513
1174224707,4722
1174262723,458
1174423274,270
1174443757,232
1174614095,411
1174625805,394
1174747993,1518
1174957711,375
1175231820,2056
1175263852,1905
1175316550,2769
1175317731,179
1175414428,307
1175742612,213
1175748759,5175
1175870738,3033
1175900220,3516
1176061718,513
1176129893,19699
1176335208,2062
1176469774,2407
1176497351,965
1176557412,793
1176677271,1355
1176808813,1599
1176898834,3492
1177118700,216
1177129875,573
1177402105,53179
1177456367,1220
1177640089,1885
1177919337,751
1178198291,1286
1178437140,1889
1178500367,745
1178505369,403
1178543902,840
1178584802,377
1178834224,905
1178974910,509
1179046874,13674
1179074781,1536
1179124545,4654
1179213731,3286
1179363570,7086
1179413000,10049
1179457582,224
1179478740,281
1179511162,2529
1179539349,3552
1179682343,1750
1179727851,700
1179824727,252
1179959183,6832
1180015183,834
1180226026,1566
1180391077,661
1180445240,548
1180700598,175
1180781840,1237
1180872582,213
1180917769,6436
1181171430,318
1181272477,3346
1181318933,1392
1181409661,292
1181429842,601
1181479848,12021
1181624333,534
1181899027,1783
1181982220,29628
1182000750,2551
1182117531,476
1182212878,31261
1182215277,1199
1182216394,2946
1182306628,758
1182547092,22541
1182588635,283
1182594286,2362
1182712729,2450
1182741097,1556
1183151083,225
1183396155,1531
1183845721,1490
1184025656,596
1184096749,471
1184170771,1369
1184249417,558
1184268220,6239
1184313747,476
1184340999,272
1184626912,9400
1184752645,4522
1184830713,697
1184839874,172
1184866064,2664
1184996128,1508
1185003107,643
1185007574,962
1185016972,986
1185122623,6296
1185233810,971
1185308721,251
1185389803,44017
1185430378,2011
1185438389,468
1185528404,1920
1186036632,901
1186202698,2670
1186233280,1384
1186304875,215
1186389044,308
1186598756,1054
1186664179,1287
1186701238,1257
1186842622,1857
1187150337,2542
1187349447,361
1187386524,134
1187461911,703
1187464970,901
1187490902,480
1187573823,529
1187595770,584
1187630119,18328
1187689258,641
1187718501,195
1187805808,3200
1188009186,1117
1188133194,1556
1188180267,8381
1188362803,2572
1188669909,2270
1188684386,445
1188775349,1902
1188833811,263
1189234446,5745
1189384516,7043
1189432033,1845
1189732822,4744
1190042495,2279
1190390511,1134
1190515659,504
1190778303,4794
1191240966,379
1191398263,579
1191520000,3794
1191671352,1469
1192168837,1788
1192303694,1474
1192391522,805
1192555574,17243
1192646696,2212
1192691221,327
1192710260,310
1192845474,1584
1193082155,9066
1193276701,195
1193374549,3862
1193430229,533
1193465306,509
1193742102,611
1193818575,477
1194056092,2264
1194218201,278
1194293040,549
1194517182,845
1194576770,397
1194842235,402
1195165448,3654
1195208341,4159
1195243030,16092
1195371847,4534
1195557790,1214
1195799446,495
1195828337,25040
1196568696,238
1196617276,18599
1196674898,271
1196898989,865
1196950132,1219
1197002442,4508
1197043989,10311
1197079556,2278
1197172145,3300
1197183235,2538
1197197392,2650
1197226849,3675
1197227242,2710
1197262207,3355
1197265285,1620
1197308263,1085
1197357033,2742
1197387463,958
1197473770,932
1197491237,1118
1197496497,1938
1197569406,14720
1197598190,4274
1197631840,950
1197656055,16
1197674252,1664
1197690052,1335
1197727671,924
1197782606,3046
1197811764,2252
1197990888,33535
1198040849,3142
1198063129,563
1198068829,542
1198155461,1204
1198211652,236
1198306812,34061
1198331424,163
1198370352,2066
1198604352,780
1198625298,239
1198654685,1057
1198829864,1777
1198882870,1206
1198982020,386
1199028956,1307
1199057215,1182
1199548147,579
1199668171,14310
1199720858,593
1199905418,1521
1199916658,747
1200071160,1329
1200192516,238
1200309199,302
1200426344,1521
1200597263,121547
1200800171,1106
1200968971,191
1201167354,435
1201173969,107896
1201212574,144
1201253077,4562
1201432708,1645
1201628267,1347
1201656210,59284
1201754187,203
1201775166,2363
1201897606,447
1201906543,229
1202070696,3263
1202113460,1460
1202274504,439
1202436319,503
1202496880,501
1202549948,3492
1202555904,2429
1202599845,20943
1202634727,1067
1202937420,6143
1203115035,724
1203116301,466
1203417753,2232
1203463294,334
1203468533,14467
1203485136,1068
1203558071,27286
1203657193,615
1203667901,238
1204165003,2237
1204369117,1033
1204383770,224
1204427144,452
1204520409,1293
1204804583,738
1205047801,166
1205137520,6003
1205298114,542
1206357666,3560
1206390571,35634
1206468071,751
1206501749,4452
1206553433,12710
1206566990,2640
1206648335,743
1206910786,194
1207006614,1553
1207091162,11554
1207529559,1392
1207639951,11193
1207687985,2126
1207716231,1385
1207740274,2624
1207908536,378
1207953136,291
1207965399,2500
1208339803,1693
1208451003,834
1208510936,1023
1208616942,1169
1209020591,630
1209350013,666
1209396858,3704
1209640045,533
1209889782,11249
1210070282,311
1210155353,5709
1210223349,416
1210537388,2912
1210965499,17
1210969976,621
1210974853,36
1210993610,17
1210995403,24
1210996597,467
1210998536,25
1210999518,23
1211008223,92
1211009406,15
1211010427,14
1211015701,30
1211016441,357
1211026924,31
1211027023,16
1211029147,22
1211045181,28
1211046673,55
1211047453,82
1211049218,142
1211054287,690
1211062214,24
1211066605,16
1211067257,12
1211081420,14
1211081914,17
1211082205,21
1211083967,69
1211089620,809
1211091483,21
1211091844,47
1211092393,79
1211096376,1980
1211100249,642
1211101745,23
1211103743,14
1211105461,17
1211106808,17
1211119746,37
1211134411,273
1211135748,58
1211139949,72013
1211148265,12
1211152788,104
1211153639,809
1211161312,51
1211164307,22
1211182199,37
1211183026,36
1211183428,37
1211185810,16
1211188079,98
1211192559,39
1211200858,9
1211206127,262
1211207463,25
1211213013,58
1211213210,44
1211216973,19
1211231675,21
1211239245,11
1211240086,17
1211242246,14
1211245293,39
1211245881,44
1211246310,44
1211247455,44
1211247978,44
1211248537,44
1211249123,44
1211253535,44
1211254498,44
1211255002,44
1211255474,44
1211255968,44
1211256418,68
1211256910,44
1211258495,44
1211258530,30
1211259024,44
1211260619,17
1211261120,44
1211263474,44
1211263944,44
1211264394,44
1211264885,45
1211265499,44
1211269161,39
1211269625,39
1211288094,27
1211288569,284
1211291830,43
1211292824,16
1211323948,73
1211326181,125
1211328845,42
1211331887,44
1211332487,20
1211334989,94
1211339624,49
1211340505,12
1211341812,17
1211344034,85
1211346525,39
1211347607,16
1211353708,39
1211357795,461
1211358903,26
1211363745,223
1211363761,24
1211369814,34
1211373664,20
1211373726,14
1211375944,387
1211392915,51
1211396326,105
1211397094,12
1211397985,19
1211406359,17
1211407380,20
1211421149,28
1211424294,124
1211431908,26
1211436356,28
1211437711,28
1211445936,17
1211449139,1062
1211451737,243
1211455718,44
1211472582,24
1211474003,47
1211478189,447
1211483815,40
1211495036,251
1211495678,80
1211496271,12
1211496721,17
1211499945,18
1211504567,15
1211506215,144
1211511366,33
1211514405,52
1211516798,27
1211528757,33
1211532216,82
1211537500,2280
1211544888,11
1211547129,13
1211549389,14
1211555810,143
1211560503,16
1211568421,82
1211576866,41
1211589067,1156
1211595987,18
1211611644,37
1211614110,219
1211615179,169
1211621353,15
1211628140,15
1211628924,58
1211636743,317
1211639042,71
1211640020,69
1211648517,48
1211664428,88
1211668332,25
1211673552,21
1211688259,28
1211689305,96
1211709322,24
1211709401,42
1211713203,39
1211734353,39
1211762072,17
1211769859,12
1211771701,138
1211786253,11
1211796176,198
1211804342,76
1211805157,20
1211816061,20
1211822834,91
1211841798,47
1211844962,10
1211847033,33
1211852158,26
1211879821,27
1211880680,26
1211883488,30
1211907063,13
1211913026,54
1211933183,30
1211933536,20
1211937619,66
1211947721,17
1211954790,23
1211961956,13
1211973138,24
1211974233,16
1211981858,62
1212012880,103
1212016788,54
1212023672,27
1212030186,37
1212038396,73
1212040616,71
1212041285,47
1212044099,118
1212045148,33
1212046166,17
1212051246,29
1212054378,28
1212059169,416
1212059453,25
1212060952,59
1212065926,25
1212068500,3070
1212068825,17
1212071331,117
1212071873,11
1212073733,80
1212073877,15
1212074645,37
1212080845,12
1212082239,17
1212098005,30
1212102867,13
1212103871,40
1212104171,81
1212105001,16
1212106565,28
1212109465,16
1212112489,78
1212122101,772
1212122915,10
1212123893,324
1212126095,38
1212133946,389
1212138326,19
1212142448,31
1212142746,31
1212149375,993
1212150078,12
1212152443,15
1212152679,25
1212155273,29
1212156829,81
1212162173,45
1212162858,19
1212163614,44
1212163658,10599
1212171830,100
1212178686,44
1212180639,332
1212184690,13
1212187194,65
1212191053,16
1212192645,12
1212194710,60
1212199101,42
1212202152,97
1212205041,88
1212213795,11
1212215459,28
1212217978,14
1212221277,53
1212224446,111
1212231935,34
1212237753,69
1212240247,33
1212272650,34
1212291096,23
1212297061,18
1212297707,612
1212299698,24
1212301481,14
1212303172,17
1212305418,10
1212309782,14
1212312612,18
1212313395,38
1212313943,6
1212321035,19
1212321780,14
1212322352,16
1212323523,45
1212324108,291
1212326426,16
1212327060,19
1212328464,21
1212335792,1439
1212337929,55
1212339953,14
1212344894,20
1212352704,211
1212353968,495
1212355347,16
1212358471,50
1212361258,135
1212365405,431
1212370575,18
1212380723,67
1212386132,13
1212389344,82
1212396129,24
1212401107,72
1212404364,37
1212405954,13
1212409812,20
1212411769,24
1212416285,51
1212420523,108
1212424025,49
1212425313,20
1212426242,36
1212435342,15
1212436974,15
1212445952,270
1212446074,233
1212458158,32
1212463614,21
1212471969,216
1212485345,13
1212495958,24
1212503250,16521
1212507810,14
1212517694,14
1212519203,21
1212522158,28
1212526449,28
1212534605,49
1212545513,50
1212545562,19
1212545659,22
1212547305,51
1212552738,178
1212556547,65
1212568395,2568
1212579112,19
1212580972,18
1212584333,14
1212604955,42
1212607944,22
1212608505,41
1212615762,17
1212615823,73
1212626143,13
1212639739,38
1212645406,54
1212655381,240
1212662651,42
1212662699,53
1212674766,22
1212691238,19
1212697436,20
1212698895,22
1212708301,61
1212711737,15
1212716497,46
1212717547,14
1212718768,2870
1212731288,22
1212732933,15
1212741592,15
1212744728,22
1212750508,57
1212751545,15
1212751853,26
1212752329,43
1212756310,16
1212767451,30
1212769188,42451
1212770626,20
1212772844,77
1212776839,13
1212779336,45
1212792234,345
1212802346,36
1212803197,149
1212818660,157
1212822116,225
1212826524,15
1212832891,25
1212833318,779
1212843730,63
1212854568,44
1212863969,17
1212866717,15
1212873879,20
1212877255,43
1212893754,28
1212898723,80
1212901838,45
1212906611,11
1212912437,15
1212915278,17
1212932043,16
1212936003,17
1212946437,45
1212958625,2150
1212958792,164
1212960200,28
1212964560,104
1212986802,21
1212990952,60
1213004527,78
1213018000,976
1213021084,18
1213021942,25
1213031647,6
1213049020,18121
1213053754,58
1213064866,158
1213065419,21
1213067090,18
1213070486,54
1213072190,68
1213072391,17
1213072853,61
1213074351,24
1213075462,21
1213079400,54
1213079565,14
1213081795,30
1213082786,204
1213083204,11
1213089388,35
1213093442,15
1213096099,21
1213097216,33
1213099006,12
1213099715,21
1213102235,47
1213107404,11
1213121380,237
1213122529,25
1213126085,95
1213128008,11
1213128525,14
1213129179,12
1213135165,33
1213138705,48
1213141996,16
1213150985,40
1213158264,20
1213159910,31
1213166415,34
1213174371,28
1213210884,22
1213212865,2182
1213214826,8
1213215164,8
1213215604,21
1213232466,52
1213239020,24
1213244638,104
1213244979,82
1213254756,13
1213265429,172
1213269387,11
1213270275,10
1213271324,960
1213278007,32
1213278465,44
1213279660,37
1213282074,16
1213286530,52
1213286773,32
1213295040,210
1213298526,32
1213313471,92
1213314710,39
1213320306,65
1213322283,17
1213344454,32
1213347757,44
1213350401,13
1213369035,16
1213369150,14
1213369689,29
1213376196,69
1213377775,291
1213388257,11
1213389047,38
1213390704,30
1213393702,14
1213401667,35
1213406268,49
1213410885,18
1213412750,179
1213418162,30
1213422759,14
1213424550,30
1213438872,34
1213439274,15
1213448295,20
1213456169,45
1213456832,100
1213465959,62
1213477480,841
1213483766,140
1213484834,70
1213489460,31
1213492378,21
1213494393,20
1213494845,85
1213499662,12
1213508077,45
1213522308,86
1213526705,351
1213545146,48
1213546910,84
1213548688,14
1213558515,116
1213572410,14
1213578141,24
1213589825,157
1213589861,392
1213596558,28
1213599866,41
1213602620,58
1213605295,21
1213612261,15
1213616615,3928
1213621353,54
1213627697,119
1213635270,128
1213655814,15
1213665985,12
1213667676,17
1213667879,346
1213671679,14
1213679333,19
1213684532,22
1213690685,38
1213705966,18
1213724156,20
1213726114,122
1213732395,1214
1213737277,28
1213738495,28
1213752513,16
1213756841,38
1213757446,239
1213776823,789
1213782040,21
1213783578,22
1213784218,25
1213785946,17
1213789212,41
1213806247,21
1213815713,55
1213816047,901
1213831079,35
1213840696,33
1213841375,14
1213848993,93
1213850825,25
1213854984,108
1213856502,18
1213858087,38
1213869298,18
1213877989,21
1213882945,27
1213883741,40
1213894274,14
1213899530,29
1213903458,58
1213903931,50
1213921570,21
1213924905,30
1213933023,290
1213936160,16
1213946709,32
1213956965,679
1213958077,18
1213963375,317
1213963816,25
1213969021,56
1213975621,719
1213978779,55
1213989169,15
1213991947,45
1213992071,17
1213993401,8
1213995610,79
1213999980,11
1214023498,31
1214027647,21
1214028696,121
1214031601,47
1214039649,13
1214042231,130
1214048612,37
1214054836,27
1214055530,253
1214056183,29
1214061724,104
1214066049,36
1214073962,16
1214075908,94
1214079192,342
1214086123,200
1214088066,17
1214097767,23
1214103856,16
1214106457,21
1214115656,73
1214116564,74
1214123279,48
1214124594,31
1214125715,3885
1214130539,212
1214132525,24
1214137514,17
1214145978,63
1214157669,69
1214166855,641
1214171422,21
1214186671,27
1214187650,33
1214194417,16
1214198641,62
1214205098,262
1214206049,610
1214207265,42
1214209804,16
1214224482,83
1214230350,60
1214232991,21
1214253933,19
1214259427,61
1214267031,22
1214273599,28
1214284796,125
1214286302,15
1214292570,102
1214316980,12
1214325159,48
1214330138,36
1214330684,584
1214340119,27
1214344575,61
1214345024,38
1214349536,3450
1214354379,38
1214357854,34
1214365048,38
1214367522,312
1214368528,280
1214371636,19
1214378079,22
1214378330,14
1214382445,126
1214401834,77
1214402572,161
1214410740,19
1214415239,14
1214417298,19
1214419579,11
1214419813,30
1214421786,35
1214423832,1678
1214430889,17
1214432280,48
1214432636,57
1214444660,89
1214451720,18
1214459508,293
1214464768,463
1214466235,15
1214478877,40
1214479548,17
1214482028,89
1214484185,17
1214488263,101
1214491827,24
1214497982,20
1214499036,42
1214515537,18
1214522988,15
1214534230,20
1214535662,50
1214541835,153
1214543765,45
1214544186,39
1214545008,33
1214548581,18
1214556362,778
1214564144,23
1214564285,487
1214565094,18
1214565945,69
1214568317,16
1214586312,11
1214590697,25
1214598450,89
1214613536,26
1214614273,82
1214617729,86
1214621535,44
1214621915,35
1214625657,114
1214631343,3
1214633006,11
1214639705,37
1214639959,10
1214643314,28
1214651975,23
1214654038,33
1214661652,25
1214662152,17
1214664730,123
1214668357,28
1214671166,326
1214701984,27
1214706991,13
1214708684,11
1214711567,38
1214712269,14
1214720448,16
1214721509,59
1214732478,20
1214733598,23
1214741287,831
1214744766,19
1214746179,15
1214761986,59
1214764451,186
1214770805,103
1214783544,3075
1214785164,7573
1214788016,705
1214792028,36
1214795107,19
1214799336,92
1214805512,1308
1214805939,16
1214807590,552
1214808136,17
1214809647,19
1214812584,13
1214814133,1237
1214823259,41
1214823616,65
1214824471,68
1214825004,21
1214832943,25
1214845304,214
1214847313,17
1214857101,11
1214862520,17
1214873786,27
1214883816,2
1214885213,23
1214885251,12
1214889705,85
1214894588,129
1214895007,19
1214898654,23
1214913459,23
1214914397,694
1214915118,26
1214917315,32
1214921938,50
1214925130,31
1214926344,275
1214932135,12
1214940958,135
1214947572,18
1214951658,1108
1214958134,410
1214959257,30
1214964352,30
1214966051,18
1214971907,27
1214973617,53
1214980737,49
1215002714,23
1215007786,99
1215011706,28
1215015607,158
1215017190,17
1215020386,53
1215020609,28
1215021756,18
1215026946,21
1215027194,426
1215034382,59
1215037002,18
1215037136,66
1215044156,16
1215048066,24
1215054020,181
1215071370,24
1215072592,37
1215075128,14
1215089331,12
1215096061,39
1215096318,60
1215104825,13
1215105191,16
1215107073,124
1215109328,13
1215112375,28
1215112716,233
1215114303,28
1215115240,11
1215122415,11
1215124088,16
1215126598,251
1215133631,22
1215136096,24
1215142181,1107
1215145625,24460
1215153409,6465
1215159144,46
1215163675,14
1215167976,36
1215172008,38
1215180660,48
1215184266,24
1215184274,64
1215188084,15
1215188990,17
1215192081,14
1215194738,77
1215213624,278
1215222097,173
1215232646,18
1215235243,50
1215237193,17
1215240744,36
1215247792,20
1215256431,13
1215268822,22
1215274814,75
1215277996,19
1215280164,1584
1215290046,18
1215297817,73
1215306737,26
1215306761,173
1215317123,24
1215321844,16
1215327975,38
1215338506,25
1215341250,14
1215345965,18
1215353434,404
1215367178,11
1215376308,103
1215388091,108
1215391309,26
1215394372,37
1215398789,44
1215414287,63
1215415060,48
1215417088,79
1215417342,44
1215427805,23
1215431881,27
1215435055,32
1215435141,36
1215435693,117
1215437858,95
1215449317,67
1215453504,20
1215456863,13
1215464508,15
1215469331,25
1215472967,13
1215494831,30
1215501373,1425
1215513042,281
1215525052,30
1215528293,15
1215530108,21
1215535154,41
1215536848,35
1215549140,17
1215565821,58
1215576669,18
1215580107,27
1215581359,18
1215593067,41
1215598138,80
1215602802,301
1215602835,11
1215609207,18
1215609896,55
1215610146,22
1215612244,835
1215617177,24
1215617234,11
1215627862,67
1215630826,100
1215637209,12
1215641367,105
1215642753,301
1215651941,18
1215653880,37
1215659290,39
1215667929,95
1215670433,44
1215678767,902
1215686624,55
1215693176,95
1215695618,23
1215699839,18
1215703747,48
1215708757,249
1215709831,21
1215711897,27
1215724110,17
1215734700,15
1215754581,33
1215761080,61
1215762204,13
1215763925,140
1215772018,61
1215774013,449
1215778039,30
1215778674,25
1215786287,18
1215802577,27
1215804516,24
1215815598,13
1215820754,27
1215821842,77
1215840941,40
1215840958,12
1215841405,62
1215848131,50
1215848597,101
1215848628,49
1215860363,14
1215880700,83
1215895293,304
1215895678,146
1215896820,19
1215901237,74
1215904689,74
1215925081,21
1215929924,49
1215941570,26
1215952260,46
1215959245,39
1215961903,278
1215968361,141
1215974868,3166
1215976690,139
1215978264,13
1215980069,12
1215983140,158
1215989105,21
1215999715,22
1216005890,67
1216017171,54
1216018447,29
1216020101,58
1216022788,28
1216028377,77
1216030087,28
1216032525,199
1216037740,11
1216061380,52
1216069663,22
1216082712,31
1216087888,30
1216089000,23
1216090751,429
1216092644,14
1216098872,12
1216102513,47
1216104234,71
1216108819,88
1216109475,210
1216109985,35
1216116826,2957
1216131824,259
1216133553,274
1216138306,106
1216144935,14
1216152655,125
1216154126,18
1216157979,19
1216171501,17
1216190131,16
1216201070,25
1216201393,31
1216201523,320
1216208824,13
1216242393,28
1216243094,16
1216253015,91
1216260255,12
1216272351,81
1216283993,12
1216319128,52
1216319430,31
1216321571,11
1216324736,22
1216324944,18
1216328923,69
1216332504,24
1216333449,36
1216334681,23
1216335416,171
1216336936,17
1216350024,30
1216350996,41
1216351315,25
1216352422,535
1216360484,167
1216372376,13
1216375790,244
1216382538,33
1216400972,19
1216401140,27
1216403796,14
1216408253,49
1216414579,23
1216417050,12
1216418105,18
1216429765,62
1216443171,48
1216451834,25
1216456135,24
1216462061,103
1216463076,421
1216475812,37
1216482194,111
1216484498,35
1216490718,42
1216494144,27
1216494445,755
1216501093,12
1216510419,12
1216512254,22
1216513155,22
1216513449,15
1216514794,42
1216523472,54
1216526830,11
1216538171,191
1216540769,19
1216545064,13
1216546135,16
1216557401,129
1216561964,18
1216569752,105
1216571209,780
1216575395,32
1216575633,38
1216578144,22
1216579794,13
1216581384,21
1216583510,45
1216585136,49
1216585843,24
1216592214,26
1216592520,23
1216594612,448
1216602261,27
1216602307,19
1216603405,20
1216604251,11
1216606902,73
1216617312,13
1216621664,43
1216626808,17
1216631222,197
1216634387,164
1216636456,14
1216638612,53
1216657015,23
1216659670,31
1216662529,73
1216666459,14
1216668024,16
1216671362,363
1216672009,2593
1216676682,17
1216687226,14
1216702324,31
1216705316,50
1216710530,74
1216716893,16
1216729729,574
1216733352,12
1216734435,42
1216744997,408
1216753351,29
1216754861,105
1216755814,27
1216760293,35
1216761709,26
1216767127,126
1216774150,16
1216774242,18
1216782078,18
1216783017,12
1216788591,25
1216795554,86
1216802857,100
1216802904,690
1216806001,152
1216807315,18
1216809628,115
1216810108,609
1216813186,36
1216817621,37
1216821891,16
1216823006,24
1216824806,16
1216824855,22
1216828696,22
1216839348,751
1216849186,200
1216851265,28
1216854084,45
1216854661,110
1216863195,27
1216889203,199
1216889464,13
1216890989,31
1216894026,48
1216904708,47
1216916975,16
1216920437,20
1216925406,446
1216947831,1114
1216950004,41
1216954187,12626
1216955020,25
1216957019,91
1216961632,80
1216962487,13
1216972280,93
1216978255,176
1216978941,425
1216979884,51
1216980321,26
1216981748,12
1216982911,24
1217002856,71
1217004160,15
1217006906,33
1217013436,36
1217013518,129
1217024571,14
1217027821,13
1217028120,675
1217036554,65
1217036916,40
1217040185,28905
1217043693,71
1217046685,14
1217048091,16
1217050817,12
1217064635,23
1217064814,21
1217066206,135
1217077268,15
1217078336,103
1217079795,479
1217080687,203
1217086292,16
1217097102,76
1217098957,288
1217103809,144
1217105994,32
1217109502,12
1217115101,13
1217117361,11
1217117726,12
1217118687,40
1217122519,17
1217126552,11
1217128906,939
1217129907,20
1217139543,42
1217152169,61
1217154559,61
1217160355,92
1217178567,12
1217180034,50
1217182377,24
1217188876,24
1217190965,22
1217192243,191
1217195695,13
1217201645,21
1217201723,14
1217208761,24
1217209599,133
1217210212,39
1217212029,18
1217212643,30
1217216576,215
1217220793,19
1217222433,65
1217233667,38
1217249705,48
1217252492,11
1217258787,31
1217259193,14
1217259573,511
1217262941,27
1217269188,33
1217269729,20
1217281602,213
1217281692,1175
1217288862,38
1217291538,9244
1217298686,14
1217299529,35
1217301865,62
1217315946,20
1217325629,18
1217333901,31
1217334368,19
1217339390,21
1217344324,40
1217345178,786
1217350447,83
1217368484,55
1217370937,25
1217388134,15
1217393935,15
1217394553,12
1217396442,4363
1217400042,13
1217408512,86
1217409016,29
1217409285,32
1217423929,15
1217440433,16
1217441118,36
1217456927,112
1217481469,99
1217503846,131
1217508335,36
1217509950,72
1217511504,14
1217511531,14
1217515201,11
1217519452,13
1217522067,16385
1217522094,29
1217523249,28
1217531704,33
1217534578,64
1217536224,12
1217539691,20
1217550851,24
1217551679,743
1217559252,13
1217567462,41
1217579854,37
1217582381,18
1217588885,129
1217591699,46
1217595194,32
1217598410,52
1217603668,83
1217605771,26
1217620707,29
1217627355,16
1217630469,633
1217634097,49
1217635695,24
1217654363,275
1217655472,62
1217663853,28
1217671020,1777
1217679253,12
1217681650,32
1217687846,78
1217694973,28
1217696644,12
1217698251,11
1217699935,112
1217700782,79
1217702792,60
1217706948,116
1217707705,23
1217711317,91
1217713553,36
1217713968,150
1217714762,60
1217717180,36
1217738451,12
1217763769,24
1217767853,18
1217772968,56
1217775138,121
1217781789,21
1217796049,17
1217808614,670
1217809336,66
1217822489,28
1217829921,17
1217834505,34
1217837484,30
1217838440,94
1217860122,37
1217863633,59
1217865504,24
1217872789,87
1217879288,16
1217883656,14
1217885409,138
1217896031,11
1217897624,22
1217904354,185
1217907067,38
1217914588,754
1217923504,13
1217941030,83
1217951047,75
1217951987,195
1217952569,186
1217954055,47
1217969544,51
1217975777,27
1217991124,70
1217996319,242
1217998780,13
1218000077,32
1218004139,728
1218016275,14
1218017185,143
1218018309,304
1218019071,21
1218035937,66
1218037205,67
1218040416,32
1218046945,84
1218062604,103
1218062941,28
1218081641,19
1218084144,12
1218087980,24
1218088263,685
1218100867,23
1218103164,23
1218116830,23
1218126087,87
1218126567,14
1218129961,17
1218137657,96
1218146932,110
1218147345,23
1218148432,40
1218155686,2415
1218164293,16
1218177240,17
1218177391,428
1218178534,39
1218182607,22
1218190285,100
1218191675,20
1218193413,19
1218194584,63
1218195359,30
1218197239,59
1218202403,33
1218208502,7117
1218209681,35
1218211276,43
1218216789,12
1218222850,195
1218235340,34
1218242169,56
1218250144,10
1218252276,136
1218263250,24
1218277073,34
1218280573,11
1218283016,33
1218284806,14
1218293878,143
1218304124,66
1218305232,397
1218306945,38
1218311395,19
1218333096,19
1218340463,16
1218354547,20
1218368663,160
1218369506,22
1218369796,14
1218370235,43
1218371280,67
1218371623,18
1218372872,25
1218375081,12
1218375755,20
1218381586,33
1218384914,128
1218390093,55
1218393421,14
1218394454,53
1218415046,23
1218418799,12
1218419817,10
1218436380,13
1218437719,13
1218444058,46
1218446685,84
1218446841,901
1218448244,35
1218453975,98
1218464479,29
1218466593,286
1218476217,11
1218489387,61
1218489659,54
1218493681,854
1218506731,16
1218519728,14
1218533705,39
1218536620,275
1218540605,29
1218541279,12
1218543409,13
1218557130,17
1218560388,19
1218576239,100
1218580895,24
1218594998,16
1218597110,225
1218600746,44
1218611299,22
1218612615,57
1218613627,37
1218623368,177
1218626992,19
1218635949,26
1218640391,76
1218642260,29
1218651210,203
1218655389,28
1218662021,13
1218682596,2258
1218683765,26
1218684227,29
1218688296,649
1218690244,24
1218694102,16
1218704741,37
1218706004,18
1218710522,59
1218711689,285
1218715924,14
1218716774,12
1218725228,51
1218729723,87
1218729846,27
1218733756,22
1218737406,902
1218743746,13
1218749710,32
1218765387,51
1218767374,13
1218770712,71
1218807909,20
1218815399,10
1218816743,45
1218819993,581
1218822896,21
1218823179,1132
1218826355,49
1218835536,11
1218844081,250
1218855969,414
1218867656,11
1218871120,70
1218881505,46
1218885291,13
1218896483,105
1218900228,12
1218906699,18
1218919346,77
1218919522,19
1218928200,11
1218939714,34
1218960190,14
1218968930,17
1218972260,55
1218973317,45
1218975799,461
1218978057,551
1218978163,14
1218981305,96
1218987594,50
1218997190,17
1219009070,2726
1219011837,64
1219014440,55
1219018779,22
1219030980,68
1219031547,168
1219039446,35
1219040524,55
1219042200,26963
1219053872,45
1219060209,153
1219062712,49
1219070729,37
1219075763,42
1219083479,41
1219087723,2078
1219096687,181
1219102141,12
1219103073,15
1219105341,47
1219110005,70
1219111340,14
1219113318,17
1219119800,73
1219121452,24
1219125540,35
1219129212,24
1219133217,66
1219133249,20
1219139049,15
1219141172,52
1219141370,15
1219145354,307
1219151193,821
1219152899,34
1219157502,97
1219158316,62
1219160435,29
1219161733,95
1219162717,33
1219165039,43
1219165613,29
1219171273,27
1219174984,21
1219175109,46
1219184182,143
1219231323,59
1219237875,60
1219243063,99
1219244075,11
1219253193,33
1219254116,53
1219260485,36
1219264163,12
1219268325,12
1219273452,39
1219284263,90
1219286705,31
1219291910,694
1219291943,13
1219295659,88
1219304474,15
1219310759,17
1219314144,47
1219319479,71
1219329571,21
1219334069,113
1219351875,122
1219355698,31
1219370895,141
1219378569,3785
1219380800,218
1219382075,47
1219385288,20
1219389544,20
1219400421,4197
1219410317,12
1219412347,51
1219424400,25
1219424471,103
1219424489,795
1219446293,1991
1219461180,17
1219461862,23
1219463714,103
1219468224,1895
1219472097,45
1219484308,5
1219485919,16
1219488984,78
1219493841,589
1219502106,43
1219502927,41
1219504139,212
1219504831,49
1219509115,87
1219515121,10
1219516950,40
1219521173,52
1219531851,45
1219534231,456
1219536599,83
1219542934,23
1219543409,229
1219547995,127
1219548485,84
1219554320,40
1219558865,227
1219565167,30
1219569035,16
1219572953,209
1219574837,14
1219579626,22
1219583915,11
1219587551,119
1219593472,29
1219594207,32
1219595665,12
1219596464,17
1219597358,15
1219608640,237
1219611080,38
1219616277,151
1219619061,16
1219624930,27
1219627422,13
1219630658,11
1219631371,39
1219634836,253
1219642679,112
1219645555,21
1219650644,65
1219651269,47
1219657136,15
1219690829,428
1219701951,17
1219710688,51
1219711698,27
1219715755,12
1219715787,16
1219715803,151
1219721372,27
1219748199,188
1219755209,44
1219760772,26
1219765831,82
1219770679,28
1219783686,12
1219787573,25
1219806855,13
1219809875,215
1219810783,10
1219813016,37
1219815462,15
1219817956,48
1219828173,113
1219833464,91
1219845641,11
1219852021,156
1219860050,48
1219864617,25
1219866542,243
1219868875,21
1219876482,53
1219882846,35
1219896053,2072
1219898664,19
1219902572,14
1219904470,8
1219917446,121
1219920268,195
1219923941,351
1219934554,15
1219935155,53
1219935284,40
1219950293,44
1219955687,19
1219956685,28
1219960594,259
1219961908,166
1219962340,371
1219965126,198
1219967630,99
1219972145,818
1219975226,415
1219983369,13
1219986280,22
1219989708,133
1219990121,14
1219993725,24
1219995793,32
1219996057,107
1219998363,94
1220000506,5708
1220007647,34
1220010376,20
1220012117,24
1220016354,25
1220037795,43
1220043190,32
1220053648,22
1220054577,16
1220067179,69
1220075313,12
1220075608,50
1220082570,120
1220088588,29
1220090633,18
1220092577,348
1220098492,16
1220125073,28
1220130005,18
1220140390,37
1220144875,1033
1220159504,25
1220169409,61
1220173287,19
1220174856,33
1220179368,11
1220182682,28
1220185073,112
1220194478,65
1220215555,395
1220223727,882
1220225368,120
1220238335,14
1220238467,107
1220242986,11
1220258106,15
1220263034,320
1220273153,13
1220275445,19
1220285708,40
1220285949,32
1220299146,13
1220299921,15
1220300275,21
1220302420,16
1220308601,16
1220316999,99
1220317771,20
1220329626,47
1220332472,15
1220338733,18
1220341616,19
1220348449,14
1220353202,310
1220363221,34
1220363990,19
1220365832,60
1220368375,11
1220374179,26
1220381862,38
1220384784,238
1220389370,24
1220392046,12
1220403506,51
1220404592,30
1220411769,14
1220414137,25
1220418983,768
1220422927,14
1220423005,14
1220424323,29
1220455984,146
1220461696,40
1220469803,52
1220471126,23
1220475543,152
1220491177,39
1220492374,152
1220496752,11
1220498389,240
1220505991,19
1220516737,26
1220529992,38
1220530277,96
1220531892,47
1220532477,17
1220537846,94
1220544718,38
1220548149,26
1220549743,16
1220558446,24
1220567611,17
1220567735,191
1220577936,12
1220600476,316
1220608365,24
1220623008,207
1220627175,17
1220632889,29
1220636828,17
1220638726,14
1220640564,18
1220642173,133
1220642301,24
1220647753,41
1220649868,54
1220651250,9
1220656611,196
1220664071,115
1220679051,765
1220680065,14
1220683883,28
1220690422,468
1220701611,40
1220702116,12
1220703605,87
1220703793,33
1220716870,14
1220717364,110
1220718004,30
1220721979,23
1220728088,53
1220729468,21
1220732691,34
1220732893,18
1220744087,36
1220744720,33536
1220745791,48
1220746027,16
1220749061,15
1220752606,33
1220759940,27
1220763728,43
1220766820,17
1220768711,76
1220773489,15
1220786764,70
1220788224,19
1220789495,17
1220798236,21
1220798417,21
1220799180,17
1220801645,52
1220816008,32
1220823738,18
1220825109,69
1220832274,11
1220834686,234
1220837462,69
1220839770,64
1220849813,133
1220854477,78
1220862873,12
1220874732,17
1220884982,86
1220885689,199
1220886594,39
1220888415,686
1220899692,11668
1220899915,22
1220902080,93
1220902278,56
1220904453,33
1220914655,1444
1220918585,464
1220924648,54
1220925408,49
1220928655,28
1220929839,101
1220935138,16
1220936047,4720
1220937125,1105
1220941467,29
1220944440,25
1220946058,53
1220946370,36
1220946543,22
1220947600,310
1220960618,307
1220971487,18
1220980580,12
1220986068,15
1220992833,16
1220997082,116
1220997378,54
1220998146,28
1221000860,14
1221001476,45
1221002372,13
1221020718,71
1221022475,26
1221024497,14
1221027919,21
1221030613,31
1221034553,234
1221039460,49
1221041276,13
1221048533,228
1221052488,88
1221055970,8
1221060403,16
1221068259,45
1221068793,21
1221068903,244
1221070677,181
1221080309,20
1221082755,20
1221084482,27
1221095263,17
1221106976,61
1221110820,19
1221120906,15
1221120939,607
1221122081,20
1221133188,43
1221135148,45
1221161226,28
1221177199,41
1221180063,506
1221184926,21
1221190110,18
1221195568,38
1221207669,20
1221209689,654
1221210108,68
1221222583,11
1221224535,16
1221224699,60
1221232109,2237
1221235601,13
1221240503,83
1221249352,168
1221249481,585
1221252023,14
1221256937,335
1221261207,24
1221262308,20
1221276979,58
1221282584,21
1221283675,13
1221284398,14
1221285149,11
1221287674,19
1221290320,30
1221292713,44
1221297625,12
1221299116,53
1221305781,34
1221306275,49
1221311014,112
1221324299,16
1221329261,46
1221334231,72
1221334280,14
1221334351,47
1221339736,16
1221349753,12
1221350544,20
1221356410,27
1221358460,25
1221364968,18
1221368271,14
1221369065,75
1221369740,85
1221371853,17
1221378802,123
1221379719,18
1221393754,22
1221394850,26
1221399001,271
1221399354,140
1221402357,54
1221404347,14
1221407662,88
1221409201,11
1221416424,17
1221429772,6201
1221433219,86
1221435237,21
1221439608,16
1221448780,46
1221460575,86
1221461052,29
1221463263,30
1221467011,40
1221467572,16
1221482272,94
1221489330,39
1221489445,39
1221499512,26
1221501629,23
1221509404,7654
1221518324,384
1221518435,30
1221522399,13
1221527554,66
1221531804,16
1221533603,26
1221538357,49
1221543574,46
1221551017,104
1221565029,22
1221574903,34
1221579569,72
1221587346,33
1221587347,14
1221592399,32
1221592798,28
1221598890,13
1221600993,13
1221604075,11
1221616686,20
1221617744,34
1221623636,26
1221625543,12
1221631495,18
1221634436,46
1221641349,1641
1221649738,222
1221651799,49
1221654125,239
1221673609,28
1221688929,38
1221689260,661
1221702550,14
1221704200,48
1221707935,23
1221710397,28
1221716703,20
1221722107,41
1221723497,30
1221723996,28
1221728904,150
1221733094,81
1221737887,14
1221741915,158
1221742654,798
1221746501,16
1221750692,15
1221751439,12
1221772065,13
1221772225,72
1221772308,20
1221775867,6
1221778133,140
1221780643,36
1221781531,524
1221796063,261
1221797579,17
1221798227,41
1221814255,52
1221814673,69
1221814894,212
1221830959,14
1221831329,36
1221835075,60
1221844677,36
1221851069,411
1221856501,24
1221860353,25
1221864089,82
1221867246,146
1221892294,116
1221903920,43
1221906609,18
1221922293,2667
1221932119,16
1221933616,53
1221937090,92
1221942000,26
1221944165,21
1221955143,51
1221961972,19
1221963957,64
1221976173,323
1221979804,33
1221981994,259
1221985908,24
1221995568,17
1221998155,18
1222002934,14
1222008889,51
1222009188,14
1222022455,30
1222042205,843
1222044626,14
1222044811,34
1222047800,25
1222047953,76
1222063724,35
1222064942,33
1222072017,72
1222090116,150
1222092630,38
1222092774,24
1222093674,49
1222102170,306
1222107387,19
1222110047,65
1222110548,2273
1222117874,152
1222120468,2659
1222126520,251
1222128242,71
1222133394,893
1222142792,84
1222147517,16
1222155920,26
1222159197,41
1222160568,50
1222161345,24
1222169973,61
1222173827,599
1222181013,137
1222197263,125
1222213350,6140
1222216275,12
1222221630,51
1222229518,18
1222237818,29
1222250448,23
1222257358,13
1222257602,2928
1222258735,483
1222262982,45
1222269231,14
1222274697,65
1222277117,26
1222281860,12
1222295714,293
1222297562,12
1222298778,13
1222307895,96
1222318103,34
1222333741,13
1222338286,20
1222339926,36
1222343245,189
1222344790,24
1222354812,27
1222356417,53
1222364235,5011
1222368361,75
1222372573,394
1222372873,129
1222373496,22
1222375486,164
1222383700,75
1222387700,67
1222389269,26
1222392614,20
1222395717,30
1222404225,16
1222407355,198
1222409861,11
1222413951,943
1222419504,12
1222427087,83
1222440968,12
1222446155,37
1222449264,24
1222451826,15
1222455527,589
1222460606,12
1222468111,33
1222472761,42
1222473027,21
1222476425,38
1222481250,19
1222484199,13
1222495257,21
1222504648,967
1222512550,13
1222515414,43
1222521101,1696
1222529313,351
1222545886,217
1222566478,34
1222567435,61
1222573128,7
1222579145,39
1222585234,65
1222585735,19
1222587475,1959
1222589733,43
1222591322,13
1222594156,40
1222596522,17
1222604391,14
1222608265,133
1222609123,146
1222613133,17
1222632373,68
1222634257,19
1222634748,69
1222637509,596
1222639711,536
1222647433,35
1222655977,29
1222659956,24
1222660901,63
1222674351,28
1222676896,53
1222678009,15
1222685735,25
1222689155,111
1222692857,37
1222698237,15
1222700467,18
1222716018,26
1222734777,43
1222743186,48
1222744121,16
1222745356,68
1222752154,40
1222753133,14
1222766639,119
1222769612,14
1222785238,38
1222788897,37
1222789989,5245
1222792842,13
1222792879,16
1222799292,189
1222814323,14
1222814416,12
1222824018,44
1222826242,724
1222835772,19
1222837583,56
1222845504,17
1222847856,28
1222852418,17
1222854008,38
1222856929,22
1222869003,131
1222870709,324
1222884903,11
1222890347,53
1222890567,90
1222890689,15
1222890844,23
1222893766,88
1222903331,12
1222907340,66
1222917575,29170
1222917836,80
1222921129,14
1222946560,126
1222953844,13
1222956315,18
1222961423,17
1222970626,29
1222988636,13
1222998674,813
1223006434,198
1223006510,64
1223006526,83
1223009200,60
1223020752,24
1223039216,34
1223051315,53
1223053891,11
1223054977,16
1223059776,47
1223060975,44
1223062473,58
1223067277,10
1223075782,52
1223076991,17
1223081941,21
1223084838,13
1223087359,31
1223091925,46
1223098661,19
1223118338,11
1223125423,117
1223128651,63
1223133721,21
1223135437,35
1223135475,12
1223139391,23
1223139487,84
1223160418,18
1223161782,29
1223162027,104
1223163837,13
1223167370,12
1223169069,61
1223172760,17
1223187010,75
1223189582,15
1223192120,15
1223192596,101
1223194760,86
1223197070,13
1223198048,51
1223198968,41
1223206275,46
1223211246,11
1223215533,173
1223216894,242
1223230665,14
1223234827,10
1223238480,29
1223251391,50
1223253334,16
1223255499,61
1223260156,27
1223273994,51
1223275907,62
1223280581,23
1223282310,31
1223287468,35
1223293586,735
1223296623,63
1223297225,12
1223312639,23
1223318023,27
1223318951,58
1223319768,39
1223325002,33
1223329036,67
1223341630,27
1223342966,34
1223351292,357
1223370395,129
1223373345,116
1223374550,36
1223389180,38
1223392126,19
1223392907,19
1223394733,63
1223396927,11
1223418318,36
1223418686,19
1223420362,120
1223423846,23
1223425211,13
1223425250,1063
1223427443,77
1223428226,2288
1223431386,43
1223432033,21
1223440125,510
1223453358,116
1223457247,29
1223476197,1150
1223477018,45
1223481327,16
1223484108,23
1223488585,23
1223492205,110
1223511885,50
1223512305,2256
1223515225,142
1223524158,45
1223535200,37
1223535314,32
1223537324,223
1223542538,14
1223549594,12
1223569332,18
1223588947,16
1223597497,568
1223599621,41
1223614643,16
1223626282,47
1223631277,46
1223640430,114
1223640606,21
1223641228,32
1223643607,17
1223650754,60
1223664643,20
1223665294,57
1223665356,15
1223671634,53
1223676147,50
1223680545,19
1223691529,36
1223697365,163
1223706171,21
1223713824,376
1223717199,17
1223728036,79
1223736934,43
1223742587,265
1223752589,3037
1223756821,11
1223758935,191
1223759393,19
1223761956,29
1223772529,35
1223779346,37
1223781466,15
1223786009,13
1223790834,54
1223793125,16
1223805771,212
1223807538,50
1223811729,22
1223816634,92
1223817677,757
1223826724,18
1223827002,53
1223827147,51
1223827471,41
1223827641,46
1223827804,48
1223827947,44
1223828210,48
1223828346,50
1223828502,41
1223828637,45
1223828917,48
1223829082,41
1223829235,51
1223829381,51
1223829650,56
1223829652,45
1223829655,47
1223829657,57
1223829799,57
1223829801,56
1223829941,51
1223830082,48
1223830230,51
1223830232,52
1223830233,44
1223830237,47
1223845433,15
1223849551,12
1223853501,12
1223858182,14
1223863863,19
1223869499,72
1223883039,22
1223884751,58
1223886857,11
1223894967,104
1223921326,30
1223925190,19
1223969544,417
1223977600,19
1223980979,14
1223980999,14
1223987407,279
1224021161,11
1224022502,19
1224025688,294
1224033309,906
1224037373,21
1224047453,11
1224062178,68
1224066068,136
1224068505,21
1224077477,92
1224096166,11
1224100238,21
1224110675,311
1224127318,41
1224137561,144
1224137844,91
1224138499,88
1224149089,15
1224157469,34
1224163986,65
1224167985,13
1224169076,15
1224189909,14
1224193010,20
1224193130,27
1224194102,63
1224196440,14
1224200214,64
1224203978,32
1224218617,28
1224227389,44
1224236735,19
1224239089,15
1224243497,27
1224250535,51
1224253491,100
1224258916,19
1224263089,18
1224267893,137
1224269630,23
1224271858,21
1224275784,431
1224277831,18
1224278666,341
1224283053,124
1224287368,22
1224294151,11
1224304627,18
1224309951,71
1224311190,164
1224314007,27
1224314254,30
1224319811,26
1224330181,253
1224343090,24
1224347838,430
1224348278,28
1224353416,21
1224353843,156
1224360317,80
1224368231,509
1224376867,22
1224385314,16
1224387109,35
1224393902,22
1224402483,15
1224408143,49
1224413254,50
1224415020,26
1224431303,204
1224434372,25
1224439365,18
1224446608,15
1224446616,51
1224454782,128
1224455487,100
1224471569,34
1224474408,21
1224476053,19
1224481107,33
1224483176,245
1224483504,81
1224486190,17
1224486824,26
1224489872,12
1224498772,78
1224501168,34
1224508792,219
1224509741,12
1224511035,30
1224526153,73
1224532553,11
1224539373,63
1224543123,60
1224547398,16
1224549174,12
1224558836,53
1224560336,28
1224580914,26
1224584532,16
1224591227,15
1224591740,49
1224598709,17
1224600617,28
1224609919,12
1224610424,13
1224615167,22
1224617188,26
1224620722,23
1224629294,48
1224631526,23
1224645559,275
1224652367,14
1224652560,85
1224653264,18
1224659590,118
1224660488,22
1224661714,61
1224671672,12
1224681639,36
1224683353,48
1224690468,23
1224692542,30
1224701408,222
1224703318,229
1224708689,32
1224712076,15
1224712371,596
1224715013,44
1224716146,18
1224734198,1030
1224735108,12
1224738938,71
1224740357,77
1224743032,41
1224753810,17
1224755442,17
1224755974,20
1224757492,18
1224762245,202
1224772110,22
1224775471,29
1224777018,30
1224777703,13
1224778433,742
1224780087,46
1224786239,48
1224786272,14
1224786947,121
1224798921,102
1224799062,14
1224809280,14
1224810795,14
1224813164,3
1224816641,19
1224822906,207
1224823899,814
1224830290,19
1224844395,16
1224854794,4281
1224866871,239
1224879981,13
1224880453,22
1224881335,114
1224887964,66
1224893022,28
1224908126,18
1224912127,17
1224926075,14
1224928087,88
1224930497,16
1224942256,20
1224949386,21
1224956547,62
1224964077,13
1224966022,31
1224968393,61
1224974361,2826
1224975160,57
1224977058,21
1224978706,12
1224987521,31
1225005463,3532
1225010740,16
1225017253,13
1225019919,268
1225046031,11
1225049374,169
1225051897,75
1225059107,128
1225062134,504
1225071533,15
1225077445,15
1225078277,26
1225102492,29
1225119525,13
1225129803,28
1225134435,83
1225141037,444
1225141328,27
1225150929,95
1225154854,52
1225162543,52
1225167529,24
1225171017,33
1225174600,30
1225178950,6282
1225179060,38
1225179105,1853
1225185913,40
1225186502,444
1225188401,3514
1225196741,50
1225197030,17
1225202603,238
1225210265,49
1225226478,46
1225228592,54
1225234444,103
1225242097,20
1225250312,48
1225263228,26
1225265867,17
1225266305,14
1225272732,30
1225277249,211
1225285890,412
1225296260,19
1225301513,13
1225316611,290
1225333873,16
1225337111,68
1225338289,104
1225344059,216
1225345651,110
1225347547,37
1225357488,49
1225359679,14
1225363703,154
1225364874,27
1225365569,5160
1225375494,31
1225380161,33
1225382028,21
1225391938,14
1225400068,27
1225403584,20
1225420868,39
1225420959,122
1225427533,794
1225427809,42
1225430807,358
1225443129,13
1225443909,25
1225445312,38
1225446523,297
1225448100,23
1225450090,12
1225456147,35
1225457257,79
1225462729,298
1225470108,14
1225473337,21
1225476523,21
1225480734,55
1225492439,532
1225495029,20
1225501987,95
1225506667,42
1225506852,336
1225518061,439
1225519296,32
1225521647,16
1225525367,18
1225529925,27
1225533642,29
1225544568,138
1225550834,60
1225551985,434
1225553633,34
1225556223,19
1225558656,46
1225570552,17
1225572163,92
1225576792,37
1225583202,47
1225586334,47
1225594874,747
1225599451,120
1225602716,26
1225603857,16
1225605262,83
1225605804,58
1225614660,108
1225614895,53
1225619975,155
1225620122,479
1225626176,182
1225626763,30
1225639773,42
1225642446,14
1225651988,19
1225662585,15
1225666510,30
1225676063,118
1225676909,90
1225681482,46
1225683137,47
1225688424,1430
1225692581,30
1225701232,66
1225704208,21
1225711621,168
1225717117,12
1225722703,1460
1225723635,23
1225723660,15
1225753223,8796
1225753650,16
1225764309,12
1225772996,20
1225774688,8032
1225777233,30
1225779504,33
1225779594,264
1225780897,141
1225780993,16
1225799532,22
1225803835,57
1225809732,39
1225810547,43
1225818500,14
1225821344,25
1225834084,1855
1225834491,20
1225840521,1285
1225844031,18
1225850181,41
1225853511,21
1225856988,33
1225857440,94
1225861226,23
1225865375,25
1225876937,44
1225890580,22
1225893563,23
1225900566,61
1225904506,67
1225932464,282
1225933743,18
1225934387,13
1225943680,23
1225968076,17
1225969993,19
1225971591,22
1225983316,31
1225986799,18
1225990269,204
1225994627,24
1226007284,197
1226012688,14
1226012864,13
1226030841,43
1226032210,11
1226033059,21
1226034860,16
1226056647,11
1226060652,59
1226062469,507
1226065142,142
1226068984,1099
1226075327,54
1226079078,19
1226085740,111
1226088627,1480
1226093137,16
1226095529,25
1226100929,17
1226108917,46
1226115080,35
1226117657,26
1226123343,32498
1226128535,43
1226130495,13
1226146401,17
1226150677,21
1226151688,30
1226151883,499
1226161344,10
1226169092,13
1226182842,2586
1226183162,19
1226187070,136
1226187634,141
1226187719,63
1226193564,56
1226199630,53
1226200305,81
1226213530,12
1226227428,42
1226236210,40
1226238042,88
1226244643,11
1226246989,17
1226251409,254
1226252114,103
1226253568,56
1226254918,79
1226256828,304
1226263631,44
1226269138,11
1226278857,546
1226283335,27
1226284422,111
1226284891,13
1226291577,44
1226292938,40
1226293227,35
1226304875,2111
1226314049,23
1226314578,104
1226315076,114
1226316657,30
1226323056,15
1226339117,122
1226344275,15
1226349980,68
1226355570,30
1226371446,17
1226379024,4835
1226383350,136
1226384208,46
1226387322,11
1226390973,18
1226392513,11
1226398315,159
1226402027,77
1226406577,38
1226408403,18
1226415818,127
1226416904,21
1226422330,32
1226423849,19
1226427018,17
1226438114,27
1226444988,115
1226448677,83
1226454952,34
1226455806,56
1226456766,40
1226458391,85
1226477048,13
1226480668,10
1226481856,23
1226489531,24
1226489634,81
1226498208,101
1226501154,36
1226503828,33
1226505078,10
1226505891,17
1226507528,15
1226514391,264
1226518400,65
1226523004,27
1226535806,213
1226538859,37
1226539674,72
1226540982,13
1226541360,14
1226544828,28
1226546604,39
1226547671,13
1226549459,245
1226553585,32
1226556412,330
1226560380,80
1226562178,78
1226571055,175
1226579643,22
1226586920,49
1226594437,15
1226597296,28
1226597750,185
1226607711,98
1226613826,24
1226619487,14
1226622350,14
1226622973,17
1226625878,26
1226626731,366
1226627909,333
1226632537,34
1226632856,40
1226642159,13
1226643987,99
1226646964,16
1226648841,49
1226652468,32
1226654232,84
1226655664,18
1226657498,18
1226658783,62
1226661880,16
1226666101,13
1226674733,12
1226680005,31
1226684518,55
1226685400,14
1226691771,139
1226699436,43
1226707772,23
1226707828,309
1226708151,15
1226709645,11
1226713626,120
1226729515,20
1226734075,11
1226740973,145
1226753901,39
1226755169,40
1226762620,13
1226767159,118
1226772027,27
1226775065,37
1226819062,31
1226821501,27
1226821868,20
1226828149,11
1226850047,16
1226854571,15
1226861761,29
1226863001,14
1226880839,39
1226886541,134
1226889175,62
1226907735,18
1226920373,37
1226922418,71
1226936027,17
1226947837,53
1226957148,44
1226959760,17
1226965804,46
1226967201,15
1226967770,23
1226967819,24
1226971454,267
1226986657,16
1226990646,56
1226990838,33
1227015908,67
1227017537,13
1227019873,212
1227022288,103
1227027199,20
1227039929,13
1227046979,31
1227065728,15
1227067139,217
1227069931,52
1227077394,16
1227085694,70
1227086368,27
1227088125,77
1227096538,30
1227101935,14
1227102698,4162
1227104690,107
1227105346,13
1227110871,51
1227119649,30
1227121063,130
1227125656,169
1227127184,24
1227127969,41
1227128046,20
1227129671,27
1227136764,305
1227152271,16
1227155975,22
1227168652,12
1227170018,43
1227174554,19
1227177719,90
1227179138,93
1227185855,17
1227186335,19
1227194005,140
1227195038,1377
1227205007,17
1227212265,14
1227213432,24
1227213690,13
1227214087,116
1227216141,63
1227220907,12
1227228210,14
1227231165,13
1227232520,23
1227237099,125
1227265762,75
1227276149,42
1227279014,41
1227293556,17
1227304377,14
1227305725,19
1227307732,142
1227308303,14
1227309113,40
1227309157,30
1227309257,100
1227315434,359
1227316546,13
1227317243,12
1227323948,105
1227324720,15
1227329418,70
1227333518,35
1227334684,13
1227339848,457
1227341286,532
1227347243,253
1227354976,15
1227364450,27
1227371987,127
1227377102,176
1227383057,58
1227386646,113
1227390839,592
1227392097,36
1227400359,13
1227406723,24
1227421344,42
1227431177,23
1227432942,638
1227433014,18
1227436157,15
1227440274,39
1227447038,32
1227459967,430
1227465950,12
1227490532,316
1227490571,33
1227497140,287
1227500565,27
1227501308,24
1227502479,33
1227504870,88
1227512772,84
1227519848,11
1227520263,51
1227526743,15
1227527033,106
1227531308,13
1227547559,16
1227569304,25
1227572703,27
1227579597,14
1227581500,11
1227593880,31
1227594572,12
1227601772,36
1227621444,29
1227634482,1711
1227651594,24
1227655562,42
1227658387,104
1227659400,77
1227666088,16
1227674193,19
1227674495,70
1227680608,22
1227689238,1014
1227689345,15
1227689365,1093
1227691444,205
1227691745,34
1227696060,20
1227710607,56
1227710766,40
1227736568,181
1227737079,11
1227738572,236
1227741708,43
1227743772,15
1227745768,27
1227759219,93
1227764627,620
1227764837,12
1227772650,106
1227778716,29
1227780447,69
1227783664,12
1227791598,166
1227791833,13
1227793598,23
1227794635,43
1227796170,27
1227802852,12
1227804086,30
1227819401,23
1227833686,16
1227836678,46
1227837151,17
1227841016,132
1227844943,48
1227854358,13
1227855667,12
1227859687,12
1227887303,17
1227889587,19
1227896191,48
1227896929,13
1227897195,18
1227900401,32
1227908098,25
1227909760,108
1227911136,13
1227920831,12
1227922538,16
1227922565,15
1227926204,16
1227927721,287
1227928962,17
1227930611,64
1227931090,24
1227934615,18
1227937407,14
1227939012,41
1227941987,28
1227948480,13
1227949952,11
1227952190,30
1227957125,170
1227957130,355
1227957195,51
1227961194,26
1227974472,17
1227994782,29
1227995235,153
1227997362,18
1228005292,14
1228007020,28
1228013410,83
1228017441,11
1228018833,12
1228032595,15
1228035032,80
1228046130,303
1228053564,178
1228062603,23
1228062617,54
1228067246,12
1228069348,50
1228074884,43
1228076003,191
1228086016,14
1228086182,103
1228088285,17
1228096639,15
1228101172,74
1228104491,52
1228115620,17
1228117001,227
1228125649,19
1228127918,33
1228130702,492
1228130770,13
1228146580,13
1228165644,45
1228168646,61
1228168995,38
1228170055,19
1228178051,12
1228200995,37
1228219566,16
1228221963,698
1228239224,19
1228240362,11
1228247504,34
1228250753,29
1228254460,17
1228261509,18
1228266778,101
1228267278,17
1228275932,57
1228281642,32
1228288173,26
1228295878,32
1228301704,22
1228306162,2257
1228306713,38
1228307422,35
1228312499,3370
1228312506,81
1228313288,34
1228316859,54
1228322256,18
1228323801,32
1228324681,19
1228342438,330
1228350271,37
1228350521,15
1228353720,35
1228366354,183
1228372477,21
1228379700,278
1228400253,57
1228403229,1676
1228411653,47
1228428489,24
1228439915,25
1228444255,806
1228446689,13
1228449634,140
1228473512,15
1228475028,13
1228476271,27
1228476484,58
1228479706,59
1228491972,116
1228493290,174
1228504283,11
1228512606,138
1228513113,11
1228513556,201
1228515248,118
1228515550,11
1228519832,17
1228523019,110
1228523683,64
1228545519,13
1228552104,14
1228558220,4032
1228568556,16
1228574491,15
1228586120,212
1228588430,19
1228589758,1054
1228602335,17
1228612153,102
1228618772,61
1228622177,62
1228631114,20
1228632952,11
1228635904,24
1228636567,200
1228642604,18
1228648424,25
1228657398,14
1228667346,87
1228668841,11
1228669486,16
1228674073,97
1228680276,60
1228682702,223
1228685110,34
1228687488,673
1228693026,28
1228694959,59
1228695623,88
1228697918,62
1228698955,25
1228699675,24
1228700725,22
1228719920,172
1228724246,65
1228727422,32
1228736718,26
1228738883,21
1228747289,12
1228753050,23
1228757065,24
1228757171,26
1228760265,16
1228764266,19
1228768037,37
1228783107,11
1228810289,29
1228818758,14
1228819544,54
1228828230,13
1228840276,18
1228843980,19
1228844333,110
1228852684,897
1228858762,16
1228859413,36
1228860440,17
1228861830,18
1228862369,11
1228862630,47
1228871992,24
1228876335,25
1228878094,12
1228889804,13
1228895176,294
1228895544,12
1228904236,22
1228908118,12
1228917479,168
1228918500,48
1228920758,23
1228924271,64
1228925375,15
1228931313,325
1228940083,25
1228943778,16
1228957241,24
1228960838,17
1228968888,24
1228969569,47
1228970952,101
1228975741,76
1228980352,22
1229003220,11
1229006538,73
1229017267,622
1229020401,11
1229023725,72
1229031275,17
1229032419,48
1229035202,16
1229035215,15
1229036895,23
1229044921,18
1229048611,12
1229054518,30
1229063586,35
1229079681,102
1229084290,14
1229090312,57
1229105761,13
1229107163,179
1229111282,345
1229124309,15
1229124312,15
1229133593,12
1229158170,10
1229166124,17
1229168545,1244
1229172514,97
1229176335,51
1229190386,27
1229193892,21
1229195377,75
1229196808,128
1229204641,60
1229209839,49
1229210803,21
1229218228,183
1229224485,32
1229224593,19
1229238440,51
1229245515,21
1229259494,16
1229261085,14
1229268651,334
1229278525,44
1229279783,25
1229284884,159
1229292419,45
1229298305,20
1229310351,138
1229320971,81
1229333016,24
1229349063,16
1229349389,26
1229357719,14
1229373251,32
1229378930,21
1229386356,17
1229397886,17
1229408930,27
1229412034,56
1229418777,30
1229423958,34
1229428033,12
1229428402,23
1229438606,901
1229454546,26
1229457276,12
1229457609,32
1229464883,17
1229466378,63
1229467189,48
1229477362,12
1229489956,133
1229492049,81
1229495263,15
1229500299,42
1229515933,33
1229520414,34
1229527457,29
1229528792,13
1229531271,4656
1229545347,13
1229555898,105
1229567447,125
1229570567,14
1229574762,609
1229601083,10
1229604063,81
1229613037,55
1229613796,100
1229617802,42
1229618308,2521
1229628532,92
1229629521,53
1229637015,42
1229641799,45
1229642522,90
1229647480,30
1229649395,103
1229650435,30
1229661701,35
1229669329,977
1229674813,13
1229676125,21
1229687336,19
1229689031,768
1229701530,122
1229702296,64
1229703050,50
1229708435,1224
1229721446,75
1229723763,14
1229741211,16
1229745713,21
1229754911,18
1229755072,31
1229783908,97
1229786287,178
1229790796,14
1229795529,29
1229795695,17
1229797518,97
1229800444,16
1229804367,27
1229805967,17
1229826021,16
1229833518,51
1229857613,56
1229861118,59
1229871910,23
1229875399,52
1229879223,12
1229879990,79
1229891190,58
1229897155,12
1229903970,13
1229912653,41
1229913273,17
1229921727,14
1229923980,26
1229925453,28
1229929214,59
1229936612,24
1229951782,174
1229966556,44
1229981114,31
1229996685,15
1230002242,13
1230003467,63
1230006699,40
1230011719,45
1230017515,80
1230024643,27
1230028115,45
1230041935,70
1230043431,71
1230046062,14
1230048764,91
1230050232,12
1230057297,28
1230065851,23
1230068255,1102
1230070449,24
1230084743,701
1230094821,49
1230103632,40
1230107024,56
1230108051,32
1230120460,21
1230123793,29
1230152852,3
1230155372,49
1230159855,14
1230160823,38
1230167645,420
1230176657,21
1230190038,13
1230219819,52
1230223069,40
1230276014,70
1230284069,53
1230292187,26
1230293192,2321
1230321451,136
1230325066,20
1230346035,44
1230373864,11
1230385816,679
1230405663,35
1230406987,23
1230409724,35
1230413282,400
1230418395,19
1230435080,85
1230436729,33
1230439621,13
1230447187,52
1230454104,113
1230454177,17
1230456360,17
1230459107,59
1230459924,425
1230464401,96
1230467838,71
1230476289,14
1230483021,26
1230488118,25
1230490753,19
1230492351,40
1230511039,146
1230513709,56
1230515496,20
1230518059,17
1230520777,52
1230522302,102
1230525793,82
1230526772,28
1230527280,23
1230529409,22
1230530146,14
1230541272,795
1230542209,14
1230543109,15
1230544421,36
1230545436,11
1230550463,18
1230552302,152
1230556858,15
1230557299,13
1230568421,11
1230571259,37
1230572279,55
1230575245,20
1230579510,12
1230579759,103
1230586927,62
1230615746,16
1230620963,929
1230623377,112
1230623501,36
1230625926,31
1230630133,25
1230635158,34
1230642554,17
1230655525,419
1230659792,254
1230660642,13
1230664565,405
1230670201,18
1230673946,27
1230680336,41
1230692090,13
1230695001,80
1230715250,33
1230717187,19
1230718069,1097
1230737007,22
1230742700,17
1230752196,57
1230753416,17
1230754449,20
1230756781,13
1230757897,15
1230768672,44
1230770171,229
1230773043,15
1230783829,45
1230786016,52
1230786055,45
1230788815,83
1230793950,27
1230797184,195
1230802596,12
1230804418,128
1230816656,60
1230825866,21
1230833691,13
1230838153,37
1230838307,48
1230840644,87
1230842937,33
1230844008,16
1230848107,16
1230852546,51
1230853768,22
1230857353,13
1230871680,37
1230881343,61
1230881670,13
1230886249,117
1230888286,14
1230888292,16
1230894777,343
1230923893,26
1230925393,2823
1230932548,16
1230933500,2175
1230934830,16
1230949874,241
1230951716,83
1230963108,20
1230966999,102
1230983602,12
1230988115,72
1230992661,34
1231005484,77
1231013771,36
1231027499,74
1231033580,85
1231033969,19
1231045391,236
1231046319,31
1231051334,34
1231055190,59
1231076326,20
1231076877,21
1231085769,92
1231088698,68
1231103016,22
1231109330,17
1231109894,42
1231115153,15
1231132517,19
1231135337,3662
1231139963,24
1231140530,15
1231148257,21
1231148851,19
1231150947,104
1231151385,38
1231151488,22
1231151663,27
1231170332,7056
1231173995,17
1231175554,8
1231190293,23
1231208198,16
1231208519,17
1231210975,449
1231241823,15
1231246471,17
1231252094,13
1231266096,43
1231274914,15
1231290655,17
1231291764,4291
1231317792,81
1231332766,99
1231340225,66
1231340530,37
1231341859,42
1231342894,43
1231355875,31
1231362609,44
1231366492,11
1231370735,16
1231381704,49
1231387029,720
1231393604,34
1231397904,14
1231403659,1250
1231404888,16
1231411784,15
1231415007,91
1231419446,12
1231425003,63
1231428995,13
1231433355,32
1231444515,20
1231471942,76
1231477977,65
1231497523,38
1231505124,14
1231510846,15
1231521009,12
1231524322,33
1231527664,25
1231530575,14
1231538321,166
1231542361,18
1231545705,15
1231546738,15
1231549501,24
1231550533,20
1231552637,13
1231583450,15
1231585114,12
1231588676,33
1231593995,19
1231598581,23
1231608642,18
1231611366,7
1231614512,98
1231616411,16
1231620129,30
1231625820,50
1231628816,18
1231630576,75
1231642319,12
1231644909,11
1231649071,31
1231664875,142
1231670954,30
1231673216,273
1231680323,11
1231682461,18
1231686879,37
1231689449,264
1231690607,16
1231692013,26
1231693733,12
1231694800,12
1231704393,160
1231729738,18
1231736896,13
1231743029,3969
1231745368,27
1231745656,170
1231746098,17
1231752523,15
1231758535,14
1231759224,39
1231759515,19
1231759984,18
1231764379,410
1231764941,653
1231780395,24
1231784866,39
1231788271,15
1231789326,159
1231795778,19
1231798689,14
1231803000,19
1231804068,19
1231804783,54
1231805954,38
1231815937,37
1231823217,74
1231824780,13
1231828364,55
1231833412,60
1231839460,346
1231839648,73
1231841922,31
1231851167,50
1231859271,41
1231866881,23
1231867801,99
1231870852,47
1231873889,23
1231878142,73
1231879080,13
1231881320,169
1231886686,14
1231888139,66
1231892841,21
1231894603,22
1231901927,14
1231904604,11
1231905001,128
1231907165,48
1231927624,15
1231939612,14
1231950207,10
1231951255,87
1231951515,32
1231957581,30
1231959993,14
1231961643,155
1231963420,13
1231964765,19
1231964865,27
1231980017,273
1231981195,71
1231982666,351
1231982924,49
1231983974,23
1231994250,35
1231995031,11
1231995778,54
1231999821,15
1232001105,306
1232009484,158
1232012824,622
1232014015,16
1232030145,929
1232049160,76
1232068112,94
1232070333,33
1232073302,20
1232075306,29
1232075861,12
1232076534,33
1232090563,16
1232094166,329
1232095746,55
1232098068,40
1232101340,39
1232113187,28
1232117277,67
1232117613,156
1232123859,13
1232151729,30
1232153525,23
1232158115,32
1232179108,14
1232184481,63
1232186823,16
1232187392,11
1232187559,15
1232194910,12
1232198091,21
1232202151,20
1232204103,27
1232207193,302
1232207397,19
1232227455,34
1232230999,709
1232231222,51
1232234668,40
1232235554,116
1232237836,32
1232239020,87
1232248372,110
1232269102,15
1232276786,16
1232282516,45
1232293202,13
1232306594,18
1232327074,817
1232327866,30
1232334482,51
1232339395,98
1232370714,1301
1232377059,18
1232379583,26
1232385284,66
1232389209,11
1232391229,35
1232392775,16
1232401934,19
1232412113,24
1232418131,53
1232423250,21
1232425850,44
1232435913,29
1232438673,14
1232441255,33
1232451950,12
1232463120,29
1232464132,254
1232472302,26
1232475356,50
1232480669,258
1232486341,149
1232486433,51
1232498795,99
1232500611,14
1232502928,18
1232503620,17
1232503763,25
1232513743,20
1232516411,19
1232519992,27
1232525596,16
1232527299,92
1232531989,22
1232539952,27
1232540172,35
1232540803,290
1232549174,71
1232572427,296
1232575828,13
1232591685,19
1232599710,613
1232604320,28
1232621817,267
1232647348,27
1232648797,36
1232650857,108
1232656744,34
1232669793,21
1232669890,17511
1232673052,104
1232680785,126
1232691570,64
1232701426,25
1232703184,36
1232705473,61
1232705869,61
1232710515,113
1232712502,1552
1232714995,169
1232724697,11
1232727602,435
1232733344,23
1232744272,94
1232744411,14
1232744559,653
1232750479,405
1232751931,19
1232754722,96
1232776063,165
1232779906,19
1232780747,13
1232789753,55
1232799038,20
1232808085,86
1232810067,90
1232816339,35
1232820476,24
1232821011,16
1232824274,523
1232828202,27
1232840936,44
1232842595,109
1232843240,313
1232845626,32
1232852448,14
1232874124,14
1232881907,36
1232897272,129
1232909411,26
1232909568,201
1232913979,14
1232917858,64
1232918613,18
1232923707,13
1232927836,21
1232938373,85
1232963755,13
1232965265,15
1232972544,13
1232973386,23
1232990838,21
1232995659,14
1232995828,2701
1232996564,74
1232997470,1449
1233008152,18
1233008591,42
1233010742,13
1233014365,143
1233015992,50
1233021008,30
1233021136,299
1233021488,11
1233023839,28
1233034881,12
1233037001,214
1233038165,32
1233038926,20
1233045914,12
1233049557,68
1233063278,15
1233065556,61
1233067536,11
1233069149,15
1233075087,12
1233079257,21
1233082731,1811
1233083551,9
1233098501,16
1233099780,31
1233104285,10
1233106510,44
1233109239,83
1233119393,1324
1233125421,22
1233133379,87
1233135720,864
1233142602,3415
1233143212,84
1233154583,25
1233161009,35
1233174097,21
1233184997,57
1233186866,17
1233188553,16
1233189346,23
1233194295,44
1233202284,21
1233205881,19
1233207118,52
1233214582,88
1233216116,18
1233216476,23
1233224752,180
1233224946,36
1233251373,19
1233257999,457
1233258841,15
1233265885,44
1233268108,65
1233269361,14
1233277768,16
1233282551,66
1233291379,32
1233295735,163
1233319813,33
1233329720,41
1233329957,20
1233332479,362
1233332668,433
1233334923,15
1233350326,14
1233351502,28
1233363436,10
1233366728,145
1233366936,16
1233368430,16
1233369321,32
1233373060,18
1233382603,30
1233396999,19
1233397063,18
1233398203,226
1233405473,33
1233408615,32
1233408974,27
1233410784,29
1233416003,336
1233434991,60
1233445009,198
1233446849,485
1233448211,30
1233449784,19
1233450404,20
1233453656,87
1233458746,11
1233464839,228
1233465262,14
1233469120,49
1233469226,17
1233476234,17
1233480477,418
1233482326,36
1233488217,16
1233488749,29
1233490795,96
1233490808,10
1233493205,34
1233493409,44
1233495945,326
1233506305,14
1233513947,15
1233519809,30
1233520252,623
1233522763,19
1233524712,19
1233526732,11
1233530473,836
1233534767,11
1233537327,39
1233541170,147
1233543737,58
1233543984,529
1233544257,55
1233550386,31
1233550493,193
1233553764,97
1233562439,11
1233565815,178
1233569086,538
1233572903,290
1233573420,22
1233573842,84
1233580044,31
1233587089,61
1233598443,55
1233603128,1129
1233603965,19
1233604225,14
1233606911,104
1233610760,12
1233614908,20
1233618223,79
1233627155,17
1233629841,19
1233635142,22
1233646374,278
1233649082,150
1233652236,32
1233652334,13
1233654138,18
1233656750,49
1233656840,421
1233657891,60
1233658145,89
1233679939,22
1233680465,471
1233686144,18
1233693748,28
1233696776,41
1233698270,20
1233699119,16
1233699402,19
1233699918,6
1233701259,227
1233703053,21
1233703424,19
1233705462,49
1233706426,107
1233709504,76
1233710805,22
1233712980,59
1233714212,14
1233720469,24
1233723985,18
1233725979,14
1233729011,240
1233729086,56
1233747143,200
1233749549,146
1233753464,1078
1233757735,35
1233760877,23
1233765261,24
1233765815,32
1233768853,63
1233769789,28
1233770752,38
1233777384,38
1233798338,52
1233803199,47
1233812013,14
1233816047,32
1233821151,43
1233827788,46
1233828825,14
1233843911,20
1233854753,64
1233860222,30
1233864947,28
1233866989,17
1233869677,13
1233876194,36
1233879845,28
1233880450,72
1233880644,16
1233894805,14
1233901070,37
1233904235,17
1233906435,195
1233907218,35
1233912286,13
1233919441,32
1233930657,42
1233931276,15
1233933761,72
1233943553,23
1233949434,30
1233958357,18
1233974117,98
1233976060,909
1233993377,12
1233995178,35
1233997710,12
1233998926,114
1234017442,14
1234025089,20
1234025876,56
1234028597,73
1234031683,30
1234032496,49
1234034478,626
1234035085,11
1234036165,25
1234036912,12
1234044583,12
1234045986,49
1234052506,19
1234055431,24
1234070879,51
1234092057,18
1234105541,27
1234112226,21
1234118506,36
1234132434,18
1234145889,12
1234147572,18
1234148417,24
1234162438,40
1234169919,87
1234177006,153
1234177512,26
1234178837,29
1234184966,26
1234190555,18
1234200320,32
1234222196,62
1234227627,43
1234233025,27
1234245766,18
1234248776,30
1234262086,176
1234264457,21
1234267901,12
1234272109,44
1234280457,114
1234287955,429
1234289791,208
1234294493,17
1234297189,63
1234300923,38
1234303102,18
1234304147,188
1234318070,94
1234326831,20
1234331775,32
1234335671,50
1234338588,192
1234345172,302
1234349309,22
1234349461,118
1234352205,28
1234369111,18
1234370872,23
1234397786,22
1234406300,27
1234406613,111
1234408269,12
1234414395,19
1234419539,12
1234422018,196
1234428768,22
1234431556,149
1234460360,2639
1234461816,57
1234467701,35
1234468941,17
1234477934,130
1234479687,14
1234484212,14
1234493308,142
1234497073,22
1234500980,25
1234501960,31
1234503198,92
1234505847,17
1234510527,17
1234512626,17
1234527033,35
1234528389,64
1234531190,17
1234531788,16
1234537369,1100
1234547478,50
1234550622,2647
1234561569,15
1234563660,126
1234568497,66
1234569107,15
1234571279,343
1234584593,12
1234598133,28
1234599332,20
1234600595,22
1234604467,51
1234610717,33
1234612574,10
1234620713,10
1234643563,129
1234648277,33
1234648973,17
1234651011,38
1234659682,41
1234660785,17
1234663284,31
1234664581,26
1234668950,154
1234669280,49
1234670865,81
1234674650,89
1234675369,14
1234678740,13
1234692020,48
1234697322,24
1234703701,110
1234709952,18
1234712383,22
1234717086,74
1234717726,12
1234724745,3352
1234728317,47
1234728799,12
1234732702,14
1234736795,39
1234743389,71
1234743709,34
1234748523,20
1234759372,67
1234766431,150
1234808106,25
1234817105,33
1234819935,30
1234825297,36
1234829540,823
1234839530,17
1234854174,11
1234870827,172
1234871124,24
1234872393,19
1234884845,16
1234901863,19
1234902158,5
1234908161,14
1234910726,31
1234918031,33
1234923277,17
1234924484,26
1234932922,20
1234949873,20
1234965356,35
1234995144,19
1234999285,20
1235003804,356
1235009516,75
1235012977,15
1235028451,13
1235037158,27
1235044422,11
1235045594,28
1235046467,98
1235049982,11
1235050047,29
1235056479,10341
1235076151,93
1235077351,19
1235080900,16
1235091914,278
1235098353,188
1235103257,35
1235109342,69
1235111179,127
1235112405,59
1235113559,108
1235113769,16
1235116683,297
1235117834,30
1235123321,29
1235128023,63
1235128193,36
1235131147,137
1235135158,458
1235143195,17
1235145221,44
1235150265,75
1235161765,50
1235167543,21
1235168383,12
1235169587,12
1235175101,751
1235186898,31
1235192172,13
1235192304,42
1235199422,11
1235201909,67
1235219333,20
1235219714,22
1235221346,27
1235222817,30
1235225511,127
1235226760,102
1235230186,37
1235232111,20
1235254657,657
1235257170,23
1235259928,152
1235263729,146
1235266237,28
1235278626,19
1235288917,17
1235295742,160
1235298635,11
1235298988,305
1235311075,14
1235318920,82
1235322661,475
1235324410,918
1235325516,19
1235348945,22
1235349424,19
1235368663,25
1235372092,23
1235384825,44
1235398362,19
1235401698,170
1235403515,43
1235415129,12
1235416020,30
1235419463,15
1235423394,31
1235424374,24
1235433876,22
1235435251,21
1235439841,57
1235467345,544
1235467347,16
1235483809,1060
1235491483,43
1235491525,1181
1235491557,1061
1235491573,39
1235491599,38
1235491636,33
1235491662,31
1235494902,109
1235507023,101
1235511271,53
1235515289,33
1235516373,28
1235528350,18
1235528861,15
1235535108,79
1235536039,601
1235557096,37
1235561546,289
1235563757,15
1235570981,98
1235600169,13
1235600664,12
1235601806,28
1235603352,28
1235604959,1133
1235615622,41
1235620806,27
1235625452,87
1235635879,32
1235635941,69
1235641260,43
1235648424,55
1235666777,13
1235677045,12
1235677889,37
1235682971,59
1235693765,16
1235695972,12
1235696190,29
1235697532,12
1235700241,38
1235703061,16
1235708935,20
1235712635,87
1235713026,14
1235721044,371
1235728605,12
1235730493,355
1235733002,89
1235738333,15
1235745072,15
1235785305,15
1235796446,47
1235801337,19
1235804415,7
1235809841,45
1235821686,424
1235824690,1397
1235826853,190
1235832354,2909
1235839978,24
1235841610,75
1235850561,35
1235854800,12
1235864347,44
1235887692,94
1235898898,38
1235904866,12
1235915700,381
1235923517,44
1235928536,339
1235937388,18
1235944874,22
1235950823,33
1235951137,99
1235953029,25
1235957378,27
1235957729,29
1235989465,53
1235991419,164
1235995633,27
1236003844,18
1236010010,56
1236020540,31
1236022353,12
1236024834,616
1236029557,19
1236032569,14
1236033849,12
1236037886,54
1236038347,21
1236069346,18
1236072112,97
1236080238,33
1236092346,14
1236097343,24
1236103434,65
1236113248,12
1236116882,81
1236134087,66
1236138758,25
1236144809,33
1236146225,19
1236147664,17
1236147743,248
1236150757,28
1236154506,209
1236169319,65
1236174636,25
1236183038,1567
1236183483,15
1236188285,14
1236189703,15
1236192120,69
1236193793,21
1236197117,32
1236205854,18
1236210286,34
1236215173,807
1236217302,29
1236220169,23
1236225066,29
1236230376,34
1236231313,86
1236232731,133
1236238799,27
1236239871,15
1236242712,406
1236249097,1106
1236256286,10
1236258392,32
1236268528,15
1236268781,31
1236270722,11
1236276097,93
1236280432,17
1236281532,13
1236290893,28
1236293784,33
1236297203,15
1236299256,83
1236299970,27
1236299999,41
1236308364,20
1236310444,545
1236311039,20
1236318244,415
1236318314,93
1236318548,47
1236320113,15
1236324961,15
1236325505,14
1236328476,39
1236334602,15
1236336437,1910
1236336797,39
1236338255,101
1236348029,23
1236350718,62
1236351119,39
1236353193,2311
1236369867,15
1236376729,41
1236378975,17
1236390867,34
1236393593,21
1236412595,21
1236415557,78
1236416145,14
1236419355,15
1236423287,63
1236429199,69
1236430316,18
1236444588,18
1236448624,42
1236451209,36
1236456093,113
1236456506,182
1236467467,115
1236472889,165
1236475536,15
1236475951,14
1236477525,14
1236477821,36
1236478732,21
1236490395,711
1236493835,35
1236496917,35
1236501740,16
1236502369,31
1236502968,20
1236505940,47
1236507497,128
1236507612,23
1236514798,18
1236523584,177
1236536813,118
1236539330,24
1236548587,32
1236558471,25
1236558948,110
1236565619,31
1236570104,157
1236572125,34
1236574498,279
1236597439,27
1236611436,41
1236614974,10
1236627656,55
1236654892,22
1236667081,18
1236668474,14
1236672762,23
1236677779,148
1236692100,21
1236692111,87
1236692563,26
1236705473,24
1236709079,11
1236710711,19
1236712166,35
1236724617,18
1236724803,62
1236730482,31
1236735790,65
1236755306,174
1236763145,23
1236764229,39
1236767104,17
1236771809,171
1236781628,12
1236782644,14
1236783424,72
1236785802,41
1236788504,20
1236790468,104
1236809377,57
1236816811,18
1236835461,33
1236835492,16
1236840275,106
1236851335,32
1236852308,32
1236854679,25
1236859477,18
1236861772,96
1236872415,21
1236877194,27
1236894679,57
1236908206,32
1236909004,14
1236910063,109
1236911090,95
1236918072,12
1236931661,25
1236933951,23
1236941307,70
1236945444,15
1236957585,527
1236964964,37
1236968473,13
1236981959,93
1236984329,26
1236985474,108
1237004640,1692
1237007359,24
1237010660,65
1237013741,937
1237021776,44
1237023264,23
1237037977,12
1237043630,142
1237046812,16
1237052662,68
1237054274,46
1237062426,24
1237066114,19
1237066616,16
1237067851,22
1237095996,57
1237104157,19
1237109545,30
1237111736,13
1237112689,255
1237113075,55
1237114445,58
1237116511,73
1237131130,12
1237137541,14
1237146076,96
1237159425,22
1237163046,338
1237164472,167
1237164513,4278
1237174940,3562
1237176215,10
1237181322,38
1237199276,20
1237215648,29
1237218322,24
1237219351,14
1237225592,24
1237225812,14
1237229663,41
1237231741,15
1237232401,14
1237232532,360
1237232853,117
1237239472,1059
1237241613,22
1237243825,21
1237246004,14
1237250723,12
1237253926,15
1237257052,164
1237257560,18
1237259189,182
1237267911,16
1237271327,80
1237283836,21
1237284154,10
1237287718,29
1237290361,16
1237295423,26
1237295737,63
1237295946,32
1237299882,30
1237301457,24
1237302913,16
1237308021,68
1237318021,60
1237319927,783
1237342938,17
1237345031,178
1237346118,150
1237353655,21
1237354845,13
1237360639,100
1237365178,143
1237370783,127
1237378117,20
1237383337,24
1237387249,24
1237390322,16
1237392402,25
1237403075,15
1237409271,12
1237416862,17
1237418222,16
1237422941,57
1237424084,22
1237428082,22
1237428154,20
1237429296,228
1237433527,63
1237436537,21
1237444585,15
1237448423,123
1237453528,25
1237461617,13
1237463177,216
1237464523,39
1237465820,305
1237470197,12
1237470590,21
1237475996,53
1237500772,13
1237501021,26
1237507452,18
1237514143,12
1237516776,92
1237522343,53
1237524419,1056
1237525004,22
1237525965,24
1237527907,14
1237528100,68
1237536657,37
1237548136,17
1237556756,15
1237566150,61
1237567431,28
1237567855,81
1237569827,27
1237570742,3039
1237574834,20
1237596235,17
1237604801,17
1237605993,61
1237607224,19
1237610023,23
1237619750,17
1237623600,26
1237625202,177
1237627849,40
1237630202,517
1237639323,422
1237640697,25
1237640922,27
1237643030,15
1237648686,51
1237651000,21
1237652723,14
1237658148,18
1237696009,19
1237699264,19
1237699485,11
1237707289,44
1237717182,11
1237720723,19
1237728861,16
1237733764,18
1237734940,24
1237735665,35
1237749445,74
1237750162,248
1237773425,86
1237781439,22
1237784796,16
1237786440,14
1237789963,18
1237809202,454
1237818034,121
1237819660,37709
1237821145,13
1237826064,252
1237829770,16
1237833791,13
1237835872,60
1237836502,11
1237839280,18
1237841458,57
1237843760,13
1237845954,18
1237849841,20
1237852816,16
1237856742,26
1237856798,25
1237857534,39
1237858339,58
1237862355,42
1237873111,74
1237876885,25
1237879977,15
1237885983,207
1237886021,35
1237887278,19
1237891010,43
1237897310,140
1237898891,47
1237901907,28
1237904058,12
1237906084,20
1237911785,3145
1237924504,17
1237926298,37
1237930635,39
1237955879,16
1237979735,2383
1237988466,12
1237991026,71
1237994338,13
1237999979,32
1238010504,21
1238020455,46
1238042326,17
1238042602,119
1238043239,1908
1238043869,24
1238045437,20
1238047523,3823
1238050175,110
1238063840,22
1238071279,65
1238086960,18
1238091730,59
1238096032,480
1238104138,45
1238108965,54
1238119796,12
1238120057,51297
1238121115,126
1238133044,164
1238139003,31
1238142752,18
1238143049,51
1238152096,181
1238157601,41
1238166279,37
1238179349,18
1238187414,20
1238194024,22
1238194631,28
1238203091,11
1238204186,15
1238210020,18
1238212613,30
1238219632,25
1238246893,17
1238256194,39
1238264514,38
1238268252,16
1238273556,28
1238275599,24
1238285636,63
1238292307,11
1238294428,57
1238294607,124
1238301041,266
1238305550,19
1238314095,30
1238325234,23
1238336148,13
1238338967,11
1238339696,16
1238352328,25
1238353357,83
1238359772,17
1238361124,28
1238363307,51
1238364469,49
1238374516,17
1238379684,16
1238384020,113
1238386254,21
1238388797,14
1238392177,31
1238394528,27
1238398366,20
1238402794,137
1238412760,35
1238416752,486
1238420386,25
1238426179,956
1238426791,423
1238434689,16
1238449822,16
1238453195,53
1238455882,111
1238458554,553
1238460215,48
1238468873,12
1238490261,35
1238496158,191
1238499219,20
1238503477,500
1238505021,34
1238505874,110
1238509745,16
1238514693,13
1238529161,14
1238537858,24
1238540326,22
1238542557,17
1238542948,30
1238547139,82
1238548881,13
1238552380,22
1238559947,61
1238571740,30
1238573176,16
1238576219,27
1238579838,18
1238580104,21
1238586910,11
1238606716,3112
1238608979,375
1238611197,27
1238611909,25
1238612611,24
1238634317,17
1238645472,438
1238653384,147
1238669068,58
1238676776,12
1238676972,17
1238677791,35
1238684786,14
1238692464,19
1238695224,18
1238707516,12
1238722120,15
1238723751,13
1238727325,32
1238731481,39
1238733254,36
1238739631,20
1238742660,21
1238743123,31
1238755764,178
1238758672,391
1238759267,21
1238765688,17
1238775512,661
1238783354,200
1238787403,11
1238812762,36
1238818691,21
1238830448,104
1238831904,12
1238834247,19
1238836672,11
1238850401,11
1238855847,35
1238866442,163
1238872822,139
1238876865,35
1238889388,23
1238894468,26
1238894762,17
1238896536,115
1238897954,38
1238911466,15
1238914644,24
1238926475,11
1238930668,16
1238948350,24
1238954573,22
1238954795,21
1238956754,452
1238959575,44
1238968097,50
1238986224,18
1238992253,7305
1238993977,23
1238996909,393
1239006019,52
1239011091,55
1239018578,22
1239029437,60
1239032588,16
1239039079,176
1239045423,61
1239056971,43
1239062027,7
1239071762,53
1239104861,83
1239110217,20
1239112559,12
1239115570,35
1239117786,21
1239117832,21
1239119721,1914
1239126926,17
1239135974,29
1239139048,72
1239140279,410
1239151917,90
1239152939,25
1239159840,2575
1239160406,11
1239173626,17
1239193196,76
1239193572,12
1239197994,51
1239198502,66
1239199313,14
1239200352,33
1239204847,22
1239209837,21
1239210589,242
1239212074,19
1239214607,45
1239216283,46
1239216743,12
1239243690,21
1239249946,15
1239251402,12
1239262895,13
1239264029,324
1239273447,17
1239285070,99
1239297672,171
1239309119,13
1239321485,72
1239341513,20
1239351619,113
1239353812,31
1239357956,80
1239359080,20
1239365819,13
1239366397,26
1239367040,37
1239373733,21
1239374684,13
1239375488,356
1239375999,24
1239382882,111
1239396861,17
1239398976,21
1239402511,16
1239412648,14
1239412733,15
1239414002,16
1239414821,1331
1239416779,11
1239427226,28
1239434866,443
1239441299,42
1239447191,53
1239447811,18
1239455254,264
1239464173,49
1239469327,44
1239473321,600
1239489400,65
1239491397,65
1239518697,95
1239522492,583
1239524798,17
1239528524,22
1239532231,43
1239537127,54
1239537612,12
1239544598,17
1239549872,324
1239550442,67
1239556796,176
1239557619,58
1239563227,81
1239563655,136
1239567925,19
1239574235,14
1239577913,45
1239580976,16
1239599225,20
1239600245,21
1239611613,29
1239617900,16
1239618973,65
1239619264,39
1239621046,17
1239622029,13
1239622387,534
1239624733,52
1239630237,14
1239644418,24
1239645385,611
1239654352,16
1239660837,18
1239669136,25
1239673198,21
1239676667,129
1239707233,32
1239715093,15
1239716772,13
1239722612,26
1239726217,23
1239728183,55
1239732876,23
1239735146,19
1239735720,20
1239744607,11
1239746319,22
1239749878,12
1239752722,116
1239754392,15
1239757945,42
1239765355,49
1239769034,22
1239774861,215
1239787202,17
1239797781,110
1239797866,15
1239799148,15
1239802726,11
1239806607,38
1239812704,24
1239825801,17
1239826594,20
1239833246,36
1239856270,30
1239859061,150
1239864142,720
1239869762,49
1239878087,41
1239878287,253
1239890796,1753
1239894005,39
1239898419,149
1239901771,31
1239906726,54
1239909172,15
1239911524,12
1239918790,2645
1239921355,22
1239923622,74
1239928176,710
1239930788,140
1239940446,107
1239942327,14
1239944495,18
1239949403,26
1239953499,91
1239960519,12
1239961334,25
1239966472,227
1239977707,14
1239979370,41
1239982332,13
1239983358,39
1239995275,18
1239996076,5373
1239999657,19
1240003797,18
1240013465,92
1240014089,18
1240015023,20
1240019066,12
1240020163,22
1240031323,15
1240043567,12
1240045833,31
1240047266,107
1240051005,56
1240052317,32
1240056880,12
1240061827,33
1240062561,239
1240070838,12
1240073512,21
1240080694,39
1240083383,23
1240087779,15
1240092403,18
1240122142,19
1240131152,23
1240132015,18
1240150652,24
1240163211,143
1240163717,20
1240164093,49
1240167455,21
1240183493,59
1240191065,2353
1240192072,13
1240195275,12
1240202235,19
1240214550,27
1240224353,44
1240247258,15
1240247529,16
1240249001,12
1240258164,16
1240259223,56
1240269979,14
1240272133,52
1240276079,31
1240288571,14
1240299044,12
1240299682,27
1240305839,12
1240308067,125
1240332026,57
1240333679,17
1240340068,96
1240341386,11
1240346607,72
1240346695,227
1240364388,207
1240365600,28
1240374270,44
1240393483,14
1240394691,19
1240395546,38
1240417420,11
1240419112,27
1240420839,23
1240421258,657
1240437710,16
1240443039,78
1240444875,37
1240448548,11
1240483776,284
1240492421,50
1240498594,18
1240500457,69
1240502884,85
1240515946,15
1240521980,11
1240522440,20
1240537180,99
1240542828,18
1240545670,13
1240545861,62
1240556206,35
1240556566,30
1240560323,57
1240566648,73
1240567099,21
1240568470,49
1240572887,32
1240579392,15
1240580951,15
1240599492,71
1240601170,167
1240602767,16
1240611559,18
1240644798,20
1240648531,14
1240652283,18
1240653523,90
1240665936,14
1240667381,16
1240671870,19
1240672860,18
1240677825,48
1240682987,13
1240690447,18
1240693623,24
1240698398,401
1240708362,29
1240713910,53
1240719306,19
1240720849,95
1240724913,22
1240725237,12
1240725952,120
1240730830,98
1240732143,137
1240743325,46
1240747229,18
1240755345,16
1240766312,23
1240768914,11
1240771767,47
1240775510,495
1240786277,26
1240793632,14
1240801215,44
1240808459,21
1240820240,11
1240830830,86
1240832183,18
1240844474,43
1240851965,30
1240854296,64
1240856375,19
1240859912,18
1240865540,16
1240868987,36
1240872088,792
1240872126,37
1240872943,11
1240894264,12
1240896337,18
1240905795,21
1240919474,54
1240938433,16
1240944610,34
1240944626,838
1240946207,18
1240948992,19
1240955193,15
1240959510,42
1240961226,20
1240963793,16
1240977522,10
1240995825,44
1240996286,325
1241000028,231
1241014702,17
1241017476,102
1241019087,24
1241033447,14
1241037350,12
1241040212,22
1241048131,80
1241051113,17
1241054742,59
1241058151,36
1241070039,12
1241074831,20
1241076174,237
1241088351,15
1241094896,15
1241096931,26
1241105467,25
1241106368,30
1241110664,13
1241114653,23
1241132689,37
1241134258,97
1241141239,104
1241146344,56
1241146497,31
1241149979,48
1241152875,1010
1241153103,36
1241159711,19
1241163802,16
1241169266,15
1241170129,14
1241172117,14
1241179152,35
1241185532,87
1241208413,34
1241209202,128
1241212925,20
1241215332,27
1241218480,41
1241223523,71
1241234879,298
1241246291,12
1241257629,8206
1241258726,212
1241271550,70
1241273478,882
1241275896,53
1241277287,48
1241277589,89
1241279320,14
1241281880,14
1241283238,23
1241295791,29
1241298903,45
1241300226,15
1241309851,22
1241319334,16
1241329902,38
1241335289,23
1241335398,15
1241336268,55
1241338288,51
1241345946,18
1241348820,39
1241350460,15
1241353600,16
1241358748,13
1241360951,42
1241362619,3646
1241367216,14
1241368039,23
1241383026,12
1241389997,21
1241397530,26
1241407718,20
1241411485,32
1241412718,106
1241414489,16
1241415025,51
1241420026,23
1241425259,2036
1241430916,162
1241450690,21
1241453878,24
1241459204,14
1241459358,19
1241469718,18
1241476818,18
1241477012,13
1241487212,17
1241488294,14
1241489968,32
1241494140,31
1241500194,81
1241503505,13
1241511155,185
1241515224,358
1241519294,30
1241526989,22
1241535855,12
1241537755,533
1241538479,285
1241539231,103
1241540822,15
1241541907,76
1241552156,49
1241553266,32
1241586348,15
1241587887,49
1241588340,43
1241611273,23
1241612240,74
1241612644,64
1241613478,217
1241621727,85
1241631637,14
1241633491,19
1241640889,13
1241641410,21
1241644778,16
1241647818,92
1241648746,41
1241650947,31
1241653775,20
1241653839,152
1241657568,26
1241657981,12
1241661785,24
1241665017,16
1241665534,29
1241679569,40
1241704120,23
1241705990,69
1241706792,142
1241709623,180
1241723280,18
1241738234,119
1241742205,33
1241743752,245
1241747058,41
1241749352,36
1241750341,62
1241752946,40
1241761359,47
1241767972,23
1241775611,84
1241778703,35
1241803876,236
1241816625,63
1241825365,34
1241825396,304
1241828177,13
1241837533,31
1241845242,117
1241863775,28
1241878578,14
1241879839,14
1241886270,19
1241889596,15
1241889601,111
1241891788,28
1241894863,38
1241896683,13
1241912674,15
1241916676,38
1241954827,32
1241955479,30
1241958508,41
1241959906,377
1241960226,41491
1241963187,216
1241965602,18
1241974928,13
1241975714,18
1241976480,20
1241977003,105
1241977188,28
1241979160,85
1241979723,15
1241987162,1067
1241990307,74
1241990700,2084
1241994412,40
1242010545,17
1242013932,14
1242017470,30
1242027459,119
1242030289,31
1242030344,32
1242034359,78
1242041584,62
1242043952,16
1242047436,83
1242060029,182
1242065628,14
1242070147,18
1242072896,28
1242077970,48
1242077982,85
1242094165,184
1242098463,32
1242099375,16
1242100472,49
1242107382,2029
1242108349,350
1242121583,17
1242128023,34
1242143475,19
1242169673,61
1242170957,17
1242175465,15
1242179708,17
1242180484,133
1242192661,19
1242196870,15
1242203650,197
1242206624,73
1242211335,31
1242230402,28
1242238680,3
1242243389,25
1242243557,11
1242244665,15
1242245415,22
1242249898,33
1242252209,50
1242268113,58
1242272716,77
1242283903,18
1242284800,15
1242288930,18
1242293609,64
1242306767,361
1242316635,2976
1242320277,14
1242321286,69
1242326448,24
1242339840,44
1242350957,45
1242354790,2029
1242384007,12
1242392922,235
1242402978,255
1242415623,284
1242427355,12
1242428415,60
1242432807,11
1242441763,25
1242442927,47
1242442956,17
1242450764,56
1242451241,15
1242472887,23
1242497817,36
1242503983,14
1242517249,73
1242520249,25
1242522317,19
1242534846,12
1242536991,17
1242538725,14
1242552865,23
1242559266,23
1242562576,10
1242564361,11
1242565101,26
1242568050,67
1242571544,42
1242572220,12
1242576422,12
1242579794,77
1242581027,44
1242582611,44
1242582771,22
1242587191,12
1242591913,21
1242595081,11
1242623011,14
1242627057,42
1242637912,32
1242643262,11
1242649859,16
1242665944,45
1242670883,14
1242672160,197
1242679355,1620
1242692799,25
1242697027,154
1242705930,20
1242712290,86
1242719319,1328
1242731930,12
1242750846,14
1242760522,26
1242766913,77
1242787253,357
1242790955,32
1242805637,37
1242808266,11
1242815807,23
1242836028,19
1242847410,106
1242849406,75
1242854746,44
1242858742,41
1242867671,859
1242881254,19
1242885972,17
1242896502,281
1242899551,201
1242899915,52
1242903900,15
1242911893,30
1242916194,13
1242917283,14
1242924666,98
1242933539,22
1242956191,20
1242967652,7060
1242971079,13
1242974687,32
1242994017,133
1242995930,25
1243001514,26
1243006338,227
1243011353,2060
1243017690,339
1243019455,18
1243020749,143
1243027110,78
1243027635,71
1243027695,18
1243029025,18
1243033047,111
1243037216,13
1243043047,18
1243057319,31
1243060739,23
1243065333,14
1243068376,30
1243068991,30
1243071828,28
1243072224,105
1243086146,19
1243090173,17
1243095143,13
1243099463,18
1243100020,114
1243106323,246
1243107271,36
1243109314,18
1243110119,15
1243111477,13
1243130327,11
1243136561,56
1243146433,240
1243160351,798
1243160855,44
1243164484,72
1243166788,15
1243166945,220
1243176585,382
1243179697,84
1243183766,22
1243199454,30
1243200853,98
1243202918,24
1243210367,114
1243217842,54
1243238668,100
1243240174,13
1243242946,79
1243244774,89
1243249411,17
1243256378,58
1243266259,11
1243270101,16
1243276849,19
1243277861,145
1243279769,80
1243282472,11
1243285960,20
1243288395,11
1243296441,213
1243301217,20
1243308022,18
1243316506,14
1243317327,252
1243318039,19
1243319764,11
1243320653,14
1243335820,90
1243337208,11
1243337973,11
1243338375,18
1243339945,15
1243343514,38
1243348295,49
1243353499,24
1243353641,104
1243354073,81
1243355836,16
1243364905,225
1243365944,355
1243369427,16
1243370296,23
1243370935,43
1243373853,142
1243380368,19
1243384906,19
1243386295,10
1243386953,47
1243393451,59
1243394372,19
1243397963,821
1243401750,83
1243403565,15
1243403791,37
1243407684,17
1243414163,14
1243414364,12
1243432393,11
1243435460,31
1243436931,16
1243440891,23
1243456460,60
1243462118,20
1243465661,19
1243470443,11
1243474783,24
1243475954,16
1243480043,41
1243486736,52
1243490323,85
1243499752,108
1243510961,16
1243520031,212
1243523634,40
1243524942,15
1243529611,16
1243536512,135
1243546453,11
1243567693,14
1243589705,36
1243592929,13
1243594497,12
1243601229,42
1243601998,22
1243607387,15
1243611246,14
1243614106,18
1243618131,1406
1243619611,53
1243631224,32
1243632421,14
1243632643,14
1243643571,15
1243645314,112
1243646445,14
1243647266,76
1243649535,12
1243660478,15
1243674199,82
1243680833,27
1243704133,28
1243710888,26
1243720201,14
1243732556,686
1243739072,471
1243754671,20
1243754968,206
1243761147,31
1243762255,58
1243765551,14
1243765775,75
1243773718,45
1243780058,43
1243795091,35
1243799385,37
1243802511,20
1243841282,82
1243842380,15
1243843387,173
1243859110,19
1243859417,27
1243860196,30
1243861636,19
1243868004,23
1243878128,51
1243889840,3225
1243904405,68
1243908724,21
1243925666,13
1243928497,48
1243928867,32
1243929420,17
1243945729,13
1243947630,165
1243951513,26
1243954362,71
1243959521,16
1243961683,31
1243962929,74
1243963093,200
1243975263,27
1243975449,40
1243978384,129
1243979429,70
1243998884,20
1244000773,15
1244001574,36
1244028703,30
1244036548,11
1244037728,13
1244040752,101
1244045010,31
1244047930,32
1244050587,230
1244051960,43
1244056427,15
1244064544,11
1244071529,3689
1244073371,37
1244074262,45
1244074490,21
1244074619,15
1244076766,12
1244108994,694
1244116421,24
1244130987,42
1244136912,20
1244140869,28
1244142296,54
1244151525,16
1244155308,38
1244155727,57
1244157761,32
1244162403,1222
1244168174,38
1244174738,19
1244176206,12
1244178999,17
1244184293,13
1244185155,409
1244194276,34
1244194507,27
1244197679,37
1244200187,11
1244213970,33
1244216551,52
1244217665,29
1244226944,25
1244231089,14
1244232710,59
1244238140,26
1244238936,36
1244255120,19
1244255768,11
1244263982,13
1244264446,64
1244264505,84
1244278623,18
1244290601,117
1244295316,20
1244296820,1452
1244307392,44
1244307848,21
1244322645,64
1244323702,338
1244325213,21
1244328171,29
1244341252,12
1244344645,21
1244346431,23
1244361533,17
1244364968,19
1244370426,28
1244375757,48
1244375832,76
1244377054,45
1244385712,21
1244386148,20
1244391930,13
1244391958,116
1244425600,18
1244431440,436
1244443711,16
1244459047,26
1244462189,456
1244468619,273
1244473756,36
1244476160,42
1244476739,13
1244482736,11
1244488619,18
1244490397,92
1244491708,195
1244493472,1649
1244500483,171
1244530113,19
1244534097,18
1244539716,60
1244540718,19
1244541606,20
1244548537,12
1244557522,188
1244564263,182
1244565986,271
1244570126,35
1244582483,95
1244593267,25
1244595001,16
1244596735,21
1244598092,26
1244599833,25
1244611777,33
1244615729,26
1244621946,102
1244626627,61
1244638297,11
1244644510,10
1244645507,85
1244647147,16
1244660131,13
1244664340,66
1244666899,12
1244667663,61
1244673218,86
1244675532,19
1244679831,13
1244688614,31
1244691031,11
1244693229,15
1244693986,28
1244713152,17
1244716271,46
1244742159,20
1244747615,112
1244747754,13
1244750915,73
1244755919,16
1244762126,33
1244770399,19
1244774008,179
1244780636,41
1244782513,126
1244784820,80
1244799378,6
1244801083,17
1244801631,239
1244804202,30
1244813010,21
1244814127,212
1244828190,32
1244838109,86
1244838820,13
1244839354,36
1244848150,52
1244858848,54
1244859148,383
1244862129,13
1244872344,75
1244886395,15
1244896384,19
1244916257,20
1244926035,102
1244934024,45
1244939861,18
1244954648,19
1244959261,613
1244959516,12
1244959985,18
1244960155,79
1244989350,238
1245004908,38
1245010764,104
1245029777,43
1245035344,31
1245035377,22
1245041174,51
1245043545,61
1245045417,14
1245048633,22
1245051336,29
1245059090,13
1245060355,31
1245061401,29
1245064524,8
1245064892,411
1245076219,71
1245097257,57
1245100586,47
1245101224,132
1245104473,173
1245106598,344
1245108765,22
1245113203,15
1245188885,13
1245192508,13
1245195081,30
1245220559,17
1245220578,13
1245221146,30
1245222189,13
1245223443,17
1245224749,16
1245225769,37
1245227535,114
1245234058,111
1245241908,213
1245243244,35
1245243860,42
1245256564,1721
1245258929,14
1245259290,18
1245267327,113
1245272377,106
1245274067,39
1245278599,18
1245279396,23
1245282108,151
1245290072,70
1245292227,58
1245294728,20
1245296273,123
1245308002,79
1245310595,19
1245318030,43
1245319446,607
1245322596,20
1245325857,101
1245327065,115
1245329241,1152
1245331393,20
1245333424,482
1245333938,301
1245344317,68
1245347848,53
1245350611,26
1245355875,24
1245356181,36
1245356640,107
1245356661,84
1245359581,36
1245362186,21
1245364257,15
1245365519,47
1245368109,59
1245369970,26
1245371971,17
1245380838,13
1245391661,31
1245396820,16
1245405409,25
1245412168,126
1245419404,14
1245425969,19
1245427200,21
1245427909,64
1245429611,101
1245439294,17
1245439775,16
1245440202,25
1245444273,59
1245451069,15
1245452305,3219
1245458564,158
1245458706,135
1245461700,142
1245465729,4077
1245470955,213
1245476031,1507
1245491192,25
1245509597,14
1245510473,28
1245510932,88
1245511686,15
1245518138,51
1245524843,14
1245539123,97
1245540410,164
1245545312,40
1245546693,68
1245549227,157
1245556773,28
1245558372,256
1245561762,1072
1245563309,160
1245585947,12
1245591132,248
1245593541,14
1245595783,14
1245614371,376
1245617878,41
1245621552,171
1245623286,21
1245633673,13
1245635988,11
1245644492,78
1245647600,58
1245653552,12
1245664409,14
1245681818,148
1245692484,19
1245695183,134
1245699721,6321
1245699982,22
1245720361,10
1245720902,95
1245723733,14
1245725287,19
1245730899,31
1245733063,749
1245738786,42
1245740241,3
1245746212,13
1245748325,13
1245760328,153
1245771671,28
1245772322,14
1245775155,13
1245790592,91
1245797515,149
1245813675,15
1245816682,12
1245820850,41
1245834824,1
1245838621,92
1245849114,33
1245862251,66
1245865164,16
1245871125,17
1245872885,65
1245881246,13
1245893489,26
1245894065,15
1245901041,636
1245903975,18
1245921621,436
1245923485,25
1245925715,19
1245927552,37
1245944434,13
1245952606,2698
1245955470,15
1245957017,42
1245959143,142
1245970168,18
1245970899,60
1245998874,18
1246000378,46
1246031278,75
1246047187,20
1246072199,70
1246073739,25
1246090648,13
1246093394,22
1246096751,18
1246104866,20
1246113734,19
1246132462,18
1246148135,8440
1246196526,62
1246198169,179
1246201104,19
1246205050,18
1246211773,1214
1246220668,23
1246224744,22
1246227084,114
1246228717,47
1246229181,20
1246236720,121
1246237538,43
1246238195,49
1246243218,126
1246244431,41
1246249472,18
1246250743,23
1246251770,71
1246265860,115
1246270079,24
1246273057,300
1246273154,30
1246274264,30
1246276297,209
1246276785,147
1246279685,29
1246280246,15
1246292527,15
1246292540,72
1246304557,17
1246315244,93
1246322535,12
1246326252,28
1246326761,409
1246330857,152
1246332472,44
1246336325,19
1246337897,12
1246346594,813
1246360316,14
1246389313,13
1246399437,4016
1246402525,154
1246410678,42
1246435403,56
1246440630,1065
1246441409,27
1246442875,76
1246446448,28
1246451746,50
1246459259,7675
1246471409,14
1246482134,24
1246482207,62
1246483895,200
1246500556,95
1246504454,15
1246510003,12
1246513769,26
1246515824,169
1246515971,16
1246519476,16
1246521575,155
1246529893,18
1246532319,215
1246533311,12
1246534911,1694
1246536953,14
1246538174,48
1246539049,18
1246542567,90
1246549494,38
1246561851,21
1246567508,21
1246570817,39
1246574857,18
1246574873,161
1246577741,26
1246582123,56
1246590578,11
1246596727,17
1246596878,27
1246600517,1263
1246600961,44
1246600993,29
1246602771,37
1246622880,16
1246625636,9865
1246629463,29
1246631932,30
1246638907,50
1246642453,39
1246644567,13
1246646082,23
1246662457,11
1246664009,24
1246681024,17
1246687346,12
1246690056,57
1246695181,25
1246709259,35
1246710934,14
1246711970,164
1246712495,20
1246715834,24
1246717058,14
1246721062,518
1246722622,1097
1246742103,18
1246745196,38
1246745654,17
1246749616,229
1246751432,17
1246751434,136
1246759937,45
1246767321,20
1246771179,18
1246779788,87
1246782280,57
1246786755,84
1246790422,75
1246795720,200
1246797254,22
1246802646,29
1246803083,58
1246804487,15
1246812750,62
1246814545,10
1246814836,18
1246817571,20
1246821609,34
1246837463,13
1246843657,28
1246849817,26
1246854395,20
1246857494,31
1246866879,20
1246880217,12
1246887188,42
1246895855,46
1246904632,130
1246905604,103
1246911708,72
1246914307,20
1246924426,15
1246924457,11
1246959565,42
1246959727,47
1246967830,13
1246980923,47
1246989049,30
1246992941,65
1246994155,46
1247000985,25
1247014730,112
1247024515,19
1247024804,131
1247033084,108
1247044553,16
1247045448,161
1247052265,53
1247062549,41
1247077303,33
1247077505,42
1247078110,90
1247086450,16
1247093576,23
1247095976,371
1247100158,23
1247106374,10
1247115218,103
1247115666,129
1247117944,37
1247122194,21
1247124796,16
1247134453,70
1247141754,11
1247142210,31
1247149707,149
1247161384,30
1247171934,19
1247181447,51
1247188228,46
1247190710,79
1247191183,15
1247195606,33
1247195686,22
1247212350,28
1247217251,87
1247225040,14
1247231088,71
1247236424,620
1247242073,325
1247256403,6
1247256864,398
1247257056,77
1247257077,20
1247257153,11
1247265455,27
1247276507,12
1247281221,37
1247282947,14
1247286539,28
1247288896,287
1247289840,29
1247290145,29
1247291997,23
1247292043,67
1247294715,441
1247295822,14
1247301782,43
1247302502,86
1247303587,12
1247310533,37
1247314588,173
1247316645,35
1247317288,54
1247321833,418
1247351481,20
1247356796,23
1247365040,93
1247371684,70
1247376153,23
1247376695,174
1247380137,36
1247384825,30
1247388276,47
1247401217,54
1247414152,151
1247418292,55
1247419504,21
1247421999,16
1247424466,13
1247425144,11
1247433544,84
1247436411,104
1247458577,16
1247458623,30
1247459187,37
1247461066,30
1247469826,185
1247473093,16
1247477036,20
1247482929,70
1247489291,64
1247492866,14
1247495357,23
1247508851,17
1247509569,24
1247515668,27
1247529759,18
1247539290,13
1247546991,416
1247561558,13
1247570734,22
1247581321,79
1247581975,50
1247591069,84
1247591822,24
1247594975,12
1247599728,30
1247600704,15
1247602219,26
1247604974,10
1247605879,47
1247605980,53
1247609335,85
1247612350,230
1247622731,156
1247623206,27
1247625334,12
1247628069,14
1247630704,58
1247641253,17
1247649837,21
1247663174,13
1247666824,27
1247670071,27
1247671245,115
1247672857,35
1247682155,21
1247682989,26
1247694581,13
1247699938,13
1247702973,111
1247709872,31
1247712689,40
1247712904,23
1247720302,53
1247743070,11
1247743352,159
1247745092,18
1247746103,22
1247746872,14
1247748424,45
1247756899,23
1247777740,19
1247782277,37
1247782800,27
1247786593,275
1247798896,16
1247799878,32
1247808514,257
1247813845,14
1247826283,11
1247833825,80
1247838123,158
1247842541,22
1247845398,21
1247866311,15
1247890345,14
1247897962,10
1247916961,575
1247926868,21
1247938040,222
1247939001,63
1247940076,18
1247944288,424
1247953558,131
1247955571,15
1247959177,19
1247960650,93
1247966640,83
1247969231,37
1247972630,42
1247980837,19
1247981517,147
1247984150,13
1248011103,2186
1248031872,87
1248032650,22
1248034647,125
1248040531,12
1248040866,23
1248041623,54
1248045931,18
1248050597,18
1248051050,14
1248054102,66
1248055238,400
1248058147,76
1248064498,11
1248066032,14
1248067744,12
1248072541,23
1248078952,99
1248082572,7
1248087013,59
1248090936,11
1248096254,51
1248105780,64
1248111614,24
1248111899,19
1248123371,97
1248124718,22
1248128332,13
1248129522,13
1248141334,172
1248143320,20
1248150453,25
1248150739,21
1248151636,12
1248154861,24
1248155542,41
1248160730,18
1248163123,12
1248164821,21
1248165430,21
1248175705,107
1248181720,29
1248182767,21
1248183848,41
1248186446,118
1248199024,39
1248199796,13
1248204690,460
1248211654,22
1248213776,69
1248216427,573
1248219709,68
1248221644,44
1248231202,13
1248243804,28
1248248786,24
1248253333,20
1248255775,23
1248257257,118
1248257430,90
1248264334,30
1248267320,505
1248269184,13
1248275548,18
1248292552,14
1248296770,20
1248302385,24
1248302524,35
1248303277,53
1248305485,127
1248309376,18
1248310439,106
1248315096,364
1248323006,353
1248332641,13
1248333420,35
1248334419,38
1248336086,56
1248340154,21
1248344067,23
1248346724,150
1248348085,15
1248348624,24
1248352148,43
1248353257,14
1248354167,30
1248357950,15
1248358923,1116
1248359368,26
1248368290,20
1248369746,21
1248373426,60
1248374766,118
1248378025,112
1248384170,39
1248385157,53
1248395430,39
1248396295,25
1248401048,48
1248401658,30
1248403597,61
1248412629,34
1248413615,14
1248414214,42
1248417002,12
1248435337,12
1248438483,38
1248441930,23
1248442200,66
1248442484,26
1248453360,35
1248453777,38
1248461566,15
1248469137,28
1248474674,54
1248482197,276
1248482770,16
1248483021,28
1248489557,69
1248493288,120
1248502601,11
1248509220,14
1248510758,22
1248512702,21
1248516993,143
1248517174,32
1248517528,44
1248528424,41
1248534579,33
1248538120,19
1248559884,11
1248573158,15
1248575408,21
1248579736,65
1248581414,11
1248586873,51
1248587890,12
1248591409,21
1248591897,55
1248597849,22
1248615838,36
1248618409,401
1248620768,244
1248620921,23
1248625781,19
1248628771,24
1248636112,200
1248647057,19
1248656866,20
1248657228,63
1248659915,176
1248670681,50
1248670774,20
1248679982,36
1248685391,690
1248715157,19
1248719717,48
1248726560,28
1248727836,25
1248731923,37
1248735165,11
1248735456,39
1248735737,46
1248742343,486
1248745413,267
1248747220,662
1248749020,16
1248758524,159
1248761307,1030
1248761484,16
1248763048,243
1248766276,116
1248769876,11
1248772322,11
1248772557,11
1248774202,435
1248782150,41
1248789121,260
1248793375,15
1248794761,31
1248795924,170
1248796295,22
1248803716,32
1248827715,19
1248827837,24
1248836706,22
1248861358,54
1248871857,14
1248872128,28
1248873301,59
1248874742,74
1248874749,82
1248880965,15
1248882195,17
1248882718,58
1248883464,32
1248889884,110
1248896213,17
1248897354,24
1248897838,151
1248898453,11
1248898722,20
1248898972,33
1248908185,12
1248915354,24
1248917960,25
1248924479,452
1248925933,19
1248926022,88
1248930600,48
1248931805,26
1248932206,12
1248933347,66
1248941614,38
1248943562,26
1248949848,12
1248950091,31
1248951081,24
1248951507,21
1248952892,14
1248955957,3644
1248958654,55
1248962830,19
1248981027,128
1248981662,105
1248983894,16
1248984067,47
1248986738,15
1248994114,25
1249006271,31
1249013020,26
1249014031,55
1249015197,33
1249015425,14
1249023319,13
1249024111,62
1249027272,220
1249040497,78
1249047809,69
1249051947,14
1249052052,11
1249052875,13
1249062173,14
1249068419,14
1249070629,148
1249094239,148
1249095115,140
1249111989,50
1249123734,119
1249131332,22
1249136784,37
1249157414,19
1249158906,17
1249162928,478
1249175775,15
1249178065,20
1249180847,172
1249181353,28
1249182330,23
1249187944,97
1249189589,94
1249202199,20
1249203338,1097
1249207787,14
1249209643,290
1249213103,33
1249224062,137
1249225398,24
1249239992,18
1249245754,445
1249258514,294
1249261520,1952
1249271148,26
1249276248,16
1249284066,20
1249287005,33
1249290620,38
1249293657,27
1249296723,13
1249300381,98
1249303001,13
1249305626,19
1249305805,11
1249315245,29
1249317289,32
1249325080,48
1249332416,45
1249337353,21
1249344928,21
1249345325,26
1249346259,19
1249357615,63
1249360394,10
1249363406,33
1249369480,69
1249380837,25
1249382417,15
1249386263,35
1249386299,30
1249406215,15
1249408490,32
1249409445,44
1249410188,22
1249421739,32
1249422921,62
1249430762,11
1249432822,10
1249454751,13
1249458219,24
1249462231,85
1249462611,116
1249466568,13
1249467039,30
1249488202,113
1249509510,18
1249519439,22
1249521361,18
1249530651,34
1249530755,43
1249534702,67
1249535239,83
1249548355,34
1249549064,16
1249550191,394
1249550690,55
1249557108,18
1249572987,77
1249573380,14
1249578225,16
1249582990,56
1249619405,23
1249628271,18
1249634577,91
1249655286,54
1249658123,74
1249659243,62
1249662979,23
1249663397,13
1249669193,19
1249681283,16
1249695433,15
1249708194,49
1249709179,89
1249723308,70
1249730633,60
1249731486,49
1249738003,136
1249740810,47
1249756800,21
1249766977,19
1249774057,500
1249779388,16
1249784811,19
1249785717,25
1249792018,31
1249808300,30
1249808474,19
1249808814,113
1249809218,12
1249813229,79
1249814139,106
1249826669,16
1249826776,13
1249847701,106
1249847920,137
1249849319,68
1249853652,31
1249855865,192
1249866465,2561
1249868091,24
1249880434,15
1249883059,11
1249887741,44
1249888354,161
1249892130,13
1249893354,20
1249895223,41
1249897175,30
1249903076,19
1249907578,66
1249908102,22
1249910480,12
1249913179,145
1249913251,51
1249915620,13
1249922033,923
1249923101,20
1249942687,46
1249944634,20
1249951168,29
1249964612,20
1249973862,70
1249978957,19
1249980876,95
1249982319,21
1249983772,190
1249989933,19
1250007509,12
1250009810,56
1250016256,15
1250020003,19
1250040582,576
1250045863,15
1250050869,123
1250057030,12
1250060426,34
1250065590,42
1250068182,55
1250070490,69
1250072702,12
1250081513,31
1250083495,33
1250085833,20
1250093949,11
1250109958,17
1250113821,44
1250122277,32
1250123107,20
1250126240,96
1250129192,21
1250134799,16
1250142065,17
1250143574,12
1250146825,12
1250157861,14
1250160502,16
1250164325,12
1250182657,23
1250204816,31
1250216343,14
1250224428,22
1250229427,30
1250233265,23
1250237069,19
1250243010,39
1250244785,19
1250245397,19
1250255823,56
1250257487,47
1250258692,303
1250258829,17
1250259248,58
1250265557,18
1250276806,611
1250280866,163
1250289468,26
1250293035,20
1250295793,59
1250296394,12
1250296864,336
1250301953,77
1250301976,67
1250308031,12
1250314473,21
1250315476,23
1250320740,16
1250326588,11
1250332636,94
1250335928,14
1250336324,14
1250337793,27
1250346244,20
1250354179,17
1250360389,66
1250361878,16
1250367999,21
1250377526,11
1250391425,12
1250394838,144
1250404733,38
1250414618,10
1250417836,17
1250420602,38
1250439637,57
1250445362,11
1250446965,20
1250459937,186
1250468542,23
1250486012,23
1250493755,138
1250500177,11
1250504922,23
1250505481,21
1250508847,79
1250510717,17
1250512479,20
1250528328,22
1250529441,12
1250540901,28
1250541123,16
1250553890,16
1250556989,12
1250561399,15
1250568649,60
1250569639,167
1250575980,1113
1250595753,26
1250626860,121
1250634182,68
1250651738,157
1250651755,136
1250658155,21
1250658283,21
1250663311,22
1250666404,15
1250673270,40
1250677506,60
1250678702,55
1250680727,63
1250681945,29
1250696677,41
1250706260,47
1250709578,28
1250713849,15
1250716184,15
1250741226,38
1250756907,11
1250763371,129
1250763414,226
1250771627,19
1250806008,102
1250812354,105
1250815023,21
1250818845,2118
1250822765,4617
1250824950,113
1250830715,59
1250834429,145
1250835189,103
1250835709,540
1250836794,55
1250837740,52
1250837806,15
1250842815,27
1250848732,19
1250860168,806
1250863480,12
1250868690,175
1250876768,15
1250878990,23
1250889003,20
1250895580,65
1250907050,18
1250911372,805
1250918358,57
1250918529,39
1250924595,102
1250931415,33
1250937916,11
1250950417,18
1250958854,15
1250977830,30
1250978302,156
1250978888,27
1250981471,22
1250989577,61
1250997037,16
1250998045,29
1251005638,46
1251007586,99
1251009262,15
1251011584,16
1251011879,28
1251012724,44
1251014582,21
1251020438,11
1251020516,11
1251020986,38
1251023065,18
1251023178,18
1251024234,16
1251025862,13
1251026554,14
1251032065,56
1251045093,100
1251057798,1863
1251066255,101
1251067168,19
1251068284,34
1251069607,34
1251072363,29
1251077755,55
1251078984,15
1251085918,21
1251086499,12
1251086916,2071
1251097472,32
1251097626,63
1251103176,17
1251118569,34
1251118601,33
1251122133,342
1251123266,135
1251124565,37
1251126765,18
1251127841,104
1251130670,56
1251139326,20
1251139884,51
1251140252,36
1251145978,23
1251150120,39
1251156448,29
1251159224,13
1251160046,52
1251169801,85
1251180462,41
1251182451,17
1251186402,3154
1251187002,11
1251194539,12
1251196102,13
1251213060,44
1251216667,1669
1251226689,44
1251240181,14
1251240323,29
1251241656,442
1251246810,331
1251249025,13
1251254800,27
1251258620,16
1251260343,20
1251263546,7255
1251265302,25
1251266007,14
1251273528,21
1251278834,19
1251280424,182
1251282803,17
1251283920,13
1251301903,1545
1251303564,27
1251313363,12
1251313933,37
1251314041,90
1251314288,30
1251323039,12
1251343430,30
1251352160,33
1251359454,19
1251360469,156
1251368164,87
1251377810,300
1251382271,356
1251382609,25
1251385826,18
1251386476,415
1251387822,14
1251387915,14
1251398714,35
1251401451,22
1251409505,11
1251420451,22
1251421003,23
1251433180,19
1251445838,146
1251447656,17
1251450386,463
1251456931,17
1251460378,5667
1251460904,19
1251465520,25
1251466224,13
1251467172,28
1251482232,78
1251491910,40
1251497181,12
1251498553,25
1251498620,83
1251504299,19
1251505949,38
1251508685,50
1251523074,46
1251532445,23
1251542434,17
1251547021,14
1251547207,20
1251552989,29
1251558498,23
1251570670,93
1251580441,24
1251583175,94
1251599962,21
1251604333,674
1251624865,40
1251626339,54
1251648836,220
1251663029,19
1251670765,16
1251689896,17
1251699671,19
1251700076,19
1251721871,19
1251723283,39
1251724698,25
1251731366,51
1251731376,13
1251734577,301
1251734584,41
1251739081,23
1251740335,27
1251756708,17
1251759892,56
1251760410,11
1251772458,113
1251775321,29
1251775733,12109
1251778861,24
1251792143,36
1251802067,179
1251802724,15
1251803584,15
1251813045,92
1251827172,13
1251829083,14
1251829476,13
1251845453,12
1251848854,38
1251849393,50
1251849873,51
1251875798,535
1251875808,23
1251884605,89
1251885652,55
1251890389,15
1251897393,1145
1251899628,23
1251903045,47
1251908803,114
1251910639,21
1251914525,64
1251915392,17
1251922807,255
1251925434,24
1251927617,29
1251929985,118
1251930408,13
1251934611,88
1251942561,48
1251952412,71
1251952732,18
1251953699,20
1251959042,11
1251971351,21
1251972814,205
1251976028,137
1251980172,76
1252004011,98
1252004709,18
1252008320,58
1252018507,40
1252021413,16
1252023224,26
1252031757,25
1252036272,22
1252038744,18
1252041604,34
1252061412,77
1252069793,13
1252078364,54
1252079931,12
1252091728,17
1252094313,187
1252102710,63
1252117557,397
1252124728,100
1252126809,11
1252127170,63
1252128435,94
1252128712,18
1252129353,23
1252130548,58
1252131252,13
1252134250,43
1252136178,16
1252140935,11
1252147339,359
1252153392,43
1252154132,53
1252159801,59
1252163022,22
1252166840,165
1252169477,24
1252174335,219
1252175636,17
1252190566,15
1252192009,75
1252193482,63
1252196939,20
1252197860,21
1252198341,1024
1252200141,26
1252203843,20
1252211432,25
1252217827,111
1252218467,31
1252218508,44
1252237951,59
1252243502,29
1252244572,64
1252248426,35
1252252549,181
1252254864,15
1252255944,21
1252258448,748
1252263438,14
1252270191,36
1252273912,44
1252276246,74
1252291546,16
1252294823,1286
1252298988,15
1252302865,50
1252306996,1895
1252311044,74
1252321383,1230
1252323344,29
1252324680,13
1252329745,24
1252335022,14
1252338417,396
1252344029,11
1252346445,14
1252347222,53
1252349871,18
1252351219,32
1252352256,266
1252353845,21
1252355400,16
1252356934,398
1252369220,23
1252388266,27
1252390722,33
1252416155,140
1252416972,35
1252426483,19
1252427005,179
1252427337,35
1252430502,24
1252432466,1682
1252440552,12
1252450076,115
1252453520,47
1252460350,134
1252480275,16
1252489123,39
1252489441,15
1252504178,48
1252504826,13
1252509592,25
1252514339,15
1252529804,205
1252531427,23
1252551939,39
1252565065,119
1252604518,53
1252612897,16
1252614765,25
1252618883,38
1252640395,64
1252660578,17
1252663001,45
1252665712,314
1252674082,13
1252678407,12
1252683525,129
1252706328,10
1252708837,56
1252709482,98
1252714485,11
1252720351,21
1252742425,17
1252753056,144
1252762674,13
1252767968,64
1252769293,18
1252769537,57
1252770030,153
1252773170,170
1252781693,86
1252783246,24
1252786173,25
1252794477,22
1252795971,19
1252796495,45
1252800918,482
1252806653,45
1252807060,16
1252812411,14
1252814323,341
1252818966,24
1252834518,400
1252837596,45
1252849584,413
1252855223,14
1252855897,40
1252864153,11
1252865556,268
1252872258,17
1252873338,12
1252906447,278
1252912673,29
1252914174,1367
1252928482,21
1252928995,222
1252936604,29
1252944075,115
1252945188,17
1252947649,16
1252952191,13
1252952405,14
1252953230,24
1252954588,54
1252959382,13
1252977352,21
1252983492,113
1252984906,15
1253003051,18
1253009493,23
1253018855,19
1253018922,56
1253028636,94
1253029370,19
1253030135,36
1253030239,25
1253035764,15
1253043798,63
1253048130,337
1253051799,11
1253053983,32
1253058314,14
1253060190,11
1253073679,173
1253076510,60
1253087813,76
1253093667,19
1253094078,23
1253095831,14
1253096577,27
1253105062,17
1253106462,21
1253109536,19
1253136404,119
1253138201,10096
1253140411,14
1253142931,77
1253154385,17
1253159229,14
1253161184,25
1253161550,60
1253172163,104
1253173624,16
1253176060,13
1253177447,11
1253180911,32
1253183580,12
1253187784,505
1253188133,56
1253188625,26
1253189731,68
1253190467,595
1253192251,15
1253193912,46
1253196108,78
1253198907,43
1253202484,12
1253209585,24
1253215229,21
1253226365,18
1253229117,80
1253229410,54
1253236308,865
1253246843,107
1253255514,18
1253258627,33
1253263152,11
1253263363,19
1253264520,16
1253274530,443
1253276414,11
1253277329,47
1253282479,12
1253289046,26
1253291046,18
1253298475,42
1253298895,449
1253310633,23
1253315866,32
1253321907,13
1253325096,49
1253333823,19
1253338425,53
1253345584,14
1253355518,14
1253355909,24
1253360155,12
1253367871,36
1253380025,34
1253383646,30
1253395625,22
1253396714,63
1253399623,33
1253402092,61
1253404011,11
1253408150,16
1253408695,53
1253416463,214
1253425173,115
1253434460,33
1253437477,20
1253447693,13
1253468349,28
1253469197,279
1253472297,20
1253475617,98
1253485086,15
1253502725,19
1253504490,49
1253525979,535
1253530425,18
1253537209,11
1253541782,35
1253553116,28
1253557571,17
1253570680,23
1253581456,42
1253582840,23
1253595420,23
1253613039,14
1253615096,22
1253623979,22
1253656413,136
1253671303,94
1253675841,32
1253679657,41
1253681844,15
1253689538,23
1253690069,12
1253701314,73
1253701802,48
1253702844,542
1253707218,30
1253713483,38
1253720103,17
1253729367,32
1253736519,39
1253742875,35
1253751761,33
1253754548,15
1253767152,99
1253777615,23
1253792211,18
1253810861,496
1253811539,34
1253818087,478
1253828973,14
1253838600,57
1253848583,26
1253848998,44
1253854641,130
1253861590,37
1253884201,31
1253885183,12
1253890132,28
1253895982,23
1253897951,122
1253903395,34
1253909831,26
1253910734,108
1253910903,15
1253911241,22
1253931164,18
1253944538,13
1253949245,18
1253958043,65
1253958991,14
1253960983,54
1253965584,27
1253977740,298
1253986450,46
1253990739,13
1253998361,22
1253999202,35
1254012505,31
1254014703,28
1254015381,80
1254016797,38
1254019661,18
1254019975,35
1254024450,11
1254030784,12
1254034581,38
1254042671,227
1254048353,63
1254056681,116
1254057572,18
1254070081,17
1254079730,20
1254079995,12
1254082382,32
1254083542,13
1254084097,140
1254084271,203
1254094317,13
1254098980,115
1254102663,1602
1254109005,141
1254114247,27
1254116142,37
1254116963,15
1254121526,17
1254133915,213
1254138541,140
1254144254,21
1254144284,17
1254146279,13
1254147730,83
1254160123,35
1254169763,65
1254172144,308
1254179462,279
1254181310,36
1254184429,26
1254189492,66
1254212219,13
1254222212,12
1254225062,464
1254227775,14
1254236422,23
1254236704,11
1254241414,41
1254252644,403
1254255091,17
1254260949,46
1254262014,19
1254264635,114
1254275329,18
1254275749,21
1254290765,1
1254297242,301
1254301562,20
1254302588,127
1254319847,17
1254330320,23
1254332563,48
1254334425,411
1254339935,35
1254363469,14
1254364909,12
1254373926,28
1254381594,36
1254384645,24
1254385987,45
1254390017,13
1254392393,13
1254398677,231
1254399477,13
1254401289,19
1254406160,105
1254411461,11
1254412545,12
1254416519,29
1254422214,52
1254431824,21
1254437167,39
1254441434,217
1254442158,67
1254446563,14
1254447437,27
1254452192,17
1254452787,40
1254464469,28
1254468871,128
1254470906,13
1254484582,11
1254485070,115
1254488786,305
1254493862,12
1254494310,24
1254494406,119
1254496741,147
1254511581,60
1254512342,18
1254513990,22
1254520394,29
1254524549,26
1254526494,76
1254527180,21
1254542861,64
1254550137,19
1254551153,13
1254554862,540
1254563196,15
1254564615,43
1254568308,17
1254581518,16
1254582918,432
1254583584,47
1254587174,14
1254611266,35
1254612542,64
1254621308,14
1254626919,11
1254628874,13
1254632152,16
1254639681,14
1254654777,14
1254670042,37
1254677146,51
1254677395,26
1254683579,12
1254686143,14
1254689754,66
1254690960,13
1254694129,42
1254695322,33
1254698689,15
1254705293,15
1254709505,32
1254709542,95
1254709546,97
1254723344,27
1254738596,129
1254747633,73
1254749434,782
1254762496,41
1254770962,120
1254781717,40
1254786830,18
1254791906,17
1254793224,14
1254796141,38
1254796279,33
1254797756,16
1254804097,108
1254806672,10
1254821193,113
1254821263,12
1254821702,36
1254822800,16
1254833122,59
1254835140,19
1254841524,18
1254842655,14
1254844644,53
1254852838,53
1254853575,67
1254855346,121
1254859692,38
1254862084,358
1254864393,40
1254883422,91
1254883580,25
1254883786,14
1254889363,423
1254897550,24
1254902423,44
1254907261,14
1254909527,327
1254916915,43
1254921178,69
1254922746,14
1254925678,17
1254927411,37
1254930923,174
1254933451,57
1254936535,70
1254957788,26
1254958761,20
1254962360,21
1254968049,13
1254975170,27
1254976532,14
1254978612,1446
1254979680,60
1254980620,12
1254981976,38
1254982293,28
1254988625,18
1254989944,23
1254994604,11
1254999058,73
1255000879,20
1255012792,20
1255014875,367
1255018965,221
1255019438,140
1255030433,135
1255035312,104
1255036494,37
1255040895,45
1255047944,17
1255048873,16
1255052395,26
1255053392,90
1255058993,40
1255066757,171
1255069527,1376
1255069809,28
1255083276,14
1255084016,238
1255096810,33
1255103576,24
1255106581,18
1255110293,21
1255112026,48
1255112574,44
1255122629,965
1255122754,86
1255125268,36
1255126889,11
1255127941,42
1255129589,14
1255138122,113
1255139597,12
1255140163,24
1255141143,33
1255148136,56
1255156283,70
1255156294,13
1255160041,30
1255160069,45
1255163849,14
1255172001,81
1255180606,87604
1255182796,11
1255183845,85
1255184316,11
1255184385,43
1255204332,13
1255204944,167
1255207002,14
1255207455,23
1255214093,76
1255215630,62
1255216528,28
1255217938,6002
1255221654,184
1255225975,97
1255231979,94
1255237198,7964
1255240664,29
1255248708,31
1255251136,96
1255251478,302
1255252768,15
1255259812,21
1255262063,74
1255267904,558
1255281808,16
1255283013,13
1255291036,1089
1255291644,26
1255292571,15
1255294416,13
1255296887,70
1255298603,36
1255302592,13
1255305328,146
1255328803,282
1255337613,15
1255349692,34
1255351625,23
1255352255,30
1255359164,38
1255361346,49
1255370361,43
1255377268,12
1255388337,162
1255391825,184
1255396003,17
1255396262,18
1255399416,83
1255400304,26
1255412388,1372
1255435041,27
1255437855,27
1255452572,213
1255459277,109
1255466067,92
1255479245,161
1255480829,31
1255488822,20
1255497074,44
1255500482,30
1255508156,45
1255527317,205
1255529982,12
1255548448,17
1255563159,783
1255566884,21
1255580602,46
1255592467,24
1255596359,321
1255606208,33
1255607681,15
1255607931,30
1255610167,48
1255610635,16
1255619122,60
1255623257,97
1255626665,41
1255632247,25
1255635173,19
1255635278,15
1255635956,40
1255636103,22
1255642930,11
1255644879,119
1255645214,253
1255645993,95
1255649592,14
1255655571,20
1255658534,18
1255665358,161
1255672659,17
1255689883,294
1255695357,14
1255699364,22
1255701432,782
1255706921,65
1255708192,93
1255715568,108
1255715915,52
1255722057,67
1255725941,23
1255726496,16
1255729003,26
1255734079,428
1255735488,80
1255737222,489
1255738228,52
1255741629,36
1255741729,163
1255742924,256
1255753477,30
1255754715,12
1255764474,40
1255768549,879
1255775965,89
1255777137,21
1255779273,20
1255793570,16
1255794238,81
1255798421,18
1255800034,740
1255801447,67
1255809571,64
1255811098,29
1255814688,19
1255816229,15
1255817315,418
1255835429,60
1255839702,14
1255841045,277
1255841208,59
1255852666,1466
1255854163,145
1255866572,294
1255868108,20
1255871614,302
1255875588,64
1255878092,61
1255884999,37
1255887695,21
1255894310,35
1255906464,18
1255926795,16
1255930302,155
1255931715,17
1255932242,43
1255934214,65
1255939006,18
1255939927,1036
1255952586,16
1255957684,199
1255959569,16
1255962608,16
1255964317,13
1255969968,12
1255977012,15
1255978057,41
1255987686,22
1256004106,22
1256004258,41
1256004591,14
1256006352,91
1256008414,12
1256010188,27
1256010196,41
1256013446,100
1256017052,13
1256019022,20
1256035393,201
1256044657,15
1256044850,25
1256057070,31
1256057097,29
1256061018,64
1256068437,28
1256070689,1847
1256075082,198
1256080504,1322
1256081410,27
1256082863,2629
1256087672,20
1256100909,16
1256101061,12
1256117847,39
1256129531,29
1256134563,19
1256135527,176
1256142741,17
1256150601,166
1256152082,22
1256152256,13
1256157003,24
1256158761,17
1256162488,11
1256168258,380
1256174716,18
1256203716,43
1256206719,14
1256210575,41
1256212160,29
1256225183,445
1256233184,91
1256245174,34
1256253725,16
1256254749,27
1256267364,54
1256270560,32
1256273336,22
1256283138,56
1256284456,37
1256294633,23
1256335459,150
1256339895,26
1256345172,45
1256353697,135
1256355630,28
1256362818,17
1256365721,11
1256369595,52
1256380956,14
1256381100,26
1256384533,27
1256386246,135
1256392208,26
1256393269,67
1256394332,23
1256394914,50
1256395974,25
1256397049,37
1256418773,15
1256421769,10
1256425092,12
1256429757,31
1256465772,24
1256469584,30
1256474162,23
1256477021,38
1256488150,15
1256488414,32
1256508800,17
1256525840,338
1256528164,31
1256532379,19
1256536129,21
1256556655,16
1256557633,38
1256569717,41
1256574820,24
1256594473,66
1256613417,1097
1256613854,53
1256614080,66
1256616890,448
1256622298,39
1256635590,15
1256663368,12
1256668848,88
1256674994,29
1256680367,28
1256685222,16
1256692328,25
1256694816,36
1256695612,13
1256697754,29
1256700912,138
1256706414,22
1256706847,381
1256707537,50
1256708592,300
1256719211,70
1256728599,2044
1256730629,45
1256746773,39
1256751458,13
1256753731,16
1256757375,130
1256762317,24
1256762495,68
1256766596,47
1256767131,28
1256791924,298
1256792998,38
1256796696,23
1256797384,35
1256810082,14
1256810886,27
1256811075,12
1256811827,16
1256814757,12
1256816449,49
1256826613,104
1256838837,20
1256853835,75
1256855764,145
1256859409,41
1256862575,24
1256866626,18
1256868358,1207
1256877966,19
1256880556,2
1256880560,22
1256881326,200
1256887864,74
1256896059,27
1256900649,18
1256905546,198
1256921461,11
1256921558,19
1256922648,21
1256922851,16
1256948073,21
1256948331,236
1256958861,12
1256960873,23
1256973124,56
1256980703,72
1256987455,30
1256989150,36
1256993124,26
1256996978,13
1256997541,164
1257001631,41
1257015437,16
1257021270,33
1257023848,36
1257026460,14
1257026582,30
1257026599,15
1257033404,21
1257035990,135
1257038971,15
1257049996,15
1257059092,14
1257064854,58
1257081095,39
1257081562,32
1257083638,45
1257084734,33
1257086995,23
1257097658,45
1257105253,799
1257115788,82
1257121594,159
1257135861,112
1257138628,15
1257142330,28
1257149881,67
1257150485,71
1257152532,22
1257154160,976
1257164704,26
1257167310,32
1257168102,999
1257168128,13
1257176278,14
1257179976,25
1257184348,89
1257184479,96
1257192156,18
1257196285,13
1257205393,35
1257218160,22
1257237972,100
1257238395,219
1257239130,35
1257245859,30
1257246331,16
1257256310,29
1257259287,69
1257260140,11
1257267571,10
1257272743,11
1257287847,41
1257302750,69
1257306325,447
1257311255,14
1257312136,19
1257325436,19
1257326665,143
1257334011,29
1257334909,16
1257336733,63
1257338172,87
1257339205,17
1257340523,19
1257340615,42
1257340967,25
1257342857,31
1257344450,35
1257347274,19
1257350653,19
1257356927,75
1257366746,67
1257374565,57
1257378383,91
1257395037,134
1257410408,26
1257412756,23
1257414614,39
1257420150,122
1257430841,11
1257444227,15
1257461065,35
1257473218,29
1257475195,12
1257479175,30
1257488099,16
1257493303,15
1257495129,99
1257524396,358
1257527947,32
1257533120,39
1257533286,1454
1257534627,22
1257539780,30
1257543605,53
1257547794,26
1257551522,14
1257556156,22
1257558028,26
1257581672,5
1257591931,84
1257597917,12
1257605213,264
1257617514,21
1257643781,15
1257660639,69
1257661520,11
1257677012,14
1257685893,11
1257687200,236
1257696179,11
1257698938,38
1257701836,23
1257711769,35
1257717114,16
1257724435,49
1257729787,16
1257734455,39
1257735930,37
1257744257,112
1257751567,25
1257753186,21
1257759481,76
1257765230,63
1257766325,18
1257774704,54
1257781328,119
1257796544,18
1257798483,189
1257804050,13
1257804391,68
1257815288,32
1257821422,12
1257821888,15
1257823859,13
1257823911,14
1257825473,13
1257827184,22
1257838048,37
1257849583,18
1257849871,24
1257850224,22
1257850501,20
1257855543,22
1257858164,475
1257863403,11
1257867023,274
1257868723,54
1257869916,12
1257870136,19
1257870356,14
1257883885,44
1257889861,15
1257890423,14
1257891396,12
1257900040,32
1257908328,42
1257917139,17
1257921640,16
1257933595,218
1257939823,106
1257940229,13
1257947813,82
1257953142,511
1257953914,490
1257960486,13
1257970587,21
1257971581,475
1257979261,12
1257982213,71
1257983666,68
1257995739,12
1257997012,39
1258006305,105
1258007831,53
1258009125,17
1258023796,16
1258030732,86
1258031582,102
1258033438,28
1258038455,11
1258039718,19
1258047506,13
1258061785,20
1258061935,28
1258066808,102
1258071797,14
1258079443,11
1258091885,14
1258095431,14
1258106719,17
1258115712,15
1258121809,88
1258122081,55
1258124114,1
1258125843,59
1258127863,144
1258135570,31
1258139388,14
1258140778,51
1258140989,11
1258165990,15
1258166617,48
1258168862,182
1258176958,42
1258182956,24
1258189993,66
1258193405,10
1258200041,38
1258201451,35
1258203386,14
1258221473,460
1258225193,45
1258227143,22
1258228307,29
1258238626,27
1258242408,141
1258244355,15
1258244763,12
1258251268,209
1258259975,14
1258260539,18
1258262448,38
1258288849,11
1258299774,52
1258301311,2969
1258303369,15
1258305951,156
1258321488,46
1258332155,51
1258335228,111
1258337236,14
1258340670,101
1258346478,18
1258365577,18
1258367539,30
1258373802,139
1258375522,64
1258377532,35
1258378203,25
1258386431,240
1258390378,68
1258395429,78
1258401277,48
1258413847,473
1258428688,12
1258434033,12
1258435504,20
1258435606,19
1258439249,17
1258441232,21
1258456256,20
1258457725,93
1258459022,23
1258460717,45
1258464919,57
1258471673,20
1258473132,79
1258483266,23
1258496446,1421
1258499650,13
1258504422,52
1258504679,57
1258521451,9
1258556728,54
1258560454,20
1258588229,40
1258588698,29
1258597378,67
1258602218,32
1258613313,25
1258619550,15
1258621567,953
1258626648,18
1258644344,23
1258646291,910
1258647960,16
1258649388,31
1258649428,35
1258649467,18
1258654823,24
1258661939,15
1258680088,12
1258702484,77
1258710790,71
1258728537,15
1258729729,15
1258739820,10
1258742941,206
1258744471,12
1258748958,63
1258757115,79
1258758594,12
1258763088,78
1258773748,12
1258786108,24
1258788077,825
1258788360,111
1258792464,95
1258812574,55
1258823740,50
1258829991,48
1258837516,11
1258857842,21
1258861605,32
1258862322,1087
1258868919,15
1258871740,11
1258875542,18
1258876319,26
1258891039,16
1258896369,15
1258907670,171
1258907996,17
1258915869,60
1258919692,2856
1258921750,274
1258926070,62
1258927530,31
1258929370,13
1258931275,18
1258932513,1413
1258942809,11
1258944375,189
1258957599,39
1258968157,21
1258973778,16
1258978313,194
1258992238,45
1258994637,529
1258994885,70
1258995114,16
1258998722,21
1259014725,13
1259018168,18
1259026412,856
1259028314,120
1259034115,21
1259034625,41
1259052145,95
1259056815,26
1259059236,16
1259061131,25
1259065572,19
1259075745,11
1259077622,14
1259083708,31
1259085213,53
1259085778,16
1259090179,48
1259107621,46
1259108546,35
1259108597,413
1259110872,12
1259117115,16
1259120931,24
1259131593,41
1259145252,18
1259147822,22
1259149438,17
1259159255,20
1259165014,21
1259171983,11
1259178633,11
1259181812,18
1259191407,16
1259194804,1343
1259201063,129
1259217090,35
1259217247,21
1259222060,14
1259223676,109
1259225551,13
1259231858,33
1259245856,28
1259249706,18
1259251906,24
1259254831,67
1259260853,51
1259275090,36
1259280063,42
1259281365,11
1259283484,11
1259286533,36
1259295666,22
1259300797,19
1259304417,34
1259308521,90
1259311205,91
1259327087,36
1259331899,57
1259335163,20
1259336125,45
1259343264,41
1259358860,14
1259362413,33
1259362713,20
1259369663,14
1259369963,28
1259384869,13
1259395084,134
1259398032,68
1259405859,117
1259415915,34
1259423904,31
1259425261,60
1259431541,78
1259457554,36
1259462203,28
1259474972,14
1259483683,253
1259485799,58
1259491562,17
1259494501,18
1259497581,15
1259507820,16
1259512035,21
1259522769,99
1259523153,27
1259526897,29
1259531690,15
1259533679,13
1259534208,32
1259537705,21
1259544911,18
1259550938,122
1259551693,17
1259564149,14
1259565283,178
1259588531,97
1259603732,51
1259603781,17
1259606129,69
1259608817,12
1259609252,15
1259624583,360
1259626350,54
1259628464,54
1259630883,78
1259638534,46
1259640335,15
1259655229,11
1259658765,22
1259659403,14
1259669851,12
1259670522,21
1259675906,351
1259703320,93
1259713623,88
1259719572,19
1259721870,22
1259728164,29
1259735963,14
1259737072,37
1259742577,438
1259782962,61
1259786302,19
1259790088,28
1259790639,33
1259803392,29
1259809062,13
1259836955,13
1259840866,15
1259850204,43
1259853056,18
1259872947,117
1259875534,2803
1259885475,482
1259888079,2524
1259891275,15
1259891941,17
1259893746,75
1259894246,13
1259894852,26
1259899975,20
1259900796,126
1259901407,15
1259915957,31
1259920741,77
1259923337,23
1259934942,20
1259939911,886
1259940171,31
1259951839,109
1259952460,121
1259964745,17
1259970025,36
1259976788,12
1259981261,23
1259988665,84
1259989062,31
1260000827,67
1260005897,32
1260025410,108
1260026035,214
1260029173,26
1260032978,19
1260035249,247
1260043445,196
1260049044,10
1260061766,20
1260073387,13
1260076099,17
1260076680,15
1260091716,22
1260098040,23
1260106056,57
1260110388,234
1260112833,265
1260113241,365
1260114957,18
1260115758,17
1260125959,509
1260131768,11
1260133945,35
1260136347,58
1260141196,80
1260143008,146
1260143846,96
1260146854,12
1260151185,13
1260155434,583
1260167177,27
1260169618,22
1260170265,104
1260175020,15
1260175350,58
1260177823,177
1260183528,48
1260184532,12
1260186676,95
1260187048,12
1260192602,28
1260198724,171
1260209364,42
1260225576,20
1260229560,102
1260233912,18
1260234472,20
1260239529,80
1260240113,141
1260242528,32
1260281911,62
1260281947,34
1260284940,42
1260286969,28
1260287864,31
1260288940,9280
1260298891,18
1260300565,15
1260302733,33
1260304654,10
1260306926,33
1260307676,74
1260309411,81
1260312412,13
1260314510,28
1260325992,47
1260337660,28
1260339805,14
1260339974,249
1260349072,23
1260349075,30
1260352704,38
1260356003,21
1260364763,12
1260372600,13
1260382821,40
1260384009,11
1260388212,22
1260391373,19
1260404909,18
1260405592,102
1260411304,168
1260413335,11
1260429066,19
1260433115,19
1260436039,142
1260441486,46
1260450908,22
1260453112,34
1260465380,18
1260467366,296
1260467916,13
1260468060,203
1260470095,12
1260473040,69
1260475954,115
1260487799,48
1260489286,117
1260489444,515
1260493005,15
1260508753,20
1260548655,79
1260550899,94
1260565605,21
1260566313,29
1260566992,168
1260567504,11
1260570042,15
1260570912,43
1260580223,607
1260580731,248
1260581968,38
1260583277,32
1260584015,91
1260592293,25
1260619539,20
1260625224,605
1260633111,15
1260635669,148
1260638111,13
1260650150,52
1260651471,35
1260654077,11
1260672618,38
1260673375,11
1260680138,49
1260684528,77
1260690154,14
1260694049,18
1260694570,16
1260698041,67
1260703456,12
1260705693,13
1260719601,29
1260738363,15
1260747208,31
1260767408,15
1260777109,1217
1260782172,137
1260783987,93
1260784883,28
1260785845,12
1260790246,21
1260802641,35
1260808534,13
1260815573,12
1260820152,35
1260826634,18
1260829862,14
1260833141,17
1260842109,24
1260858945,18
1260865601,15
1260868321,45
1260881431,22
1260888121,23
1260889371,69
1260898583,28
1260900484,510
1260900514,181
1260902344,11
1260912258,12
1260912552,70
1260914994,76
1260915817,12
1260923039,19
1260930181,138
1260932128,12
1260932922,22
1260940877,258
1260946467,15
1260962896,2253
1260970028,22
1260971370,17
1260981282,11
1260988400,24
1260989566,35
1260990730,51
1260991622,17
1260993476,24
1260994505,19
1260997792,76
1261004744,71
1261005717,68
1261048001,15
1261050605,13
1261050660,18
1261053236,27
1261053712,160
1261057454,31
1261060989,300
1261065819,11
1261075496,27
1261077889,30
1261080024,335
1261091524,17
1261092598,72
1261094281,15
1261102385,18
1261108675,31
1261109384,19
1261114908,241
1261127156,112
1261130089,160
1261131444,20
1261131489,13
1261137992,18
1261139783,25
1261140727,12
1261142701,209
1261142966,12
1261149834,36
1261151781,9
1261151796,11
1261155086,44
1261156607,135
1261156675,49
1261170027,2318
1261174510,38
1261181445,145
1261184716,39
1261189730,25
1261192484,25
1261197405,20
1261197598,38
1261200106,14
1261202186,22
1261204838,331
1261206045,98
1261208315,47
1261209334,25
1261212474,13
1261212938,39
1261214597,15
1261215810,18
1261220798,29
1261222285,13
1261223819,34
1261239100,20
1261240895,15
1261244719,37
1261248738,13
1261250729,17
1261261480,57
1261263626,15
1261264826,20
1261279210,115
1261283764,11
1261291781,46
1261299715,66
1261303294,36
1261308038,14
1261314451,14
1261322128,15
1261322254,22
1261325025,120
1261328849,49
1261335744,286
1261340483,268
1261350061,11
1261352043,24
1261359560,18
1261359773,26
1261361358,17
1261365430,58
1261405199,14
1261418565,27
1261422007,1252
1261435181,21
1261444857,62
1261460894,19
1261465639,16
1261465806,27
1261473759,36
1261473844,13
1261477736,18
1261482517,48
1261484186,32
1261489081,14
1261494515,33
1261496045,19
1261510276,20
1261519189,75
1261529607,78
1261539572,63
1261555327,405
1261560612,22
1261571908,2792
1261575325,103
1261602522,78
1261605201,98
1261606904,25
1261607128,14
1261613239,155
1261618066,14
1261618291,47
1261620020,14
1261637596,43
1261650101,4196
1261653673,15
1261655419,33
1261655913,14
1261663145,5745
1261666359,19
1261668478,18
1261676533,20
1261677886,102
1261689486,11
1261690469,136
1261692450,14
1261696687,28
1261696801,13
1261698932,57
1261699679,12
1261700124,32
1261705376,40
1261706872,14
1261709082,52
1261711686,27
1261717201,256
1261718567,11
1261720977,215
1261721161,20
1261725242,630
1261729018,56
1261729176,30
1261729403,20
1261742826,22
1261746086,15
1261760482,58
1261761574,29
1261773273,86
1261784190,35
1261784901,15
1261794704,429
1261795590,21
1261798970,62
1261810128,37
1261811848,25
1261814068,121
1261819007,21
1261822543,23
1261825338,16
1261842465,21
1261846836,18
1261851971,20
1261859183,326
1261861097,314
1261864097,49
1261865368,19
1261867321,25
1261880172,276
1261880471,129
1261882969,12
1261887193,26
1261891241,21
1261893837,34
1261899136,69
1261904654,29
1261912889,21
1261923892,24
1261925930,19
1261930573,15
1261934811,22
1261938453,101
1261952114,27
1261953460,16
1261958143,175
1261964579,18
1261966474,239
1261968483,30
1261974266,15
1261976132,73
1261979582,31
1262010385,13
1262011244,36
1262011420,63
1262011534,34
1262018067,45
1262031046,59
1262031874,27
1262033876,13
1262034051,453
1262034091,25
1262038960,27
1262042046,368
1262044132,16
1262047253,12
1262061170,18
1262078510,48
1262089852,21
1262093995,66
1262094216,38
1262097785,156
1262099015,20
1262104463,65
1262106658,15
1262108086,3
1262110699,910
1262113622,16
1262139429,15
1262142501,2016
1262161485,11
1262183719,358
1262195134,14
1262210750,51
1262210755,49
1262212892,445
1262217859,38
1262231970,31
1262250380,74
1262251616,15
1262252186,11
1262253113,14
1262255990,55
1262256174,97
1262258494,16
1262260844,12
1262261093,1131
1262266624,20
1262267135,63
1262270573,12
1262274066,12
1262281052,25
1262299207,14
1262299325,92
1262300001,15
1262310226,39
1262318402,36
1262328297,61
1262331855,16
1262337797,37
1262338410,74
1262354720,12
1262377838,92
1262391566,37
1262392277,14
1262396222,83
1262403617,45
1262413069,11
1262423362,414
1262434101,558
1262438199,79
1262438610,22
1262454502,32
1262477291,42
1262482595,75
1262483844,12
1262485265,50
1262486604,13
1262490703,88
1262495435,554
1262500406,41
1262511183,11
1262517316,197
1262527142,19
1262530176,29
1262530182,2146
1262536690,183
1262548615,16
1262553817,41
1262554977,20
1262557450,25
1262558565,17
1262560274,14
1262564274,12
1262583106,14
1262587110,59
1262587286,23
1262594832,15
1262595831,195
1262600318,12
1262600346,35
1262600576,89
1262603912,562
1262605827,32
1262614973,18
1262617470,16
1262628565,26
1262635330,144
1262635440,13
1262641073,44
1262642235,44
1262652828,19
1262654935,11
1262656442,92
1262657910,23
1262668020,37
1262679022,31
1262682069,1082
1262710034,65
1262714152,212
1262717434,13
1262730329,13
1262738818,28
1262739704,33
1262740944,1071
1262741170,33
1262748595,17
1262754474,21
1262756007,93
1262758480,32
1262762432,96
1262769725,651
1262775896,31
1262784746,15
1262806794,22
1262808460,42
1262809285,17
1262812820,18
1262816915,112
1262819626,114
1262824066,12
1262824399,81
1262834835,17
1262842296,128
1262860046,32
1262870924,40
1262879903,46
1262882328,594
1262885509,13
1262885515,47
1262887634,11
1262889313,15
1262898434,20
1262899385,12
1262913668,63
1262915424,14
1262934014,37
1262940334,82
1262948105,373
1262952180,765
1262957623,21
1262968414,17
1262971603,15
1262979985,21
1262984601,15
1262989602,20
1262995777,12
1262995939,13
1262996076,13
1262996245,15
1263001383,12
1263011041,20
1263022587,50
1263026652,19
1263027923,11
1263038771,26
1263041093,100
1263045874,33
1263051452,49
1263054292,67
1263055981,17
1263062246,14
1263066411,34
1263067524,12
1263074604,216
1263076167,233
1263079727,504
1263083568,41
1263086677,42
1263098427,145
1263108759,138
1263114987,15
1263120928,54
1263123553,27
1263145127,33
1263145338,42
1263158313,966
1263161226,40
1263168455,60
1263169627,18
1263174131,44
1263190780,126
1263192350,18
1263192944,26
1263193615,14
1263201769,25
1263206805,16
1263210473,26
1263212116,21
1263215731,33
1263217954,86
1263220935,59
1263288598,44
1263306054,15
1263317286,345
1263337356,27
1263337741,335
1263341555,11
1263344910,76
1263346715,10
1263354297,19
1263376372,37
1263378972,55
1263389919,14
1263394947,18
1263436794,94
1263449296,50
1263460757,18
1263461743,211
1263468392,12
1263469068,15
1263471882,1
1263472198,24
1263477177,17
1263494511,20
1263494700,1484
1263497845,3777
1263498017,318
1263500923,45
1263503017,16
1263513016,70
1263518116,122
1263518262,15
1263519874,97
1263529852,37
1263530988,33
1263539330,34
1263542587,13
1263543625,900
1263543726,1129
1263544262,28
1263548429,23
1263549136,1232
1263549539,40
1263578760,17
1263579149,13
1263586501,38
1263614411,13
1263642416,526
1263646405,14
1263652392,150
1263662092,128
1263669308,29
1263676410,18
1263679455,18
1263681437,887
1263681504,730
1263682572,15
1263686288,23
1263686305,36
1263688817,20
1263689280,14
1263694034,118
1263696450,30
1263697745,29
1263706509,12
1263727392,25
1263731684,164
1263731718,39
1263732150,29
1263734978,60
1263739043,329
1263740445,13
1263745780,22
1263748076,51
1263748925,489
1263753253,15
1263772632,106
1263773312,89
1263778230,57
1263778677,19
1263784022,12
1263790057,15
1263797030,24
1263797851,135
1263800852,112
1263813947,131
1263814983,14
1263815266,21
1263817105,29
1263820590,210
1263821454,14
1263826844,48
1263836633,18
1263837722,57
1263839399,42
1263841182,39
1263845975,171
1263853624,36
1263858338,22
1263864208,65
1263877714,12
1263881930,25
1263883524,16
1263886339,60
1263886755,414
1263888224,18
1263898766,62
1263900228,13
1263936864,85
1263948467,15
1263951106,172
1263954351,13
1263958197,61
1263958714,33
1263959494,12
1263961048,43
1263966659,19
1263993269,118
1264002437,24
1264006420,14
1264015326,76
1264021866,21
1264023481,930
1264023857,23
1264026813,14
1264037739,13
1264038598,369
1264044496,96
1264045527,28
1264046956,40
1264058170,12
1264058297,157
1264059987,13
1264065724,87
1264067820,22
1264068873,87
1264069918,29
1264088844,467
1264094531,27
1264095869,14
1264097318,26
1264101293,26
1264105561,23
1264117145,16
1264118847,23
1264121778,21
1264122570,70
1264123054,370
1264142220,30
1264147349,22
1264148819,11
1264150994,95
1264155972,124
1264161723,141
1264162018,65
1264170342,59
1264175252,304
1264177851,12
1264187422,47
1264193645,14
1264203334,23
1264208997,22
1264221238,17
1264222628,1973
1264223799,203
1264227384,34
1264238884,18
1264239018,60
1264245933,58
1264252157,15
1264252189,15
1264253788,18
1264263123,18
1264268237,84
1264268579,71
1264269844,218
1264272407,11
1264280082,27
1264283513,23
1264286435,149
1264288688,11
1264297712,146
1264301794,15
1264302819,63
1264305693,59
1264338985,18
1264341415,16
1264362107,43
1264364812,12
1264366272,16
1264370356,12
1264379603,53
1264383051,11
1264391795,12
1264396304,4576
1264401689,194
1264403672,13
1264405172,82
1264405655,63
1264411005,68
1264412951,85
1264422246,16
1264424593,14
1264424867,12
1264430711,53
1264434310,145
1264436461,17
1264438111,19
1264438885,17
1264452592,17
1264458399,45
1264465126,42
1264471869,13
1264478656,3293
1264490258,11
1264515363,17
1264518139,21
1264520874,22
1264529761,29
1264531337,1017
1264540632,20
1264542642,62
1264550876,25
1264556564,30
1264560911,791
1264560983,46
1264569353,13
1264576033,18
1264586206,21
1264596339,24
1264598061,15
1264604347,104
1264606715,13
1264607329,14
1264611792,14
1264612845,25
1264613111,18
1264614857,20
1264615549,28
1264618288,44
1264620024,59
1264624316,27
1264640680,13
1264644535,11
1264645343,53
1264647440,15
1264648433,104
1264648449,84
1264660523,31
1264663828,138
1264663877,13
1264666096,12
1264669104,16
1264680063,43
1264683354,369
1264690159,24
1264690543,63
1264692184,449
1264718849,29
1264733604,22
1264733813,57
1264735145,16
1264745201,61
1264753245,24
1264759254,20
1264771182,14
1264779904,20
1264782053,12
1264784142,20
1264785723,53
1264802477,17
1264805127,20
1264807434,24
1264807581,14
1264811161,8813
1264811391,82
1264825687,48
1264829799,16
1264831383,37
1264849705,32
1264854400,17
1264856509,26
1264860429,54
1264860668,11
1264866499,16
1264875310,56
1264888983,18
1264890026,13
1264894695,16
1264895666,16
1264902224,42
1264913325,10
1264916063,171
1264920090,209
1264920217,59
1264921302,42
1264921402,30
1264922986,58
1264929973,74
1264933240,14
1264936952,403
1264938021,60
1264938089,39
1264943577,11
1264957685,233
1264957878,11
1264959229,46
1264963292,15
1264981155,20
1264985151,12
1264985458,32
1264996101,12
1264996910,12
1264999260,13
1265011796,29
1265013383,175
1265017606,86
1265020374,19
1265021119,486
1265025028,13494
1265025158,77
1265026514,26
1265028171,11
1265036022,13
1265043857,11
1265046112,45
1265056200,26
1265072174,37
1265073177,13
1265076401,50
1265085160,12
1265089119,15
1265091045,13
1265095054,33
1265095394,40
1265107923,2148
1265111888,46
1265113238,24
1265119157,66
1265120239,69
1265124479,112
1265127985,13
1265140422,11
1265149208,13
1265149787,12
1265150079,13
1265154925,16
1265157889,15
1265160955,36
1265161025,14
1265161922,154
1265165485,14
1265166906,13
1265168957,14
1265169717,158
1265170158,36
1265177654,114
1265183354,12
1265191090,18
1265199841,17
1265200861,109
1265202284,33
1265216452,17
1265222064,20
1265228611,31
1265228655,44
1265234733,1336
1265234847,11
1265247790,11
1265248423,13
1265255507,25
1265258509,391
1265259508,19
1265260024,79
1265260318,33
1265264803,15
1265265111,4437
1265269341,15
1265274127,175
1265280126,12
1265280546,13
1265299631,17
1265300288,23
1265306963,17
1265336929,11
1265340208,26
1265345247,44
1265347911,121
1265351140,15
1265355600,23
1265358918,19
1265366583,37
1265366905,32
1265372116,17
1265380989,213
1265381448,12
1265390757,29
1265394997,17
1265406948,39
1265408665,91
1265410918,19
1265413617,178
1265422646,12
1265441951,19
1265442909,13
1265446242,55
1265454162,27
1265458126,126
1265459672,13
1265476791,84
1265478249,41
1265494008,40
1265513304,182
1265549794,35
1265552536,14
1265555134,64
1265567769,17
1265583422,19
1265594654,30
1265600028,24
1265603499,44
1265610112,18
1265617033,523
1265617292,425
1265620021,251
1265623659,16
1265629109,71
1265629271,18
1265640275,39
1265640685,23
1265641153,99
1265646959,12
1265649420,34
1265650482,60
1265654867,1531
1265655524,12
1265659832,53
1265662960,216
1265675383,23
1265683445,51
1265685978,19
1265695368,21
1265695680,18
1265703051,30
1265726242,21
1265726822,13
1265733673,15
1265735397,11
1265742513,310
1265744392,44
1265752395,43
1265752712,31
1265767849,11
1265768013,52
1265768300,39
1265768701,25
1265772310,12
1265774025,601
1265789540,12
1265794277,36
1265794381,20
1265796764,24
1265803168,28
1265804183,26
1265821429,53
1265826291,15
1265832843,121
1265832968,25
1265834793,10
1265843504,15
1265846354,19
1265847669,17
1265853198,689
1265862055,12
1265864287,12
1265865407,85
1265879849,52
1265890989,59
1265896849,23
1265902239,18
1265908792,17
1265908861,404
1265911625,47
1265912071,14
1265932691,36
1265939134,84
1265941363,72
1265942254,23
1265946810,36
1265947881,887
1265948491,246
1265949807,12
1265954180,11
1265958257,36
1265958906,32
1265971949,37
1265972336,16
1265976488,113
1265987986,118
1265994178,26
1266004872,196
1266008323,34
1266009367,958
1266014461,70
1266014997,14
1266020574,75
1266030785,127
1266036898,15
1266037990,424
1266067414,276
1266068908,5
1266075015,35
1266076577,19
1266079353,24
1266080079,30
1266094931,33
1266097798,56
1266105075,15
1266107778,29
1266108902,20
1266113070,1936
1266123542,39
1266125334,3480
1266138495,208
1266146028,194
1266151452,89
1266152452,174
1266155997,435
1266166969,25
1266168156,25
1266173329,21
1266177587,113
1266182461,61
1266183832,23
1266193115,60
1266197764,84
1266201499,23
1266217708,20
1266218243,105
1266219046,53
1266246431,19
1266247085,224
1266255540,24
1266261363,12
1266263075,84
1266264841,16
1266267072,172
1266270458,21
1266275254,19
1266275329,14
1266283205,67
1266290680,96
1266293233,86
1266296455,52
1266304094,71
1266305677,57
1266307899,12
1266313328,472
1266318994,14
1266321081,63
1266333761,33
1266345305,30
1266352518,16
1266362977,24
1266368115,14
1266381087,13
1266395583,12
1266401430,12
1266419325,17
1266423377,16
1266424270,26
1266430207,19
1266436077,14
1266436116,17
1266437081,17
1266438067,38
1266440942,12
1266450666,81
1266454367,173
1266456576,14
1266457355,13
1266457957,23
1266458733,83
1266461783,54
1266463689,2858
1266468011,16
1266480247,32
1266483577,11
1266497775,104
1266505535,20
1266506220,11
1266523269,38
1266529660,122
1266530655,17
1266531956,23
1266539703,47
1266545941,15
1266546849,24
1266560001,725
1266580006,13
1266585104,41
1266590423,35
1266592247,124
1266593507,34
1266608079,39
1266611505,271
1266625409,237
1266634415,38
1266640182,80
1266642244,84
1266654184,12
1266665369,65
1266668632,47
1266670693,19
1266681147,130
1266683229,30
1266693943,13
1266695553,5307
1266705384,50
1266714706,13
1266719940,33
1266729582,29
1266739973,12
1266743317,37
1266746400,17
1266753238,32
1266760430,132
1266761189,26
1266762935,20
1266770885,11
1266772424,11
1266775877,68
1266776491,31
1266778001,96
1266782242,18
1266785962,80
1266790372,231
1266795001,28
1266796019,115
1266797999,146209
1266799249,27
1266802954,127
1266805842,70
1266808913,695
1266820242,23
1266824049,13
1266827888,15
1266831814,27
1266832724,15
1266839845,14
1266843215,194
1266844941,18
1266849821,45
1266850827,99
1266851101,11
1266853656,19
1266858242,210
1266858928,25
1266864281,16
1266878159,18
1266880481,34
1266882364,13
1266884317,7201
1266886046,36
1266892708,21
1266896323,23
1266898778,30
1266901413,176
1266904606,15
1266907450,35
1266907948,11
1266909505,473
1266923310,2341
1266925060,10
1266929218,14
1266933346,20
1266936628,12
1266944077,45
1266944346,11
1266947843,177
1266951007,45
1266955308,13
1266966338,19
1266973328,47
1266974941,24
1266977227,393
1266992634,25
1266996737,40
1267009695,19
1267009899,15
1267012844,16
1267014036,15
1267017585,48
1267017690,29
1267028123,307
1267029128,21
1267030790,25
1267040436,20
1267046936,378
1267052097,56
1267058532,46
1267072080,60
1267072834,27
1267077321,96
1267078448,540
1267078922,47
1267080179,20
1267083417,109
1267084166,152
1267090854,39
1267099925,64
1267101716,12
1267106080,221
1267118279,13
1267128082,28
1267132878,19
1267144335,18
1267145484,5143
1267148249,99
1267148586,76
1267150356,17
1267150781,18
1267154008,16
1267166322,16
1267167585,33
1267173419,26
1267178198,45
1267180193,14
1267182294,78
1267187136,78
1267188301,18
1267202750,397
1267206817,13
1267213347,23
1267216518,84
1267217182,29
1267220319,14
1267223777,43
1267239286,511
1267244789,17
1267248648,418
1267248700,76
1267252704,12
1267254468,79
1267270491,13
1267276935,13
1267282504,14
1267298105,44
1267298120,11
1267304221,65
1267309954,110
1267312772,16
1267314128,3784
1267319628,19
1267338478,39
1267344807,37
1267357812,11
1267360768,30
1267361485,76
1267365780,32
1267373650,28
1267377090,18
1267377766,33
1267389846,11
1267403310,18
1267418242,31
1267423357,443
1267428350,16
1267429913,13
1267435922,15
1267439901,277
1267440487,103
1267442156,10
1267442907,3155
1267449244,11
1267450139,246
1267455254,649
1267462292,74
1267462567,13
1267463135,15
1267478123,21
1267478667,30
1267489981,29
1267507562,30
1267509865,14
1267512077,13
1267515210,39
1267521793,379
1267532788,14
1267533614,32
1267545742,27
1267555704,164
1267562469,16
1267562753,159
1267567867,21
1267578193,16
1267588585,95
1267600247,48
1267606837,197
1267616623,35
1267625134,201
1267637633,12
1267640232,12
1267646326,43
1267646599,12
1267661626,58
1267662028,50
1267668301,11
1267683663,12
1267704664,64
1267714460,23
1267719513,19
1267720524,21
1267720559,36
1267720676,21
1267727027,53
1267734925,76
1267746149,31
1267750281,57
1267781357,13
1267787384,22
1267787802,16
1267790126,18
1267797347,1075
1267812693,76
1267822597,13
1267827423,15
1267834136,45
1267848511,18
1267857912,22
1267889604,23
1267895449,37
1267899050,469
1267903052,23
1267906132,70
1267909940,28
1267926509,19
1267927082,26
1267930758,26
1267931387,570
1267931785,14
1267935053,10
1267944239,10
1267944654,28
1267945395,16
1267950292,20
1267950499,152
1267950642,23
1267961072,194
1267962106,34
1267972630,152
1267976178,30
1267976639,39
1267982346,701
1268020132,13
1268021255,142
1268021332,111
1268021824,19
1268025800,190
1268031240,21
1268045022,17
1268051861,67
1268057341,15
1268065859,18
1268068714,867
1268072868,105
1268075935,27
1268090860,191
1268095849,14
1268097411,32
1268100973,29
1268111504,19
1268119910,31
1268123137,19
1268128556,26
1268145375,14
1268146725,20
1268147774,11
1268155691,18
1268160811,78
1268173217,19
1268173783,11
1268176994,38
1268180661,16
1268200064,79
1268215445,13
1268217254,894
1268218773,22
1268223330,21
1268228289,131
1268229382,31
1268235796,122
1268241706,118
1268243176,80
1268244339,35
1268252819,48
1268254997,25
1268256719,22
1268259442,34
1268260801,17
1268261820,31
1268267248,57
1268273877,389
1268282048,19
1268284228,67
1268285891,34
1268297030,13
1268298108,14
1268302580,63
1268304499,25
1268305959,44
1268306885,16
1268307016,49
1268316117,83
1268320248,13
1268321546,229
1268326291,14
1268327597,38
1268338780,195
1268339291,11
1268346928,31
1268364062,35
1268366562,22
1268369209,37
1268376366,50
1268377717,13
1268378017,71
1268380621,12
1268384113,28
1268386632,14
1268387367,1
1268391007,13
1268404512,57
1268405286,20
1268406038,15
1268408332,80
1268421611,38
1268424426,191
1268425637,24
1268428452,17
1268432027,5
1268457437,34
1268457645,13
1268462466,11
1268462870,17
1268473439,112
1268474534,33
1268484853,139
1268486256,18
1268494008,111
1268505810,42
1268515356,15
1268517555,13
1268523178,73
1268529281,23
1268530428,17
1268537589,63
1268539305,642
1268540986,27
1268544206,75
1268549091,44
1268581486,24
1268587146,78
1268591043,84
1268596025,32
1268617925,75
1268620423,29
1268630414,77
1268630774,21
1268654983,14
1268656356,85
1268661539,22
1268664934,29
1268667810,71
1268672542,17
1268677373,43
1268678092,21
1268708084,336
1268720033,10
1268727777,15
1268729667,18
1268740212,6
1268741294,57
1268748148,17
1268765496,35
1268770925,17
1268774372,473
1268794733,328
1268804183,79
1268807064,34
1268807806,174
1268808203,176
1268810268,62
1268824522,14
1268827480,34
1268830527,184
1268836911,12
1268845710,20
1268846699,23
1268846873,19
1268858784,21
1268862613,29
1268869032,31
1268875649,15
1268878256,44
1268892689,34
1268895491,2142
1268896031,12
1268896186,14
1268903356,573
1268906765,80
1268907748,12
1268930297,87
1268932733,17
1268939819,29
1268941272,24
1268946099,13
1268946118,897
1268958229,67
1268963701,26
1268966319,17
1268972487,21
1268972829,13
1268973671,12
1268974189,11
1268977356,18
1268979227,36
1268985285,17
1268989271,11
1268993278,22
1268993344,11
1269005241,223
1269006706,19
1269010756,72
1269020094,48
1269022523,18
1269023104,14
1269029221,56
1269032936,27
1269049395,21
1269050856,529
1269057665,242
1269059109,37
1269086623,14
1269099967,190
1269100267,73
1269104023,13
1269107814,63
1269122407,187
1269122597,13
1269124956,2204
1269129148,16
1269132133,70
1269137789,26
1269151536,15
1269151566,397
1269165011,150
1269179412,10
1269183188,11
1269197140,21
1269200759,12
1269208043,225
1269209167,14
1269210627,20
1269223576,12
1269228279,25
1269229845,438
1269238642,45
1269257700,1274
1269258933,22
1269261013,177
1269263114,18
1269266325,145
1269273642,36
1269277076,34
1269296186,11
1269300580,40
1269301416,60
1269305481,35
1269308901,42
1269308923,274
1269316020,33
1269317272,22
1269320827,83
1269322853,12
1269323448,15
1269335663,31
1269337275,60
1269356920,14
1269359249,35
1269391765,49
1269395331,5135
1269397720,17
1269402869,263
1269413789,12
1269427595,13
1269430114,12
1269436738,39
1269448154,12
1269454372,77
1269464080,21
1269478615,103
1269481044,11
1269491088,87
1269497012,18
1269498525,35
1269509505,19
1269513219,16
1269513884,24
1269518652,30
1269521952,101
1269534849,43
1269535242,17
1269535454,19
1269538790,14
1269544321,21
1269563679,360
1269576216,11
1269579327,20
1269585871,13
1269596073,23
1269603321,595
1269605251,21
1269607964,16
1269608035,14
1269622457,123
1269636659,12
1269641096,19
1269651669,17
1269654289,16
1269661723,476
1269665456,13
1269672979,6
1269676154,12
1269682523,16
1269685084,50
1269685946,34
1269692569,64
1269699648,30
1269704533,48
1269704985,19
1269705487,172
1269705763,15
1269711675,17
1269712221,65
1269712792,25
1269717058,39
1269726690,19
1269731710,220
1269742116,15
1269742942,24
1269761117,4
1269761412,40
1269764931,13
1269764950,24
1269772976,84
1269773027,19
1269773493,470
1269794052,55
1269795544,33
1269796292,16
1269796643,116
1269797017,26
1269798156,23
1269807645,216
1269811254,13
1269812178,83
1269830694,86
1269840257,129
1269850088,84
1269851180,137
1269858379,54
1269860633,32
1269879098,14
1269891133,50
1269893474,53
1269893717,99
1269895056,33
1269898828,59
1269899136,90
1269900226,51
1269903646,51
1269904726,57
1269907862,90
1269908217,89
1269909458,24
1269909482,28
1269910083,19
1269921100,87
1269924345,16
1269930651,457
1269931032,14
1269942268,30
1269954733,33
1269957268,20
1269957437,16
1269963508,27
1269969239,18
1269972053,16
1269974484,52
1269979871,139
1269985986,80
1269998378,81
1270000366,59
1270003572,13
1270004247,24
1270012613,27
1270026896,15
1270027424,39
1270028045,39
1270030551,37
1270031391,262
1270040330,19
1270048721,349
1270059391,12
1270062694,50
1270066109,45
1270083345,17
1270088902,170
1270094853,108
1270096568,18
1270102475,24
1270102733,11
1270103958,18
1270108133,127
1270111515,23
1270112941,47
1270113847,119
1270117218,20
1270118026,84
1270118408,22
1270123573,19
1270124813,61
1270128259,147
1270140510,33
1270142210,94
1270146800,67
1270152181,69
1270153043,59
1270154954,27
1270166508,12
1270167990,30
1270169087,90
1270172711,46
1270173407,23
1270180210,26
1270184478,12
1270184812,19
1270186926,40
1270187094,407
1270197597,21
1270198684,294
1270203332,22
1270211498,40
1270212749,65
1270220481,14
1270236264,32
1270236733,156
1270236820,13
1270237967,19
1270238490,13
1270244429,367
1270247558,20
1270257672,16
1270263072,12
1270263798,45
1270272670,1416
1270272683,105
1270278702,13
1270281105,28
1270305651,46
1270311793,16
1270317534,17
1270319627,34
1270319876,36
1270324476,26
1270330893,41
1270335342,14
1270335537,39
1270337939,39
1270347090,39
1270349001,19
1270350192,60
1270353108,11
1270359331,18
1270376159,22
1270386613,31
1270404590,21
1270418354,29
1270436690,41
1270450973,12
1270452141,85
1270460555,21
1270463364,56
1270463426,19
1270467991,15
1270468007,29
1270479467,19
1270483699,20
1270484383,134
1270496550,729
1270509498,58
1270509963,15
1270519493,143
1270526561,13
1270527799,15
1270530485,14
1270535333,25
1270541126,12
1270544596,28
1270552867,27
1270559321,753
1270564245,14
1270564595,35
1270566770,164
1270568813,211
1270572078,31
1270575067,45
1270576590,541
1270577393,14
1270581909,16
1270586785,22
1270587915,457
1270593506,23
1270606117,12
1270639637,16
1270650562,20
1270650592,19
1270652457,23
1270654341,14
1270658081,26
1270661532,455
1270662452,22
1270664730,27
1270665247,14
1270670825,53
1270685284,10
1270706314,348
1270716345,16
1270727384,8
1270735113,52
1270743726,28
1270745915,12
1270750877,14
1270754807,18
1270774188,15
1270775324,49
1270776668,16
1270782426,23
1270784327,23
1270787191,259
1270792738,15
1270794083,30
1270799590,24
1270807583,13
1270812122,121
1270812624,1633
1270814918,161
1270817407,97
1270821261,78
1270823576,43
1270825267,23
1270826520,20
1270841510,13
1270842103,60
1270847012,145
1270861544,12
1270865398,13
1270885645,14
1270885892,26
1270895778,45
1270895993,36
1270897577,26
1270897615,21
1270902730,29
1270928799,19
1270932665,41
1270935022,19
1270939570,58
1270941393,181
1270942565,22
1270943597,34
1270949520,42
1270949711,27
1270951308,14
1270953767,15
1270958539,40
1270962783,16
1270969099,11
1270973004,54
1270976337,14
1270978050,19
1270983350,503
1270984756,260
1270985920,18
1270993620,63
1270995833,45
1271006086,17
1271007640,14
1271008243,341
1271014683,11
1271016135,153
1271020715,20
1271020926,27
1271029803,56
1271029976,55
1271033656,28
1271035445,11
1271036184,32
1271041937,15
1271058140,20
1271060545,12
1271063452,157
1271074237,96
1271074936,144
1271076630,41
1271088386,25
1271092274,14
1271093776,29
1271096888,18
1271107543,14
1271113810,5372
1271125689,64
1271151089,209
1271153363,35
1271159623,124
1271174023,53
1271177245,19
1271179812,88
1271186753,144
1271193598,26
1271197200,56
1271199377,42
1271203484,85
1271209041,17
1271231125,12
1271237172,15
1271245542,14
1271259982,22
1271263310,11
1271267166,227
1271268769,14
1271270944,70
1271273008,155
1271274665,27
1271282024,21
1271286007,13
1271291502,12
1271294554,14
1271297528,104
1271304238,90
1271314492,19
1271314891,810
1271318343,152
1271323125,1015
1271332588,14
1271335719,92
1271341656,22
1271351851,25
1271355875,20
1271364651,88
1271368582,109
1271372403,178
1271376695,89
1271378942,19
1271379258,151
1271380517,15
1271382286,35
1271385222,35
1271391719,12
1271394035,43
1271398876,79
1271399089,23
1271400466,91
1271404132,19
1271420288,35
1271420977,16
1271422457,32
1271422620,12
1271424358,22
1271430067,12
1271435898,2
1271437886,52
1271448649,54
1271450465,14
1271455778,20
1271459708,26
1271470955,19
1271476200,17
1271484634,27
1271492923,12
1271520816,13
1271535978,85
1271540239,16
1271547037,12
1271548133,85
1271570982,11
1271574062,15
1271581989,39
1271585213,19
1271626710,21
1271627791,2055
1271630464,29
1271639578,55
1271646025,64
1271659862,101
1271669507,28
1271670316,48
1271687319,59
1271709279,15
1271711372,49
1271712722,30
1271717980,35
1271725588,28
1271730027,31
1271730307,13
1271733827,13
1271744960,110
1271751851,196
1271763503,122
1271765742,0
1271770751,36
1271778933,359
1271779636,20
1271785712,82
1271793908,47
1271798363,50
1271812884,19
1271829077,25
1271830762,15
1271832502,16
1271834471,21
1271836518,255
1271837463,17
1271851102,15
1271861642,110
1271880068,12
1271892689,416
1271894214,582
1271897760,56
1271898598,38
1271899250,63
1271904851,28
1271908885,16
1271910930,11
1271912252,46
1271923086,41
1271928601,19
1271940155,37
1271944074,21
1271948043,58
1271951093,92
1271951742,17
1271954774,146
1271954866,246
1271963632,42
1271963966,122
1271988435,13
1271993416,541
1271995946,87
1272004366,118
1272008570,23
1272009330,50
1272012407,13
1272024618,29
1272031254,227
1272032218,16
1272035915,22
1272036423,25
1272043772,28
1272060580,16
1272062596,40
1272066715,27
1272067033,150
1272068425,65
1272069487,11
1272070832,22
1272072826,40
1272076570,103
1272090879,29
1272098945,21
1272105565,20
1272107021,48
1272111651,141
1272114571,149
1272116617,88
1272117564,179
1272136562,23
1272139132,32
1272144017,34
1272147124,24
1272151400,184
1272154998,478
1272157495,67
1272162595,440
1272167701,29
1272168991,13
1272178757,26
1272190228,214
1272194482,21
1272199139,29
1272209005,12
1272211920,12
1272212084,53
1272216190,22
1272222798,46
1272223066,34
1272230296,42
1272237085,23
1272239121,30
1272243674,121
1272251780,26
1272256998,68
1272272492,23
1272273607,39
1272278054,19
1272289747,42
1272292267,27
1272294107,94
1272295916,219
1272300172,18
1272306281,409
1272308668,21
1272310004,13
1272312142,17
1272327342,22
1272329397,14
1272329661,50
1272335256,22
1272352853,17
1272353680,43
1272361049,54
1272363594,12
1272372441,36
1272374498,249
1272375576,106
1272386554,12
1272390008,10
1272392110,12
1272394355,17
1272394364,18
1272394474,34
1272395609,8
1272402042,152
1272408187,144
1272408209,12
1272415285,25
1272417086,173
1272418588,66
1272428065,12
1272429683,12
1272430339,26
1272432833,12
1272443375,115
1272451079,24
1272463265,26
1272480305,22
1272481334,41
1272481811,46
1272484811,30
1272487463,646
1272488455,79
1272497475,13
1272498799,72
1272507264,44
1272508647,92
1272521786,53
1272525441,16
1272529106,22
1272529524,31
1272534312,14
1272536927,17
1272554778,39
1272557298,14
1272558393,32
1272564262,15
1272565581,80
1272573107,156
1272574333,78
1272585317,63
1272596900,21
1272618533,23
1272637435,37
1272647768,19
1272673683,41
1272677604,15
1272678676,22
1272687783,15
1272691690,123
1272699504,68
1272701607,34
1272706111,52
1272708842,15
1272710409,117
1272710943,27
1272747174,89
1272753759,24
1272758718,13
1272763042,93
1272764562,12
1272767487,18
1272776005,17
1272782661,14
1272788310,26
1272788559,111
1272806533,112
1272808986,21
1272822699,17
1272833484,13
1272839788,67
1272840358,97
1272851010,16
1272861960,31
1272869340,16
1272875395,64
1272887430,221
1272898943,460
1272927396,16
1272941538,25
1272950786,36
1272968536,131
1272986728,17
1272987676,23
1272990999,12
1272996531,20
1273016975,63
1273018804,51
1273032277,23
1273038969,51
1273038999,553
1273054934,778
1273058241,127
1273059507,153
1273065968,86
1273073914,27
1273080329,659
1273087967,30
1273092463,16
1273093466,41
1273105169,16
1273116225,100
1273117744,20
1273121905,13
1273123916,180
1273136102,16
1273150184,15
1273151023,13
1273153152,23
1273158972,159
1273168529,26
1273198218,20
1273207855,19
1273226668,130
1273234375,134
1273235470,24
1273236370,297
1273241958,20
1273244170,53
1273259051,15
1273261870,19
1273262639,21
1273264754,11
1273267557,27
1273269588,11
1273290231,488
1273316605,21
1273319739,14
1273324178,296
1273325705,18
1273350371,24
1273354626,20
1273360197,24
1273366252,29
1273370027,49
1273379460,842
1273390282,38
1273390455,32
1273404749,19
1273408927,57
1273413368,14
1273427276,21820
1273445261,17
1273449064,52
1273455251,11
1273461545,19
1273468795,28
1273480337,41
1273513023,27
1273517404,14
1273522187,19
1273536495,200
1273552420,13
1273558528,898
1273560464,38
1273565575,208
1273580359,872
1273580682,15
1273590574,11
1273596763,19
1273622478,82
1273630366,12
1273641903,15
1273643869,53
1273663589,11
1273664895,108
1273665431,28
1273666576,33
1273674103,25
1273677991,44
1273686456,12
1273690766,18
1273702114,36
1273705510,102
1273707469,710
1273717820,17
1273721854,33
1273724034,15
1273725939,13
1273742979,68
1273747165,32
1273750352,12
1273768116,235
1273768194,111
1273809867,13
1273811777,24
1273814630,62
1273819492,23
1273822664,139
1273822835,18
1273823886,38
1273824143,337
1273824907,16302
1273830468,33
1273830568,20
1273859296,125
1273866610,24
1273870399,105
1273874402,11
1273876922,24
1273887301,362
1273894022,88
1273902369,24
1273905245,60
1273907635,11
1273908520,16
1273910052,1115
1273921075,108
1273942383,13
1273945470,34
1273946285,12
1273947285,18
1273951058,46
1273969283,16
1273983782,14
1273991348,21
1274006859,12
1274021598,28
1274027793,19
1274028827,23
1274034089,68
1274046250,12
1274065060,14
1274065715,43
1274066973,17
1274067670,501
1274067723,73
1274068447,11
1274069548,48
1274072121,19
1274073109,24
1274085318,11
1274085987,29
1274091897,34
1274096236,58
1274106865,49
1274107935,228
1274109794,56
1274110623,24
1274115689,35
1274116177,29
1274128923,33
1274130362,16
1274143915,12
1274154034,19
1274162448,600
1274162776,25
1274165943,40
1274177139,770
1274179498,34
1274186056,24
1274187550,15
1274191784,83
1274194803,58
1274196244,16
1274206238,28
1274209386,46
1274218871,18
1274224909,13
1274244010,16
1274252889,10
1274262885,240
1274272400,70
1274282386,63
1274283930,11
1274286443,41
1274290610,17
1274323575,119
1274324552,15
1274327218,310
1274333693,16
1274347782,11
1274347870,12
1274352475,12
1274353213,33
1274353224,14
1274359178,12
1274373874,21
1274377670,439
1274377976,21
1274379274,42
1274388991,220
1274395005,50
1274399536,1243
1274400279,11
1274410217,47
1274417136,15
1274422150,21
1274427424,11
1274444915,13
1274452075,477
1274466455,32
1274474589,27
1274475076,54
1274477411,17
1274482878,14
1274485547,86
1274485766,18
1274487235,54
1274491393,37
1274504017,11
1274504257,18
1274509298,61
1274518711,32
1274526198,136
1274530343,29
1274534327,11
1274548517,185
1274550171,15
1274551031,403
1274558185,12
1274566622,29
1274572099,34
1274574043,303
1274591734,12
1274600688,326
1274618325,39
1274625247,14
1274625443,14
1274630894,76
1274645705,13
1274647710,12
1274659405,26
1274666296,13
1274671628,43
1274674701,30
1274678743,27
1274683034,77
1274684138,11
1274689099,22
1274690333,31
1274708755,855
1274722544,18
1274722784,17
1274723381,88
1274734576,34
1274749277,11
1274751552,11
1274755774,82
1274781008,16
1274782065,34
1274792587,69
1274794325,14
1274797292,21
1274802650,15
1274814658,12
1274822133,724
1274836410,30
1274840455,13
1274848749,161
1274890313,25
1274904822,12
1274910871,35
1274912120,313
1274921085,21
1274927132,22
1274927923,151
1274942644,25
1274947140,17
1274950277,1743
1274956474,30
1274957322,20
1274957825,162
1274959346,21
1274963086,102
1274966563,32
1274976225,14
1274978097,171
1274989973,184
1274991593,63
1275001555,12
1275003861,48
1275012508,19
1275022182,13
1275023165,12
1275025253,29
1275044490,40
1275059220,17
1275060098,36
1275065456,13
1275069084,179
1275070381,20
1275073263,17
1275075651,255
1275076041,341
1275076664,65
1275077335,24
1275102300,25
1275102452,47
1275130055,266
1275131245,23
1275139588,12
1275140990,30
1275145666,33
1275152793,973
1275161859,38
1275162193,38
1275168166,17
1275173343,18
1275175186,547
1275177106,13
1275182720,60
1275184152,86
1275189541,34
1275191614,19
1275199411,548
1275201476,110
1275207060,17
1275208894,20
1275218737,45
1275232100,115
1275237798,18
1275239081,12
1275239491,50
1275243370,21
1275248251,11
1275252612,16
1275257255,100
1275268652,1705
1275300007,27
1275300693,11
1275302422,12
1275314173,11
1275326618,33
1275328113,247
1275328860,18
1275334546,14
1275338283,18
1275353433,53
1275356304,6
1275360962,12
1275362861,65
1275365955,48
1275367824,22
1275373382,61
1275375546,26
1275378979,1266
1275382167,31
1275396650,12
1275398700,39
1275399788,20
1275406931,31
1275408975,27
1275409602,50
1275409857,16
1275426982,37
1275435960,17
1275436512,1122
1275438802,18
1275439887,17
1275441117,24
1275443832,69
1275463264,232
1275464621,358
1275474507,16
1275476039,297
1275481590,12
1275484321,21
1275485578,123
1275486558,12
1275487759,25
1275490006,61
1275490256,1
1275502743,10
1275508434,246
1275516320,11
1275529781,21
1275534185,45
1275540111,21
1275545374,65
1275548357,213
1275551473,67
1275552545,25
1275555163,14
1275555255,23
1275560536,337
1275572887,21
1275580348,61
1275608780,20
1275613946,20
1275614372,52
1275616384,31
1275620871,6
1275627632,15
1275631990,15
1275637608,121
1275642440,98
1275645005,16
1275648114,14
1275653543,1427
1275661316,25
1275666044,53
1275667403,126
1275688260,27
1275692189,44
1275702441,23
1275702472,18
1275703289,12
1275717406,37
1275718468,434
1275719173,14
1275721604,25
1275730750,1697
1275740059,21
1275742035,20
1275746690,100
1275750805,14
1275750847,33
1275751077,18
1275752001,31
1275753414,52
1275759716,34
1275765386,11
1275770420,12
1275771493,41
1275771523,25
1275771636,20
1275773301,125
1275774513,27
1275776288,149
1275780695,25
1275781569,442
1275784257,20
1275791557,38
1275792599,17
1275798277,11
1275800019,14
1275801647,236
1275802499,146
1275806147,2075
1275809133,11
1275810331,25
1275816023,11
1275818342,16
1275835912,14
1275847986,16
1275849132,54
1275850323,188
1275851291,20
1275859075,13
1275862312,42
1275862425,49
1275862520,36
1275873724,305
1275888604,20
1275895436,16
1275919553,22
1275930411,37
1275932091,24
1275937112,15
1275940471,34
1275941970,22
1275953456,33
1275961086,150
1275964022,389
1275968866,83
1275976049,12
1275976765,15
1275977691,13
1275991516,76
1275998498,520
1276001351,104
1276003841,16
1276008331,13
1276010461,12
1276015535,15
1276018440,158
1276024553,36
1276031429,144
1276038073,11
1276039558,20
1276042293,22
1276053763,36
1276059304,39
1276077286,18
1276078615,17
1276083194,25
1276083628,56
1276088288,32
1276099689,106
1276107518,66
1276108103,77
1276112276,20
1276123063,128
1276123512,20
1276126258,15
1276132557,21
1276133719,13
1276135867,144
1276151370,11
1276164270,16
1276173422,13
1276174879,46
1276192674,90
1276192981,29
1276201542,14
1276204083,14
1276208459,18
1276223472,21
1276236933,700
1276238183,629
1276239073,11
1276242781,13
1276251860,11
1276252042,11
1276255085,14
1276264171,31
1276271904,11
1276273805,37
1276275753,16
1276278055,67
1276278953,18
1276280076,13
1276283874,12
1276285633,75
1276296530,132
1276299637,83
1276305787,126
1276309507,23
1276313599,43
1276315818,17
1276320499,11
1276341793,22
1276352451,25
1276368237,422
1276373569,14
1276376062,23
1276377419,10
1276379563,25
1276390991,14
1276391102,103
1276404683,16
1276405439,18
1276405554,14
1276406549,34
1276411484,64
1276411563,65
1276415631,15
1276417315,11
1276425709,10
1276437202,36
1276438142,40
1276447323,19
1276448889,34
1276448941,4
1276457096,2
1276459546,115
1276461266,270
1276469439,101
1276480305,45
1276486663,14
1276486859,25
1276487550,33
1276487588,11
1276487624,28
1276488493,21
1276492532,107
1276496267,55
1276497933,2
1276498033,110
1276510682,63
1276517176,260
1276521542,70
1276527666,1002
1276538033,17
1276541052,103
1276541290,20
1276541312,32
1276546290,36
1276548713,22
1276549659,101
1276562838,265
1276568000,24
1276578580,26
1276593455,12
1276594089,83
1276595002,415
1276605322,38
1276607131,100
1276614392,13
1276616663,22
1276627552,139
1276628959,32
1276630793,14
1276631768,26
1276634402,30
1276641245,246
1276642427,19
1276645556,17
1276665883,7308
1276667029,87
1276671725,105
1276675503,85
1276679162,14
1276679693,13
1276682306,25
1276682613,19
1276683938,95
1276684296,15
1276689592,315
1276696490,327
1276700568,25
1276711748,13
1276718530,11
1276737247,94
1276739924,18
1276740847,18
1276747866,56
1276752077,241
1276755627,22
1276755713,33
1276758823,15
1276764289,11
1276766531,13
1276770371,27
1276773725,15
1276776945,31
1276791347,11
1276795737,30
1276798831,29
1276809046,190
1276810210,226
1276812919,165
1276819713,126
1276828003,11
1276847779,22
1276853390,12
1276853525,902
1276855113,8
1276859161,84
1276859360,36
1276860951,15
1276861983,16
1276862650,25
1276868904,19
1276870829,89
1276874027,48
1276876288,22
1276885966,463
1276888344,12
1276919083,73
1276930142,48
1276940779,512
1276944225,53
1276950198,126
1276958558,99
1276962100,19
1276966391,882
1276977095,12
1276978035,13
1276983707,40
1276999782,525
1277004822,1014
1277007031,23
1277008800,13
1277011316,410
1277011740,41
1277016823,16
1277020166,56
1277026242,26
1277036183,28
1277040638,23
1277048300,41
1277054380,315
1277058567,245
1277063342,28
1277066407,22
1277070400,19
1277072583,51
1277079211,85
1277079624,217
1277097844,101
1277123975,11
1277124338,19
1277124966,25
1277131490,21
1277138198,148
1277165741,71
1277169394,196
1277203643,11
1277208602,168
1277214686,18
1277218760,19
1277225273,17
1277253616,11
1277265216,19
1277269587,16
1277282352,20
1277284594,84
1277286522,783
1277291595,20
1277293249,97
1277301155,13
1277335948,32
1277377323,45
1277389693,149
1277391537,30
1277393667,15
1277405426,868
1277425281,12
1277425289,21
1277425617,18
1277432663,16
1277434798,37
1277439100,21
1277442050,110
1277445082,15
1277445795,30
1277446916,13
1277451814,110
1277453821,66
1277455152,13
1277459047,14
1277464981,29
1277470372,18
1277476916,121
1277477208,16790
1277479867,62
1277487031,57
1277488771,81
1277491008,97
1277494856,13
1277495137,22
1277498503,34
1277499908,61
1277510172,564
1277510760,134
1277515654,13
1277520329,15
1277539708,15
1277540420,17
1277541374,10
1277544698,465
1277560144,21
1277561099,344
1277571999,20
1277572326,1155
1277578751,75
1277579877,33
1277585787,40
1277588122,31
1277590623,175
1277592461,11
1277600433,12
1277603748,30
1277610497,37
1277614585,501
1277623916,47
1277637600,128
1277646668,13
1277662921,18
1277670480,12
1277671229,28
1277684919,58
1277685376,11
1277690020,24
1277693854,41
1277694349,17
1277696037,468
1277710661,11
1277714741,67
1277715563,997
1277719566,20
1277737044,24
1277750729,39
1277755058,40
1277769453,31
1277771911,115
1277774590,17
1277785397,21
1277791233,22
1277795285,56
1277796956,24
1277797277,29
1277797619,85
1277798763,94
1277807615,14
1277814981,11
1277825694,21
1277833095,98
1277836854,36
1277842157,54
1277847449,12
1277847672,17
1277853749,16
1277854808,21
1277858718,14
1277868994,40
1277870870,19
1277872938,18
1277880177,34
1277887325,38
1277888947,50
1277893717,33
1277911581,21
1277913920,16
1277918666,403
1277926656,20
1277933603,203
1277934977,111
1277936455,62
1277944206,22
1277944593,7
1277946689,44
1277957002,19
1277961348,11
1277972001,6
1277989920,56
1277991010,24
1278000763,12
1278003221,26
1278005100,21
1278013162,13
1278014713,6
1278019716,12
1278020293,11
1278021888,80
1278022559,92
1278024385,11
1278025342,42
1278025981,18
1278026821,115
1278033420,23
1278033467,995
1278040671,141
1278045237,176
1278047700,196
1278049086,16
1278055475,11
1278059883,11
1278066474,11
1278071262,435
1278073463,110
1278079983,49
1278081820,19
1278082400,396
1278092019,20
1278104920,35
1278105901,18
1278114076,24
1278120714,22
1278120949,52
1278138352,19
1278157951,83
1278160330,116
1278196186,33
1278223986,192
1278229113,12
1278231268,27
1278243180,74
1278246083,16
1278253689,92
1278254044,36
1278265633,109
1278285302,11
1278287808,12
1278291700,18
1278293841,41
1278295496,11
1278312228,150
1278320942,168
1278322564,12
1278324639,28
1278327133,14
1278332553,16
1278332767,14
1278339298,21
1278344410,41
1278344979,75
1278352642,11
1278366645,17
1278374245,20
1278376881,13
1278377646,20
1278381956,125
1278395255,177
1278404368,63
1278411775,19
1278416698,11
1278435489,23
1278439253,116
1278457179,85
1278474208,41
1278474226,102
1278480039,21
1278492027,16
1278492137,24
1278516883,16
1278536566,1332
1278547598,26
1278560693,40
1278568055,113
1278584694,289
1278587549,24
1278594969,25
1278597727,18
1278621812,149
1278624411,13
1278624991,14
1278644903,12
1278644971,11
1278668528,1584
1278676884,516
1278680492,20
1278681031,21
1278698406,11
1278710852,13
1278711372,22
1278714916,31
1278715940,6
1278717907,643
1278730680,14
1278734867,13
1278737636,47
1278748612,164
1278748958,18
1278757502,558
1278776929,25
1278779353,38
1278798600,20
1278823978,82
1278828277,14
1278829954,135
1278838315,129
1278840500,16
1278845334,52
1278845749,35
1278854221,27
1278862001,11
1278862632,10
1278864291,13
1278865145,19
1278866093,12
1278866190,56
1278872653,45
1278873576,15
1278881844,133
1278889606,69
1278895912,76
1278901777,14
1278908912,38
1278913000,183
1278915262,74
1278915857,14
1278919646,72
1278924500,49
1278926400,1379
1278926939,11
1278930365,26
1278930806,912
1278937895,47
1278940275,269
1278959735,25
1278964608,68
1278982238,152
1278993665,42
1278995063,14
1279018568,16
1279038949,12
1279049964,16
1279064655,26
1279085846,886
1279086651,14
1279093890,43
1279103174,24
1279109870,29
1279109984,21
1279113820,41
1279121101,17
1279133101,14
1279140437,49
1279145675,27
1279149268,27
1279159149,4084
1279160729,20
1279164234,259
1279164369,13
1279171235,111
1279175113,13
1279180155,184
1279181033,26
1279184910,17
1279185910,13
1279187498,1652
1279196617,15
1279199688,17
1279205412,27
1279216221,53
1279218207,17
1279225546,21
1279242507,37
1279253971,16
1279256466,26
1279269923,13
1279275212,34
1279275226,24
1279280095,131
1279298346,42
1279299303,59
1279301508,36
1279319463,21
1279321158,12
1279325204,293
1279329809,12
1279343644,151
1279345508,13
1279360413,32
1279362723,150
1279365081,33
1279373995,16
1279380501,14
1279384488,22
1279402999,13
1279406675,29
1279414816,16
1279421241,23
1279423167,16
1279426975,319
1279435409,2461
1279437639,19
1279463850,12
1279468851,23
1279474229,69
1279480946,1279
1279489980,514
1279499470,54
1279508420,111
1279515197,47
1279519446,15
1279522547,54
1279525967,274
1279532837,610
1279540157,19
1279555835,56
1279561249,15
1279578393,45
1279580095,17
1279589074,75
1279596088,18
1279604360,40
1279611658,18
1279617454,18
1279624703,73
1279625094,18
1279628779,30
1279654497,80
1279659344,7000
1279660735,345
1279680219,19
1279689423,16
1279706266,99
1279721212,29
1279722854,14
1279728487,13
1279731992,16
1279737208,14
1279737421,59
1279746134,11
1279760665,948
1279768392,13
1279773754,14
1279778939,39
1279781303,2197
1279781841,32
1279786142,14
1279787729,20
1279788130,166
1279795528,23
1279795550,59
1279802440,12
1279803089,70
1279811464,104
1279815402,15
1279823679,16
1279825421,19
1279830753,44
1279834357,19
1279836172,15
1279846336,30
1279857804,11
1279886110,16
1279895477,13
1279903025,12
1279918128,19
1279923114,27
1279931020,14
1279932127,12
1279940806,78
1279946840,20
1279949713,13
1279963017,14
1279994040,38
1279994443,13
1279994504,238
1280002781,19
1280004150,91
1280019852,770
1280020029,16
1280026191,132
1280026567,12
1280027316,23
1280030529,49
1280038203,28
1280048408,20
1280048964,16
1280050659,103
1280056986,26
1280069770,151
1280089735,17
1280092445,42
1280094793,11
1280095430,24
1280097745,13
1280103264,21
1280115203,544
1280115630,42
1280128498,45
1280129499,907
1280129529,27
1280131943,15
1280147188,249
1280155659,125
1280156793,28
1280163607,11
1280181372,11
1280182204,40
1280202820,18
1280210616,105
1280215616,11
1280221360,107
1280231676,67
1280240752,11
1280241714,27
1280257962,12
1280262851,21
1280270159,28
1280270225,33
1280270590,16
1280282164,12
1280282376,15
1280289116,42
1280290209,13
1280293058,15
1280296384,106
1280324412,14
1280330025,22
1280369733,18
1280379860,18
1280383510,18
1280392516,13
1280394773,166
1280396163,45
1280405737,11
1280408203,16
1280419330,50
1280423622,13
1280434631,164
1280439591,524
1280458861,11
1280461698,14
1280465155,16
1280466680,12
1280467793,34
1280469592,14
1280470795,19
1280479916,16
1280508992,143
1280523866,139
1280524151,19
1280536185,50
1280553461,41
1280557654,133
1280557740,43
1280559914,170
1280562970,99
1280567896,15
1280577596,144
1280579388,26
1280583544,16
1280584236,11
1280589083,21
1280607135,18
1280607497,13
1280608186,96
1280610964,30
1280615153,58
1280620933,124
1280626586,137
1280641283,79
1280652237,34
1280655402,11
1280662085,12
1280664963,44
1280666027,11
1280700348,7
1280702430,12
1280703037,131
1280718019,29
1280732127,155
1280760538,27
1280767222,23
1280769419,19
1280791354,192
1280793558,141
1280799166,11
1280804858,31
1280809609,294
1280810591,31
1280825877,206
1280833415,1142
1280847472,308
1280858916,13
1280860414,28
1280863441,130
1280866254,0
1280869012,127
1280869399,423
1280871093,16
1280876752,17
1280879270,14
1280885358,32
1280891560,18
1280896898,34
1280898919,17
1280899448,29
1280900448,22
1280903659,23
1280908538,11
1280909807,71
1280912404,37
1280913563,150
1280913878,62
1280927151,17
1280932746,43
1280934172,1188
1280951465,13
1280955914,1120
1280967898,30
1280984042,665
1280989325,12
1280990105,1371
1280998916,17
1281005910,324
1281005934,15
1281012065,24
1281012091,17
1281019389,33
1281023819,15
1281025418,39
1281030225,606
1281030454,33
1281032192,51
1281032298,30
1281054646,337
1281061133,16
1281066641,118
1281069074,48
1281071040,11
1281085540,21
1281085820,25
1281091382,521
1281094446,26
1281098289,14
1281099705,12
1281110750,137
1281120025,22
1281122559,13
1281123262,43
1281124139,12
1281132799,18
1281133904,20
1281135080,39
1281140983,232
1281142978,49
1281149586,24
1281154124,18
1281168411,288
1281171445,76
1281192852,16
1281195074,143
1281200786,81
1281203752,11
1281204616,33
1281220980,65
1281222801,22
1281230845,57
1281232928,90
1281235683,287
1281269179,16
1281269977,18
1281271303,52
1281285550,325
1281298965,16
1281315781,7164
1281320664,207
1281323943,11
1281328046,773
1281328458,12
1281328537,43
1281330782,230
1281336694,13
1281337106,12
1281342434,46
1281353923,24
1281358460,11
1281362103,174
1281364875,15
1281365033,17
1281365850,16
1281367277,76
1281376485,16
1281377338,30
1281378740,20
1281381884,223
1281383429,12
1281388338,11
1281400388,16
1281415855,14
1281419438,23
1281420131,557
1281431415,68
1281436921,16
1281444378,14
1281445089,39
1281450313,76
1281456681,12
1281473904,177
1281481028,67
1281482961,106
1281483635,27
1281489228,92
1281489745,22
1281495756,1
1281514306,26
1281521840,11
1281522736,11
1281525803,17
1281535322,27
1281540408,27
1281565975,12
1281574939,12
1281576906,82
1281582807,14
1281591173,13
1281591192,146
1281593724,82
1281612966,11
1281616740,15
1281622996,12
1281629949,18
1281632165,685
1281633872,230
1281635644,62
1281645560,21
1281650273,91
1281655995,12
1281661575,71
1281666770,96
1281670519,79
1281674370,93
1281682343,393
1281682555,1
1281688052,19
1281712143,17
1281755529,15
1281755623,14
1281769152,17
1281774250,46
1281785536,13
1281819568,182
1281831896,24
1281844128,14
1281852693,16
1281862290,22
1281863041,47
1281865046,1108
1281865940,147
1281869415,20
1281873897,11
1281879940,31
1281880139,192
1281882303,12
1281899169,36
1281901396,52
1281911253,11
1281913298,71
1281918185,23
1281925464,25
1281941591,12
1281954048,69
1281959383,15
1281963787,71
1281965785,37
1281978113,34
1281981117,3
1282001233,64
1282011183,24
1282014269,24
1282014696,3
1282017359,308
1282020307,37
1282025633,501
1282027238,363
1282030207,11
1282031701,34
1282040587,15
1282044252,13
1282045227,28
1282048314,29
1282049269,92
1282052467,14
1282052906,38
1282056346,31
1282058637,24
1282058825,98
1282063591,17
1282076425,30
1282080507,33
1282089882,12
1282102712,28
1282103176,355
1282106099,13
1282107840,31
1282107851,11
1282109891,19
1282110174,24
1282117541,125
1282120686,35
1282125157,21
1282128957,111
1282132622,38
1282141848,26
1282151191,40
1282158673,11
1282159515,26
1282159694,186
1282162553,64
1282171564,13
1282178367,16
1282195104,60
1282198847,473
1282203523,20
1282208637,17
1282212061,11
1282225905,12
1282231488,65
1282233511,296
1282239707,12
1282246237,21
1282253922,20
1282265183,2113
1282269007,158
1282273176,44
1282277393,16
1282282026,21
1282294081,48
1282310951,353
1282324221,157
1282329734,13
1282335857,50
1282340577,232
1282341373,53
1282346681,17
1282350588,53
1282351393,17
1282360547,512
1282362391,550
1282364492,188
1282377715,23
1282384355,95
1282385165,17
1282401255,19
1282418221,19
1282440237,14
1282459536,29
1282467677,197
1282469039,37
1282472011,11
1282474395,198
1282477586,160
1282489596,13
1282490647,27
1282492450,21
1282499854,0
1282500936,30
1282514037,120
1282539777,49
1282558300,18
1282572282,28
1282576727,14
1282577775,45
1282582651,22
1282588640,17
1282589931,51
1282597454,22
1282602487,11
1282613745,8
1282634846,39
1282636938,387
1282650900,1936
1282653241,55
1282674908,23
1282675658,16
1282680810,4599
1282682864,26
1282694784,87
1282705108,783
1282711658,14
1282712646,22
1282729620,11
1282734569,36
1282748401,70
1282753323,22
1282754063,14
1282763835,17
1282766748,55
1282766814,40
1282771204,27
1282777609,161
1282782264,25
1282786458,26
1282787424,51
1282791912,23
1282792053,20
1282795086,35
1282797177,209
1282799832,65
1282800278,11
1282809293,11
1282831444,14
1282835463,223
1282837627,118
1282838347,13
1282839359,19
1282845531,1148
1282858165,72
1282862525,38
1282871942,11
1282882227,20
1282882352,17
1282906969,12
1282910754,302
1282916460,414
1282925790,167
1282928973,16
1282937931,21
1282938415,28
1282938682,21
1282950465,83
1282958467,32
1282961236,11
1282964765,12
1282967472,317
1282972498,51
1282978005,24
1282983086,178
1282984140,29
1282986613,13
1283004393,14
1283006548,36
1283007956,1054
1283008105,186
1283013981,31
1283015427,121
1283015444,117
1283015456,115
1283015458,127
1283019799,13
1283022577,51
1283043066,36
1283051151,134
1283059888,19
1283076208,25
1283085412,15
1283088493,11
1283118598,69
1283126461,156
1283126780,232
1283131709,17
1283133573,25
1283142725,33
1283143764,28
1283151062,29
1283155270,11
1283158668,90
1283168492,59
1283176487,13
1283182898,64
1283183407,11
1283187727,14
1283203528,11
1283208084,18
1283229321,27
1283231201,17
1283237512,53
1283243769,23
1283252850,17
1283286182,15
1283296883,18
1283299226,128
1283300177,35
1283300865,13
1283301890,115
1283302652,115
1283302684,120
1283302820,117
1283302855,115
1283305043,117
1283308335,959
1283309332,116
1283309505,118
1283309991,120
1283310806,115
1283310807,127
1283311815,125
1283313140,118
1283314136,117
1283318124,150
1283321289,116
1283321505,30
1283324276,116
1283325882,117
1283326518,115
1283327964,118
1283328907,114
1283329020,117
1283329717,116
1283329800,124
1283331989,115
1283332113,115
1283332466,115
1283333210,122
1283333331,116
1283334060,115
1283334279,117
1283334544,63
1283334655,21
1283336941,116
1283342383,114
1283344388,121
1283346286,115
1283346451,121
1283346987,116
1283347021,115
1283348713,116
1283351121,22
1283352405,24
1283352617,65
1283352859,115
1283353368,115
1283353856,116
1283354276,115
1283354800,27
1283354814,115
1283354974,95
1283355043,116
1283358155,115
1283360113,119
1283362196,120
1283363395,115
1283365576,115
1283375853,67
1283376338,1098
1283395530,36
1283398419,52
1283398629,51
1283408258,59
1283410511,47
1283416351,220
1283417522,16
1283427179,28
1283434917,46
1283453011,51
1283460530,27
1283463401,12
1283466765,248
1283466833,11
1283467688,121
1283472596,24
1283475355,7
1283494260,43
1283495582,14
1283497044,16
1283501535,181
1283501799,16
1283519375,12
1283521764,36
1283522472,19
1283522880,11
1283540505,273
1283561164,18
1283563241,56
1283565828,29
1283570249,18
1283572841,42
1283574029,16
1283576600,35
1283579994,14
1283580131,16
1283580852,53
1283582119,97
1283584225,22
1283598915,13
1283603794,107
1283610049,14
1283610217,113
1283611177,12
1283622513,6
1283628638,35
1283643848,11
1283644135,12
1283647317,14
1283652685,14
1283653121,22
1283656693,200
1283657805,39
1283669789,11
1283678028,89
1283681554,76
1283686041,21
1283686098,19
1283699291,20
1283721731,38
1283721804,19
1283722068,19
1283731203,15
1283731455,11
1283735838,24
1283740523,16
1283743529,66
1283762259,43
1283766654,70
1283772962,16
1283776668,13
1283781487,84
1283783477,51
1283792171,37
1283796634,16
1283799034,96
1283802261,28
1283813540,42
1283819872,17
1283821188,88
1283833415,26
1283833758,29
1283836865,28
1283845841,11
1283850742,19
1283852448,16
1283852774,14
1283859977,19
1283865819,22
1283868033,439
1283868835,41
1283873694,30
1283875369,29
1283876614,15
1283880494,16
1283891625,20
1283901628,22
1283923666,22
1283925045,16
1283927346,82
1283939838,17
1283940465,166
1283947846,23
1283963928,14
1283965240,13
1283968843,26
1283977684,11
1283981615,78
1283984259,17
1283986253,48
1283993031,972
1283995054,42
1284009891,31
1284014215,22
1284030856,41
1284040136,181
1284052134,37
1284056969,17
1284058045,25
1284066374,21
1284067692,78
1284077348,20
1284077352,23
1284082382,22
1284082910,18
1284088776,126
1284090090,11
1284095369,22
1284099955,52
1284104299,47
1284109464,12
1284109842,46
1284124788,12
1284126768,79
1284128909,20
1284129855,92
1284131526,13
1284139056,61
1284141546,14
1284148543,11
1284155780,15
1284168496,64
1284172888,16
1284174979,2390
1284180721,811
1284182184,28
1284198482,16
1284202424,64
1284208011,36
1284208582,114
1284209689,16
1284210058,30
1284214156,13
1284223182,24
1284240315,64
1284246323,16
1284246470,335
1284247955,40
1284261810,42
1284262505,11
1284271591,204
1284277975,43
1284286206,15
1284303399,124
1284304193,12
1284310632,19
1284316868,31
1284317596,16
1284322503,13
1284322507,19
1284324094,16
1284346730,109
1284349963,13
1284357853,15
1284364149,26
1284382976,12
1284392092,41
1284393063,131
1284412888,13
1284414913,685
1284420230,33
1284423701,1
1284426808,14
1284435392,17
1284435823,15
1284445635,408
1284445748,36
1284447780,15
1284449744,148
1284452101,15
1284463375,51
1284479480,28
1284485443,28
1284518502,23
1284522908,28
1284534061,47
1284541636,13
1284546129,65
1284551780,18
1284555311,75
1284568818,13
1284578918,44
1284579907,148
1284580604,44
1284584701,11
1284589598,22
1284595670,17
1284607942,217
1284608173,186
1284608906,175
1284626782,15
1284641096,11
1284643150,33
1284648689,331
1284658028,40
1284659975,18
1284667422,20
1284672605,174
1284674449,43
1284677252,17
1284681116,45
1284688466,94
1284692613,558
1284698263,17
1284700356,50
1284701804,12
1284712193,68
1284714863,9
1284721646,11
1284727934,36
1284733052,25
1284733159,15
1284734312,16
1284735525,102
1284736292,336
1284740610,624
1284751258,19
1284753142,149
1284754106,56
1284755656,23
1284756909,26
1284759701,100
1284763923,14
1284765721,17
1284768463,14
1284771263,17
1284781487,17
1284783817,48
1284785245,48
1284787758,17
1284803064,21
1284808139,16
1284830350,5
1284836640,1015
1284837284,25
1284845470,757
1284850658,17
1284862935,25
1284865806,14
1284867443,13
1284869933,42
1284873579,13
1284875082,36
1284889108,67
1284895820,11
1284905996,62
1284915598,18
1284956847,13
1284958326,20
1284959612,2186
1284962534,37
1284967045,16
1284968478,26
1284971043,28
1284980608,11
1284986056,35
1285000932,14
1285016676,14
1285027813,63
1285029934,26
1285034691,7
1285058780,22
1285072698,53
1285076358,18
1285091835,14
1285102035,39
1285104880,166
1285113628,64
1285116275,23
1285126866,45
1285134067,16
1285138167,26
1285145325,6
1285150264,34
1285154089,14
1285173126,55
1285175428,48
1285179460,40
1285186519,12
1285203380,18
1285207270,121
1285223817,217
1285240239,20
1285241036,12
1285247004,49
1285257302,11
1285260006,15
1285260852,28
1285268157,41
1285268296,11
1285271027,14
1285272914,107
1285276442,14
1285277249,19
1285290091,14
1285290326,21
1285299512,21
1285308005,74
1285358058,16
1285358712,11
1285362275,53
1285366850,21
1285372971,11
1285375505,12
1285388916,16
1285404766,11
1285404893,21
1285406575,59
1285409192,19
1285427809,23
1285432701,60
1285455564,24
1285459193,13
1285469911,21
1285485466,44
1285492735,7
1285512939,913
1285522430,12
1285532627,32
1285533087,36
1285553511,16
1285565409,11
1285577161,28
1285581431,19
1285584165,38
1285612368,28
1285613614,28
1285613772,12
1285614272,13
1285616517,15
1285619315,40
1285633187,29
1285635617,20
1285641018,18
1285641979,12
1285642601,12
1285643256,102
1285643489,776
1285643868,32
1285649662,33
1285653192,108
1285653194,22
1285654295,19
1285656500,50
1285665224,13
1285669809,44
1285670072,40
1285670188,24
1285672288,37
1285673537,11
1285694624,12
1285697175,11
1285699839,22
1285704764,22
1285705904,3835
1285716169,16
1285726301,80
1285726536,121
1285729011,47
1285736028,13
1285753321,33
1285758913,19
1285768056,33
1285769468,21
1285774142,18
1285776286,11
1285777764,13
1285778184,55
1285781098,19
1285784272,13
1285787558,118
1285791932,29
1285795107,12
1285797092,51
1285801639,17
1285801929,17
1285808809,290
1285812887,17
1285816658,0
1285819874,94
1285838750,11
1285846935,12
1285859071,855
1285860457,13
1285861214,71
1285863081,19
1285881211,47
1285881563,23
1285885421,13
1285886218,269
1285900799,222
1285902621,46
1285904119,13
1285924109,24
1285926464,30
1285931911,11
1285935899,15
1285940339,1
1285945933,12
1285946801,10
1285956092,27
1285957532,289
1285966137,43
1285974683,1737
1285993754,12
1285994107,38
1285995046,28
1285996394,14
1285998643,490
1286008269,12
1286015292,106
1286041367,19
1286041430,234
1286045037,19
1286054177,55
1286055132,57
1286055730,20
1286069434,21
1286071002,415
1286080008,13
1286102636,14
1286104608,17
1286113664,52
1286116091,14
1286116609,29
1286124464,21
1286126075,15
1286135398,27
1286142799,27
1286159878,26
1286163119,237
1286203278,22
1286206140,81
1286206293,12
1286210431,33
1286217696,20
1286230821,21
1286232072,21
1286233631,20
1286236913,65
1286243024,18
1286249719,14
1286260116,16
1286261242,61
1286266523,55
1286279483,302
1286284713,11
1286309178,420
1286310557,20
1286313018,43
1286313645,14
1286319925,39
1286337381,95
1286347510,12
1286349836,29
1286361322,19
1286383656,743
1286395891,16
1286406151,32
1286421437,17
1286425214,33
1286451756,13
1286452688,41
1286459067,14
1286462942,16
1286473206,12
1286475682,73
1286478863,40
1286485360,16
1286489791,8
1286497554,12
1286498512,25
1286499192,16
1286500654,16
1286500812,11
1286506347,11
1286514652,237
1286518017,14
1286519799,21
1286529702,23
1286533290,16
1286547006,20
1286548050,75
1286550596,54
1286551326,13
1286551417,40
1286576904,70
1286584533,44
1286589461,34
1286591918,28
1286596591,14
1286613567,126
1286622370,16
1286622681,22
1286623246,16
1286633499,13
1286634797,18
1286638524,29
1286638662,19
1286644174,21
1286644775,13
1286650072,61
1286652851,139
1286655809,45
1286657898,131
1286660559,68
1286663306,20
1286674545,35
1286693004,12
1286701048,25
1286705389,31
1286708665,44
1286709271,47
1286715485,190
1286728102,41
1286732818,1487
1286733418,34
1286747417,23
1286754616,57
1286757779,18
1286758195,23
1286762321,101
1286762528,49
1286763703,55
1286765396,55
1286769439,16
1286775287,184
1286778609,14
1286781880,283
1286792158,28
1286817684,19
1286820615,23
1286822346,47
1286839986,25
1286842063,31
1286843623,44
1286843683,67
1286845834,77
1286846690,13
1286849644,11
1286852030,37
1286854085,108
1286854135,29
1286868898,12
1286870850,46
1286874208,14
1286901904,34
1286913285,14
1286921847,233
1286926343,52
1286928810,35
1286929516,52
1286936704,248
1286939042,16
1286953511,57
1286953738,16
1286955203,16
1286962008,306
1286963131,1
1286976854,26
1286979404,12
1286981493,131
1286981693,21
1286986255,41
1287003459,26
1287005135,34
1287010006,23
1287015444,23
1287032262,16
1287032505,36
1287040997,13
1287048614,23
1287050833,139
1287054186,24
1287054567,24
1287055640,17
1287057225,13
1287063635,33
1287064286,12
1287064367,720
1287065520,17
1287068039,95
1287097047,28
1287103899,26
1287112265,15
1287114669,2572
1287117896,10
1287118910,51
1287127015,46
1287133573,133
1287133718,15
1287134396,112
1287137309,61
1287143833,20
1287144629,15
1287144800,16
1287154353,14
1287167787,13
1287168491,1392
1287168990,661
1287169139,29
1287177495,13
1287183937,12
1287188318,19
1287195249,17
1287204510,66
1287205623,8
1287212750,13
1287216871,6
1287216971,54
1287228538,29
1287232396,16
1287234722,11
1287241330,15
1287242357,33
1287249670,27
1287250090,20
1287253720,30
1287263044,12
1287275352,16
1287282432,686
1287300798,22
1287302739,56
1287306124,31
1287319347,32
1287321565,18
1287326388,19
1287329807,16
1287331518,19
1287332070,34
1287332937,25
1287333722,21
1287338845,1
1287339827,93
1287341687,45
1287346406,32
1287352822,124
1287355973,426
1287401002,470
1287408207,81
1287413468,13
1287418409,76
1287429470,15
1287442244,300
1287444152,44
1287460663,6252
1287461497,46
1287463978,20
1287470793,32
1287472924,47
1287481170,59
1287482439,9
1287486661,58
1287486758,283
1287489793,41
1287494718,28
1287502257,15
1287505428,21
1287507365,15
1287518095,16
1287523902,21
1287525386,51
1287530240,17
1287531513,36
1287542921,19
1287549995,14
1287563862,1506
1287564317,14
1287568859,929
1287570647,11
1287585416,16
1287594240,13
1287594602,22
1287599281,14
1287603239,50
1287607687,16
1287609461,25
1287610282,26
1287612332,37
1287625631,434
1287628953,16
1287629488,32
1287631198,30
1287659684,13
1287663860,76
1287674895,48
1287678199,272
1287687409,43
1287700899,13
1287702648,11
1287710410,26
1287710445,27
1287710473,31
1287710505,38
1287715632,11
1287728325,291
1287733709,14
1287737246,32
1287751585,56
1287755141,21
1287761832,13
1287763956,19
1287766456,11
1287769478,1119
1287777563,12
1287779992,54
1287780940,16
1287780961,20
1287782481,12
1287783473,15
1287802914,112
1287804060,4938
1287806129,21
1287806983,13
1287808048,28
1287816393,13
1287823023,18
1287825471,144
1287831552,42
1287833347,1
1287833678,38
1287833873,17
1287840943,14
1287846492,362
1287852974,27
1287862936,774
1287867452,11
1287870588,92
1287874189,9
1287882910,11
1287890629,65
1287906472,12
1287919291,35
1287919581,26
1287921187,12
1287928146,14
1287936258,38
1287938366,494
1287939135,17
1287947258,16
1287952887,16
1287962749,24
1287962934,44
1287966278,107
1287967526,23
1287982437,23
1287987046,12
1287987060,12
1287987917,13
1287991092,52
1288001931,1652
1288011918,35
1288025747,12
1288054527,23
1288054693,181
1288059458,12
1288064456,54
1288064720,24
1288069617,12
1288076814,97
1288081323,84
1288081425,12
1288083612,15
1288085257,16
1288093218,169
1288093254,23
1288095947,24
1288096154,13
1288101814,45
1288106370,103
1288107515,25
1288110627,28
1288116451,17
1288118919,11
1288120439,16
1288131984,176
1288140673,17
1288147191,17
1288151957,19
1288157798,12
1288158967,20
1288163028,31
1288175235,106
1288176337,22
1288179297,12
1288198991,34
1288213067,13
1288220921,254
1288228170,26
1288234715,16
1288262029,24
1288262739,13
1288265666,34
1288273711,61
1288276081,12
1288277383,25
1288278242,14
1288292418,1845
1288298712,12
1288304560,70
1288319677,21
1288321115,61
1288325627,9241
1288331786,77
1288342491,60
1288362206,40
1288363236,20
1288380908,100
1288388694,14
1288389855,18
1288395026,240
1288402762,3643
1288404530,18
1288411750,24
1288414617,472
1288422836,25
1288422944,27
1288424187,12
1288425501,12
1288433826,20
1288453231,35
1288460943,11
1288462699,10
1288463361,15
1288467466,206
1288475375,15
1288476092,16
1288492734,29
1288496072,95
1288504075,17
1288505524,86
1288508356,130
1288513932,91
1288540223,16
1288543585,13
1288545282,126
1288570069,25
1288582051,12
1288584504,20
1288587093,24
1288595527,80
1288599558,11
1288603421,33
1288608768,16
1288630993,16
1288642659,27
1288648417,12
1288651538,15
1288672674,406
1288682148,17
1288684460,60
1288700771,19
1288703620,35
1288706873,58
1288728943,26
1288733503,20
1288757879,11
1288762476,29
1288777867,14
1288777900,239
1288781687,27
1288787277,172
1288787426,46
1288789542,23
1288791412,19
1288795546,11
1288820389,212
1288820568,11
1288822238,11
1288848940,3944
1288858970,26
1288859083,61
1288861827,82
1288873391,17
1288885785,18
1288886734,107
1288892017,18
1288895330,21
1288900132,55
1288913882,40
1288919960,14
1288922934,16
1288931625,35
1288951030,14
1288952475,199
1288952816,75
1288958400,33
1288972522,33
1288978309,12
1288985136,24
1288986083,35
1288998877,18
1288998968,99
1289000483,18
1289001778,37
1289010771,12
1289020523,6
1289022368,28
1289031324,89
1289037448,98
1289038438,165
1289042059,14
1289052336,20
1289060396,12
1289066205,29
1289075393,387
1289096470,52
1289096810,49
1289101843,17
1289112181,28
1289122820,14
1289123250,40
1289130590,240
1289134166,35
1289148499,10
1289170015,13
1289176881,10
1289178770,14
1289180378,15
1289182307,15
1289184179,48
1289191071,19
1289210484,12
1289213389,13
1289213568,31
1289214621,14
1289216565,25
1289216873,19
1289237218,23
1289253413,28
1289254089,26
1289258261,39
1289259130,14
1289268385,29
1289268998,42
1289275691,339
1289276142,12
1289277901,23
1289281455,42
1289287656,12
1289291024,64
1289294287,22
1289300100,48
1289302468,17
1289303356,13
1289309191,1
1289313583,15
1289316188,90
1289329590,47
1289333270,19
1289344908,61
1289346310,28
1289357453,16
1289364480,16
1289373801,17
1289379329,12
1289380699,14
1289382533,24
1289383690,19
1289402893,55
1289403900,27
1289409182,57
1289409845,107
1289411321,109
1289419269,20
1289424893,93
1289433368,176
1289435281,14
1289435641,1611
1289435661,18
1289441909,19
1289443027,23
1289445158,15
1289447490,290
1289447642,11
1289449692,87
1289456372,23
1289458451,12
1289459154,24
1289468620,11
1289471395,18
1289475244,14
1289476943,297
1289479753,22
1289490233,73
1289493073,15
1289500007,18
1289521585,12
1289524529,17
1289527697,17
1289539646,132
1289551526,104
1289566856,532
1289574252,15
1289575092,19
1289578785,16
1289594768,153
1289595475,28
1289598388,114
1289599380,50
1289599396,26
1289606611,170
1289612923,328
1289634070,18
1289635045,15
1289644132,15
1289645149,25
1289647930,147
1289651398,29
1289651513,16
1289654767,11
1289657695,51
1289661113,1420
1289663086,10
1289665394,52
1289678764,13
1289684445,31
1289708063,23
1289714083,92
1289714495,15
1289717310,16
1289718189,31
1289722646,16
1289724268,339
1289724974,65
1289726568,11
1289727060,11
1289727134,205
1289735643,13
1289737428,49
1289738717,27
1289739564,25
1289739593,18
1289742380,28
1289743790,2585
1289749597,16
1289751966,11
1289755707,3033
1289767911,203
1289770124,93
1289772049,13
1289772198,15
1289779378,50
1289780147,34
1289781756,49
1289801839,39
1289805474,178
1289810924,51
1289811218,24
1289813626,35
1289814824,14
1289815509,45
1289816372,53
1289817225,224
1289817233,18
1289818226,23
1289834653,94
1289837195,59
1289847529,25
1289855202,40
1289858093,12
1289858698,602
1289861951,101
1289868346,1435
1289871444,56
1289872092,20
1289880549,20
1289888557,135
1289903345,25
1289907287,12
1289908594,13
1289909279,21
1289910520,13
1289921008,11
1289921037,39
1289932122,116
1289948807,12
1289949311,258
1289951235,635
1289958986,2273
1289960958,13
1289964357,15
1289968844,14
1289971944,120
1289973161,21
1289975833,7
1289984605,10
1289989219,14
1289997043,14
1289998730,18
1290003469,42
1290004323,18
1290014367,26
1290022584,279
1290025719,63
1290031396,35
1290036613,12
1290037030,69
1290039961,143
1290045531,17
1290061411,39
1290062238,39
1290068976,132
1290069630,79
1290071994,35
1290081931,30
1290089254,18
1290098318,128
1290109388,35
1290111917,38
1290112926,83
1290123560,128
1290127517,35
1290128725,13
1290130146,14
1290140058,13
1290146959,61
1290147262,11
1290150257,208
1290160104,11
1290163064,13
1290164166,16
1290166296,34
1290169280,20
1290178577,15
1290185333,17
1290185701,25
1290219822,58
1290227956,26
1290241977,48
1290251222,9
1290252911,27
1290258572,57
1290263362,11
1290268884,15
1290286902,22
1290302309,13
1290314412,12
1290325510,20
1290327176,30
1290328251,23
1290335624,13
1290348818,17
1290354647,26
1290357699,39
1290361156,789
1290371866,14
1290411054,41
1290427326,114
1290432479,43
1290433922,14
1290440324,49
1290445936,590
1290446705,14
1290461222,13
1290464784,12
1290465737,26
1290474490,43
1290478283,16
1290483547,43
1290484537,14
1290486035,14
1290494976,18
1290495061,15
1290507726,20
1290512486,34
1290516277,13
1290519989,92
1290534164,26
1290534496,49
1290538622,26
1290545197,23
1290547652,60
1290553178,13
1290553643,19
1290555222,13
1290558619,33
1290558760,41
1290565606,571
1290565686,266
1290581070,13
1290590424,64
1290601520,27
1290601834,30
1290617555,25
1290627511,18
1290646752,54
1290650156,29
1290650462,53
1290653606,314
1290660827,39
1290661117,14
1290661234,134
1290680888,16
1290680922,62
1290682233,29
1290686701,21
1290686985,17
1290695545,16
1290696540,65
1290697920,108
1290700307,66
1290702658,13
1290710067,11
1290713101,14
1290714552,11
1290723062,16
1290728896,358
1290731330,34
1290732504,13
1290741614,15
1290749098,93
1290754906,17
1290757367,12
1290762482,33
1290767643,26
1290768088,396
1290768901,42
1290776864,15
1290782877,14
1290784521,12
1290790488,15
1290799649,23
1290804584,13
1290807177,12
1290809573,63
1290823246,17
1290830352,15
1290838121,20
1290838935,16
1290852121,24
1290854596,717
1290857129,86
1290878523,12
1290897015,23
1290897156,1248
1290898097,26
1290898656,129
1290900293,47
1290923480,15
1290927049,15
1290929180,13
1290933935,208
1290947992,63
1290950360,194
1290951560,33
1290952186,35
1290956546,31
1290960638,12
1290961602,81
1290979660,12
1290979982,113
1290982812,12
1291007526,17
1291013731,18
1291030819,11
1291031738,51
1291031778,18
1291031881,12
1291037585,74
1291037733,19
1291049617,14
1291054464,12
1291074566,103
1291079909,26
1291080376,26
1291085789,117
1291088056,15
1291088888,19
1291092395,30
1291098094,643
1291098747,29
1291101889,13
1291114277,187
1291115716,124
1291116871,25
1291117130,12
1291123786,92
1291137394,14
1291146703,133
1291154771,99
1291155153,58
1291155173,24
1291157543,819
1291173264,36
1291173267,20
1291182160,13
1291189671,15
1291203310,17
1291210160,875
1291214151,179
1291215338,28
1291221848,11
1291230518,20
1291233408,104
1291238644,15
1291242597,694
1291245839,105
1291251121,125
1291255325,3449
1291269550,18
1291280180,81
1291282235,24
1291286746,22
1291296643,18
1291297284,27
1291301285,35
1291305333,24
1291310024,21
1291322604,84
1291336189,13
1291336217,30
1291336838,37
1291339585,18
1291342338,23
1291351338,23
1291351498,13
1291360022,27
1291383899,10
1291387853,28
1291394483,19
1291395870,15
1291414309,113
1291421612,82
1291423504,22
1291424008,15
1291431281,94
1291441881,23
1291442636,39
1291443474,11
1291455828,29
1291455926,25
1291466723,133
1291466969,5
1291468384,19
1291471367,16
1291481144,33
1291490166,254
1291490182,17
1291492779,26
1291498626,49
1291499934,55
1291501594,12
1291502015,1020
1291502103,28
1291503861,628
1291521476,29
1291527731,14
1291530267,244
1291531038,14
1291533844,11
1291534737,137
1291536810,13
1291543949,12
1291544092,2293
1291571801,96
1291595187,17
1291604065,67
1291613802,14
1291618703,32
1291629775,21
1291629779,10
1291632861,11
1291641367,11
1291642855,126
1291643562,27
1291644553,39
1291658615,42
1291659044,159
1291660478,32
1291661471,123
1291669277,10
1291673784,18
1291675170,23
1291688318,453
1291691703,224
1291693853,29
1291702016,14
1291709438,303
1291720073,30
1291722409,23
1291726174,23
1291727921,16
1291728144,59
1291729207,12
1291730691,93
1291734043,64
1291741982,260
1291742788,81
1291744232,22
1291748193,40
1291765045,74
1291766087,31
1291773488,14
1291777847,16
1291779094,53
1291779342,38
1291781923,66
1291783779,11323
1291802228,14
1291808712,34
1291810155,14
1291831530,25
1291833647,15
1291834848,78
1291842528,14
1291860076,180
1291886696,20
1291888782,155
1291892045,59
1291896819,775
1291900381,13
1291901874,21
1291907563,39
1291915843,14
1291921955,92
1291923249,46
1291928218,3086
1291931737,29
1291936449,33
1291937778,13
1291943729,50
1291950976,26
1291958928,240
1291962137,34
1291968232,14
1291968413,13
1291969904,68
1291971266,19
1291973553,17
1291974677,26
1291978751,37
1291984090,11
1291987214,31
1291988340,1102
1291991682,52
1291993456,12
1291994110,450
1292006968,18
1292018156,14
1292028312,37
1292028472,27
1292033680,34
1292036695,21
1292072706,386
1292088940,686
1292119534,15
1292122475,18
1292123666,11
1292128802,141
1292146250,17
1292147528,11
1292149371,22
1292158992,385
1292163871,22
1292170877,31
1292185453,12
1292186249,54
1292190133,25
1292197111,129
1292208306,358
1292208583,64
1292215635,11
1292218441,24
1292223573,13
1292224631,141
1292226955,12
1292249533,245
1292251343,32
1292253630,12
1292256306,49
1292265540,73
1292266680,889
1292267299,13
1292271104,12
1292280196,14
1292280249,977
1292287896,16
1292290792,12
1292294946,16
1292295667,18
1292299068,20
1292302215,166
1292320543,24
1292336215,165
1292339579,17
1292341562,98
1292342255,164
1292354118,27
1292354210,75
1292361566,23
1292362076,18
1292365126,81
1292373208,24
1292381040,19
1292384008,19
1292397274,17
1292400473,11
1292406637,1170
1292419503,13
1292431002,54
1292434444,11
1292434453,19
1292436887,661
1292440059,68
1292440486,35
1292445645,39
1292447254,19
1292449656,155
1292458106,53
1292458261,51
1292458276,66
1292462975,183
1292469953,30
1292472665,58
1292477439,100
1292480695,90
1292482053,218
1292493380,6
1292505690,323
1292512549,35
1292523720,20
1292529733,226
1292530568,22
1292532003,38
1292544026,897
1292548604,16
1292550079,62
1292567425,114
1292575405,14
1292581405,35
1292586353,28
1292588083,962
1292591034,28
1292593684,18
1292601409,158
1292602748,14
1292603082,939
1292611271,889
1292612825,12
1292617331,55
1292634875,15
1292652711,72
1292661106,42
1292661997,99
1292662826,66
1292666572,11
1292668977,187
1292670045,37
1292672931,401
1292678764,34
1292687159,77
1292688393,25
1292699127,18
1292704139,49
1292706893,16
1292707082,27
1292709273,138
1292721506,11
1292725081,67
1292726463,79
1292729732,44
1292731455,11
1292735425,13
1292747834,29
1292752293,16
1292756053,1024
1292758637,1419
1292778431,17
1292799650,33
1292803076,61
1292805205,23
1292810049,23
1292813857,2
1292815860,67
1292817311,139
1292818025,22
1292826636,13
1292842754,116
1292847561,17
1292859223,31
1292864285,712
1292868982,11
1292887429,20
1292893151,43
1292896360,12
1292904557,23
1292907011,20
1292908333,145
1292915032,35
1292917621,29
1292920091,31
1292930883,28
1292931248,10
1292937850,179
1292949057,28
1292959171,114
1292960437,36
1292961099,12
1292965534,14
1292967604,40
1292971902,12
1292975337,14
1292983476,12
1292983646,54
1292994362,11
1292995916,111
1293002033,333
1293011705,15
1293014571,330
1293016738,15
1293023344,123
1293023679,81
1293029871,37
1293036742,89
1293037643,79
1293047359,105
1293051640,293
1293054306,647
1293055082,64
1293060614,79
1293066810,42
1293079208,453
1293080938,23
1293082552,30
1293082777,18
1293089313,16
1293092240,12
1293097754,28
1293099389,12
1293121942,698
1293123016,51
1293128596,707
1293133470,218
1293133608,27
1293140821,11
1293141447,11
1293142835,972
1293144497,25
1293145788,25
1293146740,73
1293152736,29
1293153760,99
1293166992,61
1293174594,66
1293181078,11
1293188585,30
1293204556,148
1293213640,11
1293219971,120
1293238217,490
1293242972,14
1293267652,101
1293275849,470
1293280723,11
1293282148,17
1293287983,55
1293290940,714
1293297917,13
1293298064,148
1293302148,88
1293329788,218
1293335769,22
1293344456,380
1293344851,16
1293359656,14
1293366476,14
1293369680,15
1293371220,999
1293372051,1821
1293373926,32
1293378728,13
1293392008,696
1293394740,14
1293395679,34
1293400026,31
1293418144,16
1293424064,12
1293445504,53
1293450941,165
1293455732,94
1293462979,9
1293473664,697
1293493599,14
1293496062,123
1293499204,10
1293502352,32
1293519413,23
1293522928,12
1293528120,17
1293528352,292
1293532831,15
1293536570,12
1293548427,633
1293565442,36
1293566414,30
1293583727,137
1293585276,13
1293587084,31
1293590308,16
1293591465,56
1293596948,11
1293597225,104
1293600453,5031
1293606558,14
1293608593,1270
1293617341,41
1293625280,12
1293627972,20
1293631192,92
1293640519,690
1293647745,40
1293670798,962
1293691564,95
1293698128,56
1293717587,31
1293717823,135
1293718969,183
1293725667,14
1293727298,73
1293729903,147
1293735542,12
1293742072,926
1293743886,107
1293746415,24
1293746575,65
1293747025,142
1293801504,49
1293806470,940
1293840610,36
1293842570,192
1293851627,16
1293861908,13
1293876403,11
1293878496,17
1293889404,171
1293898786,54
1293924437,80
1293928181,12
1293928825,45
1293935952,17
1293948993,350
1293950824,14
1293955244,33
1293963558,29
1293965946,177
1293975384,46
1294008777,97
1294032882,216
1294038867,10
1294040598,12
1294058995,12
1294069826,12
1294075523,11
1294080817,19
1294094207,18
1294114499,45
1294119998,23
1294147380,11
1294157055,200
1294164685,79
1294200741,75
1294251753,11
1294259549,14
1294279713,13
1294301160,11
1294301448,17
1294305994,14
1294311895,12
1294326780,17
1294327901,32
1294329282,12
1294335516,11
1294339931,180
1294369296,68
1294382024,76
1294390376,117
1294414219,13
1294424063,14
1294427913,173
1294430749,39
1294440483,38
1294459630,76
1294466084,21
1294480204,21
1294485027,21
1294528581,26
1294541211,36
1294544128,1046
1294544597,325
1294557892,11
1294558076,13
1294559854,31
1294560117,19
1294562764,421
1294565886,15
1294567068,100
1294575107,12
1294577372,11
1294586858,40
1294595799,12
1294598436,32
1294604196,40
1294612352,285
1294614772,77
1294616220,17
1294616380,224
1294624577,11
1294625255,39
1294626733,81
1294637523,866
1294651771,33
1294654664,52
1294665149,63
1294667605,17
1294673670,135
1294674709,1
1294677362,15
1294678204,131
1294679712,21
1294680964,27
1294682236,17
1294686811,133
1294697127,13
1294704254,130
1294722834,171
1294725438,18
1294739070,276
1294760990,142
1294763382,15
1294778982,39
1294787951,137
1294795779,15
1294799753,16
1294821660,176
1294843676,11
1294849806,37
1294852002,21
1294874234,24
1294885537,179
1294904000,79
1294906029,52
1294907218,18
1294912115,8
1294939035,76
1294942498,22
1294942686,66
1294956555,202
1294964139,998
1294964918,79
1294968216,121
1294974964,169
1294980132,13
1294988947,458
1294991594,13
1295000646,18
1295002937,98
1295008567,11
1295009923,13
1295011810,12
1295012792,41
1295013795,16
1295023708,16
1295039995,365
1295042547,19
1295046960,84
1295051598,162
1295060661,21
1295060983,24
1295063350,11
1295070151,119
1295073265,222
1295085779,16
1295092827,318
1295108547,43
1295116325,11
1295117727,303
1295145837,17
1295147490,11
1295154902,1356
1295162156,12
1295166457,30
1295167025,38
1295170501,33
1295183786,12
1295184546,12
1295185242,12
1295186092,21
1295189385,27
1295193750,15
1295194584,13
1295196892,15
1295199205,13
1295206342,19
1295238533,13
1295262141,13
1295266264,11
1295282395,13
1295282888,5
1295293233,17
1295293717,41
1295296921,41
1295298451,21
1295303557,19
1295310807,51
1295314945,172
1295320127,33
1295320736,53
1295344808,14
1295352755,96
1295357346,53
1295359708,49
1295363021,135
1295373582,14
1295383219,126
1295385692,11
1295386434,18
1295387006,66
1295422942,15
1295427123,18
1295438128,36
1295450141,183
1295470853,1537
1295478728,14
1295482110,328
1295484476,52
1295495980,14
1295496217,16
1295503278,11
1295510275,69
1295512859,18
1295515267,115
1295524525,29
1295531254,1665
1295543570,12
1295554023,110
1295577734,109
1295578280,21
1295581894,120
1295583883,23
1295584891,68
1295589978,14
1295590478,32
1295597289,77
1295607005,22
1295614877,12
1295618902,97
1295624544,39
1295634529,187
1295648738,314
1295649165,110
1295650615,18
1295653490,37
1295653887,37
1295657237,12
1295658103,21
1295661278,19
1295663128,20
1295663977,10
1295664380,11
1295670327,11
1295676197,218
1295680592,3
1295683877,11
1295688847,112
1295693134,18
1295708862,577
1295712140,14
1295714815,18
1295719629,11
1295752474,313
1295764899,16
1295765493,20
1295766600,38
1295767617,33
1295768859,162
1295801352,12
1295803985,31
1295809480,17
1295814352,23
1295829277,39
1295835040,418
1295852963,23
1295858816,42
1295864070,161
1295864331,41
1295872517,20
1295877973,15
1295896484,11
1295901464,114
1295902352,17
1295906282,11
1295937847,96
1295960115,21
1295965137,65
1295965620,66
1295967737,14
1295970455,105
1295972337,73
1295974987,55
1295975920,19
1295985574,70
1295987763,3785
1295989621,39
1295989737,21
1295990330,12
1295991094,30
1295994638,78
1295996145,13
1296000788,177
1296000930,56
1296010200,106
1296016648,104
1296016994,50
1296021415,33
1296024548,1466
1296024915,49
1296036886,3196
1296040105,31
1296041659,109
1296050346,629
1296055654,54
1296056515,22
1296063605,12
1296072145,73
1296078951,20
1296083576,15
1296087127,11
1296090089,36
1296102301,414
1296107475,778
1296111192,1628
1296111638,31
1296111994,20
1296114889,44
1296119852,35
1296124729,13
1296129407,12
1296135579,24
1296135758,44
1296137450,11
1296138876,22
1296148658,15
1296153067,15
1296163320,31
1296189318,32
1296190079,38
1296191071,20
1296243058,26
1296248129,65
1296250451,248
1296256899,11
1296260901,38
1296273774,15
1296300799,7181
1296301313,1292
1296302822,1483
1296312541,47
1296316820,12
1296324767,141
1296326316,68
1296340792,11
1296344930,598
1296347944,282
1296348059,20
1296349582,252
1296349983,11
1296350812,76
1296354941,15
1296365237,537
1296370469,45
1296375920,604
1296381450,31
1296383855,162
1296385256,294
1296390238,14
1296397537,119
1296404338,137
1296408226,15
1296425754,14
1296432061,11
1296432740,96
1296434943,172
1296435222,26
1296438403,28
1296441594,63
1296444434,11
1296449838,92
1296450945,47
1296452875,19
1296462200,269
1296465177,14
1296471020,14
1296471449,1842
1296472403,141
1296476248,23
1296478978,42
1296484148,36
1296496065,1338
1296507270,14
1296537614,11
1296544715,18
1296544815,16
1296550039,221
1296553907,16
1296555600,41
1296557893,46
1296570575,45
1296573992,22
1296584227,17
1296585751,301
1296602376,84
1296607973,423
1296621402,11
1296627757,994
1296635340,42
1296635666,15
1296643720,30
1296649748,18
1296661225,131
1296668674,50
1296672011,126
1296678306,363
1296678314,54
1296680841,1322
1296682078,71
1296688714,44
1296688895,593
1296694442,12
1296704053,12
1296704062,17
1296711588,313
1296713807,17
1296717138,29
1296734416,12
1296738161,56
1296742217,17
1296751400,188
1296768326,93
1296774563,26
1296775646,28
1296778468,12
1296780960,169
1296787820,29
1296792947,60
1296793921,43
1296808521,179
1296814267,12
1296817533,99
1296830362,34
1296833527,88
1296836072,263
1296841294,103
1296854989,159
1296861532,43
1296874887,63
1296880286,11
1296882043,29
1296889061,22
1296900853,12
1296903699,18
1296904602,10
1296913096,258
1296922843,15
1296926351,15
1296926632,11
1296929824,15
1296931670,17
1296935864,125
1296936472,22
1296937336,13
1296938579,11
1296941059,18
1296944672,17
1296959361,35
1296961913,74
1296963477,535
1296965951,84
1296980330,14
1296981871,58
1296982152,234
1296994850,28
1297000919,29
1297003539,41
1297004839,33
1297007256,112
1297007799,14
1297010149,786
1297013313,70
1297019929,103
1297022212,121
1297029834,14
1297030348,19
1297030493,12
1297042736,49
1297044174,11
1297049157,19
1297062286,16
1297072142,105
1297075250,17
1297080538,14
1297089591,532
1297090793,198
1297091782,23
1297099848,29
1297100398,177
1297105175,17
1297115272,117
1297115450,128
1297117944,43
1297121898,48
1297147597,29
1297152948,71
1297155925,72
1297161149,27
1297161557,62
1297163433,12
1297184998,14
1297185351,30
1297186508,54
1297186619,21
1297191394,149
1297197942,102
1297198645,23
1297199648,23
1297208047,23
1297211063,144
1297212179,113
1297221666,40
1297241435,27
1297245314,61
1297248636,220
1297251847,23
1297263342,22
1297265714,18
1297266248,17
1297278222,673
1297287351,13
1297290359,11
1297304889,15
1297305171,13
1297306766,17
1297309880,14
1297313158,407
1297316519,8829
1297316564,207
1297317945,30
1297321757,13
1297321788,11
1297334206,58
1297337135,30
1297343026,12
1297343152,39
1297344540,19
1297353293,18
1297357632,35
1297368894,11
1297368927,21
1297376870,35
1297377707,13
1297379226,46
1297385317,17
1297385905,13
1297386092,43
1297386391,379
1297390767,14
1297390829,33
1297391498,31
1297393883,17
1297397966,20
1297399684,16
1297400572,18
1297413550,18
1297414511,107
1297419526,12
1297429458,70
1297429477,40
1297446091,16
1297448989,363
1297451260,19
1297451632,13
1297461538,17
1297462855,22
1297466672,24
1297478882,34
1297479393,29
1297491478,16
1297510474,18
1297517585,15
1297518870,16
1297526964,21
1297534990,37
1297538014,112
1297551407,11
1297552482,101
1297553204,107
1297560051,21
1297560842,11
1297561834,13
1297567382,14
1297571002,24
1297572541,135
1297573774,29
1297574911,84
1297579661,32
1297579800,55
1297586900,34
1297595257,12
1297600783,15
1297601919,11
1297602645,11
1297607175,131
1297608111,71
1297611216,143
1297616368,14
1297622897,18
1297633053,531
1297638244,12
1297638533,164
1297643511,17
1297645533,1029
1297650803,23
1297652810,58
1297660778,17
1297668161,40
1297680341,11
1297684377,16
1297691747,173
1297694352,67
1297701040,20
1297703342,33
1297709406,22
1297730581,20
1297738589,49
1297757117,21
1297762386,15
1297766097,20
1297772192,18
1297776074,199
1297776908,90
1297780347,93
1297789435,20
1297797901,99
1297799377,208
1297814636,16
1297827159,141
1297831184,58
1297837446,17
1297839489,15
1297852583,12
1297874042,15
1297878371,118
1297899871,23
1297902282,87
1297912696,215
1297916761,25
1297920557,17
1297937750,22
1297941714,49
1297960940,10
1297972250,56
1297979369,486
1297980145,222
1297984221,130
1297985737,132
1297986858,17
1297987227,33
1297988963,55
1297991968,17
1297996943,64
1298001693,88
1298006204,19
1298013097,12
1298015891,12
1298021489,1733
1298031533,156
1298034075,15
1298034949,69
1298037639,253
1298047052,17
1298065682,116
1298073124,26
1298076016,18
1298084716,277
1298096233,28
1298098092,12
1298105768,33
1298108536,39
1298110150,195
1298112590,40
1298115146,125
1298118528,282
1298121049,11
1298121347,18
1298124536,369
1298127389,91
1298128822,16
1298139536,23
1298139770,14
1298145673,160
1298145851,36
1298147715,13
1298153351,53
1298158902,89
1298159301,12
1298164075,293
1298174000,20
1298175867,20
1298176929,11
1298178349,43
1298186451,25
1298188743,52
1298189234,868
1298191005,38
1298195189,43
1298197046,34
1298203529,42
1298208279,27
1298208802,52
1298208916,12
1298209482,20
1298212519,13
1298216311,39
1298216890,21
1298217981,13
1298228264,31
1298235708,18
1298244810,1437
1298247950,12
1298248424,26
1298256193,14
1298265782,245
1298271854,32
1298273456,22
1298282884,107
1298282939,141
1298297236,12
1298301815,812
1298301851,11
1298306683,60
1298311899,16
1298314398,22
1298317899,31
1298319935,11
1298324581,128
1298330759,17
1298330762,165
1298330810,11
1298332713,12
1298335317,13
1298337778,18
1298338127,13
1298351236,16
1298351661,11
1298354563,160
1298354719,28
1298358083,42
1298373015,15
1298373096,22
1298373549,26
1298381505,56
1298389464,28
1298394175,126
1298402208,22
1298402291,23
1298402884,105
1298409173,14
1298416012,19
1298420807,22
1298423396,43
1298427761,45
1298430385,16
1298439325,11
1298441011,104
1298444438,33
1298453081,70
1298458766,130
1298481506,25
1298494423,28
1298496770,12
1298500250,50
1298511776,11
1298514297,126
1298518446,14
1298522061,27
1298524881,20
1298526427,14
1298531535,25
1298540929,177
1298547105,12
1298559004,11
1298568456,21
1298569568,58
1298598437,22
1298605985,40
1298611557,234
1298624897,15
1298625952,12
1298628293,18
1298655641,18
1298661166,26
1298661864,55
1298662780,47
1298664835,33
1298677021,22
1298681190,19
1298696137,8462
1298699871,21
1298699946,12
1298703923,30
1298710636,104
1298717535,22
1298735948,204
1298738983,38
1298757994,31
1298760593,177
1298761206,28
1298776816,64
1298780689,114
1298781357,116
1298783167,92
1298783301,22
1298783547,15
1298794128,53
1298803736,30
1298805587,12
1298809265,12
1298809747,20
1298817286,116
1298818939,50
1298823265,12
1298825209,1949
1298830469,30
1298833847,36
1298834861,22
1298835702,32
1298841963,13
1298848762,13
1298849251,225
1298852328,72
1298872729,17
1298874131,20
1298890469,38
1298890549,1578
1298894439,12
1298907438,11
1298912593,29
1298912749,117
1298912807,249
1298916380,44
1298933079,100
1298948475,17
1298954696,90
1298956127,11
1298962178,16
1298962714,106
1298977090,515
1298994476,13
1298997344,61
1298998324,1788
1299013183,20
1299018515,11
1299019739,16
1299021024,11
1299021923,20
1299023861,280
1299029071,27
1299032911,10
1299043514,350
1299058088,92
1299059228,437
1299061576,18
1299064384,22
1299071115,23
1299074098,17
1299075417,33
1299075519,1295
1299075525,28
1299086165,23
1299087924,50
1299089998,13
1299096615,47
1299098282,20
1299101460,19
1299102186,80
1299103445,26
1299104550,86
1299108987,160
1299109556,158
1299110267,19
1299111270,13
1299119693,16
1299120455,9
1299128832,20
1299132400,14
1299132437,14
1299133936,247
1299153287,42
1299169140,11
1299172984,27
1299183411,49
1299193892,13
1299196724,22
1299197215,11
1299225226,116
1299227072,829
1299238284,17
1299238433,152
1299239337,52
1299242771,14
1299248993,22
1299249091,177
1299249144,16
1299251844,14
1299255113,180
1299261309,19
1299266129,281
1299274014,18
1299283711,14
1299284253,20
1299297301,115
1299299202,59
1299300597,22
1299306532,264
1299306749,21
1299316742,67
1299322393,27
1299324984,36
1299326490,37
1299332215,20
1299332376,149
1299332647,22
1299352195,55
1299353838,22
1299354393,12
1299359887,22
1299363480,19
1299377098,68
1299377596,67
1299381557,182
1299391180,264
1299391914,24
1299395003,15
1299400246,11
1299402689,46
1299405532,113
1299411037,15
1299415612,127
1299421080,13
1299421104,58
1299424782,18
1299427635,12
1299436675,78
1299444163,87
1299446983,132
1299449396,15
1299454616,46
1299460293,570
1299469235,18
1299472893,320
1299481757,57
1299483807,86
1299494230,5
1299499111,51
1299501821,16
1299504474,176
1299510850,15
1299516451,44
1299518666,427
1299521785,11
1299531705,26
1299534612,14
1299542547,167
1299544119,33
1299550692,92
1299564899,38
1299570761,20
1299573741,40
1299585779,21
1299592457,13
1299593939,25
1299607106,16
1299608688,130
1299619059,56
1299619868,597
1299627068,77
1299628213,25
1299635121,81
1299639457,168
1299641278,11
1299650759,24
1299670317,22
1299674676,12
1299677078,12
1299691584,173
1299702144,12
1299704239,30
1299708536,12
1299711281,62
1299715232,41
1299734316,193
1299745606,28
1299750967,93
1299751691,0
1299769220,10851
1299770029,13
1299809384,15
1299811667,68
1299816105,15
1299818157,296
1299820860,512
1299821808,11
1299827099,182
1299833043,39
1299839177,22
1299847522,13
1299849814,22
1299851932,27
1299864365,21
1299867514,48
1299869694,36
1299885911,508
1299896218,102
1299907984,46
1299929539,14
1299936609,445
1299946390,22
1299946731,13
1299948312,39
1299952233,445
1299952957,83
1299953207,33
1299963641,95
1299963876,11
1299964707,12
1299965162,101
1299966529,475
1299969979,83
1299969985,33
1299980464,66
1299986260,65
1299986993,24
1299988557,12
1300023993,106
1300024503,303
1300030250,29
1300033738,15
1300037652,11
1300040942,96
1300044327,11
1300055099,50
1300059342,82
1300071253,16
1300071984,27
1300082213,12
1300084498,60
1300088092,29
1300107229,45
1300108628,196
1300123581,186
1300128098,13
1300130121,23
1300134200,146
1300140564,55
1300144318,128
1300145782,254
1300146141,39
1300147591,10
1300153697,327
1300159001,69
1300163727,16
1300164590,55
1300164869,16
1300165290,140
1300168072,150
1300169986,14
1300171107,128
1300173275,1028
1300181963,109
1300184722,198
1300186785,11
1300197094,20
1300200526,13
1300204002,129
1300204425,582
1300211152,141
1300212740,75
1300220661,126
1300229326,26
1300230372,91
1300237368,140
1300238188,18
1300238967,15
1300241319,20
1300242971,127
1300259063,138
1300264661,20
1300265377,144
1300269999,20
1300271089,39
1300271177,40
1300271266,40
1300271366,42
1300271521,41
1300273081,67
1300277628,151
1300282659,95
1300282686,17
1300286845,61
1300287685,10
1300290874,29
1300293955,28
1300293986,177
1300295755,146
1300296756,16
1300333512,148
1300342376,54
1300346777,12
1300351141,12
1300374453,137
1300398921,15
1300401366,33
1300401875,11
1300402437,65
1300418295,591
1300426327,11
1300430658,68
1300438415,21
1300442898,107
1300446024,15
1300446537,130
1300454484,16
1300459912,27
1300470235,34
1300475417,11
1300484864,203
1300502001,279
1300521661,14
1300523446,59
1300531108,25
1300533212,43
1300537112,18
1300541341,104
1300541916,55
1300555995,855
1300568623,2
1300573378,54
1300576199,14
1300577620,24
1300585573,19
1300589372,29
1300596785,145
1300599779,131
1300600847,20
1300608745,14
1300610806,34
1300611018,225
1300612704,2408
1300619513,20
1300628885,20
1300631934,71
1300644113,13
1300652164,24
1300660330,123
1300666568,41
1300667851,22
1300682631,13
1300707779,15
1300708293,12
1300711133,21
1300712725,16
1300713717,32
1300715013,31
1300719974,330
1300734020,23
1300735116,33
1300757259,36
1300758392,34
1300781672,183
1300791877,43
1300815089,13
1300819170,287
1300825690,60
1300825775,1041
1300827846,3
1300835670,22
1300836505,12
1300838692,13
1300839466,11
1300842713,18
1300848633,12
1300865153,12
1300874608,12
1300882050,18
1300884779,11
1300895082,11
1300901348,29
1300901573,13
1300902838,27112
1300907089,42
1300919728,17
1300920852,24
1300955288,13
1300958163,12
1300976699,13
1300982703,154
1300983367,18
1300983387,193
1300991151,828
1300993394,14
1300995235,39
1301005835,41
1301016329,23
1301017059,19
1301031527,24
1301031639,24
1301032546,12
1301035913,24
1301065951,35
1301067430,24
1301073151,75
1301073295,17
1301075215,30
1301078425,49
1301103236,123
1301105296,384
1301106961,95
1301107406,12
1301120666,42
1301131750,683
1301131878,30
1301135117,27
1301140584,149
1301140808,16797
1301143981,16
1301149423,35
1301150154,25
1301161602,23
1301161752,221
1301178592,62
1301196895,230
1301197444,30
1301199747,42
1301201613,151
1301214182,23
1301224634,30
1301231972,267
1301238021,150
1301241951,27
1301246878,86
1301251656,13
1301253208,49
1301254363,10
1301254884,437
1301262267,28
1301266742,44
1301269170,26
1301277455,18
1301292883,36
1301304056,67
1301304237,89
1301305238,12
1301312343,185
1301318281,21
1301322902,24
1301323244,28
1301337818,266
1301347593,15
1301348114,99
1301348989,13
1301356813,14
1301360919,12
1301366518,48
1301371493,16
1301373645,18
1301374527,33
1301376039,291
1301376665,16
1301386747,63
1301387395,13
1301389817,13
1301401232,39
1301417762,19
1301419178,23
1301421907,17
1301439040,27
1301444342,15
1301445158,27
1301448027,55
1301454477,21
1301455815,25
1301458181,20
1301463756,17
1301464980,13
1301466336,14
1301469329,99
1301471093,21
1301472408,14
1301482787,14
1301485123,1453
1301485816,474
1301486204,14
1301491918,47
1301492559,52
1301493865,34
1301494149,21
1301495364,18
1301498505,43
1301498945,178
1301502264,55
1301503296,15
1301518021,67
1301525143,19
1301527869,40
1301528097,65
1301533608,116
1301539175,11
1301540478,174
1301541289,20
1301558114,18
1301558649,19
1301563271,369
1301565741,17
1301570059,278
1301573339,48
1301575666,11
1301592495,14
1301596482,72
1301597356,14771
1301607598,1308
1301611769,27
1301639709,20
1301640367,168
1301641528,32
1301643310,35
1301645599,162
1301647948,13
1301650386,18
1301653337,840
1301653989,12
1301657572,3434
1301664801,52
1301667013,53
1301672719,754
1301673577,12
1301683816,394
1301693327,34
1301694982,16
1301707902,13
1301707912,82
1301709626,76
1301723360,20
1301724538,11
1301725592,31
1301725727,217
1301738357,18
1301756334,30
1301767680,17
1301774983,51
1301783112,60
1301788801,11
1301790724,47
1301793165,12
1301796528,60
1301799748,11
1301809788,12
1301812872,48
1301819599,20
1301837591,16
1301841465,52
1301842269,15
1301856089,63
1301856519,54
1301861241,22
1301870117,24
1301873855,13
1301875103,18
1301893348,11
1301898837,81
1301903391,178
1301910694,16
1301917947,36
1301926418,11
1301934121,76
1301934220,13
1301938254,21
1301958727,15
1301967069,11
1301969071,31
1301983899,81
1301987551,30
1301992438,23
1301998668,14
1302005433,20
1302010381,17
1302014092,13
1302019080,248
1302019326,54
1302026716,12
1302029387,31
1302029423,27
1302030647,15
1302031002,121
1302033406,11
1302037370,22
1302045369,70
1302055571,11
1302067941,39
1302077273,1389
1302080030,19
1302087529,12
1302093382,529
1302111336,25
1302124928,29
1302126016,11
1302130459,11
1302151966,125
1302164086,30
1302170043,136
1302170604,36
1302172683,920
1302190660,68
1302193564,26
1302201356,16
1302202107,65
1302202880,64
1302205024,13
1302216725,12
1302223856,50
1302236535,12
1302242606,30
1302252210,179
1302262750,129
1302268312,46
1302269184,30
1302273154,90
1302277405,44
1302282559,11
1302287414,75
1302291872,21
1302296412,20
1302297836,39
1302314093,20
1302314352,18
1302315783,36
1302319451,101
1302326901,24
1302327379,24
1302328224,23
1302329332,94
1302335558,29
1302375379,92
1302377433,20
1302393186,16
1302398032,2170
1302409680,962
1302413366,19
1302419828,43
1302426780,266
1302427034,22
1302437664,11
1302438629,15
1302442495,11
1302448737,495
1302459541,71
1302460137,188
1302464336,14
1302471470,20
1302482437,32
1302483274,136
1302484474,29
1302494840,16
1302496224,1983
1302501377,15
1302513522,28
1302513724,35
1302521362,30
1302522817,15
1302531339,164
1302544971,461
1302546604,55
1302549724,120
1302552260,16
1302580709,11
1302584359,28
1302595848,101
1302610309,23
1302612528,676
1302615481,29
1302629692,34
1302634008,27
1302637373,15
1302641378,85
1302643506,103
1302655029,12
1302657908,21
1302669715,27
1302690078,5713
1302692944,78
1302700567,15
1302701321,44
1302709654,14
1302734131,20
1302741039,64
1302746638,23
1302754015,21
1302754323,36
1302756008,2201
1302761259,101
1302773900,11
1302778457,26
1302780148,35
1302782677,12
1302793047,53
1302800669,48
1302801301,20
1302802371,112
1302812797,13
1302826533,13
1302835106,12
1302842290,116
1302855458,98
1302856834,16
1302865155,58
1302873627,13
1302875835,16
1302888707,42
1302893901,15
1302903993,19
1302911872,83
1302914488,30
1302915552,281
1302920880,25
1302925060,77
1302937875,29
1302938232,24
1302940207,11
1302949847,27
1302950792,11
1302956564,12
1302959913,12
1302961227,43
1302962846,82
1302973507,115
1302983718,56
1302984367,109
1302986554,2278
1302987358,34
1302988703,80
1303008060,95
1303020015,304
1303030097,67
1303043661,21
1303050614,25
1303051373,16
1303057578,15
1303075050,587
1303082204,325
1303090597,15
1303097886,11
1303104453,57
1303104741,14
1303106583,46
1303110640,47
1303111815,35
1303113964,48
1303123981,19
1303124963,96
1303137568,50
1303140174,11
1303160078,28
1303172472,16
1303179284,13
1303197338,56
1303214804,41
1303225493,20
1303228846,14
1303237716,19
1303245406,16
1303253010,104
1303257127,59
1303258850,4155
1303265999,183
1303267474,41
1303275522,12
1303275802,14
1303286155,31
1303294638,49
1303294671,13
1303299294,26
1303306436,35
1303311265,11
1303315804,16
1303315918,230
1303322746,44
1303323911,211
1303346313,12
1303358961,19
1303365335,41
1303367978,74
1303388198,779
1303415892,18
1303419599,18
1303424682,14
1303426000,29
1303430390,98
1303433856,43
1303444609,2449
1303452389,201
1303452678,121
1303463449,157
1303475491,39
1303494416,1434
1303499948,50
1303503512,30
1303504717,177
1303509322,14
1303510493,16
1303516931,911
1303528937,72
1303535947,14
1303542206,70
1303546492,179
1303556295,13
1303558514,179
1303563430,54
1303570795,19
1303576851,1249
1303602767,13
1303608426,109
1303612962,33
1303627608,26
1303631320,12
1303633647,104
1303635921,12
1303648567,46
1303649436,16
1303650717,20
1303654689,62
1303659182,125
1303663690,91
1303663929,20
1303665181,82
1303675692,12
1303694788,25
1303698387,18
1303700237,20
1303704650,12
1303711609,950
1303715087,198
1303720139,11
1303720794,25
1303725660,37
1303741109,18
1303760460,31
1303763995,34
1303771560,13
1303772019,13
1303772993,11
1303775804,28
1303777396,16
1303780153,31
1303792328,25
1303806285,28
1303808471,37
1303808541,100
1303816649,23
1303816773,18
1303817447,66
1303818519,21
1303823150,88
1303829880,2699
1303838051,11
1303840800,128
1303843138,51
1303846871,33
1303848201,174
1303848744,14
1303852154,20
1303852365,16
1303853001,13
1303856272,35
1303862796,17
1303875928,21
1303882206,13
1303900797,52
1303908751,26
1303913048,18
1303942681,58
1303943786,29
1303945692,42
1303947050,12
1303951648,146
1303954218,33
1303954895,19
1303964380,16
1303967338,28
1303967412,43
1303968701,27
1303972604,14
1303984411,61
1303985965,31
1303989795,11
1303993210,15
1303996759,18
1304004330,10
1304005951,14
1304007356,27
1304009131,139
1304012236,93
1304014128,201
1304019895,130
1304024914,44
1304027230,207
1304038436,13
1304050127,12
1304052892,29
1304056775,295
1304080289,92
1304094516,69
1304107002,35
1304125705,21
1304129036,1247
1304146485,25
1304149672,204
1304152620,20
1304159264,6826
1304160686,15
1304174300,246
1304196000,16
1304196094,32
1304207622,5236
1304218593,24
1304222831,149
1304225766,13
1304226508,12
1304229261,566
1304232661,43
1304234956,23
1304237262,47
1304238224,27
1304238567,85
1304242618,25
1304244881,26
1304246254,13
1304260727,50
1304284285,11
1304294655,11
1304306112,23
1304315081,104
1304318009,15
1304322497,52
1304331546,14
1304333897,32
1304334984,24
1304335866,51
1304336034,13
1304337507,43
1304341067,35
1304347403,12
1304349828,81
1304349839,20
1304351988,13
1304355918,24
1304356697,11
1304359065,212
1304359834,12
1304373890,25
1304378523,41
1304378982,37
1304380332,13
1304384931,83
1304397764,27
1304404625,13
1304407094,188
1304420160,15
1304423757,31
1304431028,137
1304437369,13
1304442749,26
1304443596,17
1304443708,14
1304444662,45
1304451904,389
1304464095,10
1304467806,72
1304469036,16
1304471702,138
1304473868,315
1304488632,55
1304488811,34
1304493978,23
1304495415,141
1304495445,14
1304501122,53
1304506703,36
1304517830,20
1304518726,415
1304519591,39
1304520950,15
1304521366,92
1304525090,16
1304526833,13
1304529385,205
1304529863,70
1304537180,16
1304537472,83
1304539881,30
1304542808,49
1304546130,11
1304549988,11
1304556871,33
1304559533,32
1304567127,49
1304567934,24
1304568773,14
1304570341,14
1304571083,11
1304573079,42
1304583136,22
1304586137,19
1304590740,22
1304591688,28
1304593240,15
1304593880,10
1304594889,32
1304599770,39
1304607940,12
1304610471,12
1304628219,13
1304628584,20
1304630405,12
1304631348,35
1304632302,54
1304633776,52
1304642476,15
1304644472,28
1304659311,12
1304663770,261
1304669452,50
1304671769,51
1304679633,32
1304680116,57
1304682395,64
1304694242,28
1304694611,28
1304696083,99
1304696714,1023
1304697544,20
1304718110,14
1304728191,16
1304731994,56
1304734752,98
1304735130,57
1304747155,151
1304750838,3
1304753624,56
1304758893,77
1304766813,51
1304775452,101
1304783749,75
1304785049,26
1304794847,64
1304799387,57
1304802486,19
1304806937,37
1304821256,15
1304828386,39
1304831653,53
1304832932,57
1304837172,62
1304837388,16
1304837809,100
1304843457,220
1304844444,12
1304856087,35
1304862483,31
1304863350,14
1304879632,98
1304888461,76
1304901279,81
1304905329,251
1304911834,16
1304914989,18
1304923286,36
1304926283,116
1304927496,415
1304930510,28
1304935616,14
1304937943,202
1304957651,1698
1304962944,12
1304963373,41
1304980197,20
1304985779,102
1304988216,28
1304995104,18
1304995293,20
1304997851,152
1305001221,108
1305002900,10
1305005489,26
1305006110,14
1305010238,18
1305016405,16
1305019885,15
1305021260,23
1305031967,12
1305036742,16
1305037983,169
1305045450,13
1305045933,35
1305046490,30
1305049060,21
1305054288,17
1305056966,133
1305056996,30
1305058794,801
1305066054,13
1305081749,54
1305087722,20
1305087895,54
1305091317,35
1305101019,18
1305103103,81
1305107630,13
1305115824,149
1305117762,81
1305120640,135
1305129752,160
1305133774,103
1305146030,52
1305148975,310
1305151705,57
1305155356,20
1305155429,39
1305161350,23
1305162419,21
1305163853,9
1305176990,18
1305177869,85
1305178119,338
1305179696,108
1305184384,24
1305186432,28
1305188958,31
1305192376,338
1305195833,14
1305199771,22
1305202283,90
1305213459,30
1305213711,27
1305226250,26
1305228500,16
1305235960,6
1305236221,16
1305243490,11
1305243497,2700
1305247069,28
1305260901,11
1305262154,132
1305266704,25
1305267585,250
1305270236,14
1305271574,49
1305279821,29
1305280727,16
1305283849,152
1305286302,18
1305295802,18
1305303119,31
1305317087,68
1305318180,18
1305322797,136
1305325533,59
1305351688,96
1305361578,83
1305361794,78
1305375036,62
1305383508,2389
1305384204,31
1305391575,104
1305402694,59
1305405354,110
1305421235,712
1305422688,188
1305428722,122
1305435762,12
1305444562,11
1305444772,149
1305456911,31
1305457480,182
1305464963,13
1305466278,490
1305470256,11
1305472088,10
1305474996,100
1305475154,74
1305475918,314
1305476274,16
1305485172,11
1305486782,15
1305490851,201
1305492582,26
1305492759,14
1305496722,52
1305498575,1196
1305507742,54
1305508043,65
1305509209,15
1305514578,18
1305525627,21
1305527469,31
1305535459,43
1305540288,50
1305545535,441
1305549420,28
1305550169,11
1305551862,1117
1305552609,14
1305553926,12
1305556195,133
1305560524,18
1305561172,18
1305567778,13
1305570895,17
1305571648,19
1305587608,82
1305588644,11
1305591013,24
1305592881,13
1305597416,13
1305599336,17
1305603388,11
1305606229,190
1305616760,15
1305624022,736
1305625451,34
1305628084,60
1305637317,15
1305651780,20
1305660185,18
1305662208,19
1305662329,11
1305662779,32
1305663861,9610
1305666529,40
1305667339,66
1305679958,49
1305682786,17
1305699858,14
1305704141,63
1305707360,28
1305709115,21
1305715709,22
1305721097,17
1305731992,36
1305741457,179
1305741622,27
1305744986,56
1305755468,77
1305772131,173
1305773751,15
1305774331,80
1305780550,48
1305782176,33
1305788388,25
1305789881,27
1305789974,35
1305790403,13
1305792661,89
1305796151,162
1305797201,89
1305803446,276
1305806069,29
1305806147,45
1305812425,28
1305814109,88
1305814495,30
1305816131,27
1305816675,22
1305818123,593
1305824431,15
1305828240,44
1305841714,45
1305844835,300
1305848083,13
1305848792,11
1305853910,15
1305853976,12
1305862430,28
1305863428,14
1305863751,22
1305864535,33
1305877496,85
1305881647,18
1305892412,16
1305900997,13
1305904986,51
1305914407,13
1305919833,59
1305923374,18
1305935350,18
1305945075,476
1305949408,1
1305965871,46
1305981225,12
1305990791,116
1305996784,26
1306012498,288
1306019889,342
1306022100,19
1306026425,23
1306027397,24
1306036902,116
1306049663,12
1306054893,13
1306059400,12
1306059784,37
1306061660,16
1306065843,3849
1306092159,12
1306100351,25
1306102701,11
1306119612,16
1306128367,18283
1306128677,25
1306129196,45
1306134583,13
1306136148,103
1306138051,15
1306142266,82
1306145188,14
1306154480,49
1306154585,120
1306167802,13
1306169988,126
1306176764,52
1306183965,78
1306195002,100
1306195025,13
1306196002,15
1306196215,44
1306213287,85
1306220964,12
1306234870,47
1306237950,46
1306255186,18
1306263750,20
1306271858,10
1306272254,88
1306272949,268
1306273589,47
1306275910,44
1306277970,17
1306296659,12
1306298776,146
1306300731,12
1306302333,29
1306308600,36
1306313813,17
1306319469,19
1306319471,21
1306319479,20
1306326204,429
1306330232,20
1306331131,18
1306332390,17
1306335487,35
1306342221,14
1306353245,32
1306364195,166
1306371157,109
1306378942,51
1306386497,29
1306401233,20
1306402179,5
1306402746,5
1306405145,14
1306408422,114
1306410375,14
1306411267,19
1306413888,32
1306427790,38
1306430083,609
1306439313,31
1306443880,1232
1306446403,121
1306447506,569
1306448176,67
1306448250,11
1306451998,24
1306471514,15
1306476560,64
1306482063,182
1306485176,98
1306489798,16
1306493579,11
1306494403,70
1306496047,47
1306496060,123
1306498057,23
1306500877,48
1306503677,973
1306505608,13
1306505953,53
1306509662,58
1306512034,36
1306520275,102
1306537922,33
1306551257,24
1306551587,126
1306551914,15
1306568539,164
1306569406,11
1306578822,53
1306586377,34
1306592309,44
1306592644,47
1306595286,151
1306600992,25
1306604474,11
1306607268,211
1306613830,200
1306616266,47
1306619570,48
1306633324,13
1306637593,67
1306639516,11
1306656310,132
1306657349,47
1306659537,55
1306662378,124
1306664176,387
1306672032,95
1306694574,66
1306697289,11
1306706347,36
1306722822,5164
1306725865,75
1306727166,17
1306727670,2237
1306733753,2242
1306736699,55
1306741502,21
1306743583,443
1306758289,1455
1306763846,12
1306768200,2240
1306781567,38
1306792788,11
1306804150,202
1306826997,43
1306834767,112
1306836270,490
1306846091,20
1306847201,62
1306848735,20
1306851637,9
1306851819,21
1306856013,12
1306859228,12
1306869516,8
1306872292,6
1306876863,4
1306882201,19
1306883915,23
1306885243,25
1306886896,38
1306893800,22
1306900312,1
1306905377,16
1306907703,40
1306912075,0
1306912613,89
1306918164,1426
1306932520,72
1306938692,29
1306940144,106
1306953635,10
1306959362,19
1306960192,22
1306969596,138
1306983212,17
1306985248,20
1306985935,126
1306986142,14
1306989887,2171
1307004566,35
1307024852,50
1307025984,230
1307026151,21
1307033594,14
1307038453,1
1307059497,62
1307060259,21
1307062461,46
1307065127,13
1307068134,61
1307070667,147
1307074936,28
1307084089,330
1307084846,138
1307093709,10
1307096111,36
1307097672,49
1307100597,53
1307104496,96
1307110961,13
1307119235,77
1307122649,15
1307122986,23
1307125130,11
1307144877,19
1307154301,309
1307155245,43
1307157054,58
1307160977,68
1307161130,131
1307162978,28
1307168916,23
1307169447,129
1307177229,11
1307178612,12
1307178735,100
1307179412,1162
1307180092,17
1307183421,14
1307194740,48
1307195678,20
1307197725,329
1307202159,328
1307203323,45
1307208902,11
1307213552,63
1307221879,49
1307230282,14
1307234647,13
1307244279,56
1307245581,13
1307248901,56
1307252454,1375
1307266417,146
1307270186,17
1307270471,20
1307270857,58
1307285110,121
1307304765,165
1307328321,82
1307339612,21
1307341214,33
1307347009,12
1307347876,14
1307350189,341
1307351082,45
1307351509,14
1307354870,17
1307359698,73
1307370362,15
1307372176,17
1307376509,154
1307379556,259
1307383231,3257
1307394829,17
1307404521,27
1307409549,12
1307416356,14
1307425320,26
1307432618,90
1307439103,14
1307442412,15
1307448787,100
1307465082,15
1307467681,73
1307469301,52
1307470770,11
1307476583,30
1307486190,2080
1307487818,12
1307488192,29
1307488413,19
1307488992,767
1307489758,18
1307509461,31
1307514479,106
1307527826,27
1307533166,13
1307534291,12
1307540755,20
1307547413,12
1307556669,27
1307559411,129
1307567870,82
1307568662,3574
1307584540,66
1307588143,45
1307596191,27
1307603352,51
1307624256,21
1307628678,14
1307633669,62
1307643131,12
1307643360,3
1307646804,17
1307648930,35
1307649454,43
1307649953,85
1307659690,11
1307667911,19
1307670544,18
1307671429,15
1307672574,13
1307673508,33
1307677842,19
1307679581,2336
1307694207,23
1307695013,98
1307697837,102
1307703830,195
1307704843,13
1307713600,28
1307720625,19
1307733763,82
1307742719,29
1307746958,15
1307751634,28
1307762938,462
1307767186,25
1307773072,38
1307773457,12
1307773990,39
1307787792,90
1307790733,111
1307805451,46
1307807240,38
1307809022,28
1307815143,16
1307817867,20
1307818034,90
1307821649,35
1307830099,13
1307831948,14
1307836085,25
1307873912,32
1307885966,56
1307893307,29
1307896324,18
1307911548,56
1307912172,16
1307913805,18
1307918371,16
1307944394,44
1307949895,12
1307950090,19
1307951182,11
1307952399,22
1307954344,128
1307966960,42
1307972723,19
1307984484,421
1307987666,54
1307990988,12
1307991931,16
1307992645,29
1308013171,13
1308019466,25
1308021842,11
1308040005,83
1308045091,28
1308046435,26
1308056229,11
1308097408,17
1308102087,41
1308110606,16
1308122629,71
1308123071,26
1308124634,91
1308138907,22
1308149332,284
1308177433,12
1308192854,13
1308206794,16
1308217943,229
1308229925,12
1308234922,3006
1308251239,11
1308263428,53
1308267692,46
1308268969,146
1308269277,17
1308273872,31
1308276831,12
1308280933,11
1308288667,120
1308290758,14
1308295979,81
1308296695,89
1308316384,30
1308322250,24
1308326597,106
1308327451,20
1308331067,17
1308334569,32
1308336615,23
1308340659,12
1308352598,23
1308359696,14
1308361498,80
1308364098,22
1308369084,63
1308381095,22
1308397376,55
1308398292,13
1308400131,20
1308404399,450
1308410531,27
1308414454,15
1308419721,48
1308444605,28
1308447765,13
1308448263,126
1308448270,316
1308458265,55
1308458354,489
1308460307,1020
1308461658,14
1308474631,24
1308479056,13
1308479983,44
1308481724,41
1308482715,22
1308497033,11
1308499720,14
1308503336,26
1308517032,13
1308519003,15
1308521113,68
1308521559,159
1308528219,30
1308530009,107
1308538112,121
1308545018,23
1308548569,29
1308555341,23
1308558657,287
1308565466,16
1308567776,14
1308579255,21
1308593621,416
1308599537,131
1308602622,40
1308603606,32
1308612950,201
1308618376,38
1308622617,182
1308625355,45
1308631974,16
1308634170,12
1308635689,22
1308635795,7
1308637634,27
1308644868,17
1308648534,792
1308651022,66
1308653896,17
1308660921,21
1308661698,12
1308671430,14
1308673015,33
1308686491,376
1308693057,13
1308708421,105
1308728666,13
1308739986,44
1308745348,15
1308747824,19
1308758430,21
1308759155,22
1308779766,25
1308788921,20
1308795025,826
1308801528,41
1308805179,45
1308807827,12
1308813487,106
1308815776,57
1308834602,19
1308843906,406
1308844682,22
1308850915,61
1308865998,22
1308867877,41
1308872614,12
1308873515,83
1308878403,32
1308921817,24
1308924030,11
1308924757,70
1308942123,482
1308959443,59
1308968509,18
1308979112,11
1308984967,11
1309028497,13
1309033539,11
1309035989,16
1309048757,314
1309051991,20
1309088427,22
1309088889,164
1309091925,124
1309101083,12
1309102418,2814
1309106162,16
1309107879,144
1309108751,16
1309116723,37
1309124917,22
1309132872,36
1309135706,246
1309137852,16
1309144942,12
1309151187,43
1309160635,19
1309164822,31
1309173710,37
1309188262,19
1309225609,17
1309245485,22
1309246845,80
1309249926,256
1309274307,15
1309280330,16
1309282831,581
1309286742,13
1309325573,21
1309341321,275
1309348250,72
1309349093,14
1309360788,43
1309365929,17
1309370339,17
1309385521,20
1309391856,19
1309393482,11
1309399723,511
1309403290,14
1309407208,26
1309410209,13
1309425913,65
1309433170,15
1309433504,101
1309435192,35
1309437536,626
1309439134,21
1309451980,3549
1309472658,17
1309476358,180
1309487694,25
1309499087,1119
1309505221,1742
1309510538,40
1309516453,14
1309540034,18
1309545902,45
1309553976,34
1309554690,257
1309561049,14
1309581098,13
1309583104,13
1309585508,983
1309586086,47
1309586764,11
1309587458,218
1309589962,22
1309597733,19
1309601929,30
1309605115,15
1309611294,20
1309617936,29
1309620561,12
1309631593,13
1309640971,40
1309647838,79
1309661157,17
1309661906,211
1309664593,137
1309664986,83
1309668849,142
1309671224,53
1309676304,208
1309680814,13
1309681281,20
1309681855,273
1309681945,22
1309687875,20
1309697928,16
1309702776,11
1309703648,50
1309704070,24
1309709313,62
1309712229,19
1309737637,157
1309738430,17
1309740531,88
1309751462,11
1309751899,5973
1309759774,100
1309760179,73
1309767411,11
1309781127,95
1309782162,21
1309790222,32
1309793819,23
1309799622,28
1309804498,28
1309804746,26
1309815142,30
1309818833,59
1309820997,11
1309830743,27
1309831189,23
1309832934,20
1309836866,331
1309846497,135
1309846574,73
1309857238,196
1309873735,19
1309877971,13
1309889408,24
1309892871,13
1309902610,110
1309907019,32
1309914275,11
1309929858,14
1309939393,16
1309949076,113
1309960637,27
1309963061,17
1309964649,31
1309965117,57
1309966437,38
1309969662,16
1309972807,30
1309976848,12
1309990836,3
1309992998,73
1309994258,23
1309996887,21
1309997615,50
1310007456,29
1310007689,14
1310013986,527
1310014869,427
1310024228,11
1310038761,19
1310045865,25
1310057619,4419
1310064911,14
1310066833,66
1310082015,24
1310097724,42
1310109196,296
1310126574,17
1310126867,220
1310139882,43
1310140413,12
1310155066,14
1310156788,29
1310158867,12
1310159401,41
1310161451,46
1310162837,1381
1310169028,14
1310178015,11
1310187403,17
1310191503,66
1310199195,18
1310208173,47
1310243342,206
1310243752,60
1310254507,23
1310260640,95
1310271207,259
1310274020,72
1310274582,53
1310282341,27
1310285353,94
1310294466,106
1310296661,76
1310307310,324
1310309392,62
1310313058,13
1310314263,40
1310314499,37
1310318281,1
1310338949,12
1310363431,50
1310363791,22
1310374568,2284
1310380073,73
1310383349,33
1310396953,22
1310406084,25
1310428322,182
1310429236,64
1310450222,30
1310451183,12
1310474846,154
1310495129,15
1310500533,14
1310500648,11
1310505194,26
1310528377,49
1310538762,248
1310543401,1436
1310550182,12
1310561652,87
1310564517,11
1310567981,17
1310577552,30
1310586510,102
1310594307,83
1310595354,12
1310601561,995
1310610581,27
1310624361,69
1310624440,252
1310624630,874
1310629295,49
1310630466,34
1310632392,19
1310635707,17
1310636883,13
1310641242,47
1310650417,16
1310651221,32
1310659485,16
1310665145,15
1310666689,1993
1310679785,47
1310681525,16
1310682277,34
1310682390,13
1310685702,12
1310687669,40
1310691580,1074
1310692055,26
1310694908,12
1310696198,19
1310700974,145
1310705177,202
1310705824,99
1310715414,491
1310716843,404
1310727310,33
1310733298,16
1310736783,16
1310741811,477
1310748800,212
1310751245,3
1310757100,94
1310757503,12
1310758816,2158
1310767243,204
1310767575,18
1310775568,12
1310782100,16
1310782328,26
1310782800,20
1310785779,15
1310788413,26
1310791404,2629
1310798572,18
1310813330,265
1310819016,26
1310825919,68
1310830484,71
1310836148,17
1310844245,47
1310847317,1155
1310858736,12
1310865330,343
1310871684,24
1310874500,142
1310875798,19
1310885424,42
1310894496,14
1310901706,15
1310902433,180
1310922073,19
1310922614,17
1310937286,17
1310940802,173
1310964744,33
1310966347,57
1310967763,66
1310968158,157
1310973801,61
1310976735,31
1310977717,14
1310981351,108
1310982497,73
1310986912,31
1311000158,123
1311000427,34
1311004634,15
1311007832,11
1311031247,46
1311043182,14
1311058503,53
1311071006,23
1311073479,17
1311085469,244
1311089623,15
1311096964,36
1311097438,16
1311098573,16
1311108439,3222
1311117641,13
1311124886,27
1311138783,13
1311147433,61
1311153410,373
1311160595,15
1311163719,82
1311174165,396
1311175410,32
1311178555,29
1311186098,24
1311196031,17
1311213274,94
1311225763,755
1311242301,33
1311245795,82
1311250427,81
1311257557,1
1311273226,42
1311275589,13
1311276496,11
1311304578,95
1311307019,42
1311313529,353
1311343748,12
1311345774,14
1311345825,14
1311349557,41
1311355645,14
1311366010,106
1311384232,1153
1311394991,15
1311401615,12
1311411474,96
1311422733,15
1311424418,36
1311425451,0
1311437062,45
1311468146,39
1311473088,92
1311485484,90
1311491381,115
1311492346,20
1311494325,19
1311500998,0
1311501610,1
1311502074,0
1311502709,19
1311503215,0
1311503723,0
1311504457,0
1311505830,0
1311522782,16
1311529044,17
1311535386,12
1311562347,14
1311578618,21
1311581613,16
1311612339,14
1311615093,21
1311616339,46
1311619177,50
1311630122,58
1311640403,56
1311664525,364
1311668806,70
1311672561,14
1311672587,12
1311673540,25
1311678225,186
1311686694,45
1311689987,37
1311697330,124
1311705381,81
1311705407,16
1311706813,30
1311712568,12
1311716728,189
1311720244,12
1311726422,21
1311728055,13
1311732585,26
1311737455,14
1311739668,26
1311740729,41
1311747864,42
1311760177,21
1311760221,12
1311762905,63
1311769536,58
1311777322,29
1311777851,17
1311778103,15
1311803282,33
1311807280,36
1311807406,188
1311829424,10
1311833401,44
1311854354,175
1311869304,12
1311892484,14
1311901064,62
1311917227,14
1311921003,292
1311928786,12
1311936638,39
1311956660,23
1311957569,55
1311958436,11
1311964297,64
1311966497,16
1311974330,14
1311982302,22
1311987226,12
1311998459,68
1312008708,121
1312026582,164
1312027571,26
1312029783,218
1312033853,1
1312036354,86
1312038136,0
1312038724,56
1312044413,16
1312044635,0
1312045449,1
1312049432,1
1312049524,471
1312051024,21
1312052589,20
1312055438,18
1312055731,0
1312070559,64
1312086672,100
1312089669,13
1312090216,1
1312098151,13
1312117697,164
1312126862,17
1312129554,249
1312130863,12
1312139641,13
1312142639,874
1312146061,29
1312150421,138
1312150651,81
1312153246,127
1312158011,74
1312158335,1546
1312161341,99
1312193222,170
1312196199,19
1312196547,28
1312198605,175
1312207127,24
1312208627,13
1312220956,316
1312224999,47
1312228909,17
1312239443,17
1312245950,567
1312247338,78
1312249564,24
1312257227,3434
1312258286,11
1312278161,25
1312280882,288
1312280929,14
1312292672,54
1312306755,12
1312323374,17
1312341145,11
1312346598,70
1312346934,84
1312375880,168
1312393328,46
1312403743,23
1312406410,34
1312417957,12
1312422942,74
1312424308,19
1312428500,39
1312435582,108
1312438113,24
1312446183,107
1312455728,14
1312462049,16
1312466494,128
1312473145,76
1312476336,18
1312477654,93
1312485662,267
1312488824,546
1312493082,16
1312508407,11
1312511748,15
1312513731,68
1312517093,34
1312519173,321
1312530712,18
1312532956,14
1312533444,12
1312533982,15
1312534039,34
1312537568,100
1312538053,13
1312538316,11
1312540818,70
1312543008,23
1312545580,89
1312545887,62
1312546480,98
1312547265,42
1312551044,202
1312554298,871
1312554404,444
1312558359,12
1312561935,13
1312563136,23
1312564120,88
1312574524,18
1312583711,16
1312590850,82
1312591765,240
1312608358,12
1312609286,628
1312610893,24
1312611656,13
1312612110,11
1312619737,1235
1312627260,112
1312640769,14
1312657442,12
1312661484,12
1312665350,267
1312680132,55
1312683471,11
1312685460,42
1312693131,15
1312693622,17
1312698116,36
1312710283,251
1312716448,137
1312728158,15
1312729279,98
1312738975,13
1312740155,51
1312752179,199
1312756784,118
1312759592,387
1312762173,268
1312778103,21
1312787405,21
1312793653,12
1312795548,20
1312806315,46
1312807575,11717
1312808843,15
1312814720,21
1312822845,13
1312835170,36
1312835660,18
1312851600,34
1312853776,12
1312859624,18
1312866998,48
1312879027,25
1312879869,17
1312892713,22
1312902046,176
1312909652,232
1312909869,141
1312910397,11
1312911993,13
1312912332,18
1312917672,18
1312919844,27
1312920018,31
1312920802,27
1312924030,83
1312924533,11
1312924592,81
1312925920,31
1312927051,29
1312934614,40
1312943451,28
1312949602,53
1312949782,222
1312951719,11
1312956538,19
1312957276,35
1312958361,54
1312966353,22
1312985062,25
1312985238,28
1312987866,27
1312990447,16
1312990519,22
1312990898,39
1313000137,115
1313004200,30
1313006074,99
1313011686,85
1313012236,22
1313026445,101
1313031641,17
1313032827,120
1313041772,355
1313043305,13
1313044653,23
1313045538,11
1313064103,68
1313070818,12
1313085544,56
1313088952,13
1313106112,11
1313130082,5
1313133523,89
1313138826,62
1313142522,89
1313149858,11
1313157720,23
1313164370,68
1313166155,72
1313181765,86
1313197580,157
1313214764,41
1313215450,916
1313222155,11
1313225248,107
1313232630,68
1313236648,38
1313239727,182
1313243427,14
1313281849,15
1313284310,22
1313288190,42
1313290235,64
1313292616,14
1313295846,66
1313300049,39
1313300885,13
1313314563,11
1313315719,18
1313325215,134
1313341722,15
1313351403,98
1313352721,226
1313355587,42
1313358017,120
1313360734,41
1313360851,26
1313362873,17
1313364457,12
1313369906,16
1313374269,65
1313375317,231
1313378548,242
1313381402,73
1313392636,30
1313394139,35
1313397312,144
1313411155,44
1313427207,11
1313430820,22
1313432487,38
1313434625,738
1313435339,2766
1313435665,21
1313436648,54
1313439354,13
1313439773,11
1313441607,16
1313451184,278
1313453387,34
1313463885,253
1313485867,11
1313488505,21
1313488876,11
1313505044,50
1313512177,11
1313524608,26
1313528093,289
1313531698,15
1313548808,69
1313549651,18
1313550097,13
1313550111,56
1313555494,11
1313569351,13
1313572572,11
1313573635,320
1313576395,8855
1313580625,24
1313585428,11
1313592821,34
1313594931,41
1313597274,205
1313605451,20
1313610207,40
1313612260,28
1313614650,511
1313617280,11
1313620762,41
1313622384,12
1313627220,13
1313635970,51
1313670990,22
1313671055,41
1313678749,40
1313691908,21
1313699888,13
1313706469,11
1313714467,30
1313726003,89
1313732283,425
1313733120,11
1313733249,98
1313742872,16
1313744584,30
1313761023,23
1313763142,80
1313770200,215
1313785939,205
1313787242,20
1313802476,14
1313805296,51
1313805761,16
1313808387,150
1313817088,147
1313835429,22
1313843554,149
1313844277,105
1313847312,9
1313855420,13
1313865197,25
1313886041,73
1313895034,85
1313901190,293
1313902928,13
1313905017,15
1313914433,18
1313919481,105
1313919842,23
1313921896,111
1313937048,45
1313941347,81
1313950222,51
1313951228,126
1313954221,38
1313966068,1293
1313972226,100
1313978749,23
1313980708,13
1313993247,44
1313999061,35
1314005304,39
1314007736,14
1314017272,30
1314017288,13
1314029122,110
1314033208,51
1314035762,15
1314036825,146
1314048518,3478
1314058174,11
1314064046,30
1314070900,220
1314075859,304
1314077782,13
1314090615,81
1314090794,24
1314096019,12
1314104494,93
1314105991,133
1314112828,39
1314121831,27
1314123805,14
1314131289,78
1314140996,76
1314141621,27
1314159634,36
1314180940,21
1314181734,20
1314186121,17
1314190101,128
1314213737,301
1314223012,241
1314223440,15
1314224558,18
1314225526,82
1314243622,57
1314267613,91
1314268068,220
1314272530,18
1314274177,11
1314277259,13
1314289943,36
1314293816,11
1314300684,87
1314304412,75
1314307824,15
1314331320,86
1314351367,20
1314351515,19
1314365508,12
1314368765,338
1314372174,14
1314384305,13
1314400315,11
1314404827,824
1314407693,12
1314411582,57
1314411983,12
1314426744,17
1314435335,63
1314435709,33
1314437735,48
1314439583,21
1314446438,481
1314448411,18
1314450193,93
1314456721,25
1314465738,20
1314471674,85
1314489864,15
1314494428,90
1314502072,64
1314507647,29
1314510108,47
1314510451,92
1314513956,68
1314515526,18
1314518085,542
1314522140,10
1314525428,74
1314530051,13
1314535038,361
1314539144,13
1314541176,11
1314543876,11
1314547728,11
1314549531,78
1314553634,193
1314554420,14
1314555301,13
1314556783,163
1314562499,18
1314573574,22
1314575500,12
1314575864,69
1314576162,12
1314577732,49
1314582570,22
1314587317,66
1314592678,54
1314597444,485
1314597640,43
1314606490,43
1314609786,107
1314621723,99
1314635382,79
1314646280,21
1314650261,38
1314665580,117
1314666336,22
1314666759,17
1314688202,36
1314692458,77
1314696900,47
1314705337,24
1314708146,38
1314708569,13
1314719265,42
1314720416,19
1314751354,19
1314761721,31
1314763110,11
1314768270,13
1314771915,120
1314775126,4
1314775339,13
1314785707,145
1314787397,213
1314793770,97
1314796671,95
1314797404,50
1314807642,83
1314810821,24
1314814693,18
1314828347,83
1314829815,207
1314839093,94
1314848571,13
1314861868,47
1314885627,11
1314886398,66
1314886450,15
1314897407,17
1314898286,41
1314902293,15
1314907124,18
1314908790,946
1314919710,11
1314921459,17
1314930526,86
1314930742,41
1314935411,49
1314939164,46
1314942306,14
1314942734,56
1314955865,14
1314963175,242
1314965195,43
1314965780,11
1314983809,295
1315002015,21
1315011203,75
1315013718,50
1315019806,135
1315046220,15
1315050467,22
1315060524,179
1315090338,36
1315107360,199
1315113294,137
1315124331,21
1315145555,24
1315148422,257
1315151205,26
1315161527,17
1315162321,15
1315174739,50
1315176698,97
1315197623,13
1315202731,35
1315206477,19
1315211025,11
1315237738,12
1315250209,117
1315253319,19
1315259344,133
1315261510,17
1315264982,240
1315274753,15
1315306738,11
1315310857,304
1315325448,133
1315337233,13
1315345631,11
1315360669,246
1315380003,18
1315384578,722
1315386783,18
1315387640,13
1315396243,32
1315403737,30
1315417479,12
1315421856,19
1315423038,13
1315424242,2448
1315427742,136
1315440714,95
1315458055,259
1315467948,31
1315490794,29
1315496140,866
1315506094,25
1315507441,14
1315510399,14
1315524449,34
1315532431,31
1315554178,20
1315554554,17
1315555252,110
1315559738,80
1315577855,19
1315590382,106
1315593981,336
1315606516,12
1315608225,41
1315612819,16
1315615915,30
1315616754,27
1315624465,118
1315633191,930
1315636287,231
1315637119,18
1315650270,96
1315653133,98
1315655500,11
1315659796,15
1315666966,1557
1315694205,56
1315704673,1433
1315704894,32
1315709446,11
1315715415,11
1315716996,21
1315719035,52
1315725201,3
1315725677,11
1315727835,53
1315752194,14
1315754570,32
1315756690,20
1315759320,14
1315768968,780
1315771979,1183
1315773456,90
1315775537,122
1315780685,65
1315782012,23
1315782075,13
1315782500,75
1315788070,18
1315788496,2325
1315791355,11
1315799079,744
1315808628,13
1315812726,349
1315815106,34
1315838033,13
1315850048,729
1315854686,2393
1315862117,55
1315868156,17
1315871263,34
1315872547,25
1315873482,13
1315878982,14
1315882506,55
1315885684,199
1315885906,11
1315898112,27
1315908836,13
1315913180,16
1315913285,16
1315917300,11
1315917939,34
1315920735,21
1315929647,2983
1315945353,13
1315946971,46
1315962414,211
1315972279,14
1315973245,29
1315991751,38
1315994465,121
1315995847,32
1316006189,27
1316017987,19
1316018310,33
1316027708,92
1316033508,197
1316035735,162
1316038912,25
1316039457,11
1316040374,39
1316058101,100
1316058443,11
1316065836,2
1316073756,117
1316080880,46
1316084541,21
1316091624,14
1316095157,76
1316114472,195
1316125494,3
1316132985,21
1316165928,14
1316168417,63
1316182715,22
1316187395,39
1316195094,230
1316202030,22
1316207405,13
1316216777,12
1316217740,30
1316220263,19
1316232500,38
1316239060,50
1316239568,18
1316240573,23
1316245845,28
1316262618,34
1316266139,46
1316266262,19
1316273378,56
1316282601,39
1316292189,111
1316295800,46
1316298108,14
1316298951,533
1316301768,11
1316320567,32
1316321471,14
1316327387,32
1316331731,15
1316344428,13
1316356625,15
1316365555,593
1316366508,11
1316371799,461
1316373075,38
1316378608,53
1316380795,17
1316387098,11
1316388080,438
1316389149,25
1316417512,11
1316439701,11
1316440427,118
1316441040,31
1316443307,4121
1316443332,38
1316451942,227
1316458302,103
1316471796,15
1316474873,63
1316478168,60
1316480843,76
1316485187,76
1316490853,42
1316509952,18
1316527318,15257
1316536180,17
1316538156,77
1316538729,46
1316544157,79
1316553733,334
1316568189,22
1316586400,21
1316590209,19
1316591500,15
1316592914,11
1316594544,15
1316594840,82
1316595638,62
1316596909,52
1316597022,22
1316597685,64
1316597776,13
1316597823,11
1316599000,53
1316599118,13
1316601917,67
1316603236,125
1316622249,15
1316639651,13
1316642877,45
1316670255,33
1316673002,167
1316673337,40
1316678048,15
1316679883,31
1316686157,98
1316701203,24
1316703022,27
1316707723,112
1316712864,39
1316715856,16
1316753184,14
1316762886,23
1316765705,13
1316775238,26
1316783029,43
1316793737,313
1316795029,219
1316795249,25
1316799715,11
1316808195,52
1316825297,117
1316826510,11
1316827897,50
1316838184,19
1316852624,14
1316855670,11
1316860569,43
1316862691,20
1316875788,4857
1316883315,105
1316894183,23
1316907092,62
1316909862,13
1316924477,151
1316932757,12
1316933090,16
1316944679,122
1316946692,604
1316947252,12
1316954065,12
1316968835,68
1316983376,71
1317000300,30
1317005876,25
1317011745,47
1317026993,19
1317035639,20
1317036455,14
1317041031,9223
1317054555,430
1317064728,13
1317066429,126
1317066456,21
1317066828,51
1317071286,13
1317086026,124
1317089093,130
1317093528,15
1317095624,19
1317111254,17
1317112312,11
1317118119,210
1317118467,56
1317152420,17
1317154182,50
1317170588,17
1317172464,120
1317172804,22
1317183975,12
1317190160,18
1317191653,129
1317198312,91
1317202867,85
1317210052,74
1317211370,27
1317211809,20
1317223813,17
1317234451,12
1317237779,14
1317239540,14
1317244380,35
1317248227,51
1317261674,51
1317266955,60
1317273101,131
1317280647,23
1317304497,90
1317316449,45
1317322071,50
1317322518,21
1317323848,19
1317328379,12
1317332295,0
1317333477,0
1317348950,13
1317354312,1
1317356529,0
1317358185,1181
1317358607,0
1317359824,0
1317360095,0
1317361536,12
1317365351,21
1317376183,126
1317379324,71
1317383744,60
1317385739,69
1317393235,13
1317413024,26
1317419435,28
1317420195,19
1317420606,38
1317422032,22
1317427814,15
1317434942,184
1317438192,53
1317439916,17
1317444689,17
1317448886,1
1317463144,49
1317466681,18
1317467366,14
1317472781,37
1317490924,12
1317496789,23
1317498322,274
1317508324,146
1317515809,757
1317527211,60
1317541451,3
1317564135,185
1317571548,43
1317575332,28
1317597851,69
1317608912,30
1317611495,34
1317638285,102
1317638368,43
1317679835,41
1317695757,14
1317703606,15
1317704414,19
1317714743,20
1317714931,31
1317721033,32
1317724906,9
1317742704,169
1317749372,65
1317764023,12
1317780464,132
1317805815,83
1317820455,23
1317834385,43
1317841261,15
1317842624,92
1317845318,118
1317845894,108
1317850140,17
1317853585,51
1317857887,11
1317863622,56
1317888287,14
1317890750,23
1317893214,76
1317895494,11
1317902880,52
1317911084,101
1317915210,13
1317915277,21
1317920445,54
1317921453,13
1317924808,24
1317926564,12
1317927085,50
1317930819,37
1317946380,61
1317970569,458
1317978834,13
1317979155,11
1317984735,49
1317985760,13
1317996135,218
1317998700,22
1317999275,54
1318002754,4
1318009903,24
1318017573,13
1318019826,25
1318023660,78
1318025112,1988
1318037436,39
1318053703,27
1318055814,13
1318057073,25
1318057433,17
1318072933,57
1318081867,16
1318087745,406
1318091082,43
1318092877,52
1318096478,171
1318100800,42
1318102439,93
1318111439,21
1318147325,11
1318150396,94
1318151455,12
1318152768,42
1318164526,26
1318184764,1539
1318187016,7781
1318197751,48
1318211548,21
1318213206,15
1318229004,108
1318233396,12
1318237562,11
1318241125,36
1318245682,20
1318251650,14
1318252591,28
1318257480,36
1318258994,24
1318274214,4
1318289209,19
1318289840,26
1318289843,180
1318293898,17
1318294378,12
1318304916,216
1318310911,59
1318315172,97
1318320674,64
1318330553,78
1318341671,75
1318342814,29
1318348313,70
1318360190,32
1318360844,154
1318361504,145
1318362655,11
1318369502,34
1318379446,83
1318382003,105
1318382587,781
1318383417,370
1318384497,14
1318384640,12
1318387487,15
1318388542,59
1318400137,20
1318404555,25
1318407647,16
1318411646,32
1318423155,30
1318425443,13
1318425496,42
1318431764,66
1318436431,81
1318436679,14
1318445542,15
1318458711,15
1318461482,10
1318465490,26
1318479117,15
1318483994,157
1318490286,29
1318504079,109
1318509263,12
1318529228,30
1318548997,19
1318562243,240
1318599825,12
1318609608,54
1318614758,13
1318621602,13
1318642456,15
1318654705,22
1318658418,16
1318664032,50
1318672654,54
1318675746,17
1318681359,136
1318712528,34
1318722718,118
1318725835,47
1318727352,188
1318729673,37
1318734428,37
1318737774,107
1318738214,27
1318743140,113
1318768894,10874
1318777827,37
1318788427,25
1318795016,9
1318796567,18
1318801695,406
1318802395,35
1318804206,16
1318805473,14
1318820565,34
1318826614,31
1318830493,107
1318832252,108
1318832652,144
1318833049,109
1318833449,387
1318855915,31
1318858576,24
1318866816,111
1318873253,529
1318882771,1
1318885938,9
1318893208,1628
1318894586,81
1318897483,66
1318900501,18
1318900928,15
1318904076,316
1318905261,13
1318914813,53
1318937120,140
1318944817,10
1318947048,1039
1318956888,12
1318961055,15
1318963796,140
1318963974,11
1318966444,59
1318967247,11
1318969718,22
1318977228,14
1318977673,14
1318978967,9
1318979351,8
1318987374,20
1319004034,16
1319010645,97
1319013114,13
1319017608,30
1319031883,36
1319035076,11
1319036011,33
1319037509,36
1319037828,47
1319051191,47
1319051889,31
1319059379,47
1319066980,2
1319067720,51
1319075968,29
1319085701,45
1319087070,21
1319090268,12
1319093879,312
1319095350,16
1319102721,256
1319103293,17
1319109139,265
1319112594,11
1319119605,41
1319132573,17
1319136719,151
1319137793,23
1319139342,11
1319156283,40
1319158290,14
1319160890,28
1319168519,15
1319169607,17
1319174653,1214
1319185876,94
1319198340,156
1319201095,16
1319201916,63
1319213105,25
1319215459,11
1319221351,166
1319225586,13
1319247547,209
1319248989,690
1319268814,164
1319277794,74
1319280026,1
1319290417,113
1319291513,95
1319294522,31
1319296913,105
1319299763,26
1319304431,97
1319308368,73
1319312065,27
1319318004,13
1319323481,96
1319325765,175
1319325965,17
1319328390,22
1319328610,22
1319336961,2608
1319350074,14
1319353851,65
1319357404,15
1319357442,14
1319360821,16
1319366891,10
1319367318,53
1319368210,136
1319373413,38
1319374673,26
1319378448,351
1319387706,13
1319394660,21
1319396515,22
1319417476,13
1319419492,5191
1319423199,50
1319428296,14
1319438575,15
1319440456,13
1319441113,27
1319443961,15
1319445130,86
1319474007,572
1319475824,10
1319495166,139
1319501276,45
1319535995,17
1319537176,12
1319540329,138
1319544310,40
1319555849,34
1319566713,90
1319573043,33
1319580960,117
1319600255,148
1319602786,20
1319610556,16
1319613433,13
1319616317,16
1319616329,13
1319621005,23
1319623498,13
1319630301,8
1319636380,32
1319638787,0
1319644682,30
1319648286,311
1319652485,8
1319655999,0
1319678347,183
1319697693,15
1319702332,13
1319711005,52
1319712430,74
1319740886,11
1319749836,17
1319760746,29
1319776248,45
1319778645,41
1319780465,93
1319786688,101
1319793410,28
1319797823,29
1319823035,63
1319824147,61
1319827146,33
1319832335,57
1319835565,153
1319840926,19
1319849272,27
1319851399,132
1319853777,32
1319855210,1263
1319870867,28
1319873617,280
1319873856,34
1319879136,325
1319899830,11
1319913823,403
1319919713,3
1319921002,359
1319927892,759
1319929531,18
1319930579,17
1319935567,19
1319936575,17
1319940995,11
1319941229,21
1319945044,75
1319946565,14
1319951501,28
1319960845,24
1319996831,15
1320010935,34
1320019880,752
1320029807,16
1320032479,0
1320038780,100
1320038965,19
1320039160,58
1320039519,91
1320057578,15
1320069781,53
1320078754,12
1320079395,13
1320085548,67
1320086941,192
1320088898,146
1320091816,1788
1320091852,71
1320101490,3334
1320109030,16
1320110114,77
1320127508,68
1320140163,22
1320145360,13
1320145775,149
1320148460,12
1320151833,201
1320154042,122
1320154809,32
1320160089,21
1320162302,91
1320172833,13
1320178198,82
1320187512,16
1320191889,960
1320195608,152
1320201211,16
1320201809,12
1320202144,32
1320203112,4
1320206061,22
1320208076,70
1320210031,12
1320225787,0
1320239169,115
1320242285,1137
1320243904,20
1320246076,105
1320252722,21
1320257424,0
1320260594,12
1320270455,774
1320271414,105
1320279890,35
1320283832,280
1320291718,23
1320292651,18
1320295785,26
1320301761,13
1320307428,837
1320308769,36
1320308904,15
1320328062,17
1320332255,16
1320333770,17
1320337931,78
1320337958,11
1320339732,269
1320347777,35
1320349038,16
1320354524,12
1320369294,47
1320371134,0
1320379092,40
1320384572,102
1320387232,13
1320387914,104
1320389065,15
1320394130,11
1320397178,13
1320409975,17
1320412291,1
1320413062,0
1320444346,896
1320448216,133
1320453043,309
1320456601,0
1320457204,22
1320463514,28
1320472884,31
1320490421,0
1320496553,0
1320502145,311
1320502697,16
1320507130,0
1320508734,0
1320523826,13
1320532788,0
1320538689,29
1320578276,32
1320658226,42
1320682291,70
1320723546,16
1320737819,12
1320749267,19
1320763344,50
1320767711,131
1320804509,54
1320818729,184
1320824737,110
1320827273,1002
1320838720,31
1320874379,14
1320905866,14
1320932400,45
1320943282,23
1321012021,14
1321015213,11
1321035178,15
1321045269,117
1321050149,360
1321050932,7
1321063327,19
1321069859,10
1321085715,22
1321088913,86
1321100725,12
1321135386,120
1321139753,53
1321142548,52
1321150084,37
1321152436,517
1321161662,93
1321164726,22
1321166557,610
1321177738,15
1321180478,12
1321182314,40
1321204158,23
1321205409,12
1321209080,57
1321213830,55
1321216024,54
1321219788,187
1321236807,14
1321239702,28
1321259990,1
1321260596,79
1321270149,271
1321274124,21
1321275205,42
1321277409,16
1321280018,81
1321280738,408
1321285248,11
1321291692,50
1321322490,18
1321324242,94
1321327978,24
1321336595,17
1321345007,13
1321356000,60
1321356902,13
1321359471,133
1321376069,49
1321379766,50
1321382020,29
1321396874,157
1321397116,19
1321399490,50
1321407943,0
1321408165,1336
1321408361,62
1321422619,22
1321423834,15
1321436547,855
1321441704,40
1321458166,13
1321458559,22
1321458827,17
1321461994,19
1321465913,18
1321469177,13
1321478154,13
1321490481,56
1321493628,16
1321499283,33
1321505820,29
1321507377,53
1321515356,42
1321517392,55
1321545971,26
1321546743,18
1321559698,428
1321574827,32
1321589876,15
1321591183,103
1321624668,1765
1321632884,12
1321637157,28
1321668961,121
1321674005,33
1321674874,89
1321678498,120
1321678758,46
1321688525,662
1321689447,19
1321694497,44
1321695604,24
1321699044,31
1321714128,16
1321719114,54
1321722857,26
1321734631,51
1321738568,20
1321749130,45
1321766011,13
1321770621,89
1321772520,33
1321773119,65
1321773777,57
1321776044,210
1321781742,79
1321784163,79
1321786097,24
1321790489,648
1321795687,14
1321815624,27
1321818508,105
1321826970,284
1321841047,20
1321878142,189
1321883380,12
1321884777,66
1321885031,30
1321890359,31
1321895537,13
1321906459,16
1321907813,14
1321908669,50
1321913769,12
1321920026,5019
1321921283,187
1321926278,37
1321936789,2
1321945034,11
1321952946,22
1321967766,16
1321988451,89
1321994122,11
1321996634,69
1322012299,22065
1322016298,35
1322030451,139
1322045689,32
1322051065,32
1322054270,38
1322055568,62
1322067899,11
1322068936,634
1322073226,11
1322083929,318
1322091211,176
1322098015,146
1322098652,60
1322113808,15
1322120053,96
1322125443,479
1322136828,1537
1322152111,12
1322162271,24
1322180690,17
1322183015,320
1322187842,323
1322193747,34
1322195763,9
1322202821,25
1322209021,13
1322214052,238
1322224491,11
1322226624,670
1322239420,93
1322241466,277
1322243816,49
1322254311,303
1322256167,3
1322256388,24
1322271620,13
1322284570,40
1322298114,20
1322307430,1
1322315200,11
1322327414,17
1322339572,107
1322350350,51
1322351307,52
1322356489,41
1322370305,245
1322371775,51
1322388294,149
1322396669,54
1322411592,35
1322419783,15
1322427037,11
1322432533,38
1322438453,19
1322438508,83
1322439023,80
1322452208,19
1322454550,63
1322455734,41
1322466201,12
1322477142,19
1322480547,87
1322481762,455
1322497894,14
1322502505,2025
1322505194,38
1322510470,35
1322524751,155
1322532419,24
1322535083,17
1322551166,14
1322562247,23
1322579884,11
1322583727,14
1322584104,56
1322591429,11
1322608380,11
1322620648,37
1322621080,48
1322626388,201
1322633620,121
1322640431,255
1322651268,3366
1322652272,66
1322660175,150
1322662035,32
1322663801,11
1322668478,23
1322670029,11
1322671404,957
1322685769,17
1322694663,37
1322694783,103
1322695516,0
1322696095,15
1322698650,1888
1322698857,45
1322699193,149
1322701347,30
1322705161,37
1322725897,14
1322734311,45
1322754000,374
1322754864,97
1322761659,11
1322763397,12
1322767235,19
1322768766,5765
1322781104,173
1322794014,45
1322795798,69
1322796395,65
1322797880,27
1322798245,335
1322799348,192
1322799599,24
1322800734,16
1322801375,69
1322807397,21
1322813509,336
1322819359,187
1322820611,20
1322821393,32
1322825368,1081
1322829806,3
1322840923,17
1322850354,577
1322858344,17
1322858915,12
1322860688,52
1322861156,23
1322879905,13
1322882679,29
1322889322,108
1322892096,88
1322906687,98
1322918377,137
1322919742,61
1322934980,24
1322935264,13
1322938008,17
1322938843,84
1322943860,631
1322948077,43
1322956121,46
1322956288,56
1322957439,31
1322963697,163
1322968369,11
1322972550,11
1322972797,15
1322976119,101
1322976829,74
1322979659,116
1322983543,115
1322991820,3
1322995993,11
1323002898,31
1323003537,133
1323005921,132
1323012485,14
1323018222,21
1323031425,45
1323036521,19
1323039537,297
1323039916,208
1323045322,144
1323045821,161
1323047651,96
1323048240,524
1323064086,39
1323076522,27
1323076885,21
1323081107,37
1323093689,36
1323101134,60
1323121740,22
1323122780,53
1323125178,14
1323127278,589
1323128380,21
1323130935,203
1323136625,16
1323148141,11
1323149025,12
1323164432,12
1323166404,107
1323168790,11
1323192475,36
1323195127,33
1323215530,40
1323217400,10
1323231803,28
1323251465,14
1323260088,44
1323280384,42
1323288013,157
1323303576,17
1323306782,62
1323315123,16
1323322459,689
1323366767,32
1323366961,374
1323374070,14
1323375521,205
1323379669,18
1323385695,16
1323389770,14
1323397898,13
1323419190,623
1323419458,31
1323432791,15
1323437451,17
1323441852,12
1323449258,33
1323450164,34
1323452550,1136
1323455164,23
1323463821,11
1323463941,215
1323467011,97
1323468152,54
1323482446,48
1323487520,28
1323490949,13
1323494570,17
1323496240,13
1323498380,42
1323508453,11
1323511527,3824
1323514075,53
1323525253,45
1323545303,135
1323548506,774
1323552500,29
1323562930,27
1323563164,11
1323569480,17
1323569556,25
1323577359,71
1323581499,102
1323591296,470
1323595365,5
1323600817,48
1323610205,25
1323629688,155
1323646443,15
1323654521,32
1323661063,12
1323663794,967
1323673335,166
1323688475,12
1323692802,739
1323695128,75
1323695325,176
1323695358,236
1323706334,17
1323712925,45
1323729948,13
1323731499,20
1323736669,22
1323739326,24
1323741593,24
1323742531,22
1323743516,29
1323755248,12
1323758620,23
1323763720,1598
1323764338,11
1323777381,32
1323780819,28
1323782838,15
1323783969,11
1323787093,1
1323796113,357
1323809707,137
1323833414,104
1323840812,45
1323841129,17
1323845482,111
1323869266,82
1323875882,15
1323882349,14
1323891184,11
1323907664,168
1323908322,24
1323919094,432
1323924727,11
1323926490,6
1323926891,74
1323931693,23
1323933315,75
1323938708,61
1323950321,239
1323950625,110
1323957541,33
1323961166,265
1323968214,27
1323968979,17
1323978754,1318
1323984334,783
1323985353,93
1323988988,17
1323993731,57
1323995843,68
1324010126,20
1324010880,13
1324015717,153
1324016826,12
1324034609,12
1324050127,13
1324050318,12
1324051514,11
1324058131,66
1324059656,18
1324063135,39
1324071199,266
1324083696,68
1324092641,14
1324095077,54
1324107391,36
1324107430,26
1324116672,285
1324117656,139
1324124790,15
1324132179,11
1324137339,48
1324139494,28
1324157281,78
1324166631,245
1324208491,1126
1324216451,35
1324216947,21
1324219364,42
1324223080,58
1324224872,12
1324232013,17
1324234627,13
1324239286,14
1324250345,63
1324263473,310
1324266035,14
1324284666,38
1324288620,67
1324303568,11
1324303646,145
1324311422,96
1324317593,13
1324339417,78
1324351548,13
1324356135,37
1324358965,15
1324366886,32
1324376800,15
1324379613,13
1324381785,212
1324382874,116
1324384538,11
1324384595,22
1324385140,32
1324395929,92
1324402921,19
1324406372,29
1324446719,13
1324460855,52
1324465774,32
1324469331,19
1324477638,16
1324482694,189
1324485862,147
1324487331,11
1324488755,21
1324491658,237
1324495180,40
1324516919,48
1324519003,46
1324527947,49
1324532802,19
1324533929,91
1324537078,25
1324538069,189
1324543298,28
1324546795,25
1324553091,24
1324562076,21
1324588172,106
1324601240,198
1324601866,103
1324606434,172
1324606672,12
1324607505,37
1324608657,20
1324611806,199
1324612818,211
1324614213,232
1324617921,137
1324620765,56
1324621106,11
1324625041,136
1324627514,85
1324627622,224
1324629459,191
1324636939,285
1324639578,215
1324640215,42
1324642033,13
1324644624,235
1324645135,195
1324658671,30
1324664250,247
1324665350,45
1324665385,216
1324668664,20
1324669155,44
1324673997,11
1324679594,932
1324683399,204
1324685189,103
1324693430,193
1324693673,16
1324702702,203
1324704163,61
1324704245,44
1324713299,27
1324715563,24
1324718098,21
1324720705,27
1324721157,1
1324727538,16
1324731844,47
1324741372,11
1324744711,31
1324749263,512
1324749738,21
1324754057,39
1324769510,62
1324776233,56
1324792730,11
1324795580,48
1324798416,16
1324800545,23
1324803269,20
1324807333,31
1324817742,172
1324823170,19
1324824206,19
1324825466,11
1324838427,17
1324847108,586
1324849012,14
1324853220,35
1324858135,40
1324858352,12
1324891625,59
1324895208,63
1324899104,127
1324929599,25
1324932440,114
1324935349,36
1324938411,40
1324946854,12
1324948322,44
1324949198,298
1324950805,80
1324952686,33
1324965056,21
1324971080,34
1324983964,31
1325004685,15
1325016742,17
1325019182,71
1325019821,120
1325028032,119
1325041735,25
1325049119,12
1325052623,11
1325059793,52
1325060390,109
1325060410,57
1325064335,110
1325072646,17
1325083738,19
1325096132,3839
1325097653,28
1325101953,201
1325104810,645
1325112478,101
1325121614,103
1325128920,13
1325141112,67
1325142316,16
1325155347,57
1325182514,21
1325188164,33
1325202227,33
1325206693,118
1325212154,38
1325230804,62
1325231370,17
1325241665,34
1325243358,12
1325252853,325
1325286935,11
1325297391,85
1325304283,12
1325310016,12
1325310921,12
1325315882,12
1325324098,55
1325331240,369
1325331751,35
1325334963,23
1325337668,157
1325344471,381
1325371159,12
1325377922,356
1325381890,57
1325392505,18
1325410311,12
1325418450,73
1325422208,84
1325423888,270
1325437839,11
1325454558,11
1325458789,55
1325459387,742
1325473104,34
1325475853,12
1325478362,20
1325489072,108
1325561565,22
1325576698,41
1325588165,24
1325592680,52
1325604847,77
1325614151,43
1325687429,41
1325714602,22
1325723889,48
1325748595,31
1325805237,50
1325839630,15
1325848172,14
1325853520,44
1325861181,19
1325888868,41
1325895668,24
1325897531,69
1325901216,19
1325902812,31
1325907472,11
1325916970,47
1325926547,11
1325931100,13
1325996077,108
1326008263,241
1326035801,24
1326044641,129
1326052782,97
1326053961,35
1326054908,6
1326056513,261
1326071833,132
1326085531,63
1326088798,125
1326089811,500
1326099407,1129
1326100627,34
1326115288,86
1326130379,30
1326134013,29
1326137943,31
1326140471,90
1326143244,37
1326154796,12
1326164488,46
1326173426,15
1326177141,49
1326180722,74
1326184056,23
1326189017,133
1326194383,25
1326198592,55
1326199068,148
1326210686,102
1326222384,66
1326224688,42
1326228297,17
1326235132,214
1326235614,16
1326235741,12
1326235960,36
1326239454,21
1326240806,137
1326244070,118
1326249163,232
1326251311,103
1326261673,41
1326266863,107
1326284290,11
1326292154,55
1326302831,25
1326316542,353
1326319269,29
1326329875,860
1326337581,11
1326371598,13
1326371998,27
1326381011,47
1326392947,23
1326394141,191
1326394720,225
1326420620,215
1326422884,27
1326437892,36
1326451005,11
1326452281,37
1326464530,23
1326465210,51
1326479281,12
1326480303,739
1326486804,0
1326489552,101
1326497156,199
1326507166,251
1326515774,745
1326522836,16
1326522983,15
1326529720,20
1326531152,3763
1326532838,20
1326535523,12
1326542313,14
1326547070,39
1326554666,91
1326574350,551
1326578519,18
1326586077,73
1326593358,13
1326596330,16
1326596385,19
1326607979,218
1326609621,13
1326639319,16
1326642999,168
1326650657,13
1326654671,2437
1326671554,15
1326675251,19
1326681144,187
1326682918,370
1326701903,25
1326723034,48
1326723184,20
1326728658,11
1326729848,20
1326732485,11
1326737916,40
1326758887,11
1326763427,24
1326773343,24
1326779390,25
1326785577,27
1326794832,139
1326807637,183
1326813141,13
1326822054,32
1326825726,35
1326830277,11
1326836323,400
1326844625,20
1326853912,250
1326856161,59
1326893710,3758
1326894904,19
1326915228,828
1326920589,27
1326922823,24
1326935802,88
1326939689,13
1326942966,20
1326960768,14
1326961553,21
1326963227,12
1326963742,421
1326970364,133
1326990376,13
1327005655,13
1327008838,22
1327016629,20
1327017495,18
1327021058,313
1327070180,298
1327071007,128
1327076283,33
1327081238,54
1327083343,67
1327088798,7937
1327114542,30
1327124384,46
1327135163,84
1327170623,28
1327178134,44
1327180127,126
1327181303,44
1327190291,129
1327191572,111
1327201870,16
1327214801,3041
1327221128,52
1327225282,463
1327230913,23
1327257919,85
1327274680,147
1327274904,26
1327282782,21
1327285989,18
1327287225,32
1327302572,45
1327308609,13
1327310658,103
1327325660,12
1327327043,144
1327328463,120
1327329738,136
1327333040,40
1327334049,17
1327346569,11
1327355044,24
1327360831,202
1327364812,104
1327367130,88
1327387768,71
1327391344,41
1327394183,86
1327399926,87
1327405387,11
1327406396,11
1327407830,12
1327408088,13
1327411925,118
1327414207,372
1327451853,47
1327455678,24
1327467443,15
1327480429,33
1327482353,101
1327488191,26
1327494327,12
1327497611,569
1327497865,268
1327502931,1676
1327503571,14
1327504083,52
1327504713,21
1327506365,449
1327530585,20
1327537702,1
1327541512,17
1327542058,1
1327542811,13
1327544079,1
1327546939,1
1327549440,1
1327556525,71
1327573422,15
1327574742,248
1327584991,102
1327587687,16
1327589312,2
1327591718,56
1327597546,12
1327600825,19
1327604124,11
1327610423,33
1327615345,94
1327616101,72
1327630460,21
1327634219,49
1327647115,69
1327654942,64
1327657718,24
1327672071,47
1327678038,42
1327679001,614
1327679348,80
1327682682,37
1327688858,262
1327703576,27
1327720872,12
1327722130,20
1327735276,31
1327738631,21
1327741635,590
1327745309,25
1327760492,15
1327769792,24
1327770542,89
1327771378,68
1327772426,80
1327778516,11
1327812422,204
1327815140,98
1327819882,20
1327829284,14
1327843352,30
1327855429,69
1327856083,26
1327859722,135
1327864655,20
1327882465,17
1327912660,232
1327918915,21
1327922805,19
1327935413,47
1327979474,35
1327981697,102
1327982974,24
1327999315,25
1328001411,158
1328004208,110
1328010825,50
1328021837,206
1328026413,11
1328028608,14
1328035329,323
1328038695,13
1328041729,17
1328053986,52
1328078040,11
1328080712,12
1328095036,22
1328096059,6
1328103438,90
1328146553,13
1328154517,109
1328179440,24
1328183085,331
1328202159,79
1328222462,43
1328232367,16
1328238153,300
1328249282,19
1328249314,81
1328251573,80
1328253363,28
1328264456,32
1328272802,52
1328284302,57
1328287322,18
1328310747,41
1328312204,82
1328330941,43
1328332531,18
1328335662,161
1328340947,198
1328355234,140
1328358094,568
1328359638,15
1328366185,23
1328389467,85
1328392883,13
1328393539,58
1328406087,138
1328406804,10
1328427203,23
1328433769,186
1328443059,18
1328444511,108
1328455222,15
1328466187,15
1328468175,206
1328474181,104
1328476182,12
1328481144,75
1328481917,25
1328497862,59
1328498728,28
1328501436,33
1328501958,606
1328526159,204
1328527258,249
1328532063,46
1328532636,14
1328542091,25
1328548434,11
1328550807,28
1328564479,37
1328572130,13
1328580275,41
1328590564,29
1328596181,16
1328597658,31
1328598252,19
1328599392,158
1328621400,16
1328627783,2768
1328634552,11
1328637363,15
1328645187,39
1328652275,78
1328655966,26
1328656683,46
1328656904,164
1328667649,16
1328668543,16
1328692002,110
1328692130,20
1328707869,256
1328712465,121
1328730284,38
1328742496,21
1328757117,22
1328764415,68
1328769721,1234
1328783846,51
1328787975,281
1328790913,11
1328795639,27
1328798993,16
1328803446,14
1328809295,32
1328816228,82
1328824432,54
1328825933,16
1328829300,47
1328830359,67
1328853711,52
1328854022,11
1328854403,27
1328860135,14
1328861070,12
1328862207,46
1328868896,90
1328876445,101
1328879183,33
1328879530,18
1328889281,201
1328889333,40
1328902345,50
1328931719,32
1328934583,15
1328936229,36
1328939473,73
1328945410,182
1328952004,238
1328953137,14
1328953337,18
1328955645,110
1328958105,275
1328963694,28
1328965478,12
1328966233,57
1328972071,20
1328973416,72
1328975103,12
1328983281,84
1328986158,15
1328993998,13
1328999564,12
1329000381,13
1329003215,17
1329015230,43
1329019919,11
1329037952,13
1329049965,13
1329050462,229
1329068056,13
1329068880,13
1329078157,326
1329080568,13
1329085812,20
1329096836,253
1329105755,437
1329110841,63
1329128263,151
1329136737,311
1329147530,19
1329163060,2634
1329167133,403
1329183470,79
1329192162,39
1329193820,28
1329197939,11
1329203213,27
1329206395,135
1329223745,98
1329235276,12
1329262603,13
1329267018,30
1329270526,87
1329272295,3689
1329284982,21
1329291338,289
1329295499,91
1329307780,46
1329314423,24
1329315609,57
1329316947,34
1329320094,43
1329328083,30
1329332111,32
1329337346,26
1329342178,12
1329342357,11
1329351407,36
1329353712,78
1329356755,23
1329357004,40
1329358049,14
1329365055,17
1329370534,128
1329374056,188
1329374920,15
1329380787,452
1329393192,11
1329396176,12
1329403348,15
1329410717,14
1329412905,13
1329421755,23
1329423195,43
1329430882,41
1329438460,33
1329441055,12
1329442515,13
1329448333,10
1329451298,12
1329457912,7
1329458499,13
1329459029,55
1329477354,77
1329481289,222
1329482074,48
1329484633,76
1329489497,22
1329491612,279
1329501906,7
1329502858,13
1329504081,30
1329504496,11
1329505043,11
1329505047,12
1329505325,14
1329511267,11
1329520982,195
1329523769,32
1329527700,13
1329532338,128
1329535056,36
1329535977,37
1329561971,1382
1329573100,17
1329575745,40
1329587981,204
1329595774,209
1329596477,15
1329613421,55
1329624699,95
1329625338,194
1329629252,1928
1329636359,11
1329637462,22
1329643274,559
1329648391,11
1329648416,19
1329651055,11
1329658588,100
1329663737,66
1329665466,145
1329669219,37
1329681238,12
1329682118,13
1329688801,85
1329695341,20
1329695874,14
1329697250,55
1329702444,26
1329702794,18
1329704476,20
1329704518,24
1329705938,551
1329706276,30
1329710106,18
1329711203,108
1329712089,14
1329723865,72
1329730694,14
1329730975,69
1329758650,215
1329766967,58
1329772796,29
1329775407,45
1329778496,98
1329802802,2
1329806020,4
1329807733,52
1329817321,24
1329834110,104
1329846683,110
1329847278,257
1329847758,12
1329849289,2416
1329850500,34
1329896761,12
1329902064,44
1329915046,66
1329918442,20
1329919679,32
1329925237,14
1329938634,24
1329944041,15
1329952346,28
1329954529,57
1329969587,45
1329972462,566
1329973913,14
1329981086,13
1329986688,80
1329993771,74
1330002704,21
1330005206,138
1330006371,83
1330015402,27
1330029967,17
1330046460,69
1330046962,16
1330048600,30
1330063459,0
1330075875,127
1330081591,101
1330084370,16
1330103508,19
1330108323,78
1330122331,71
1330127155,70
1330132149,135
1330133167,43
1330135801,2701
1330143688,24
1330144990,1098
1330157080,15
1330160336,709
1330175803,19
1330202874,21
1330202935,26
1330204791,21
1330206754,49
1330220596,20
1330222125,38
1330222767,20
1330239706,484
1330248807,38
1330252700,41
1330259315,99
1330260203,15
1330260295,44
1330270943,11
1330271159,34
1330276474,27
1330282006,138
1330297001,55
1330298097,34
1330318865,120
1330319314,21
1330327873,11
1330329922,199
1330332758,83
1330332851,15
1330339939,30
1330347036,28
1330347449,42
1330349574,102
1330350504,20
1330360148,94
1330365650,11
1330367520,152
1330369527,171
1330375360,12
1330387157,223
1330399190,14
1330409659,3
1330412774,14
1330413963,99
1330414761,110
1330434395,204
1330439658,25
1330441646,12
1330442132,32
1330450385,89
1330457932,67
1330460638,24
1330461845,44
1330462451,12
1330462520,25
1330468709,1287
1330471743,98
1330473381,121
1330475010,604
1330476066,99
1330481827,11
1330493920,120
1330496923,38
1330507810,7
1330510119,4
1330513780,24
1330516443,21
1330516569,58
1330516937,467
1330523734,102
1330530171,229
1330531961,325
1330539785,11
1330541122,14
1330541470,108
1330542419,141
1330551342,8
1330560156,12
1330568623,82
1330573139,12
1330578988,99
1330585128,76
1330585421,12
1330595379,50
1330598771,18
1330606242,21
1330606607,303
1330609336,12
1330620024,26
1330621209,108
1330627533,171
1330629905,113
1330632565,2
1330637533,20
1330642544,11
1330644388,196
1330646326,449
1330647435,96
1330647543,29
1330647892,91
1330652318,3
1330652407,913
1330669096,98
1330683084,21
1330684175,13
1330687306,57
1330698126,157
1330702515,3156
1330706992,11
1330717140,99
1330719310,100
1330723353,99
1330736300,11
1330738995,16
1330741123,115
1330759790,12
1330762310,156
1330775457,105
1330775624,103
1330785579,52
1330790110,11
1330790516,13
1330797406,28
1330797628,16
1330805300,16
1330805756,14
1330809662,147
1330817460,43
1330828102,90
1330828627,17
1330836689,101
1330840700,12
1330846135,57
1330847698,26
1330857517,12
1330858727,38
1330864148,11
1330864189,950
1330869473,184
1330875586,47
1330882929,295
1330893519,13
1330901644,99
1330908282,59
1330909640,6
1330919548,90
1330930488,14
1330938244,13
1330948735,390
1330952241,19
1330959200,178
1330960529,18
1330983726,55
1330984071,92
1330998624,12
1331014190,19
1331014414,107
1331018891,187
1331023859,199
1331025830,66
1331027444,50
1331030378,0
1331031602,27
1331044795,109
1331048894,17
1331049113,75
1331055771,13
1331057191,23
1331078494,254
1331078718,28
1331079127,2293
1331084199,4
1331086429,134
1331086670,5
1331086842,18
1331104768,12
1331105012,35
1331112087,198
1331115903,14
1331117865,25
1331118057,110
1331119731,23
1331119852,25
1331122776,26
1331135578,25
1331135699,22856
1331135798,98
1331141764,16
1331160820,13
1331165805,18
1331171993,11
1331175545,33
1331176828,11
1331183783,69
1331196092,144
1331202439,100
1331207288,589
1331208948,38
1331209128,99
1331217585,115
1331225083,102
1331225823,19
1331238111,42
1331242694,83
1331261687,3571
1331270913,28
1331280827,12
1331283163,177
1331306269,13
1331306622,11
1331328001,29
1331332827,127
1331333821,30
1331340460,44
1331343223,25
1331349107,18
1331366070,16
1331368522,19
1331381173,16
1331392011,17
1331397882,20
1331399015,25
1331417844,59
1331440110,102
1331441014,1335
1331466051,38
1331470986,100
1331473860,20
1331477935,16
1331479180,80
1331483296,17
1331485653,83
1331500511,32
1331510024,98
1331514192,24
1331519486,207
1331530885,181
1331532226,102
1331534901,124
1331538256,19
1331538751,50
1331551027,3
1331554337,11
1331554375,16
1331581864,421
1331604310,223
1331608070,92
1331619047,23
1331626452,99
1331629885,36
1331635528,61
1331636953,8028
1331644818,134
1331646849,21
1331649570,63
1331651339,20
1331660357,37
1331661613,16
1331661622,100
1331676909,166
1331680868,18
1331682353,11
1331684414,11
1331687431,50
1331693594,49
1331694732,1
1331702344,17
1331707935,165
1331708469,11
1331712273,29
1331716042,30
1331718729,100
1331718953,14
1331719870,29
1331721780,17
1331723225,564
1331724387,16
1331728719,5132
1331732980,13
1331740864,15
1331741216,22
1331748819,1
1331752587,45
1331753988,19
1331754319,28
1331759511,30
1331760244,0
1331763167,211
1331765777,136
1331769662,102
1331787386,82
1331788266,1
1331788336,105
1331788893,14
1331796968,15
1331801753,12
1331803157,19
1331813703,14
1331817922,37
1331825203,86
1331826815,34
1331837555,143
1331848309,11
1331848582,27
1331857587,18
1331869739,127
1331874248,68
1331881644,36
1331882604,531
1331897397,18
1331901587,204
1331913904,31
1331919771,95
1331927895,159
1331933796,32
1331944527,23
1331946338,63
1331949060,98
1331950531,152
1331966999,74
1331975250,514
1331979525,35
1331994955,24
1331999365,38
1332007280,11
1332009127,1137
1332025256,111
1332028915,35
1332043249,26
1332045055,14
1332059443,21
1332073142,1806
1332077516,11
1332080070,4969
1332098727,29
1332104789,252
1332105105,492
1332105799,28
1332109784,25
1332122666,14
1332135149,402
1332135490,24
1332137279,29
1332137861,25
1332143980,73
1332145538,39
1332162237,112
1332163947,52
1332164591,17
1332165704,14
1332174495,15
1332184066,20
1332185853,712
1332203589,11
1332206753,13
1332212466,179
1332216306,29
1332222725,45
1332228998,12
1332230141,69
1332230734,82
1332232432,13
1332242764,13
1332243516,130
1332244698,12
1332247470,160
1332249222,151
1332249845,18
1332253779,14
1332269543,36
1332277078,24
1332281808,14
1332299633,35
1332300669,44
1332327153,14
1332338281,17
1332348091,66
1332356636,87
1332370895,22
1332372413,17
1332394842,106
1332396395,49
1332396549,60
1332397473,29
1332399543,145
1332403959,75
1332404714,63
1332419257,27
1332427575,16
1332435127,39
1332450492,394
1332459586,15
1332461149,238
1332463018,15
1332481591,43
1332485851,19
1332498297,13
1332500792,60
1332505367,20
1332532363,35
1332541807,278
1332542350,12
1332554310,21
1332556054,15
1332559302,48
1332570754,25
1332578593,58
1332582761,99
1332585907,110
1332590617,218
1332596477,102
1332599518,136
1332604484,115
1332615194,23
1332616861,17
1332619774,97
1332621372,105
1332626527,102
1332635704,12
1332643644,95
1332652922,89
1332654537,98
1332654895,423
1332656411,160
1332659211,163
1332665268,73
1332667033,90
1332674770,95
1332682313,40
1332683811,95
1332692074,16
1332692176,90
1332692519,284
1332693263,18
1332696398,60
1332700417,28
1332705907,49
1332715766,99
1332718366,14
1332722846,368
1332730190,13
1332736374,358
1332736816,27
1332741661,11
1332750112,18
1332750396,391
1332750652,13
1332756442,133
1332766794,24
1332781509,2959
1332781797,40
1332787357,24
1332798328,102
1332799087,446
1332807475,47
1332818293,47
1332819701,106
1332840481,15
1332841701,135
1332854064,92
1332860044,114
1332868730,203
1332869857,52
1332880343,16
1332880861,33
1332885582,48
1332887136,93
1332893475,1971
1332894075,15
1332903042,74
1332905634,118
1332914690,12
1332916939,12
1332920500,14
1332922008,18
1332923668,23
1332924393,13
1332935366,12
1332946915,14
1332948732,11
1332955374,16
1332958756,15
1332963818,16
1332966182,14
1332967299,165
1332968205,33
1332978872,99
1332984685,52
1332989832,92
1332999200,35
1333000249,28
1333000741,586
1333003709,17
1333016032,21
1333019311,155
1333029054,153
1333029353,67
1333033450,119
1333058192,151
1333065091,236496
1333070681,12
1333074267,51
1333074594,26
1333076632,169
1333082085,12
1333084323,11
1333084899,34
1333085957,11
1333089866,79
1333096882,31
1333097145,99
1333099739,246
1333100390,119
1333103530,66
1333111883,222
1333111893,3178
1333116579,46
1333118570,58
1333122965,16
1333125623,58
1333132389,174
1333139588,15
1333141598,172
1333142935,714
1333144072,367
1333147698,13
1333150349,11
1333150357,101
1333152408,56
1333155576,583
1333156486,1758
1333161040,14
1333165619,9539
1333167552,274
1333167714,12
1333171737,571
1333175049,16949
1333178360,24
1333179208,10
1333183397,238
1333185096,428
1333206542,29
1333209944,22
1333210012,13
1333211388,106
1333212317,198
1333218091,25
1333220013,76
1333222497,11
1333224461,35
1333226405,34
1333228186,35
1333229304,23
1333232606,109
1333234252,33
1333234667,73
1333235870,339
1333237225,56
1333243747,63
1333247282,431
1333249891,13
1333252932,41
1333254657,123
1333258936,812
1333259530,18
1333262109,11
1333263294,346
1333266800,143
1333268083,13
1333270655,12
1333275113,25
1333276203,51
1333279808,20
1333284620,74
1333285776,88
1333285997,45
1333286217,38
1333287238,214
1333287836,36
1333288958,13
1333289615,11
1333290303,18
1333292573,16
1333294170,34
1333294285,677
1333295863,167
1333303761,96
1333305802,11
1333306299,18
1333307560,158
1333307990,11
1333311954,12
1333314863,19
1333320049,70
1333321333,29042
1333322877,110
1333323848,14
1333323890,38
1333328202,23
1333329582,664
1333339639,16
1333340876,293
1333343804,58
1333346926,14
1333348052,28
1333350630,97
1333351747,41
1333354895,27
1333358267,52
1333362686,247
1333364378,25
1333365124,76
1333366513,22
1333367960,66
1333372532,16
1333376987,59
1333382690,29
1333391530,12
1333397767,23
1333398680,242
1333399067,17
1333399642,10135
1333405231,14
1333406789,255
1333417632,20
1333418376,24
1333421030,15
1333421854,23
1333424882,16
1333425246,16
1333428970,45
1333429325,149
1333445152,35
1333446374,1120
1333447648,103
1333451307,17
1333452358,206
1333452698,90
1333465802,12
1333466908,21
1333468243,20
1333469830,15
1333470417,40
1333471394,119
1333472422,11
1333472695,49
1333479437,125
1333482618,203
1333483404,52
1333485208,23
1333486649,730
1333491534,70
1333496313,40
1333515547,13
1333522020,18
1333540873,24
1333550312,15
1333556422,589
1333559105,108
1333560682,23
1333577584,13
1333579278,69
1333579583,35
1333584467,12
1333591877,54
1333594899,177
1333605725,113
1333607666,366
1333608411,9
1333609599,11
1333612974,74
1333622716,11
1333622771,55
1333628502,122
1333629201,544
1333630193,432
1333633428,17
1333633606,11
1333637290,54
1333638979,16
1333643722,40
1333646693,121
1333652151,772
1333661810,271
1333662860,21
1333664534,11
1333671088,113
1333671427,86
1333672877,93
1333673564,149
1333681300,16
1333681306,89
1333682494,106
1333685863,163
1333686963,12
1333687005,278
1333687717,15
1333689922,148
1333690733,31
1333691675,16
1333691983,14
1333693108,59
1333694353,38
1333696087,18
1333698516,13
1333698951,12
1333700083,55
1333704579,15
1333705173,105
1333705619,56
1333708088,43
1333710014,19
1333711733,139
1333712699,39
1333713967,36
1333718792,2687
1333719936,24
1333720250,227
1333729444,16
1333729604,13
1333732618,14
1333732687,18
1333732838,329
1333738786,119
1333741624,133
1333741649,17
1333742677,1307
1333744314,6
1333745116,38
1333749128,13
1333749131,95
1333750613,93
1333750727,18
1333751689,60
1333752187,101
1333755311,354
1333755444,88
1333756521,30
1333759458,16
1333759772,46
1333768172,66
1333781342,62
1333785789,48
1333786261,40
1333787962,99
1333788175,14
1333788844,14
1333792425,20
1333800345,14
1333800859,36
1333802136,49
1333805762,46
1333807290,4611
1333814075,11
1333814934,17
1333816459,36
1333820264,13
1333823235,18
1333826930,1
1333828983,14
1333829507,39
1333831186,13
1333833261,33
1333836885,17
1333842753,98
1333844350,38
1333845161,106
1333846315,43
1333846486,103
1333852561,100
1333857917,31
1333858428,11
1333860049,146
1333867193,117
1333868070,229
1333868242,2
1333868738,51
1333868821,97
1333871456,18
1333882104,50
1333886655,237
1333888744,11
1333889072,11
1333889515,15
1333889802,97
1333891395,13
1333898352,21
1333901551,34
1333904182,13
1333906002,152
1333907823,218
1333908130,67
1333908465,78
1333913099,97
1333921957,78
1333928744,78
1333935622,46
1333936445,42
1333939283,162
1333944343,10
1333945932,13
1333953001,24
1333953498,15
1333957900,12
1333958100,11
1333959391,62
1333959420,19
1333961389,1529
1333964468,389
1333968715,14
1333969047,203
1333969048,82
1333971533,12
1333974533,92
1333978174,109
1333978320,41
1333979896,12
1333980820,17
1333981728,84
1333982245,11
1333983461,18
1333984161,15
1333986963,78
1333986968,120
1333988254,11
1333992581,142
1333998031,12
1334001035,83
1334001399,31
1334003760,14
1334011664,1229
1334012210,98
1334013845,15
1334014671,12
1334017055,66
1334020733,153
1334020974,163
1334022793,23
1334022816,125
1334023333,16
1334028660,32
1334040575,110
1334042515,26
1334046979,32
1334049472,106
1334049596,35
1334063554,82
1334067476,21
1334070408,87
1334073773,31
1334075920,72
1334076307,101
1334088923,31
1334089233,31
1334105013,20
1334109809,46
1334111073,50
1334114196,15
1334114994,14
1334117350,17
1334118559,334
1334120194,76
1334120593,179
1334125889,37
1334136067,17
1334139750,16
1334141883,12
1334142865,21
1334146979,19
1334150998,27
1334151801,27
1334155300,13
1334155887,19
1334156126,30
1334158914,16
1334161261,79
1334167430,128
1334170202,52
1334178589,30
1334191769,11
1334196535,13
1334198162,2937
1334205011,51
1334206998,114
1334211162,255
1334214605,172
1334216502,10
1334218170,17
1334221903,13
1334221948,16
1334231497,22
1334236148,74
1334237171,18
1334237364,109
1334239695,36
1334242984,173
1334244124,17
1334245678,3794
1334246540,218
1334249383,405
1334251305,14
1334252774,102
1334258848,237
1334259243,54
1334260665,25
1334265626,13
1334266376,22
1334266810,68
1334268109,35
1334268988,12
1334278770,40
1334282453,13
1334284281,11
1334296085,51
1334298193,105
1334300275,14
1334301205,110
1334303719,22
1334303936,28
1334304098,83
1334305310,286
1334309081,40
1334309410,43
1334315235,45
1334316173,15
1334330745,22
1334336089,16
1334339967,23
1334340339,37
1334344116,23
1334348217,116
1334353846,27
1334359396,30
1334359931,153
1334360795,22
1334362778,213
1334363727,55
1334369459,44
1334373503,1770
1334373890,18
1334374258,13
1334374940,62
1334377747,51
1334380566,26
1334381943,79
1334384058,251
1334389803,19
1334392318,647
1334392728,5
1334400948,16
1334410695,30
1334426678,37
1334427454,13
1334430510,180
1334431456,208
1334434081,127
1334434550,13
1334441048,24
1334442247,156
1334443990,20
1334446501,27
1334454708,109
1334459444,356
1334460196,72
1334464448,31
1334469990,78
1334475603,47
1334478349,46
1334481534,12
1334485516,12
1334490046,133
1334493734,11
1334494531,88
1334495031,11
1334496909,11
1334497772,9
1334498837,7
1334499588,8
1334507347,11
1334515984,182
1334525377,313
1334525635,17
1334526169,12
1334526991,18
1334529258,75
1334532589,370
1334546357,85
1334554248,114
1334560360,11
1334561781,1507
1334563025,36
1334567579,90
1334568449,17
1334571130,44
1334580563,43
1334582394,13
1334586481,7000
1334610441,12
1334613831,116
1334614062,332
1334616460,21
1334617361,26
1334630805,419
1334641482,50
1334652214,16
1334652583,12
1334657231,727
1334657392,54
1334663580,276
1334664261,54
1334664494,23
1334665167,17
1334666637,21
1334667426,12
1334670095,227
1334673908,13
1334675451,114
1334675743,64
1334680608,31
1334685457,1089
1334692596,129
1334697523,77
1334697707,13
1334699730,79
1334706134,25
1334711961,16
1334714311,670
1334719824,13
1334726163,25
1334739972,24
1334740674,13
1334747723,661
1334753031,111
1334754594,45
1334754646,13
1334757349,24
1334759457,21
1334759863,27
1334759868,26
1334760679,12
1334764110,18
1334766747,264
1334767490,42
1334785968,118
1334788662,178
1334811048,13
1334814482,17
1334821195,45
1334824785,196
1334827616,31
1334830521,68
1334838753,466
1334839328,220
1334847244,41
1334862599,25
1334864632,320
1334866577,55
1334869048,262
1334869051,16
1334869464,16
1334871947,39
1334875164,37
1334881845,72
1334882617,23
1334886021,996
1334892339,16
1334892591,29
1334893847,113
1334894476,32
1334897143,2781
1334904197,882
1334905443,202
1334910786,57
1334912034,13
1334913907,58
1334921369,24
1334922788,26
1334923843,114
1334929461,122
1334935003,93
1334936547,16
1334938665,93
1334939514,68
1334944307,19
1334946538,56
1334946608,1702
1334954277,200
1334959721,11
1334962266,1360
1334964169,32
1334964434,26
1334973129,156
1334974438,13
1334975834,11
1334981118,11
1334981593,108
1334984194,127
1334990030,22
1334992514,12
1334993967,39
1335005265,454
1335006007,20
1335008301,35
1335011939,134
1335015250,13
1335016012,83
1335020425,52
1335029930,14
1335030435,33
1335034417,29
1335045464,65
1335046216,37
1335047324,19
1335047814,36
1335048946,65
1335050510,15
1335052083,53
1335056021,15
1335056554,21
1335058602,29
1335061439,44
1335064650,210
1335068806,29
1335072032,17
1335073465,122
1335075540,20
1335079998,213
1335080558,14
1335082381,35
1335084025,229
1335085754,296
1335086034,74
1335090338,101
1335095553,25
1335095892,1554
1335101620,98
1335104760,1610
1335106729,74
1335108132,20
1335108708,161
1335113546,12
1335115548,227
1335116723,13
1335127844,171
1335128252,12
1335130938,97
1335135869,20
1335141851,12
1335143909,102
1335144165,21
1335148136,66
1335150472,12
1335152899,36
1335155355,551
1335156872,15
1335166603,20
1335189481,123
1335191231,106
1335198601,27
1335200032,47
1335208632,18
1335212898,89
1335219884,30
1335220704,48
1335221105,36
1335223515,22
1335227077,260
1335228821,43
1335236473,61
1335236592,36
1335239016,69
1335240884,12
1335241492,404
1335242525,13
1335250747,15
1335253559,46
1335255049,11
1335257165,68
1335262886,102
1335265978,18
1335268848,104
1335269450,11
1335271414,14
1335271818,25
1335272583,32
1335277779,33
1335279198,363
1335280945,19
1335283393,22
1335287012,90
1335289503,23
1335297766,90
1335300607,196
1335301413,106
1335303378,24
1335304622,333
1335309784,31
1335321431,12
1335324856,64
1335336610,101
1335336760,16
1335354851,167
1335381999,30
1335383960,34
1335386553,17
1335401089,166
1335419770,137
1335428439,47
1335433896,12
1335435191,88
1335438980,419
1335448906,95
1335472527,17
1335480912,117
1335489258,31
1335490343,79
1335500927,87
1335502205,44
1335504690,14
1335510018,21
1335517093,25
1335520628,28
1335520848,21
1335529420,18
1335529739,13
1335530417,189
1335536876,20
1335541602,15
1335545044,200
1335545726,19
1335556488,502
1335574883,232
1335576026,15
1335577443,142
1335580282,20
1335588244,20
1335591771,25
1335595428,93
1335596223,49
1335596504,13
1335604263,39
1335604707,114
1335617049,15
1335620846,86
1335630981,216
1335632094,13
1335639807,16
1335640887,20
1335645343,13
1335651249,58
1335654115,61
1335654221,96
1335656816,37
1335659068,259
1335660277,36
1335661102,26
1335665091,39
1335673673,847
1335678174,19
1335678778,14
1335679618,12
1335681005,55
1335681939,29
1335689077,15
1335708556,46
1335711818,139
1335718387,43
1335721092,18
1335721568,400
1335722570,211
1335724194,12
1335730305,22
1335735694,18
1335735813,16
1335739077,21
1335740572,16
1335741900,23
1335743026,12
1335752695,12
1335753770,35
1335758624,19
1335759152,41
1335760878,26
1335766616,16
1335771179,52
1335772020,13
1335772029,61
1335772344,39
1335774921,14
1335784003,79
1335787168,13
1335787333,418
1335788701,42
1335794735,19
1335795491,132
1335797107,107
1335799735,44
1335803989,102
1335806584,19
1335813860,97
1335815757,108
1335816329,11
1335822803,14
1335823455,801
1335823489,22
1335825540,13
1335827487,27
1335828785,29
1335829557,36
1335830636,159
1335831159,14
1335836747,21
1335853519,24
1335864397,65
1335864613,23
1335867536,1026
1335874089,35
1335874180,70
1335877752,199
1335879973,15
1335885703,54
1335895658,38
1335907828,193
1335909167,15
1335910869,32
1335912279,16
1335912966,160
1335914257,36
1335922448,414
1335936108,36
1335944000,507
1335949833,12
1335951900,1
1335952271,14
1335954169,19
1335960835,30
1335967154,33
1335973029,15
1335982460,11
1335983168,14
1335998959,13
1336014816,35
1336021761,11
1336023710,13
1336035716,12
1336037828,107
1336044501,21
1336049348,11
1336052087,14
1336052866,54
1336053850,1037
1336054308,161
1336068061,153
1336072612,11
1336076986,39
1336081708,71
1336085426,300
1336087795,36
1336092462,16
1336092482,675
1336094687,15
1336103213,12
1336104623,35
1336111792,22
1336112305,17
1336126448,14
1336134468,39
1336135636,41
1336136924,26
1336137027,60
1336138968,83
1336155185,227
1336158655,22
1336172780,67
1336195432,17
1336201793,44
1336202926,17
1336204186,15
1336215028,35
1336216162,14
1336242970,24
1336259941,117
1336264556,355
1336275025,80
1336280167,14
1336286256,25
1336292944,10
1336293242,13
1336299997,38
1336300986,50
1336301267,56
1336302099,90
1336303474,16
1336320841,13
1336330801,100
1336331716,14
1336333153,13
1336342957,14
1336353897,76
1336369490,22
1336370355,109
1336373577,59
1336381528,12
1336388573,25
1336416579,142
1336440987,83
1336441276,48
1336470784,382
1336474673,12
1336475692,15
1336482340,624
1336487943,889
1336488925,84
1336494535,17
1336502227,5582
1336522349,15
1336524975,37
1336532371,198
1336536241,31
1336537991,26
1336540167,21
1336543323,548
1336545880,16
1336556657,188
1336562485,17
1336566679,18
1336566994,14
1336568049,121
1336570406,18
1336572754,12
1336576806,17
1336591441,73
1336593927,14
1336605467,12
1336607420,14
1336611652,20
1336612582,25
1336615760,26
1336616218,12
1336616320,257
1336621274,10
1336625383,22
1336630337,11
1336641426,143
1336643065,962
1336644753,100
1336654874,123
1336661106,30
1336663851,578
1336664744,16
1336687701,73
1336690016,41
1336698710,12
1336700403,12
1336700419,12
1336700566,103
1336707554,14
1336707765,665
1336718458,13
1336723018,14
1336725446,33
1336731315,21
1336732106,27
1336734730,122
1336735663,16
1336738345,11
1336738841,14
1336738922,14
1336739291,116
1336746918,45
1336750151,51
1336750828,17
1336758489,11
1336760738,23
1336762621,78
1336763789,14
1336763824,12
1336764619,19
1336767699,13
1336769768,139
1336774403,217
1336781628,27
1336783660,14
1336783814,737
1336787096,13
1336787958,54
1336789675,15
1336791624,80
1336793734,277
1336795852,225
1336796517,172
1336807890,17
1336809331,22
1336815475,16
1336816530,18
1336817177,14
1336819612,100
1336836593,127
1336841310,16
1336849011,165
1336849558,45
1336849561,11
1336870197,117
1336875304,202
1336883305,7
1336887409,266
1336890161,16
1336893134,11
1336899053,12
1336901242,6
1336910524,17
1336921056,19
1336922223,54
1336932674,15
1336932824,25
1336933337,3884
1336935849,20
1336948153,59
1336953396,76
1336960242,11
1336963289,16
1336968253,16
1336971041,2085
1336972285,300
1336989997,115
1336991775,105
1336998102,154
1336998801,487
1337005997,16
1337013258,25
1337017230,37
1337030059,423
1337043852,66
1337044566,327
1337050379,75
1337055793,18
1337076641,13
1337079150,119
1337088225,18
1337089090,97
1337089243,1214
1337095328,14
1337106358,21
1337113106,11
1337114883,181
1337115377,11
1337133508,18
1337154009,17
1337169907,12
1337175615,97
1337178377,511
1337179865,33
1337185508,13
1337197972,19
1337208333,124
1337209046,99
1337219316,446
1337220896,206
1337221385,152
1337248280,128
1337255767,12
1337265311,12
1337269675,21
1337271325,44
1337274902,577
1337291618,11
1337291830,32
1337303060,530
1337305068,16
1337306269,24
1337317752,70
1337318437,13
1337322085,19
1337335939,108
1337338664,12
1337347330,355
1337355290,90
1337358932,11
1337365764,13
1337367085,20
1337369002,40
1337386123,143
1337388889,18
1337392547,12
1337395209,15
1337403931,203
1337420546,81
1337421625,15
1337423542,15
1337429987,64
1337430918,16
1337433006,21
1337439833,37
1337445545,13
1337477702,17
1337486551,119
1337487779,36
1337489889,17
1337500215,239
1337506732,215
1337511446,70
1337513353,14
1337517051,21
1337536120,145
1337546913,43
1337550227,11
1337553171,45
1337571992,43
1337572127,129
1337578304,56
1337578630,233
1337578818,720
1337579398,27
1337590862,12
1337596700,74
1337601061,28
1337602979,25
1337609024,11
1337613894,114
1337621009,75
1337633607,127
1337649431,23
1337654108,11
1337656691,25
1337657531,314
1337660241,22
1337660628,13
1337669222,13
1337673512,11
1337691176,14
1337692487,66
1337705732,61
1337761072,22
1337772677,114
1337788143,119
1337799906,63
1337812117,29
1337815068,104
1337824285,70
1337825385,32
1337831651,14
1337849777,100
1337850913,23
1337855913,100
1337857692,92
1337858576,155
1337877406,170
1337890252,96
1337892723,197
1337896726,11
1337908361,66
1337913151,11
1337914644,23
1337915408,1258
1337918481,280
1337920628,3170
1337930352,16
1337931942,391
1337938067,20
1337955304,4258
1337957143,228
1337964424,98
1337964706,90
1337966059,144
1337970244,20
1337972266,74
1337973368,26
1337977437,29
1337984443,34
1337985430,55
1337990266,19
1338004369,13
1338007151,14
1338010782,30
1338013869,13
1338013911,117
1338025545,15
1338042088,14
1338044881,26
1338045445,13
1338047693,13
1338050462,34
1338054093,17
1338059579,22
1338060611,45
1338068096,14
1338070588,56
1338072710,20
1338074007,21
1338076951,36
1338080210,21
1338080566,51
1338082659,37
1338086501,194
1338094665,138
1338094917,91
1338095980,127
1338118924,11
1338119569,162
1338123411,11
1338125301,13
1338136303,40
1338141106,13
1338149885,22
1338155834,13
1338158176,27
1338176891,100
1338188635,63
1338190243,12
1338195181,12
1338197350,11
1338214198,14
1338220660,417
1338226792,28
1338237504,1347
1338242959,17
1338244450,57
1338245007,24
1338245814,21
1338246647,56
1338256280,29
1338257695,12
1338259169,16
1338264493,13
1338267325,34
1338268130,89
1338282256,11
1338290116,949
1338291563,101
1338292293,43
1338299113,22
1338302505,97
1338306796,22
1338319843,17
1338323174,130
1338324457,23
1338333908,139
1338338357,102
1338344149,12
1338351567,15
1338360911,11
1338364833,18
1338372146,35
1338383993,12
1338385364,23
1338386135,21
1338390527,70
1338401951,15
1338402803,19
1338407314,16
1338409520,516
1338409555,22
1338410086,18
1338420427,21
1338421329,17
1338429250,13
1338438385,1366
1338445797,363
1338449348,200
1338449813,71
1338457188,63
1338460111,27
1338470351,24
1338470635,5548
1338485857,50
1338494025,12
1338496073,13
1338507931,20
1338514004,13
1338521950,12
1338525632,59
1338527485,83
1338528444,63
1338532566,1485
1338539251,1425
1338543536,28
1338553673,241
1338566237,22
1338568803,56
1338583257,13
1338597192,12
1338600053,244
1338607051,21
1338613165,25
1338618941,11
1338628333,39
1338631832,52
1338635601,15
1338640495,114
1338641236,21
1338644253,132
1338652300,35
1338653847,118
1338654346,29
1338656008,14
1338666754,35
1338673926,151
1338681838,280
1338695630,11
1338718658,14
1338728538,14
1338741785,784
1338745917,32
1338749106,11
1338751601,67
1338753298,11
1338754588,24
1338755512,11
1338756163,23
1338760528,62
1338806190,26
1338814233,11
1338815374,17
1338824971,15
1338831985,13
1338845970,70
1338846854,34
1338852104,10
1338859337,24
1338887764,13
1338889223,91
1338905690,11
1338906120,41
1338909303,209
1338942110,63
1338946084,31
1338962361,107
1338962867,12
1338967108,84
1338973163,257
1338985108,74
1338998514,219
1339010487,29
1339011098,41
1339013770,11
1339014902,11
1339015024,11
1339021210,102
1339021256,424
1339029998,110
1339031118,13
1339035778,13
1339039345,51
1339040637,4
1339042910,19
1339044753,58
1339045665,24
1339056835,13
1339058483,12
1339061652,52
1339063751,116
1339069883,38
1339091755,42
1339095633,34
1339100581,14
1339101135,19
1339101586,86
1339103577,49
1339110580,192
1339127722,113
1339144629,29
1339145734,54
1339153651,11
1339161831,3273
1339161965,29
1339180121,30
1339185691,86
1339187357,42
1339192427,11
1339200244,119
1339203132,29
1339208118,717
1339218374,16
1339221311,47
1339237322,22
1339240911,16
1339249258,17
1339251799,86
1339256252,2309
1339258945,11
1339265861,39
1339276856,13
1339297063,28
1339301111,14
1339317132,109
1339328512,16
1339328962,97
1339331031,19
1339347406,110
1339348001,96
1339356442,97
1339359145,101
1339360747,35
1339364752,33
1339368171,292
1339397745,31
1339399284,26
1339427803,13
1339437882,437
1339444422,20
1339445525,204
1339449237,33
1339467180,31
1339469423,33
1339472592,19
1339473581,15
1339490898,82
1339498585,20
1339507545,27
1339529355,43
1339530018,41
1339551602,34
1339554313,88
1339560372,137
1339565442,95
1339579467,78
1339594968,20
1339608613,12
1339616902,37
1339629172,86
1339632021,31
1339635446,16
1339639334,17
1339646736,17
1339653489,111
1339655276,31
1339655769,23
1339661831,27
1339676382,12
1339704281,11
1339714338,67
1339725192,45
1339726856,25
1339728060,52
1339733401,17
1339735736,1
1339736623,122
1339737707,407
1339738644,26
1339742577,6280
1339765745,47
1339773182,66
1339775716,13
1339777921,38
1339781554,12
1339785537,36
1339788881,17
1339791597,173
1339797352,15
1339797512,30
1339802034,98
1339805394,17
1339808705,53
1339813167,342
1339813990,59
1339827214,60
1339855223,13
1339858058,13
1339882795,928
1339888634,49
1339889879,37
1339894168,51
1339901047,66
1339903141,128
1339934566,327
1339950905,41
1339958692,16
1339964815,111
1339968508,34
1339974909,13
1339985467,20
1339990746,11
1339996225,12
1339997765,36
1340003279,14
1340041904,15
1340070986,97
1340088201,22
1340094258,19
1340108849,20
1340109073,39
1340112104,45
1340123236,26
1340127888,13
1340149764,49
1340164895,44
1340166870,15
1340181843,23
1340184488,14
1340187285,60
1340202513,39
1340213340,170
1340213355,14
1340217408,110
1340219193,110
1340223489,80
1340224367,15
1340226889,24
1340235645,31
1340239554,15
1340242893,12
1340243403,343
1340244547,130
1340244833,14
1340250141,50
1340264441,256
1340266494,12
1340266652,49
1340266995,67
1340275018,10
1340286009,21
1340294768,11
1340295365,76
1340298787,11
1340313202,17
1340318912,32
1340322393,17
1340323524,41
1340327207,21
1340327539,47
1340334830,127
1340380399,14
1340386535,26
1340391518,152
1340411840,38
1340422545,71
1340435253,201
1340437754,178
1340443389,11
1340445101,15
1340448609,25
1340454386,97
1340458520,14
1340465600,36
1340468334,21
1340469396,34
1340476657,11
1340477960,12
1340481439,749
1340494633,5
1340495078,86
1340501779,2052
1340505597,14
1340508414,17
1340508826,1427
1340513588,31
1340525869,101
1340535277,17
1340539355,72
1340539407,97
1340540832,365
1340543993,22
1340566515,20
1340575051,14
1340578432,20
1340579873,29
1340583144,32
1340583919,22
1340589130,64
1340592485,62
1340597356,23
1340599893,29
1340609417,15
1340618283,25
1340636546,17
1340637057,12
1340645826,114
1340646366,416
1340650048,17
1340650378,13
1340657858,96
1340663852,15
1340665678,14
1340671619,29
1340673279,18
1340674367,13
1340676550,86
1340680578,326
1340688293,39
1340690409,12
1340697980,12
1340700756,75
1340707757,95
1340715286,25
1340715825,25
1340720714,18
1340721362,12
1340743476,1285
1340749561,539
1340754639,31
1340755598,47
1340756122,36
1340764497,36
1340770569,24
1340773654,70
1340784339,21
1340804364,41
1340838740,12
1340840762,17
1340853320,99
1340859448,424
1340867805,30
1340896547,116
1340898649,35
1340901473,15
1340901539,130
1340906871,139
1340909618,12
1340910826,12
1340911637,52
1340915158,22
1340918386,87
1340923899,44
1340954053,59
1340980663,44
1340986558,299
1341026277,213
1341029172,132
1341050308,108
1341055554,253
1341067556,1661
1341068496,75
1341070697,110
1341087123,55
1341087741,13
1341093731,79
1341098435,25
1341122474,204
1341125695,158
1341125867,22
1341129518,40
1341148232,98
1341149365,340
1341153524,54
1341155391,50
1341155586,16
1341155815,31
1341160435,27
1341166607,34
1341173577,48
1341181902,65
1341184014,82
1341201886,41
1341206732,1056
1341207310,25
1341240270,12
1341264609,659
1341265509,25
1341310242,18
1341311122,28
1341325485,47
1341327969,16
1341330299,394
1341332136,11
1341337395,16
1341338917,20
1341340606,475
1341345745,20
1341349497,15
1341350544,104
1341367006,15
1341373608,82
1341377544,15
1341398261,26
1341400178,97
1341407028,27
1341420270,126
1341424586,49
1341425158,26
1341430062,75
1341445307,19
1341447483,104
1341454466,39
1341455210,96
1341463282,496
1341474906,67
1341503738,31
1341514550,154
1341520197,400
1341523148,30
1341541311,28
1341542459,119
1341548340,125
1341551167,12
1341558993,15
1341563468,38
1341577145,54
1341584355,44
1341587440,18
1341596888,43
1341603085,798
1341623959,13
1341631692,37
1341637663,191
1341641447,38
1341645736,14
1341648244,39
1341651233,67
1341657741,74
1341669331,879
1341673461,11
1341676432,52
1341688111,122
1341692576,98
1341701849,34
1341703793,15
1341706039,46
1341716416,37
1341726504,16
1341733342,27
1341735727,14
1341777694,124
1341794356,13
1341805689,162
1341812905,100
1341825590,14
1341872734,27
1341873210,17
1341876019,166
1341878507,20
1341889261,274
1341894956,21
1341900733,24
1341902729,13
1341905595,240
1341906821,53
1341915456,11
1341920107,14
1341925998,13
1341931727,18
1341935392,41
1341954655,54
1341956558,215
1341958316,67
1341972254,101
1341974904,110
1341976699,17
1341979225,27
1341986504,389
1341993211,10
1341994273,128
1342002767,239
1342004430,43
1342004464,52
1342024605,53
1342030755,31
1342039919,119
1342045617,43
1342056060,21
1342059924,58
1342068224,22
1342076765,11
1342084139,508
1342087639,13
1342093929,22
1342094693,112
1342096549,49
1342097925,15
1342101236,712
1342115121,591
1342119461,16
1342123891,102
1342126613,53
1342138510,17
1342150210,127
1342171870,141
1342183437,45
1342194262,37
1342214489,55
1342222310,15
1342226102,1087
1342227027,35
1342227253,710
1342231800,19
1342235893,52
1342258291,60
1342259354,137
1342272992,11
1342277311,121
1342284671,41
1342287465,12
1342316468,54
1342316713,100
1342332401,55
1342336542,11
1342338724,13
1342343904,21
1342350845,99
1342361582,2
1342369849,101
1342375827,38
1342398464,38
1342408015,53
1342408606,101
1342409589,23
1342411868,20
1342417239,22
1342431965,23
1342445602,28
1342461518,4619
1342464169,87
1342470402,14
1342481891,116
1342491607,14
1342500291,16
1342512383,77
1342520585,12
1342554736,14
1342556125,37
1342560370,78
1342560700,20
1342560964,16
1342561181,28
1342611164,11
1342622980,166
1342631002,13
1342654340,124
1342664307,35
1342672874,33
1342682261,12
1342687107,11
1342688144,20
1342689310,22
1342693544,100
1342703663,219
1342704295,23
1342705519,54
1342709193,112
1342735006,92
1342735114,38
1342737409,2035
1342752035,24
1342754040,30
1342754049,157
1342758527,29
1342772482,105
1342778035,20
1342780597,31
1342781014,32
1342785446,37
1342786236,13
1342791907,211
1342808734,156
1342819640,97
1342828219,18
1342828468,24
1342830625,101
1342832444,103
1342844259,28
1342848408,82
1342848853,16
1342848910,13
1342849797,11
1342851168,367
1342854250,17
1342860818,39
1342873008,27
1342876750,4044
1342877083,1025
1342886503,2080
1342887825,11
1342892230,44
1342901504,29
1342909779,31
1342913260,45
1342920710,26
1342922298,21
1342924739,21
1342930695,2781
1342935078,5326
1342943152,768
1342944953,14
1342947676,14
1342960681,483
1342965476,34
1342965874,95
1342977758,29
1342979008,265
1342980302,10
1343008829,107
1343010747,14
1343011496,1234
1343018048,109
1343020980,99
1343022162,15
1343023193,22
1343025657,146
1343028017,24
1343031150,11
1343042383,21
1343058080,14
1343059594,40
1343103481,35
1343123502,19
1343138303,140
1343138309,30
1343146307,868
1343173017,50
1343173231,51
1343174425,13
1343183897,69
1343185866,22
1343225206,12
1343228481,511
1343231895,100
1343251796,74
1343256867,96
1343265360,49
1343270803,15
1343299521,78
1343302246,18
1343302907,77
1343307023,50
1343317564,27
1343320043,136
1343324357,11
1343325391,14
1343326804,161
1343331728,14
1343337251,19
1343338472,15
1343343594,21
1343355299,49
1343366770,28
1343368433,460
1343370924,12
1343373341,129
1343382345,27
1343392001,73
1343405284,20
1343411249,421
1343413018,102
1343414845,18
1343423834,116
1343432847,98
1343434877,76
1343438200,543
1343438403,77
1343443200,115
1343453733,18
1343474843,21
1343478300,50
1343480922,553
1343485074,536
1343492312,65
1343505908,429
1343514685,26
1343529215,14
1343549793,14
1343553474,55
1343559272,40
1343574693,17
1343580080,45
1343584176,13
1343591542,16
1343616432,13
1343618089,40
1343621706,574
1343621986,13
1343627315,21
1343649296,39
1343649490,73
1343651341,13
1343654601,14
1343661207,37
1343674616,22
1343680712,129
1343690014,21
1343696624,11
1343696662,14
1343701672,77
1343702053,71
1343704879,13
1343707174,11
1343708602,67
1343722865,12
1343725832,17
1343746076,922
1343747096,84
1343754894,15
1343758689,98
1343759060,51
1343773044,170
1343784598,41
1343789448,13
1343813780,86
1343815757,11
1343819715,33
1343829889,131
1343834088,180
1343835913,11
1343854589,72
1343859373,46
1343865323,222
1343868941,22
1343878665,13
1343880269,53
1343884573,113
1343888093,16
1343889664,32
1343899003,12
1343904710,22
1343926942,17
1343928378,46
1343928863,17
1343936017,14
1343938119,11
1343946559,248
1343951443,39
1343957927,122
1343974697,121
1343981050,144
1343985054,32
1343988097,30
1343998404,17
1344002498,30
1344011438,5
1344027867,16
1344028176,16
1344030503,61
1344031713,31
1344047658,15
1344073075,22
1344075823,512
1344080512,20
1344110151,76
1344114534,16
1344123464,11
1344133101,13
1344173066,54
1344185376,49
1344186126,29
1344193284,43
1344197854,20
1344200520,27
1344205218,33
1344205867,16
1344208527,3516
1344218476,39
1344239263,248
1344249856,12
1344265699,21
1344285885,11
1344292555,427
1344298447,288
1344301286,12
1344340188,4
1344363123,13
1344382113,135
1344419000,16
1344421774,29
1344429057,53
1344429702,28
1344431820,43
1344434371,13
1344435627,13
1344448157,167
1344453575,392
1344467574,218
1344468353,25
1344479940,85
1344489903,95
1344492727,14
1344510895,18
1344529244,41
1344540534,20
1344545345,46
1344551841,102
1344564813,70
1344584548,101
1344585174,44
1344590699,13
1344599291,12
1344607188,101
1344610278,149
1344612469,69
1344613438,13
1344620985,162
1344623898,63
1344629197,27
1344634174,17
1344675804,12
1344676556,152
1344683400,11
1344686487,15
1344686779,497
1344689663,13
1344691168,19
1344693046,22
1344693102,1108
1344694195,38
1344703885,12
1344713275,524
1344715804,26
1344718688,23
1344732213,19
1344746546,42
1344753789,14
1344766430,211
1344774994,94
1344775535,14
1344777093,24
1344778576,23
1344780270,42
1344785966,13
1344789761,54
1344790387,67
1344791166,17
1344801947,24
1344812447,95
1344816886,13
1344817392,21
1344847243,18
1344856329,12
1344862110,14
1344862111,194
1344870607,59
1344878979,13
1344879442,13
1344881927,105
1344908058,232
1344912092,11
1344919353,28
1344920748,12
1344937238,78
1344939825,2197
1344948661,105
1344953514,21
1344955800,391
1344956379,44
1344957129,46
1344957478,43
1344964530,12
1344968581,191
1344981041,13
1344986967,23
1345000011,191
1345002856,127
1345012571,55
1345013588,316
1345017215,91
1345029747,17
1345036708,43
1345038409,50
1345039516,17
1345050110,24
1345050445,25
1345053073,12
1345056936,33
1345063548,52
1345064345,15
1345064837,28
1345069536,35
1345071918,36
1345085376,23
1345089155,16
1345096675,280
1345101083,24
1345110572,242
1345116969,36
1345123653,15
1345128258,51
1345137241,11
1345140312,51
1345149644,25
1345151921,192
1345157045,14
1345161730,11
1345167055,196
1345173002,13
1345173009,22
1345177309,1027
1345185947,2447
1345193734,153
1345194743,11
1345195981,42
1345207811,26
1345231339,80
1345232342,202
1345236480,17
1345247964,15
1345248976,12
1345249784,15
1345251001,15
1345277393,12
1345279184,11
1345287682,17
1345289911,315
1345294901,14
1345317093,36
1345326286,13
1345381253,59
1345392143,22
1345393073,73
1345394664,13
1345395383,183
1345396354,91
1345401816,37
1345411504,48
1345430232,30
1345432684,67
1345440309,237
1345446688,404
1345460462,26
1345461919,12
1345470812,30
1345471450,13
1345479725,34
1345482724,11
1345508845,2169
1345516815,105
1345519431,6
1345523782,134
1345527478,199
1345528032,16
1345532856,110
1345533091,38
1345538033,33
1345551221,33
1345570959,13
1345591046,15
1345594423,11
1345606017,1670
1345611232,21
1345611806,76
1345614715,200
1345616611,477
1345628333,20
1345644494,29
1345645666,55
1345647371,111
1345647429,11
1345648200,142
1345649791,104
1345652091,26
1345652566,348
1345671513,11
1345675209,140
1345684784,509
1345698340,11
1345703852,40
1345705185,13
1345706237,59
1345710688,923
1345716089,12
1345718310,147
1345719526,199
1345723168,218
1345726006,51
1345727038,11
1345744178,39
1345746804,15
1345751272,458
1345759007,59
1345783074,35
1345787749,39
1345791392,135
1345802690,37
1345815125,33
1345817442,13
1345827689,59
1345827858,21
1345828091,226
1345837685,49
1345838715,443
1345850053,11
1345859344,134
1345870034,12
1345879298,110
1345883199,28
1345883656,136
1345885009,27
1345885154,13
1345887853,586
1345901466,55
1345901547,55
1345901563,55
1345902637,55
1345907683,48
1345915661,55
1345915690,55
1345915734,55
1345915851,55
1345920783,55
1345921307,55
1345922155,55
1345923370,55
1345923623,55
1345924622,55
1345925503,55
1345927045,55
1345928201,19
1345928720,56
1345929022,59
1345929327,55
1345931063,56
1345932551,17
1345932899,56
1345934120,55
1345935498,55
1345937297,55
1345938638,55
1345939889,55
1345939975,55
1345940090,55
1345941924,55
1345942764,22
1345944477,55
1345944739,55
1345945433,55
1345947087,163
1345947195,28
1345947757,55
1345949485,56
1345949709,55
1345951166,55
1345952077,55
1345952317,55
1345952840,55
1345954486,55
1345955128,55
1345955178,55
1345955453,55
1345955547,55
1345955636,55
1345958659,55
1345958969,55
1345958996,55
1345959082,55
1345960042,55
1345960735,56
1345962292,55
1345962589,55
1345962781,55
1345963628,55
1345963887,55
1345964862,55
1345965162,972
1345966415,55
1345967478,55
1345967957,55
1345971280,55
1345972429,55
1345972544,55
1345973240,56
1345974389,14
1345974836,55
1345975126,55
1345979074,87
1345979504,55
1345980327,13
1345980708,87
1345980982,55
1345982245,55
1345983249,55
1345983343,55
1345983348,55
1345983626,33
1345983927,17
1345984328,55
1345985604,55
1345986939,55
1345988143,55
1346022334,11
1346026206,122
1346031025,14
1346039712,132
1346039860,247
1346057914,27
1346061026,101
1346062804,54
1346063985,96
1346064336,22
1346078929,94
1346085923,104
1346091486,16
1346094459,97
1346105078,24
1346146497,14
1346175190,122
1346190193,105
1346195628,63
1346195779,62
1346200536,14
1346218448,21
1346219541,97
1346220882,52
1346228630,40
1346230651,948
1346237489,17
1346249020,18
1346252450,364
1346252618,13
1346253341,19
1346260142,23
1346261214,142
1346280815,14
1346307946,42
1346310306,21
1346313384,11
1346327782,135
1346337331,257
1346340676,40
1346349112,44
1346367348,498
1346385506,15
1346385509,86
1346389126,16
1346397198,149
1346404355,25
1346412541,11
1346415832,20
1346453342,21
1346453905,67
1346453955,14
1346464375,29
1346478760,239
1346483147,15
1346483540,24
1346487417,60
1346522788,197
1346525246,13
1346539520,26
1346541729,423
1346560456,16
1346561198,22
1346578049,11
1346638121,13
1346645880,31
1346669865,12
1346683112,17
1346702053,135
1346703498,15
1346722987,12
1346724088,25
1346738096,152
1346744730,17
1346762789,70
1346768255,17
1346796337,38
1346796786,30
1346796936,19
1346803536,69
1346811169,76
1346816913,36
1346817726,351
1346821797,72
1346834544,14
1346834894,14
1346838955,85
1346840166,43
1346842621,44
1346846403,75
1346852285,11
1346858216,250
1346861528,71
1346868843,69
1346869407,559
1346870728,370
1346872712,137
1346873539,70
1346875111,12
1346877372,17
1346878343,316
1346880698,33
1346881244,96
1346881798,280
1346884201,22
1346885163,69
1346903424,100
1346905971,13
1346917581,398
1346919628,15
1346921142,111
1346923773,24
1346933211,14
1346941996,76
1346942659,16
1346952846,31
1346959995,16
1346960356,109
1346968938,13
1346970181,3758
1346970804,105
1346976155,235
1346977153,16
1346977666,25
1347007379,95
1347015929,154
1347016622,31
1347021297,11
1347021711,34
1347023601,11
1347023832,18
1347032814,90
1347034289,23
1347035388,33
1347038101,78
1347044574,82
1347055631,16
1347064376,41
1347069433,414
1347070943,120
1347072522,56
1347083020,18
1347085191,14
1347086987,38
1347088005,39
1347099796,169
1347099813,16
1347104012,31
1347104725,134
1347107184,18
1347111628,15
1347113909,169
1347130541,52
1347130943,121
1347150649,197
1347171818,96
1347206968,19
1347218981,17
1347220264,22
1347225580,129
1347231294,19
1347243445,26
1347252157,12
1347253611,13
1347255896,217
1347273897,15
1347280103,84
1347282894,71
1347288327,64
1347305736,107
1347309048,29
1347309118,14
1347310666,27
1347317140,63
1347319086,190
1347324911,61
1347362588,26
1347362960,170
1347364103,87
1347375552,18
1347375920,115
1347377019,14
1347387749,30
1347389034,95
1347389491,13
1347390496,28
1347399827,12
1347406690,90
1347414663,82
1347416745,145
1347420387,14
1347440465,100
1347467348,125
1347471521,118
1347481129,344
1347490037,39
1347497096,11
1347523999,97
1347534847,13
1347536143,25
1347541757,224
1347551841,51
1347568509,370
1347571936,23
1347573691,63
1347593204,21
1347599467,385
1347600582,46
1347603101,5
1347609610,44
1347627885,47
1347630697,20
1347639094,465
1347639291,808
1347640743,30
1347642125,21
1347655814,92
1347659559,398
1347677291,22
1347702541,102
1347705664,501
1347713131,83
1347713438,124
1347724565,77
1347748225,16
1347748870,28
1347765343,48
1347774635,654
1347784359,191
1347795944,11
1347797694,38
1347804154,91
1347829965,695
1347840838,72
1347853525,10
1347854589,46
1347856248,570
1347860774,37
1347863641,93
1347874466,90
1347890919,599
1347904567,44
1347918703,87
1347932927,112
1347934719,41
1347943201,46
1347949563,17
1347956946,48
1347982389,1293
1347985156,43
1347986038,351
1347989140,28
1347990677,40
1348004165,38
1348011968,328
1348054397,13
1348055153,322
1348063053,21
1348064556,49
1348074606,31
1348084390,1566
1348097705,44
1348098222,13
1348106550,110
1348108241,15
1348111713,13
1348116977,80
1348126219,30
1348135768,24
1348143952,40
1348156683,55
1348157113,11
1348160822,102
1348167930,21
1348176228,21
1348178527,323
1348180318,58
1348180576,11
1348201847,14
1348202128,20
1348206807,36
1348235857,21
1348253680,1049
1348254196,13
1348260479,32
1348268755,13
1348271809,38
1348272501,28
1348273348,70
1348274054,61
1348275027,12
1348276330,302
1348284661,53
1348300536,18
1348302595,11
1348302752,389
1348313687,51
1348316078,779
1348324905,16
1348326484,50
1348333283,13
1348349064,875
1348351228,12
1348355912,17
1348360864,11
1348373418,11
1348391424,65
1348392213,13
1348392748,36
1348400890,27
1348410363,658
1348410955,24
1348419687,53
1348419690,85
1348428036,633
1348434801,18
1348444039,16
1348452207,15
1348481678,146
1348498387,38
1348499225,11
1348514848,17
1348518319,101
1348526296,57
1348527401,36
1348560270,67
1348565410,31
1348577064,4931
1348583714,17
1348586688,25
1348596379,68
1348607013,18
1348614967,35
1348619663,355
1348630230,33
1348638682,13
1348639040,64
1348651036,65
1348657063,18
1348667807,17
1348667872,18
1348671115,101
1348674112,25
1348677774,17
1348681550,12
1348686403,50
1348701282,646
1348704062,51
1348711572,19
1348740564,16
1348767630,14
1348778300,460
1348790466,24
1348790490,16
1348793218,639
1348794096,38
1348794718,16
1348826110,463
1348832682,42
1348859674,12
1348892450,35
1348893602,22
1348917435,23
1348919081,53
1348929422,11
1348932500,1277
1348938807,19
1348964854,43
1348967729,386
1348969891,368
1348977577,33
1348991127,17
1348992614,12
1348997813,31
1349017398,102
1349020633,21
1349027364,23
1349042604,111
1349044099,16
1349056080,84
1349057704,13
1349063907,86
1349080205,103
1349091497,22
1349104464,22
1349116877,11
1349118399,17
1349122168,1531
1349122952,13
1349129917,28
1349132974,11
1349137756,14
1349144999,107
1349145694,18
1349146728,16
1349147738,12
1349165199,136
1349173193,33
1349175902,31
1349176345,84
1349183040,210
1349198892,12
1349199859,12
1349212716,16
1349216523,95
1349224989,19
1349229865,26
1349241969,118
1349242163,79
1349253750,2853
1349257612,233
1349268699,101
1349275055,14
1349279146,13
1349285058,398
1349297882,25
1349299157,13
1349316850,26
1349317542,73
1349317996,38
1349320558,266
1349321218,16
1349321747,57
1349328247,87
1349336081,28
1349340121,135
1349359792,19
1349369665,26
1349377992,49
1349384315,23
1349387395,100
1349391863,13
1349407416,143
1349421263,12
1349427515,198
1349427816,16
1349433531,14
1349443136,13
1349452117,35
1349453731,20
1349463691,28
1349497925,15
1349505573,27
1349507889,2857
1349508632,11
1349514211,479
1349528577,119
1349528978,17
1349534071,14
1349544787,102
1349554518,13
1349556563,17
1349572739,21
1349577647,254
1349579793,22
1349585036,19
1349585760,21
1349594151,21
1349596742,65
1349601607,6685
1349602545,44
1349608640,12
1349612500,39
1349616307,11
1349625245,57
1349626139,21
1349629235,45
1349639008,17
1349644030,25
1349644802,13
1349653154,205
1349656169,45
1349665307,74
1349669587,47
1349676836,57
1349681829,81
1349699284,95
1349726265,12
1349741082,665
1349751051,15
1349761002,12
1349765070,16
1349765459,761
1349769699,21
1349775607,20
1349778237,23
1349807044,100
1349821609,53
1349828911,126
1349879284,82
1349894238,12
1349898907,1673
1349901347,48
1349928654,20
1349928892,11
1349936010,48
1349947981,51
1349965719,108
1349966116,29
1349966872,51
1349973353,15
1349980117,102
1349990522,159
1350000608,83
1350010414,94
1350011645,34
1350016125,216
1350022729,30
1350026637,11
1350039488,68
1350046847,145
1350091249,532
1350113091,298
1350126722,43
1350136467,22
1350140196,42
1350140870,32
1350145251,82
1350168470,22
1350177196,43
1350179044,62
1350187482,178
1350211223,19
1350220289,298
1350226382,58
1350230651,40
1350250424,21
1350269287,18
1350272838,13
1350274410,199
1350294108,76
1350297280,14
1350300161,15
1350301267,34
1350313506,13
1350314050,34
1350318796,18
1350323171,1591
1350326290,75
1350355758,11
1350361414,21
1350363316,70
1350372781,29
1350383326,304
1350387491,68
1350394339,99
1350404101,14
1350407228,99
1350419329,267
1350429680,81
1350437239,70
1350438132,11
1350440869,33
1350441064,11
1350442575,110
1350443870,53
1350446435,188
1350459735,13
1350465734,26
1350466457,31
1350467929,37
1350478233,17
1350480460,33
1350482593,12
1350483520,15
1350485361,63
1350490114,45
1350494757,27
1350500240,19
1350500438,13
1350509560,11
1350514937,52
1350522632,22
1350526507,30
1350533577,186
1350541690,41
1350546502,64
1350547574,20
1350569679,17
1350573642,49
1350633041,21
1350634258,70
1350634886,42
1350634960,157
1350640067,19
1350641425,15
1350647633,35
1350651121,12
1350659541,30
1350663779,82
1350675970,22
1350680542,18
1350691287,52
1350699571,55
1350706479,47
1350714360,22
1350719925,168
1350722992,12
1350734862,26
1350739235,24
1350742000,86
1350743361,60
1350767832,49
1350779421,93
1350783894,16
1350788030,59
1350806722,557
1350830227,11
1350831696,119
1350844461,20
1350853551,92
1350863346,17
1350863925,72
1350870971,28
1350871465,1011
1350874668,53
1350885051,24
1350887816,12
1350893640,11
1350895783,23
1350898035,19
1350899039,249
1350901739,12
1350911905,16
1350912834,13
1350928952,54
1350932288,115
1350949949,31
1350970233,172
1350973046,23
1350978527,1956
1350978779,34
1350984217,6777
1350989994,57
1350992371,22
1350998562,129
1351006031,25
1351007885,243
1351014030,12
1351017534,89
1351024456,18
1351024522,15
1351029506,15
1351034082,18
1351039091,82
1351069255,11
1351079756,58
1351094567,13
1351094922,50
1351105790,13
1351109740,12
1351112589,57
1351114333,41
1351115437,41
1351115950,50
1351116259,42
1351122267,49
1351122459,50
1351122837,197
1351124863,69
1351128332,14
1351132746,48
1351156039,37
1351167897,122
1351168580,104
1351170835,65
1351179451,58
1351180987,25
1351181158,48
1351182837,86
1351204776,52
1351212530,129
1351222102,142
1351223904,11
1351230263,48
1351231819,25
1351235469,48
1351235984,210
1351246490,21
1351249466,36
1351250012,17
1351250877,113
1351254750,74
1351255275,28
1351273918,27
1351274581,475
1351289755,53
1351296177,12
1351298424,254
1351304444,57
1351310492,157
1351333415,22
1351356012,13
1351361630,22
1351380939,58
1351394391,14
1351403916,20
1351408901,105
1351414435,233
1351417776,356
1351419541,14
1351431648,13
1351431908,58
1351451063,144
1351452756,12
1351453338,165
1351456179,92
1351461667,22
1351469027,261
1351477655,60
1351484144,43
1351486444,17
1351493317,33
1351498449,41
1351503883,27
1351507648,16
1351509581,44
1351531421,118
1351533773,23
1351536269,27
1351538048,246
1351541281,11
1351544565,12
1351555854,41
1351561176,12
1351567676,13
1351580768,21
1351584242,40
1351590971,35
1351601873,76
1351633259,19
1351642423,12
1351650676,26
1351670420,144
1351677435,48
1351680006,126
1351684561,16
1351701238,1059
1351742423,63
1351764811,104
1351771415,18
1351798492,15
1351803914,175
1351813768,14
1351819100,106
1351833397,36
1351843765,226
1351845049,48
1351847425,52
1351852529,46
1351852735,24
1351859098,1247
1351864871,54
1351870136,12
1351879111,5649
1351885846,41
1351887954,46
1351888900,72
1351889117,398
1351890013,184
1351894347,15
1351898295,29
1351898444,947
1351900472,14
1351900667,30
1351904594,10
1351919577,145
1351925761,82
1351926237,94
1351929360,66
1351942493,36
1351942980,18
1351950648,23
1351951016,38
1351970898,20
1351994483,20
1351999360,11
1352002781,28
1352013709,12
1352019686,63
1352034098,14
1352050644,29
1352064169,251
1352094917,47
1352102688,27
1352118461,260
1352120796,25
1352150310,479
1352170588,24
1352170820,13
1352173326,16
1352184016,451
1352186581,29
1352203514,56
1352218236,61
1352219826,76
1352223257,626
1352247322,20
1352278343,246
1352303594,79
1352342534,13
1352351185,281
1352356887,49
1352358908,34
1352364919,24
1352371849,30
1352374859,15
1352375345,422
1352395141,36
1352405575,18
1352411194,197
1352419294,37
1352442668,86
1352443439,58
1352456470,79
1352468688,104
1352472074,85
1352477412,45
1352486094,11
1352488551,43
1352490697,85
1352500838,12
1352513246,12
1352517967,35
1352542451,99
1352547997,248
1352551519,28
1352552982,70
1352560425,31
1352561368,46
1352570050,41
1352578706,43
1352589739,142
1352595627,134
1352607684,55
1352616726,30
1352629703,16
1352641686,14
1352660626,128
1352661545,46
1352664267,423
1352687309,11
1352691399,18
1352712351,534
1352727583,13
1352730472,16
1352804372,109
1352817754,31
1352840073,29
1352857715,67
1352867353,25
1352880998,29
1352882170,714
1352887527,43
1352919228,69
1352938433,28
1352965805,457
1352980736,94
1353000600,16
1353019606,31
1353025107,70
1353026092,243
1353037566,14
1353045656,162
1353049407,23
1353051646,319
1353061522,12
1353066871,35
1353067185,29
1353069894,309
1353072228,164
1353074397,144
1353075877,16
1353078105,22
1353092192,25
1353098943,12
1353102759,69
1353108471,21
1353115006,64
1353116530,55
1353140432,31
1353155778,94
1353158694,18
1353173352,142
1353188158,23
1353215108,79
1353215153,11
1353219694,24
1353229835,43
1353251444,27
1353272338,14
1353275854,34
1353291989,54
1353294029,16
1353310731,26
1353313221,21
1353314384,78
1353315719,16
1353318754,19
1353321870,16
1353332322,80
1353338481,163
1353339864,11
1353347315,18
1353356231,24
1353358187,12
1353358416,130
1353359273,134
1353380095,105
1353389139,78
1353406658,15
1353408336,104
1353413537,20
1353421964,294
1353422241,16
1353423181,129
1353423268,30
1353425284,12
1353431819,91
1353448139,49
1353449259,14
1353451513,13
1353457639,16
1353458842,13
1353459015,11
1353483529,59
1353487658,26
1353488448,20
1353491688,94
1353492774,11
1353498091,80
1353500088,17
1353515767,14
1353517202,244
1353523749,178
1353541222,11
1353548665,3058
1353554831,31
1353555442,101
1353574269,21
1353576572,51
1353576631,52
1353585164,90
1353585964,58
1353589716,21
1353612029,105
1353612693,12
1353623233,38
1353624605,90
1353635670,11
1353646645,14
1353668086,80
1353671742,282
1353679492,38
1353687754,31
1353716596,97
1353718239,14
1353729021,33
1353738456,24
1353739798,17
1353743156,43
1353758318,13
1353775184,73
1353778206,12
1353782683,91
1353794475,145
1353796566,28
1353798170,439
1353799765,137
1353800490,55
1353804818,21
1353819774,364
1353820979,19
1353821164,32
1353829017,11
1353842421,26
1353845349,155
1353853430,445
1353856430,133
1353865057,132
1353902448,40
1353904951,43
1353905112,111
1353908306,28
1353920660,206
1353921881,25
1353927647,119
1353928045,19
1353932747,15
1353934419,22
1353937411,11
1353942025,50
1353952562,13
1353954206,15
1353960300,35
1353975656,703
1353977769,17
1353992598,33
1354022484,331
1354037078,42
1354059245,1068
1354073016,14
1354076376,25
1354117265,531
1354128239,173
1354131386,42
1354165808,192
1354184818,12
1354191602,35
1354207711,95
1354221794,20
1354222528,55
1354222884,46
1354225214,16
1354232863,184
1354233951,138
1354235626,231
1354246287,87
1354250936,48
1354253328,235
1354257722,49
1354261047,28
1354280341,65
1354283996,15
1354304208,112
1354305172,22
1354305572,32
1354310030,8260
1354310584,126
1354312346,14
1354322512,541
1354323352,119
1354325228,13
1354327327,49
1354363980,11
1354369411,13
1354370982,18
1354372434,37
1354375208,17
1354377874,269
1354405777,100
1354411229,315
1354414949,146
1354415131,119
1354415236,277
1354415327,24
1354415396,132
1354415474,11
1354416322,244
1354419140,15
1354422422,844
1354425362,57
1354428692,86
1354439160,78
1354439543,32
1354447241,21
1354457111,11
1354484158,62
1354492794,39
1354497019,56
1354498839,39
1354503159,122
1354505968,25
1354507405,40
1354515658,545
1354518773,83
1354530252,81
1354535060,55
1354552457,37
1354557029,20
1354565227,15
1354571216,125
1354582706,66
1354590736,97
1354592524,14
1354611198,1318
1354616771,57
1354619562,35
1354628751,76
1354631508,13
1354645252,106
1354664540,101
1354687855,21
1354690545,14
1354701193,2817
1354702877,780
1354705170,461
1354733288,35
1354743869,14
1354795258,71
1354807227,265
1354816117,41
1354867766,20
1354877827,36
1354880180,99
1354887280,3090
1354904639,11
1354905698,39
1354908099,14
1354909737,1154
1354913816,19
1354936526,116
1354943397,93
1354945198,304
1354972684,15
1354991682,315
1355001703,80
1355011153,18
1355020909,22
1355039759,23
1355058212,14
1355058394,87
1355063702,226
1355068409,11
1355071512,57
1355075968,26
1355092388,514
1355098120,40
1355117708,432
1355117874,48
1355131062,38
1355135207,247
1355150344,101
1355157779,100
1355167415,65
1355188644,89
1355191680,26
1355209097,76
1355222070,165
1355243640,60
1355249418,25
1355259034,614
1355282872,13
1355304204,272
1355309075,45
1355333063,27
1355338982,12
1355366032,1664
1355373585,24
1355378705,49
1355381508,104
1355405465,156
1355417485,34
1355421445,66
1355429026,21
1355432617,15
1355433940,31
1355437200,461
1355442112,57
1355456846,39
1355463199,12
1355464417,34
1355503202,52
1355507861,35
1355538316,55
1355551407,29
1355557264,20
1355559405,13
1355588370,92
1355594979,13
1355611556,20
1355621257,16
1355621506,92
1355626333,149
1355638985,17
1355670558,23
1355671615,17
1355673057,15
1355675055,31
1355677789,28
1355679277,88
1355691167,106
1355703686,34
1355710062,79
1355711678,17
1355714335,36
1355730207,711
1355741308,32
1355747298,23
1355762864,27
1355770564,15
1355771208,12
1355788866,55
1355798895,21
1355799241,44
1355801760,11
1355808762,48
1355809613,15
1355823958,26
1355833393,839
1355842287,29
1355904016,108
1355911138,16
1355933553,12
1355941470,19
1355948298,11
1355951141,47
1355951480,29
1355955670,15
1355970652,26
1355993451,84
1356039222,13
1356067468,42
1356072788,34
1356077516,1409
1356079687,26
1356094082,27
1356108169,27
1356156490,138
1356159928,4852
1356172896,18
1356199936,12
1356206624,13
1356207901,14
1356210956,98
1356218279,37
1356223683,39
1356224347,27
1356252600,43
1356284061,13
1356288220,12
1356297986,16
1356313688,100
1356314209,17
1356316354,64
1356316698,13
1356336145,404
1356352413,19
1356353772,13
1356357361,30
1356360868,29
1356369022,12
1356375344,109
1356380014,21
1356393702,32
1356400979,18
1356412151,12
1356416097,20
1356428658,24
1356455117,20
1356456494,6
1356466697,43
1356478784,13
1356530489,91
1356535652,87
1356560259,97
1356562333,14
1356565934,27
1356574476,278
1356579487,1399
1356582874,35
1356585529,17
1356609950,101
1356621223,39
1356623751,112
1356631397,379
1356633634,52
1356633685,60
1356644576,1594
1356654114,11
1356661414,51
1356662357,40
1356696056,17
1356717536,161
1356717648,49
1356721060,64
1356732235,35
1356734048,11
1356737807,618
1356739248,15
1356745013,64
1356756850,23
1356759001,22
1356761900,94
1356763978,65
1356764064,225
1356772046,34
1356780612,44
1356786315,15
1356801039,91
1356809188,67
1356827594,29
1356829113,39
1356832501,291
1356852931,25
1356854722,6
1356862937,29
1356877088,200
1356886213,644
1356886740,187
1356900025,1040
1356900252,24
1356905492,13
1356913212,15
1356918241,11
1356918624,253
1356920312,20
1356930616,328
1356937994,32
1356939006,28
1356952776,132
1356954832,19
1356960006,154
1356970538,129
1356977789,111
1356989040,71
1357015803,62
1357036560,132
1357043988,67
1357045140,41
1357052456,14
1357073013,58
1357102094,15
1357103077,48
1357126066,60
1357126299,70
1357141674,36
1357146385,13
1357190572,14
1357195825,88
1357199577,14
1357201560,15
1357201592,64
1357240862,11
1357257622,64
1357269614,33
1357272370,2538
1357273725,93
1357277481,90
1357299429,143
1357314208,19
1357328948,96
1357330608,18
1357339619,217
1357350878,134
1357363051,17
1357376191,17
1357379644,132
1357383267,102
1357411595,1103
1357432321,178
1357451769,49
1357472858,93
1357504161,193
1357510623,21
1357519483,16
1357541496,34
1357543451,19
1357571367,13
1357571572,18
1357574614,97
1357580964,91
1357583015,240
1357590729,229
1357605800,124
1357631540,28
1357635350,242
1357653551,64
1357673124,28
1357680431,21
1357685390,13
1357729892,191
1357731426,46
1357734967,43
1357737026,187
1357748847,54
1357751559,69
1357755622,473
1357767720,31
1357777082,16
1357777676,16
1357781858,27
1357785729,22
1357787789,32
1357791006,238
1357795483,230
1357815703,74
1357829995,30
1357833506,18
1357849254,96
1357861565,15
1357885424,99
1357890808,100
1357892387,29
1357892406,493
1357893262,13
1357899387,16
1357901203,13
1357908196,31
1357930999,7
1357948521,22
1357956391,31
1357956836,11
1357960982,251
1357964928,26
1357975586,19
1357975792,47
1357980118,31
1357987246,27
1357997871,106
1357998885,17
1357998904,11
1358001687,23
1358009970,191
1358010111,19
1358010627,19
1358011637,20
1358028665,12
1358030016,37
1358056022,16
1358056328,30
1358064690,28
1358065735,12
1358074732,21
1358075276,11
1358077003,38
1358094353,26
1358117453,12
1358118158,140
1358133479,14
1358139220,20
1358141425,11
1358152324,97
1358152999,71
1358155447,199
1358168733,410
1358174189,12
1358193679,16
1358211634,528
1358246455,26
1358265021,101
1358275774,90
1358286075,254
1358295353,2507
1358324516,1
1358326505,11
1358329940,14
1358341872,24
1358343582,102
1358344194,11
1358346534,1631
1358357460,68
1358366184,22
1358372557,60
1358378778,608
1358414152,19
1358415904,15
1358421254,18
1358423231,19
1358423624,13
1358425775,12
1358432195,20
1358441404,34
1358442220,23
1358458021,43
1358458431,159
1358459341,550
1358465489,148
1358470511,42
1358478954,40
1358481007,260
1358503697,304
1358511816,11
1358512221,353
1358526816,30
1358528810,109
1358532770,40
1358535254,71
1358544692,12
1358546635,54
1358561036,520
1358562042,17
1358569288,33
1358571386,724
1358588929,3218
1358623452,19
1358628594,51
1358630538,23
1358635004,710
1358656335,22
1358657723,81
1358659167,16
1358665704,25
1358669917,40
1358670492,22
1358676153,15
1358679019,170
1358679908,81
1358687794,22
1358693657,400
1358701716,21
1358704800,31
1358712513,72
1358725730,28
1358726306,13
1358733444,362
1358739558,14
1358741231,49
1358748241,34
1358757053,32
1358761059,149
1358768619,46
1358771202,139
1358784991,11
1358791346,13
1358799973,28
1358803735,11
1358810178,98
1358811454,28
1358822303,30
1358827912,16
1358828000,63
1358831257,34
1358835400,23
1358837377,60
1358845287,47
1358848972,890
1358853946,35
1358861171,79
1358861324,45
1358875950,66
1358877482,42
1358903281,15
1358923506,44
1358930733,22
1358934791,36
1358938418,17
1358940340,49
1358941407,31
1358948316,580
1358951250,13
1358958161,172
1358964956,63
1358978740,316
1358990537,68
1359024254,28
1359025000,19
1359029880,119
1359030593,175
1359031529,27
1359032034,161
1359033828,14
1359035587,239
1359059989,14
1359064781,65
1359070971,20
1359081044,198
1359082390,19
1359085049,65
1359086909,26
1359095031,18
1359104203,200
1359106130,11
1359108765,75
1359111028,92
1359118926,13
1359120685,1400
1359123860,59
1359123968,51
1359125057,140
1359136297,65
1359140585,102
1359146147,26
1359153546,345
1359159922,150
1359160213,31
1359160355,27
1359163705,18
1359165828,49
1359179010,117
1359179869,195
1359185809,135
1359187566,21
1359188118,64
1359202101,13
1359208384,114
1359219320,54
1359221896,283
1359232222,49
1359260019,12
1359263370,134
1359267823,21
1359274124,36
1359285504,68
1359285815,79
1359293386,17
1359300932,65
1359308109,169
1359311991,31
1359323038,14
1359326012,25
1359327624,14
1359359114,263
1359362246,4
1359368785,29
1359372462,62
1359378119,61
1359380045,44
1359384189,152
1359388164,113
1359391293,21
1359404381,14
1359406666,293
1359415787,282
1359438376,14
1359439962,146
1359443347,23
1359448945,38
1359473124,41
1359484193,14
1359523853,133
1359546748,43
1359551938,175
1359564380,58
1359576620,12
1359590718,68
1359593373,12
1359596777,201
1359637248,66
1359639792,51
1359643310,50
1359646526,84
1359653090,33
1359660584,14
1359669885,11
1359679276,303
1359691218,130
1359695413,31
1359714299,50
1359742580,312
1359743689,266
1359746628,24
1359755144,19
1359759930,98
1359760563,33
1359771019,51
1359799048,35
1359810367,17
1359813254,297
1359821088,143
1359821536,22
1359835005,97
1359872857,24
1359876315,28
1359889247,54
1359891494,216
1359917063,79
1359918340,14
1359919922,27
1359934054,409
1359941870,140
1359943952,48
1359963149,1744
1359969192,27
1359974649,71
1359976034,116
1359984739,37
1359987197,50
1359995118,456
1359998214,19
1360000671,103
1360000673,57
1360002825,263
1360009894,11
1360027905,126
1360032930,12
1360047743,21
1360063226,556
1360064915,26
1360074658,13
1360076624,19
1360106240,33
1360135830,70
1360150242,12
1360196051,11
1360230390,14
1360233143,26
1360234174,138
1360259509,16
1360275864,53
1360309577,105
1360317501,1562
1360319899,57
1360346182,42
1360359744,13
1360367824,625
1360369252,34
1360382804,20
1360395067,39
1360409178,214
1360413941,15
1360425988,136
1360429616,19
1360434153,255
1360434521,241
1360437589,14
1360445310,98
1360447389,15
1360492425,479
1360509130,90
1360512546,373
1360516909,68
1360536951,256
1360539092,634
1360542970,90
1360574100,19
1360574202,325
1360579580,179
1360579892,41
1360593901,24
1360597461,23
1360602296,424
1360613379,78
1360618221,60
1360627135,53
1360632640,50
1360643571,157
1360680958,17
1360715571,11
1360725349,739
1360742811,66
1360747077,37
1360760856,47
1360767622,217
1360775796,16
1360778135,36
1360778208,440
1360806346,42
1360834599,22
1360856384,11
1360858142,91
1360860817,149
1360867098,84
1360878285,44
1360882825,11
1360896604,259
1360898986,337
1360916274,76
1360918247,50
1360926563,57
1360929432,39
1360934358,21
1360940959,45
1360942610,24
1360946079,247
1360946696,158
1360951127,12
1360959635,63
1360959647,18
1360961053,495
1360968032,33
1361002517,45
1361006526,12
1361023994,190
1361024786,111
1361035396,55
1361054366,52
1361068036,13
1361079143,50
1361079469,19
1361079582,464
1361096996,31
1361099509,43
1361107518,99
1361126405,40
1361133727,97
1361138844,68
1361152392,31
1361158582,1107
1361167967,21
1361195954,70
1361207316,27
1361211094,12
1361215501,27
1361223302,139
1361225875,15
1361228049,84
1361236685,33
1361248727,17
1361252340,18
1361260401,28
1361260630,2001
1361270827,27
1361278196,95
1361291491,15
1361300214,24
1361304417,19
1361315456,177
1361317289,19
1361321270,53
1361333967,24
1361341472,18
1361377061,19
1361378980,30
1361393778,288
1361394051,17
1361406385,34
1361416073,32
1361416197,42
1361439328,2097
1361444420,349
1361446183,36
1361453430,68
1361481244,13
1361492654,76
1361495406,24
1361500545,23
1361543560,18
1361546924,17
1361547222,119
1361549521,39
1361575030,31
1361586759,69
1361599850,71
1361609523,24
1361616838,29
1361617284,103
1361620700,36
1361643385,19
1361666712,44
1361693237,21
1361697760,46
1361701085,98
1361734175,11
1361770652,65
1361789859,14
1361798895,167
1361815041,37
1361895717,13
1361912616,17
1361941336,15
1361955541,21
1361956002,37
1361963944,80
1361968372,42
1361968456,45
1361999524,21
1362003028,21
1362036634,15
1362066755,82
1362072312,13
1362072968,37
1362075101,32
1362078054,33
1362084736,28
1362092688,22
1362125482,11
1362130300,131
1362142212,20
1362142985,13
1362151695,119
1362155770,22
1362162915,27
1362170491,22
1362196641,21
1362200314,16
1362204453,906
1362212127,118
1362231583,46
1362232228,15
1362236152,96
1362241353,28
1362243438,24
1362253813,105
1362255281,130
1362261456,155
1362270470,52
1362275185,175
1362276993,92
1362294388,140
1362301726,30
1362313919,44
1362314598,20
1362315235,43
1362320570,123
1362323138,217
1362345259,12
1362350826,17
1362357070,11
1362363700,33
1362364341,20
1362368817,11
1362369513,86
1362369805,14
1362397051,34
1362403795,12
1362404493,256
1362417978,89
1362431628,17
1362435798,17
1362439413,31
1362454834,102
1362456326,250
1362460520,46
1362462557,36
1362493329,96
1362503386,15
1362509712,713
1362519825,18
1362520657,36
1362521616,14
1362530403,83
1362553929,24
1362562155,340
1362575621,11
1362581437,116
1362589604,341
1362595091,29
1362634847,35
1362643466,32
1362645474,71
1362649474,21
1362650042,62
1362655697,32
1362658862,277
1362671459,33
1362684183,114
1362686421,293
1362695256,22
1362703985,77
1362714737,151
1362751108,17
1362759272,41
1362763362,33
1362783691,20
1362805626,391
1362809792,29
1362812807,12
1362815790,13
1362818542,191
1362828790,123
1362842256,12
1362843888,15
1362850844,32
1362855385,16
1362860356,64
1362865373,22
1362882682,40
1362909065,30
1362912351,101
1362919809,32
1362928535,31
1362930040,537
1362960126,23
1362994822,21
1362996218,19
1362998139,118
1363004426,37
1363039704,24
1363043721,15
1363080361,94
1363086927,24
1363092725,60
1363131657,11
1363155073,82
1363177230,19
1363191757,31
1363262112,33
1363300867,44
1363342262,17
1363345014,21
1363383036,59
1363388578,173
1363399964,557
1363410842,36
1363412300,149
1363417187,3030
1363428506,13
1363431253,331
1363443069,189
1363465257,14
1363483602,31
1363485491,19
1363498067,13
1363499409,37
1363509420,126
1363516139,106
1363522301,12
1363523631,172
1363525420,21
1363533354,18
1363533417,15
1363559794,131
1363568952,350
1363572431,11
1363575067,14
1363576064,44
1363582644,32
1363620691,15
1363626069,37
1363641362,11
1363656474,27
1363662454,96
1363683267,124
1363687375,65
1363689547,31
1363692978,81
1363702538,86
1363707962,71
1363709206,15
1363711106,30
1363722483,12
1363725163,13
1363733702,17
1363739656,99
1363745503,388
1363760561,12
1363773717,37
1363783995,15
1363787176,152
1363793956,12
1363797905,19
1363812952,23
1363818832,29
1363827742,234
1363835797,24
1363837212,198
1363847344,52
1363881689,34
1363891196,47
1363892937,76
1363914703,76
1363933723,70
1363950908,105
1363950922,1178
1363968910,11
1363979998,238
1363987879,14
1363992316,13
1364007836,86
1364012461,236
1364048993,17
1364080668,1024
1364094786,16
1364101947,70
1364106510,15
1364116355,48
1364119178,98
1364134430,314
1364178235,325
1364180444,15
1364181676,155
1364187344,50
1364187794,12
1364195641,12
1364223074,31
1364269955,93
1364275008,23
1364308924,51
1364323587,34
1364330119,71
1364353029,27
1364362132,33
1364371888,13
1364395402,20
1364414600,27
1364438078,38
1364579837,62
1364589888,52
1364648857,188
1364652339,47
1364686893,117
1364733541,11
1364746777,120
1364748284,41
1364748789,160
1364761691,13
1364776702,30
1364793063,28
1364818907,35
1364825726,19
1364831598,11
1364841802,17
1364853167,21
1364860678,102
1364865823,55
1364913583,264
1364928174,102
1364961127,57
1364984373,46
1364985464,328
1365007201,16
1365052666,22
1365063764,273
1365112780,22
1365121905,113
1365145733,26
1365146493,18
1365157964,104
1365180956,49
1365184661,186
1365200424,58
1365200938,83
1365213028,12
1365216940,87
1365217515,32
1365226598,30
1365248611,155
1365251856,31
1365253449,103
1365259352,86
1365267950,79
1365276403,12
1365284519,135
1365295178,87
1365315025,51
1365321397,22
1365329750,14
1365340191,180
1365350772,842
1365442989,12
1365469417,30
1365497022,11
1365523470,19
1365535634,113
1365550050,158
1365556684,21
1365569181,184
1365578337,11
1365581696,186
1365582966,97
1365584949,95
1365588058,38
1365632242,205
1365648007,45
1365693499,111
1365749543,22
1365776373,509
1365779661,12
1365784082,60
1365788813,4
1365795640,45
1365812806,35
1365815877,70
1365817790,32
1365826416,41
1365843029,28
1365869950,14
1365880534,85
1365883190,113
1365890202,124
1365901512,12
1365908181,16
1365908457,18
1365913701,25
1365919630,26
1365920372,27
1365953562,12
1365988198,11
1366041040,127
1366071746,38
1366072565,518
1366085468,52
1366091061,13
1366125089,187
1366128623,22
1366130711,11
1366154653,27
1366162507,26
1366167124,26
1366199021,99
1366201891,73
1366204745,112
1366232861,18
1366233826,22
1366280840,396
1366300780,14
1366332628,50
1366340496,37
1366345467,65
1366380084,22
1366388082,35
1366396276,81
1366403257,23
1366438279,35
1366449702,13
1366460680,13
1366500906,91
1366503616,29
1366523330,70
1366546611,844
1366610375,12
1366612986,34
1366628185,24
1366638807,112
1366640598,94
1366657546,12
1366668024,88
1366680224,89
1366710381,21
1366718976,91
1366732967,44
1366765040,83
1366785599,88
1366793461,86
1366811063,40
1366848971,100
1366851200,74
1366867635,42
1366900006,14
1366901897,19
1366924995,23
1366932331,16
1366940325,72
1366947820,27
1366949792,28
1366950529,18
1366969284,1035
1366971725,72
1366974240,11
1366997009,120
1366998439,16
1367007297,15
1367010471,42
1367029840,100
1367030250,71
1367044972,614
1367068508,960
1367069494,15
1367076121,54
1367082694,27
1367091476,26
1367100077,14
1367114491,26
1367131646,334
1367134239,115
1367135216,12
1367141132,79
1367145309,224
1367157676,75
1367179148,16
1367182251,106
1367183841,27
1367189155,14
1367193650,553
1367237826,63
1367246407,22
1367251447,1500
1367270363,25
1367271141,1022
1367295383,108
1367299537,580
1367301965,27
1367315306,89
1367318093,16
1367318100,31
1367324830,10
1367351165,38
1367355724,32
1367377827,413
1367379705,21
1367389050,14
1367398321,57
1367403770,365
1367407437,28
1367415178,14
1367438905,50
1367447179,99
1367472926,48
1367477709,46
1367483350,13
1367501425,578
1367502914,17
1367513010,39
1367572354,45
1367577373,981
1367580648,21
1367583875,21
1367606050,904
1367622774,33
1367661726,129
1367674057,31
1367684264,13
1367719725,42
1367740062,114
1367761805,67
1367763358,13
1367831669,233
1367832343,52
1367872005,89
1367881289,11
1367883905,151
1367897629,427
1367914205,110
1367927379,192
1367954971,61
1367970521,52
1367986547,267
1368001555,104
1368008807,20
1368075159,72
1368087039,16
1368087835,96
1368087950,50
1368118412,31
1368141714,78
1368146282,24
1368170995,117
1368172788,11
1368175218,111
1368180872,16
1368183039,17
1368184831,35
1368199380,97
1368223687,123
1368225432,242
1368268587,39
1368270538,67
1368277688,30
1368289301,34
1368310092,230
1368314780,43
1368339169,30
1368343355,18
1368373280,100
1368395154,12
1368398309,13
1368407470,295
1368413119,61
1368416514,22
1368434369,22
1368447577,152
1368453956,16
1368459854,32
1368471438,21
1368478474,96
1368498665,68
1368503935,33
1368510458,170
1368513273,38
1368559502,91
1368561370,14
1368569221,76
1368581502,29
1368585286,19
1368598566,14
1368605546,52
1368612078,32
1368613571,18
1368687714,53
1368695602,11
1368711337,63
1368716782,108
1368730955,36
1368737093,374
1368750398,21
1368770307,538
1368789310,1
1368789388,11
1368800709,183
1368828112,31
1368837058,187
1368843473,10
1368845458,58
1368860755,19
1368866379,1182
1368893054,36
1368897995,22
1368931750,30
1368932017,23
1368970973,14
1368970977,12
1368973896,37
1368974805,118
1368988490,55
1368991308,18
1369023164,13
1369033276,11
1369052507,126
1369073701,87
1369096078,157
1369118512,96
1369136066,56
1369147670,43
1369171633,638
1369189773,17
1369197369,16
1369231363,35
1369254248,31
1369262910,1500
1369277866,96
1369278427,65
1369279123,27
1369282736,43
1369313277,41
1369327356,80
1369360789,15
1369368058,54
1369394397,68
1369409069,64
1369416179,16
1369418702,17
1369428487,807
1369445806,33
1369457847,21
1369462333,248
1369464080,21
1369477259,35
1369482083,21
1369485736,115
1369488688,12
1369491776,741
1369493694,349
1369513219,24
1369582601,13
1369614723,14
1369618603,20
1369622392,193
1369629475,32
1369651193,55
1369653850,311
1369655549,91
1369663769,19
1369664553,34
1369710615,184
1369759058,341
1369766052,108
1369771755,13
1369784774,12
1369795576,24
1369799711,220
1369803244,20
1369809067,131
1369814603,96
1369828903,19
1369854863,55
1369881367,192
1369898793,102
1369938717,33
1369959763,58
1369975677,19
1369976873,97
1369985977,157
1369988578,19
1369997076,103
1370002604,23
1370010682,66
1370016543,46
1370025535,41
1370031875,16
1370068994,26
1370116589,58
1370124649,221
1370147877,293
1370163227,43
1370172544,61
1370190441,26
1370212922,60
1370215434,18
1370241502,346
1370246344,76
1370251971,18
1370331779,549
1370339545,31
1370353613,32
1370384881,59
1370413428,23
1370426472,94
1370449854,14
1370498337,16
1370507931,222
1370509929,100
1370530163,59
1370532940,55
1370541419,11
1370554318,30
1370599694,78
1370617579,35
1370624327,69
1370640812,43
1370647803,69
1370652464,21
1370658881,52
1370686479,127
1370715900,96
1370727152,71
1370730312,19
1370739245,44
1370747786,706
1370752473,412
1370755933,24
1370760381,278
1370774413,44
1370794371,101
1370829583,16
1370837441,18
1370844777,44
1370856391,36
1370857850,15
1370888240,397
1370916260,123
1370930416,89
1370954528,28
1370964105,31
1370973144,28
1370974333,249
1370984242,36
1370985327,50
1370994072,84
1371005642,124
1371011484,15
1371018896,26
1371031029,17
1371055905,49
1371100217,17
1371113824,16
1371121344,293
1371142780,22
1371165553,30
1371165789,53
1371179441,61
1371183483,33
1371194013,28
1371198458,29
1371211041,12
1371212395,16
1371218594,173
1371231327,32
1371263996,170
1371270402,33
1371300806,147
1371327790,29
1371331200,161
1371333244,36
1371378654,2563
1371423574,56
1371452457,32
1371540193,15
1371546234,17
1371590527,74
1371604330,48
1371607180,11
1371635702,38
1371662268,22
1371664646,13
1371687666,139
1371692479,37
1371710863,11
1371745675,23
1371789234,38
1371789910,22
1371791056,16
1371828730,12
1371838756,11
1371857679,87
1371859762,42
1371862793,12
1371866684,38
1371867024,21
1371883304,76
1371910342,22
1371922811,26
1371933936,85
1371948464,101
1371983130,63
1371991721,30
1372011667,11
1372016806,130
1372022550,41
1372038548,178
1372088971,21
1372105918,230
1372145996,16
1372152799,226
1372163230,16
1372204895,25
1372210008,51
1372224893,17
1372283288,75
1372290993,76
1372296290,138
1372298766,41
1372332438,13
1372359684,250
1372373127,35
1372381380,47
1372383545,75
1372385855,15
1372393634,45
1372400287,181
1372403574,12
1372406879,45
1372438034,39
1372451227,107
1372465611,33
1372467327,87
1372475183,41
1372482979,4356
1372488678,146
1372492422,19
1372494946,19
1372497451,25
1372509814,71
1372530077,349
1372535054,185
1372537050,399
1372550104,30
1372551274,201
1372579511,101
1372587647,147
1372600644,56
1372641782,12
1372648198,101
1372663947,104
1372665897,443
1372667978,111
1372670108,116
1372707879,79
1372711932,13
1372712376,103
1372719038,28
1372733975,112
1372741237,25
1372754222,605
1372771239,32
1372777245,57
1372816369,44
1372825796,46
1372830712,101
1372835491,11
1372838926,11
1372839573,67
1372851884,16
1372868920,100
1372875710,11
1372896776,327
1372978913,16
1373019216,85
1373039122,14
1373043882,16
1373084533,152
1373126287,59
1373145136,191
1373162520,82
1373169424,38
1373184607,69
1373195975,81
1373227372,90
1373228900,54
1373243610,33
1373264172,54
1373269938,36
1373277137,49
1373283162,29
1373299478,28
1373301457,170
1373324760,21
1373347047,34
1373352722,20
1373411556,23
1373411598,65
1373422268,20
1373434595,21
1373440611,986
1373470663,4
1373495073,11
1373504547,96
1373504882,17
1373510545,21
1373542552,18
1373589167,65
1373598679,41
1373617155,423
1373629346,196
1373637204,19
1373640162,18
1373645097,27
1373650485,93
1373651950,19
1373655162,20399
1373655174,109
1373657354,15
1373659194,2442
1373664881,40
1373665161,615
1373687654,4271
1373693145,43
1373742699,21
1373764086,49
1373775307,42
1373794217,13
1373798026,15
1373807158,99
1373816208,16
1373818350,84
1373837418,367
1373845300,71
1373845360,31
1373857275,17
1373867260,19
1373871278,26
1373873208,118
1373876640,12
1373890722,78
1373893740,14
1373904888,51
1373914715,273
1373920826,14
1373956242,70
1373965638,73
1373968205,105
1373976608,1529
1373977947,309
1373978991,226
1373993338,682
1373999465,21
1374004552,31
1374004718,36
1374005005,6906
1374013366,36
1374026169,115
1374027278,95
1374039655,298
1374058281,524
1374059973,121
1374065193,24
1374080173,31
1374081954,179
1374083411,32
1374090190,69
1374114305,46
1374115750,42
1374119826,37
1374137407,122
1374170220,30
1374187000,28
1374187787,31
1374207042,112
1374208346,12
1374208832,108
1374215809,34
1374231479,110
1374233345,107
1374235614,83
1374249828,111
1374252299,88
1374258242,38
1374259561,68
1374266092,120
1374269393,159
1374271600,43
1374276397,28
1374280231,401
1374281710,84
1374296003,40
1374301331,113
1374304013,118
1374307251,214
1374317124,96
1374323444,55
1374339206,11
1374340024,33
1374349137,569
1374351489,39
1374363973,288
1374370153,39
1374381223,21
1374382889,34
1374404623,482
1374419657,731
1374424107,35
1374429953,44
1374497967,20
1374503618,610
1374510971,57
1374514646,12
1374559998,56
1374561793,1707
1374575487,89
1374577976,17
1374578272,30
1374583864,35
1374591713,87
1374592016,62
1374610599,43
1374627765,103
1374632146,117
1374652607,193
1374657933,130
1374660415,90
1374672844,14
1374676481,186
1374677557,19
1374678037,68
1374683168,29
1374702542,2277
1374727617,17
1374733369,148
1374789451,433
1374794531,45
1374800096,246
1374815225,79
1374824920,12
1374825890,29
1374827115,157
1374828484,54
1374829176,286
1374843013,24
1374853179,104
1374869789,327
1374878599,59
1374892312,15
1374933474,151
1374936836,33
1374967555,271
1374986657,318
1374993835,57
1374996830,166
1375012405,34
1375014533,184
1375026016,363
1375039364,420
1375055730,19
1375059982,40
1375069018,85
1375069862,7123
1375072965,33
1375075176,21
1375083492,134
1375098261,57
1375122422,98
1375122933,20
1375123435,45
1375133671,34
1375140647,32
1375155214,152
1375162386,16
1375175642,62
1375186168,26
1375186288,196
1375192093,47
1375264772,68
1375277773,113
1375279784,44
1375282752,37
1375282779,116
1375286981,207
1375299700,148
1375322085,36
1375327232,149
1375328916,96
1375331046,113
1375331689,114
1375332698,114
1375333612,107
1375334507,115
1375342457,46
1375362154,425
1375362516,83
1375363410,22
1375382253,25246
1375397100,692
1375408551,23
1375422454,47
1375436845,37
1375442342,73
1375443593,37
1375445850,154
1375457342,21
1375471484,28
1375472981,50
1375473949,76
1375482713,544
1375483446,59
1375487141,538
1375491403,29
1375500090,540
1375513261,17
1375530874,466
1375534119,18
1375544171,51
1375554403,16
1375573671,112
1375579368,21
1375579649,101
1375624904,52
1375626577,620
1375631360,1830
1375639332,535
1375639479,435
1375639587,49
1375641268,236
1375642255,50
1375645197,79
1375646723,16
1375649813,16
1375657623,15
1375675343,541
1375683753,56
1375694187,401
1375719666,33
1375721079,302
1375725140,19
1375735725,86
1375750028,103
1375761817,73
1375781597,28
1375795989,44
1375806883,41
1375815381,191
1375881854,26
1375884230,35
1375913138,54
1375922101,38
1375931199,12
1375947721,37
1375974747,17
1375984686,212
1375987946,926
1376004275,459
1376005621,47
1376039858,14
1376057898,76
1376067407,51
1376070655,216
1376088894,40
1376120645,26
1376130842,36
1376140704,14
1376163329,20
1376174149,778
1376183952,26
1376187020,60
1376201850,162
1376204343,38
1376221787,17
1376243548,86
1376246046,61
1376252893,46
1376258916,560
1376276383,37
1376284519,228
1376327386,37
1376338414,50
1376355154,73
1376366074,18
1376369694,14
1376380583,841
1376380844,831
1376389728,15
1376430634,28
1376436152,98
1376447184,26
1376451543,96
1376451596,27
1376459452,18
1376485296,150
1376488452,104
1376499671,12
1376517161,16
1376562452,27
1376562698,774
1376570509,73
1376608076,87
1376610531,22
1376627816,291
1376631227,251
1376641124,24
1376644413,11
1376650725,51
1376669273,43
1376670432,186
1376671563,144
1376677047,38
1376679491,88
1376688549,47
1376695565,180
1376697456,23
1376703755,31
1376713674,1290
1376721952,35
1376724026,21
1376736903,27
1376757283,837
1376771236,179
1376779168,55
1376790274,17
1376798296,67
1376804059,226
1376809003,29
1376848968,137
1376849726,16
1376851222,16
1376852977,16
1376855157,16
1376857791,16
1376869581,28
1376891056,28
1376922367,30
1376929885,123
1376934917,44
1376940807,22
1376947340,26
1376970259,883
1376976734,38
1376978038,85
1376994778,22
1377007152,121
1377009676,28
1377012125,28
1377014744,159
1377017796,14
1377019448,15
1377022466,15
1377024615,15
1377025706,15
1377028653,49
1377047791,338
1377049125,103
1377060821,246
1377087844,33
1377088881,32
1377095706,40
1377118911,37
1377121729,103
1377133993,95
1377172300,1528
1377189665,293
1377195966,47
1377211520,6390
1377227263,100
1377235275,25
1377240062,26
1377244651,16
1377249911,14
1377264191,39
1377266080,134
1377281798,20
1377281944,17
1377300089,57
1377318049,41
1377318357,484
1377319093,33
1377321806,76
1377358030,157
1377367635,19
1377373768,75
1377373919,57
1377374471,19
1377378103,190
1377399471,724
1377401228,167
1377411396,15
1377417831,81
1377418521,36
1377427328,456
1377497339,28
1377506078,37
1377507017,67
1377511085,43
1377521300,24
1377530130,123
1377536729,16
1377544566,28
1377548062,60
1377573287,37
1377621908,67
1377644325,165
1377650013,95
1377674687,117
1377680623,169
1377694077,1479
1377725938,32
1377737136,75
1377750369,37
1377753108,37
1377778088,68
1377792250,91
1377798973,20
1377811021,35
1377820977,498
1377847730,17
1377851637,27
1377868587,232
1377874334,28
1377884826,555
1377921828,34
1377927974,57
1377930228,11
1377930647,19
1377937803,51
1377938409,552
1377952273,220
1377956199,94
1377960577,177
1377966204,31
1377994507,35
1378003578,35
1378037330,166
1378054924,143
1378060456,143
1378083460,70
1378084143,333
1378085611,24
1378110842,143
1378112520,139
1378116070,33
1378128468,40
1378140242,549
1378141102,27
1378150065,40
1378157667,92
1378173025,49
1378178382,85
1378198970,29
1378233659,51
1378243117,32
1378287407,130
1378288598,6811
1378292414,34
1378304920,27
1378312690,36
1378328067,227
1378334724,37
1378336518,20
1378383465,41
1378383745,384
1378392353,31
1378394024,40
1378402113,30
1378406148,76
1378408007,74
1378412161,45
1378417234,29
1378419248,28
1378439672,60
1378445487,16
1378453004,256
1378459509,207
1378487912,156
1378490139,139
1378513694,40
1378518207,90
1378523869,30
1378548877,31
1378562653,97
1378579667,39
1378583912,49
1378595066,18
1378688797,160
1378704001,44
1378705615,45
1378713168,41
1378713828,18
1378720625,51
1378726612,88
1378733532,43
1378736813,56
1378738225,335
1378764687,44
1378786878,31
1378797927,26
1378813039,157
1378822793,37
1378832559,408
1378840073,79
1378861656,162
1378863809,33
1378880709,530
1378884933,42
1378888384,30
1378909326,184
1378939228,35
1378943691,23
1378958030,306
1378959833,27
1378971656,1027
1378973913,60
1378989597,33
1379003933,764
1379004430,39
1379021919,38
1379046284,127
1379117882,273
1379124638,81
1379133800,28
1379166549,763
1379182923,30
1379189057,67
1379207505,44
1379242271,40
1379271414,31
1379297874,28
1379298275,211
1379343596,94
1379367209,85
1379401527,266
1379432956,66
1379508715,31
1379510327,106
1379550498,30
1379553159,30
1379555830,60
1379569039,28
1379572963,115
1379574728,6608
1379582941,29
1379594548,67
1379601713,93
1379612416,32
1379612450,29
1379617146,406
1379622568,31
1379627160,31
1379664293,49
1379672461,33
1379703717,30
1379707048,37
1379720747,28
1379754455,27
1379771393,31
1379771641,27
1379788588,32
1379792193,26
1379816438,30
1379816520,47
1379825889,28
1379826060,35
1379828654,30
1379830980,30
1379846945,81
1379856219,40
1379858932,45
1379861765,43
1379869519,100
1379881719,31
1379915055,100
1379917275,147
1379929433,576
1379979985,79
1379986944,129
1380026302,32
1380116460,306
1380151498,73
1380184397,48
1380219642,47
1380254762,27
1380270430,29
1380286908,51
1380291359,130
1380481477,62
1380600226,202
1380633782,187
1380635125,1954
1380647931,34
1380653730,88
1380683591,139
1380712325,44
1380724113,33
1380729698,136
1380739864,94
1380762959,439
1380797051,292
1380805191,37
1380828736,29
1380866691,72
1380873040,125
1380873237,496
1380877128,29
1380899405,29
1380920195,30
1380947434,27
1380950524,111
1381021210,38
1381028397,32
1381077678,37
1381133707,45
1381197433,31
1381222319,34
1381227629,38
1381229689,210
1381267308,59
1381282828,74
1381309650,40
1381311478,33
1381319800,36
1381356320,376
1381397567,80
1381412852,189
1381442482,42
1381675602,275
1381701511,32
1381765937,109
1381797319,38
1381916762,70
1381956661,99
1382033817,73
1382208792,37
1382268161,54
1382299104,77
1382304020,227
1382348446,33
1382402344,39
1382409238,251
1382439708,68
1382441164,54
1382450432,164
1382454774,50
1382467199,959
1382497250,107
1382503730,75
1382518952,29
1382519703,49
1382570034,35
1382625851,216
1382671462,79
1382777337,95
1382790500,71
1382888848,805
1382890725,30
1382911422,93
1382991317,39
1382992199,43
1382997872,102
1383023635,340
1383029247,26
1383133197,128
1383174634,27
1383184578,57
1383204085,29
1383219004,78
1383330463,87
1383351011,38
1383379143,62
1383421425,36
1383448007,34
1383475390,65
1383527767,28
1383553946,27
1383568748,33
1383574324,37
1383604528,121
1383725580,70
1383773819,30
1383804874,111
1383808665,43
1383809012,838
1383924438,29
1383926459,722
1383937741,140
1383977800,446
1383979298,230
1383988294,714
1384036300,47
1384094559,1394
1384097926,38
1384159311,325
1384244575,89
1384260430,295
1384311578,29
1384352924,85
1384367183,30
1384446919,61
1384595391,41
1384819080,32
1384856497,31
1384858191,122
1384864244,124
1384971688,54
1384979197,26
1385139201,33
1385167327,33
1385234557,74
1385252572,65
1385271151,102
1385572356,48
1385585664,37
1385594097,38
1385600042,38
1385607186,38
1385661051,37
1385668588,35
1385683731,36
1385691734,38
1385697549,34
1385735998,34
1385750356,75
1385766179,98
1385852876,99
1385884737,43
1385896447,181
1385932968,35
1385938684,37
1385940456,35
1385940769,39
1385940907,38
1385944949,37
1385946301,84
1385946365,38
1385946642,38
1385946899,39
1385952569,37
1385952730,38
1385953957,37
1385957766,39
1385958579,37
1385958632,39
1385960203,36
1385974863,39
1385974908,38
1385974972,37
1385974997,38
1385985335,38
1385985426,38
1385985511,36
1385986544,36
1385991157,36
1385992381,37
1385996939,38
1385997849,36
1386002698,38
1386003222,38
1386004688,238
1386005768,39
1386005848,38
1386007747,38
1386008485,37
1386015885,38
1386016704,36
1386020921,36
1386021747,37
1386035478,36
1386035488,37
1386035526,39
1386035543,37
1386040750,37
1386040921,37
1386040989,37
1386041384,37
1386046129,38
1386046144,36
1386046145,38
1386046158,37
1386050841,37
1386051016,38
1386051053,36
1386052763,39
1386055469,36
1386055991,38
1386058082,35
1386061631,253
1386102169,39
1386102188,34
1386102205,38
1386102888,38
1386106710,38
1386107545,37
1386107995,37
1386109831,37
1386111415,37
1386112170,35
1386112831,38
1386113997,37
1386116149,37
1386116756,39
1386117375,37
1386118529,37
1386120696,37
1386121094,37
1386121977,37
1386122881,36
1386130624,38
1386130627,39
1386130628,39
1386130635,37
1386135244,38
1386135329,37
1386135345,39
1386135493,38
1386140108,37
1386140287,36
1386140376,37
1386144817,36
1386144916,36
1386148762,36
1386148966,39
1386152133,36
1386153017,37
1386153851,38
1386161878,38
1386161881,37
1386165595,37
1386165603,37
1386169861,38
1386170086,37
1386173739,38
1386173755,38
1386174131,37
1386176321,37
1386177603,36
1386177773,38
1386178150,38
1386180108,38
1386181746,39
1386181761,37
1386182316,37
1386184197,39
1386190011,49
1386191415,37
1386191417,37
1386191420,38
1386191441,39
1386195165,35
1386195166,37
1386195243,35
1386195400,37
1386199510,37
1386199591,37
1386199654,37
1386199845,36
1386203538,37
1386203784,38
1386203818,39
1386203832,38
1386207520,37
1386207756,37
1386207794,37
1386220116,37
1386231117,152
1386236173,38
1386236193,37
1386236197,37
1386239633,38
1386239926,38
1386240050,38
1386240056,37
1386248669,39
1386261789,78
1386267511,64
1386267785,30
1386311515,27
1386381759,206
1386522258,54
1386533084,79
1386544905,62
1386778170,276
1386862999,38
1386863025,37
1386863026,38
1386863039,39
1386866371,39
1386866484,38
1386866615,34
1387019363,61
1387036429,211
1387091731,28
1387174908,37
1387365303,83
1387374666,221
1387418261,68
1387544315,87
1387649779,40
1387655234,28
1387694479,29
1387763129,48
1387771467,146
1387780207,58
1387810635,35
1388056636,84
1388261262,276
1388571958,27
