repo_id,stars
749137,3795
1555094,3079
2005484,560
4387547,3298
5698643,4108
5797013,5082
7502247,2577
8426406,4943
8681349,49799
9252533,6351
10353211,6011
11274380,118
11579941,1217
12738012,295
13956112,1418
14734876,14245
15988336,1692
18671453,1211
23633128,342
24227875,6429
24561828,14509
25311354,2890
25459400,13862
27222050,4229
29217054,23018
29906842,15831
30860673,2310
30907774,23077
34674210,153
34798315,9536
36420109,1704
36840131,2177
37035067,1590
38182966,3645
38216778,9200
38233033,3304
38696925,29416
39904377,2113
41310523,2505
44961854,971
45103027,214
45271904,10007
45512989,34329
46527265,6038
48660863,2804
48904888,5666
49292670,920
49632852,1250
50202460,3966
53133861,21124
55018634,2445
56639410,1406
57377821,2247
57602001,22966
59341837,934
59982630,2953
60145277,868
60166854,1830
60352717,1554
60377070,7052
61393415,537
61793256,982
61924149,1785
62087567,4603
62476384,166
62824998,2911
62843932,1784
63793563,982
64834778,1347
65017574,6163
65558310,2255
66331305,1541
67437371,643
68125931,14750
69269563,10772
70431106,28860
71849748,631
72225778,602
72329031,425
73964895,14871
74173698,5998
75190475,7371
75587993,1850
75710587,4067
76678740,2165
76768630,2818
77023811,3129
77321225,749
77341954,2576
78200488,5595
78313173,10447
78732688,851
79263545,225
79372336,2123
80240424,4379
82841862,7012
83542054,1804
83878269,15822
84099393,193
84949566,2056
85768267,227
86599573,6661
87067212,9944
88113789,2319
88222263,1754
90733436,3838
90862638,1938
91857770,802
92287968,15428
94956993,1531
95574086,2033
96012614,745
96256108,709
96416890,184
96853855,1990
97794087,814
97817788,115
98441914,1063
98499283,7338
99139417,182
99379143,1971
99412308,9557
99561213,3032
102067496,2182
102102105,769
102538419,837
102692863,21318
103229836,1680
104722806,5110
104854615,7862
105769029,1223
105808063,218
107108009,4280
107111421,73542
107115042,1857
107305157,1781
107878597,202
108945887,4910
109678660,1763
110606051,650
110795721,4469
111699912,889
112103066,6943
112488313,1534
113166974,6701
113577479,1301
114540126,3093
114870155,3692
115673437,1851
115744122,4664
116590428,2655
116697549,3580
116797311,12224
117433667,207
119160553,40077
119741627,473
120720556,2089
121637551,9540
122595764,134
122715432,1667
122816625,1485
123197101,1409
123693096,442
124853261,3523
124882400,1101
125007217,1126
125099497,562
125444399,1773
125862390,2286
128061014,180
129847467,3308
131582572,20789
131881622,14844
131955509,273
132464395,157818
133060053,3546
133444044,2268
134584107,109
136799312,891
137123785,275
137789266,1674
138141023,216
138552196,25632
139945544,876
142422739,10895
142569591,248
142908872,6583
143284193,2675
143328315,39591
145693916,11314
146103950,1824
146435045,4731
146633589,37490
146856200,2891
146863062,5405
147229508,416
148067600,197
148550577,330
150864645,1079
151619717,38558
151904296,1952
152071156,879
156157055,49109
156317154,15161
156401841,9923
156946744,6525
157198623,12834
157908837,177
158025053,687
158673445,4649
158744344,3444
159110178,3129
159797814,952
159916548,3032
160361977,3689
161247988,3397
162021652,8152
163235189,1652
164433070,4285
165041732,25866
165645094,617
166911196,285
167694194,35143
168062479,211
168149502,1763
168269440,6346
169158585,2931
169991845,921
170118596,6137
170777132,7045
171564291,230
172407982,841
172519084,175
173005932,2279
173544440,7736
173827642,1464
175052225,10320
176858880,4667
176982014,17453
177614859,627
178470457,504
178626720,31288
178976529,8788
180307968,1534
180827233,9512
181222410,3399
181436799,15888
182067506,10955
182163054,1917
182865216,2144
185401193,1755
186056630,916
186332888,2319
186698598,1686
186872119,5227
187398354,1147
188356619,2981
189425886,219
189602331,269
191179628,1308
191194671,634
191751197,268
193332705,1969
193973813,422
196340907,1794
197009243,107
198483875,225
200004447,4074
200471228,858
200722670,18150
201025777,14809
201441751,2442
203558879,240
204388092,6672
204786174,831
206314293,1392
207454227,447
207988739,788
209556497,9174
209709465,3779
210357243,1414
212056242,1882
212747520,4254
213250662,548
216243021,975
216525761,437
217049858,1133
217113590,6338
217775615,728
218177655,395
218952803,13195
219035799,10973
219623588,4810
221121871,4976
221631156,1825
221733013,748
221787282,5161
222209282,745
222780595,4658
222824662,16165
223357324,4277
224261160,377
224908244,10770
225125850,137
225260962,16501
225572038,5965
226046528,2272
226368168,1546
227055040,421
228203350,3343
232627037,583
232876381,3783
232901618,2191
233587412,441
234676361,422
236624100,799
238593012,613
239828934,132
241021214,2524
244620269,14158
245127811,719
245949080,1023
247865662,1611
248977013,1211
249995750,40716
250036571,3833
251041078,5274
251233119,213
251396732,10330
253079431,1269
253849484,6373
255823049,2574
257327148,638
257520135,360
257648141,2824
260420185,4045
261098554,862
261372860,13699
262296122,87769
262424540,3102
264675954,17371
265127379,449
265850286,972
267420351,1416
267857463,5261
269773439,160
270670394,1961
271090649,3996
271800973,2590
271828142,1714
272785290,1903
272924197,326
273082432,1685
273337347,1349
273630336,343
274610956,1994
275182202,236
276288252,1920
279643881,3653
280784933,494
281475256,1778
281519510,4058
284824224,3224
284864176,4443
285951873,2903
285973698,2047
286408558,2106
286876809,547
288142727,768
288187811,946
288411806,288
288482469,10737
289205582,1534
289605524,7671
290091948,67309
290373506,10672
290686772,397
291070953,576
291703561,7873
291787503,11745
292617111,409
292648103,345
292896321,658
293572361,394
293631918,824
295608796,1490
297302063,4344
297535227,718
297672263,7786
300789100,1181
300996055,25481
302827809,9414
303541321,2087
303705119,3793
303953548,142
304530333,1985
305492699,1110
305572443,205
306242293,608
306977633,31213
306980630,5936
307213173,31389
307315411,565
309504885,3511
310368642,540
312042527,1682
312152973,3393
314748658,801
315977578,7811
316328024,784
318515767,170
320299900,9256
320598037,1374
321181247,143
321994701,616
322270485,1029
322855089,10783
323048702,71954
323651234,7453
326174741,36323
326479996,1839
327113050,5628
328236233,432
330325505,4316
330768122,2572
332181872,1334
333421996,5154
333624050,677
333867421,161
334567245,8944
334760721,1214
334848347,9246
336132980,372
337924729,729
338717688,861
340339997,11417
341473983,2080
342728683,9458
343203057,2128
343429224,1345
344069267,490
344190478,65087
345180734,1840
346124279,3037
346676718,758
350375089,4421
350871478,912
351720449,1597
353670076,2966
353968278,772
354138793,6445
354751914,957
356881804,2351
357328206,812
357891182,2011
358208946,382
358276714,155
359839626,8256
361511031,2893
361735570,2298
367549861,835
370275343,648
370342171,1232
370728359,1798
371631642,403
373308826,4753
373674258,8415
377631316,212
377866577,265
379581563,3109
380191749,17360
381317767,166
381952060,1643
382835373,659
383121608,282
384562101,226
385275507,3821
387786881,3462
388636965,2882
391273014,381
391777965,626
393571599,36908
393874035,14667
394089041,3067
395688425,4130
398941751,380
400215964,39592
400918657,358
401484223,9485
403559729,7646
404924772,929
405929837,2741
406341006,474
407722319,12367
409653223,3988
411987045,503
415956481,377
416312227,211
417875186,764
418399149,1089
420628968,1848
422148948,4126
422274596,41436
423991420,1750
425484875,1491
427347642,1010
429104828,3653
429736266,10266
432730711,3019
432768606,548
433054511,2265
434324346,975
436617251,183
438416676,2476
438419937,11122
438514144,11269
439033158,4577
439528372,1099
440603375,621
440752086,14170
442706416,699
443220240,5147
443497884,842
444251617,370
445768278,5196
446713689,969
448167075,2990
448343090,2750
448398954,879
449649393,18404
449649595,2491
450291588,2644
451309277,356
452821660,667
457995289,773
458086533,871
458411579,579
458461908,417
458588993,8329
459466436,2470
460761639,1938
460867737,468
463439055,523
464704193,3000
468576060,75278
469136195,1327
469377939,1161
469622127,295
470779379,788
470832353,161
471249443,3141
472525693,646
473736446,380
474150870,1541
475150006,372
476918521,1953
477657302,368
477846408,826
477999739,1111
478484453,2183
478823173,11306
479199191,3039
479916584,1084
480303698,2223
480318757,520
481427289,1252
483260394,410
483678677,144
483710165,348
484017724,320
486656484,1269
487309566,2829
488091508,114
488641606,41739
489105078,1196
492526669,6385
493209224,107
495587598,8422
496192011,614
496233655,2358
496844646,517
497184741,471
497356715,857
497512032,12956
497780232,1112
498011141,34324
498575448,1464
498766488,10321
499173659,490
499272646,1116
500427876,632
501192860,1006
502863191,13423
503178978,419
506404806,537
507861208,3707
507972385,3496
509133407,565
509153572,3826
510360767,703
511003180,1190
511492785,2096
511745849,5989
513534410,975
514644612,312
515647260,36553
516505460,1880
516962930,2506
519577891,48394
520969009,36952
521688260,134
522133400,17479
522165515,794
522180634,1853
522895309,1635
524092789,432
525327651,334
525592995,27906
525605934,367
526514610,1439
526725525,335
527359569,2436
527796682,746
527889855,898
528076983,450
528328355,1255
528350188,3341
528763774,742
528771628,370
529560594,7312
529954479,761
530072220,367
530323399,3510
531653392,2125
531788813,3885
532465933,6247
533127272,13580
533199740,7737
533451541,4706
533601913,431
533752345,356
533934365,371
534330590,8192
534779800,1337
534817329,2627
535063290,676
535379921,396
535492585,369
535691024,3365
536013043,1936
536244334,497
536314590,1521
536492655,891
536614303,365
537093072,491
537940881,3210
538144430,777
538180525,15184
538375570,1891
538408555,495
539045602,418
539389184,7914
539888500,17600
540357453,921
540685210,927
541147441,1956
541269386,52946
541322916,5827
541841924,347
542185751,7448
542713154,1636
542763041,1219
542772373,395
543063415,1004
543189172,1986
543297533,790
543955160,4575
544039155,1069
544618040,563
545130358,608
545595027,1567
545918043,2045
546206616,29073
546466467,2545
546476703,8855
547227418,388
547725599,11788
547919119,659
548093252,805
548735230,1968
549133772,1389
549830413,7222
550981146,1241
551376520,60750
551689337,2858
552580878,949
552660722,837
554771302,12501
555532742,497
555659262,541
556522959,1633
556553471,1438
557271203,516
557880310,593
558278400,504
558368772,1349
558653606,485
559759491,809
560299175,21661
560704231,51692
560859378,919
561175504,693
561434347,1853
561902498,536
562595985,645
562754304,2358
563259458,503
564597496,1067
565372076,2422
565563619,4107
565658766,999
565772050,748
566323731,14236
568194185,365
568517086,2677
568776116,442
569265598,2515
569559542,261
569687650,1253
569860278,1262
569988037,374
570015943,768
570020780,4204
570384908,21555
570530787,599
570663084,359
570696986,3900
571055479,4286
571148432,281
571722519,318
572071014,1008
572087603,342
572570113,16044
572620767,1750
573203577,380
573224813,523
573661753,23836
573759422,6445
573822937,3720
573891417,1199
573963587,757
573982889,3887
574046356,2731
574095904,458
574097989,8207
574116196,13049
574156195,3458
574160606,3461
574210381,274
574278577,5531
574347022,917
574411233,2685
574428530,4181
574578825,8231
574612724,3872
574727842,732
574861362,1246
575042276,3453
575051095,5997
575253452,3580
575267939,3743
575295397,3785
575340621,54444
575628616,7547
575997792,1977
576005588,3779
576072728,2097
576204079,691
576254831,3868
576380523,7866
576696753,3997
576799754,451
576869790,2006
576921601,3177
577116112,61634
577603990,37407
577753426,4462
577953547,453
578245357,1237
578272278,552
578460780,322
578685027,7922
579082810,77519
579494713,2023
579947672,2933
580147701,130
580525453,402
580537336,7290
580595594,400
580600129,2699
581656211,782
581913613,7310
582319835,523
582432706,5367
582729142,489
583315360,1274
583616027,534
584167315,378
584639396,9113
584843932,918
584935389,598
586171281,1432
586624356,13007
586903198,278
587031627,1151
587275399,916
587573950,331
587586087,41968
588477692,9502
588533284,773
588732058,2418
588898844,3672
588992876,2573
589013057,2295
589831718,128007
590681558,4614
591667477,921
591782276,3470
591961298,6104
592287689,738
593550728,629
593927328,2215
593961226,723
594096901,3298
594215219,1016
594609262,7293
594679568,1907
594869373,1065
595130474,728
595257557,770
595530574,1224
596205066,322
597240369,461
597490428,683
597583114,9045
597644883,3833
598099426,4185
598375636,2059
598539671,5639
598705038,325
598872262,2111
599293758,7735
599320067,153348
599338659,3081
599524116,32235
599570867,676
599687030,4215
599781179,4374
599811829,461
599950865,791
599976443,3128
600068422,3430
600223950,562
600229707,2061
600362783,3425
600368121,24948
600450326,4453
600534454,1166
600544354,21100
601100396,4420
601161044,16259
601205363,1624
601622432,699
601734711,635
601904916,2198
602005115,12284
602366280,6892
602455110,1129
602465880,648
602478874,3106
602771615,2470
603067222,824
603085008,10893
603215482,954
603535454,9615
603593003,5544
603668088,5656
604651852,3093
604899926,4148
605221864,944
605662936,307
605673387,29371
605998734,342
606329910,2713
606520610,3155
606669199,913
606790323,3654
606803328,6179
606949210,274
606991065,260
607013954,14900
607121301,2508
607202370,4997
607289185,28459
607301922,470
607355225,1186
607375979,354
607503931,118
607667587,514
607840368,808
607845880,2391
607858988,9497
608130371,323
608136755,164
608246343,639
608422802,346
608490374,7942
608896930,10360
609002853,3812
609054077,4275
609090479,3900
609099433,665
609255505,471
609333954,8393
609416865,24964
609427511,3211
609445326,6398
609721722,17160
609727033,773
609790481,958
610038902,3482
610043832,3720
610071879,821
610197072,5305
610217037,7518
610260322,41452
610265797,2351
610487003,1554
610713721,341
611161753,2248
611284377,4419
611291701,1345
611368361,807
611618121,21227
611723171,916
611817888,390
611913815,3275
612275000,1942
612350395,6189
612494680,122
612555408,1941
612562157,833
612603924,354
612750561,4323
613075789,12898
613456719,610
613731840,12206
613984283,12387
614050971,1271
614258120,10751
614325365,18933
614470292,2586
614719201,10171
614764248,33829
614765452,186647
614780968,2119
614826827,2116
614854112,866
614950419,1163
614965975,3997
615133427,546
615208684,1629
615313264,375
615403340,15632
615439742,3339
615510678,17595
615532857,3057
615536358,452
615557134,1441
615684995,574
615695876,4787
615702252,1394
615709657,511
615891862,1196
615910198,533
616027609,1398
616034965,431
616179530,1323
616187681,2590
616263789,319
616372661,71196
616466279,909
616830183,3044
616983144,254
616989909,389
617044480,1087
617048769,2671
617152691,8083
617179274,16412
617206966,911
617325145,3231
617363723,446
617418536,1220
617431627,355
617443880,442
617444598,503
617462489,413
617529988,2211
617577744,472
617708951,2327
617798408,21201
617864263,671
618116667,1890
618229896,950
618291036,1386
618299849,1334
618345160,2792
618503555,1339
618509061,379
618511002,10805
618644310,1605
619047425,358
619059435,2585
619143361,3068
619234173,3025
619312022,4258
619814004,2966
619825247,8484
619959033,77406
620059973,776
620076077,1723
620165658,492
620174542,7334
620225616,477
620275636,3340
620333997,817
620362812,2752
620428566,1047
620458878,14894
620552483,2173
620557779,575
620843043,1233
620943152,916
621226745,449
621562296,811
621575252,7580
621808642,29599
622134485,305
622147274,1703
622163915,450
622202906,3433
622352364,12367
622462950,385
622510230,6480
622569125,3199
622599959,2668
622633514,393
622709062,170
622788147,2886
623119055,1722
623276552,1024
623337398,700
623414622,1564
623453211,446
623499246,1158
623604666,852
623618719,1174
623656022,690
623679404,1053
623737874,330
624156003,679
624214839,2770
624236959,4332
624268705,2253
624294388,331
624421862,927
624432016,2263
624870895,9100
624889833,1171
624906825,133
625187946,16470
625308923,2347
625486047,8159
625502953,301
625659174,813
625673154,1131
625793423,3412
625802141,3313
625802507,1239
625961301,3500
626117554,1101
626161045,553
626166292,526
626239608,778
626509716,4892
626597211,350
626723712,1698
626885698,1000
626937684,1611
627132009,1250
627274798,1110
627480054,19738
627534556,477
627561173,18565
627637290,438
627644217,801
627646824,574
627727693,12366
627744002,2900
627915388,659
627962120,938
628087446,1452
628154495,1800
628172054,1586
628230315,2182
628250345,2999
628296906,12214
628479063,398
628749964,147
628853983,834
628959446,5749
629049442,3246
629102662,24986
629142696,5168
629177820,3210
629292062,2465
629411216,192
629494390,6963
629520282,1257
629538245,1205
629651008,1989
629789089,4109
629922458,3345
630208579,911
630292680,3792
630487790,1141
630488256,587
630646591,2043
630755965,4906
630987119,358
631003534,179
631079307,328
631081758,9046
631084700,326
631136535,884
631147793,1224
631169911,4664
631254164,36420
631258918,23747
631285104,5532
631454728,10199
631484230,2586
631493578,285
631522874,4156
631567741,40463
631651537,335
631673804,590
631693079,321
631705933,1612
631755045,425
631822812,6247
631829946,955
631986005,367
631999917,139
632043405,410
632265457,275
632269609,794
632303131,1741
632387128,1269
632394512,393
632538509,1364
632871496,1512
632871628,4484
632902959,3255
633037655,470
633091774,1974
633141345,994
633262635,31629
633738492,1037
633933122,24547
634043200,26818
634081686,23066
634082741,262
634151665,2119
634443338,659
634505738,172
634511992,635
634590129,413
634938527,950
635059080,1821
635129194,3299
635240594,57447
635258975,6371
635392069,492
635785526,308
635992742,845
636344889,4230
636372163,13617
636473464,525
636529302,511
636535720,6458
636693030,17594
636787031,12849
636922549,5109
636986058,4683
637096157,12431
637126931,3141
637237273,3500
637313883,1100
637692988,775
637924634,15341
638018738,827
638054601,4914
638158791,875
638240319,622
638609341,3781
638629097,48276
638722390,1297
638869686,565
638900030,2371
638951438,21420
638977082,321
639001213,4049
639079153,1614
639095114,3537
639096757,6713
639225857,2052
639286908,765
639548771,1473
639673870,2305
639687152,1670
639772835,4944
639835356,29006
639997734,3531
640182997,17657
640476297,384
640495759,413
640683234,1885
640747712,656
640784478,416
640819432,5828
641205268,14899
641213599,1536
641364608,355
641490799,944
641729782,1546
641932376,466
642099326,6048
642323624,35767
642332004,1153
642368010,1506
642416556,642
642578676,512
642608852,12996
642640119,389
642642539,17978
642696395,548
642826885,490
642880013,290
642906925,2225
642917329,20832
643035818,465
643050363,1812
643193835,1091
643298670,295
643405499,4592
643435168,2149
643705885,1550
643722626,374
643749430,3359
643838075,2887
643885884,2625
643916827,22737
643952838,604
643959798,864
643978507,233
644075561,821
644235905,24899
644259800,2458
644335995,1003
644343479,1095
644351982,1081
644461337,26235
644497089,2963
644686905,35510
644799767,960
644827453,554
644862510,3146
644945770,566
645171789,126
645270986,2012
645376002,343
645397533,5487
645423151,194
645471238,7144
645841220,434
646129383,599
646220234,341
646464288,763
646489141,730
646532460,936
646537482,2899
647071735,269
647090216,346
647100790,308
647651782,2335
647752905,758
647951887,991
648133004,958
648145432,774
648450331,583
648461026,883
648474263,2005
648505057,5724
648629873,13149
648704297,287
648800562,738
648854280,1067
648967412,2594
649025519,686
649035177,813
649047066,725
649224670,6376
649402606,633
649494372,774
649647885,6495
650246838,870
650365761,411
650657605,457
650838385,353
650839020,2613
650918061,2978
651145357,704
651479977,1052
651487266,9308
651673736,484
651715861,232
651739863,1222
651856155,235
651961311,1296
652065806,562
652419549,107
652420569,2223
652484969,767
652523482,827
652604373,1850
652712035,31395
652780999,389
652941996,8645
653196037,526
653386433,6328
653589102,13737
653595084,5650
653893086,823
654037367,460
654115596,648
654122609,8011
654124617,7309
654824689,358
654834995,669
655021836,907
655099582,81732
655155250,2413
655253031,313
655459367,29474
655806940,117904
655948482,8678
655949187,2825
656030508,1954
656099147,63414
656181752,1295
656242004,1302
656376920,1534
656385153,3645
656648289,323
657057869,1130
657103388,291
657153187,512
657442586,612
657895120,15529
657992824,535
658169646,262
658277588,4714
658356545,474
658453192,3050
658523581,707
658928958,178742
658954791,1623
659030774,717
659158359,1183
659163102,286
659211539,435
659402878,9310
659412092,7823
659786592,427
660299583,1239
660360373,392
660428571,757
660452634,1063
660489378,11221
660551251,69862
660860817,640
660891114,386
661149290,676
661178361,1610
661481146,329
661792195,438
661847690,317
661917017,393
662443651,1291
662567193,277
662717361,1491
662766482,12568
662871293,324
662878020,7264
663095187,1457
663157481,262
663247362,2477
663396489,2351
663801546,1259
663830644,172
663918038,1648
664102018,1015
664177247,1369
664262546,364
664420782,599
664427248,3846
664529368,1084
664752008,2928
664767555,858
664913876,5180
665164787,1406
665299585,1595
665360778,604
665471631,874
665653661,1193
665986900,561
666140407,743
666163354,2174
666197652,2087
666260877,3144
666461223,606
666826154,1250
667024117,907
667148214,757
667259013,358
667297720,18555
667532295,9278
667751028,323
667828615,2982
668052031,7124
668122773,14743
668132464,2832
668195240,59025
668481985,1362
668513898,1938
668812621,1708
668990200,620
669331976,6179
669402660,553
669420857,4226
669671669,814
669704171,742
669839756,514
670089677,389
670177036,294
670526867,933
670696350,704
671044141,121
671076272,2956
671115276,169
671367604,1956
671542615,654
671737761,694
671759870,3674
671872978,626
672224983,8790
672405848,327
672415139,9922
672418156,218
672490782,359
672673877,997
672678720,2376
672730040,1303
672790711,459
672839549,429
672847735,1708
673277480,2310
673277958,6897
673534316,3781
673596675,12055
673704029,1209
674075444,21598
674149041,210
674448056,288
674782109,697
674804053,223
674827652,371
674841239,348
674921134,138
675151062,2309
675166027,426
675501126,332
675790276,304
675892095,1056
675911200,1352
676012640,384
676028871,4855
676057693,1234
676089005,1340
676793232,2433
676855783,586
677284959,1505
677655818,336
677815836,262
678182421,3362
678526156,22356
678589928,230
678765416,482
679091311,1856
679237742,33697
679402823,1173
679506386,44029
679564879,1046
679673096,402
679869950,29610
680043217,800
680120071,60460
680173591,2831
680797687,2277
680860351,945
680918523,1153
681002458,7291
681075491,6724
681240572,387
681455046,907
681482900,1323
681516317,4531
681566005,17955
681603891,654
681809062,1060
681989160,273
682080300,12745
682556990,221
683009618,5659
683039317,845
683066449,800
683509343,272
683573931,5454
683650472,1723
684049556,669
684718744,913
684881338,6934
684881857,3637
684883012,1759
685444668,4084
685523400,341
685709378,596
685779821,286
685897222,177
686076152,1086
686161611,10478
686476221,1213
686709515,284
687036710,762
687065217,315
687127955,319
687211074,339
687246031,292
687372462,451
687449432,1046
687727674,1345
688164459,27940
688186076,2825
689172454,1312
689214770,2877
689299900,3493
689406476,902
689541424,2767
689765175,856
690349659,445
690609896,8172
690860892,897
691194929,462
691303110,4346
691347156,22524
691978242,691
692175642,1123
692676232,282
693038546,867
693072929,822
693638247,667
694239644,225
694279648,406
694510132,1318
694670164,2688
695229234,967
695699688,1077
696086319,132
696243788,2255
696503950,950
696601819,446
697007681,2075
697356168,166
697550206,1291
697933414,743
698210830,607
698288684,14853
698470143,288
698654711,358
698678789,470
698998233,988
699159727,868
699343375,1213
699396462,735
699581828,222
699727627,410
700724064,2375
700762093,308
701109860,326
701256444,283
701312880,731
701419101,1889
701494311,9020
701547123,148981
701604805,1112
701627142,1120
701867516,516
701872893,362
702050953,1253
702370097,817
702674692,729
702880644,2420
703132587,668
703276306,150
703411624,24279
703433265,1166
703596504,540
704036520,1048
704054996,830
704106022,550
704543233,5007
704959035,4374
705126352,835
705247308,644
705358800,1397
705433049,3084
705695450,3368
705901752,2095
705950346,2635
706023626,1302
706400384,357
706636808,244
706794274,1944
706800296,858
707018563,382
707020503,479
707237272,4149
707248455,819
707356799,1610
707441527,13033
707501489,1082
707504998,899
707552952,838
707818217,3824
707871811,537
707913607,1243
708532926,322
708552127,577
708693209,3019
709504524,270
709603902,12379
709620206,394
710127591,304
710443541,1343
710475189,506
710539769,596
710601088,57190
710781843,467
711291697,137
711319439,917
711391701,1381
711550638,13796
711650878,2041
711864970,525
711904523,171
711904962,3816
712179847,382
712629129,3302
712897010,10727
713152194,828
713419018,517
713609629,318
713967573,7822
714008096,488
714035943,355
714143245,10283
714226745,1521
714374011,1911
714387282,728
714395490,404
714808642,286
714853510,770
714865034,504
714893421,791
714940169,3156
715248012,170
715348647,544
715427466,13576
715523093,2038
715592775,770
715806751,978
715884951,14917
716273663,776
716439063,309
716476891,1971
716579519,517
716583109,3401
716786755,428
716799237,1761
716937075,2094
717009085,330
717026159,1194
717138746,2112
717197250,45328
717216771,491
717287228,6578
717917803,1516
717956516,1202
718107269,941
718323423,945
718379614,22398
718407978,1149
718748920,3542
718853934,394
718875034,220
719367888,31732
719455172,6550
719761455,397
719790983,405
720449800,588
720659604,285
720915219,1197
720959702,308
721250099,2367
721643027,1628
721995615,10136
722184017,11693
722523710,251
722811903,1360
722844356,13290
722954739,1260
723015178,2693
723094714,3203
723226486,2344
723307046,1828
723485772,1175
723665493,675
723728776,423
723758860,1452
723933053,1317
724028394,651
724066757,1811
724118604,1736
724415659,159
724478159,1493
724564445,1028
725157537,862
725334471,242
725463194,364
725476324,806
725658398,409
726013572,970
726390185,915
726478743,408
726518175,869
726570398,3002
726692169,2003
727268148,1001
727460041,775
727470807,3036
727502310,584
727519007,314
727699569,1101
728395410,1873
728528910,3248
728758093,468
728820625,2500
729271800,562
729453988,10414
729716514,623
730276071,507
730334347,552
730389199,348
730414546,782
730439488,272
730534580,88643
730728120,3929
730753909,4315
731037923,493
731293077,5989
731397562,1815
731449710,455
731462543,4874
731842419,9717
732366705,599
732401352,721
732543215,398
732849776,1279
732909726,991
733057080,1354
733454789,295
733497470,370
733578284,790
733661878,3634
733802106,5567
733899994,6843
734171107,975
734312577,5642
734626369,1212
734710598,791
735087691,703
735283134,1046
735425203,5172
735469449,1796
735982439,951
736191625,1307
736198723,1777
736272311,14192
736349347,560
736419116,519
736491949,2499
736530793,1058
737050647,655
737607643,363
738046322,2210
738095453,546
738519395,342
738733003,43459
738771232,474
738776129,1568
739486956,1302
739667828,5335
740043450,543
740111119,478
740293013,7110
740316987,9496
740338525,5398
740789348,2057
741100585,3209
741165735,150
741543947,585
741791071,1210
741989385,5171
742015163,1219
742146179,459
742244656,28987
742326880,1040
742902859,656
742949598,392
743007730,583
743107776,773
743533748,2177
743720963,814
743746918,642
743770309,7571
743780291,4184
743789945,162
743825398,5638
744164276,4336
744855992,384
745311984,1412
745546184,8704
745732093,2682
745749489,3943
746122997,136
746295630,754
746380110,503
746430561,1842
746667927,1444
746708555,343
746783381,457
746833579,812
747578582,1802
747648993,1232
748030359,989
748528018,6326
748674684,9089
748833709,487
749135518,288
750069596,2514
750262306,781
750274600,396
750371625,4257
750409062,800
750678695,18136
750896555,1338
751008707,13837
751413469,1323
751474418,1592
751863240,2042
751927947,312
752576871,1277
752672224,455
752798324,235
752815135,1254
752840454,1415
752856939,268
752906381,612
752946440,2970
753490180,71986
753525670,300
753664908,860
753742444,828
753750990,28775
753757613,398
753886289,4392
754066467,1599
754173470,1575
755161958,961
755500149,432
755804236,3404
755874962,458
755952077,637
755979015,762
756142546,7967
756475416,2622
756910902,214
757246914,287
757390591,427
757771051,952
757875395,1078
757885472,756
757899614,589
758197374,18254
758253566,697
758619546,179
759825266,3616
760107045,826
760329856,483
760947966,1004
761068700,1063
761150311,7144
761397238,1646
761580012,788
762204955,1789
762224673,5718
762300924,2474
762303728,15178
762355055,2412
763068976,828
763718151,377
763733771,1036
763774926,7605
763784232,435
763795053,6386
763825934,1740
763842651,7795
763923484,3769
763946969,393
763992110,638
764049913,1257
764161180,801
764328003,142
764418725,6965
764684731,642
764867656,727
765001096,118
765212809,362
765636168,447
766789360,2069
767257109,326
767492699,1363
767522148,831
767612356,194
767985271,7742
768036550,5018
768315119,341
768612800,4366
769026721,296
769134044,1057
769264114,655
769564277,7599
769818490,398
769852109,1743
769873873,602
769954254,694
770001062,3034
770153867,104980
770633006,2378
770650946,221
770946179,761
771302083,84256
771670025,17657
771808616,3541
771812200,166
771847852,1040
772047488,805
772179341,1054
772231767,347
772626462,1911
772632148,5112
772900420,516
773015046,678
773093836,1128
773321993,423
773345074,885
773544702,22506
773950709,2474
774011471,1923
774180708,385
775149161,738
775300536,352
775790548,1526
776632801,885
776854298,31032
776908852,23957
777111718,25698
777273508,1179
777392297,590
777597786,2205
777812139,3331
777941000,829
778281287,685
778431525,35529
778560533,287
778768633,490
778819999,2250
779285435,2143
779309317,1503
779312276,875
779499743,362
779843396,1229
779928034,1748
780047246,409
780161909,383
780323643,274
780522250,8728
780584116,228
780685045,2466
780737106,20067
781254183,326
781261349,14250
781367266,889
781412750,480
781420440,1619
781548686,684
781634560,1349
781762105,280
781844208,623
781914762,6596
782308046,3755
782539945,9046
782544882,1572
782597014,1486
782938634,270
782946208,5012
783303222,1339
783512367,38817
783558843,827
783743154,280
783744120,516
783839655,540
784021364,447
784181462,36200
784183059,5286
784528890,1763
784546140,11872
784586462,1193
784700179,241
784769209,556
784797264,734
784800776,985
784852356,144
784906798,2638
785004114,1464
785300720,990
785617449,375
785719030,234
785751279,1341
786008946,1075
786281570,946
786509147,935
786642156,4540
788470926,431
788751269,382
788768107,8845
789379581,292
789457378,306
789480255,6911
789601531,774
790018635,275
790136258,115
790316547,1248
790704526,2328
791124680,8422
791678512,848
791687835,116
791733442,816
791911417,562
792039881,3540
792072603,2666
792550179,252
792608353,665
792840938,588
793152808,790
793375104,132922
793379298,5223
793416920,297
793454852,4443
793526430,519
793795224,6339
795106410,725
795256319,245
795577184,382
795601045,1446
795784338,576
795905076,582
797193117,554
797371964,9378
797507464,112
797526075,105
797531982,446
797821110,1690
798163156,832
798470196,629
798503976,206
798892173,825
799032556,1620
799067071,698
799084863,332
799574583,814
800050396,1710
801447013,292
801547807,1033
801763739,8393
801764728,269
802174871,428
802342616,487
802434683,5612
802821703,9903
803024793,2090
803449223,153
803643412,1563
803733455,4673
804026091,958
804027896,1105
804458911,564
804533296,340
804542745,521
804768546,1797
804867341,4324
805155266,50611
805900550,547
806007891,4141
806192576,7940
806216118,1449
806294968,271
806444030,829
806770482,1248
806804556,2590
806854629,33000
806921131,525
807305060,11179
807477229,167
807512074,7413
807526338,121
807727161,2068
808019331,1343
808072504,721
808091003,764
808123482,1835
808180334,878
808279683,124
808982778,254
809060646,1344
809380023,789
809671338,1965
809673506,6184
809764991,347
809877633,788
810121174,3868
810363572,207
810375738,662
810861466,8286
810940471,637
810975601,187
811330067,329
811374381,1093
811638645,2148
811675345,12806
811918547,710
812111293,295
812535124,198
812975380,18891
813220336,2222
813368909,3701
813390194,320
814018882,872
814403270,1969
814502811,1511
815071490,144
815554514,290
815634288,11159
815654365,334
815778607,329
815946742,2298
816158613,1231
816163847,2013
817354652,11054
817558041,317
817595660,1340
817999901,138
818118661,4462
818331198,19345
818371268,485
819274200,1541
819291550,2643
819613072,1471
819746780,660
820105241,1112
820144741,2807
820723371,1105
820789280,3403
820898375,1585
821257066,1821
821372392,28256
821845183,271
822329559,2095
822439302,364
822604462,42007
823175328,1821
823198721,273
823533826,807
823596198,2046
823731928,621
823919159,560
824091324,1256
824541776,6485
825079672,957
825151681,295
825279449,2110
826111692,3973
826168160,64875
826170402,19072
826643276,1471
826847986,578
827005317,6367
827224160,297
828487049,403
828505099,4666
828725594,560
828733319,604
829521860,425
829762850,1153
829991333,265
830468922,2179
830613483,672
830859294,2261
831914256,5869
832180352,1255
832452447,14590
832482665,1790
833512367,3967
833803262,222
834050728,1084
834231760,590
834369920,54760
834418003,477
834688418,6912
834978333,385
835317697,886
835704674,2501
835975784,15932
836079752,1044
836554261,353
836899473,369
837411728,515
838093526,4423
838126055,400
838163451,143
838216432,7157
838412119,1011
838528318,1609
838542536,11290
838659679,12642
838970603,6568
839037098,27237
839428333,12566
839638772,819
839750798,1082
840056306,29989
840162905,1971
840665645,958
840672252,2283
841242731,1799
841263635,368
841370602,5577
841397199,2083
841472636,10737
841537832,223
842172831,1579
842982339,415
843003613,854
843119525,1184
843570824,8300
843734873,424
843946121,3216
845116230,863
845839905,1235
846166884,527
846504063,247
846579774,3380
846650421,1390
846698999,52889
847717439,16150
847942139,706
848182195,435
848430472,558
848716186,170
849121458,3320
849473290,554
850195226,1830
850267588,28949
850515061,6424
850683423,5238
851036791,1668
851138183,1238
851256132,677
851311691,796
851405219,2844
851492630,1776
851508130,327
851957432,1098
851973702,2266
852211693,719
853516073,490
853853180,394
853922938,769
854337508,10620
855162700,3145
855588588,8468
856013564,333
856917013,318
857301513,521
857378779,295
857596299,6900
858952634,257
859231373,888
859332112,693
859510816,2367
859537060,5663
859956307,4877
860141324,562
860826290,108
861432372,325
861556786,2260
861746639,2632
861758511,1831
861937484,1983
862342240,479
862421352,1578
862449441,16517
862570523,8973
862578138,13187
862584018,24029
862802466,1359
863050120,4623
863276973,2480
863454901,1065
863884238,508
863930645,1465
864107095,665
864683346,399
864768613,306
864976834,559
865062553,1273
865578152,3612
865656561,6496
865674064,754
865687718,186
866356299,595
866513204,38917
866517667,1983
866534224,124
866629172,681
867149056,131
867337374,10677
867365585,266
867433720,5388
868173144,20103
868456222,552
868466289,3208
868528979,186
868765642,1696
869057963,252
869529046,360
869964172,310
870039374,2143
870189331,12161
870402765,444
870957129,871
871211266,2809
871368615,8776
871483501,512
871725446,478
871835352,110
872005985,7491
872021590,2412
872550457,1514
872632465,979
872748942,605
873102254,576
873330843,810
873387226,298
873548300,1688
873919267,361
874559208,17750
875190427,220
875857865,387
875989196,539
876000634,2593
876064934,37010
876079530,798
876363500,256
876463366,311
876545970,1805
877230294,10878
877487641,155
877649153,3946
877757116,881
878272507,1057
878401217,552
878605324,528
878634542,674
879091764,621
879473096,1719
879657839,540
879677288,431
879753997,243
879874959,2743
879985123,497
881014682,207
881100462,950
881171866,15651
881201918,1891
881448795,2206
881458615,109478
881804112,8201
881991789,583
882026761,7497
882106204,420
882354535,1965
882486617,1048
882880878,396
883037083,1435
884123664,3932
884452470,1172
884907449,350
885743839,1964
886299924,1544
886448921,1608
886682265,299
886929922,158
886966165,3706
887684103,5030
888092115,174154
888350460,1814
888450044,876
888615536,2074
888977326,853
889371307,4148
889684712,1520
889730722,862
889798967,1705
889850064,912
890043011,4439
890358626,321
891123403,392
891705470,10857
891872929,649
891941403,722
892076269,1039
892173192,4077
892415825,252
892729604,1013
893031915,5740
893198731,210
893612026,665
893720264,300
894138030,178
894215592,280
894382523,173
894727712,123
894876686,2564
894945634,1366
894988451,1792
895079444,678
895124092,292
895224323,806
895253710,7739
895291604,4877
895453957,12430
895508656,72377
895801050,5748
895930732,1587
895942941,15315
896146306,3061
896252863,341
896296825,27245
896335270,92460
896417211,920
896594784,930
896905855,242
896927006,5891
897068154,819
897268988,8385
897308110,1502
897375907,617
897595329,3673
897809208,5748
897865415,1561
898003154,646
898004429,1030
898106797,347
898128804,1360
898304583,12729
898345892,9336
898654014,283
898806615,150
899184149,3411
899268921,151
899309258,2102
899407931,7253
899491463,908
899663167,1299
899983311,891
900152988,1993
900207021,2219
900260982,292
900493069,928
900564894,622
900577388,6507
900708662,185
900908903,2558
901328207,186
901554449,1740
901585471,2221
901596497,212
901680517,1534
901720337,247
901797250,5999
901925992,572
901950528,5379
902201960,5832
902419239,642
902495626,455
903410228,1105
903548628,2255
903606632,234
903643338,313
903700733,15889
903960898,1522
903999320,1808
904010974,903
904031977,476
904060563,591
904190702,232
904249963,696
904277704,661
904534974,7275
904639064,1673
905016458,8507
905450127,2911
905471442,953
905850659,168
906122697,1178
906245192,420
906251482,36584
906326388,1534
906380555,358
906848878,3166
906909760,319
907148362,303
907706400,1233
908054915,131
908705399,196
908734690,2709
908799323,3249
909177153,224
909213664,98566
909215044,467
909466352,880
909717778,1172
910125376,3014
910133553,209
910265773,1579
910277051,297
910336786,1478
910422636,8329
910426589,630
910918245,319
910986056,16281
911150848,257
911185631,467
911256711,3920
911303109,18594
911680526,1241
911831076,4926
912452889,340
912499477,2612
912645774,3105
912731730,1084
912869501,1656
913547673,259
913574546,1448
913593764,1241
913907685,1975
914316754,19834
914406146,1534
914475684,199
914625205,1715
915015718,460
915233417,6547
915291641,2007
915358848,2471
915425472,871
915470479,423
915520679,9141
915822493,348
915838812,386
916009087,17289
916292078,272
916386111,3260
916693314,166
916695726,3462
917001485,414
917444482,338
917782991,1638
917868934,31045
917903047,2519
917985457,685
918092521,261
918778709,3889
918932603,38611
918998436,159
919458554,1205
919609219,3658
919835586,14505
920159501,3522
920179950,349
920576726,2609
920835737,409
920995232,6384
921048775,1484
921374864,1316
921418273,661
921448845,1826
921652649,584
922050275,3258
922596686,5363
922709376,695
922830617,165
923103714,449
924394244,5445
924706399,3514
924738875,4379
925147332,4036
925298844,6534
925457982,857
925508103,946
925634755,2935
926222936,199
926252103,10767
926285456,752
926297959,1336
926334425,3288
926861272,19562
927890076,7159
928054659,272
928147986,125
928176450,520
928246219,317
928318862,9735
928416110,1212
928766981,484
928857407,2689
928976443,485
929050264,911
929121414,23219
929152510,396
929153651,416
929158279,3629
929338255,4074
929591639,190
929918364,266
930007673,324
930132430,2205
930217913,7293
930733499,501
930886482,707
931205747,244
931352845,33154
931365873,4112
931442415,2530
931552739,1094
931705070,2234
931884122,576
931892749,15669
932076703,2514
932348189,329
932644823,5463
932741577,791
932756293,782
932892820,180
932931149,258
933044155,2575
933144612,830
933201974,173
933350408,3445
933392619,1482
933588046,477
933700399,917
933701586,13378
933894892,1499
934119223,252
934139122,505
934147482,1619
934358660,374
934527631,2509
934753959,3811
934853350,246
934999287,3064
935223529,991
935450522,5682
935534753,1554
935604638,26878
935753640,426
935895786,273
936036852,516
936075340,304
936151330,896
936369652,1309
936371491,498
936395722,1684
936588488,825
936639285,699
936974548,4681
936986786,5117
936993021,1389
937033828,298
937056810,2116
937106681,427
937347387,253
937527501,1569
937952934,5673
938111182,312
938268326,303
938322627,2912
938379776,2090
938582880,479
938652536,191
938859604,5742
939035618,132
939207877,4906
939242211,215
939371152,590
939648665,5232
939657163,463
939712575,311
939870671,530
939937385,428
940099147,1337
940989522,379
941145803,3557
941160149,3727
941562247,2054
941652610,186
941866087,330
941931006,139
941971657,403
942114501,20079
942206898,7782
942624437,1838
942756187,14791
942771284,32296
942837343,28003
943214141,184
943266643,553
943686184,1539
943950290,7908
944414751,25932
944922104,337
944976593,11983
944988714,601
945034056,1302
945121885,342
945309383,205
945411078,10767
945551361,6248
945592798,279
945605057,8329
945763259,2059
946010740,6612
946025961,453
946087422,26898
946153980,3886
946174307,4480
946178371,10593
946228075,463
946270469,151
946278572,3989
946334325,240
946380199,28707
946676136,1270
946702247,6969
946763772,218
946767878,6657
946845941,3214
947349598,2019
947516890,596
948072295,5123
948148972,1867
948264786,2574
948430889,1862
948567826,324
948663423,8749
948725367,588
948839453,6992
948860546,1400
949542298,539
949564493,316
949646929,8528
950019212,388
950061990,1656
950361043,1027
950412509,320
950839330,787
950891299,4383
950937118,165
951125019,786
951163887,681
951254050,210
951416232,511
951429064,2911
951543275,3713
951636984,463
951746200,2942
952238700,9609
952294753,2825
952688112,36194
952939763,2130
952977008,503
952999410,752
953089294,4684
953142807,1185
953215797,370
953274130,1695
953321814,2845
953478769,2223
953521037,34961
953587943,952
953683578,28121
953944252,2998
953945624,2679
954045557,503
954295376,352
954321799,646
954528300,1193
954762768,409
954873280,25372
954963562,11390
955112969,183
955577327,719
955620917,60861
956283541,6974
956421280,497
956585124,1354
956657893,5934
956679248,1309
956842312,8332
956908445,4680
957053334,6159
957410714,178
957412694,4342
957479413,1908
957658915,25342
957756643,3412
957812975,1455
957825149,2300
957859485,9743
957960956,185
958189434,2074
958531089,35213
958603506,247
958733763,350
958830671,10164
958852531,595
958956842,1626
959346743,524
959473422,12621
959543974,7565
960225366,813
960292911,247
960665821,17004
960724144,777
961238844,418
961883456,576
962024783,2913
962106649,2592
962125208,2670
962134278,3377
962294285,289
962587799,747
963665823,4296
964314175,1620
964477695,5931
964818213,1178
964996396,3979
965030779,2149
965174143,1525
965232391,552
965313467,9069
965632655,8117
965872694,615
965974441,5791
965998145,3335
966022561,584
966372868,622
966653795,2205
966916741,654
967062640,3237
967155121,557
967543976,201
967670863,651
967738751,9239
968197216,106534
968317835,2062
969005843,235
969010919,19369
969235474,558
969263461,769
969373000,1544
969725165,328
969892666,6612
969920935,1038
970023948,3764
970107711,827
970267776,692
970578570,2615
970691159,396
970875123,937
971300888,4994
971399370,963
971922154,161
971992642,4630
972553373,4318
972862480,629
972930250,848
972957983,1260
973051124,2548
973180254,6779
973223133,4786
973292935,2485
973621150,3530
974157595,5823
974445592,12841
974865573,2102
975012144,382
975045036,2119
975318071,17657
976255395,454
976286833,2165
977737334,325
978236277,8660
978331188,10065
978384239,542
979235459,1228
979345481,1529
979392131,15337
980086077,2442
980428225,2081
980526715,1022
980584668,1971
980669489,207
980793684,229
981177285,9631
981223380,666
982172059,250
982517950,6761
982711664,606
982835425,981
983113668,5091
983757718,1847
983763510,4987
983846239,872
984011683,2877
984119889,1210
984133376,10121
984189260,867
984376616,397
984413599,2957
984625191,3907
985839104,13223
986553289,493
986861312,2867
987252260,1193
987312029,796
987541636,1663
987670088,27433
987682107,3004
987975584,10565
988337333,18306
988488798,4999
988535212,280
988545824,843
988856738,447
988892963,1070
989406293,235
989917360,1202
990310636,659
990811530,237
990919575,289
990985890,581
991030974,905
991037838,345
991047680,1559
991092853,1950
991528882,1733
991626874,818
992021228,255
992114392,851
992325192,561
992778031,514
992907328,321
993236973,1556
993376725,1592
993392548,496
993521808,3629
993635199,372
993864981,891
994061888,298
994252890,6546
995129837,853
995371708,334
995796077,797
995920026,1410
996124831,1778
996329491,6478
996546959,1125
996626040,10391
997085842,3109
997120524,845
997220114,273
997390194,5138
997410148,523
997438135,517
997490512,6282
997890921,22709
998409746,542
998445877,1330
998658053,1839
998704750,329
998903307,1781
999030842,15028
999743169,577
1000362065,37917
1000784797,819
1000933836,686
1001200358,1325
1001452682,12024
1001531356,575
1001889935,3170
1002055021,906
1002069540,2613
1002125012,27825
1002608585,342
1003353701,531
1003434490,1385
1003614809,3023
1003799351,504
1003987503,588
1004147641,17489
1004491404,598
1004631442,8634
1004647857,5508
1004789600,608
1004995740,22382
1005233473,4939
1005959915,290
1006104934,5315
1006340566,411
1006993051,884
1007665741,891
1007681088,5460
1007724038,645
1007845219,856
1008177062,4434
1008373485,13317
1008713177,27094
1008775535,648
1008961851,893
1009038213,380
1009729416,455
1009904154,390
1010094371,2059
1010285990,498
1010311478,245
1010318950,6542
1010478967,2277
1010681419,74430
1010767195,2522
1011137032,1441
1011263959,299
1011716417,638
1012087571,47521
1012470975,152
1012676456,3277
1013335166,327
1013404946,3287
1013480284,30267
1015215237,197
1015232837,385
1015241891,1904
1015280784,2301
1015753941,2587
1015815983,6370
1015852565,791
1015965886,548
1016271077,813
1016323751,38409
1016423859,12613
1016903129,870
1017049444,2832
1017500658,162
1017966556,434
1018098280,2055
1018547681,3775
1018830110,1582
1019203263,156
1019360350,3407
1019432584,12513
1019609805,2158
1020779503,1725
1020834440,3670
1020843346,614
1020997213,142
1021219064,3620
1021295105,509
1021369428,203
1021621499,3376
1021895365,23388
1021907170,1631
1022508659,747
1022925092,993
1022984892,4412
1023243010,1135
1024095504,302
1024554267,231687
1025121037,4764
1025300166,5810
1025363199,170
1025906681,3299
1025924157,2779
1026361581,195
1026589873,340
1027015746,871
1027092197,226
1027207153,823
1027384981,27836
1027472552,1381
1027657650,454
1027735852,1666
1028070615,14312
1028159967,12730
1028492186,15020
1029036679,24390
1029049168,2359
1029161494,495
1029237831,366
1029289585,1979
1029765858,1798
1031066646,236
1031215137,15295
1031572511,332
1031666266,167
1031702103,619
1031738741,3152
1031743438,105
1031953656,1482
1032382011,803
1032429296,3095
1032459340,65129
1032498247,874
1033268244,5725
1033504128,107
1033533442,1907
1033618518,250
1033873680,8358
1034122619,1825
1034425196,12437
1034455311,203
1034736943,3992
1035165731,1957
1035903914,604
1035925398,255
1036205124,8087
1036471813,229
1036704760,1523
1036865607,4940
1037029275,186
1037741738,4553
1037868089,697
1037882481,1640
1037962296,5056
1038251341,4734
1038267026,506
1038357256,281
1038413113,1077
1038434342,722
1038507702,1528
1038887977,187
1039282306,2769
1039587768,7631
1040280323,2748
1040397982,8341
1041176052,4045
1041444133,1741
1041920680,4600
1042367133,129631
1042526843,2407
1042774256,918
1043448231,1845
1044010907,4073
1044765979,3285
1045330979,1130
1045721921,9605
1046807713,3669
1046864201,2199
1047320420,3330
1047604775,2562
1047714514,1346
1048132347,402
1048158960,1242
1048282719,2237
1048320382,11001
1048418394,3262
1048564437,278
1048601047,4991
1048652045,178
1049183334,647
1049248085,192
1049886433,2348
1049887781,792
1049911276,364
1050245177,675
1050485604,404
1051229663,1691
1051432019,554
1052016638,901
1052050442,73304
1052094299,1144
1052259802,3099
1052387869,538
1052473204,1134
1052828228,4721
1052845083,18567
1053114486,627
1053118194,38174
1053297461,3754
1053496366,1735
1053544737,532
1053598893,5001
1054147333,214
1054677274,2738
1054793726,49283
1055778057,657
1056221118,1355
1056452116,794
1056618941,4398
1057381764,808
1057758059,799
1057848324,766
1057909657,590
1058148535,1198
1058223453,540
1058825816,1973
1058850200,3198
1059326899,2359
1059472549,3551
1061041576,27747
1061327311,10526
1061365581,526
1061953414,169827
1062171191,515
1062210926,1001
1062297179,5096
1062458369,28652
1063265931,4125
1064264196,999
1064636662,2731
1065047674,1570
1065059442,46878
1065066515,2005
1065865385,2512
1066243512,1977
1066509034,2997
1067194496,469
1067611583,147
1068755384,375
1069234314,430
1069446208,3289
1069465928,2755
1069943001,19558
1072539730,12056
1072816188,2441
1073224795,272937
1073579907,669
1074023461,2436
1074175180,385
1074561042,26380
1075241121,253
1075250658,1490
1075381375,13999
1076111130,1778
1076312498,946
1076538757,119
1076969585,2548
1077560986,463
1077591800,184
1077662591,2162
1077701245,882
1077819522,21449
1077839783,290
1077850011,14680
1077926723,1212
1077989117,2767
1078227922,660
1078434900,501
1078528927,6500
1078598180,2369
1079302078,621
1079469057,3038
1079547517,968
1079619168,6071
1079906817,3525
1079966361,3320
1080070047,11040
1080226559,350
1080442728,2870
1080536031,1746
1080688707,828
1080728121,1409
1080989149,1890
1081336463,2750
1081397957,25184
1081415439,256
1081623471,2091
1081770999,2321
1081783144,424
1082137380,4520
1082722503,3352
1082927074,3273
1082960574,3017
1083188349,5200
1083363028,2601
1083676347,105
1083790746,447
1083953029,534
1084058975,2218
1084400107,1569
1084853233,30417
1085062248,129
1085086903,12056
1085130367,1166
1085636225,376
1085876386,6143
1086124473,584
1086419061,20071
1086756757,1496
1086808440,201
1086887314,2965
1087021837,693
1087106485,369
1087304134,1729
1087772670,5352
1087915800,513
1087953935,680
1088165333,441
1088558237,11763
1088705108,8420
1088816938,748
1088947514,1185
1089324287,739
1089959414,4922
1090165309,391
1091441963,726
1091563845,2353
1092047360,41069
1092116209,6540
1092279475,5783
1092555455,167
1092747695,235
1093180734,871
1093458723,337
1093529841,10241
1093903598,642
1094040884,132
1094122545,1527
1094171135,1016
1095936393,1967
1095948794,3767
1095991387,509
1096175506,1149
1096608396,3568
1096955196,1370
1097695258,20209
1097835077,1527
1097885806,254
1098549899,589
1098665524,2376
1098866858,590
1099328966,12328
1100358796,772
1100363827,3593
1100776768,33600
1101059247,1139
1101183880,804
1101198567,2404
1101234405,2725
1101358021,855
1101573776,158
1101874129,9761
1102197464,3256
1102438776,1250
1102464845,195
1102475895,298
1103012935,386510
1103039640,553
1103066894,1321
1103502237,1089
1103772881,5459
1104232109,759
1104332987,71085
1104370536,7189
1105067009,626
1105657641,9700
1105906942,5917
1105911868,196
1106046293,2254
1106290890,779
1106398326,1058
1106440682,597
1106444494,353
1106612431,2517
1106615912,2052
1106663535,15473
1107721554,1163
1107847846,408
1107929306,1189
1108061543,377
1108188054,253
1108246201,262
1108658403,240
1108682714,6549
1108837393,67985
1109163478,956
1110248948,1662
1110443421,15447
1110629675,442
1110724055,442
1110731552,544
1110782890,14815
1110932933,3611
1111221079,902
1111537966,3818
1111937658,2256
1112015061,730
1112154391,361
1112189620,26025
1112733896,751
1112757335,499
1112843446,2310
1113140733,3082
1113326957,791
1113327297,1947
1113373470,672
1113403973,11012
1113476505,549
1113573066,47395
1113922795,2653
1114838453,4488
1115322337,1518
1115438773,3075
1115602775,2317
1115745775,627
1116604175,2936
1116658452,834
1117298172,754
1117388084,1483
1117497732,1876
1117639997,24357
1117827886,294
1117851921,733
1117894769,1852
1117896698,458
1117927632,2187
1117942206,3701
1118058753,563
1118085970,14063
1118204739,1025
1118273977,792
1118472080,636
1118483478,1123
1118556483,359
1118601518,37308
1118620356,925
1118981983,647
1119072163,238
1119305249,1082
1119492821,2459
1119523584,5333
1119580695,3908
1119883856,1597
1120106077,1423
1120507300,2068
1120540348,4977
1120583995,1114
1120886225,1853
1120991338,958
1120992116,544
1121405464,3919
1121898861,1310
1121999804,1790
1122242121,4777
1122681704,1989
1122873619,1491
1123331936,1046
1123338559,5777
1123956658,7845
1124031902,1586
1124219907,36017
1124236568,382
1124477911,1960
1124631986,980
1124754056,2317
1124759447,484
1124936542,775
1124990304,854
1125228311,346
1125258937,965
1125683897,452
1125856365,25328
1126064944,1403
1126473386,27434
1126557956,808
1126841840,4946
1127011907,421
1127191351,3034
1127234517,9074
1127276854,1496
1127402712,450
1127793756,5827
1127844060,555
1127855842,242
1128204614,17776
1128579105,376
1128708803,253
1128833454,1878
1129412343,680
1129437678,2764
1129568168,1616
1129583447,3324
1129597773,365
1129716674,2350
1129786550,18745
1129836481,338
1130004860,5772
1130040122,989
1130269053,265
1130325611,1350
1130445785,801
1130564872,82507
1130809465,38600
1130952330,542
1131085323,1816
1131194012,270
1131286249,288
1131381274,243
1131513930,63078
1131637627,1163
1131734767,708
1131980797,555
1132063646,1782
1132431999,10916
1132664039,2065
1132750706,15877
1133207146,25070
1133210524,4327
1133611462,167
1133660268,2038
1133872562,532
1133901637,5487
1134247238,411
1134445014,543
1134447175,6619
1134743153,763
1134819911,3974
1134882229,917
1135067489,288
1135148452,945
1135169266,2278
1135179558,8155
1135193663,574
1135212071,44554
1135260262,2955
1135473927,751
1135492298,15902
1135501937,2528
1135791677,13783
1135871706,623
1135891523,2909
1135975613,277
1136152017,1572
1136197489,192
1136590548,240572
1136616428,1662
1136666433,36028
1136752401,1610
1136782037,2632
1136945646,229
1137222083,784
1137445686,547
1137485434,2344
1137515077,5038
1137515714,417
1137711311,40827
1137729039,159
1137850293,1246
1138349022,995
1138376193,1461
1138835447,1826
1139111484,335
1139329853,425
1139643103,1058
1139782619,13637
1139883371,375
1139971460,76324
1140000232,1792
1140071348,2114
1140152286,399
1140226073,618
1140263746,1052
1140481996,752
1140494293,717
1140774520,796
1140788023,379
1141023706,548
1141384261,475
1141468878,174
1141592887,1287
1141701871,1071
1141704318,51988
1141706975,1413
1141720197,1535
1141782198,50598
1141853351,5752
1142132744,206
1142274728,8646
1142397834,612
1142406715,4466
1142413815,333
1142482827,468
1142833038,152
1142849282,248
1142857237,310
1143019584,812
1143237475,5098
1143261428,9939
1143295695,5412
1143403408,967
1143408173,1872
1143664622,505
1143753790,319
1143767804,27650
1143816215,621
1143938205,230
1143952193,5766
1144007363,956
1144211118,1096
1144284308,691
1144422934,628
1144694071,2661
1144727401,2439
1145075367,704
1145158024,1943
1145420469,2823
1145667945,2270
1145881485,637
1145914675,1232
1146004684,2249
1146153471,1968
1146425139,3946
1146462485,2781
1146471921,2065
1146550474,3685
1146738089,30524
1147019563,2077
1147094660,47080
1147103080,3794
1147294830,521
1147379948,4108
1147566999,3006
1147803825,823
1148290190,872
1148314264,485
1148617298,1678
1148960257,4017
1149110392,487
1149257427,5173
1149469661,558
1149484257,1134
1149919051,2070
1150071903,2520
1150205470,6499
1150626239,7596
1150696087,557
1150781804,398
1150800542,2331
1150865300,864
1150877418,3303
1150995498,601
1151113612,3912
1151205052,3100
1151221822,313
1151379841,857
1151411061,6396
1151667698,5480
1151867743,459
1151870687,356
1151948575,409
1152014594,14297
1152145571,1704
1152159038,3227
1152162423,195
1152600431,1453
1152720637,1240
1152766213,413
1152784189,574
1152844950,339
1152948526,918
1153027372,171
1153111797,263
1153372704,6980
1153483156,397
1153494379,1043
1153634897,297
1153688673,412
1153764295,1055
1153806672,1993
1153822578,511
1153886029,181
1153919891,774
1154009261,4993
1154123797,2296
1154407752,1685
1154879377,2989
1154974019,355
1155025406,3250
1155063795,321
1155091202,5711
1155099363,1734
1155123554,1070
1155232855,1332
1155266070,798
1155268703,1854
1155383451,8121
1155576139,6411
1155681893,184
1155766506,1173
1155776799,1278
1155816493,2360
1155965274,23958
1156013210,1681
1156046366,257
1156170875,4844
1156416181,437
1156797572,6018
1156956890,32602
1156960719,14402
1156994049,9574
1157171418,18818
1157299560,175
1157326300,240
1157543432,898
1157643045,171
1157659618,410
1157855507,934
1157909530,316
1157928891,446
1158444028,693
1158472225,3053
1158588224,31944
1158631460,3474
1158722119,87870
1158782187,177
1158799392,10304
1158953185,2114
1159184254,538
1159261054,1559
1159381774,2218
1159829402,454
1159910897,237
1160158798,372
1160245783,1342
1160289313,821
1160721237,253
1160886023,1351
1161038816,638
1161355400,745
1161379409,764
1161394125,1640
1162089095,863
1162099055,77199
1162410458,8901
1162907198,295
1162971794,2255
1162985117,428
1163081173,563
1163421557,469
1163460571,1023
1163460850,2185
1163524922,257
1163644748,579
1163855415,1098
1164059777,1423
1164459351,1082
1164521143,835
1164625104,590
1164646909,517
1164655740,1410
1164832776,16379
1164859248,1010
1165324947,33800
1165361576,6856
1165489591,567
1165507389,4464
1165663023,1402
1165855406,2916
1166050099,117
1166108740,272
1166119443,2157
1166139870,18112
1166171472,197
1166321809,1462
1166408297,27095
1166606658,1117
1166706525,1183
1167034425,2976
1167077257,2699
1167209519,7429
1167296906,900
1167300963,42748
1167337904,496
1167413446,2973
1167525683,241
1167626999,340
1167788341,30388
1167791343,1899
1167823778,1386
1168073473,920
1168184085,281
1168261320,1307
1168294481,694
1168625736,259
1168753718,12265
1168900248,688
1169009889,179
1169078701,319
1169101061,2315
1169144801,2232
1169297054,546
1169560166,4476
1169612059,772
1170266927,25328
1170303612,2451
1170321595,567
1170326509,2121
1170548091,3968
1170615905,263
1170634188,663
1170648585,590
1171111467,5961
1171284401,1249
1171290857,508
1171312494,4128
1171376163,2521
1171575871,401
1171605222,257
1171656857,1364
1171755183,192
1171873526,386
1172197625,330
1172251311,463
1172309719,190
1172540122,651
1172574522,6320
1172739419,1878
1172782796,513
1172805219,1250
1172886754,666
1173427820,2860
1173503298,640
1173528409,513
1173769719,850
1173838343,956
1173848034,10888
1174224707,3050
1174262723,419
1174423274,242
1174443757,193
1174614095,391
1174625805,330
1174747993,1428
1174957711,358
1175231820,1703
1175263852,1591
1175316550,2091
1175317731,173
1175414428,289
1175742612,202
1175748759,4232
1175870738,2945
1175900220,3102
1176061718,501
1176129893,19439
1176335208,2024
1176469774,2357
1176497351,899
1176557412,769
1176677271,1285
1176808813,1566
1176898834,3485
1177118700,218
1177129875,561
1177402105,41299
1177456367,1094
1177640089,713
1177919337,726
1178198291,1246
1178437140,1865
1178500367,729
1178505369,399
1178543902,783
1178584802,320
1178834224,878
1178974910,477
1179046874,11194
1179074781,1094
1179124545,4458
1179213731,2862
1179363570,6858
1179413000,9038
1179457582,223
1179478740,270
1179539349,3553
1179682343,997
1179727851,685
1179824727,214
1179959183,4510
1180015183,828
1180226026,1507
1180391077,666
1180445240,424
1180700598,171
1180781840,1199
1180872582,206
1180917769,5883
1181171430,246
1181272477,3178
1181318933,1380
1181409661,291
1181429842,581
1181479848,11442
1181624333,526
1181899027,1399
1181982220,28256
1182000750,2472
1182212878,28576
1182215277,1196
1182216394,2897
1182547092,22182
1182588635,275
1182594286,2189
1182712729,2427
1182741097,1480
1183151083,201
1183396155,1304
1184096749,449
1184170771,1357
1184249417,517
1184268220,5981
1184313747,466
1184340999,265
1184626912,8471
1184752645,4420
1184830713,695
1184839874,166
1184996128,1435
1185003107,508
1185016972,709
1185122623,5960
1185233810,962
1185308721,239
1185389803,32005
1185430378,1898
1185438389,374
1185528404,1545
1186036632,896
1186202698,2237
1186233280,1351
1186304875,212
1186389044,305
1186598756,1034
1186664179,1218
1186701238,1008
1186842622,1726
1187150337,2464
1187349447,304
1187386524,126
1187464970,885
1187490902,446
1187573823,421
1187595770,515
1187630119,14692
1187689258,523
1187718501,196
1187805808,2534
1188009186,620
1188133194,1408
1188180267,6705
1188362803,2504
1188669909,2191
1188684386,443
1188775349,1874
1188833811,254
1189234446,5347
1189384516,5947
1189432033,1426
1189732822,4463
1190042495,1790
1190390511,1075
1190515659,465
1190778303,4564
1191240966,367
1191398263,583
1191520000,3713
1191671352,1242
1192168837,1725
1192303694,1464
1192555574,14808
1192646696,1774
1192691221,312
1192710260,295
1192845474,1117
1193082155,8777
1193276701,190
1193374549,3366
1193430229,500
1193465306,491
1193818575,366
1194056092,2096
1194293040,546
1194517182,730
1194576770,374
1194842235,398
1195165448,3453
1195208341,3844
1195243030,11703
1195371847,3597
1195557790,1184
1195828337,23002
1196568696,241
1196617276,17409
1196674898,267
1196898989,811
1196950132,923
1197002442,4499
1197043989,10248
1197079556,2158
1197172145,3281
1197183235,2508
1197197392,2384
1197226849,3455
1197227242,2573
1197262207,3237
1197265285,1558
1197308263,1057
1197357033,2739
1197387463,945
1197473770,926
1197491237,1055
1197496497,1789
1197569406,14145
1197598190,4105
1197631840,944
1197656055,3955
1197674252,1669
1197690052,1233
1197727671,899
1197782606,3002
1197811764,2185
1197990888,30708
1198040849,2768
1198063129,531
1198068829,527
1198155461,1187
1198211652,234
1198306812,31058
1198331424,163
1198370352,1893
1198604352,766
1198625298,237
1198654685,984
1198829864,1652
1198882870,1191
1198982020,367
1199028956,1288
1199057215,1104
1199548147,563
1199668171,13925
1199720858,412
1199905418,1443
1199916658,721
1200071160,1052
1200192516,190
1200309199,296
1200426344,1497
1200597263,107243
1200800171,914
1200968971,183
1201167354,320
1201173969,98599
1201212574,130
1201253077,3783
1201432708,1503
1201628267,1036
1201656210,58415
1201754187,202
1201775166,1918
1201897606,394
1201906543,231
1202070696,2558
1202113460,1374
1202274504,264
1202436319,449
1202496880,465
1202549948,3219
1202555904,2302
1202599845,19762
1202634727,1008
1202937420,5893
1203115035,675
1203116301,151
1203185600,4664
1203417753,2014
1203463294,327
1203468533,13614
1203485136,1043
1203558071,22405
1203657193,285
1203667901,226
1204165003,2147
1204369117,828
1204383770,190
1204427144,435
1204520409,1275
1205047801,168
1205137520,5649
1205298114,521
1206357666,1759
1206390571,9998
1206468071,709
1206501749,3978
1206553433,11158
1206566990,2448
1206648335,715
1206910786,172
1207006614,1502
1207091162,9943
1207529559,979
1207639951,10346
1207687985,2060
1207740274,2427
1207908536,305
1207953136,287
1207965399,2310
1208339803,1468
1208451003,801
1208510936,931
1208616942,767
1209020591,571
1209098380,2175
1209350013,607
1209640045,532
1209889782,9432
1210070282,381
1210155353,4878
1210223349,416
1210288370,772
1210537388,2662
1210965499,15
1210969976,616
1210974853,34
1210993610,18
1210995403,20
1210996597,424
1210998536,26
1210999518,22
1211008223,79
1211009406,14
1211010427,14
1211015701,30
1211016441,413
1211026924,27
1211027023,16
1211029147,17
1211045181,28
1211046673,54
1211047453,75
1211049218,143
1211054287,653
1211062214,24
1211066605,15
1211067257,12
1211079624,25
1211081420,14
1211081914,17
1211082205,20
1211083967,56
1211091483,14
1211091844,43
1211092393,79
1211096376,1860
1211100249,530
1211101745,23
1211103743,11
1211105461,17
1211106808,18
1211119746,34
1211134411,273
1211135748,58
1211139949,13631
1211148265,12
1211152788,90
1211153639,610
1211161312,47
1211164307,22
1211182199,37
1211183026,33
1211183428,34
1211185810,14
1211188079,98
1211192559,35
1211200858,9
1211206127,255
1211207463,19
1211213013,58
1211213210,35
1211216973,20
1211231675,19
1211239245,11
1211240086,17
1211242246,13
1211245293,39
1211245881,44
1211246310,44
1211247455,44
1211247978,44
1211248537,44
1211249123,44
1211253535,44
1211254498,44
1211255002,44
1211255474,44
1211255968,44
1211256418,68
1211256910,44
1211258495,44
1211258530,27
1211259024,44
1211260619,16
1211261120,44
1211263474,44
1211263944,44
1211264394,44
1211264885,45
1211265499,44
1211269161,39
1211269625,39
1211288094,17
1211288569,240
1211291830,43
1211292824,13
1211323948,66
1211326181,114
1211328845,43
1211331887,43
1211332487,20
1211334989,93
1211339624,43
1211340505,12
1211341812,16
1211344034,54
1211346525,36
1211347607,16
1211353240,15
1211353708,33
1211357795,404
1211358903,19
1211363745,215
1211363761,22
1211369814,29
1211373664,17
1211373726,14
1211375944,367
1211392915,51
1211396326,103
1211397094,12
1211397985,16
1211406359,13
1211407380,19
1211421149,25
1211424294,116
1211431908,23
1211436356,28
1211437711,25
1211445936,16
1211449139,1047
1211451737,239
1211455718,38
1211472582,24
1211474003,48
1211478189,420
1211483815,69
1211486387,14
1211495036,243
1211495678,80
1211496271,12
1211496721,15
1211499945,18
1211504567,14
1211506215,131
1211511366,32
1211514405,49
1211516798,27
1211528757,33
1211532216,70
1211537500,2225
1211544888,11
1211547129,13
1211549389,14
1211555810,138
1211560503,14
1211568421,79
1211576866,36
1211589067,948
1211595987,16
1211611644,36
1211614110,210
1211615179,168
1211621353,13
1211628140,13
1211628924,57
1211636743,320
1211639042,70
1211640020,52
1211648517,45
1211664428,85
1211668332,23
1211673552,19
1211688259,28
1211689305,84
1211709322,20
1211709401,42
1211713203,39
1211734353,38
1211762072,17
1211769859,12
1211771701,137
1211786253,11
1211796176,170
1211804342,74
1211805157,20
1211816061,18
1211822834,105
1211841798,47
1211844962,10
1211847033,33
1211852158,23
1211879821,24
1211880680,26
1211883488,28
1211907063,13
1211913026,50
1211933183,29
1211933536,19
1211937619,43
1211947721,17
1211954790,23
1211961956,13
1211973138,18
1211974233,16
1211981858,60
1212012880,20
1212016788,45
1212023672,27
1212030186,37
1212038396,59
1212040616,51
1212041285,45
1212044099,114
1212045148,33
1212046166,16
1212051246,29
1212054378,25
1212059169,298
1212059453,23
1212060952,59
1212065926,25
1212068500,2795
1212068825,19
1212071331,118
1212071873,11
1212073733,79
1212073877,15
1212074645,31
1212080845,13
1212082239,16
1212098005,26
1212102867,13
1212103871,35
1212104171,72
1212105001,15
1212106565,26
1212109465,16
1212112489,62
1212122101,737
1212122915,10
1212123893,316
1212126095,27
1212133946,388
1212138326,18
1212142448,27
1212142746,31
1212149375,799
1212150078,12
1212152443,15
1212152679,8
1212155273,25
1212156829,64
1212162173,40
1212162858,18
1212163614,32
1212163658,8130
1212171830,75
1212178686,44
1212180639,324
1212184690,13
1212187194,65
1212191053,15
1212192645,11
1212194710,53
1212199101,42
1212202152,83
1212205041,86
1212213795,10
1212215459,25
1212217978,11
1212221277,53
1212224446,105
1212231935,34
1212237753,70
1212240247,25
1212272650,35
1212291096,20
1212297061,17
1212297707,577
1212299698,24
1212301481,14
1212303172,16
1212305418,10
1212309782,14
1212312612,18
1212313395,36
1212313943,29
1212321035,19
1212321780,12
1212322352,13
1212323523,46
1212324108,222
1212326426,15
1212327060,18
1212328464,21
1212335792,1284
1212337929,55
1212339953,13
1212344894,18
1212352704,206
1212353968,475
1212355347,14
1212358471,46
1212361258,105
1212365405,354
1212370575,17
1212380723,67
1212386132,13
1212389344,81
1212396129,19
1212401107,73
1212404364,33
1212405954,13
1212409812,20
1212411769,23
1212416285,51
1212420523,97
1212424025,47
1212425313,20
1212426242,34
1212435342,14
1212436974,13
1212445952,242
1212446074,227
1212458158,33
1212463614,21
1212471969,190
1212485345,13
1212495958,22
1212503250,11380
1212507810,14
1212517694,14
1212519203,19
1212522158,25
1212526449,28
1212534605,47
1212545513,47
1212545562,19
1212545659,19
1212547305,50
1212552738,55
1212556547,56
1212568395,2543
1212579112,19
1212580057,11
1212580972,16
1212584333,14
1212604955,39
1212607944,20
1212608505,39
1212615762,14
1212615823,66
1212626143,12
1212639739,37
1212645406,52
1212655381,225
1212662651,33
1212662699,43
1212674766,21
1212691238,17
1212697436,20
1212698895,21
1212708301,33
1212711737,14
1212716497,45
1212717547,13
1212718768,2501
1212731288,22
1212732933,13
1212741592,15
1212744728,16
1212750508,46
1212751545,14
1212751853,26
1212752329,40
1212756310,15
1212767451,29
1212770626,20
1212772844,61
1212776839,13
1212779336,40
1212792234,342
1212802346,35
1212803197,147
1212818660,135
1212822116,143
1212826524,14
1212832891,16
1212833318,625
1212843730,56
1212854568,44
1212863969,17
1212866717,14
1212873879,18
1212877255,40
1212893754,24
1212898723,56
1212901838,43
1212906611,11
1212912437,14
1212915278,17
1212932043,16
1212936003,17
1212946437,45
1212958625,2009
1212958792,161
1212960200,26
1212964560,101
1212986802,22
1212990952,73
1213004527,62
1213018000,945
1213021084,17
1213021942,25
1213031647,6
1213049020,16727
1213053754,59
1213064866,118
1213065419,18
1213067090,15
1213070486,53
1213072190,64
1213072391,17
1213072853,36
1213074351,24
1213075462,21
1213079400,47
1213079565,14
1213081795,30
1213082786,198
1213083204,11
1213089388,35
1213093442,15
1213096099,21
1213097216,30
1213099006,12
1213099715,17
1213102235,45
1213107404,11
1213121380,221
1213122529,17
1213126085,47
1213128008,11
1213128525,14
1213129179,12
1213135165,33
1213138705,48
1213141996,16
1213150985,40
1213158264,14
1213159910,31
1213166415,29
1213174371,25
1213210884,19
1213212865,2013
1213214826,10
1213215164,10
1213215604,18
1213232466,51
1213239020,24
1213244638,88
1213244979,79
1213254756,12
1213265429,157
1213269387,11
1213270275,11
1213271324,828
1213278007,29
1213278465,43
1213279660,34
1213282074,15
1213286530,46
1213286773,31
1213295040,197
1213298526,31
1213313471,79
1213314710,39
1213320306,66
1213322283,17
1213344454,32
1213347757,44
1213350401,12
1213369035,16
1213369150,13
1213369689,26
1213376196,65
1213377775,286
1213388257,11
1213389047,38
1213390704,29
1213393702,13
1213401667,34
1213406268,47
1213410885,18
1213412750,129
1213418162,28
1213422759,13
1213424550,31
1213438872,27
1213439274,14
1213448295,16
1213456169,39
1213456832,80
1213465959,62
1213477480,714
1213483766,92
1213484834,69
1213489460,31
1213492378,20
1213494393,20
1213494845,82
1213499662,12
1213508077,44
1213522308,63
1213526705,295
1213545146,46
1213546910,84
1213548688,13
1213558515,100
1213572410,15
1213578141,22
1213589825,150
1213589861,354
1213596558,28
1213599866,40
1213602620,41
1213605295,20
1213612261,14
1213616615,2451
1213621353,55
1213627697,117
1213635270,116
1213655814,15
1213665985,12
1213667676,17
1213667879,316
1213671679,12
1213679333,19
1213684532,22
1213690685,38
1213705966,18
1213724156,20
1213726114,109
1213732395,1055
1213737277,25
1213738495,22
1213752513,16
1213756841,31
1213757446,225
1213776823,753
1213782040,14
1213783578,22
1213784218,11
1213785946,16
1213789212,41
1213806247,20
1213815713,43
1213816047,720
1213820321,13
1213831079,34
1213840696,33
1213841375,12
1213848993,85
1213850825,21
1213854984,65
1213856502,19
1213858087,37
1213869298,17
1213877989,20
1213882945,27
1213883741,40
1213894274,12
1213899530,28
1213903458,49
1213903931,48
1213921570,18
1213924905,22
1213933023,18
1213936160,16
1213946709,32
1213956965,674
1213958077,18
1213963375,256
1213963816,25
1213969021,53
1213975621,632
1213978779,52
1213989169,15
1213991947,36
1213992071,15
1213993401,8
1213995610,76
1213999980,11
1214023498,31
1214027647,21
1214028696,122
1214031601,45
1214039649,14
1214042231,131
1214048612,31
1214054836,27
1214055530,240
1214056183,29
1214061724,50
1214066049,23
1214073962,13
1214075908,48
1214079192,342
1214086123,187
1214088066,18
1214097767,20
1214103856,16
1214106457,20
1214115656,66
1214116564,55
1214123279,46
1214124594,31
1214125715,3436
1214130539,166
1214132525,24
1214137514,15
1214145978,60
1214157669,45
1214166855,297
1214171422,20
1214186671,20
1214187650,29
1214194417,16
1214198641,50
1214205098,251
1214206049,514
1214207265,38
1214209804,14
1214224482,71
1214230350,77
1214232991,21
1214253933,16
1214259427,55
1214267031,19
1214273599,19
1214284796,125
1214286302,13
1214292570,99
1214308670,40
1214316980,11
1214325159,41
1214330138,33
1214330684,559
1214340119,26
1214344575,59
1214345024,31
1214349536,2830
1214354379,38
1214357854,30
1214365048,32
1214367522,310
1214368528,276
1214371636,17
1214372687,37
1214378079,22
1214378330,13
1214382445,118
1214401834,63
1214402572,159
1214410740,20
1214415239,13
1214417298,19
1214419579,10
1214419813,26
1214421786,29
1214423832,1581
1214430889,16
1214432280,53
1214432636,52
1214444660,77
1214451720,18
1214459508,279
1214464768,400
1214466235,15
1214478877,37
1214479548,17
1214482028,82
1214484185,17
1214488263,97
1214491827,20
1214497982,17
1214499036,32
1214515537,19
1214515716,17
1214522988,15
1214534230,21
1214535662,32
1214541835,152
1214543765,42
1214544186,29
1214545008,33
1214548581,18
1214556362,698
1214564144,23
1214564285,476
1214565094,18
1214565945,46
1214568317,15
1214586312,11
1214590697,25
1214598450,89
1214613536,24
1214614273,70
1214617729,66
1214621535,38
1214621915,12
1214625657,110
1214631343,3
1214633006,11
1214639705,31
1214639959,11
1214643314,28
1214651975,22
1214654038,32
1214661652,25
1214662152,16
1214664730,119
1214668357,28
1214671166,318
1214701984,26
1214706991,12
1214708684,11
1214711567,38
1214712269,14
1214720448,16
1214721509,53
1214732478,16
1214733598,22
1214741287,824
1214744766,14
1214746179,13
1214761986,49
1214764451,187
1214770805,69
1214783544,2310
1214785164,5637
1214788016,656
1214792028,34
1214795107,17
1214799336,78
1214805512,1180
1214805939,15
1214807590,464
1214808136,15
1214809647,19
1214812584,13
1214814133,1043
1214823259,32
1214823616,58
1214824471,69
1214825004,18
1214832943,21
1214845304,210
1214847313,16
1214857101,11
1214862520,15
1214873786,27
1214885213,23
1214885251,12
1214889705,70
1214894588,127
1214895007,18
1214898654,23
1214913459,23
1214914397,630
1214915118,22
1214917315,30
1214921938,50
1214925130,30
1214926344,269
1214932135,12
1214940958,131
1214947572,16
1214948129,16
1214951658,995
1214958134,385
1214959257,28
1214964352,27
1214966051,18
1214971907,27
1214973617,46
1214980737,45
1215002714,23
1215007786,86
1215011706,23
1215015607,103
1215017190,17
1215020386,51
1215020609,27
1215021756,13
1215025222,16
1215026946,19
1215027194,428
1215034382,56
1215037002,14
1215037136,64
1215044156,14
1215048066,23
1215054020,177
1215071370,24
1215072592,29
1215075128,12
1215089331,12
1215096061,32
1215096318,44
1215104825,13
1215105191,16
1215107073,122
1215109328,12
1215112375,22
1215112716,225
1215114303,27
1215115240,14
1215122415,10
1215124088,16
1215126598,148
1215133631,18
1215136096,22
1215142181,1036
1215145625,23171
1215153409,5826
1215159144,46
1215163675,11
1215167976,34
1215172008,32
1215180660,41
1215184266,22
1215184274,63
1215188084,15
1215188990,17
1215192081,14
1215194738,42
1215213624,274
1215222097,160
1215232646,16
1215235243,49
1215237193,16
1215240744,30
1215247792,19
1215256431,13
1215268822,15
1215274814,70
1215277996,19
1215280164,1439
1215290046,17
1215297817,70
1215306737,22
1215306761,58
1215317123,17
1215321844,16
1215327975,32
1215338506,23
1215341250,13
1215345965,18
1215353434,385
1215367178,11
1215376308,87
1215388091,102
1215391309,22
1215394372,37
1215398789,39
1215414287,52
1215415060,47
1215417088,47
1215417342,40
1215427805,15
1215431881,22
1215435055,31
1215435141,30
1215435693,118
1215437858,76
1215449317,65
1215453504,19
1215456863,11
1215464508,14
1215469331,21
1215472967,12
1215494831,31
1215501373,1424
1215513042,278
1215525052,23
1215528293,15
1215530108,18
1215535154,39
1215536848,30
1215549140,17
1215565821,53
1215576669,29
1215580107,24
1215581359,17
1215593067,41
1215598138,62
1215602802,296
1215602835,11
1215609207,19
1215609896,51
1215610146,22
1215612244,830
1215617177,25
1215617234,11
1215627862,49
1215630826,98
1215637209,11
1215641367,99
1215642753,313
1215651941,17
1215653880,35
1215659290,31
1215667929,83
1215670433,40
1215678767,864
1215686624,55
1215693176,68
1215695618,22
1215699839,14
1215703747,47
1215708757,238
1215709831,20
1215711897,27
1215724110,17
1215734700,14
1215754581,31
1215761080,61
1215762204,12
1215763925,132
1215772018,60
1215774013,440
1215778039,27
1215778674,25
1215786287,18
1215802577,27
1215804516,24
1215815598,14
1215820754,21
1215821842,30
1215840941,39
1215840958,12
1215841405,61
1215848131,47
1215848597,89
1215848628,26
1215860363,14
1215880700,85
1215895293,98
1215895678,140
1215896820,18
1215901237,62
1215904689,71
1215925081,18
1215929924,41
1215941570,21
1215952260,42
1215959245,39
1215961903,135
1215968361,145
1215974868,3032
1215976690,140
1215978264,10
1215980069,12
1215983140,143
1215989105,20
1215999715,22
1216005890,64
1216017171,45
1216017372,61
1216018447,28
1216020101,58
1216022788,26
1216023525,23
1216028377,73
1216030087,25
1216032525,180
1216037740,12
1216061380,51
1216069663,16
1216082712,27
1216087888,23
1216089000,18
1216090751,417
1216092644,14
1216098872,11
1216102513,42
1216104234,64
1216108819,85
1216109475,213
1216109985,30
1216116826,2835
1216131824,250
1216133553,267
1216138306,104
1216144935,13
1216152655,100
1216154126,16
1216157979,18
1216171501,16
1216190131,16
1216201070,25
1216201393,28
1216201523,274
1216208824,13
1216242393,21
1216243094,16
1216253015,79
1216260255,11
1216272351,81
1216319128,50
1216319430,27
1216321571,11
1216324736,21
1216324944,18
1216328923,63
1216332504,25
1216333449,30
1216334681,23
1216335416,157
1216336936,15
1216350024,26
1216350996,41
1216351315,25
1216352422,194
1216360484,209
1216372376,12
1216375790,213
1216382538,33
1216400972,19
1216401140,26
1216403796,14
1216408253,48
1216414579,24
1216417050,12
1216418105,18
1216429765,56
1216443171,47
1216451834,23
1216456135,23
1216462061,103
1216463076,176
1216475812,33
1216482194,111
1216484498,32
1216490718,41
1216494144,25
1216494445,288
1216501093,13
1216510419,12
1216512254,20
1216513155,21
1216513449,14
1216514794,38
1216523472,55
1216526830,11
1216538171,25
1216540769,13
1216545064,12
1216546135,14
1216557401,127
1216561964,18
1216569752,98
1216571209,772
1216575395,32
1216575633,31
1216578144,21
1216579794,13
1216581384,20
1216583510,45
1216585136,42
1216585843,23
1216592214,25
1216592520,20
1216594612,416
1216602261,24
1216602307,15
1216603405,19
1216604251,11
1216606902,40
1216617312,13
1216621664,42
1216626808,16
1216631222,151
1216634387,66
1216636456,13
1216638612,48
1216657015,23
1216659670,29
1216662529,62
1216666459,14
1216668024,13
1216671362,364
1216672009,2424
1216676682,17
1216687226,14
1216702324,30
1216705316,44
1216710530,72
1216716893,12
1216729729,520
1216733352,12
1216734435,25
1216744997,380
1216753351,26
1216754861,104
1216755814,27
1216760293,35
1216761709,25
1216767127,124
1216774150,16
1216774242,17
1216782078,15
1216783017,12
1216788591,23
1216795554,71
1216802857,98
1216802904,657
1216806001,136
1216807315,13
1216809628,110
1216810108,424
1216813186,35
1216817621,36
1216821891,16
1216823006,23
1216824806,16
1216824855,21
1216828696,21
1216839348,747
1216849186,174
1216851265,27
1216854084,34
1216854661,112
1216863195,27
1216889203,182
1216889464,13
1216890989,30
1216894026,48
1216904708,45
1216916975,16
1216920437,17
1216925406,433
1216947831,805
1216950004,27
1216954187,10368
1216955020,25
1216957019,90
1216961632,79
1216962487,13
1216972280,81
1216978255,167
1216978941,416
1216979884,47
1216980321,23
1216981748,12
1216982911,21
1217002856,47
1217004160,14
1217006906,30
1217013436,35
1217013518,118
1217024571,14
1217027821,13
1217028120,607
1217035059,14
1217036554,61
1217036916,40
1217040185,18675
1217043693,46
1217046685,13
1217048091,16
1217050817,12
1217064635,22
1217064814,20
1217066206,81
1217077268,14
1217078336,98
1217079795,464
1217080687,200
1217086292,14
1217097102,76
1217098957,119
1217103809,133
1217105994,29
1217109502,11
1217115101,13
1217117361,11
1217117726,12
1217118687,39
1217122519,15
1217126552,11
1217128906,29
1217129907,17
1217139543,38
1217152169,61
1217154559,59
1217160355,85
1217178567,12
1217180034,48
1217182377,23
1217188876,15
1217190965,22
1217192243,190
1217195695,13
1217201645,20
1217201723,12
1217208761,16
1217209599,117
1217210212,36
1217212029,18
1217212643,28
1217216576,215
1217220793,18
1217222433,49
1217233667,34
1217249705,38
1217252492,11
1217258787,27
1217259193,13
1217259573,507
1217262941,25
1217269188,32
1217269729,19
1217281602,196
1217281692,1144
1217283106,2
1217288862,37
1217291538,9011
1217298686,14
1217299529,26
1217301865,59
1217315946,16
1217325629,19
1217333901,27
1217334368,17
1217339390,14
1217344324,30
1217345178,690
1217350447,78
1217368484,36
1217370937,24
1217388134,14
1217393935,13
1217394553,12
1217396442,2737
1217400042,11
1217408512,75
1217409016,28
1217409285,32
1217423929,14
1217440433,15
1217441118,30
1217456927,20
1217481469,99
1217503846,129
1217508335,33
1217509950,68
1217511504,14
1217511531,13
1217515201,11
1217519452,13
1217522067,13530
1217522094,28
1217523249,28
1217531704,28
1217534578,37
1217536224,12
1217539691,17
1217550851,22
1217551679,708
1217559252,13
1217567462,41
1217579854,37
1217582381,16
1217588885,128
1217591699,44
1217595194,29
1217598410,44
1217603668,81
1217605771,19
1217620707,25
1217630469,604
1217634097,40
1217635695,24
1217654363,247
1217655472,57
1217663853,29
1217671020,1732
1217679253,12
1217681650,30
1217687846,77
1217694973,28
1217696644,11
1217698251,11
1217699935,93
1217700782,34
1217702792,42
1217706948,116
1217707705,18
1217711317,89
1217713553,32
1217713968,148
1217714762,58
1217717180,31
1217738451,12
1217763769,24
1217767853,17
1217772968,45
1217775138,117
1217781789,15
1217786036,641
1217796049,14
1217808614,490
1217809336,53
1217822489,28
1217829921,16
1217834505,27
1217837484,22
1217838440,80
1217860122,24
1217863633,59
1217865504,21
1217872789,30
1217879288,15
1217883656,14
1217885409,126
1217896031,12
1217897624,21
1217904354,168
1217907067,37
1217914588,740
1217923504,13
1217941030,79
1217951047,63
1217951987,193
1217952569,181
1217954055,48
1217969544,50
1217975777,24
1217991124,61
1217996319,241
1217998780,11
1218000077,27
1218004139,639
1218016275,14
1218017185,112
1218018309,298
1218019071,20
1218035937,57
1218037205,66
1218040416,32
1218046945,84
1218062604,89
1218062941,27
1218081641,18
1218084144,11
1218087980,24
1218088263,678
1218100867,23
1218103164,18
1218104262,952
1218116830,23
1218126087,82
1218126567,12
1218129961,17
1218137657,89
1218146932,93
1218147345,22
1218148432,37
1218155686,2298
1218164293,13
1218177240,15
1218177391,399
1218178534,39
1218182607,21
1218190285,86
1218191675,20
1218193413,19
1218194584,50
1218195359,31
1218197239,50
1218202403,29
1218208502,5684
1218209681,32
1218211276,44
1218216789,12
1218222850,172
1218235340,33
1218242169,53
1218250144,11
1218252276,130
1218263250,23
1218277073,33
1218280573,11
1218283016,23
1218284806,15
1218293878,130
1218304124,43
1218305232,274
1218306945,36
1218311395,18
1218333096,19
1218340463,14
1218354547,20
1218368663,154
1218369506,21
1218369796,13
1218370235,36
1218371280,66
1218371623,18
1218372872,25
1218375081,12
1218375755,18
1218381586,33
1218384914,101
1218390093,47
1218393421,13
1218394454,41
1218415046,21
1218418799,12
1218419817,11
1218436380,13
1218437719,12
1218444058,38
1218446685,37
1218446841,812
1218448244,32
1218453975,40
1218464479,29
1218466593,275
1218476217,11
1218489387,53
1218489659,54
1218493681,382
1218506731,16
1218519728,13
1218533705,38
1218536620,274
1218540605,27
1218541279,12
1218543409,13
1218557130,17
1218560388,17
1218576239,95
1218580895,24
1218594998,15
1218597110,218
1218600746,35
1218611299,18
1218612615,53
1218613627,34
1218623368,156
1218626992,16
1218635949,23
1218640391,74
1218642260,29
1218651210,177
1218655389,27
1218662021,13
1218682596,2267
1218683765,25
1218684227,31
1218688296,589
1218690244,17
1218694102,14
1218704741,28
1218706004,15
1218710522,46
1218711689,255
1218715924,14
1218716774,12
1218725228,47
1218729723,70
1218729846,31
1218733756,21
1218737406,833
1218743746,12
1218749710,31
1218765387,51
1218767374,12
1218770712,16
1218807909,20
1218815399,10
1218816743,45
1218819993,404
1218822896,21
1218823179,1132
1218826355,45
1218835536,11
1218844081,230
1218855969,294
1218867656,12
1218871120,71
1218881505,26
1218885291,13
1218896483,101
1218900228,12
1218906699,26
1218919346,76
1218919522,15
1218928200,11
1218939714,20
1218960190,14
1218962966,15
1218968930,16
1218972260,43
1218973317,44
1218975799,342
1218978057,545
1218978163,14
1218981305,90
1218987594,45
1218997190,16
1219009070,2365
1219011837,64
1219014440,20
1219018779,14
1219030980,61
1219031547,164
1219039446,25
1219040524,13
1219042200,24212
1219053872,44
1219060209,138
1219062712,35
1219070729,36
1219075763,37
1219083479,40
1219087723,1687
1219096687,178
1219102141,12
1219103073,14
1219105341,47
1219110005,68
1219111340,14
1219113318,12
1219119800,73
1219121452,24
1219125540,35
1219129212,23
1219133217,65
1219133249,19
1219139049,14
1219141172,43
1219141370,13
1219145354,305
1219151193,751
1219152899,32
1219157502,96
1219158316,49
1219160435,30
1219161733,94
1219162717,32
1219165039,43
1219165613,28
1219171273,27
1219174984,21
1219175109,32
1219184182,140
1219231323,53
1219237875,50
1219243063,93
1219244075,11
1219253193,32
1219254116,36
1219260485,33
1219264163,12
1219268325,12
1219273452,29
1219284263,90
1219286705,32
1219291910,342
1219291943,12
1219295659,81
1219304474,15
1219310759,17
1219314144,44
1219319479,68
1219329571,21
1219334069,111
1219351875,113
1219355698,30
1219370895,112
1219378569,3443
1219380800,120
1219382075,39
1219385288,20
1219389544,20
1219400421,3788
1219410317,11
1219412347,37
1219424400,24
1219424471,80
1219424489,650
1219446293,1964
1219461180,14
1219461862,19
1219463714,98
1219468224,1640
1219472097,41
1219484308,7
1219485919,16
1219488984,74
1219493841,557
1219502106,38
1219502927,40
1219504139,168
1219504831,48
1219509115,51
1219515121,10
1219516950,38
1219521173,52
1219531851,41
1219534231,441
1219536599,82
1219542934,14
1219543409,225
1219547995,115
1219548485,82
1219554320,38
1219558865,205
1219565167,31
1219569035,12
1219572953,187
1219574837,13
1219579626,22
1219583915,11
1219587551,119
1219593472,29
1219594207,28
1219595665,12
1219596464,17
1219597358,14
1219608640,198
1219611080,37
1219616277,127
1219619061,15
1219624930,24
1219627422,13
1219630658,11
1219631371,39
1219634836,220
1219642679,100
1219645555,21
1219650644,21
1219651269,39
1219657136,12
1219690829,338
1219701951,15
1219710688,51
1219711698,26
1219715755,12
1219715787,16
1219715803,148
1219721372,22
1219748199,164
1219755209,46
1219760772,24
1219765831,72
1219770679,26
1219783686,12
1219787573,20
1219806855,12
1219809875,205
1219810783,10
1219813016,37
1219815462,15
1219817956,43
1219828173,82
1219833464,85
1219845641,11
1219852021,149
1219860050,45
1219864617,22
1219866542,243
1219868875,21
1219876482,41
1219882846,34
1219896053,1882
1219898362,13
1219898664,19
1219902572,13
1219904470,9
1219917446,122
1219920268,195
1219923941,314
1219934554,12
1219935155,44
1219935284,25
1219950293,39
1219955687,14
1219956685,23
1219960594,244
1219961908,146
1219962340,350
1219965126,179
1219967630,78
1219975226,262
1219983369,13
1219986280,22
1219989708,113
1219990121,14
1219993725,23
1219995793,29
1219996057,99
1219998363,92
1220000506,4458
1220007647,29
1220010376,20
1220012117,20
1220016354,19
1220037795,44
1220043190,31
1220053648,22
1220054577,15
1220067179,53
1220075313,13
1220075608,45
1220082570,12
1220088588,29
1220090633,18
1220092577,320
1220098492,13
1220125073,21
1220130005,16
1220140390,33
1220144875,958
1220159504,25
1220169409,47
1220173287,19
1220174856,28
1220179368,11
1220182682,28
1220185073,106
1220194478,54
1220215555,379
1220223727,815
1220225368,77
1220238335,12
1220238467,101
1220242986,11
1220258106,13
1220263034,298
1220273153,13
1220275445,19
1220285708,34
1220285949,28
1220299146,13
1220299921,15
1220300275,16
1220302420,14
1220308601,16
1220310845,14
1220316999,102
1220317771,20
1220329626,42
1220332472,15
1220338733,17
1220341616,19
1220348449,15
1220353202,155
1220363221,33
1220363990,19
1220365832,52
1220368375,11
1220374179,26
1220381862,36
1220384784,143
1220389370,23
1220392046,11
1220403506,46
1220404592,29
1220411769,14
1220414137,25
1220418983,763
1220422927,14
1220423005,13
1220424323,20
1220455984,128
1220461696,37
1220469803,28
1220471126,20
1220475543,136
1220491177,37
1220492374,152
1220496752,11
1220498389,231
1220505991,18
1220516737,26
1220529992,38
1220530277,75
1220531892,44
1220532477,18
1220537846,88
1220544718,36
1220548149,24
1220549743,16
1220558446,24
1220567611,15
1220567735,182
1220577936,12
1220600476,246
1220608365,25
1220623008,180
1220627175,17
1220632889,28
1220636828,16
1220638726,13
1220640564,16
1220642173,131
1220642301,24
1220647753,34
1220649868,46
1220651250,9
1220656611,184
1220664071,104
1220679051,621
1220680065,11
1220683883,24
1220690422,442
1220701611,40
1220702116,12
1220703605,76
1220703793,32
1220716870,12
1220717364,107
1220718004,27
1220721979,22
1220728088,49
1220729468,21
1220732691,34
1220732893,15
1220744087,33
1220744720,10887
1220745791,46
1220746027,16
1220749061,15
1220752606,33
1220759940,26
1220763728,43
1220766820,16
1220768711,74
1220773489,14
1220786764,63
1220788224,19
1220789495,18
1220798236,14
1220798417,17
1220799180,17
1220801645,47
1220816008,27
1220823738,15
1220825109,56
1220832274,11
1220834686,233
1220837462,59
1220839770,51
1220849813,96
1220854477,77
1220862873,11
1220874732,17
1220884982,82
1220885689,181
1220886594,36
1220888415,533
1220899692,8695
1220899915,17
1220902080,91
1220902278,56
1220904453,32
1220914655,1332
1220918585,461
1220924648,44
1220925408,42
1220928655,25
1220929839,98
1220935138,16
1220936047,3724
1220937125,1009
1220941467,29
1220944440,26
1220946058,28
1220946370,20
1220946543,16
1220947600,286
1220960618,302
1220971487,18
1220980580,12
1220986068,12
1220992833,16
1220997082,101
1220997378,51
1220998146,25
1221000860,13
1221001476,44
1221002372,13
1221020718,63
1221022475,25
1221024497,13
1221027919,21
1221030613,31
1221034553,220
1221039460,47
1221041276,13
1221048533,219
1221052488,84
1221055970,12
1221060403,16
1221068259,47
1221068793,18
1221068903,234
1221070677,156
1221080309,18
1221082755,20
1221084482,25
1221095263,18
1221106976,53
1221110820,18
1221120906,14
1221120939,594
1221122081,20
1221133188,43
1221135148,36
1221161226,28
1221177199,41
1221180063,241
1221184926,19
1221190110,14
1221195568,38
1221207669,15
1221209689,455
1221210108,58
1221222583,11
1221224535,17
1221224699,54
1221232109,1607
1221235601,14
1221240503,72
1221249352,168
1221249481,419
1221252023,14
1221256937,329
1221261207,23
1221262308,20
1221276979,57
1221282584,21
1221283675,13
1221284398,12
1221285149,11
1221287674,15
1221290320,26
1221292713,44
1221297625,11
1221299116,53
1221305781,32
1221306275,48
1221311014,112
1221324299,15
1221329261,45
1221334231,52
1221334280,14
1221334351,46
1221339736,16
1221349753,11
1221350544,19
1221356410,25
1221358460,16
1221364968,18
1221368271,14
1221369065,74
1221369740,84
1221371853,14
1221378802,112
1221379719,18
1221393754,22
1221394850,25
1221399001,261
1221399354,121
1221402357,38
1221404347,11
1221407662,73
1221409201,11
1221416424,15
1221429772,4916
1221431519,26
1221433219,74
1221435237,21
1221439608,16
1221448780,39
1221460575,82
1221461052,20
1221463263,25
1221467011,42
1221467572,16
1221482272,92
1221489330,39
1221489445,38
1221499512,21
1221501629,23
1221509404,6524
1221518324,240
1221518435,29
1221522399,13
1221527554,30
1221531804,16
1221533603,23
1221538357,49
1221543574,48
1221551017,104
1221565029,20
1221574903,32
1221579569,71
1221587346,32
1221587347,12
1221592399,25
1221592798,23
1221598890,13
1221600993,11
1221604075,11
1221616686,19
1221617744,33
1221623636,22
1221625543,11
1221631495,16
1221634436,37
1221641349,1483
1221649738,203
1221651799,48
1221654125,234
1221673609,42
1221688929,33
1221689260,464
1221691036,14
1221702550,12
1221704200,46
1221707935,23
1221710397,25
1221716703,19
1221722107,41
1221723497,25
1221723996,25
1221728904,150
1221733094,67
1221737887,11
1221741915,156
1221742654,770
1221746501,14
1221750692,16
1221751439,12
1221772065,11
1221772225,72
1221772308,21
1221775867,7
1221778133,113
1221780643,37
1221781531,471
1221796063,256
1221797579,15
1221798227,42
1221814255,51
1221814673,68
1221814894,197
1221830959,13
1221831329,32
1221835075,56
1221844677,27
1221851069,368
1221856501,20
1221860353,15
1221864089,53
1221867246,144
1221892294,106
1221903920,42
1221906609,18
1221922293,2304
1221932119,15
1221933616,38
1221937090,91
1221942000,20
1221944165,15
1221955143,49
1221961972,19
1221963957,56
1221976173,281
1221979804,32
1221981994,238
1221985908,22
1221995568,17
1221998155,16
1222002934,12
1222008889,50
1222009188,13
1222022455,27
1222029303,36
1222042205,699
1222044626,14
1222044811,29
1222047800,22
1222047953,73
1222063724,35
1222064942,19
1222072017,69
1222090116,148
1222092630,35
1222092774,22
1222093674,50
1222102170,275
1222107387,13
1222110047,64
1222110548,2208
1222117874,138
1222120468,2328
1222126520,244
1222128242,63
1222133394,618
1222142792,79
1222147517,15
1222155920,26
1222159197,41
1222160568,37
1222161345,24
1222169973,61
1222173827,450
1222181013,119
1222197263,122
1222213350,5894
1222216275,12
1222221630,49
1222229518,18
1222237818,27
1222250448,22
1222257358,13
1222257602,2372
1222258735,468
1222262982,31
1222269231,12
1222274697,56
1222277117,23
1222281860,12
1222295714,243
1222297562,12
1222298778,12
1222307895,82
1222318103,28
1222333741,11
1222338286,12
1222339926,35
1222343245,140
1222344790,21
1222354812,25
1222356417,52
1222364235,63
1222368361,73
1222372573,311
1222372873,98
1222373496,22
1222375486,86
1222383700,43
1222387700,65
1222389269,23
1222392614,18
1222395717,26
1222404225,32
1222407355,197
1222409861,11
1222413951,916
1222419504,12
1222427087,76
1222440968,12
1222446155,29
1222449264,23
1222451826,14
1222455527,550
1222460606,12
1222468111,21
1222472761,40
1222473027,20
1222476425,28
1222481250,14
1222484199,13
1222495257,19
1222504648,734
1222512550,13
1222515414,40
1222521101,1566
1222529313,340
1222545886,216
1222566478,32
1222567435,56
1222573128,6
1222579145,40
1222585234,58
1222585735,18
1222587475,1896
1222589733,36
1222591322,12
1222594156,29
1222596522,17
1222604391,13
1222608265,130
1222609123,97
1222613133,17
1222632373,68
1222634257,17
1222634748,67
1222637509,508
1222639711,430
1222647433,35
1222655977,28
1222659956,23
1222660901,48
1222674351,28
1222676896,53
1222678009,13
1222685735,24
1222689155,107
1222692857,37
1222698237,15
1222700467,18
1222716018,24
1222734777,37
1222743186,46
1222744121,12
1222745356,38
1222752154,38
1222753133,14
1222766639,90
1222769612,14
1222785238,38
1222788897,28
1222789989,959
1222792842,13
1222792879,16
1222799292,186
1222814323,12
1222814416,12
1222824018,44
1222826242,722
1222835772,18
1222837583,56
1222845504,17
1222847856,26
1222852418,17
1222854008,38
1222856929,21
1222869003,125
1222870709,295
1222884903,11
1222890347,41
1222890567,75
1222890689,13
1222890844,22
1222893766,75
1222903331,11
1222907340,64
1222917575,25403
1222917836,78
1222921129,13
1222946560,125
1222953844,12
1222956315,13
1222961423,14
1222970626,29
1222988636,13
1222998674,812
1223006434,151
1223006510,64
1223006526,79
1223009200,40
1223020752,25
1223039216,34
1223051315,49
1223053891,11
1223054977,16
1223059776,47
1223060975,38
1223062473,55
1223067277,10
1223075782,48
1223076991,18
1223081941,21
1223084838,12
1223087359,29
1223091925,44
1223098661,19
1223118338,13
1223125423,109
1223128651,58
1223133721,17
1223135437,32
1223135475,12
1223139391,21
1223139487,76
1223140677,28
1223160418,17
1223161782,22
1223162027,96
1223163837,13
1223167370,11
1223169069,46
1223172760,16
1223187010,73
1223189582,15
1223192120,12
1223192596,81
1223194760,85
1223197070,13
1223198048,45
1223198968,41
1223206275,44
1223211246,11
1223215533,165
1223216894,239
1223230665,14
1223234827,10
1223238480,28
1223251391,38
1223253334,15
1223255499,60
1223260156,27
1223273994,49
1223275907,59
1223280581,14
1223282310,31
1223287468,35
1223293586,721
1223296623,63
1223297225,11
1223312639,20
1223318023,26
1223318951,54
1223319768,31
1223325002,33
1223329036,61
1223341630,22
1223342966,32
1223351292,343
1223370395,122
1223373345,112
1223374550,34
1223389180,38
1223392126,18
1223392907,17
1223394733,36
1223396927,11
1223418318,33
1223418686,19
1223420362,103
1223423695,962
1223423846,21
1223425211,13
1223425250,982
1223427443,68
1223428226,1990
1223431386,38
1223432033,16
1223440125,286
1223452181,13
1223453358,106
1223457247,18
1223476197,1152
1223477018,43
1223481327,12
1223484108,23
1223488585,22
1223492205,104
1223511885,45
1223512305,2189
1223515225,130
1223524158,33
1223535200,37
1223535314,26
1223537324,58
1223542538,12
1223549594,12
1223569332,17
1223585334,15
1223588947,14
1223597497,414
1223599621,39
1223614643,15
1223626282,32
1223631277,41
1223640430,91
1223640606,18
1223641228,32
1223643607,15
1223650754,53
1223664643,14
1223665294,53
1223665356,15
1223671634,53
1223676147,11
1223680545,15
1223691529,34
1223697365,157
1223706171,15
1223713824,336
1223728036,77
1223736934,29
1223742587,243
1223752589,2524
1223756821,11
1223758935,163
1223759393,18
1223761956,28
1223772529,34
1223779346,35
1223781466,15
1223786009,13
1223790834,34
1223793125,16
1223805771,180
1223807538,49
1223811729,22
1223816634,90
1223817677,455
1223826724,18
1223827002,53
1223827147,51
1223827471,42
1223827641,47
1223827804,48
1223827947,44
1223828210,50
1223828346,51
1223828502,41
1223828637,47
1223828917,49
1223829082,42
1223829235,51
1223829381,51
1223829650,56
1223829652,44
1223829655,47
1223829657,56
1223829799,57
1223829801,56
1223829941,50
1223830082,48
1223830230,51
1223830232,53
1223830233,45
1223830237,47
1223831655,11
1223845433,15
1223849551,12
1223853501,12
1223858182,14
1223863863,19
1223869499,70
1223883039,17
1223884751,52
1223886857,11
1223894967,82
1223921326,24
1223925190,19
1223969544,327
1223977600,19
1223980979,12
1223980999,12
1223987407,274
1224021161,11
1224022502,19
1224025688,291
1224033309,552
1224037373,16
1224047453,12
1224062178,68
1224066068,135
1224068505,22
1224077477,25
1224096166,11
1224100238,22
1224110675,293
1224127318,36
1224137561,132
1224137844,62
1224138499,79
1224149089,16
1224157469,34
1224163986,48
1224167985,13
1224169076,15
1224189909,13
1224193010,16
1224193130,27
1224194102,59
1224196440,14
1224200214,45
1224203978,29
1224218617,28
1224227389,37
1224236735,14
1224239089,15
1224243497,27
1224250535,36
1224253491,97
1224258916,14
1224263089,17
1224267893,139
1224269630,23
1224271858,15
1224275784,369
1224277831,15
1224278666,293
1224283053,121
1224287368,15
1224294151,11
1224304627,15
1224309951,71
1224311190,145
1224314007,27
1224314254,25
1224319811,23
1224330181,227
1224343090,21
1224347838,401
1224348278,26
1224353416,21
1224353843,134
1224360317,79
1224368231,483
1224376867,17
1224385314,15
1224387109,25
1224393902,20
1224402483,14
1224408143,41
1224413254,46
1224415020,27
1224431303,185
1224434372,18
1224439365,18
1224446608,15
1224446616,51
1224454782,118
1224455487,99
1224471569,32
1224474408,17
1224476053,15
1224481107,27
1224483176,187
1224483504,75
1224486190,15
1224486824,26
1224489872,12
1224498772,74
1224501168,33
1224508792,207
1224509741,12
1224511035,28
1224526153,60
1224532553,11
1224539373,62
1224543123,53
1224547398,16
1224549174,12
1224558836,42
1224560336,22
1224580914,26
1224584532,15
1224591227,13
1224591740,45
1224598709,16
1224600617,26
1224609919,12
1224610424,13
1224615167,22
1224617188,26
1224620722,23
1224629294,44
1224631526,23
1224645559,239
1224652367,13
1224652560,86
1224653264,15
1224659590,114
1224660488,17
1224661714,59
1224671672,12
1224681639,25
1224683353,34
1224690468,23
1224692542,22
1224701408,210
1224703318,227
1224708689,30
1224712076,12
1224712371,454
1224715013,40
1224716146,13
1224734198,799
1224735108,12
1224738938,69
1224740357,75
1224743032,37
1224753810,14
1224755442,15
1224755974,18
1224757492,16
1224762245,198
1224772110,17
1224775471,27
1224777018,30
1224777703,12
1224778433,617
1224780087,45
1224786239,25
1224786272,12
1224786947,121
1224798921,102
1224799062,13
1224809280,11
1224810795,14
1224813164,1
1224816641,19
1224822906,199
1224823899,739
1224830290,19
1224844395,16
1224854794,4129
1224866871,242
1224879981,13
1224880453,21
1224881335,109
1224887964,58
1224893022,27
1224908126,14
1224912127,17
1224926075,13
1224928087,75
1224930497,16
1224942256,19
1224949386,20
1224956547,56
1224964077,13
1224966022,28
1224968393,75
1224974361,2673
1224975160,53
1224977058,20
1224978706,12
1224987521,29
1225005463,3054
1225010740,16
1225017253,13
1225019919,256
1225046031,11
1225049374,143
1225051897,74
1225059107,134
1225062134,447
1225071533,13
1225077445,15
1225078277,26
1225102492,22
1225119525,13
1225129803,27
1225134435,69
1225141037,379
1225141328,25
1225150929,83
1225154854,33
1225162543,52
1225167529,18
1225171017,33
1225174600,25
1225178950,5537
1225179060,35
1225179105,1724
1225185913,36
1225186502,335
1225188401,2457
1225196741,50
1225197030,16
1225202603,163
1225210265,38
1225226478,45
1225228592,48
1225234444,96
1225241880,32
1225242097,19
1225250312,46
1225263228,26
1225265867,14
1225266305,13
1225272732,26
1225277249,205
1225285890,389
1225296260,16
1225301513,13
1225316611,280
1225333873,16
1225337111,68
1225338289,102
1225344059,216
1225345651,94
1225347547,38
1225357488,43
1225359679,12
1225363703,90
1225364874,27
1225365569,3350
1225375494,31
1225380161,30
1225382028,21
1225391938,12
1225400068,26
1225403584,13
1225420868,26
1225420959,61
1225427533,784
1225427809,32
1225430807,321
1225443129,12
1225443909,20
1225445312,36
1225446523,290
1225448100,12
1225450090,11
1225456147,28
1225457257,79
1225462729,277
1225470108,13
1225473337,21
1225476523,21
1225480734,51
1225492439,527
1225495029,19
1225501987,94
1225506667,39
1225506852,324
1225518061,422
1225519296,29
1225521647,15
1225525367,16
1225529925,25
1225533642,26
1225544568,71
1225550834,53
1225551985,376
1225553633,32
1225556223,19
1225557539,19
1225558656,40
1225570552,17
1225572163,83
1225576792,35
1225583202,39
1225586334,47
1225594874,712
1225599451,116
1225602716,24
1225603857,16
1225605262,82
1225605804,41
1225614660,106
1225614895,53
1225619975,155
1225620122,433
1225626176,178
1225626763,21
1225639773,38
1225642446,13
1225651988,14
1225662585,15
1225666510,25
1225676063,109
1225676909,72
1225681482,45
1225683137,47
1225688424,1310
1225692581,25
1225701232,51
1225704208,20
1225711621,160
1225717117,12
1225722703,1223
1225723635,19
1225723660,13
1225753223,8017
1225753650,14
1225764309,11
1225772996,16
1225774688,7690
1225777233,29
1225779504,28
1225779594,264
1225780897,142
1225780993,16
1225799532,17
1225803835,51
1225809732,34
1225810547,42
1225818500,13
1225821344,24
1225834084,1769
1225834491,17
1225840521,1033
1225844031,17
1225850181,35
1225853511,18
1225856988,33
1225857440,50
1225861226,19
1225865375,24
1225876937,42
1225890580,19
1225893563,22
1225900566,59
1225904506,62
1225932464,222
1225933743,18
1225934387,12
1225943680,23
1225968076,16
1225969993,20
1225971591,20
1225983316,32
1225986799,18
1225990269,183
1225994627,25
1226007284,195
1226012688,12
1226012864,13
1226030841,43
1226032210,11
1226033059,18
1226034860,15
1226053598,8
1226056647,11
1226060652,59
1226062469,168
1226065142,110
1226068984,981
1226075327,52
1226079078,18
1226085740,112
1226088627,1048
1226093137,14
1226095529,25
1226100929,17
1226108917,45
1226115080,35
1226117657,20
1226128535,36
1226130495,11
1226146401,17
1226150677,19
1226151688,29
1226151883,440
1226161344,11
1226169092,13
1226182842,2331
1226183162,16
1226187070,119
1226187634,126
1226187719,58
1226193564,50
1226199630,52
1226200305,77
1226213530,12
1226227428,32
1226236210,39
1226238042,87
1226244643,11
1226246989,16
1226251409,175
1226252114,105
1226253568,51
1226254918,72
1226256828,300
1226263631,41
1226269138,11
1226278857,539
1226283335,23
1226284422,93
1226284891,12
1226289738,14
1226291577,45
1226292938,36
1226293227,33
1226304875,1683
1226309398,30
1226314049,23
1226314578,104
1226315076,103
1226316657,25
1226323056,14
1226339117,113
1226344275,15
1226349980,65
1226355570,27
1226371446,14
1226379024,3749
1226383350,136
1226384208,46
1226387322,11
1226390973,19
1226392513,10
1226398315,135
1226402027,78
1226406577,30
1226408403,16
1226415818,128
1226416904,21
1226422330,21
1226423849,18
1226427018,17
1226438114,15
1226444988,114
1226448677,85
1226454952,32
1226455806,53
1226456766,41
1226458391,79
1226466427,19
1226477048,13
1226480668,10
1226481856,22
1226489531,21
1226489634,81
1226498208,99
1226501154,31
1226503828,32
1226505078,10
1226505891,17
1226507528,15
1226514391,187
1226518400,74
1226523004,20
1226535806,185
1226538859,38
1226539674,60
1226540982,13
1226541360,14
1226544828,17
1226546604,40
1226547671,13
1226549459,215
1226553585,25
1226556412,312
1226560380,74
1226562178,78
1226571055,131
1226579643,17
1226586920,38
1226594437,14
1226597296,28
1226597750,170
1226607711,98
1226613826,15
1226619487,14
1226622350,12
1226622973,15
1226625878,26
1226626731,326
1226627909,327
1226632537,44
1226632856,38
1226642159,12
1226643987,86
1226646964,13
1226648841,47
1226652468,21
1226654232,81
1226655664,17
1226657498,18
1226658783,58
1226661880,15
1226666101,13
1226674733,11
1226680005,29
1226684518,54
1226685400,14
1226691771,113
1226699436,42
1226707772,22
1226707828,311
1226708151,15
1226709645,11
1226713626,87
1226729515,19
1226734075,11
1226740973,127
1226753901,33
1226755169,39
1226762620,13
1226767159,113
1226772027,26
1226775065,45
1226819062,28
1226821501,23
1226821868,13
1226828149,11
1226850047,15
1226854571,14
1226861761,38
1226863001,14
1226880839,32
1226886541,127
1226889175,62
1226907735,18
1226920373,31
1226922418,57
1226936027,16
1226947837,52
1226957148,43
1226959760,12
1226965804,32
1226967201,14
1226967770,23
1226967819,19
1226971454,259
1226986657,16
1226990646,55
1226990838,28
1227015908,36
1227017537,13
1227019873,203
1227022288,102
1227027199,20
1227039929,13
1227046979,31
1227065728,17
1227067139,164
1227069931,50
1227077394,15
1227085694,59
1227086368,19
1227088125,39
1227096538,27
1227101935,12
1227102698,3860
1227104690,79
1227105346,12
1227110871,44
1227119649,28
1227121063,129
1227125656,79
1227127184,24
1227127969,40
1227128046,19
1227129671,18
1227136764,281
1227152271,16
1227155975,20
1227168652,12
1227170018,42
1227174554,20
1227177719,78
1227179138,92
1227185855,14
1227186335,18
1227194005,127
1227195038,1330
1227205007,14
1227212265,13
1227213432,24
1227213690,13
1227214087,59
1227216141,63
1227220907,11
1227228210,14
1227231165,13
1227232520,21
1227237099,121
1227265762,72
1227276149,38
1227279014,27
1227293556,17
1227304377,13
1227305725,17
1227307732,121
1227308303,13
1227309113,40
1227309157,28
1227309257,95
1227315434,287
1227316546,13
1227317243,12
1227323948,106
1227324720,14
1227329418,64
1227333518,33
1227334684,13
1227339848,454
1227341286,459
1227347243,232
1227354976,15
1227364450,26
1227371987,125
1227377102,168
1227383057,32
1227386646,102
1227390839,506
1227392097,31
1227400359,13
1227406723,21
1227421344,42
1227431177,19
1227432942,620
1227433014,15
1227436157,15
1227440274,32
1227447038,29
1227459967,421
1227465950,11
1227490532,364
1227490571,27
1227497140,246
1227500565,27
1227501308,24
1227502479,31
1227504870,88
1227512772,65
1227519848,11
1227520263,45
1227526743,15
1227527033,102
1227531308,13
1227547559,15
1227569304,22
1227572703,26
1227579597,12
1227581500,11
1227593880,31
1227594572,11
1227601772,18
1227621444,29
1227634482,491
1227651594,20
1227655562,41
1227658387,80
1227659400,61
1227666088,15
1227674193,16
1227674495,65
1227680608,22
1227689238,689
1227689345,14
1227689365,1054
1227691444,209
1227691745,32
1227696060,18
1227710607,55
1227710766,38
1227736568,165
1227737079,12
1227738572,146
1227741708,41
1227743772,15
1227745768,17
1227759219,78
1227764627,612
1227764837,12
1227772650,103
1227778716,30
1227780447,66
1227783664,12
1227791598,144
1227791833,12
1227793598,23
1227794635,43
1227796170,26
1227802852,12
1227804086,24
1227819401,23
1227833686,15
1227836678,40
1227837151,16
1227841016,126
1227844943,45
1227854358,12
1227855667,12
1227859687,12
1227887303,17
1227889587,18
1227896191,46
1227896929,12
1227897195,18
1227900401,32
1227908098,33
1227909760,106
1227911136,11
1227920831,11
1227922538,15
1227922565,13
1227926204,16
1227927676,19
1227927721,266
1227928962,17
1227930611,62
1227931090,24
1227934615,18
1227937407,14
1227939012,39
1227941987,22
1227948480,11
1227949952,11
1227952190,19
1227957125,71
1227957130,349
1227957195,27
1227961194,25
1227970381,22
1227974472,17
1227994782,27
1227995235,144
1227997362,18
1228005292,14
1228007020,23
1228013410,83
1228017441,11
1228018833,11
1228032595,16
1228035032,79
1228046130,291
1228053564,151
1228062603,19
1228062617,47
1228067246,12
1228069348,42
1228074884,41
1228076003,175
1228086016,14
1228086182,100
1228088285,17
1228096639,14
1228101172,64
1228104491,47
1228115620,16
1228117001,206
1228125649,16
1228127918,28
1228130702,484
1228130770,13
1228146580,13
1228165644,49
1228168646,58
1228168995,38
1228170055,17
1228178051,12
1228200995,32
1228219566,10
1228221963,614
1228239224,17
1228240362,10
1228247504,34
1228250753,28
1228254460,16
1228261509,16
1228266778,81
1228267278,16
1228275932,54
1228281642,24
1228288173,18
1228295878,32
1228301704,19
1228306162,2248
1228306713,23
1228307422,22
1228312499,2355
1228312506,79
1228313288,34
1228316859,34
1228322256,17
1228323801,32
1228324681,17
1228342438,303
1228350271,31
1228350521,13
1228353720,23
1228366354,181
1228372477,21
1228379700,272
1228400253,57
1228403229,1648
1228411653,45
1228428489,23
1228439915,23
1228444255,706
1228446689,13
1228449634,136
1228473512,15
1228475028,13
1228476271,27
1228476484,55
1228479706,55
1228491972,95
1228493290,167
1228504283,11
1228512606,123
1228513113,11
1228513556,162
1228515248,102
1228515550,11
1228519832,16
1228523019,104
1228523683,64
1228545519,13
1228552104,13
1228558220,3773
1228568556,16
1228574491,15
1228575327,37
1228586120,180
1228588430,17
1228589758,944
1228602335,17
1228612153,95
1228618772,51
1228622177,61
1228631114,18
1228632952,11
1228635904,24
1228636567,175
1228642604,15
1228648424,26
1228657398,12
1228667346,82
1228668841,12
1228669486,14
1228674073,89
1228678241,30
1228680276,57
1228682702,209
1228685110,26
1228687488,740
1228693026,21
1228694959,50
1228695623,80
1228697918,63
1228698955,25
1228699675,22
1228700725,22
1228719920,165
1228724246,52
1228727422,31
1228736718,19
1228738883,21
1228747289,12
1228753050,23
1228757065,23
1228757171,24
1228760265,16
1228764266,16
1228768037,28
1228783107,11
1228810289,29
1228818758,14
1228819544,48
1228828230,13
1228840276,18
1228843980,18
1228844333,104
1228852684,754
1228858762,16
1228859413,21
1228860440,13
1228861830,15
1228862369,11
1228862630,45
1228871992,24
1228876335,22
1228878094,12
1228889804,12
1228895176,282
1228895544,12
1228904236,20
1228908118,12
1228917479,90
1228918500,40
1228920758,23
1228924271,54
1228925375,14
1228931313,290
1228940083,24
1228943778,16
1228957241,24
1228960838,15
1228968888,22
1228969569,46
1228970952,87
1228975741,55
1228980352,22
1229003220,11
1229006538,65
1229017267,252
1229020401,11
1229023725,73
1229031275,15
1229032419,48
1229035202,15
1229035215,13
1229036895,22
1229044921,18
1229048611,12
1229054518,26
1229063586,33
1229079681,93
1229084290,12
1229090312,55
1229105761,13
1229107163,181
1229111282,338
1229124309,12
1229124312,14
1229133593,11
1229158170,10
1229166124,16
1229168545,1070
1229172514,92
1229176335,50
1229190386,27
1229193892,21
1229195377,73
1229196808,86
1229204641,47
1229209839,47
1229210803,15
1229218228,177
1229224485,31
1229224593,16
1229238440,50
1229245515,21
1229259494,15
1229261085,12
1229268651,277
1229278525,43
1229279783,22
1229284884,148
1229292419,15
1229298305,20
1229310351,139
1229320971,81
1229333016,22
1229349063,15
1229349389,18
1229357719,13
1229373251,24
1229378930,20
1229386356,14
1229397886,17
1229408930,19
1229412034,56
1229418777,39
1229423958,31
1229428033,12
1229428402,20
1229438606,876
1229454546,27
1229457276,12
1229457609,25
1229464883,15
1229466378,60
1229467189,35
1229477362,12
1229488808,16
1229489956,119
1229492049,358
1229495263,14
1229500299,21
1229515933,32
1229520414,32
1229527457,26
1229528792,12
1229531271,4244
1229545347,13
1229555898,100
1229567447,97
1229570567,14
1229574762,592
1229601083,10
1229604063,80
1229613037,38
1229613796,93
1229617802,41
1229618308,1673
1229628532,92
1229629521,51
1229637015,42
1229641799,43
1229642522,91
1229647480,30
1229649395,102
1229650435,27
1229661701,38
1229669329,259
1229674813,12
1229676125,20
1229687336,19
1229689031,769
1229701530,89
1229702296,64
1229703050,40
1229708435,1166
1229721446,71
1229723763,14
1229741211,16
1229745713,15
1229754911,18
1229755072,30
1229783908,84
1229786287,97
1229790796,11
1229795529,29
1229795695,17
1229797518,38
1229800444,14
1229804367,27
1229805967,17
1229826021,15
1229833518,42
1229857613,50
1229861118,59
1229871910,21
1229875399,44
1229879223,12
1229879990,82
1229891190,58
1229897155,12
1229903970,12
1229912653,40
1229913273,17
1229921727,14
1229923980,24
1229925453,28
1229929214,47
1229936612,21
1229951782,108
1229966556,21
1229981114,27
1229996685,11
1230002242,13
1230003467,50
1230006699,39
1230011719,25
1230017515,79
1230024643,22
1230028115,38
1230041935,30
1230043431,68
1230046062,14
1230048764,84
1230050232,12
1230057297,21
1230065851,14
1230068255,1071
1230070449,15
1230084743,650
1230094821,49
1230103632,41
1230107024,56
1230108051,23
1230120460,15
1230123793,26
1230152852,4
1230155372,49
1230159855,13
1230160823,30
1230167645,272
1230176657,19
1230190038,13
1230219819,52
1230223069,32
1230276014,59
1230284069,52
1230292187,26
1230293192,1469
1230321451,119
1230325066,20
1230346035,35
1230373864,11
1230385816,660
1230405663,17
1230406987,22
1230409724,34
1230413282,389
1230418395,15
1230435080,84
1230436729,33
1230439621,13
1230447187,46
1230454104,14
1230454177,15
1230456360,16
1230459107,40
1230459924,265
1230464401,102
1230467838,71
1230476289,14
1230483021,23
1230488118,26
1230490753,22
1230492351,38
1230511039,104
1230513709,51
1230515496,19
1230518059,17
1230520777,50
1230522302,102
1230525793,83
1230526772,22
1230527280,22
1230529409,21
1230530146,12
1230541272,677
1230542209,14
1230543109,13
1230544421,36
1230545436,11
1230550463,16
1230552302,152
1230556858,13
1230557299,13
1230568421,11
1230571259,32
1230572279,31
1230575245,19
1230579510,12
1230579759,101
1230586927,42
1230615746,16
1230620963,913
1230623377,97
1230625926,30
1230630133,25
1230635158,27
1230642554,15
1230655525,301
1230659792,175
1230660642,12
1230664565,313
1230670201,17
1230673946,24
1230680336,23
1230692090,12
1230695001,69
1230715250,32
1230717187,20
1230718069,962
1230737007,19
1230742700,17
1230752196,51
1230753416,17
1230754449,18
1230756781,12
1230757897,12
1230768672,44
1230770171,153
1230773043,11
1230783829,37
1230786016,40
1230786055,44
1230788815,81
1230793950,22
1230797184,188
1230802596,12
1230804418,85
1230816656,58
1230825866,19
1230833691,13
1230838153,22
1230838307,47
1230840644,89
1230842937,28
1230844008,14
1230848107,12
1230852546,51
1230853768,16
1230857353,13
1230871680,34
1230881343,61
1230881670,12
1230886249,73
1230888286,13
1230888292,14
1230894777,339
1230923893,25
1230925393,2748
1230932548,14
1230933500,1915
1230934830,16
1230949874,213
1230951716,79
1230963108,15
1230966999,81
1230983602,13
1230988115,67
1230992661,32
1231005484,69
1231013771,22
1231027499,74
1231033580,84
1231033969,17
1231045391,190
1231046319,26
1231051334,31
1231055190,56
1231076326,20
1231076877,21
1231085769,71
1231088698,69
1231103016,21
1231109330,15
1231109894,39
1231115153,17
1231132517,18
1231135337,3487
1231139963,20
1231140530,12
1231148257,21
1231148851,19
1231150947,93
1231151385,37
1231151488,17
1231151663,14
1231170332,6574
1231173995,17
1231175554,10
1231190293,15
1231208198,15
1231208519,17
1231210975,324
1231241823,15
1231246471,15
1231252094,14
1231266096,31
1231274914,15
1231290655,16
1231291764,3599
1231317792,76
1231332766,97
1231340225,56
1231340530,33
1231341859,38
1231342894,35
1231355875,32
1231362609,49
1231366492,11
1231370735,17
1231381704,39
1231387029,503
1231393604,32
1231397904,14
1231403659,896
1231404888,16
1231411784,13
1231415007,81
1231419446,12
1231425003,62
1231428995,13
1231433355,30
1231444515,20
1231471942,65
1231477977,59
1231497523,28
1231505124,13
1231510846,14
1231521009,11
1231524322,33
1231527664,25
1231530575,13
1231538321,135
1231542361,15
1231545705,15
1231546738,15
1231549501,24
1231550533,17
1231552637,12
1231583450,13
1231585114,12
1231588676,31
1231593995,16
1231598581,20
1231608642,18
1231611366,5
1231614512,98
1231616411,16
1231620129,29
1231625820,46
1231628816,18
1231630576,65
1231642319,12
1231644909,11
1231649071,31
1231664875,141
1231670954,28
1231673216,273
1231680323,11
1231682461,18
1231686879,35
1231689449,269
1231690607,13
1231692013,26
1231693733,11
1231694800,12
1231703771,13
1231704393,147
1231729738,16
1231743029,2801
1231745368,24
1231745656,170
1231746098,18
1231752523,15
1231758535,14
1231759224,37
1231759515,17
1231759984,11
1231761068,13
1231764379,413
1231764941,53
1231780395,25
1231784866,36
1231788271,13
1231789326,79
1231795778,17
1231798689,14
1231803000,18
1231804068,18
1231804783,55
1231805954,28
1231815937,14
1231823217,61
1231824780,13
1231828364,46
1231833412,49
1231839460,347
1231839648,62
1231841922,28
1231851167,35
1231859271,38
1231866881,23
1231867801,91
1231870852,46
1231873889,20
1231878142,42
1231879080,12
1231881320,162
1231886686,12
1231888139,50
1231892841,16
1231894603,20
1231901927,13
1231904604,11
1231905001,130
1231907165,43
1231927624,15
1231939612,13
1231950207,10
1231951255,71
1231951515,32
1231957581,25
1231959993,14
1231961643,152
1231963420,12
1231964765,14
1231964865,27
1231971079,6
1231980017,215
1231981195,61
1231982666,395
1231982924,40
1231983974,23
1231994250,33
1231995031,11
1231995778,42
1231999821,14
1232001105,250
1232009484,51
1232012824,345
1232014015,16
1232030145,880
1232049160,74
1232068112,74
1232070333,33
1232073302,18
1232075306,28
1232075861,12
1232076534,23
1232090563,14
1232094166,325
1232095746,55
1232098068,40
1232101340,21
1232113187,20
1232117277,43
1232117613,152
1232123859,12
1232151729,17
1232153525,23
1232158115,20
1232179108,12
1232184481,57
1232186823,12
1232187392,11
1232187559,15
1232194910,12
1232198091,16
1232202151,13
1232204103,26
1232207193,291
1232207397,17
1232227455,23
1232230999,646
1232231222,51
1232234668,37
1232235554,71
1232237836,20
1232239020,85
1232248372,107
1232269102,14
1232276786,15
1232282516,45
1232293202,13
1232306594,17
1232327074,538
1232327866,45
1232334482,49
1232339395,99
1232370714,1219
1232377059,17
1232379583,26
1232385284,64
1232389209,11
1232391229,34
1232392775,15
1232401934,17
1232412113,19
1232418131,49
1232423250,20
1232425850,44
1232435913,28
1232438673,13
1232441255,37
1232451950,11
1232463120,29
1232464132,244
1232472302,26
1232475356,18
1232480669,167
1232486341,124
1232486433,47
1232498795,82
1232500611,14
1232502928,17
1232503620,17
1232503763,26
1232513743,20
1232516411,19
1232519992,24
1232525596,15
1232527299,89
1232531989,22
1232539952,21
1232540172,33
1232540803,190
1232549174,70
1232572427,236
1232575828,13
1232591685,20
1232599710,618
1232604320,28
1232621817,263
1232647348,24
1232648797,36
1232650857,103
1232656744,34
1232669793,17
1232669890,16071
1232673052,58
1232680785,110
1232691570,57
1232701426,23
1232703184,34
1232705473,58
1232705869,49
1232710515,95
1232712502,1505
1232714995,156
1232722722,83
1232724697,11
1232727602,398
1232733344,23
1232744272,11
1232744411,13
1232744559,613
1232750479,409
1232751931,16
1232754722,73
1232776063,157
1232779906,16
1232780747,13
1232789753,51
1232799038,18
1232808085,78
1232810067,87
1232816339,33
1232820476,12
1232821011,14
1232824274,489
1232828202,20
1232840936,43
1232842595,107
1232843240,279
1232845626,18
1232852448,14
1232874124,14
1232881907,36
1232897272,129
1232909411,23
1232909568,179
1232913979,12
1232917858,56
1232918613,15
1232923707,13
1232927836,17
1232938373,84
1232963755,15
1232965265,15
1232972544,11
1232973386,22
1232990838,21
1232995659,13
1232995828,2082
1232996564,62
1232997470,1500
1233008152,16
1233008591,32
1233010742,12
1233014365,88
1233015992,43
1233021008,22
1233021136,222
1233021488,11
1233023839,26
1233034881,12
1233037001,198
1233038165,30
1233038926,18
1233045914,12
1233049557,45
1233063278,15
1233065556,48
1233067536,11
1233069149,15
1233075087,18
1233079257,19
1233082731,1752
1233083551,9
1233098501,16
1233099780,28
1233104285,11
1233106510,42
1233109239,83
1233119393,1320
1233125421,20
1233133379,78
1233135720,850
1233143212,78
1233154583,23
1233174097,21
1233184997,54
1233186866,16
1233188553,14
1233189346,22
1233194295,42
1233202284,18
1233205881,19
1233207118,36
1233214582,72
1233216116,17
1233216476,22
1233224752,171
1233224946,29
1233251373,13
1233257999,318
1233258841,15
1233265885,44
1233268108,58
1233269361,14
1233277768,17
1233282551,67
1233291379,27
1233295735,21
1233319813,31
1233329720,18
1233329957,21
1233332479,333
1233332668,418
1233334923,13
1233350326,14
1233351502,27
1233363436,11
1233366728,140
1233366936,16
1233368430,13
1233369321,24
1233373060,13
1233382603,24
1233396999,19
1233397063,12
1233398203,209
1233405473,30
1233408615,25
1233408974,21
1233410784,26
1233416003,337
1233434991,59
1233445009,128
1233446849,481
1233448211,28
1233449784,19
1233450404,18
1233453656,77
1233458746,11
1233464839,25
1233465262,14
1233469120,46
1233469226,20
1233476234,15
1233480477,362
1233482326,27
1233488217,15
1233488749,27
1233490795,73
1233490808,11
1233493205,34
1233493409,19
1233495945,317
1233506305,14
1233513947,14
1233519809,20
1233520252,582
1233522763,19
1233524712,17
1233526732,11
1233530473,782
1233534767,11
1233537327,39
1233541170,139
1233543737,58
1233543984,523
1233544257,72
1233550386,31
1233550493,190
1233553764,88
1233562439,9
1233565815,159
1233569086,536
1233572903,279
1233573420,19
1233573842,68
1233580044,19
1233587089,40
1233598443,37
1233603128,880
1233603965,19
1233604225,14
1233606911,92
1233610760,12
1233614908,19
1233618223,45
1233627155,17
1233629841,19
1233635142,17
1233646374,267
1233649082,136
1233652236,32
1233652334,12
1233654138,16
1233656750,60
1233656840,329
1233657891,37
1233658145,86
1233679939,19
1233680465,368
1233686144,17
1233693748,11
1233696776,40
1233698270,15
1233699119,15
1233699402,18
1233699918,5
1233701259,226
1233703053,17
1233703424,18
1233705462,42
1233706426,107
1233709504,73
1233710805,14
1233712980,53
1233714212,14
1233720469,24
1233723985,16
1233725979,12
1233729011,231
1233729086,22
1233747143,190
1233749549,95
1233753464,572
1233757735,24
1233760877,23
1233765261,20
1233765815,32
1233768853,56
1233769789,29
1233770752,35
1233777384,36
1233798338,43
1233803199,48
1233805369,17
1233812013,14
1233816047,32
1233821151,39
1233827788,19
1233828825,13
1233843911,12
1233854753,62
1233860222,29
1233864947,27
1233866989,15
1233869677,12
1233876194,26
1233879845,24
1233880450,72
1233880644,14
1233894805,12
1233901070,37
1233904235,16
1233906435,187
1233907218,34
1233912286,12
1233919441,32
1233930657,38
1233931276,15
1233933761,65
1233943553,22
1233949434,28
1233958357,17
1233974117,75
1233976060,881
1233993377,12
1233995178,24
1233997710,12
1233998926,110
1234017442,11
1234025089,20
1234025876,56
1234028597,74
1234031683,27
1234032496,47
1234034478,598
1234035085,12
1234036165,23
1234036912,12
1234044583,12
1234045986,23
1234052506,11
1234055431,24
1234070879,24
1234092057,18
1234105541,28
1234112226,22
1234118506,33
1234132434,19
1234145889,11
1234147572,18
1234148417,23
1234162438,40
1234169919,55
1234177006,149
1234177512,26
1234178837,25
1234184966,26
1234190555,18
1234200320,30
1234222196,58
1234227627,40
1234233025,22
1234245766,17
1234248776,30
1234262086,171
1234264457,21
1234267901,12
1234272109,44
1234280457,39
1234287955,410
1234289791,206
1234294493,16
1234297189,64
1234300923,31
1234303102,18
1234304147,48
1234318070,89
1234326831,20
1234331775,13
1234335671,49
1234338588,122
1234345172,301
1234349309,17
1234349461,111
1234352205,27
1234369111,17
1234370872,18
1234397786,15
1234406300,27
1234406613,104
1234408269,12
1234414395,19
1234419539,9
1234422018,174
1234428768,22
1234431556,148
1234453033,19
1234460360,2222
1234461816,49
1234467701,35
1234468941,16
1234477934,109
1234479687,13
1234484212,14
1234493308,118
1234497073,22
1234500980,25
1234501960,28
1234503198,87
1234505847,15
1234510527,15
1234512626,17
1234527033,29
1234528389,63
1234531190,13
1234531788,15
1234537369,243
1234547478,37
1234550622,2612
1234561569,12
1234563660,116
1234569107,15
1234571279,338
1234584593,12
1234598133,26
1234599332,18
1234600595,22
1234604467,15
1234610717,33
1234612574,10
1234620713,10
1234643563,116
1234648277,32
1234648973,17
1234651011,29
1234659682,34
1234660785,16
1234663284,31
1234664581,21
1234668950,104
1234669280,39
1234670865,75
1234674650,89
1234675369,14
1234678740,12
1234692020,38
1234697322,21
1234703701,38
1234709952,18
1234712383,20
1234717086,74
1234717726,11
1234724745,1925
1234728317,44
1234728799,12
1234732702,14
1234736795,31
1234743389,67
1234743709,32
1234748523,19
1234759372,67
1234766431,150
1234808106,19
1234817105,29
1234819935,22
1234825297,31
1234829540,828
1234839530,17
1234854174,11
1234870827,167
1234871124,21
1234872393,19
1234884845,16
1234901863,14
1234902158,7
1234908161,14
1234910726,30
1234918031,25
1234923277,17
1234924484,20
1234932922,20
1234949873,19
1234965356,34
1234995144,19
1234999285,19
1235003804,345
1235009516,70
1235012977,13
1235028451,12
1235037158,22
1235044422,12
1235045594,25
1235046467,94
1235049982,11
1235050047,25
1235056479,8832
1235076151,91
1235077351,18
1235080900,14
1235091914,177
1235098353,186
1235103257,26
1235109342,67
1235111179,91
1235112405,49
1235113559,105
1235113769,16
1235116683,233
1235117834,12
1235123321,24
1235128023,49
1235128193,36
1235131147,132
1235135158,422
1235143195,14
1235145221,27
1235150265,71
1235161765,25
1235167543,21
1235168383,12
1235169587,12
1235175101,714
1235186898,22
1235192172,12
1235192304,41
1235199422,11
1235201909,66
1235219333,16
1235219714,22
1235221346,26
1235222817,16
1235225511,113
1235226760,101
1235230186,38
1235232111,17
1235254657,559
1235257170,22
1235259928,22
1235263729,126
1235266237,25
1235278626,19
1235288917,15
1235295742,158
1235298635,11
1235298988,50
1235311075,14
1235318920,82
1235322661,420
1235324410,528
1235325516,17
1235348945,21
1235349424,18
1235368663,18
1235372092,22
1235384825,36
1235398362,15
1235401698,170
1235403515,42
1235415129,12
1235416020,28
1235419463,14
1235423394,31
1235424374,22
1235433876,21
1235435251,20
1235439841,54
1235467345,293
1235467347,16
1235483809,1024
1235491483,40
1235491525,749
1235491557,661
1235491573,37
1235491599,36
1235491636,32
1235491662,31
1235494902,104
1235507023,84
1235511227,240
1235511271,46
1235515289,30
1235516373,27
1235528350,17
1235528861,14
1235535108,77
1235536039,605
1235557096,34
1235561546,397
1235563757,14
1235570981,96
1235600169,13
1235600664,12
1235601806,15
1235603352,21
1235604959,1055
1235615622,41
1235620806,36
1235625452,85
1235635879,32
1235635941,70
1235641260,43
1235648424,50
1235666777,13
1235677045,13
1235677889,33
1235682971,59
1235693765,16
1235695972,12
1235696190,23
1235697532,12
1235700241,39
1235703061,13
1235708935,19
1235712635,78
1235713026,12
1235721044,355
1235728605,11
1235730493,339
1235733002,89
1235738333,15
1235745072,16
1235785305,14
1235796446,44
1235801337,18
1235804415,7
1235809841,45
1235821686,287
1235824690,1252
1235826853,186
1235832354,2733
1235839978,17
1235841610,66
1235850561,31
1235854800,12
1235864347,41
1235887692,75
1235898898,28
1235904866,12
1235915700,388
1235923517,45
1235928536,322
1235937388,17
1235944874,17
1235950823,27
1235951137,85
1235953029,24
1235957378,27
1235957729,29
1235989465,54
1235991419,166
1235995633,26
1236003844,17
1236010010,38
1236020540,30
1236022353,12
1236024834,398
1236029557,19
1236030607,17
1236032569,14
1236033849,12
1236037886,53
1236038347,22
1236069346,16
1236072112,91
1236080238,45
1236092346,14
1236097343,19
1236103434,81
1236113248,12
1236116882,79
1236134087,57
1236138758,21
1236144809,25
1236146225,18
1236147664,15
1236147743,248
1236150757,27
1236154506,202
1236169319,61
1236174636,17
1236183038,311
1236183483,12
1236188285,13
1236189703,12
1236192120,65
1236193793,16
1236197117,32
1236205854,15
1236210286,16
1236215173,678
1236217302,28
1236220169,15
1236225066,26
1236230376,31
1236231313,86
1236232731,135
1236238799,18
1236239871,11
1236242712,325
1236249097,835
1236256286,9
1236258392,23
1236268528,11
1236268781,42
1236270722,11
1236276097,76
1236280432,15
1236281532,13
1236290893,25
1236293784,24
1236297203,12
1236299256,78
1236299970,23
1236299999,30
1236308364,18
1236310444,437
1236311039,19
1236318244,339
1236318314,94
1236318548,44
1236320113,15
1236324961,15
1236325505,13
1236328476,38
1236334602,15
1236336437,711
1236336797,37
1236338255,100
1236348029,20
1236350718,60
1236351119,31
1236353193,1930
1236369867,14
1236376729,41
1236378975,13
1236390867,30
1236393593,18
1236412595,22
1236415557,78
1236416145,12
1236419355,11
1236423287,59
1236429199,62
1236430316,17
1236444588,16
1236448624,39
1236456093,110
1236456506,190
1236467467,95
1236472889,159
1236475536,14
1236475951,14
1236477525,13
1236477821,29
1236478732,15
1236490395,535
1236493835,27
1236496917,18
1236501740,15
1236502369,29
1236502968,19
1236505940,51
1236507497,54
1236507612,24
1236514798,18
1236523584,177
1236536813,116
1236539330,24
1236548587,24
1236558471,24
1236558948,95
1236565619,30
1236570104,155
1236572125,30
1236574498,227
1236597439,21
1236611436,29
1236614974,10
1236627656,55
1236654892,22
1236667081,12
1236668474,13
1236672762,17
1236677779,146
1236692100,19
1236692111,87
1236692563,26
1236705473,25
1236709079,11
1236710711,17
1236712166,29
1236724617,14
1236724803,59
1236730482,31
1236735790,65
1236755306,115
1236763145,13
1236764229,37
1236767104,12
1236771809,171
1236781628,11
1236782644,14
1236783424,20
1236785802,25
1236788504,20
1236790468,99
1236808991,11
1236809377,47
1236816811,12
1236835461,33
1236835492,12
1236840275,108
1236851335,30
1236852308,27
1236854679,25
1236859477,18
1236861772,97
1236872415,18
1236877194,25
1236894679,53
1236908206,31
1236909004,11
1236910063,102
1236911090,59
1236918072,12
1236931661,25
1236933951,16
1236941307,66
1236945444,15
1236957585,469
1236964964,36
1236968473,13
1236981959,87
1236984329,23
1236985474,97
1237004640,1577
1237007359,22
1237010660,56
1237013741,869
1237021776,27
1237023264,19
1237037977,11
1237043630,129
1237046812,12
1237052662,52
1237054274,43
1237062426,14
1237066114,19
1237066616,16
1237067851,21
1237095996,56
1237104157,14
1237109545,30
1237111736,13
1237112689,308
1237113075,45
1237114445,55
1237116511,74
1237131130,12
1237137541,14
1237146076,83
1237159425,16
1237163046,233
1237164472,148
1237164513,3840
1237174940,2917
1237176215,10
1237181322,36
1237199276,16
1237215648,23
1237218322,23
1237219351,15
1237225592,19
1237225812,14
1237229663,27
1237231741,14
1237232401,13
1237232532,108
1237232853,89
1237239472,1040
1237241613,22
1237243825,18
1237246004,13
1237250723,12
1237253926,13
1237257052,120
1237257560,17
1237259189,39
1237267911,14
1237271327,78
1237283836,17
1237284154,10
1237287718,28
1237290361,13
1237295423,26
1237295737,62
1237295946,28
1237299882,28
1237301457,16
1237302913,15
1237308021,59
1237318021,55
1237319927,750
1237342938,16
1237345031,159
1237346118,141
1237353655,21
1237354845,13
1237360639,70
1237365178,114
1237370783,116
1237378117,20
1237383337,24
1237387249,24
1237390322,15
1237392402,23
1237403075,15
1237409271,11
1237416862,15
1237418222,15
1237422941,52
1237424084,19
1237428082,18
1237428154,16
1237429296,181
1237433527,58
1237436537,17
1237444585,15
1237448423,55
1237453528,17
1237461617,11
1237463177,200
1237464523,38
1237465820,289
1237470197,12
1237470590,21
1237475996,50
1237500772,12
1237501021,25
1237507452,17
1237514143,12
1237516776,83
1237522343,50
1237524419,995
1237525004,18
1237525965,24
1237527907,14
1237528100,65
1237536657,31
1237548136,16
1237556756,14
1237566150,61
1237567431,14
1237567855,61
1237569827,23
1237570742,2993
1237574834,13
1237596235,14
1237604801,16
1237605993,61
1237607224,18
1237610023,23
1237619750,13
1237623600,24
1237625202,163
1237627849,31
1237630202,394
1237639323,326
1237640697,23
1237640922,27
1237643030,16
1237648686,45
1237651000,19
1237652723,14
1237658148,17
1237696009,11
1237699264,17
1237699485,11
1237707289,44
1237717182,11
1237720723,14
1237728861,16
1237729316,13
1237733764,13
1237734940,21
1237735665,33
1237749445,46
1237750162,214
1237773425,87
1237781439,17
1237784796,16
1237786440,15
1237789963,18
1237809202,380
1237818034,121
1237819660,25829
1237821145,12
1237826064,236
1237829770,11
1237833791,13
1237835872,60
1237836502,11
1237839280,18
1237841458,56
1237843760,13
1237845954,15
1237849841,14
1237852816,16
1237856742,26
1237856798,21
1237857534,35
1237858339,56
1237862355,40
1237873111,58
1237876885,25
1237879977,13
1237885983,179
1237886021,35
1237887278,13
1237891010,42
1237897310,129
1237898891,46
1237901907,28
1237904058,11
1237906084,16
1237911785,2711
1237924504,18
1237926298,22
1237930635,36
1237955879,15
1237979735,1932
1237988466,13
1237991026,48
1237994338,12
1237999979,28
1238010504,17
1238020455,46
1238042326,17
1238042602,99
1238043239,1586
1238043869,32
1238045437,19
1238047523,1232
1238050175,110
1238063840,17
1238071279,65
1238086960,17
1238091730,46
1238096032,476
1238104138,46
1238108965,25
1238119796,11
1238120057,21185
1238121115,53
1238133044,134
1238139003,31
1238142752,18
1238143049,43
1238152096,15
1238157601,32
1238166279,37
1238179349,17
1238187414,19
1238194024,18
1238194631,26
1238203091,11
1238204186,14
1238210020,18
1238212613,29
1238219632,18
1238246893,17
1238256194,37
1238264514,36
1238268252,14
1238273556,24
1238275599,24
1238285636,58
1238292307,10
1238294428,56
1238294607,115
1238301041,157
1238305550,19
1238314095,30
1238325234,16
1238336148,12
1238338967,11
1238339696,13
1238352328,21
1238353357,46
1238359772,14
1238361124,25
1238363307,47
1238364469,46
1238374516,17
1238379684,17
1238384020,110
1238386254,20
1238388797,15
1238392177,29
1238394528,11
1238398366,19
1238402794,122
1238412760,25
1238416752,394
1238420386,21
1238426179,879
1238426791,418
1238434689,12
1238449822,14
1238453195,39
1238455882,112
1238458554,561
1238460215,42
1238468873,11
1238490261,36
1238496158,188
1238499219,18
1238503477,443
1238505021,30
1238505874,110
1238509745,16
1238514693,13
1238529161,13
1238537858,22
1238540326,21
1238542557,15
1238542948,28
1238547139,81
1238548881,11
1238552380,18
1238559947,53
1238571740,30
1238573176,15
1238576219,26
1238579838,18
1238580104,11
1238586910,11
1238606716,2748
1238608979,298
1238610334,20
1238611197,24
1238611909,25
1238612611,19
1238634317,16
1238645472,344
1238653384,130
1238669068,55
1238676776,11
1238676972,16
1238677791,32
1238684786,14
1238692464,19
1238695224,12
1238707516,12
1238722120,15
1238723751,12
1238727325,31
1238731481,30
1238733254,36
1238739631,19
1238742660,20
1238743123,31
1238755764,167
1238758672,377
1238759267,21
1238765688,16
1238775512,628
1238783354,187
1238787403,11
1238812762,31
1238818691,15
1238830448,101
1238831904,12
1238834247,15
1238836672,11
1238850401,11
1238855847,30
1238866442,75
1238872822,138
1238876865,34
1238889388,18
1238894468,19
1238894762,17
1238896536,109
1238897954,36
1238911466,15
1238914644,24
1238926475,11
1238930668,16
1238948350,17
1238954573,19
1238954795,17
1238956754,427
1238959575,44
1238968097,44
1238986224,18
1238992253,1200
1238993977,19
1238996909,341
1239006019,51
1239011091,40
1239018578,19
1239029437,16
1239032588,14
1239039079,166
1239045423,55
1239056971,7
1239062027,5
1239071762,52
1239077803,19
1239104861,67
1239110217,18
1239112559,12
1239115570,35
1239117786,20
1239117832,20
1239119721,1876
1239126926,16
1239135974,30
1239139048,69
1239140279,344
1239151917,61
1239152939,20
1239159840,2268
1239160406,11
1239173626,17
1239193196,52
1239193572,11
1239197994,37
1239198502,64
1239199313,14
1239200352,32
1239204847,21
1239209837,17
1239210589,219
1239212074,16
1239214607,45
1239216283,45
1239216743,12
1239243690,21
1239249946,12
1239251402,11
1239262895,12
1239264029,268
1239273447,17
1239285070,88
1239297672,112
1239309119,12
1239321485,72
1239341513,19
1239351619,107
1239353812,21
1239357956,76
1239359080,16
1239365819,12
1239366397,26
1239367040,32
1239373733,20
1239374684,12
1239375488,357
1239375999,16
1239382882,100
1239396861,15
1239398976,19
1239402511,11
1239412648,12
1239412733,15
1239414002,15
1239414821,825
1239416779,11
1239427226,23
1239434866,503
1239441299,35
1239447191,53
1239447811,18
1239455254,237
1239464173,46
1239469327,33
1239473321,599
1239474789,49
1239489400,48
1239491397,38
1239518697,83
1239522492,578
1239524798,14
1239528524,21
1239532231,33
1239537127,45
1239537612,11
1239544598,17
1239549872,167
1239550442,64
1239556796,198
1239557619,55
1239563227,57
1239563655,124
1239567925,18
1239574235,13
1239577913,43
1239579728,20
1239580976,15
1239599225,20
1239600245,21
1239611613,27
1239617900,14
1239618973,52
1239619264,33
1239621046,13
1239622029,13
1239622387,581
1239624733,50
1239630237,14
1239644418,18
1239645385,415
1239654352,17
1239660837,15
1239669136,23
1239673198,21
1239676667,127
1239707233,31
1239715093,15
1239716772,13
1239722612,26
1239726217,23
1239728183,55
1239732876,24
1239735146,18
1239735720,17
1239744607,12
1239746319,22
1239749878,11
1239752722,107
1239754392,15
1239757945,36
1239765355,34
1239769034,21
1239774861,210
1239787202,16
1239797781,104
1239797866,15
1239799148,14
1239802726,10
1239806607,31
1239812704,23
1239825801,17
1239826594,20
1239856270,30
1239859061,145
1239864142,694
1239869762,46
1239878087,40
1239878287,202
1239890796,1408
1239894005,39
1239898419,147
1239901771,31
1239906726,24
1239909172,16
1239911524,11
1239918790,2579
1239921355,21
1239923622,67
1239928176,641
1239930788,121
1239940446,101
1239942327,14
1239944495,15
1239949403,21
1239953499,90
1239960519,12
1239961334,25
1239966472,15
1239977707,11
1239979370,41
1239982332,13
1239983358,24
1239995275,17
1239996076,5310
1239999657,17
1240003797,34
1240013465,101
1240014089,17
1240015023,17
1240019066,12
1240020163,19
1240031323,14
1240043567,11
1240045833,29
1240047266,90
1240051005,48
1240052317,32
1240056880,11
1240061827,21
1240062561,134
1240070838,13
1240073512,21
1240080694,35
1240083383,21
1240087779,16
1240092403,18
1240122142,16
1240131152,23
1240132015,18
1240150652,24
1240159825,12
1240163211,99
1240163717,20
1240164093,48
1240167455,21
1240183493,46
1240191065,2220
1240192072,13
1240195275,12
1240202235,18
1240214550,27
1240224353,15
1240247258,14
1240247529,12
1240249001,11
1240258164,16
1240259223,44
1240269979,12
1240272133,54
1240276079,30
1240288571,14
1240299044,12
1240299682,27
1240305839,12
1240308067,124
1240315822,23
1240332026,48
1240333679,16
1240340068,76
1240341386,11
1240346607,51
1240346695,184
1240364388,206
1240365600,26
1240374270,40
1240393483,12
1240394691,17
1240417420,11
1240419112,27
1240420839,22
1240421258,581
1240437710,12
1240443039,47
1240444875,33
1240448548,11
1240483776,223
1240492421,47
1240498594,14
1240500457,55
1240502884,78
1240515946,13
1240521980,11
1240522440,18
1240537180,97
1240542828,18
1240545670,11
1240545861,41
1240556206,30
1240556566,30
1240560323,57
1240566648,74
1240567099,16
1240568470,49
1240572887,30
1240579392,15
1240580951,11
1240599492,59
1240601170,76
1240602767,13
1240611559,18
1240644798,19
1240648531,13
1240652283,17
1240653523,86
1240665936,11
1240667381,13
1240671870,18
1240672860,18
1240677825,51
1240682987,13
1240690447,14
1240693623,25
1240698398,311
1240700384,58
1240708362,29
1240713910,52
1240719306,19
1240720849,91
1240724913,21
1240725237,11
1240725952,115
1240730830,85
1240732143,131
1240743325,45
1240747229,16
1240755345,14
1240766312,20
1240768914,11
1240771767,39
1240775510,324
1240786277,26
1240793632,14
1240801215,35
1240808459,18
1240820240,11
1240830830,83
1240832183,18
1240844474,36
1240851965,19
1240854296,59
1240856375,19
1240859912,18
1240865540,15
1240868987,36
1240872088,792
1240872126,36
1240872943,10
1240894264,12
1240896337,16
1240905795,18
1240919474,41
1240938433,15
1240944610,34
1240944626,763
1240946207,15
1240948992,19
1240955193,13
1240959510,38
1240961226,21
1240963793,14
1240977522,11
1240995825,40
1240996286,321
1241000028,228
1241014702,14
1241017476,57
1241019087,23
1241033447,13
1241037350,12
1241040212,15
1241048131,77
1241051113,17
1241054742,52
1241058151,25
1241070039,12
1241074831,20
1241076174,227
1241088351,13
1241094896,14
1241096931,24
1241105467,21
1241106368,24
1241110664,12
1241114653,17
1241132689,37
1241134258,70
1241141239,32
1241146344,56
1241146497,31
1241149979,41
1241152875,983
1241153103,35
1241159711,19
1241163802,13
1241169266,15
1241170129,11
1241172117,14
1241179152,30
1241185532,85
1241208413,34
1241209202,123
1241212925,17
1241215332,26
1241218480,28
1241223523,77
1241234879,283
1241246291,12
1241257629,6762
1241258726,207
1241271550,58
1241273478,519
1241275896,52
1241277287,39
1241277589,85
1241279320,15
1241281880,13
1241283238,23
1241295791,25
1241298903,48
1241300226,14
1241309851,13
1241319334,16
1241329902,36
1241335289,20
1241335398,13
1241336268,33
1241338288,39
1241345946,17
1241348820,39
1241350460,15
1241353600,16
1241358748,13
1241360951,38
1241362619,2626
1241367216,12
1241368039,22
1241383026,12
1241389997,17
1241397530,14
1241407718,21
1241411485,27
1241412718,89
1241414489,16
1241415025,47
1241420026,22
1241425259,1875
1241430916,142
1241450690,20
1241453878,24
1241459204,11
1241459358,14
1241469718,16
1241476818,14
1241477012,13
1241487212,16
1241488294,14
1241489968,32
1241494140,31
1241500194,81
1241503505,11
1241511155,166
1241515224,345
1241519294,30
1241526989,21
1241535855,11
1241537755,510
1241538479,219
1241539231,99
1241540822,13
1241541907,76
1241552156,39
1241553266,13
1241586348,15
1241587887,47
1241588340,32
1241611273,13
1241612240,67
1241612644,57
1241613478,168
1241621727,85
1241631637,13
1241633491,18
1241640889,13
1241641410,20
1241644778,16
1241647818,85
1241648746,37
1241650947,29
1241653775,19
1241653839,152
1241657568,23
1241657981,11
1241661785,17
1241665017,16
1241665534,29
1241679569,38
1241704120,19
1241705990,69
1241706792,140
1241709623,144
1241723280,17
1241738234,96
1241742205,33
1241743752,242
1241747058,39
1241749352,36
1241750341,60
1241752946,39
1241761359,36
1241767972,24
1241775611,75
1241778703,52
1241803876,128
1241816625,63
1241825365,30
1241825396,302
1241828177,13
1241837533,31
1241845242,117
1241863775,29
1241878578,14
1241879839,13
1241886270,19
1241889596,16
1241889601,81
1241891788,26
1241894863,34
1241896683,13
1241912674,12
1241916676,39
1241954827,32
1241955479,29
1241958508,41
1241959906,325
1241960226,20641
1241963187,60
1241965602,18
1241974928,13
1241975714,16
1241976480,20
1241977003,17
1241977188,20
1241979160,84
1241979723,15
1241987162,911
1241990307,70
1241990700,1846
1241994412,39
1242010545,14
1242013932,5
1242017470,3
1242027459,118
1242030289,29
1242030344,31
1242034359,57
1242041584,62
1242043952,17
1242047436,82
1242060029,115
1242065628,14
1242070147,16
1242072896,24
1242077970,38
1242077982,85
1242094165,176
1242098463,26
1242099375,15
1242100472,49
1242107382,2010
1242108349,156
1242121583,17
1242128023,32
1242143475,16
1242169673,47
1242170957,17
1242175465,14
1242179708,17
1242180484,117
1242192661,16
1242196870,15
1242203650,191
1242206624,64
1242211335,28
1242230402,29
1242238680,0
1242243389,16
1242243557,11
1242244665,15
1242245415,22
1242249898,31
1242252209,41
1242268113,55
1242272716,65
1242283903,18
1242284800,17
1242288930,18
1242293609,67
1242306767,323
1242316635,1567
1242320277,14
1242321286,48
1242326448,21
1242339840,44
1242350957,38
1242354790,1762
1242356298,48
1242384007,12
1242392922,270
1242402978,201
1242415623,226
1242427355,12
1242428415,69
1242432807,11
1242441763,25
1242442927,42
1242442956,18
1242450764,41
1242451241,15
1242472887,18
1242497817,31
1242503983,12
1242517249,57
1242520249,25
1242522317,12
1242534846,12
1242536991,17
1242538725,12
1242552865,21
1242559266,15
1242562576,15
1242564361,11
1242565101,12
1242568050,55
1242571544,35
1242572220,12
1242576422,12
1242579794,75
1242581027,42
1242582611,41
1242582771,20
1242587191,11
1242591913,18
1242595081,11
1242623011,13
1242627057,42
1242637912,18
1242643262,11
1242649859,15
1242665944,29
1242670883,14
1242672160,163
1242679355,1449
1242692799,19
1242697027,144
1242705930,19
1242712290,84
1242719319,1143
1242731930,11
1242750846,13
1242760522,23
1242766913,75
1242787253,309
1242790955,29
1242805637,28
1242808266,11
1242815807,18
1242836028,18
1242847410,84
1242849406,63
1242854746,41
1242858742,42
1242867671,832
1242881254,18
1242885972,15
1242896502,257
1242899551,158
1242899915,50
1242903900,21
1242911893,23
1242916194,13
1242917283,12
1242924666,112
1242933539,20
1242956191,16
1242967652,5164
1242971079,12
1242974687,32
1242994017,134
1242995930,24
1243001514,18
1243006338,207
1243011353,1853
1243017690,416
1243019455,16
1243020749,128
1243027110,80
1243027635,64
1243027695,18
1243029025,17
1243033047,113
1243037216,12
1243043047,17
1243057319,27
1243060739,17
1243065333,12
1243068376,23
1243068991,27
1243071828,24
1243072224,76
1243086146,12
1243090173,17
1243095143,13
1243099463,14
1243100020,117
1243106323,248
1243107271,34
1243109314,15
1243110119,15
1243111477,11
1243130327,11
1243136561,53
1243146433,226
1243160351,353
1243160855,39
1243164484,70
1243166788,15
1243166945,219
1243176585,344
1243179697,84
1243183766,22
1243199454,30
1243200853,98
1243202918,14
1243210367,60
1243217842,28
1243238668,85
1243240174,13
1243242946,53
1243244774,52
1243247507,133
1243249411,18
1243256378,57
1243266259,10
1243270101,14
1243276849,18
1243277861,142
1243279769,80
1243282472,11
1243285960,18
1243288395,11
1243296441,174
1243301217,14
1243308022,17
1243316506,14
1243317327,159
1243318039,18
1243319764,11
1243320653,14
1243335820,87
1243337208,11
1243337973,11
1243338375,17
1243339945,14
1243343514,38
1243348295,37
1243353499,12
1243353641,93
1243354073,92
1243355836,16
1243364905,213
1243365944,352
1243369427,13
1243370296,23
1243370935,39
1243373853,141
1243380368,12
1243384906,19
1243386295,11
1243386953,37
1243393451,55
1243394372,18
1243397963,623
1243401750,67
1243403565,20
1243403791,35
1243407684,17
1243414163,14
1243414364,13
1243432393,11
1243435460,32
1243436931,13
1243440891,23
1243456460,24
1243462118,21
1243465661,19
1243470443,11
1243474783,19
1243475954,13
1243480043,25
1243486736,44
1243490323,84
1243499752,101
1243510961,12
1243520031,166
1243523634,15
1243524942,12
1243529611,11
1243536512,118
1243546453,11
1243567693,14
1243589705,30
1243592929,15
1243594497,12
1243601229,33
1243601998,21
1243607387,16
1243611246,11
1243614106,18
1243618131,627
1243619611,52
1243631224,31
1243632421,12
1243632643,14
1243643571,15
1243645314,110
1243646445,14
1243647266,63
1243649535,11
1243660478,15
1243674199,73
1243680833,25
1243704133,21
1243710888,25
1243720201,11
1243732556,651
1243739072,431
1243754671,21
1243754968,83
1243761147,14
1243762255,53
1243765551,14
1243765775,59
1243773718,16
1243780058,35
1243795091,34
1243799385,31
1243802511,17
1243808884,56
1243841282,74
1243842380,15
1243843387,141
1243859110,17
1243859417,27
1243860196,37
1243861636,20
1243868004,16
1243878128,47
1243889840,1730
1243904405,61
1243908724,20
1243925666,12
1243928497,43
1243928867,26
1243929420,17
1243945729,13
1243947630,156
1243951513,25
1243954362,71
1243959521,11
1243961683,32
1243962929,71
1243963093,200
1243975263,15
1243975449,37
1243978384,69
1243979429,58
1243998884,16
1244000773,15
1244001574,25
1244028703,30
1244036548,11
1244037728,13
1244040752,102
1244045010,29
1244047930,24
1244050587,171
1244051960,31
1244056427,19
1244064544,11
1244071529,3102
1244073371,34
1244074262,45
1244074490,21
1244074619,14
1244076766,12
1244108994,640
1244116421,20
1244130987,25
1244136912,11
1244140869,28
1244142296,51
1244148805,17
1244151525,16
1244155308,38
1244155727,64
1244157761,32
1244162403,1096
1244168174,38
1244174738,15
1244176206,11
1244178999,17
1244184293,13
1244185155,412
1244194276,31
1244194507,24
1244197679,33
1244200187,11
1244213970,37
1244216551,47
1244217665,21
1244226944,24
1244231089,11
1244232710,54
1244238140,21
1244238936,33
1244255120,17
1244255768,11
1244263982,11
1244264446,61
1244264505,84
1244277268,17
1244278623,12
1244290601,106
1244295316,20
1244296820,748
1244307392,43
1244307848,20
1244322645,48
1244323702,254
1244325213,15
1244328171,25
1244341252,11
1244344645,14
1244346431,23
1244361533,15
1244364968,18
1244370426,16
1244375757,48
1244375832,74
1244377054,25
1244385712,19
1244386148,14
1244391930,13
1244391958,115
1244425600,17
1244431440,311
1244443711,14
1244459047,24
1244462189,53
1244468619,270
1244473756,36
1244476160,33
1244476739,13
1244482736,11
1244488619,18
1244490397,85
1244491708,57
1244493472,1476
1244500483,137
1244530113,18
1244534097,17
1244539716,51
1244540718,12
1244541606,21
1244548537,11
1244557522,179
1244564263,174
1244565986,255
1244570126,35
1244582483,84
1244593267,37
1244595001,16
1244596735,20
1244598092,21
1244599833,25
1244611777,24
1244615729,25
1244621946,65
1244626627,58
1244638297,11
1244644510,12
1244645507,77
1244647147,13
1244660131,13
1244664340,66
1244666899,12
1244667663,58
1244673218,84
1244675532,17
1244679831,12
1244688614,30
1244691031,11
1244693229,15
1244693986,26
1244713152,18
1244716271,38
1244742159,12
1244747615,111
1244747754,13
1244750915,69
1244755919,15
1244762126,32
1244770399,19
1244774008,156
1244780636,24
1244782513,125
1244784820,113
1244799378,7
1244801083,16
1244801631,44
1244804202,24
1244813010,18
1244814127,196
1244828190,32
1244838109,81
1244838820,13
1244848150,52
1244858848,26
1244859148,355
1244862129,13
1244872344,72
1244886395,15
1244896384,16
1244916257,14
1244926035,100
1244934024,32
1244939861,17
1244948549,61
1244954648,13
1244959261,581
1244959516,12
1244959985,18
1244960155,98
1244989350,197
1245004908,35
1245010764,89
1245029777,27
1245035344,18
1245035377,21
1245041174,40
1245043545,59
1245045417,11
1245048633,21
1245051336,17
1245059090,12
1245060355,20
1245061401,30
1245064524,16
1245064892,385
1245076219,68
1245097257,27
1245100586,29
1245101224,132
1245104473,100
1245106598,326
1245108765,16
1245113203,15
1245132749,121
1245188885,13
1245192508,13
1245195081,25
1245220559,16
1245220578,12
1245221146,22
1245222189,13
1245223443,16
1245224749,16
1245225769,30
1245227535,113
1245234058,81
1245241908,98
1245243244,17
1245243860,41
1245256564,1559
1245258929,14
1245259290,13
1245267327,96
1245268506,752
1245272377,105
1245274067,25
1245278599,19
1245279396,15
1245282108,142
1245290072,57
1245292227,18
1245294728,19
1245296273,86
1245308002,60
1245310595,18
1245318030,38
1245319446,671
1245322596,20
1245325857,66
1245327065,109
1245329241,807
1245331393,13
1245333424,447
1245333938,272
1245344317,51
1245347848,53
1245350611,23
1245355875,24
1245356181,28
1245356640,106
1245356661,72
1245359581,36
1245362186,13
1245364257,12
1245365519,39
1245368109,37
1245369970,24
1245371971,18
1245380838,12
1245391661,30
1245396820,12
1245405409,21
1245412168,119
1245419404,14
1245425969,14
1245427200,21
1245427909,62
1245429611,98
1245439294,17
1245439775,12
1245440202,22
1245444273,58
1245451069,13
1245452305,2524
1245458564,158
1245458706,95
1245461700,138
1245465729,3540
1245470955,189
1245476031,1299
1245491192,24
1245509597,14
1245510473,28
1245510932,89
1245511686,12
1245518138,36
1245524843,11
1245539123,97
1245540410,158
1245545312,27
1245546693,41
1245549227,152
1245556773,19
1245558372,203
1245561762,677
1245563309,127
1245585947,11
1245591132,158
1245593541,14
1245595783,12
1245617878,35
1245621552,162
1245623286,21
1245633673,13
1245635988,11
1245644492,80
1245647600,12
1245653552,12
1245664409,11
1245681818,84
1245692484,19
1245695183,119
1245699721,6131
1245699982,22
1245720361,11
1245720902,75
1245723733,12
1245725287,15
1245730899,31
1245733063,718
1245738786,40
1245740241,19
1245743299,12
1245746212,13
1245748325,13
1245760328,145
1245771671,28
1245772322,12
1245775155,11
1245790592,92
1245797515,138
1245813675,14
1245816682,12
1245820850,57
1245834824,19
1245838621,87
1245849114,33
1245862251,64
1245865164,13
1245871125,17
1245872885,63
1245881246,12
1245893489,21
1245894065,15
1245901041,538
1245903975,19
1245921621,428
1245923485,17
1245925715,19
1245927552,33
1245944434,13
1245952606,2016
1245955470,14
1245957017,38
1245959143,97
1245970168,18
1245970899,60
1245998874,15
1246000378,35
1246031278,20
1246047187,14
1246072199,45
1246073739,24
1246090648,11
1246093394,20
1246096751,13
1246104866,11
1246113734,13
1246132462,17
1246148135,1791
1246196526,49
1246198169,169
1246201104,19
1246205050,16
1246211773,622
1246220668,23
1246224744,22
1246227084,108
1246228717,41
1246229181,20
1246236720,102
1246237538,33
1246238195,35
1246243218,111
1246244431,38
1246249472,12
1246250743,23
1246251770,61
1246265860,103
1246270079,21
1246273057,273
1246273154,26
1246274264,28
1246276297,199
1246276785,148
1246279685,26
1246280246,15
1246292527,15
1246292540,35
1246304557,17
1246315244,75
1246322535,12
1246326252,28
1246326761,252
1246330857,149
1246332472,31
1246336325,17
1246337897,12
1246346594,694
1246360316,14
1246389313,13
1246399437,3942
1246402525,134
1246410678,33
1246435403,20
1246440630,1066
1246441409,27
1246442875,74
1246446448,15
1246451746,34
1246459259,6836
1246471409,14
1246482134,23
1246482207,61
1246483895,194
1246500556,96
1246504454,13
1246510003,12
1246513769,25
1246515824,109
1246515971,14
1246519476,12
1246521575,149
1246529893,14
1246532319,201
1246533311,12
1246534911,1576
1246536953,12
1246538174,48
1246539049,16
1246542567,85
1246549494,20
1246561851,17
1246567508,21
1246570817,39
1246574857,18
1246574873,154
1246577741,24
1246582123,47
1246590578,12
1246596727,12
1246596878,22
1246600517,1065
1246600961,44
1246600993,28
1246602771,29
1246622880,16
1246625636,8339
1246629463,28
1246631932,31
1246638907,44
1246642453,39
1246644567,13
1246646082,17
1246662457,11
1246664009,20
1246681024,16
1246687346,12
1246690056,53
1246695181,19
1246709259,35
1246710934,12
1246711970,160
1246712495,11
1246715834,15
1246717058,14
1246719459,39
1246721062,502
1246722622,1056
1246742103,17
1246745196,28
1246745654,14
1246749616,227
1246751432,16
1246751434,108
1246759937,44
1246767321,18
1246771179,17
1246779788,77
1246782280,53
1246786755,78
1246790422,64
1246795720,156
1246797254,18
1246802646,29
1246803083,57
1246804487,14
1246812750,60
1246814545,10
1246814836,18
1246817571,17
1246821609,23
1246837463,11
1246843657,23
1246849817,24
1246854395,20
1246857494,30
1246866879,20
1246880217,12
1246887188,42
1246895855,41
1246904632,127
1246905604,95
1246911708,67
1246914307,18
1246924426,15
1246924457,11
1246959565,41
1246959727,46
1246967830,13
1246980923,40
1246989049,29
1246992941,22
1246994155,44
1247000985,18
1247014730,101
1247024515,18
1247024804,126
1247033084,101
1247044553,16
1247045448,27
1247051636,21
1247052265,53
1247062549,41
1247077303,27
1247077505,26
1247078110,40
1247086450,16
1247093576,21
1247095976,331
1247100158,23
1247106374,10
1247115218,89
1247115666,70
1247117944,31
1247122194,19
1247124796,14
1247134453,41
1247141754,11
1247142210,26
1247149707,129
1247161384,23
1247171934,15
1247181447,44
1247188228,40
1247190710,79
1247191183,15
1247195606,31
1247195686,17
1247212350,25
1247217251,83
1247225040,14
1247231088,67
1247236424,576
1247242073,231
1247256403,9
1247256864,341
1247257056,70
1247257077,19
1247257153,11
1247265455,26
1247276507,11
1247281221,37
1247282947,12
1247286539,27
1247288896,206
1247289840,28
1247290145,28
1247291997,22
1247292043,55
1247294715,214
1247295822,12
1247301782,43
1247302502,87
1247303587,11
1247310533,34
1247314588,122
1247316645,35
1247317288,53
1247321833,387
1247351481,18
1247356796,23
1247365040,78
1247371684,68
1247376153,20
1247376695,142
1247380137,35
1247384825,28
1247388276,47
1247401217,46
1247414152,146
1247418292,48
1247419504,21
1247421999,16
1247424466,13
1247425144,11
1247433544,83
1247436411,72
1247458577,16
1247458623,23
1247459187,36
1247461066,24
1247469826,181
1247473093,12
1247477036,20
1247482929,67
1247489291,51
1247492866,13
1247495357,20
1247508851,13
1247509569,24
1247515668,23
1247529759,18
1247539290,12
1247546991,212
1247561558,13
1247566922,40
1247570734,13
1247581321,70
1247581975,36
1247591069,22
1247591822,24
1247594975,11
1247599728,30
1247600704,14
1247602219,27
1247603334,40
1247604974,11
1247605879,34
1247605980,53
1247609335,26
1247612350,216
1247622731,151
1247623206,26
1247625334,11
1247628069,14
1247630704,53
1247641253,17
1247649837,19
1247663174,11
1247666824,26
1247670071,28
1247671245,112
1247672857,30
1247682155,18
1247682989,21
1247694581,12
1247699938,12
1247702973,115
1247709872,27
1247712689,40
1247712904,23
1247720302,53
1247743070,11
1247743352,143
1247745092,17
1247746103,17
1247746872,12
1247748424,43
1247756899,22
1247777740,19
1247782277,14
1247782800,27
1247786593,275
1247798896,12
1247799878,20
1247808514,172
1247813845,14
1247826283,11
1247833825,74
1247838123,48
1247842541,22
1247845398,19
1247866311,15
1247890345,14
1247897962,11
1247916961,285
1247926868,21
1247938040,142
1247939001,61
1247940076,16
1247944288,420
1247953558,114
1247955571,15
1247959177,15
1247960650,70
1247966640,71
1247969231,35
1247972630,33
1247980837,19
1247981517,110
1247984150,13
1248011103,1752
1248031872,80
1248032650,23
1248034647,127
1248040531,11
1248040866,18
1248041623,54
1248045931,18
1248050597,17
1248051050,14
1248054102,66
1248055238,336
1248058147,32
1248064498,11
1248066032,14
1248067744,11
1248072541,23
1248078952,78
1248082572,12
1248087013,58
1248090936,11
1248096254,41
1248105780,54
1248111614,24
1248111899,19
1248123371,91
1248124718,21
1248128332,12
1248129522,13
1248141334,140
1248143320,16
1248150453,24
1248150739,19
1248151636,12
1248154861,24
1248155542,20
1248160730,18
1248163123,11
1248164821,23
1248165430,18
1248175705,94
1248181720,29
1248182767,21
1248183848,41
1248186446,105
1248199024,34
1248199796,12
1248204690,397
1248211654,18
1248213776,67
1248216427,507
1248219709,49
1248221644,41
1248231202,13
1248243804,25
1248248786,24
1248253333,19
1248255775,21
1248257257,104
1248257430,74
1248264334,27
1248267320,415
1248269184,12
1248275548,11
1248292552,11
1248296770,19
1248302385,24
1248302524,31
1248303277,50
1248305485,78
1248309376,14
1248310439,88
1248315096,344
1248323006,177
1248332641,13
1248333420,33
1248334419,27
1248336086,48
1248340154,20
1248344067,17
1248346724,133
1248348085,15
1248348624,17
1248352148,30
1248353257,11
1248354167,26
1248357950,16
1248358923,233
1248359368,25
1248368290,20
1248369746,21
1248373426,60
1248374766,118
1248378025,113
1248384170,33
1248385157,34
1248395430,35
1248396295,25
1248401048,50
1248401658,30
1248403597,61
1248412629,33
1248413615,13
1248414214,28
1248417002,11
1248435337,12
1248438483,22
1248441930,23
1248442200,54
1248442484,18
1248453360,32
1248453777,34
1248461566,16
1248469137,26
1248474674,54
1248482197,273
1248482770,13
1248483021,28
1248489557,67
1248493288,58
1248502601,11
1248509220,14
1248510758,20
1248512702,17
1248516993,143
1248517174,19
1248517528,44
1248528424,38
1248534579,33
1248538120,18
1248559884,11
1248573158,15
1248575408,17
1248579736,63
1248581414,12
1248586873,51
1248587890,12
1248591409,20
1248591897,53
1248597849,20
1248615838,35
1248618409,301
1248620768,203
1248620921,24
1248625781,19
1248628771,24
1248636112,194
1248647057,14
1248656866,12
1248657228,21
1248659915,176
1248670681,50
1248670774,20
1248679982,38
1248685391,651
1248715157,18
1248719717,24
1248726560,28
1248727836,20
1248731923,37
1248735165,10
1248735456,31
1248735737,47
1248742343,480
1248745413,164
1248747220,654
1248749020,16
1248758524,158
1248761307,847
1248761484,15
1248763048,243
1248766276,92
1248769876,11
1248772322,11
1248772557,11
1248774202,309
1248782150,37
1248789121,252
1248793375,14
1248794761,24
1248795924,170
1248796295,22
1248803716,30
1248827715,18
1248827837,18
1248836706,16
1248861358,52
1248871857,14
1248872128,41
1248873301,58
1248874742,68
1248874749,71
1248880965,15
1248882195,17
1248882718,56
1248883464,27
1248889884,107
1248896213,16
1248897354,23
1248897838,50
1248898453,11
1248898722,20
1248898972,33
1248908185,12
1248915354,23
1248917960,24
1248924479,493
1248925933,17
1248926022,65
1248930600,26
1248931805,26
1248932206,12
1248933347,60
1248941614,35
1248943562,26
1248949848,12
1248950091,25
1248951081,24
1248951507,21
1248952892,12
1248955957,3248
1248958654,55
1248962830,16
1248981027,121
1248981662,84
1248983894,11
1248984067,45
1248986738,15
1248994114,26
1249006271,30
1249013020,21
1249014031,55
1249015197,30
1249015425,14
1249023319,11
1249024111,57
1249027272,11
1249040497,49
1249047809,90
1249051947,14
1249052052,11
1249052875,13
1249062173,14
1249068419,14
1249070629,72
1249094239,119
1249095115,119
1249111989,40
1249123734,118
1249131332,19
1249136784,29
1249157414,12
1249158906,16
1249162928,468
1249175775,15
1249178065,20
1249180847,157
1249181353,26
1249182330,22
1249187944,95
1249189589,76
1249202199,20
1249203338,294
1249207787,14
1249209643,264
1249213103,31
1249224062,119
1249225398,24
1249239992,13
1249245754,437
1249258514,287
1249261520,1806
1249271148,27
1249276248,15
1249284066,17
1249287005,36
1249290620,36
1249293657,24
1249296723,12
1249300381,97
1249303001,12
1249305626,15
1249305805,13
1249315245,28
1249317289,32
1249325080,30
1249332416,45
1249337353,12
1249344928,19
1249345325,26
1249346259,13
1249357615,30
1249360394,9
1249363406,33
1249369480,69
1249380837,20
1249382417,12
1249386263,31
1249386299,30
1249406215,13
1249408490,30
1249409445,40
1249410188,17
1249421739,30
1249422921,59
1249430762,11
1249432822,10
1249454751,12
1249458219,23
1249462231,83
1249462611,107
1249466568,13
1249467039,28
1249488202,48
1249509510,11
1249517670,32
1249519439,22
1249521361,16
1249530651,18
1249530755,32
1249534702,87
1249535239,84
1249548355,34
1249549064,12
1249550191,418
1249550690,71
1249557108,14
1249572987,16
1249573380,14
1249578225,16
1249582990,56
1249619405,23
1249628271,13
1249634577,78
1249655286,19
1249658123,70
1249659243,49
1249662979,19
1249663397,13
1249669193,18
1249681283,16
1249695433,14
1249708194,45
1249709179,86
1249723308,58
1249730633,55
1249731486,41
1249738003,128
1249740810,31
1249756800,16
1249766977,18
1249774057,362
1249779388,17
1249784811,19
1249785717,24
1249792018,31
1249808300,22
1249808474,17
1249808814,109
1249809218,12
1249813229,78
1249814139,106
1249826669,13
1249826776,13
1249847701,74
1249847920,130
1249849319,61
1249853652,31
1249855865,210
1249866465,2394
1249868091,20
1249880434,15
1249881776,16
1249883059,11
1249887741,40
1249888354,160
1249892130,12
1249893354,20
1249895223,41
1249903076,13
1249907578,55
1249908102,13
1249913179,130
1249913251,35
1249915620,13
1249922033,801
1249923101,18
1249942687,38
1249944634,19
1249951168,28
1249964612,14
1249978957,18
1249980876,93
1249982319,21
1249983772,190
1249990320,911
1250009810,23
1250016256,13
1250020003,14
1250040582,226
1250045863,15
1250050869,129
1250051977,11
1250057030,12
1250060426,26
1250065590,39
1250068182,54
1250070490,43
1250072702,12
1250081513,26
1250083495,33
1250085833,15
1250093949,12
1250109958,14
1250113821,25
1250122277,32
1250123107,15
1250126240,97
1250129192,21
1250134799,15
1250142065,17
1250146825,12
1250157861,12
1250164325,12
1250182657,22
1250204816,25
1250216343,14
1250224428,22
1250229427,24
1250233265,21
1250237069,13
1250243010,30
1250244785,19
1250245397,20
1250255823,45
1250257487,44
1250258692,320
1250259248,49
1250265557,18
1250280866,157
1250289468,24
1250293035,12
1250295793,50
1250296394,12
1250296864,326
1250301953,76
1250301976,69
1250308031,11
1250314473,18
1250315476,23
1250320740,14
1250326588,11
1250328232,81
1250332636,91
1250335928,12
1250336324,13
1250337793,16
1250346244,19
1250354179,16
1250360389,61
1250361878,11
1250367999,20
1250371224,30
1250377526,11
1250391425,11
1250394838,136
1250404733,31
1250413436,14
1250414618,24
1250417836,16
1250420602,37
1250439637,58
1250445362,11
1250446965,19
1250459937,44
1250468542,15
1250486012,15
1250493755,134
1250500177,27
1250504922,22
1250505481,20
1250508847,73
1250510717,12
1250512479,19
1250528328,23
1250529441,11
1250540901,21
1250541123,15
1250553890,13
1250556989,12
1250561399,14
1250568649,47
1250569639,153
1250575980,1090
1250595753,18
1250626860,105
1250634182,64
1250651738,131
1250651755,105
1250658155,19
1250663311,19
1250666404,13
1250673270,44
1250677506,57
1250678702,55
1250680727,62
1250681945,26
1250689756,11
1250696677,40
1250696765,13
1250706260,45
1250709578,26
1250713849,15
1250716184,11
1250741226,37
1250756907,11
1250763371,120
1250763414,176
1250771627,18
1250806008,93
1250812354,106
1250815023,18
1250818845,1978
1250822765,4339
1250824950,108
1250830715,59
1250834429,118
1250835189,102
1250836794,49
1250837740,52
1250837806,14
1250842815,25
1250860168,809
1250863480,11
1250868690,51
1250876768,13
1250878990,22
1250889003,19
1250895580,61
1250907050,16
1250911372,536
1250918358,56
1250918529,35
1250931415,25
1250937916,11
1250950417,17
1250958854,15
1250977830,27
1250978302,137
1250978888,27
1250981471,25
1250989577,59
1250997037,13
1250998045,29
1251005638,46
1251007586,77
1251009262,15
1251011584,15
1251011879,26
1251012724,37
1251014582,20
1251020438,11
1251020516,11
1251020986,38
1251023065,17
1251023178,14
1251024234,12
1251025862,11
1251026554,13
1251032065,52
1251045093,35
1251057798,1081
1251066255,89
1251067168,19
1251068284,32
1251069607,27
1251072363,19
1251077755,55
1251078984,15
1251085918,14
1251086916,1474
1251097472,26
1251097626,45
1251103176,16
1251118569,25
1251118601,33
1251122133,321
1251123266,106
1251124565,34
1251126765,13
1251127841,101
1251130670,54
1251139326,17
1251139884,39
1251140252,20
1251145978,12
1251150120,38
1251156448,29
1251159224,13
1251160046,32
1251169801,78
1251180462,40
1251182451,17
1251186402,2943
1251187002,11
1251194539,11
1251196102,13
1251213060,41
1251216667,958
1251226689,49
1251240181,12
1251240323,23
1251241656,489
1251246810,198
1251249025,12
1251254800,19
1251258620,15
1251260343,17
1251263546,6383
1251265302,20
1251266007,15
1251273528,20
1251278834,18
1251280424,119
1251282803,17
1251283920,13
1251285811,31
1251301903,1063
1251303564,18
1251308481,16
1251313363,12
1251313933,38
1251314041,82
1251314288,29
1251323039,12
1251343430,20
1251352160,33
1251359454,19
1251360469,151
1251368164,88
1251377810,37
1251382271,320
1251382609,25
1251385826,18
1251387822,14
1251398714,26
1251401451,20
1251409505,11
1251420451,19
1251421003,23
1251433180,12
1251445838,147
1251447656,15
1251450386,448
1251456931,17
1251460378,1374
1251460904,18
1251465520,23
1251466224,13
1251467172,28
1251482232,63
1251491910,39
1251497181,13
1251498553,21
1251498620,75
1251504299,19
1251505949,30
1251508685,49
1251523074,46
1251532445,22
1251542434,14
1251547021,14
1251547207,17
1251552989,29
1251558498,23
1251570670,65
1251580441,22
1251583175,87
1251599962,19
1251604333,647
1251624865,29
1251626339,26
1251648836,215
1251663029,18
1251670765,14
1251689896,13
1251699671,12
1251700076,17
1251721871,19
1251723283,38
1251724698,22
1251731366,50
1251731376,12
1251734577,300
1251734584,40
1251739081,21
1251740335,27
1251756708,17
1251759892,33
1251760410,11
1251772458,71
1251775321,21
1251775733,9526
1251778861,22
1251792143,14
1251802067,171
1251802724,13
1251803584,14
1251813045,84
1251827172,13
1251829083,15
1251829476,13
1251845453,11
1251848854,35
1251849393,40
1251849873,35
1251875798,306
1251875808,19
1251884605,87
1251885652,50
1251890389,15
1251897393,1059
1251899628,13
1251903045,41
1251908803,113
1251910639,21
1251914525,66
1251915392,16
1251922246,13
1251922807,241
1251925434,21
1251927617,29
1251929985,91
1251930408,13
1251934611,66
1251942561,48
1251952412,69
1251952732,17
1251953699,15
1251959042,11
1251971351,19
1251972814,204
1251976028,128
1251980172,68
1252004011,42
1252004709,18
1252008320,54
1252018507,44
1252021413,16
1252023224,26
1252031757,18
1252036272,21
1252038744,18
1252041604,34
1252061412,60
1252069793,13
1252078364,60
1252079931,12
1252091728,16
1252093552,73
1252094313,151
1252102710,36
1252117557,383
1252124728,87
1252126809,11
1252127170,61
1252128435,95
1252128712,16
1252129353,18
1252130548,44
1252134250,41
1252136178,13
1252140935,11
1252147339,264
1252153392,42
1252154132,53
1252159801,57
1252163022,21
1252166840,154
1252169477,22
1252174335,217
1252175636,14
1252190566,14
1252192009,48
1252193482,63
1252196939,18
1252197860,21
1252198341,949
1252200141,26
1252203843,19
1252211432,14
1252217827,94
1252218467,30
1252218508,44
1252237951,32
1252244572,58
1252248426,34
1252252549,182
1252254864,13
1252255944,16
1252258448,840
1252263438,13
1252270191,27
1252273912,39
1252276246,72
1252294823,790
1252298988,14
1252302865,39
1252306996,103
1252311044,66
1252323344,27
1252329745,20
1252335022,12
1252338417,385
1252344029,11
1252346445,14
1252347222,27
1252349871,18
1252351219,32
1252352256,264
1252353845,20
1252355400,13
1252356934,399
1252369220,23
1252388266,14
1252390722,16
1252416155,129
1252416972,33
1252426483,18
1252427005,102
1252427337,31
1252430502,16
1252432466,1511
1252440552,12
1252450076,89
1252453520,46
1252460350,129
1252480275,15
1252489123,36
1252489441,14
1252504178,48
1252504826,11
1252509592,25
1252514339,14
1252529804,145
1252531427,18
1252551939,29
1252565065,107
1252591763,38
1252604518,62
1252614765,23
1252618883,30
1252640395,62
1252660578,15
1252663001,42
1252665712,222
1252674082,11
1252678407,12
1252683525,131
1252706328,11
1252708837,46
1252709482,95
1252720351,13
1252742425,17
1252753056,56
1252762674,13
1252767968,63
1252769293,14
1252769537,54
1252770030,104
1252773170,143
1252781693,85
1252783246,22
1252786173,15
1252794477,18
1252795971,15
1252796495,28
1252800918,476
1252806653,45
1252807060,14
1252812411,13
1252814323,289
1252818966,23
1252834518,341
1252837596,43
1252849584,369
1252855223,14
1252855897,40
1252864153,11
1252865556,225
1252872258,16
1252873338,12
1252906447,196
1252912673,25
1252914174,1222
1252928482,20
1252928995,153
1252936604,23
1252944075,114
1252945188,16
1252947649,12
1252952191,13
1252952405,14
1252953230,11
1252954588,54
1252959382,13
1252977352,15
1252984906,15
1253003051,18
1253009493,16
1253018855,19
1253018922,27
1253028636,86
1253029370,18
1253030135,37
1253030239,18
1253035764,13
1253043798,53
1253048130,303
1253051799,11
1253053983,32
1253058314,13
1253060190,11
1253073679,167
1253076510,22
1253087813,61
1253093667,19
1253094078,23
1253095831,13
1253096577,14
1253105062,17
1253106462,19
1253109536,14
1253136404,110
1253138201,9558
1253140411,12
1253142931,55
1253154385,13
1253159229,12
1253161184,23
1253161550,56
1253172163,99
1253173624,13
1253176060,12
1253177447,11
1253180911,31
1253183580,12
1253187784,458
1253188133,52
1253188625,25
1253189731,61
1253190467,387
1253192251,15
1253193912,38
1253196108,52
1253198907,43
1253202484,11
1253209585,18
1253215229,21
1253226365,15
1253229117,76
1253229410,53
1253236308,831
1253246843,108
1253255514,18
1253258627,16
1253263152,11
1253263363,16
1253264520,15
1253274530,71
1253276414,11
1253277329,47
1253282479,12
1253289046,20
1253291046,18
1253298475,39
1253298895,256
1253310633,23
1253315866,32
1253321907,13
1253325096,43
1253333823,19
1253338425,47
1253345584,14
1253355518,11
1253355909,22
1253360155,12
1253367871,36
1253380025,31
1253383646,30
1253395625,21
1253396714,63
1253399623,15
1253402092,45
1253404011,11
1253408150,16
1253408695,15
1253416463,132
1253425173,117
1253434460,28
1253437477,17
1253447693,13
1253468349,23
1253469197,277
1253472297,19
1253475617,73
1253485086,11
1253502725,15
1253504490,48
1253525979,516
1253530425,13
1253537209,11
1253541782,33
1253557571,17
1253570680,20
1253581456,37
1253582840,16
1253588145,30
1253595420,20
1253615096,18
1253623979,16
1253656413,98
1253671303,56
1253675841,28
1253679657,40
1253681844,15
1253689538,23
1253690069,12
1253701314,60
1253701802,29
1253702844,346
1253707218,30
1253720103,17
1253729367,33
1253736519,30
1253742875,33
1253751761,29
1253754548,14
1253767152,99
1253777615,18
1253810861,38
1253811539,25
1253818087,428
1253828973,14
1253838600,46
1253848583,25
1253848998,43
1253854641,131
1253861590,36
1253884201,28
1253885183,12
1253890132,28
1253895982,20
1253897951,93
1253903395,32
1253909831,25
1253910734,108
1253910903,15
1253911241,22
1253931164,16
1253944538,13
1253949245,16
1253958043,78
1253958991,14
1253960983,55
1253965584,25
1253977740,265
1253986450,46
1253990739,13
1253998361,19
1253999202,33
1254012505,24
1254014703,22
1254015381,39
1254016797,34
1254019661,18
1254019975,32
1254024450,11
1254030784,12
1254034581,27
1254042671,150
1254048353,62
1254056681,28
1254057572,11
1254070081,16
1254079730,18
1254079995,12
1254082382,29
1254084097,132
1254084271,201
1254094317,10
1254098980,52
1254102663,1359
1254109005,140
1254114247,27
1254116142,33
1254116963,15
1254121526,16
1254133915,206
1254138541,72
1254144254,21
1254144284,10
1254146279,11
1254147730,83
1254160123,33
1254169763,58
1254172144,286
1254179462,232
1254181310,22
1254184429,18
1254189492,44
1254212219,13
1254222212,11
1254225062,439
1254227775,12
1254236422,23
1254236704,11
1254241414,37
1254252644,374
1254255091,12
1254260949,33
1254262014,18
1254264635,63
1254275329,14
1254275749,21
1254290765,1
1254297242,72
1254301562,20
1254302588,89
1254314982,15
1254319847,15
1254330320,23
1254332563,45
1254334425,378
1254339935,35
1254363469,14
1254364909,12
1254373926,23
1254381594,25
1254384645,24
1254385987,37
1254392393,12
1254398677,230
1254399477,12
1254401289,18
1254406160,82
1254411461,10
1254412545,12
1254416519,28
1254422214,50
1254431824,21
1254437167,38
1254441434,217
1254442158,33
1254446563,14
1254447437,17
1254452192,14
1254452787,32
1254464469,24
1254468871,124
1254470906,13
1254484582,11
1254485070,108
1254488786,296
1254493862,12
1254494310,15
1254494406,120
1254496741,125
1254511581,51
1254512342,11
1254513990,22
1254520394,24
1254524549,19
1254526494,59
1254527180,18
1254542861,59
1254550137,17
1254551153,12
1254554862,418
1254563196,12
1254564615,41
1254568308,17
1254581518,14
1254582918,421
1254583584,24
1254587174,14
1254611266,34
1254612542,60
1254621308,13
1254626919,11
1254628874,13
1254632152,15
1254639681,13
1254654777,14
1254670042,25
1254677146,49
1254677395,26
1254683579,11
1254686143,14
1254689754,34
1254694129,37
1254695322,31
1254698689,13
1254705293,15
1254709505,25
1254709542,93
1254709546,94
1254723344,25
1254738596,124
1254747633,72
1254749434,722
1254762496,40
1254770962,101
1254781717,24
1254786830,14
1254791906,16
1254793224,12
1254796141,36
1254796279,26
1254797756,15
1254804097,86
1254806672,11
1254821193,107
1254821263,13
1254821702,34
1254822800,13
1254833122,32
1254835140,13
1254841524,14
1254842655,14
1254844644,48
1254852838,50
1254853575,64
1254855346,35
1254859692,36
1254862084,286
1254864393,37
1254883422,85
1254883580,16
1254883786,15
1254889363,424
1254897550,24
1254902423,41
1254907261,14
1254909527,311
1254916915,26
1254921178,68
1254922746,14
1254925678,17
1254927411,36
1254930923,89
1254933451,55
1254936535,70
1254942874,12
1254957788,26
1254958761,18
1254962360,21
1254968049,12
1254975170,14
1254976532,15
1254978612,1275
1254979680,49
1254980620,12
1254981976,31
1254982293,27
1254988625,18
1254989944,23
1254994604,11
1254999058,74
1255000879,20
1255012792,20
1255014875,321
1255018965,215
1255019438,137
1255030433,77
1255035312,104
1255036494,23
1255040895,37
1255047944,14
1255048873,16
1255052395,25
1255053392,90
1255058993,39
1255066757,119
1255069527,1284
1255069809,29
1255083276,13
1255084016,169
1255096810,23
1255103576,25
1255106581,15
1255110293,22
1255112026,41
1255112574,42
1255122629,622
1255122754,86
1255125268,34
1255126889,12
1255127941,35
1255129589,13
1255138122,111
1255139597,12
1255140163,23
1255141143,29
1255148136,55
1255156283,69
1255156294,13
1255160041,31
1255160069,45
1255163849,11
1255172001,67
1255180606,85497
1255183845,70
1255184316,11
1255184385,39
1255204332,12
1255204944,144
1255207002,14
1255207455,12
1255214093,75
1255215630,57
1255216528,26
1255217938,4831
1255221654,176
1255225975,68
1255231979,86
1255237198,1310
1255240664,14
1255248708,13
1255251136,101
1255251478,302
1255252768,14
1255259812,12
1255262063,69
1255267904,459
1255281808,17
1255283013,13
1255291036,1013
1255291644,26
1255292571,14
1255294416,11
1255296887,52
1255298603,35
1255302592,13
1255305328,140
1255328803,123
1255337613,12
1255349692,31
1255351625,24
1255352255,18
1255359164,38
1255361346,48
1255370361,42
1255377268,11
1255388337,149
1255391825,170
1255396003,13
1255396262,18
1255399416,83
1255400304,19
1255412388,1326
1255435041,14
1255437855,26
1255452572,202
1255459277,109
1255466067,82
1255479245,75
1255480829,19
1255488822,13
1255497074,43
1255500482,26
1255504318,14
1255508156,43
1255527317,205
1255529982,11
1255548271,91
1255548448,13
1255563159,714
1255566884,15
1255580602,29
1255596359,310
1255606208,29
1255607374,120
1255607681,9
1255607931,26
1255610167,48
1255610635,16
1255619122,58
1255623257,80
1255626665,34
1255632247,21
1255635173,18
1255635278,15
1255635956,39
1255636103,18
1255642930,11
1255644879,118
1255645214,250
1255645993,93
1255649592,14
1255655571,19
1255658534,18
1255665358,152
1255671416,102
1255672659,13
1255689883,282
1255695357,12
1255699364,20
1255701432,749
1255706921,30
1255708192,92
1255715568,47
1255715915,22
1255722057,41
1255725941,23
1255726496,12
1255729003,26
1255734079,43
1255735488,80
1255737222,461
1255738228,46
1255741629,37
1255741729,174
1255742924,236
1255753477,24
1255754715,11
1255764474,33
1255768549,824
1255772026,27
1255775965,85
1255777137,21
1255779273,18
1255793570,15
1255794238,65
1255798421,18
1255800034,664
1255801447,68
1255809571,58
1255811098,28
1255814688,18
1255817315,398
1255835429,57
1255839702,14
1255841045,225
1255841208,45
1255852666,1400
1255854163,134
1255866572,290
1255868108,20
1255871614,273
1255875588,25
1255878092,61
1255884999,37
1255887695,20
1255894310,32
1255906464,16
1255926795,12
1255930302,142
1255931715,15
1255932242,41
1255934214,65
1255939006,13
1255939927,1017
1255952586,11
1255957684,20
1255959569,16
1255962608,15
1255969968,12
1255977012,14
1255978057,41
1255987686,21
1256004106,17
1256004258,36
1256004591,12
1256006352,77
1256008414,12
1256010188,25
1256010196,35
1256013446,102
1256017052,13
1256019022,18
1256035393,145
1256044657,13
1256044850,24
1256057070,27
1256057097,23
1256061018,57
1256070689,62
1256075082,183
1256080504,1200
1256081410,28
1256082863,2730
1256087672,17
1256100909,12
1256117847,36
1256129531,27
1256134563,19
1256135527,171
1256142741,17
1256150601,152
1256152082,22
1256152256,13
1256157003,25
1256158761,16
1256162488,11
1256168258,322
1256174716,17
1256203716,40
1256206719,13
1256210575,39
1256212160,23
1256225183,416
1256233184,92
1256245174,20
1256254749,23
1256267364,50
1256270560,30
1256273336,18
1256283138,51
1256284456,33
1256294633,20
1256335459,152
1256339895,24
1256345172,28
1256353697,89
1256355630,25
1256362818,12
1256365721,11
1256369595,19
1256380956,12
1256381100,23
1256384533,27
1256386246,128
1256392208,23
1256393269,38
1256394332,19
1256394914,48
1256395974,22
1256397049,18
1256418773,14
1256421769,10
1256425092,12
1256429757,23
1256465772,24
1256469584,28
1256474162,22
1256477021,31
1256488150,12
1256488414,29
1256508800,15
1256525840,286
1256528164,23
1256532379,15
1256536129,21
1256556655,13
1256557633,38
1256569717,41
1256574820,24
1256594473,76
1256613417,782
1256613854,45
1256614080,63
1256616890,531
1256622298,40
1256635590,15
1256663368,11
1256668848,83
1256674994,23
1256680367,27
1256685222,14
1256692328,25
1256694816,34
1256695612,13
1256697754,23
1256700912,89
1256706414,15
1256706847,369
1256707537,50
1256708592,248
1256719211,69
1256728599,1858
1256730629,38
1256746773,38
1256753731,12
1256757375,99
1256762317,25
1256762495,41
1256766596,41
1256767131,27
1256791924,289
1256792998,28
1256796696,13
1256797384,31
1256810082,13
1256810886,27
1256811075,11
1256811827,16
1256814757,12
1256816449,48
1256826613,104
1256838837,17
1256853835,54
1256855764,155
1256859409,41
1256866626,14
1256868358,931
1256877966,17
1256880556,23
1256880560,22
1256881326,158
1256887864,62
1256896059,25
1256900649,13
1256905546,188
1256921558,19
1256922648,20
1256922851,14
1256948073,21
1256948331,204
1256958861,11
1256960873,24
1256973124,40
1256980703,67
1256987455,28
1256989150,30
1256993124,24
1256997541,164
1257001631,40
1257015437,16
1257021270,18
1257023848,24
1257026460,15
1257026582,29
1257026599,15
1257033404,14
1257035990,134
1257038971,13
1257049996,11
1257059092,13
1257064854,55
1257081095,48
1257081562,32
1257083638,46
1257084734,27
1257086995,23
1257097658,31
1257105253,295
1257115788,82
1257121594,108
1257138628,15
1257142330,27
1257149881,49
1257150485,66
1257152532,24
1257154160,517
1257164704,27
1257167310,43
1257168102,762
1257168128,13
1257176278,14
1257179976,20
1257184348,89
1257184479,108
1257192156,18
1257196285,13
1257205393,23
1257237972,97
1257238395,122
1257239130,35
1257245859,26
1257246331,12
1257256310,28
1257259287,49
1257267571,10
1257287847,35
1257302750,61
1257306325,408
1257311255,14
1257312136,13
1257325436,15
1257326665,138
1257334011,29
1257334909,13
1257336733,41
1257338172,81
1257339205,16
1257340523,18
1257340615,39
1257340967,23
1257342857,31
1257344450,27
1257347274,18
1257350653,19
1257356927,55
1257366746,26
1257374565,53
1257378383,86
1257395037,74
1257410408,41
1257412756,19
1257414614,39
1257420150,122
1257444227,14
1257461065,49
1257473218,27
1257475195,12
1257479175,31
1257488099,17
1257493303,14
1257495129,48
1257524396,271
1257527947,19
1257533120,35
1257533286,1254
1257534627,21
1257539780,25
1257543605,59
1257547794,25
1257551522,13
1257556156,21
1257558028,25
1257581672,5
1257591931,78
1257597917,11
1257617514,21
1257643781,14
1257660639,64
1257687200,237
1257696179,11
1257698938,31
1257701836,22
1257711769,27
1257717114,11
1257724435,47
1257729787,11
1257734455,39
1257735930,36
1257744257,46
1257751567,25
1257753186,21
1257759481,48
1257765230,53
1257766325,17
1257774704,52
1257781328,90
1257796544,15
1257798483,135
1257804050,11
1257804391,48
1257815288,16
1257821422,12
1257821888,15
1257823859,13
1257823911,13
1257825473,13
1257827184,19
1257838048,34
1257849583,11
1257849871,12
1257850224,20
1257850501,20
1257855543,18
1257858164,424
1257863403,11
1257867023,265
1257868723,51
1257869916,11
1257870136,12
1257870356,12
1257883885,45
1257889861,15
1257890423,12
1257891396,12
1257900040,32
1257908328,42
1257915692,272
1257917139,17
1257939823,106
1257947813,80
1257953142,509
1257953914,486
1257960486,13
1257970587,20
1257971581,453
1257979261,12
1257982213,69
1257983666,59
1258006305,106
1258007831,41
1258009125,14
1258023796,14
1258030732,82
1258031582,79
1258033438,27
1258038455,11
1258039718,15
1258047506,12
1258061785,20
1258061935,28
1258066808,75
1258071797,13
1258079443,11
1258095431,14
1258106719,15
1258115712,14
1258121809,70
1258122081,55
1258124114,1
1258125843,59
1258127863,68
1258135570,31
1258139388,13
1258140778,31
1258140989,11
1258165990,15
1258166617,42
1258168862,129
1258176958,41
1258182956,23
1258189993,57
1258193405,11
1258200041,36
1258203386,13
1258221473,420
1258225193,31
1258226171,10
1258227143,13
1258228307,28
1258238626,22
1258242408,122
1258244355,15
1258244763,11
1258251268,209
1258259975,14
1258260539,13
1258262448,34
1258288849,11
1258299774,38
1258301311,994
1258303369,15
1258305951,130
1258321488,40
1258335228,106
1258340670,104
1258346478,20
1258365577,18
1258367539,20
1258373802,131
1258377532,31
1258378203,24
1258386431,171
1258390378,67
1258395429,77
1258401277,63
1258413847,514
1258428688,12
1258434033,12
1258435504,20
1258435606,17
1258441232,19
1258456256,18
1258457725,86
1258459022,21
1258460717,19
1258464919,56
1258471673,18
1258473132,37
1258483266,24
1258496446,642
1258499650,13
1258504422,59
1258504679,33
1258556728,40
1258557801,27
1258560454,17
1258588229,24
1258588698,29
1258597378,66
1258602218,13
1258613313,25
1258619550,15
1258621567,907
1258626648,14
1258644344,16
1258646291,888
1258647960,15
1258649388,20
1258649467,12
1258654823,24
1258661939,14
1258680088,12
1258702484,56
1258710790,60
1258728537,13
1258729729,13
1258742941,150
1258744471,11
1258748958,62
1258757115,69
1258763088,78
1258786108,20
1258788077,632
1258788360,113
1258792464,85
1258823740,51
1258829991,48
1258837516,11
1258857842,17
1258861605,31
1258862322,989
1258868919,15
1258871740,11
1258875542,11
1258876319,26
1258896369,15
1258907670,116
1258907996,13
1258915869,44
1258919692,1663
1258921750,114
1258926070,62
1258927530,22
1258929370,13
1258931275,17
1258932513,941
1258942809,11
1258944375,186
1258968157,22
1258973778,16
1258978313,182
1258992238,36
1258994637,464
1258994885,67
1258995114,17
1258998722,21
1259014725,12
1259018168,15
1259026412,676
1259028314,112
1259034625,25
1259052145,77
1259056815,25
1259059236,17
1259061131,22
1259065572,17
1259077622,13
1259083708,31
1259085213,51
1259085778,14
1259090179,48
1259107621,45
1259108546,34
1259108597,211
1259117115,16
1259120931,18
1259131593,37
1259145252,18
1259147822,16
1259149438,16
1259159255,11
1259165014,18
1259171983,11
1259178633,11
1259181812,17
1259191407,16
1259194804,1179
1259201063,101
1259217090,33
1259217247,20
1259222060,11
1259223676,131
1259225551,11
1259231858,31
1259245856,28
1259249706,17
1259251906,24
1259254831,56
1259260853,42
1259275090,21
1259280063,23
1259286533,30
1259295666,18
1259300797,18
1259304417,33
1259308521,84
1259311205,87
1259327087,33
1259331899,57
1259335163,18
1259336125,28
1259343264,39
1259358860,12
1259362413,29
1259362713,20
1259369663,14
1259369963,25
1259384869,12
1259395084,118
1259398032,64
1259405859,71
1259415915,30
1259423904,31
1259425261,58
1259431541,78
1259457554,36
1259462203,29
1259474972,14
1259483683,229
1259485799,56
1259491562,11
1259494501,18
1259497581,11
1259507820,15
1259512035,17
1259522769,82
1259523153,19
1259526897,32
1259531690,15
1259533679,13
1259534208,24
1259537705,13
1259544911,17
1259550938,119
1259564149,14
1259565283,162
1259588531,66
1259603732,48
1259603781,16
1259606129,69
1259608817,12
1259609252,12
1259624583,91
1259626350,52
1259628464,39
1259630883,70
1259638534,45
1259640335,14
1259655229,11
1259658765,18
1259659403,14
1259669851,12
1259670522,19
1259675906,308
1259703320,117
1259713623,71
1259719572,19
1259721870,17
1259728164,27
1259735963,14
1259737072,17
1259742577,397
1259782962,48
1259786302,19
1259790088,26
1259790639,32
1259803392,21
1259836955,12
1259840866,14
1259850204,44
1259853056,14
1259872947,107
1259875534,2556
1259885475,441
1259888079,1182
1259891275,15
1259891941,17
1259893746,22
1259894246,12
1259894852,24
1259899975,14
1259900796,111
1259901407,13
1259915957,28
1259920741,73
1259923337,22
1259934942,20
1259939911,885
1259940171,22
1259951839,100
1259952460,23
1259964745,16
1259970025,32
1259981261,23
1259988665,79
1259989062,29
1260000827,54
1260005897,26
1260025410,90
1260026035,205
1260029173,26
1260032978,15
1260035249,172
1260043445,118
1260049044,17
1260061766,20
1260073387,13
1260076099,11
1260076680,15
1260091716,19
1260106056,56
1260110388,98
1260112833,152
1260113241,278
1260114957,12
1260115758,16
1260125959,492
1260131768,11
1260133945,30
1260136347,54
1260141196,78
1260143008,138
1260143846,90
1260146854,11
1260151185,12
1260155434,514
1260167177,23
1260169618,13
1260170265,100
1260175020,15
1260175350,50
1260177823,135
1260183528,48
1260186676,98
1260187048,12
1260192602,25
1260198724,203
1260209364,34
1260225576,19
1260229560,100
1260233912,18
1260234472,19
1260239529,77
1260240113,131
1260242528,32
1260281911,63
1260281947,33
1260284940,38
1260286969,24
1260287864,25
1260288940,8349
1260298891,17
1260300565,15
1260302733,31
1260304654,14
1260306926,32
1260307676,67
1260309411,63
1260314510,26
1260325992,44
1260337660,13
1260339805,14
1260339974,245
1260349072,14
1260349075,17
1260352704,30
1260356003,20
1260364763,11
1260372600,12
1260382821,16
1260384009,11
1260388212,22
1260391373,19
1260394860,12
1260404909,16
1260411304,164
1260413335,11
1260429066,17
1260436039,140
1260450908,22
1260453112,34
1260465380,17
1260467366,284
1260467916,12
1260468060,177
1260470095,11
1260473040,34
1260475954,172
1260487799,47
1260489286,117
1260489444,327
1260493005,14
1260508753,20
1260548655,25
1260550899,84
1260565605,21
1260566313,29
1260566992,154
1260570042,14
1260570912,42
1260580223,557
1260580731,201
1260581968,38
1260583277,27
1260584015,83
1260592293,22
1260619539,16
1260625224,580
1260633111,14
1260635669,126
1260650150,49
1260651471,28
1260654077,11
1260672618,33
1260673375,11
1260680138,38
1260684528,75
1260690154,14
1260694049,18
1260694570,15
1260698041,53
1260705693,11
1260719601,12
1260738363,15
1260747208,27
1260767408,14
1260782172,136
1260783987,93
1260784883,27
1260790246,21
1260802641,26
1260808534,12
1260820152,17
1260826634,12
1260829862,14
1260833141,17
1260842109,24
1260858945,17
1260865601,15
1260868321,45
1260881431,23
1260888121,22
1260889371,48
1260898583,28
1260900484,510
1260900514,131
1260902344,11
1260912258,12
1260912552,58
1260914994,72
1260915817,12
1260923039,14
1260930181,116
1260932922,20
1260940877,247
1260946467,15
1260962896,472
1260970028,12
1260971370,17
1260981282,11
1260988400,24
1260989566,35
1260990730,47
1260991622,17
1260993476,22
1260994505,16
1260997792,67
1261004744,67
1261005717,47
1261050605,12
1261050660,16
1261053236,24
1261053712,92
1261057454,30
1261060989,262
1261065819,11
1261075496,12
1261077889,31
1261080024,316
1261091524,17
1261092598,66
1261094281,23
1261102385,33
1261108675,27
1261109384,16
1261114908,228
1261127156,105
1261130089,136
1261131444,18
1261131489,13
1261137992,16
1261139783,25
1261140727,12
1261142701,197
1261142966,12
1261149834,25
1261151781,13
1261155086,34
1261156607,87
1261156675,45
1261170027,1709
1261174510,38
1261181445,148
1261184716,27
1261189730,24
1261192484,17
1261197598,34
1261202186,20
1261204838,90
1261206045,91
1261208315,47
1261209334,23
1261212474,13
1261212938,34
1261214597,13
1261215810,16
1261220798,30
1261223819,34
1261240895,15
1261244719,30
1261250729,17
1261261480,55
1261264826,20
1261277035,31
1261279210,107
1261283764,11
1261291781,41
1261299715,19
1261303294,34
1261308038,11
1261314451,14
1261322128,15
1261322254,23
1261325025,119
1261328849,39
1261335744,159
1261340483,272
1261350061,11
1261352043,22
1261359560,16
1261361358,15
1261365430,56
1261418565,26
1261422007,1173
1261435181,17
1261444857,61
1261460894,19
1261465639,13
1261473759,27
1261473844,12
1261477736,14
1261482517,48
1261484186,34
1261489081,14
1261494515,32
1261496045,19
1261510276,14
1261519189,49
1261529607,77
1261555327,366
1261560612,22
1261571908,1513
1261575325,92
1261605201,127
1261606904,22
1261607128,13
1261613239,138
1261618066,13
1261618291,48
1261637596,43
1261650101,3450
1261653673,13
1261655419,33
1261655913,14
1261663145,268
1261666359,13
1261668478,18
1261676533,19
1261677886,102
1261690469,131
1261692450,13
1261696687,27
1261696801,13
1261698932,52
1261699679,12
1261700124,28
1261705376,23
1261706872,14
1261709082,21
1261711686,41
1261717201,244
1261718567,11
1261720977,211
1261721161,20
1261725242,528
1261729018,49
1261729176,28
1261742826,14
1261746086,16
1261760482,36
1261761574,29
1261773273,50
1261784190,35
1261784901,14
1261794704,349
1261798970,34
1261810128,37
1261811848,27
1261814068,110
1261819007,16
1261822543,18
1261825338,16
1261836074,54
1261842465,20
1261846836,15
1261851971,19
1261859183,211
1261861097,306
1261864097,47
1261865368,14
1261867321,24
1261880172,206
1261880471,112
1261882969,11
1261887193,24
1261891241,18
1261893837,29
1261899136,55
1261904654,28
1261912889,18
1261923892,24
1261925930,20
1261930573,13
1261934811,21
1261952114,16
1261953460,14
1261958143,150
1261964579,12
1261966474,239
1261968483,28
1261974266,15
1261976132,55
1261979582,26
1262010385,13
1262011244,19
1262011420,58
1262011534,28
1262018067,39
1262031046,41
1262031874,19
1262033876,13
1262034051,384
1262038960,27
1262042046,262
1262061170,11
1262078510,42
1262089852,20
1262093995,62
1262094216,18
1262097785,124
1262099015,21
1262104463,62
1262106658,15
1262108086,3
1262110699,908
1262113622,16
1262139429,15
1262142501,1769
1262183719,340
1262195134,14
1262210750,45
1262210755,44
1262212892,357
1262217859,32
1262231970,26
1262250380,75
1262252186,11
1262253113,13
1262255990,50
1262256174,75
1262258494,14
1262260844,12
1262261093,1160
1262266624,20
1262267135,45
1262270573,12
1262274066,10
1262281052,24
1262299207,13
1262299325,90
1262300001,14
1262310226,34
1262318402,21
1262328297,57
1262331855,14
1262337797,38
1262338410,71
1262354720,12
1262377838,91
1262391566,14
1262392277,14
1262396222,83
1262403617,41
1262413069,11
1262423362,379
1262434101,422
1262438199,119
1262438610,17
1262454502,29
1262477291,30
1262478282,21
1262482595,70
1262485265,50
1262486604,13
1262490703,84
1262495435,524
1262500406,40
1262511183,11
1262517316,196
1262527142,18
1262530176,20
1262530182,1571
1262536690,165
1262548615,15
1262553817,37
1262554977,19
1262557450,23
1262558565,15
1262560274,14
1262583106,14
1262587110,18
1262587286,21
1262594832,15
1262595831,176
1262600318,11
1262600346,28
1262600576,88
1262603912,488
1262605827,28
1262614973,16
1262617470,16
1262628565,19
1262635330,154
1262635440,12
1262641073,40
1262642235,31
1262652828,13
1262654935,11
1262656442,40
1262657910,19
1262668020,34
1262679022,27
1262682069,1254
1262710034,67
1262714152,209
1262717434,11
1262738818,23
1262739704,30
1262740944,620
1262741170,32
1262748595,17
1262754474,21
1262756007,85
1262758480,31
1262762432,85
1262769725,634
1262775896,20
1262806794,12
1262809285,16
1262812820,13
1262816915,37
1262824066,12
1262824399,80
1262834835,15
1262839931,22
1262842296,128
1262860046,24
1262870924,31
1262879903,45
1262882328,400
1262885509,13
1262887634,11
1262889313,12
1262898434,12
1262913668,57
1262915424,13
1262934014,35
1262940334,111
1262948105,359
1262952180,737
1262968414,11
1262971603,13
1262979985,23
1262984601,13
1262989602,20
1262995777,11
1262995939,11
1262996076,12
1262996245,14
1263001383,11
1263011041,20
1263022587,46
1263026652,12
1263027923,11
1263041093,101
1263045874,23
1263051452,45
1263054292,76
1263055981,17
1263062246,13
1263066411,32
1263067524,12
1263074604,171
1263076167,191
1263079727,510
1263083568,35
1263086677,33
1263098427,130
1263108759,112
1263114987,12
1263120928,48
1263123553,29
1263145127,31
1263145338,42
1263158313,836
1263161226,35
1263168455,57
1263169627,13
1263190780,122
1263192944,27
1263193615,15
1263201769,19
1263206805,16
1263210473,24
1263215731,28
1263217954,87
1263220935,35
1263288598,17
1263306054,15
1263317286,275
1263337356,26
1263337741,298
1263341555,11
1263344910,70
1263346715,11
1263376372,36
1263378972,55
1263389919,13
1263394947,16
1263436794,93
1263460757,18
1263461743,204
1263468392,12
1263469068,13
1263471882,1
1263472198,20
1263477177,15
1263494511,15
1263494700,1421
1263497845,397
1263498017,287
1263500923,41
1263503017,13
1263513016,72
1263518262,14
1263519874,29
1263529459,16
1263529852,37
1263530988,33
1263539330,34
1263543625,674
1263543726,800
1263544262,23
1263548429,18
1263549136,518
1263549539,32
1263578760,17
1263579149,12
1263586501,50
1263614411,13
1263642416,381
1263646405,13
1263652392,134
1263662092,117
1263669308,30
1263676410,18
1263679455,18
1263681437,629
1263681504,694
1263682572,15
1263686288,23
1263686305,36
1263688817,20
1263689280,12
1263694034,115
1263696450,16
1263697745,27
1263706509,12
1263727392,25
1263731684,126
1263731718,31
1263732150,26
1263734978,45
1263739043,278
1263740445,11
1263745780,23
1263748076,44
1263748925,455
1263753253,13
1263772632,110
1263773312,84
1263778230,56
1263778677,15
1263784022,11
1263790057,15
1263797030,20
1263797851,115
1263800852,101
1263813947,129
1263815266,21
1263817105,25
1263820590,205
1263826844,27
1263836633,15
1263837722,35
1263839399,42
1263841182,26
1263845975,152
1263853624,24
1263858338,20
1263864208,60
1263881930,19
1263883524,14
1263886339,50
1263886755,409
1263898766,49
1263900228,13
1263936864,82
1263951106,138
1263954351,13
1263958197,84
1263958714,30
1263959494,12
1263961048,37
1263966659,20
1263993269,115
1264002437,23
1264006420,12
1264015326,64
1264021866,19
1264023481,240
1264023857,24
1264026813,11
1264037739,14
1264038598,379
1264044496,67
1264045527,24
1264046956,20
1264058297,142
1264059987,13
1264065724,72
1264067820,21
1264068873,86
1264069918,27
1264088844,387
1264094531,27
1264095869,12
1264097318,26
1264101293,14
1264105561,18
1264117145,16
1264118847,22
1264121778,21
1264122570,31
1264123054,175
1264142220,28
1264147349,11
1264148819,11
1264150994,86
1264155972,121
1264161723,101
1264162018,40
1264170342,51
1264175252,297
1264177851,12
1264187422,22
1264193645,14
1264203334,20
1264208997,20
1264221238,16
1264223799,200
1264227384,46
1264239018,54
1264245933,17
1264252157,16
1264252189,16
1264253788,17
1264263123,18
1264268237,83
1264268579,47
1264269844,205
1264280082,20
1264283513,23
1264286435,106
1264288688,11
1264297712,145
1264301794,12
1264302819,57
1264305693,50
1264323505,19
1264338985,18
1264362107,37
1264364812,12
1264366272,15
1264370356,12
1264379603,48
1264396304,1027
1264401689,161
1264403672,11
1264405172,12
1264405655,57
1264411005,82
1264412951,76
1264422246,16
1264424593,11
1264424867,11
1264430711,50
1264434310,85
1264436461,11
1264438111,19
1264438885,16
1264452592,15
1264458399,28
1264465126,39
1264471869,13
1264478656,1662
1264490258,11
1264515363,17
1264518139,19
1264520874,12
1264529761,29
1264531337,988
1264540632,11
1264550876,23
1264552450,11
1264556564,29
1264560911,756
1264560983,42
1264569353,13
1264576033,17
1264586206,21
1264596339,21
1264604347,93
1264606715,14
1264607329,14
1264612845,25
1264613111,16
1264614857,16
1264615549,25
1264618288,41
1264624316,25
1264640680,13
1264644535,11
1264645343,53
1264647440,24
1264648433,98
1264648449,71
1264660523,28
1264663828,130
1264663877,13
1264666096,11
1264669104,13
1264680063,50
1264683354,280
1264690543,40
1264692184,386
1264718849,22
1264733604,15
1264735145,13
1264745201,60
1264753245,22
1264759254,17
1264771182,14
1264779904,18
1264782053,12
1264784142,20
1264785723,14
1264805127,15
1264807434,12
1264807581,13
1264811161,5181
1264811391,83
1264825687,24
1264829799,15
1264831383,33
1264849705,30
1264854400,15
1264856509,21
1264860429,51
1264860668,11
1264866499,15
1264875310,55
1264888983,15
1264890026,11
1264894695,14
1264895666,14
1264902224,35
1264913325,11
1264916063,168
1264920090,179
1264920217,58
1264921191,11
1264921302,38
1264921402,30
1264922986,49
1264929973,65
1264936952,403
1264938021,41
1264938089,39
1264943577,11
1264959229,40
1264963292,13
1264981155,21
1264985151,11
1264985458,30
1264996101,13
1264996910,12
1264999260,11
1265011796,16
1265013383,167
1265017606,66
1265020374,19
1265021119,441
1265024742,28
1265025028,12758
1265025158,77
1265026514,21
1265036022,12
1265046112,45
1265056200,39
1265061961,17
1265072174,37
1265085160,12
1265089119,15
1265091045,13
1265095054,25
1265095394,36
1265107923,1778
1265111888,43
1265113238,16
1265119157,62
1265120239,59
1265124479,93
1265140422,11
1265149208,12
1265149787,12
1265154925,11
1265157889,14
1265160955,27
1265161025,13
1265161922,139
1265165485,15
1265168957,14
1265169717,142
1265170158,23
1265183354,11
1265189318,17
1265191090,17
1265199841,15
1265200861,93
1265202284,25
1265216452,16
1265222064,21
1265228611,20
1265228655,44
1265234733,1084
1265234847,11
1265247790,11
1265248423,11
1265255507,25
1265258509,362
1265259508,17
1265260024,77
1265260318,33
1265264803,15
1265265111,3995
1265269341,14
1265274127,174
1265280126,14
1265280546,13
1265299631,16
1265300288,21
1265306963,16
1265336929,11
1265340208,24
1265347911,120
1265355600,23
1265358918,17
1265359732,38
1265366583,33
1265366905,26
1265372116,16
1265380989,169
1265390757,29
1265394997,14
1265406948,26
1265408665,74
1265410918,14
1265413617,139
1265441951,17
1265442909,12
1265454162,14
1265458126,112
1265476791,77
1265478249,41
1265494008,26
1265513304,171
1265549794,34
1265552536,13
1265555134,43
1265567769,17
1265583422,19
1265594654,18
1265600028,21
1265603499,40
1265610112,18
1265617033,455
1265617292,391
1265620021,233
1265623659,14
1265629109,69
1265629271,14
1265640685,23
1265641153,97
1265646959,12
1265649420,34
1265650482,43
1265654867,387
1265655524,11
1265659832,53
1265683445,46
1265695368,19
1265695680,18
1265703051,28
1265726242,17
1265726822,12
1265733673,14
1265735397,11
1265742513,214
1265744392,44
1265752395,41
1265752712,32
1265768013,44
1265768300,25
1265768701,24
1265774025,518
1265789540,12
1265794277,33
1265794381,20
1265796764,17
1265803168,25
1265804183,14
1265821429,35
1265826291,15
1265832843,121
1265832968,13
1265834793,10
1265843504,15
1265846354,14
1265847669,15
1265853198,530
1265864287,12
1265865407,59
1265879849,44
1265890989,56
1265896849,12
1265902239,18
1265908792,14
1265908861,231
1265911625,35
1265912071,13
1265932691,37
1265939134,87
1265941363,60
1265942254,18
1265946810,12
1265947881,307
1265948491,209
1265949807,12
1265954180,11
1265958257,28
1265958906,30
1265971949,36
1265972336,14
1265976488,105
1265987986,113
1265994178,23
1266004872,183
1266008323,18
1266009367,924
1266014461,55
1266014997,14
1266020574,65
1266030785,100
1266036898,15
1266037990,410
1266067414,95
1266068908,5
1266075015,35
1266076577,18
1266079353,23
1266080079,25
1266094931,30
1266097798,53
1266105075,15
1266107778,28
1266108902,13
1266113070,1751
1266123542,34
1266125334,2824
1266138495,211
1266146028,184
1266151452,87
1266152452,159
1266155997,224
1266166969,24
1266168156,14
1266173329,20
1266177587,107
1266182461,43
1266183832,23
1266193115,55
1266197764,72
1266201499,19
1266217708,19
1266218243,104
1266219046,42
1266246431,16
1266247085,205
1266255540,22
1266261363,12
1266263075,84
1266264841,13
1266267072,152
1266270458,16
1266275329,16
1266283205,60
1266290680,87
1266293233,60
1266296455,50
1266304094,52
1266305677,50
1266307899,12
1266313328,447
1266318994,15
1266321081,54
1266333761,27
1266345305,41
1266352518,12
1266362977,15
1266368115,12
1266419325,17
1266421724,12
1266423377,15
1266424270,25
1266430207,20
1266436116,11
1266437081,18
1266438067,33
1266450666,82
1266454367,128
1266457355,13
1266457957,21
1266458733,80
1266461783,51
1266463689,2346
1266468011,13
1266480247,31
1266497775,93
1266506220,11
1266523269,32
1266530655,14
1266531956,13
1266539703,42
1266545941,14
1266546849,24
1266560001,456
1266585104,33
1266590423,35
1266592247,120
1266593507,26
1266608079,38
1266611505,256
1266625409,240
1266634415,37
1266640182,63
1266642244,35
1266654184,12
1266665369,55
1266668632,25
1266670693,16
1266681147,99
1266683229,26
1266693943,13
1266705384,47
1266714706,12
1266719940,30
1266729582,22
1266743317,35
1266746400,17
1266751399,12
1266760430,123
1266761189,22
1266762935,20
1266764373,12
1266770885,11
1266772424,11
1266775877,61
1266776491,30
1266778001,67
1266782242,14
1266785962,100
1266790372,212
1266796019,35
1266797999,104312
1266799249,27
1266802954,183
1266805842,61
1266808913,530
1266820242,14
1266831814,25
1266832724,12
1266839845,14
1266843215,153
1266844941,13
1266849821,25
1266850827,98
1266851101,11
1266853656,16
1266858242,206
1266858928,17
1266864281,16
1266878159,18
1266880481,21
1266882364,12
1266884317,3636
1266886046,21
1266892708,11
1266896323,17
1266898778,30
1266904606,15
1266907450,31
1266909505,375
1266923310,1962
1266929218,14
1266933346,20
1266936628,11
1266936773,31
1266944077,45
1266944346,11
1266947843,108
1266951007,42
1266955308,12
1266966338,19
1266973328,45
1266974941,23
1266977227,358
1266992634,22
1266996737,28
1267009695,14
1267009899,15
1267012844,15
1267014036,12
1267017585,43
1267017690,29
1267028123,280
1267029128,21
1267030790,24
1267040436,16
1267046936,250
1267052097,33
1267058532,39
1267072080,44
1267072834,20
1267077321,73
1267078448,531
1267078922,30
1267080179,19
1267083417,106
1267084166,97
1267090854,39
1267099925,47
1267101716,11
1267106080,219
1267118279,13
1267128082,26
1267132878,15
1267144335,16
1267145484,944
1267148249,93
1267148586,74
1267150356,15
1267150781,18
1267154008,14
1267166322,14
1267173419,25
1267178198,41
1267180193,14
1267182294,76
1267187136,52
1267188301,13
1267193003,12
1267202750,222
1267206817,17
1267213347,23
1267216518,79
1267220319,12
1267223777,38
1267239286,500
1267244789,14
1267248648,238
1267248700,27
1267254468,59
1267270491,12
1267276935,13
1267282504,13
1267298105,37
1267298120,11
1267309954,81
1267314128,3282
1267319628,17
1267338478,17
1267344807,37
1267357812,11
1267360768,30
1267361485,48
1267365780,31
1267373650,27
1267377090,14
1267377766,30
1267403310,11
1267418242,31
1267423357,396
1267424116,14
1267428350,12
1267429913,14
1267435922,13
1267439901,235
1267440487,17
1267442156,11
1267442907,3028
1267449244,11
1267455254,631
1267462292,68
1267462567,13
1267463135,14
1267478123,20
1267478667,23
1267489981,27
1267507562,19
1267509865,13
1267512077,14
1267515210,29
1267521793,321
1267532788,11
1267533614,23
1267545742,27
1267555704,139
1267560967,15
1267562469,15
1267562753,78
1267567867,19
1267578193,15
1267588585,95
1267600247,45
1267606837,112
1267616623,33
1267625134,194
1267637633,11
1267640232,11
1267646326,42
1267646599,12
1267661626,42
1267662028,28
1267668301,11
1267704664,55
1267714460,23
1267719513,16
1267720524,21
1267720559,29
1267720676,21
1267727027,42
1267734925,65
1267746149,34
1267750281,41
1267781357,13
1267787802,13
1267790126,16
1267797347,1001
1267812693,63
1267827423,13
1267834136,44
1267857912,21
1267889604,24
1267895449,36
1267899050,553
1267906132,65
1267909940,28
1267926509,16
1267927082,26
1267930758,26
1267931387,543
1267931785,14
1267944654,29
1267945395,12
1267950292,20
1267950499,118
1267961072,164
1267962106,33
1267972630,125
1267976178,30
1267976639,38
1267982346,783
1268020132,13
1268021255,32
1268021824,18
1268025800,152
1268031240,17
1268045022,16
1268051861,83
1268065859,17
1268068714,826
1268072868,99
1268075935,25
1268090860,179
1268095849,14
1268096201,361
1268097411,17
1268100973,21
1268111504,15
1268119910,27
1268128556,16
1268145375,14
1268146725,16
1268147774,11
1268155691,18
1268160811,24
1268173217,19
1268173783,11
1268176994,35
1268180661,14
1268215445,12
1268217254,344
1268218773,21
1268223330,21
1268228289,91
1268229382,22
1268235796,122
1268244339,34
1268252819,34
1268254997,25
1268256719,21
1268259442,33
1268260801,16
1268261820,27
1268267248,54
1268273877,331
1268284228,68
1268285891,33
1268298108,14
1268302580,37
1268304499,23
1268305959,44
1268306885,15
1268307016,45
1268316117,67
1268326291,14
1268327597,23
1268338780,167
1268346928,31
1268356440,15
1268362826,17
1268364062,35
1268369209,36
1268376366,42
1268378017,71
1268378300,10
1268380621,9
1268384113,29
1268387367,14
1268391007,10
1268392304,13
1268404512,46
1268405286,15
1268406038,11
1268408332,75
1268421611,37
1268424426,155
1268425637,24
1268428452,16
1268429667,817
1268432027,15
1268444761,145
1268457437,18
1268457645,11
1268462870,16
1268473439,101
1268474534,33
1268484853,132
1268486256,18
1268494008,69
1268505810,38
1268515356,12
1268517555,11
1268523178,58
1268529281,22
1268530428,16
1268537589,63
1268539305,580
1268540986,19
1268544206,46
1268549091,41
1268581486,21
1268587146,43
1268591043,48
1268596025,28
1268617925,73
1268620423,28
1268630414,16
1268630774,17
1268656356,82
1268661539,11
1268664934,29
1268667810,57
1268672542,16
1268677373,41
1268678092,21
1268708084,318
1268720033,12
1268727777,15
1268729667,18
1268740212,8
1268741294,53
1268765496,30
1268770925,14
1268774372,468
1268794291,12
1268794733,320
1268804183,75
1268807064,32
1268807806,170
1268808203,131
1268810268,54
1268824522,14
1268827480,25
1268830527,151
1268836911,11
1268845710,21
1268846699,19
1268846873,12
1268858784,19
1268862613,29
1268869032,31
1268878256,44
1268892689,30
1268895491,1300
1268896186,13
1268903356,528
1268906765,69
1268907748,11
1268928622,28
1268930297,88
1268932733,13
1268939819,31
1268941272,22
1268946099,13
1268946118,895
1268958229,60
1268963701,24
1268966319,18
1268972487,21
1268972829,12
1268973671,12
1268977356,16
1268985285,17
1268988104,17
1268993278,21
1269005241,164
1269006706,18
1269010756,66
1269020094,45
1269022523,18
1269023104,13
1269029221,50
1269032936,18
1269049395,17
1269050856,447
1269059109,26
1269099967,116
1269100267,70
1269104023,13
1269107814,49
1269122407,194
1269122597,13
1269124956,1084
1269129148,11
1269132133,67
1269137789,26
1269151536,14
1269151566,312
1269153676,14
1269165011,57
1269179412,11
1269183188,11
1269200759,11
1269208043,157
1269209167,13
1269210627,13
1269223576,12
1269228279,24
1269229845,436
1269238642,35
1269257700,1187
1269258933,21
1269261013,88
1269263114,17
1269266325,144
1269273642,48
1269277076,29
1269296186,11
1269300580,41
1269301416,51
1269305481,31
1269308901,21
1269308923,41
1269316020,34
1269317272,15
1269320827,84
1269322853,12
1269335663,31
1269337275,58
1269359249,31
1269391765,17
1269395331,3736
1269402869,252
1269413789,11
1269427595,13
1269430114,12
1269436738,24
1269448154,12
1269454372,73
1269464080,21
1269478615,99
1269481044,11
1269491088,65
1269494425,22
1269497012,16
1269513219,16
1269513884,24
1269518652,29
1269521952,96
1269534849,42
1269535242,17
1269535454,19
1269538790,11
1269544321,13
1269563679,43
1269576216,11
1269579327,19
1269585871,13
1269596073,21
1269605251,21
1269607964,14
1269608035,14
1269622457,41
1269636659,12
1269641096,12
1269651669,18
1269654289,12
1269661723,112
1269665456,13
1269672979,7
1269676154,12
1269682523,15
1269685084,50
1269685946,29
1269692569,14
1269699648,29
1269704533,39
1269704985,18
1269705487,59
1269705763,11
1269711675,16
1269712221,65
1269717058,36
1269726690,19
1269731710,189
1269742116,11
1269742942,20
1269761117,5
1269761412,36
1269764931,13
1269764950,16
1269772976,84
1269773027,17
1269773493,466
1269794052,47
1269795544,32
1269796292,12
1269796643,97
1269797017,25
1269807645,187
1269812178,76
1269830694,85
1269840257,117
1269850088,82
1269851180,111
1269858379,54
1269860633,22
1269879098,13
1269891133,50
1269893474,56
1269893717,97
1269895056,26
1269898828,38
1269899136,88
1269900226,49
1269903646,51
1269904726,55
1269904936,51
1269907862,88
1269908181,70
1269908217,88
1269909458,23
1269910083,15
1269921100,88
1269930651,352
1269942268,25
1269954733,33
1269957268,20
1269957437,12
1269963508,27
1269969239,15
1269974484,53
1269979871,95
1269985986,68
1269998378,80
1270000366,58
1270004247,22
1270012613,39
1270026896,15
1270027424,36
1270028045,33
1270030551,38
1270031391,201
1270040330,17
1270048721,29
1270059391,12
1270062694,50
1270066109,43
1270083345,14
1270088902,152
1270094853,108
1270096568,18
1270102475,24
1270102733,11
1270103958,17
1270108133,124
1270111515,24
1270112941,36
1270113847,108
1270117218,20
1270118026,83
1270118408,14
1270123573,13
1270124813,54
1270128259,185
1270140510,31
1270142210,90
1270146800,46
1270152181,69
1270153043,60
1270154954,26
1270167990,19
1270169087,72
1270172711,45
1270173407,21
1270180210,25
1270184812,18
1270186926,36
1270187094,251
1270197597,20
1270198684,128
1270203332,22
1270211498,33
1270212749,63
1270236264,26
1270236733,155
1270237967,19
1270244429,373
1270247558,16
1270257672,16
1270263798,40
1270272670,1259
1270272683,78
1270278702,13
1270281105,25
1270305651,28
1270311793,12
1270317534,14
1270318542,14
1270319627,26
1270319876,28
1270324476,26
1270330893,40
1270335342,11
1270337939,24
1270347090,35
1270347637,52
1270349001,16
1270350192,63
1270353108,11
1270359331,18
1270376159,19
1270386613,30
1270404590,18
1270418354,27
1270436690,28
1270450973,12
1270452141,65
1270460555,21
1270463426,15
1270467991,15
1270468007,27
1270479467,12
1270484383,107
1270496550,329
1270509963,13
1270519493,132
1270530485,17
1270535333,20
1270544596,21
1270552867,40
1270559321,411
1270564245,12
1270564595,34
1270566770,152
1270568813,67
1270572078,17
1270575067,32
1270576590,523
1270577393,14
1270581909,15
1270586785,17
1270587915,442
1270593506,20
1270606117,15
1270639637,13
1270648268,16
1270650562,19
1270650592,17
1270654341,14
1270658081,25
1270661532,337
1270662452,22
1270664730,24
1270665247,13
1270670825,54
1270685284,11
1270706314,342
1270716345,15
1270727384,11
1270735113,47
1270743726,25
1270745915,12
1270754807,13
1270774188,15
1270775324,35
1270776668,11
1270782426,23
1270784327,23
1270787191,256
1270792738,11
1270794083,26
1270799590,24
1270812122,121
1270812624,60
1270814918,150
1270817407,67
1270821261,56
1270823576,42
1270825267,12
1270826520,18
1270841510,13
1270842103,55
1270847012,149
1270885892,21
1270895993,16
1270897577,22
1270897615,13
1270902730,22
1270928799,12
1270932665,39
1270935022,19
1270939570,53
1270941393,173
1270942565,22
1270943597,32
1270949711,26
1270953767,13
1270958539,39
1270973004,25
1270978050,19
1270983350,450
1270984756,213
1270985920,31
1270993620,50
1270995833,41
1271006086,11
1271007640,15
1271008243,89
1271009327,19
1271014683,12
1271016135,130
1271020715,17
1271020926,28
1271029803,54
1271029976,74
1271035445,11
1271036184,24
1271041937,13
1271058140,18
1271060545,12
1271063452,155
1271074936,195
1271076630,40
1271088386,25
1271092274,13
1271093776,20
1271096888,16
1271107543,14
1271113810,4665
1271125689,54
1271151089,189
1271153363,14
1271159623,113
1271174023,38
1271177245,19
1271179812,89
1271186753,147
1271193598,26
1271197200,51
1271199377,39
1271203484,85
1271209041,14
1271231125,11
1271237172,12
1271245542,14
1271259982,22
1271263310,11
1271267166,196
1271268769,13
1271270944,69
1271273008,139
1271274665,27
1271282024,12
1271286007,13
1271294554,13
1271297528,43
1271304238,87
1271314492,17
1271314891,294
1271318343,117
1271323125,948
1271332588,13
1271335719,91
1271341656,22
1271351851,23
1271355875,19
1271364651,74
1271368582,167
1271372403,208
1271376695,85
1271378942,19
1271379258,109
1271380517,12
1271382286,17
1271385222,32
1271394035,41
1271398876,65
1271399089,20
1271400466,81
1271404132,19
1271420288,35
1271420977,16
1271422457,12
1271424358,22
1271430067,11
1271435898,2
1271437886,49
1271448649,54
1271450465,14
1271455778,19
1271457758,88
1271459708,21
1271470955,18
1271476200,17
1271484634,23
1271492923,11
1271520816,13
1271535978,61
1271540239,16
1271547037,12
1271548133,53
1271570982,11
1271574062,11
1271581989,39
1271626710,21
1271627791,1619
1271630464,28
1271639578,55
1271646025,73
1271659862,32
1271669507,28
1271670316,38
1271687319,56
1271709279,15
1271711372,37
1271717980,38
1271725588,23
1271730027,32
1271730307,13
1271733827,12
1271744960,108
1271751851,178
1271763503,126
1271765742,22
1271770751,33
1271778933,41
1271779636,21
1271785712,73
1271798363,50
1271812884,19
1271829077,25
1271830762,12
1271832502,15
1271834471,20
1271836518,136
1271837463,13
1271851102,15
1271861642,102
1271880068,12
1271892689,411
1271894214,583
1271897760,42
1271898598,20
1271899250,52
1271904851,20
1271908885,14
1271910930,8
1271912252,46
1271923086,39
1271928601,11
1271940155,33
1271944074,21
1271948043,45
1271951093,84
1271951742,15
1271954866,42
1271963632,38
1271963966,55
1271988435,12
1271993416,433
1271995946,84
1272004366,79
1272008570,18
1272009330,49
1272012407,12
1272024618,24
1272031254,222
1272032218,15
1272035915,20
1272036423,21
1272043772,26
1272060580,12
1272062596,39
1272066715,27
1272067033,65
1272068425,65
1272069487,11
1272070832,12
1272072826,34
1272076570,89
1272090879,29
1272098945,18
1272105565,20
1272107021,39
1272111651,140
1272114571,142
1272116617,87
1272136562,23
1272139132,26
1272147124,20
1272151400,163
1272154998,417
1272162595,456
1272167701,36
1272168991,13
1272178757,17
1272190228,32
1272194482,21
1272199139,22
1272209005,12
1272211920,12
1272212084,52
1272216190,20
1272222798,46
1272230296,38
1272237085,20
1272239121,29
1272243674,113
1272251780,24
1272256998,64
1272272492,21
1272273607,35
1272278054,17
1272289747,23
1272292267,25
1272294107,88
1272300172,17
1272306281,335
1272308668,15
1272310004,11
1272329397,12
1272329661,50
1272335256,14
1272352853,16
1272353680,38
1272361049,27
1272363594,12
1272372441,26
1272374498,122
1272375576,86
1272390008,20
1272392110,11
1272394355,17
1272394364,12
1272394474,32
1272395609,9
1272402042,130
1272408187,136
1272408209,11
1272412393,44
1272415285,19
1272417086,18
1272418588,57
1272428065,11
1272429683,11
1272430339,26
1272432833,12
1272443375,97
1272451079,18
1272463265,22
1272480305,18
1272481334,41
1272484811,28
1272487463,630
1272488455,76
1272498799,72
1272507264,36
1272508647,59
1272521786,39
1272529524,25
1272534312,11
1272536927,16
1272554778,39
1272557298,11
1272564262,14
1272565581,75
1272573107,130
1272574333,78
1272585317,61
1272596900,14
1272618533,16
1272637435,34
1272647768,17
1272673683,37
1272677604,14
1272678676,21
1272687783,14
1272691690,100
1272699504,46
1272701607,23
1272706111,50
1272708842,15
1272710409,107
1272710943,13
1272753759,22
1272758718,13
1272763042,76
1272767487,30
1272776005,17
1272782661,13
1272788310,22
1272788559,101
1272806533,90
1272822699,12
1272833484,13
1272839788,62
1272840358,98
1272851010,14
1272861960,29
1272869340,15
1272875395,48
1272887430,198
1272893415,291
1272898943,421
1272927396,16
1272941538,25
1272950786,34
1272968536,104
1272987676,19
1272996531,20
1273016975,62
1273018804,27
1273032277,23
1273038969,28
1273038999,465
1273054934,708
1273058241,117
1273059507,154
1273065968,46
1273073914,27
1273080329,40
1273087967,21
1273092463,14
1273093466,33
1273105169,11
1273116225,100
1273117744,15
1273121905,12
1273123916,132
1273136102,13
1273150184,12
1273153152,24
1273158972,143
1273168529,26
1273198218,19
1273207855,18
1273226668,131
1273234375,125
1273235470,18
1273236370,196
1273241958,17
1273244170,40
1273261870,15
1273262639,19
1273264754,11
1273267557,26
1273290231,17
1273316605,13
1273324178,284
1273325705,15
1273354626,20
1273360197,23
1273366252,19
1273379460,825
1273390282,34
1273390455,33
1273404749,18
1273408927,52
1273412710,11
1273427276,2902
1273445261,14
1273449064,53
1273455251,11
1273461545,19
1273468795,16
1273480337,41
1273513023,26
1273517404,13
1273536495,33
1273552420,12
1273558528,525
1273560464,36
1273565575,198
1273580359,872
1273580682,15
1273590574,11
1273596763,18
1273622478,71
1273630366,11
1273641903,15
1273643869,47
1273663589,10
1273664895,106
1273665431,24
1273666576,32
1273674103,25
1273677991,41
1273690766,19
1273702114,35
1273705510,71
1273707469,704
1273721854,15
1273724034,11
1273725939,12
1273742979,55
1273747165,32
1273750352,12
1273768116,194
1273768194,98
1273809867,13
1273811777,13
1273814630,17
1273819492,20
1273822664,36
1273822835,18
1273823886,38
1273824143,322
1273824907,10559
1273830468,29
1273830568,17
1273835322,44
1273859296,123
1273866610,17
1273870399,98
1273887301,250
1273894022,80
1273902369,24
1273905245,56
1273907635,11
1273908520,15
1273910052,121
1273914365,48
1273921075,107
1273945470,33
1273946285,12
1273947285,18
1273951058,46
1273969283,14
1273983782,13
1273991348,15
1274021598,10
1274027793,17
1274028827,24
1274034089,46
1274046250,12
1274050660,67
1274065715,32
1274067670,391
1274068447,11
1274069548,47
1274072121,11
1274073109,23
1274085987,30
1274091897,32
1274096236,50
1274106865,44
1274107935,182
1274109794,57
1274110623,21
1274115689,33
1274116177,29
1274128923,33
1274130362,14
1274162448,566
1274162776,25
1274165943,28
1274177139,589
1274179498,28
1274186056,23
1274187550,15
1274191784,81
1274194803,58
1274196244,14
1274209386,24
1274218871,11
1274224909,11
1274244010,16
1274262885,238
1274272400,63
1274282386,54
1274286443,39
1274290610,17
1274323575,120
1274327218,239
1274333693,16
1274347782,11
1274347870,12
1274352475,12
1274353213,16
1274353224,13
1274373874,11
1274377670,263
1274377976,20
1274379274,27
1274388991,209
1274395005,31
1274399536,1202
1274410217,43
1274417136,11
1274422150,21
1274435787,48
1274444915,12
1274452075,238
1274461040,11
1274466455,22
1274474589,27
1274475076,50
1274477411,14
1274482878,13
1274485547,62
1274485766,14
1274487235,40
1274491393,34
1274504017,11
1274504257,12
1274509298,55
1274518711,25
1274526198,124
1274530343,26
1274534327,11
1274548517,155
1274551031,229
1274566622,44
1274572099,33
1274574043,159
1274600688,285
1274618325,38
1274625247,14
1274625443,14
1274630894,67
1274645705,13
1274659405,25
1274666296,13
1274671628,41
1274674701,29
1274678743,17
1274683034,68
1274684138,12
1274689099,22
1274690333,31
1274708755,676
1274722544,17
1274722784,16
1274723381,38
1274734576,31
1274751552,11
1274755774,64
1274781008,13
1274782065,33
1274792587,59
1274794325,12
1274797292,20
1274802650,12
1274822133,815
1274836410,21
1274840455,12
1274848749,143
1274890313,24
1274910871,23
1274912120,276
1274921085,19
1274927132,20
1274927923,75
1274942644,19
1274947140,17
1274950277,1387
1274956474,22
1274957322,17
1274957825,151
1274959346,21
1274963086,77
1274966563,34
1274976225,13
1274978097,131
1274989973,172
1274991593,24
1275003861,46
1275012508,15
1275023165,11
1275025253,22
1275044490,38
1275059220,14
1275060098,31
1275065456,12
1275069084,168
1275070381,15
1275073263,18
1275075651,153
1275076041,287
1275076664,57
1275077335,11
1275102300,21
1275102452,42
1275130055,197
1275131245,22
1275140990,26
1275145666,32
1275152793,885
1275161859,36
1275162193,21
1275168166,12
1275173343,17
1275175186,495
1275177106,11
1275182720,57
1275184152,25
1275189541,30
1275191614,17
1275198423,15
1275199411,507
1275201476,105
1275207060,17
1275208894,19
1275218737,41
1275237798,17
1275239491,50
1275248251,11
1275252612,16
1275257255,87
1275268652,978
1275300007,24
1275300693,11
1275326618,26
1275328113,244
1275328860,18
1275334546,12
1275338283,18
1275353433,52
1275356304,9
1275360962,11
1275362861,48
1275365955,43
1275367824,14
1275373382,52
1275375546,25
1275378979,947
1275382167,31
1275398700,39
1275399788,20
1275406931,20
1275408975,26
1275409602,46
1275409857,16
1275426982,34
1275435960,16
1275436512,370
1275438802,14
1275439887,17
1275441117,23
1275443832,60
1275463264,219
1275464621,297
1275474507,15
1275476039,247
1275484321,18
1275485578,120
1275487759,22
1275490006,60
1275502743,11
1275508434,226
1275516320,11
1275529781,20
1275534185,44
1275540111,18
1275545374,76
1275548357,209
1275551473,65
1275555255,23
1275560536,315
1275572887,20
1275580348,73
1275608780,19
1275613946,15
1275614372,41
1275616384,32
1275620871,8
1275627632,13
1275631990,14
1275637608,121
1275642440,91
1275645005,13
1275653543,1332
1275661316,25
1275666044,41
1275667403,98
1275688260,22
1275692189,31
1275702441,22
1275702472,18
1275717406,32
1275718468,326
1275719173,14
1275721604,17
1275730750,1221
1275740059,21
1275742035,17
1275746690,101
1275750805,12
1275750847,33
1275751077,14
1275752001,29
1275753414,52
1275759716,29
1275770420,17
1275771493,41
1275771523,11
1275771636,20
1275773301,130
1275774513,22
1275776288,145
1275780695,21
1275781569,447
1275784257,19
1275791557,37
1275798277,11
1275800019,14
1275801647,217
1275802499,132
1275806147,1835
1275809133,11
1275816023,11
1275835912,13
1275847986,16
1275849132,52
1275850323,28
1275851291,11
1275859075,11
1275862312,47
1275862425,46
1275862520,28
1275873724,259
1275888604,20
1275895436,12
1275919553,22
1275930411,42
1275932091,24
1275940471,28
1275941970,16
1275953456,28
1275961086,101
1275964022,258
1275968866,81
1275976049,11
1275991516,76
1275998498,194
1276001351,105
1276003841,13
1276008331,13
1276018440,95
1276024553,35
1276031429,65
1276039558,12
1276042293,18
1276053763,15
1276059304,31
1276077286,11
1276078615,16
1276083194,27
1276083628,54
1276099689,93
1276107518,49
1276108103,75
1276123063,130
1276123512,19
1276126258,15
1276132557,21
1276135867,138
1276164270,11
1276173422,12
1276174879,19
1276192674,85
1276192981,33
1276204083,12
1276208459,14
1276223472,21
1276236504,15
1276236933,665
1276238183,474
1276239073,12
1276242781,12
1276251860,10
1276271904,11
1276273805,26
1276275753,16
1276278055,59
1276278953,16
1276280076,13
1276283874,12
1276285633,60
1276296530,100
1276299637,63
1276305787,117
1276309507,23
1276313599,42
1276315818,17
1276320499,11
1276341793,22
1276352451,21
1276368237,545
1276373569,14
1276376062,24
1276379563,23
1276391102,99
1276404683,16
1276405439,19
1276405554,12
1276406549,32
1276411484,14
1276411563,50
1276415631,16
1276417315,11
1276425709,10
1276437202,35
1276438142,33
1276447323,19
1276448889,93
1276448941,7
1276457096,13
1276459546,13
1276461266,192
1276469439,66
1276480305,42
1276486859,13
1276487550,15
1276487624,12
1276488493,19
1276496267,23
1276497933,1
1276498033,85
1276510682,62
1276517176,237
1276521542,39
1276527666,933
1276541052,88
1276541290,16
1276541312,32
1276546290,30
1276548713,17
1276549659,89
1276562838,242
1276568000,23
1276578580,24
1276594089,90
1276595002,390
1276605322,38
1276607131,101
1276614392,11
1276616663,21
1276627552,77
1276628959,12
1276630793,14
1276631768,26
1276634402,28
1276641245,171
1276645556,16
1276665883,1091
1276667029,87
1276675503,57
1276682306,20
1276682613,18
1276683938,93
1276684296,15
1276689592,314
1276696490,314
1276700568,26
1276711748,12
1276718530,11
1276740847,15
1276747866,55
1276752077,210
1276755627,20
1276755713,30
1276758823,14
1276764289,11
1276770371,16
1276773725,14
1276776945,23
1276791347,11
1276795737,23
1276798831,28
1276809046,161
1276812919,140
1276828003,11
1276847779,21
1276853390,12
1276853525,573
1276859161,76
1276859360,32
1276861983,16
1276862650,26
1276874027,46
1276876288,22
1276885966,449
1276888344,13
1276930142,46
1276940779,356
1276950198,99
1276958558,52
1276962100,16
1276966391,739
1276977095,12
1276978035,13
1276983707,29
1276999782,487
1277004822,952
1277007031,15
1277008800,11
1277011316,192
1277011740,36
1277016823,15
1277020166,54
1277026242,23
1277036183,27
1277040638,24
1277048300,30
1277054380,313
1277058567,241
1277063342,27
1277070400,18
1277072583,38
1277079211,84
1277079624,199
1277097844,102
1277124338,19
1277124966,19
1277131490,16
1277138198,132
1277139033,39
1277165741,65
1277169394,178
1277208602,168
1277214686,18
1277225273,14
1277241268,16
1277269587,16
1277282352,17
1277284594,84
1277286522,706
1277291595,17
1277335948,19
1277377323,37
1277389693,150
1277391537,25
1277405426,758
1277425281,12
1277425617,18
1277432663,16
1277434798,36
1277442050,88
1277446916,11
1277451814,84
1277453821,64
1277455152,13
1277470372,18
1277476916,101
1277477208,15205
1277479867,33
1277487031,58
1277488771,72
1277491008,31
1277494856,13
1277495137,14
1277498503,12
1277499908,60
1277510172,541
1277510760,13
1277515654,12
1277520329,15
1277541374,11
1277544698,421
1277560144,13
1277561099,302
1277571999,11
1277578751,66
1277579877,28
1277585787,40
1277588122,28
1277590623,98
1277600433,12
1277603748,22
1277610497,12
1277614585,471
1277623916,27
1277637600,84
1277646668,13
1277671229,22
1277684919,53
1277685376,11
1277690020,22
1277693854,35
1277694349,12
1277696037,461
1277714741,53
1277715563,590
1277719566,19
1277737044,23
1277750729,40
1277755058,33
1277769453,30
1277771911,117
1277774590,11
1277791233,20
1277795285,29
1277796956,21
1277797277,29
1277797619,66
1277798763,78
1277807615,14
1277814981,11
1277825694,11
1277833095,98
1277836854,22
1277842157,24
1277847449,11
1277847672,17
1277853749,16
1277854808,20
1277858718,11
1277868994,36
1277870870,19
1277872938,17
1277880177,35
1277887325,37
1277888947,36
1277893717,27
1277911581,21
1277918666,306
1277926656,20
1277933603,154
1277934977,86
1277936455,60
1277944206,23
1277944593,10
1277946689,38
1277957002,11
1277961348,11
1277972001,11
1277989920,53
1277991010,23
1278003221,22
1278005100,19
1278013162,12
1278014713,6
1278019716,11
1278020293,11
1278021888,76
1278022559,88
1278024385,11
1278025342,38
1278026821,37
1278033420,21
1278040671,142
1278045237,177
1278049086,16
1278055475,12
1278059883,11
1278071262,437
1278073463,107
1278079983,42
1278081820,19
1278082400,380
1278104920,30
1278105901,14
1278114076,12
1278120949,40
1278138352,17
1278157951,82
1278160330,93
1278196186,30
1278223986,186
1278229113,13
1278231268,24
1278243180,68
1278253689,92
1278254044,33
1278265633,107
1278287808,12
1278291700,16
1278293841,41
1278295496,12
1278312228,143
1278320942,222
1278324639,28
1278327133,14
1278332553,15
1278332767,13
1278339298,20
1278344410,32
1278344979,73
1278366645,11
1278374245,13
1278377646,20
1278381956,116
1278395255,179
1278404368,57
1278411775,17
1278435489,24
1278439253,106
1278457179,86
1278474208,41
1278480039,21
1278492027,13
1278492137,24
1278516883,15
1278536566,224
1278547598,23
1278560693,36
1278568055,96
1278584694,142
1278587549,18
1278594969,22
1278597727,11
1278621812,95
1278624991,11
1278644903,12
1278668528,1211
1278676884,34
1278681031,21
1278711372,14
1278714916,31
1278715940,10
1278717907,457
1278730680,14
1278734867,13
1278737636,37
1278757502,524
1278776929,22
1278779353,36
1278798600,19
1278823978,78
1278829954,123
1278838315,129
1278840500,15
1278845334,42
1278845749,24
1278854221,28
1278862001,11
1278864291,12
1278865145,19
1278866190,56
1278872653,45
1278873576,15
1278881844,129
1278889606,80
1278895912,75
1278901777,13
1278913000,155
1278915262,112
1278915857,15
1278919646,35
1278924500,49
1278926400,1358
1278930365,22
1278930806,831
1278937895,41
1278940275,225
1278959735,19
1278964608,11
1278982238,146
1278993665,41
1279018568,14
1279049964,15
1279064655,24
1279085846,622
1279086651,14
1279093890,12
1279103174,22
1279109870,13
1279113820,36
1279121101,16
1279133101,12
1279140437,47
1279145675,26
1279149268,15
1279159149,3643
1279160729,20
1279164234,228
1279164369,13
1279171235,21
1279180155,179
1279181033,22
1279184910,17
1279185910,12
1279187498,209
1279205412,26
1279216221,34
1279218207,15
1279225546,18
1279253971,15
1279256466,13
1279275212,34
1279275226,18
1279280095,132
1279298346,36
1279299303,58
1279301508,33
1279319463,22
1279325204,267
1279328732,55
1279329809,11
1279343644,140
1279345508,13
1279360413,26
1279362723,149
1279365081,30
1279373995,13
1279380501,13
1279384488,20
1279402999,11
1279406675,23
1279421241,22
1279423167,17
1279426975,283
1279435409,2314
1279437639,19
1279463850,12
1279468851,23
1279474229,64
1279480946,1165
1279489980,381
1279499470,47
1279508420,55
1279515197,45
1279515370,46
1279519446,14
1279522547,54
1279525967,173
1279532837,349
1279540157,11
1279555835,40
1279561249,12
1279578393,37
1279580095,17
1279596088,12
1279604360,39
1279611658,12
1279617454,12
1279624703,68
1279625094,12
1279628779,25
1279654497,78
1279659344,346
1279680219,19
1279706266,95
1279721212,27
1279722854,13
1279737208,12
1279737421,47
1279760665,237
1279773754,12
1279781841,29
1279786142,13
1279787729,15
1279795528,16
1279795550,99
1279802440,12
1279811464,97
1279815402,12
1279825421,15
1279830753,35
1279834357,19
1279836172,15
1279846336,25
1279857804,11
1279886110,16
1279903025,11
1279923114,22
1279932127,11
1279940806,48
1279949713,12
1279994040,32
1279994504,231
1280002781,21
1280019852,457
1280026191,80
1280026567,12
1280027316,21
1280030529,45
1280038203,24
1280050659,27
1280069770,150
1280089735,17
1280092445,20
1280095430,22
1280097745,14
1280115203,229
1280115630,30
1280128498,16
1280129499,784
1280129529,27
1280147188,185
1280155659,123
1280156793,18
1280163607,11
1280181372,11
1280182204,40
1280202820,16
1280210616,79
1280215616,11
1280221360,107
1280231676,59
1280241714,26
1280262851,11
1280270159,27
1280270225,28
1280282164,12
1280282376,14
1280289116,39
1280290209,11
1280293058,15
1280296384,57
1280330025,19
1280369733,19
1280379860,18
1280383510,18
1280392516,13
1280394773,159
1280396163,45
1280408203,16
1280419330,47
1280423622,12
1280434631,145
1280439591,250
1280461698,12
1280467793,30
1280469592,14
1280470795,19
1280508992,139
1280523866,135
1280524151,19
1280536185,45
1280553461,38
1280557654,51
1280557740,33
1280559914,204
1280562970,96
1280577596,138
1280579388,26
1280607135,19
1280607497,11
1280608186,57
1280610964,21
1280615153,63
1280620933,118
1280641283,56
1280652237,21
1280655402,11
1280662085,12
1280664963,39
1280700348,11
1280702430,11
1280703037,120
1280718019,25
1280732127,99
1280760538,18
1280767222,14
1280791354,171
1280793558,137
1280799166,11
1280804858,28
1280809609,266
1280810591,31
1280825877,147
1280833415,158
1280847472,277
1280858916,13
1280860414,27
1280863441,114
1280866254,0
1280869012,103
1280869399,182
1280871093,11
1280891560,18
1280896898,24
1280898919,16
1280900448,14
1280903659,22
1280908538,11
1280909807,69
1280912404,34
1280913563,146
1280913878,58
1280927151,13
1280932746,55
1280934172,1092
1280951465,12
1280955914,244
1280967898,28
1280984042,610
1280990105,1185
1280998916,11
1281005910,316
1281005934,14
1281019389,32
1281025418,37
1281030225,138
1281030454,31
1281032192,26
1281032298,26
1281054646,261
1281061133,18
1281066641,117
1281069074,14
1281071040,11
1281085540,13
1281091382,518
1281094446,26
1281098289,12
1281110750,135
1281120025,17
1281123262,33
1281124139,12
1281132799,17
1281133904,16
1281135080,36
1281140983,179
1281149586,11
1281154124,15
1281168411,239
1281171445,74
1281195074,134
1281200786,80
1281204616,24
1281220980,42
1281230845,57
1281232928,91
1281235683,216
1281269179,15
1281269977,18
1281271303,47
1281285550,308
1281298965,16
1281315781,6985
1281320664,127
1281328046,441
1281328458,11
1281328537,38
1281330782,165
1281337106,12
1281342434,42
1281358460,11
1281362103,140
1281364875,14
1281365033,17
1281365850,11
1281367277,75
1281377338,29
1281381884,148
1281383429,13
1281400388,16
1281415855,11
1281420131,516
1281431415,63
1281436921,15
1281445089,37
1281473904,172
1281481028,65
1281482961,82
1281483635,27
1281489228,26
1281489745,20
1281495756,0
1281514306,23
1281525803,16
1281540408,26
1281556722,13
1281565975,12
1281576906,66
1281582807,13
1281591192,88
1281593724,50
1281616740,14
1281622996,12
1281629949,18
1281632165,640
1281633872,348
1281635644,59
1281645560,21
1281650273,88
1281655995,12
1281666770,68
1281670519,75
1281674370,52
1281682555,11
1281688052,15
1281712143,15
1281769152,13
1281774250,22
1281819568,212
1281831896,17
1281852693,12
1281862290,22
1281863041,49
1281865046,632
1281865940,116
1281869415,12
1281873897,12
1281879940,26
1281880139,171
1281913298,39
1281918185,17
1281925464,25
1281954048,48
1281959383,15
1281963787,56
1281978113,34
1281981117,2
1282001233,56
1282011183,24
1282014269,21
1282014696,3
1282017359,181
1282025633,501
1282027238,71
1282030207,16
1282040587,15
1282045227,16
1282048314,29
1282049269,77
1282052467,13
1282052906,37
1282056346,30
1282058825,92
1282076425,30
1282080507,29
1282102712,22
1282103176,337
1282106099,12
1282107840,35
1282107851,11
1282109891,18
1282110174,24
1282120686,33
1282125157,20
1282128957,105
1282132622,32
1282141848,21
1282151191,34
1282159515,13
1282159694,184
1282171564,13
1282178367,15
1282195104,13
1282198847,416
1282203523,16
1282208637,17
1282225905,12
1282231488,56
1282233511,223
1282239707,11
1282246237,17
1282253922,16
1282265183,422
1282269007,147
1282273176,39
1282277393,14
1282282026,21
1282294081,48
1282310951,186
1282324221,141
1282329734,12
1282335857,37
1282340577,171
1282341373,49
1282346681,17
1282350588,53
1282351393,14
1282360547,481
1282362391,514
1282364492,177
1282384355,88
1282385165,14
1282401255,16
1282418221,19
1282459536,25
1282467677,175
1282469039,35
1282472011,11
1282474395,186
1282477586,135
1282490647,44
1282499854,0
1282514037,112
1282539777,42
1282572282,28
1282577775,33
1282589931,41
1282597454,21
1282613745,7
1282634846,24
1282636938,292
1282650900,1614
1282653241,43
1282675658,16
1282680810,3615
1282682864,24
1282694784,83
1282705108,623
1282711658,13
1282712646,19
1282734569,16
1282748401,68
1282753323,26
1282763835,17
1282766748,49
1282766814,39
1282771204,22
1282777609,147
1282782264,13
1282786458,26
1282787424,43
1282792053,11
1282795086,35
1282797177,155
1282799832,47
1282831444,12
1282835463,204
1282845531,777
1282858165,70
1282862525,11
1282882352,15
1282908694,32
1282910754,200
1282916460,375
1282925790,84
1282928973,16
1282937931,21
1282938415,21
1282938682,21
1282950465,60
1282958467,38
1282964765,11
1282967472,302
1282972498,35
1282978005,24
1282983086,156
1282984140,23
1283006548,33
1283007956,780
1283008105,142
1283013981,31
1283015427,120
1283015444,116
1283015456,115
1283015458,121
1283019799,11
1283022577,33
1283043066,24
1283051151,120
1283059888,16
1283085412,13
1283088493,11
1283118598,72
1283126461,24
1283126780,194
1283131709,16
1283133573,25
1283142725,31
1283143215,41
1283143764,24
1283151062,14
1283155270,11
1283158668,82
1283168492,56
1283176487,13
1283182898,46
1283183407,11
1283187727,14
1283208084,15
1283231201,15
1283237512,48
1283252850,16
1283286182,15
1283296883,15
1283299226,128
1283300177,25
1283301890,115
1283302652,115
1283302684,117
1283302820,116
1283302855,115
1283305043,115
1283308335,932
1283308515,115
1283309332,115
1283309505,117
1283309991,116
1283310806,115
1283310807,115
1283311815,115
1283313140,117
1283314136,115
1283318124,121
1283321289,115
1283321505,25
1283324276,115
1283325882,116
1283326518,115
1283327964,117
1283328850,116
1283328907,114
1283329020,116
1283329717,116
1283329800,120
1283331989,115
1283332113,115
1283332466,115
1283333210,117
1283333331,115
1283334060,115
1283334279,118
1283334544,51
1283336941,115
1283341842,115
1283342383,114
1283344388,119
1283346286,115
1283346451,116
1283346987,116
1283347021,115
1283348713,115
1283352405,23
1283352617,63
1283352859,115
1283353368,115
1283353856,116
1283354276,115
1283354800,27
1283354814,115
1283354974,66
1283355043,115
1283358155,115
1283360113,116
1283362196,118
1283363395,115
1283365576,115
1283375853,44
1283376338,429
1283395530,33
1283398419,27
1283398629,45
1283408258,54
1283410511,46
1283416351,28
1283417522,16
1283427179,22
1283434917,34
1283453011,40
1283460530,18
1283463401,12
1283466765,165
1283466833,11
1283467688,118
1283475355,16
1283494260,37
1283495582,13
1283497044,15
1283501535,169
1283501799,13
1283521764,31
1283522472,17
1283522880,11
1283540505,227
1283561164,18
1283563241,51
1283565828,28
1283570249,12
1283572841,42
1283574029,16
1283576600,16
1283579994,12
1283580131,16
1283580852,33
1283582119,94
1283584225,13
1283598915,13
1283603794,107
1283610049,14
1283611177,12
1283622513,9
1283628638,25
1283652685,13
1283653121,16
1283656693,110
1283657805,31
1283669789,11
1283678028,58
1283681554,68
1283686041,18
1283686098,16
1283699291,19
1283721731,25
1283721804,19
1283722068,15
1283731455,11
1283735838,24
1283740523,15
1283743529,66
1283762259,40
1283766654,46
1283781487,84
1283783477,36
1283792171,21
1283796634,16
1283799034,97
1283802261,21
1283819872,14
1283821188,87
1283833415,18
1283833758,26
1283836865,27
1283850742,19
1283852448,14
1283852774,14
1283859977,19
1283865819,21
1283868033,227
1283868835,22
1283873694,23
1283875369,29
1283876614,12
1283880494,14
1283891625,17
1283901628,22
1283923666,17
1283925045,16
1283927346,71
1283939838,13
1283940465,110
1283943813,14
1283947846,23
1283963928,14
1283968843,26
1283977684,11
1283981615,77
1283986253,36
1283993031,157
1284009891,31
1284014215,22
1284030856,41
1284040136,172
1284052134,30
1284058045,21
1284066374,20
1284067692,72
1284077348,18
1284077352,21
1284082382,23
1284082910,18
1284088776,122
1284095369,20
1284099955,49
1284104299,45
1284109842,32
1284124788,12
1284126768,66
1284128909,16
1284129855,44
1284131526,11
1284139056,57
1284155780,14
1284168496,40
1284172888,13
1284174979,2075
1284180721,637
1284182184,24
1284198482,12
1284202424,36
1284208011,20
1284208582,102
1284209689,16
1284210058,28
1284223182,19
1284246323,13
1284246470,256
1284247955,37
1284261810,42
1284271591,193
1284277975,39
1284286206,13
1284303399,114
1284304193,12
1284310632,13
1284316868,18
1284322503,12
1284322507,14
1284346730,65
1284364149,19
1284382976,12
1284392092,39
1284414913,362
1284420230,28
1284423701,1
1284426808,13
1284435392,17
1284445635,281
1284449744,22
1284452101,14
1284463375,24
1284479480,13
1284485443,28
1284518502,21
1284522908,12
1284534061,27
1284541636,13
1284546129,51
1284551780,18
1284555311,61
1284578918,40
1284579907,89
1284580604,39
1284589598,22
1284595670,13
1284607942,135
1284608173,187
1284608906,176
1284626782,11
1284643150,23
1284648689,302
1284658028,28
1284659975,18
1284667422,19
1284672605,161
1284674449,39
1284681116,45
1284688466,70
1284692613,107
1284698263,16
1284700356,60
1284712193,48
1284714863,11
1284721646,12
1284727934,15
1284733159,14
1284734312,16
1284735525,78
1284736292,313
1284740610,419
1284751258,19
1284753142,107
1284756909,16
1284759701,44
1284768463,11
1284781487,17
1284783817,41
1284785245,43
1284787758,15
1284803064,21
1284808139,14
1284830350,20
1284836640,363
1284845470,749
1284850658,16
1284862935,25
1284865806,13
1284867443,13
1284869933,21
1284873579,11
1284875082,36
1284889108,29
1284895820,11
1284905996,53
1284915598,14
1284956847,12
1284958326,19
1284959612,2030
1284962534,35
1284967045,12
1284968478,25
1284971043,28
1284986056,34
1285000932,14
1285016676,14
1285027813,45
1285029934,30
1285034691,7
1285072698,53
1285091835,14
1285102035,20
1285104880,52
1285113628,59
1285116275,22
1285126866,43
1285134067,16
1285138167,24
1285145325,3
1285150264,27
1285173126,51
1285175428,38
1285179460,35
1285186519,12
1285207270,113
1285223817,212
1285240239,17
1285247004,52
1285257302,11
1285260006,14
1285260852,28
1285268157,39
1285268296,10
1285271027,14
1285272914,101
1285276442,13
1285277249,19
1285290091,14
1285290326,21
1285299512,19
1285308005,69
1285358058,11
1285358712,11
1285362275,42
1285366850,21
1285372971,11
1285375505,12
1285388916,14
1285404766,11
1285404893,15
1285406575,51
1285432701,52
1285455564,18
1285459193,13
1285469911,13
1285492735,2
1285512939,783
1285522430,11
1285532627,32
1285533087,18
1285553511,15
1285565409,11
1285584165,27
1285612368,28
1285613614,26
1285613772,12
1285614272,12
1285616517,12
1285619315,39
1285633187,20
1285635617,17
1285641018,12
1285641979,12
1285642601,12
1285643256,80
1285643489,694
1285643868,31
1285649662,30
1285653192,93
1285653194,21
1285654295,19
1285656500,40
1285665224,13
1285669809,21
1285670072,34
1285670188,22
1285672288,35
1285694624,12
1285699839,22
1285704764,23
1285705904,3145
1285716169,16
1285726536,65
1285729011,45
1285736028,12
1285753321,27
1285768056,27
1285769468,17
1285774142,90
1285776286,11
1285778184,51
1285781098,19
1285784272,11
1285787558,100
1285791932,25
1285797092,37
1285808809,292
1285816658,0
1285819874,73
1285860457,12
1285863081,16
1285881211,46
1285881563,22
1285885421,12
1285886218,237
1285900799,151
1285902621,45
1285904119,11
1285924109,20
1285926464,28
1285946801,11
1285956092,28
1285957532,229
1285966137,40
1285974683,1368
1285994107,32
1285995046,27
1285996394,14
1286010520,1214
1286041367,20
1286041430,208
1286054177,46
1286055132,54
1286055730,16
1286069434,19
1286071002,255
1286080008,11
1286102636,11
1286104608,11
1286113664,40
1286116609,29
1286124464,18
1286135398,26
1286142799,39
1286159878,26
1286203278,17
1286206140,81
1286206293,12
1286210431,32
1286217696,20
1286230821,22
1286232072,21
1286235236,95
1286236913,64
1286243024,15
1286260116,15
1286261242,37
1286266523,52
1286279483,231
1286309178,414
1286310557,11
1286313018,11
1286319925,15
1286349836,29
1286361322,18
1286395891,15
1286406151,29
1286425214,33
1286451756,11
1286452688,38
1286462942,16
1286475682,71
1286478863,33
1286485360,13
1286497554,11
1286498512,26
1286499192,14
1286500654,12
1286500812,12
1286501135,19
1286506347,11
1286514652,17
1286518017,14
1286519799,21
1286529702,23
1286533290,15
1286534320,12
1286547006,20
1286548050,42
1286550596,88
1286551417,26
1286576904,69
1286584533,43
1286589461,35
1286591918,16
1286613567,84
1286622370,16
1286623246,14
1286633499,13
1286638524,27
1286644174,17
1286650072,43
1286652851,130
1286655809,42
1286657898,89
1286660559,88
1286663306,17
1286674545,21
1286693004,11
1286693015,22
1286701048,19
1286705389,12
1286708665,24
1286709271,37
1286728102,16
1286732818,1202
1286733418,34
1286747417,23
1286754616,23
1286757779,15
1286762321,46
1286762528,17
1286763703,41
1286765396,53
1286769439,11
1286775287,161
1286781880,230
1286792158,27
1286817684,14
1286820615,11
1286822346,42
1286842063,32
1286843623,42
1286843683,60
1286845834,62
1286846690,12
1286852030,34
1286854085,87
1286870850,27
1286901904,35
1286921847,227
1286928810,35
1286929516,43
1286936704,113
1286939042,16
1286953511,38
1286955203,14
1286962008,40
1286963131,1
1286976854,20
1286981693,16
1286986255,20
1287003459,26
1287005135,27
1287010006,23
1287015444,19
1287032262,15
1287032505,30
1287040997,13
1287048614,22
1287050833,117
1287054186,23
1287054567,24
1287055640,17
1287057225,12
1287063635,26
1287064286,14
1287064367,727
1287065520,17
1287068039,118
1287097047,27
1287103899,23
1287109448,15
1287112265,15
1287114669,330
1287117896,11
1287118910,50
1287127015,13
1287133573,158
1287133718,13
1287137309,46
1287143833,17
1287144800,16
1287154353,13
1287167787,13
1287168491,1098
1287168990,603
1287169139,29
1287177495,11
1287183937,12
1287188318,18
1287195249,12
1287204510,64
1287205623,14
1287216871,6
1287216971,38
1287228538,11
1287232396,16
1287234722,11
1287241330,15
1287242357,26
1287249670,27
1287250090,46
1287253720,22
1287263044,13
1287275352,15
1287282432,790
1287300798,21
1287302739,53
1287319347,29
1287326388,19
1287329807,14
1287331518,11
1287332070,32
1287333722,17
1287339827,86
1287341687,38
1287346406,31
1287352822,122
1287355973,333
1287401002,445
1287408207,72
1287413468,14
1287418409,64
1287429470,12
1287442244,265
1287444152,44
1287460663,5595
1287461497,40
1287470793,31
1287472924,24
1287481170,26
1287482439,14
1287486661,50
1287489793,26
1287494718,11
1287505428,18
1287518095,15
1287523902,16
1287530240,16
1287531513,36
1287549995,14
1287564317,13
1287568859,209
1287570647,11
1287585416,14
1287594240,12
1287594602,18
1287603239,49
1287607687,13
1287609461,24
1287610282,26
1287612332,37
1287625631,297
1287628953,16
1287629488,28
1287631198,20
1287659684,11
1287663860,70
1287674895,47
1287678199,246
1287687409,39
1287710410,38
1287710445,40
1287710473,44
1287710505,47
1287728325,265
1287733709,14
1287737246,26
1287751585,103
1287755141,21
1287763956,14
1287766456,11
1287769478,723
1287779992,30
1287780961,19
1287782481,12
1287783473,15
1287802914,56
1287804060,2637
1287806129,20
1287806983,11
1287816393,12
1287823023,66
1287825471,127
1287831552,42
1287833347,1
1287833873,14
1287840943,14
1287846492,365
1287852974,27
1287862936,445
1287870588,71
1287874189,10
1287882910,11
1287890629,65
1287919291,29
1287919581,20
1287928146,13
1287936258,22
1287938366,245
1287962749,24
1287962934,19
1287966278,106
1287967526,14
1287982437,16
1287991092,39
1288001931,978
1288011918,35
1288025747,12
1288054527,20
1288054693,157
1288059458,11
1288064456,53
1288064720,20
1288069617,13
1288076814,94
1288081323,83
1288081425,11
1288093218,155
1288093254,11
1288095947,23
1288096154,7
1288101814,40
1288106370,98
1288107515,22
1288110627,24
1288118919,11
1288120439,15
1288131984,23
1288147191,14
1288151957,17
1288158967,21
1288163028,29
1288175235,68
1288176337,13
1288213067,13
1288220921,256
1288228170,26
1288234715,15
1288262029,17
1288265666,29
1288273711,54
1288276081,12
1288277383,25
1288292418,1771
1288298712,11
1288304560,69
1288321115,61
1288325627,3121
1288331786,73
1288342491,45
1288362206,26
1288363236,20
1288380908,90
1288388694,16
1288395026,199
1288402762,3252
1288404530,17
1288411750,23
1288414617,480
1288422836,15
1288422944,16
1288424187,11
1288433826,18
1288460943,11
1288462699,11
1288463361,13
1288475375,12
1288476092,14
1288492734,13
1288496072,92
1288504075,15
1288505524,84
1288508356,108
1288513932,92
1288540223,16
1288543585,12
1288545282,127
1288570069,24
1288582051,13
1288587093,21
1288595527,78
1288599558,15
1288603421,25
1288608768,16
1288630993,16
1288642659,25
1288651538,14
1288672674,403
1288682148,17
1288684460,53
1288700771,11
1288703620,30
1288706873,50
1288728943,26
1288733503,19
1288758234,13
1288762476,27
1288777867,16
1288777900,235
1288781687,25
1288787277,137
1288787426,47
1288789542,22
1288791412,19
1288795546,11
1288820389,201
1288848940,2562
1288858970,23
1288861827,82
1288892017,11
1288900132,55
1288913882,22
1288919960,14
1288922934,12
1288931625,38
1288951030,13
1288952475,173
1288952816,75
1288958400,33
1288972522,32
1288985136,19
1288986083,35
1288998877,18
1289000483,16
1289001778,37
1289031324,75
1289037448,95
1289038438,163
1289052336,21
1289066205,30
1289075393,334
1289096470,38
1289096810,46
1289101843,17
1289112181,24
1289122820,13
1289123250,37
1289130590,213
1289134166,35
1289148499,12
1289180378,13
1289182307,14
1289184179,46
1289191071,17
1289210484,11
1289213389,13
1289213568,28
1289214621,14
1289216565,21
1289237218,22
1289253413,28
1289254089,12
1289258261,31
1289268385,21
1289268998,41
1289275691,278
1289277901,11
1289281455,21
1289287656,12
1289291024,50
1289300100,45
1289302468,17
1289303356,12
1289313583,14
1289316188,90
1289329590,37
1289333270,17
1289344908,60
1289357453,13
1289373801,16
1289382533,20
1289383690,16
1289402893,56
1289403900,23
1289409182,48
1289409845,101
1289411321,94
1289419269,19
1289435641,1239
1289435661,18
1289445158,14
1289447490,254
1289449692,90
1289456372,21
1289458451,12
1289459154,26
1289468620,11
1289471395,18
1289475244,14
1289476943,264
1289479753,12
1289490233,73
1289500007,18
1289527697,15
1289539646,109
1289551526,92
1289566856,551
1289575092,15
1289578785,15
1289594768,91
1289595475,28
1289598388,112
1289599380,22
1289599396,27
1289606611,139
1289606934,86
1289612923,287
1289634070,18
1289635045,14
1289644132,14
1289647930,93
1289651398,16
1289657695,46
1289661113,654
1289663086,11
1289665394,14
1289684445,26
1289708063,18
1289714083,12
1289718189,23
1289724268,309
1289726568,11
1289727134,203
1289735643,12
1289737428,17
1289738717,24
1289739564,19
1289739593,16
1289742380,28
1289743790,2077
1289751966,11
1289755707,2044
1289770124,93
1289772049,11
1289772198,14
1289779378,12
1289781756,40
1289801839,35
1289805474,179
1289810924,31
1289811218,19
1289813626,31
1289815509,19
1289816372,51
1289817225,102
1289817233,13
1289834653,83
1289837195,59
1289847529,23
1289855202,38
1289858698,464
1289868346,1339
1289871444,54
1289872092,19
1289880549,16
1289888557,109
1289903345,15
1289907287,12
1289908594,14
1289909279,18
1289910520,14
1289911629,11
1289921008,11
1289921037,32
1289932122,83
1289949311,210
1289951235,499
1289958986,470
1289960958,13
1289968844,13
1289973161,16
1289975833,7
1289984605,10
1289989219,14
1289997043,13
1289998730,15
1290003469,40
1290004323,17
1290014367,25
1290022584,197
1290025719,63
1290031396,17
1290036613,12
1290037030,52
1290039961,143
1290061411,38
1290062238,48
1290068976,127
1290069630,77
1290071994,31
1290081931,27
1290089254,16
1290098318,121
1290111917,24
1290123560,90
1290127517,30
1290128725,12
1290130146,14
1290146959,59
1290150257,204
1290164166,13
1290169280,17
1290185333,16
1290185701,38
1290219822,58
1290241977,43
1290251222,10
1290252911,16
1290258572,47
1290286902,20
1290326260,310
1290327176,28
1290328251,20
1290335624,13
1290348818,14
1290354647,26
1290357699,23
1290361156,273
1290371866,13
1290411054,30
1290427326,23
1290432479,30
1290433922,14
1290440324,40
1290445936,321
1290461222,12
1290465737,23
1290474490,38
1290483547,52
1290484537,11
1290486035,14
1290494976,16
1290495061,16
1290507726,19
1290512486,30
1290519989,64
1290534164,20
1290534496,49
1290545197,22
1290547652,53
1290553178,13
1290553643,17
1290558619,33
1290565606,493
1290565686,242
1290590424,42
1290601520,23
1290601834,30
1290627511,18
1290646752,13
1290650156,23
1290650462,45
1290653606,301
1290660827,27
1290661234,66
1290680922,50
1290682233,23
1290686701,21
1290686985,16
1290695545,13
1290696540,51
1290697920,107
1290700307,52
1290728896,323
1290732504,13
1290749098,91
1290754906,17
1290757367,11
1290767643,25
1290768088,189
1290768901,35
1290776864,11
1290782877,14
1290790488,14
1290804584,12
1290807177,10
1290809573,60
1290823246,17
1290830352,15
1290838121,19
1290838935,11
1290852121,25
1290854596,680
1290857129,42
1290878523,12
1290884614,119
1290897015,22
1290897156,967
1290898656,13
1290900293,42
1290923480,15
1290927049,15
1290929180,12
1290933935,200
1290947992,59
1290950360,135
1290952186,33
1290956546,30
1290960638,11
1290961602,75
1290979982,130
1290982812,12
1291007526,16
1291031738,46
1291031778,17
1291037585,63
1291037733,20
1291049617,13
1291074566,80
1291080376,12
1291085789,14
1291088056,15
1291088888,17
1291092395,18
1291098094,595
1291098747,13
1291114277,114
1291115716,123
1291116871,25
1291123786,89
1291146703,87
1291154771,47
1291155153,38
1291155173,21
1291157543,688
1291173264,31
1291173267,17
1291189671,13
1291203310,17
1291210160,456
1291214151,143
1291221848,11
1291233408,105
1291242597,602
1291255325,1014
1291280180,68
1291282235,23
1291286746,16
1291296643,13
1291301285,32
1291305333,23
1291322604,56
1291336189,12
1291336217,30
1291336838,37
1291339585,18
1291342338,18
1291351338,20
1291351498,13
1291360022,24
1291383899,10
1291387853,27
1291414309,107
1291421612,81
1291423504,21
1291424008,12
1291431281,67
1291441881,18
1291442636,31
1291455828,26
1291455926,20
1291466723,66
1291466969,5
1291468384,15
1291481144,13
1291490166,251
1291492779,28
1291498626,47
1291499934,32
1291501594,12
1291502015,974
1291502103,29
1291503861,395
1291530267,238
1291531038,13
1291534737,65
1291536810,13
1291543949,12
1291544092,2225
1291571801,95
1291595187,11
1291604065,64
1291613802,129
1291618703,32
1291629775,13
1291629779,10
1291642855,103
1291643562,15
1291644553,25
1291658615,35
1291659044,124
1291660478,11
1291661471,117
1291673784,19
1291675170,13
1291688318,184
1291691703,87
1291693853,23
1291709438,76
1291720073,20
1291727921,13
1291728144,48
1291729207,12
1291734043,62
1291741982,192
1291742788,77
1291748193,29
1291765045,25
1291766087,31
1291773488,14
1291777847,12
1291779094,51
1291779342,35
1291781923,64
1291783779,5205
1291802228,14
1291808712,32
1291831530,23
1291834848,49
1291860076,167
1291886696,20
1291888782,108
1291892045,59
1291896819,223
1291901874,13
1291907563,38
1291915843,14
1291921955,92
1291923249,44
1291928218,511
1291931737,27
1291936449,19
1291950976,25
1291958928,234
1291962137,28
1291969904,64
1291971266,17
1291973553,11
1291974677,15
1291978751,37
1291984090,11
1291987214,26
1291988340,300
1291991682,34
1291993456,12
1291994110,222
1292006968,16
1292018156,14
1292028312,33
1292028472,16
1292033680,20
1292036695,17
1292072706,366
1292088940,548
1292122475,18
1292127782,23
1292149371,19
1292158992,353
1292170877,31
1292185453,11
1292186249,51
1292197111,113
1292208306,333
1292208583,43
1292215635,11
1292218441,21
1292223573,11
1292226955,12
1292249533,55
1292251343,21
1292256306,45
1292265540,49
1292266680,550
1292280196,13
1292280249,882
1292287896,15
1292290792,12
1292294946,13
1292295667,17
1292299068,11
1292302215,168
1292320543,24
1292336215,162
1292339579,17
1292341562,95
1292342255,112
1292354118,19
1292354210,75
1292362076,18
1292365126,80
1292373208,19
1292381040,14
1292384008,19
1292406637,1019
1292431002,53
1292434453,18
1292436887,465
1292440059,67
1292440486,22
1292458106,50
1292458261,49
1292458276,62
1292462975,108
1292469953,15
1292472665,26
1292477439,59
1292480695,57
1292482053,189
1292493380,7
1292505690,309
1292523720,19
1292529733,209
1292530568,18
1292532003,31
1292544026,851
1292548604,27
1292550079,28
1292567425,100
1292575405,12
1292581405,35
1292586353,23
1292588083,757
1292591034,29
1292593684,13
1292601409,134
1292602748,14
1292603082,930
1292611271,820
1292612825,11
1292617331,50
1292652711,70
1292661997,60
1292662826,62
1292666572,11
1292668977,174
1292670045,35
1292672931,366
1292678764,32
1292687159,51
1292688393,19
1292699127,17
1292704139,48
1292706893,11
1292707082,27
1292709273,129
1292725081,46
1292726463,76
1292729732,39
1292735425,11
1292752293,14
1292756053,925
1292758637,1043
1292799650,21
1292803076,54
1292805205,20
1292810049,20
1292813857,254
1292815860,66
1292817311,89
1292818025,15
1292826636,11
1292842754,109
1292859223,29
1292864285,616
1292887429,15
1292893151,33
1292896360,12
1292904557,22
1292908333,136
1292915032,93
1292917621,28
1292920091,30
1292930883,26
1292937850,177
1292949057,25
1292959171,95
1292960437,35
1292961099,11
1292965534,14
1292967604,37
1292975337,13
1292983476,12
1292983646,51
1292995916,94
1293002033,158
1293011705,16
1293014571,316
1293016738,15
1293023344,110
1293023679,71
1293029871,31
1293047359,103
1293051640,279
1293054306,750
1293055082,63
1293060614,81
1293066810,37
1293079208,450
1293080938,13
1293082552,10
1293082777,13
1293089313,14
1293097754,29
1293121942,624
1293123016,17
1293128596,644
1293133470,175
1293133608,16
1293144497,25
1293145788,25
1293146740,35
1293152736,16
1293153760,66
1293166992,51
1293174594,52
1293188585,29
1293204556,94
1293213640,11
1293219971,95
1293238217,26
1293242972,13
1293267652,42
1293275849,444
1293282148,15
1293287983,55
1293290940,318
1293297917,12
1293298064,127
1293302148,86
1293329788,179
1293335769,20
1293344456,169
1293344851,16
1293359656,13
1293366476,12
1293371220,841
1293372051,1523
1293373926,29
1293392008,48
1293394740,12
1293395679,28
1293400026,20
1293418144,16
1293424064,12
1293445504,54
1293450941,163
1293473664,601
1293496062,155
1293499204,11
1293519413,21
1293522928,11
1293528120,17
1293528352,222
1293532831,13
1293536570,11
1293548427,364
1293565442,37
1293566414,23
1293583727,128
1293587084,27
1293591465,29
1293596948,11
1293597225,104
1293600453,947
1293608593,689
1293617341,32
1293625280,12
1293627972,17
1293631192,84
1293640519,451
1293647745,27
1293670798,921
1293691564,95
1293698128,28
1293717587,30
1293717823,134
1293718969,184
1293727298,94
1293729903,138
1293742072,130
1293743886,72
1293746415,23
1293746575,35
1293747025,135
1293801504,42
1293806470,785
1293840610,35
1293842570,74
1293851627,11
1293861908,12
1293889404,61
1293898786,35
1293924437,15
1293928825,43
1293935952,14
1293948993,282
1293950824,11
1293955244,23
1293965946,168
1293975384,45
1294008777,95
1294038867,11
1294058995,14
1294069826,12
1294075523,11
1294080817,14
1294094207,17
1294114499,43
1294119998,21
1294147380,11
1294157055,186
1294164685,79
1294200741,54
1294251753,11
1294259549,15
1294279713,13
1294301160,11
1294305994,13
1294311895,11
1294326780,17
1294335516,11
1294339931,181
1294351823,29
1294369296,67
1294382024,50
1294390376,106
1294424063,12
1294427913,163
1294430749,38
1294440483,27
1294459630,68
1294466084,18
1294480204,18
1294485027,18
1294528581,15
1294541211,26
1294544128,964
1294544597,12
1294559854,11
1294562764,431
1294565886,14
1294567068,79
1294586858,37
1294598436,32
1294604196,36
1294614772,36
1294616380,216
1294624577,11
1294625255,33
1294626733,82
1294637523,509
1294651771,25
1294654664,53
1294665149,54
1294667605,17
1294673670,134
1294677362,13
1294678204,131
1294679712,21
1294680964,25
1294686811,131
1294697127,12
1294704254,130
1294722834,168
1294739070,143
1294760990,139
1294763382,14
1294778982,37
1294787951,134
1294799753,13
1294821660,166
1294849806,37
1294852002,18
1294874234,24
1294885537,26
1294904000,77
1294906029,32
1294907218,13
1294939035,75
1294942498,15
1294956555,126
1294964139,929
1294964918,68
1294974964,168
1294988947,376
1294991594,13
1295000646,18
1295002937,77
1295011810,12
1295012792,18
1295039995,311
1295042547,14
1295046960,68
1295051598,85
1295060983,12
1295070151,56
1295073265,221
1295085779,14
1295086761,224
1295092827,307
1295108547,40
1295117727,306
1295145837,16
1295154902,1210
1295162156,3
1295166457,18
1295167025,37
1295170501,55
1295183786,12
1295184546,12
1295185242,12
1295186092,17
1295193750,14
1295194584,13
1295196892,15
1295199205,13
1295206342,15
1295262141,11
1295266264,48
1295282395,12
1295282888,4
1295293233,15
1295296921,40
1295298451,21
1295303557,13
1295310807,51
1295314945,158
1295320127,32
1295320736,52
1295344808,13
1295352755,15
1295357346,13
1295359708,37
1295363021,132
1295373582,11
1295383219,120
1295386434,13
1295387006,58
1295422942,12
1295438128,36
1295450141,81
1295470853,676
1295478728,14
1295482110,281
1295484476,52
1295495980,11
1295496217,13
1295510275,69
1295512859,14
1295515267,103
1295524525,27
1295531254,1597
1295543570,12
1295554023,103
1295577734,112
1295578280,16
1295581894,101
1295583883,22
1295584891,58
1295589978,11
1295590478,32
1295614877,12
1295618902,60
1295624544,22
1295634529,29
1295648738,250
1295649165,104
1295650615,15
1295653490,33
1295653887,34
1295657237,11
1295658103,22
1295661232,19
1295661278,20
1295663128,21
1295663977,11
1295676197,203
1295680592,4
1295688847,109
1295700623,2
1295708862,578
1295714815,17
1295752474,237
1295764899,15
1295765493,14
1295766600,22
1295768859,161
1295773286,1
1295803985,30
1295809480,16
1295814352,23
1295829277,34
1295835040,79
1295858816,40
1295864070,162
1295864331,35
1295872517,20
1295877973,12
1295901464,103
1295902352,16
1295906282,11
1295937847,151
1295965137,55
1295965620,62
1295967737,12
1295970455,106
1295972337,58
1295975920,17
1295985574,63
1295989621,36
1295989737,17
1295991094,28
1295994638,64
1295996145,13
1296000930,48
1296010200,80
1296016994,44
1296021415,28
1296024548,923
1296036886,2302
1296040105,31
1296041659,103
1296050346,604
1296055654,54
1296056515,19
1296072145,67
1296078951,13
1296090089,18
1296101426,21
1296102301,388
1296107475,781
1296111192,450
1296111638,28
1296111994,17
1296114889,39
1296119852,34
1296129407,10
1296135579,26
1296135758,44
1296137450,11
1296138876,16
1296153067,14
1296163320,21
1296189318,29
1296190079,36
1296243058,21
1296248129,57
1296250451,212
1296256899,11
1296260901,38
1296273774,14
1296300799,3844
1296301313,996
1296302822,964
1296312541,48
1296324767,122
1296326316,66
1296344930,495
1296347944,173
1296348059,17
1296349582,214
1296350812,55
1296354941,10
1296365237,244
1296370469,23
1296375920,503
1296381450,19
1296383855,141
1296385256,294
1296390238,13
1296397537,90
1296404338,135
1296408226,16
1296425754,13
1296432061,12
1296432740,58
1296434943,99
1296435222,20
1296438403,27
1296441594,58
1296444434,11
1296449838,71
1296450945,47
1296452875,13
1296462200,237
1296465177,13
1296471020,13
1296471449,1410
1296472403,140
1296476248,21
1296478978,38
1296484148,36
1296537614,11
1296544815,12
1296550039,165
1296553907,14
1296555600,29
1296557893,42
1296570575,43
1296573992,21
1296584227,13
1296585751,249
1296602376,84
1296607973,259
1296627757,953
1296635340,46
1296635666,15
1296643720,28
1296649748,18
1296649839,838
1296661225,122
1296668674,22
1296672011,141
1296678306,283
1296678314,49
1296680841,1308
1296688714,40
1296688895,374
1296711588,226
1296713807,11
1296717138,21
1296734416,12
1296738161,32
1296742217,12
1296751400,130
1296768326,92
1296774563,25
1296775646,28
1296780960,151
1296787820,29
1296792947,42
1296793921,30
1296808521,179
1296814267,12
1296817533,91
1296830362,26
1296833527,50
1296836072,226
1296841294,97
1296854989,131
1296861532,43
1296874887,63
1296882043,27
1296889061,22
1296900853,12
1296903699,17
1296904602,12
1296913096,210
1296922843,15
1296926351,12
1296926632,11
1296929824,12
1296931670,15
1296932035,82
1296935864,124
1296937336,10
1296941059,15
1296944672,22
1296959361,31
1296961913,68
1296963477,375
1296965951,79
1296980330,11
1296981871,54
1296982152,50
1297000919,23
1297003539,32
1297004839,28
1297007256,109
1297007799,14
1297010149,486
1297013313,72
1297019929,48
1297022212,116
1297029834,13
1297030348,18
1297030493,12
1297042736,26
1297049157,13
1297072142,93
1297075250,14
1297089591,174
1297090793,164
1297091782,20
1297099848,24
1297100398,60
1297115272,112
1297115450,94
1297117944,42
1297121898,32
1297147597,27
1297152948,54
1297155925,70
1297161149,18
1297163433,12
1297185351,18
1297186508,62
1297191394,128
1297197707,1
1297197942,97
1297198645,22
1297199648,22
1297201544,12
1297204247,0
1297211063,45
1297212179,114
1297221666,14
1297241435,27
1297245314,62
1297248636,134
1297251847,18
1297263342,20
1297265714,17
1297278222,611
1297287351,12
1297290359,11
1297313158,153
1297316519,5756
1297316564,170
1297317945,30
1297334206,82
1297337135,13
1297343152,33
1297344540,14
1297353293,18
1297368894,11
1297368927,20
1297376870,17
1297377707,12
1297379226,44
1297385317,17
1297385905,13
1297386092,40
1297386391,359
1297390767,14
1297390829,34
1297391498,34
1297393883,17
1297397966,19
1297400572,18
1297413550,17
1297414511,102
1297429458,62
1297429477,37
1297448989,111
1297451632,11
1297461538,12
1297462855,17
1297466672,19
1297478882,29
1297479393,19
1297491478,15
1297510474,14
1297517585,11
1297526964,21
1297534990,30
1297538014,120
1297551407,11
1297553204,106
1297560051,17
1297560842,11
1297567382,29
1297572541,95
1297573774,29
1297574911,45
1297579661,32
1297579800,55
1297586900,27
1297595257,11
1297600783,15
1297607175,60
1297608111,69
1297611216,111
1297616368,14
1297633053,75
1297638533,124
1297643511,17
1297645533,1010
1297650803,18
1297660778,14
1297668161,38
1297684377,15
1297691747,167
1297694352,65
1297701040,19
1297703342,31
1297709406,15
1297730581,17
1297738589,48
1297757117,21
1297762386,12
1297765263,14
1297766097,19
1297776074,208
1297776908,134
1297780347,99
1297789435,19
1297797901,44
1297799377,146
1297814636,13
1297827159,108
1297831184,51
1297874042,15
1297878371,122
1297899871,20
1297902282,83
1297912696,136
1297916761,21
1297920557,21
1297937750,20
1297941714,16
1297960940,10
1297972250,52
1297979369,480
1297984221,96
1297985737,108
1297986858,17
1297987227,33
1297988963,92
1297991968,11
1297996943,62
1298001693,72
1298006204,13
1298021489,246
1298031533,159
1298034949,57
1298037639,229
1298047052,13
1298065682,58
1298073124,15
1298076016,18
1298084716,138
1298096233,24
1298105768,16
1298108536,39
1298112590,36
1298115146,113
1298121347,15
1298124536,314
1298127389,50
1298139770,14
1298145673,66
1298153351,37
1298158902,60
1298164075,182
1298174000,17
1298175867,20
1298186451,21
1298188743,38
1298189234,862
1298191005,34
1298203529,34
1298208279,24
1298209482,14
1298212519,11
1298216311,32
1298216890,22
1298217981,11
1298228264,19
1298235708,18
1298244810,1341
1298248424,27
1298265782,165
1298271854,32
1298282884,99
1298282939,125
1298301815,631
1298301851,11
1298306683,40
1298311899,15
1298314398,16
1298317899,31
1298319935,11
1298324581,101
1298330759,15
1298330762,143
1298335317,12
1298351236,12
1298351661,12
1298354563,51
1298354719,40
1298373096,21
1298373549,13
1298381505,48
1298389464,25
1298394175,125
1298402208,21
1298402291,22
1298402884,97
1298416012,16
1298420807,13
1298427761,43
1298441011,91
1298444438,33
1298458766,114
1298494423,27
1298500250,50
1298511776,11
1298518446,14
1298522061,26
1298524881,16
1298526427,11
1298531535,24
1298540929,156
1298568456,13
1298569568,41
1298598437,21
1298605985,35
1298611557,179
1298661166,19
1298661864,46
1298662780,43
1298664835,25
1298677021,13
1298696137,8587
1298699871,27
1298699946,12
1298703923,19
1298710636,108
1298717535,17
1298735948,201
1298757994,19
1298760593,175
1298761206,25
1298776816,56
1298780689,105
1298781357,99
1298783167,31
1298783547,13
1298794128,50
1298803736,31
1298809265,12
1298809747,17
1298817286,46
1298818939,30
1298825209,1578
1298833847,26
1298835702,29
1298841963,13
1298849251,205
1298852328,40
1298874131,17
1298890469,23
1298890549,1531
1298907438,11
1298912593,28
1298912749,73
1298912807,222
1298916380,41
1298933079,95
1298948475,16
1298954696,88
1298962178,16
1298962714,109
1298977090,440
1298994476,12
1298997344,19
1298998324,1613
1299013183,11
1299021024,11
1299021923,21
1299023861,198
1299043514,254
1299058088,95
1299059228,416
1299064384,18
1299071115,14
1299074098,17
1299075417,32
1299075519,112
1299075525,28
1299086165,22
1299096615,22
1299098282,14
1299101460,19
1299102186,12
1299103445,24
1299104550,41
1299108987,146
1299109556,159
1299119693,15
1299120455,11
1299128832,14
1299132400,14
1299132437,15
1299133936,207
1299153287,42
1299172984,19
1299183411,44
1299193892,13
1299196724,19
1299225226,112
1299227072,774
1299238284,17
1299238433,134
1299239337,51
1299248993,18
1299251844,14
1299255113,161
1299261309,17
1299266129,237
1299274014,18
1299283711,13
1299297301,62
1299299202,29
1299300597,20
1299306532,90
1299316742,65
1299322393,19
1299332215,20
1299332376,125
1299332647,16
1299352195,48
1299359887,21
1299363480,17
1299377098,50
1299377596,80
1299381557,152
1299391180,112
1299391914,24
1299395003,14
1299402689,33
1299405532,105
1299411037,13
1299415612,101
1299424782,18
1299427635,12
1299436675,46
1299444163,81
1299446983,132
1299449396,12
1299460293,490
1299469235,17
1299472893,39
1299481757,14
1299483807,57
1299494230,104
1299499111,51
1299501821,11
1299504474,164
1299510850,15
1299516451,43
1299516812,64
1299518666,315
1299521785,18
1299531705,16
1299534286,14
1299542547,114
1299544119,31
1299550692,58
1299564899,18
1299570761,28
1299573741,40
1299585779,21
1299592457,11
1299593939,24
1299608688,29
1299619059,49
1299619868,291
1299627068,38
1299628213,20
1299635121,66
1299639457,150
1299650759,17
1299691584,169
1299702144,12
1299704239,13
1299711281,19
1299715232,31
1299734316,183
1299750967,100
1299751691,0
1299769220,9905
1299770029,11
1299809384,14
1299811667,58
1299816105,11
1299820860,526
1299827099,177
1299833043,26
1299839177,22
1299847522,12
1299849814,20
1299851932,21
1299864365,18
1299869694,36
1299885911,480
1299896218,85
1299907984,20
1299929539,14
1299936609,392
1299946390,18
1299948312,39
1299952233,344
1299952957,82
1299953207,24
1299963641,77
1299964707,11
1299965162,51
1299966529,456
1299969979,73
1299969985,21
1299980464,45
1299986260,65
1299986993,19
1300023993,170
1300024503,427
1300030250,25
1300040942,78
1300044327,11
1300059342,83
1300071253,16
1300071984,26
1300084498,46
1300088092,29
1300107229,36
1300108628,181
1300123581,181
1300130121,22
1300134200,142
1300140564,47
1300144318,128
1300145782,134
1300153697,276
1300163727,16
1300164869,16
1300165290,141
1300168072,137
1300171107,127
1300173275,640
1300181963,106
1300184722,23
1300197094,17
1300200526,13
1300204002,129
1300204425,95
1300211152,140
1300212740,73
1300220661,125
1300229326,18
1300230372,90
1300237368,140
1300241319,19
1300242971,127
1300259063,140
1300265377,140
1300269999,17
1300271089,40
1300271177,41
1300271266,40
1300271366,42
1300271521,41
1300273081,37
1300277628,144
1300282659,81
1300282686,16
1300286845,55
1300287685,11
1300290874,28
1300293955,25
1300293986,175
1300295755,16
1300296756,16
1300301101,39
1300333512,133
1300337557,27
1300342376,12
1300374453,102
1300393596,0
1300401366,25
1300402437,59
1300418295,375
1300430658,56
1300438415,20
1300442898,81
1300446024,11
1300446537,128
1300459912,38
1300470235,22
1300484864,192
1300502001,54
1300521661,12
1300523446,54
1300531108,23
1300541341,87
1300541916,53
1300555995,615
1300568623,12
1300573378,49
1300576199,14
1300577620,20
1300585573,14
1300589372,23
1300596785,90
1300599779,93
1300600847,20
1300608745,13
1300610806,26
1300611018,166
1300612704,2081
1300619513,18
1300628885,19
1300631934,51
1300644821,26
1300660330,11
1300666568,40
1300667851,20
1300682631,23
1300707779,15
1300711133,12
1300713717,27
1300715013,30
1300719974,226
1300725289,20
1300735116,26
1300757259,76
1300781672,133
1300791877,42
1300815089,13
1300819170,266
1300825690,11
1300825775,700
1300827846,17
1300835670,22
1300838692,13
1300842713,16
1300874608,12
1300882050,13
1300901348,24
1300901573,13
1300902838,25450
1300907089,41
1300919728,17
1300920852,15
1300925674,13
1300926657,35
1300955288,13
1300982703,32
1300983367,16
1300983387,245
1300991151,63
1300993394,14
1300995235,34
1301005835,32
1301016329,23
1301017059,14
1301035913,24
1301065951,27
1301067430,20
1301073151,75
1301078425,46
1301103236,101
1301105296,277
1301107406,12
1301120666,40
1301131750,143
1301135117,20
1301140584,124
1301140808,12001
1301143981,16
1301149423,22
1301150154,14
1301161602,11
1301161752,213
1301178592,62
1301196895,210
1301199747,31
1301201613,150
1301214182,13
1301224634,30
1301231972,212
1301238021,95
1301246878,15
1301254363,11
1301254884,191
1301262267,25
1301266742,42
1301269170,25
1301277455,18
1301292883,26
1301304056,61
1301304237,87
1301312343,162
1301318281,21
1301322902,24
1301323244,19
1301347593,13
1301348114,99
1301348989,13
1301356813,11
1301366518,26
1301371493,15
1301373645,17
1301374527,20
1301376039,149
1301376665,15
1301386747,59
1301389817,13
1301401232,18
1301417762,18
1301419178,16
1301421907,12
1301439040,27
1301445158,23
1301448027,40
1301454477,15
1301455815,25
1301458181,18
1301463756,11
1301466742,0
1301469329,93
1301471093,13
1301472408,12
1301485123,1419
1301485816,419
1301491918,45
1301492559,44
1301493865,20
1301494149,11
1301498505,43
1301498945,141
1301502264,42
1301518021,43
1301525143,24
1301527869,35
1301528097,64
1301533608,102
1301540478,136
1301558649,17
1301563271,122
1301565741,12
1301570059,233
1301575666,11
1301596482,69
1301597356,13815
1301607598,1135
1301611769,15
1301639709,17
1301640367,124
1301641528,27
1301643310,29
1301645599,129
1301653337,637
1301657572,429
1301667013,43
1301672719,475
1301683816,368
1301693327,33
1301707902,11
1301709626,62
1301725592,17
1301738357,15
1301756334,30
1301767680,15
1301774983,43
1301788801,11
1301790724,41
1301793165,12
1301796528,55
1301809788,11
1301812872,47
1301819599,16
1301841465,51
1301842269,13
1301856089,61
1301856519,55
1301861241,31
1301870117,23
1301875103,15
1301898837,28
1301903391,172
1301910694,11
1301917947,24
1301934220,12
1301938254,14
1301958727,16
1301969071,24
1301983899,68
1301987551,26
1301992438,21
1301993377,12
1301998668,14
1302005433,18
1302010381,20
1302014092,12
1302019080,240
1302019326,47
1302029387,32
1302029423,11
1302030647,15
1302031002,116
1302033406,11
1302037370,17
1302045369,68
1302055571,11
1302067941,18
1302077273,1160
1302080030,15
1302087529,12
1302093382,409
1302124928,29
1302164086,29
1302170043,118
1302170604,19
1302172683,855
1302190660,63
1302202107,56
1302202880,33
1302223856,55
1302242606,17
1302252210,118
1302262750,119
1302268312,19
1302269184,21
1302273154,90
1302277405,21
1302287414,66
1302291872,21
1302296412,18
1302297046,16
1302297836,29
1302315783,30
1302319451,30
1302326901,22
1302327379,24
1302329332,91
1302335558,26
1302375379,91
1302393186,15
1302398032,1893
1302409680,817
1302413366,18
1302419828,43
1302426780,23
1302427034,22
1302442495,11
1302448737,374
1302460137,159
1302464336,14
1302471470,20
1302482437,19
1302483274,91
1302484474,25
1302494840,12
1302496224,669
1302501377,13
1302513724,34
1302521362,30
1302522817,13
1302531339,163
1302544971,180
1302549724,120
1302552260,12
1302584359,28
1302595848,63
1302610309,18
1302615481,24
1302629692,33
1302634008,19
1302637373,12
1302641378,37
1302643506,106
1302655029,12
1302657908,21
1302669715,23
1302690078,1130
1302692944,44
1302701321,28
1302709654,15
1302734131,17
1302746638,20
1302754323,31
1302756008,1472
1302761259,70
1302778457,24
1302780148,22
1302793047,25
1302800669,13
1302801301,20
1302802371,114
1302812797,11
1302835106,12
1302856834,15
1302875835,13
1302888707,39
1302893901,15
1302911872,77
1302914488,28
1302915552,350
1302920880,21
1302925060,70
1302937875,25
1302938232,24
1302961227,43
1302962846,76
1302984367,104
1302986554,771
1302987358,34
1302988703,69
1303008060,96
1303020015,285
1303030097,59
1303043661,16
1303050614,18
1303051373,17
1303057578,14
1303075050,265
1303082204,157
1303090597,14
1303104453,54
1303104741,14
1303106583,31
1303110640,42
1303111815,31
1303113964,42
1303123981,20
1303124963,80
1303160078,27
1303179284,13
1303197338,40
1303207414,50
1303214804,29
1303225493,14
1303228846,13
1303237716,19
1303245406,12
1303253010,102
1303257127,95
1303258850,2952
1303265999,135
1303275522,11
1303286155,23
1303294638,38
1303306436,35
1303311265,11
1303315918,223
1303322746,29
1303323911,191
1303358961,15
1303365335,32
1303388198,354
1303415892,18
1303424682,13
1303430390,84
1303444609,1342
1303452678,50
1303463449,129
1303475491,36
1303494416,1097
1303499948,12
1303503512,25
1303504717,96
1303510493,15
1303516931,454
1303528937,70
1303542206,69
1303546492,93
1303558514,170
1303563430,52
1303576851,1219
1303612962,33
1303627608,25
1303648567,44
1303649436,12
1303650717,13
1303654689,26
1303659182,118
1303663690,33
1303663929,15
1303665181,65
1303694788,18
1303698387,14
1303700237,16
1303711609,418
1303715087,220
1303720794,26
1303725660,28
1303760460,28
1303763995,33
1303775804,25
1303777396,15
1303780153,27
1303792328,23
1303808471,37
1303816773,18
1303829880,2683
1303838051,11
1303840800,89
1303843138,47
1303846871,18
1303848201,83
1303848744,13
1303852154,16
1303852365,14
1303856272,24
1303882206,12
1303900797,49
1303908751,17
1303913048,18
1303942681,57
1303943786,18
1303945692,40
1303951648,142
1303954218,27
1303954895,18
1303964380,12
1303967338,18
1303967412,35
1303984411,46
1303989795,11
1303993210,12
1303996759,18
1304005951,14
1304007356,21
1304009131,30
1304012236,72
1304014128,62
1304019895,66
1304024914,32
1304027230,146
1304050127,11
1304052892,12
1304056775,193
1304080289,56
1304094516,52
1304107002,19
1304125705,20
1304129036,985
1304146485,23
1304149672,139
1304152620,18
1304159264,6097
1304160686,11
1304174300,199
1304196000,13
1304196094,19
1304207622,4170
1304222831,150
1304225766,13
1304226508,12
1304229261,497
1304232661,42
1304234956,22
1304237262,45
1304238224,12
1304238567,82
1304242618,25
1304246254,12
1304260727,45
1304294655,11
1304306112,23
1304315081,102
1304318009,14
1304322497,51
1304333897,28
1304335866,30
1304336034,12
1304337507,40
1304341067,34
1304347403,11
1304349828,75
1304349839,19
1304351988,11
1304355918,15
1304359065,198
1304373890,17
1304378523,34
1304378982,35
1304380332,12
1304384931,66
1304404625,13
1304407094,147
1304423757,31
1304431028,122
1304442749,19
1304443708,14
1304444662,40
1304451904,70
1304467806,52
1304471702,71
1304473868,24
1304488632,31
1304488811,18
1304493978,20
1304495415,116
1304495445,11
1304501122,52
1304506703,32
1304517830,19
1304518726,11
1304519591,39
1304520950,15
1304526833,13
1304529385,148
1304529863,61
1304537180,15
1304537472,76
1304539881,15
1304542808,44
1304556871,31
1304559533,29
1304567127,46
1304567934,24
1304583136,12
1304586137,18
1304591688,25
1304593240,11
1304594889,10
1304595029,148
1304597154,21
1304599770,30
1304607940,11
1304610471,12
1304628584,20
1304631348,33
1304632302,42
1304663770,143
1304669452,43
1304671769,51
1304679633,32
1304680116,55
1304682395,13
1304694242,26
1304694611,27
1304696083,93
1304696714,1019
1304697544,17
1304731994,22
1304734752,18
1304747155,150
1304750838,3
1304753624,22
1304758893,76
1304766813,51
1304775452,101
1304785049,24
1304794847,31
1304799387,25
1304802486,11
1304806937,28
1304818308,17
1304821256,15
1304827709,0
1304828386,39
1304828882,0
1304832932,47
1304837172,60
1304837388,15
1304837809,86
1304843457,205
1304856087,30
1304862483,24
1304863350,13
1304888461,70
1304901279,66
1304911834,14
1304923286,33
1304926283,113
1304927496,165
1304930510,28
1304957651,1011
1304962944,11
1304963373,31
1304980197,14
1304985779,56
1304988216,14
1304995104,17
1304995293,19
1304997851,93
1305001221,104
1305002900,12
1305006110,12
1305019885,12
1305021260,23
1305036742,14
1305037983,156
1305045933,35
1305046490,28
1305049060,11
1305054288,17
1305056966,129
1305056996,30
1305058794,666
1305081749,42
1305087722,17
1305087895,32
1305091317,31
1305103103,79
1305115824,146
1305117762,73
1305120640,132
1305129752,55
1305133774,102
1305146030,36
1305148975,35
1305151705,68
1305155429,34
1305161350,21
1305176990,16
1305178119,300
1305179696,72
1305184384,18
1305186432,21
1305188958,17
1305192376,322
1305195833,13
1305199771,21
1305202283,79
1305213459,26
1305213711,26
1305226250,26
1305228500,16
1305235960,23
1305236221,15
1305243497,2531
1305247069,20
1305262154,89
1305266704,14
1305267585,181
1305271574,45
1305279821,28
1305283849,192
1305286302,16
1305295802,18
1305317087,23
1305322797,115
1305325533,47
1305361794,58
1305375036,34
1305383508,1402
1305384204,28
1305391575,93
1305402694,63
1305405354,108
1305421235,442
1305422688,131
1305428722,119
1305444772,149
1305457480,117
1305464963,13
1305466278,442
1305472088,11
1305475154,55
1305475918,271
1305476274,16
1305486782,15
1305490851,202
1305492582,21
1305498575,511
1305507742,35
1305508043,45
1305514578,15
1305527469,18
1305535459,42
1305540288,75
1305545535,342
1305549420,16
1305550169,11
1305551862,410
1305553926,12
1305556195,113
1305561172,21
1305570895,18
1305587608,74
1305588644,12
1305591013,23
1305603066,15
1305606229,131
1305616760,14
1305624022,453
1305625451,34
1305628084,58
1305637317,14
1305651780,11
1305660185,17
1305662779,26
1305663861,5272
1305667339,66
1305679958,24
1305682786,16
1305699858,11
1305704141,56
1305707360,24
1305709115,19
1305715709,21
1305721097,15
1305731992,35
1305741457,180
1305741622,21
1305744986,51
1305755468,70
1305772131,165
1305773751,14
1305774331,80
1305780550,46
1305782176,20
1305788388,17
1305789974,29
1305790403,13
1305792661,70
1305796151,151
1305797201,84
1305803446,271
1305806069,29
1305806147,31
1305812425,27
1305814109,72
1305814495,17
1305816675,19
1305818123,24
1305824431,13
1305828240,44
1305841714,44
1305844835,61
1305848083,13
1305848792,11
1305853976,11
1305862430,19
1305863428,13
1305863751,11
1305864535,31
1305877496,69
1305900997,12
1305904986,45
1305919833,56
1305923374,11
1305945075,238
1305949408,9
1305990791,71
1306012498,294
1306022100,14
1306026425,19
1306027397,18
1306049663,12
1306059784,34
1306061660,13
1306065843,2386
1306100351,12
1306119612,29
1306128367,14680
1306128677,16
1306129196,45
1306138051,12
1306142266,63
1306145188,14
1306154480,34
1306154585,80
1306167802,12
1306169988,123
1306183965,56
1306195002,70
1306196215,41
1306213287,34
1306234870,16
1306237950,40
1306263750,16
1306272254,36
1306272949,239
1306273589,43
1306275910,31
1306277970,11
1306298776,66
1306302333,25
1306308600,23
1306313813,16
1306318768,232
1306319469,20
1306319471,21
1306319479,20
1306326204,200
1306330232,19
1306331131,18
1306332390,12
1306335487,34
1306342221,15
1306353245,32
1306364195,22
1306378942,81
1306386497,23
1306401233,22
1306402179,8
1306402746,8
1306405145,12
1306408422,98
1306411267,16
1306413888,32
1306427790,17
1306430083,417
1306439313,29
1306443880,933
1306446403,110
1306447506,445
1306448176,60
1306448250,11
1306451998,20
1306471514,14
1306482063,165
1306485176,96
1306493579,11
1306494403,53
1306496047,41
1306496060,107
1306498057,11
1306500877,44
1306503677,750
1306505953,44
1306512034,35
1306537922,28
1306539048,42
1306551257,24
1306551587,94
1306568539,135
1306578822,54
1306586377,30
1306595286,191
1306600992,19
1306607268,207
1306613830,201
1306616266,31
1306633324,12
1306656310,124
1306659537,42
1306662378,121
1306664176,355
1306694574,61
1306697289,11
1306706347,35
1306722822,2271
1306725865,57
1306727166,16
1306733753,1142
1306736699,39
1306741502,13
1306743583,140
1306758289,1242
1306768200,1662
1306781567,15
1306804150,61
1306826997,44
1306834767,54
1306836270,267
1306846091,27
1306848735,27
1306851637,13
1306851819,27
1306869516,7
1306872292,6
1306876863,5
1306882201,16
1306883915,18
1306886896,37
1306900312,1
1306905377,16
1306907703,33
1306912075,0
1306918164,949
1306926767,15
1306932520,68
1306938692,22
1306959362,18
1306960192,22
1306969596,129
1306985935,93
1306986142,11
1306989887,1855
1307004566,35
1307024852,26
1307025984,210
1307038453,1
1307060259,17
1307065127,13
1307065754,36
1307068134,62
1307070667,185
1307074936,19
1307084089,324
1307084846,125
1307096111,26
1307097672,46
1307104496,79
1307110961,11
1307119235,68
1307122649,14
1307125130,11
1307144877,18
1307154301,299
1307157054,56
1307160977,67
1307161130,27
1307168916,16
1307169447,85
1307178612,12
1307178735,99
1307180092,12
1307183421,15
1307194740,24
1307197725,219
1307202159,278
1307203323,76
1307213552,46
1307221879,43
1307230282,14
1307234647,13
1307244279,52
1307248901,46
1307252454,1055
1307266417,102
1307270186,16
1307270471,13
1307270857,54
1307285110,105
1307328321,75
1307341214,24
1307347876,13
1307350189,281
1307351082,38
1307354870,14
1307359698,65
1307372176,16
1307376509,102
1307379556,241
1307383231,2498
1307394829,12
1307404521,11
1307409549,12
1307416356,12
1307425320,22
1307432618,72
1307448787,102
1307465082,15
1307467681,27
1307476583,12
1307486190,1404
1307488192,18
1307488992,171
1307489758,14
1307514479,85
1307527826,20
1307547413,13
1307559411,25
1307567870,70
1307568662,2431
1307584540,44
1307588143,43
1307596191,22
1307603352,51
1307624256,20
1307628678,12
1307633669,61
1307643131,12
1307646804,14
1307649454,43
1307649953,78
1307671429,18
1307673508,36
1307679581,1875
1307694207,22
1307697837,48
1307703830,160
1307704843,12
1307713600,20
1307720625,17
1307733763,80
1307742719,18
1307762938,262
1307767186,20
1307773072,38
1307773990,23
1307787792,91
1307790733,110
1307805451,45
1307807240,35
1307809022,24
1307815143,14
1307817867,20
1307818034,86
1307821649,30
1307831948,11
1307836085,22
1307873912,25
1307885966,31
1307893307,20
1307896324,13
1307911548,52
1307913805,16
1307918371,15
1307944394,45
1307949895,11
1307952399,22
1307954344,99
1307966960,19
1307972723,13
1307984484,189
1307987666,55
1307990988,12
1307992645,28
1308019466,22
1308040005,80
1308045091,21
1308097408,16
1308102087,39
1308110606,16
1308122629,45
1308123071,25
1308124634,85
1308138907,13
1308149332,279
1308192854,11
1308206794,16
1308229925,12
1308234922,819
1308268969,55
1308288667,125
1308295979,54
1308316384,24
1308327451,20
1308331067,17
1308336615,19
1308340659,11
1308352598,23
1308359696,14
1308361498,26
1308364098,15
1308369084,52
1308397376,52
1308398292,13
1308400131,18
1308404399,202
1308410531,25
1308419721,39
1308444605,28
1308447765,55
1308448263,85
1308448270,296
1308458265,52
1308458354,373
1308460307,590
1308474631,22
1308479983,42
1308481724,37
1308482715,22
1308499720,12
1308503336,12
1308521113,51
1308521559,139
1308530009,95
1308535464,32
1308538112,116
1308545018,22
1308548569,28
1308555341,21
1308558657,265
1308565466,14
1308567776,13
1308579255,18
1308593621,349
1308599537,69
1308602622,36
1308603606,32
1308612950,162
1308622617,40
1308635689,47
1308635795,17
1308648534,585
1308673015,15
1308686491,117
1308708421,96
1308739986,22
1308745348,14
1308747824,18
1308758430,17
1308766310,13
1308779766,23
1308788921,19
1308795025,275
1308801528,34
1308805179,40
1308813487,94
1308815776,53
1308834602,19
1308843906,266
1308844682,22
1308850915,31
1308865998,24
1308867877,43
1308873515,84
1308878403,32
1308921817,18
1308924757,69
1308942123,356
1308959443,55
1308968509,16
1309035989,14
1309048757,302
1309051991,16
1309088427,19
1309088889,164
1309091925,104
1309102418,2098
1309107879,125
1309116723,33
1309124917,14
1309135706,155
1309137852,15
1309144942,12
1309151187,41
1309160635,12
1309164822,15
1309188262,12
1309225609,13
1309245485,12
1309246845,67
1309249926,39
1309280330,14
1309282831,532
1309341321,204
1309343607,13
1309348250,65
1309349093,13
1309360788,41
1309370339,16
1309385521,17
1309391856,16
1309399723,110
1309403290,13
1309407208,25
1309425913,40
1309433170,15
1309433504,74
1309435192,35
1309437536,449
1309451980,3208
1309472658,17
1309476358,138
1309487694,25
1309499087,1112
1309505221,1097
1309510538,39
1309540034,19
1309553976,20
1309554690,249
1309561049,13
1309585508,1051
1309586086,44
1309586764,12
1309587458,141
1309597733,18
1309601929,21
1309611294,18
1309617936,33
1309620561,12
1309631593,12
1309640971,37
1309647838,58
1309661157,12
1309661906,189
1309664593,73
1309664986,73
1309668849,114
1309671224,33
1309676304,8
1309680814,11
1309681281,18
1309681855,216
1309681945,19
1309687875,16
1309701466,15
1309703648,46
1309704070,23
1309709313,43
1309712229,14
1309738430,13
1309751899,565
1309759774,100
1309760179,64
1309781127,90
1309782162,22
1309790222,23
1309793819,22
1309799622,25
1309804498,19
1309804746,23
1309815142,30
1309818833,56
1309830743,15
1309831189,23
1309832934,20
1309836866,178
1309846574,72
1309857238,101
1309873735,16
1309889408,13
1309902610,90
1309907019,30
1309914275,12
1309929858,13
1309939393,13
1309949076,53
1309964649,29
1309965117,20
1309972807,23
1309990836,1
1309992998,64
1309994258,23
1309996887,21
1309997615,23
1310007456,25
1310007689,13
1310013986,415
1310014869,335
1310038761,17
1310045865,11
1310057619,4039
1310066833,63
1310082015,28
1310097724,40
1310109196,218
1310126867,204
1310139882,43
1310140413,11
1310156788,26
1310159401,31
1310161451,39
1310162837,895
1310187403,13
1310191503,31
1310199195,12
1310208173,28
1310243342,55
1310243752,55
1310254507,21
1310260640,25
1310271207,213
1310274020,45
1310274582,49
1310285353,92
1310294466,98
1310296661,68
1310307310,231
1310309392,56
1310313058,12
1310314263,30
1310314499,12
1310318281,1
1310380073,72
1310383349,13
1310396953,17
1310406084,21
1310428322,167
1310429236,58
1310474846,25
1310495129,11
1310500533,14
1310505194,17
1310538762,52
1310543401,109
1310577552,23
1310586510,102
1310594307,81
1310601561,5
1310610581,18
1310624440,229
1310624630,563
1310629295,20
1310630466,29
1310632392,22
1310636883,13
1310641242,19
1310650417,16
1310665145,15
1310666689,1564
1310679785,45
1310681525,15
1310682277,24
1310687669,38
1310691580,929
1310692055,26
1310696198,16
1310700974,68
1310705177,4
1310715414,128
1310716843,112
1310727310,25
1310736783,12
1310741811,411
1310748800,183
1310757100,141
1310757503,11
1310758816,874
1310767243,128
1310767575,17
1310782328,26
1310785779,14
1310788413,20
1310791404,328
1310798572,15
1310813330,262
1310819016,25
1310825919,48
1310830484,64
1310844245,36
1310847317,1083
1310858736,11
1310865330,279
1310871684,21
1310874500,129
1310885424,31
1310891138,75
1310902433,175
1310940802,61
1310964744,30
1310966347,45
1310967763,53
1310968158,159
1310973801,39
1310976735,26
1310981351,92
1310982497,59
1311000427,31
1311004634,13
1311043182,11
1311058503,50
1311071006,17
1311085469,143
1311089623,13
1311096964,46
1311098573,11
1311124886,26
1311138783,12
1311147433,50
1311153410,350
1311160595,12
1311163719,40
1311174165,77
1311175410,22
1311186098,25
1311196031,16
1311213274,34
1311225763,600
1311242301,34
1311250427,68
1311257557,1
1311273226,20
1311304578,95
1311307019,41
1311313529,347
1311345825,11
1311349557,22
1311384232,969
1311411474,98
1311422733,11
1311424418,28
1311425451,12
1311437062,18
1311468146,34
1311473088,36
1311485484,89
1311494325,24
1311500998,17
1311501610,17
1311502074,18
1311502709,19
1311503215,17
1311503723,12
1311504457,16
1311505830,12
1311529044,17
1311578618,21
1311581613,6
1311615093,21
1311616339,41
1311630122,31
1311640403,48
1311664525,101
1311668806,56
1311673540,19
1311678225,143
1311686694,45
1311697330,75
1311705381,76
1311705407,14
1311706813,30
1311716728,168
1311726422,19
1311732585,19
1311737455,11
1311739668,13
1311740729,17
1311760177,21
1311760221,11
1311762905,56
1311769536,56
1311777322,28
1311777851,15
1311803282,14
1311807280,44
1311807406,169
1311829424,10
1311833401,23
1311854354,127
1311869304,12
1311892484,13
1311901064,61
1311914043,61
1311921003,66
1311928786,11
1311936638,39
1311956660,23
1311957569,46
1311964297,44
1311982302,20
1311998459,44
1312008708,92
1312026582,89
1312027571,26
1312029783,203
1312033853,22
1312038136,14
1312038724,44
1312044635,22
1312045449,19
1312049432,23
1312049524,283
1312051024,16
1312052589,19
1312055438,19
1312055731,17
1312056523,17
1312070559,42
1312090216,11
1312098151,13
1312101153,17
1312117697,112
1312126862,17
1312139641,13
1312142639,592
1312150421,117
1312153246,123
1312158011,70
1312158335,1258
1312161341,86
1312193222,105
1312196199,18
1312198605,167
1312220956,290
1312224999,48
1312228909,14
1312239443,15
1312245950,263
1312247338,46
1312249564,20
1312257227,3176
1312258286,11
1312278161,20
1312280882,251
1312288602,296
1312292672,53
1312306755,24
1312346598,47
1312346934,60
1312375880,168
1312403743,15
1312406410,29
1312422942,70
1312424308,12
1312428500,37
1312438113,16
1312446183,99
1312466494,36
1312473145,55
1312477654,88
1312485662,111
1312488824,475
1312517093,33
1312532956,13
1312538053,12
1312540818,34
1312543008,14
1312545580,24
1312545887,58
1312546480,79
1312547265,31
1312554298,640
1312554404,443
1312563136,11
1312564120,54
1312574524,17
1312580372,89
1312590850,82
1312591765,163
1312609286,446
1312610893,23
1312612110,11
1312619737,309
1312627260,62
1312665350,242
1312680132,48
1312685460,30
1312693131,15
1312693622,17
1312698116,32
1312710283,207
1312716448,119
1312723278,234
1312728158,12
1312729279,113
1312738975,12
1312740155,29
1312752179,76
1312756784,97
1312759592,207
1312762173,191
1312806315,34
1312807575,1011
1312808843,11
1312835170,35
1312835660,18
1312859624,11
1312866998,46
1312879027,45
1312879869,16
1312902046,80
1312909652,143
1312909869,22
1312910397,11
1312912332,11
1312919844,26
1312920018,24
1312920079,32
1312920802,14
1312924030,38
1312924533,11
1312924592,32
1312925920,30
1312927051,26
1312934614,16
1312949602,28
1312949782,104
1312956538,14
1312957276,28
1312966353,16
1312985238,20
1312987866,23
1312990898,28
1313000137,18
1313004200,20
1313011686,87
1313026445,101
1313032827,64
1313041772,312
1313064103,68
1313070818,12
1313085544,47
1313088952,13
1313106112,11
1313130082,10
1313138826,55
1313142522,74
1313164370,63
1313166155,69
1313181765,78
1313197580,16
1313214764,40
1313215450,797
1313222155,11
1313225248,101
1313236648,37
1313239727,137
1313243427,14
1313281849,14
1313288190,25
1313290235,48
1313295846,52
1313300049,37
1313325215,85
1313351403,90
1313352721,84
1313355587,26
1313358017,114
1313360734,40
1313362873,15
1313374269,24
1313375317,83
1313378548,117
1313381402,63
1313392636,26
1313397312,68
1313411155,39
1313427207,11
1313430820,14
1313432487,38
1313434625,609
1313435339,2161
1313435665,19
1313436648,50
1313451184,259
1313453387,24
1313463885,19
1313488505,18
1313488876,12
1313512177,11
1313524608,14
1313548808,48
1313549651,13
1313550097,12
1313550111,29
1313573635,270
1313576395,8483
1313580625,18
1313594931,24
1313605451,11
1313610207,37
1313612260,17
1313614650,467
1313635970,37
1313670990,13
1313671055,41
1313678749,38
1313691908,20
1313699888,12
1313732283,187
1313733120,11
1313733249,3
1313742872,11
1313744584,19
1313763142,70
1313785939,152
1313805296,49
1313805761,16
1313808387,71
1313817088,148
1313835429,19
1313843554,132
1313844277,103
1313865197,15
1313886041,51
1313902928,11
1313905017,14
1313919481,73
1313919842,23
1313921896,106
1313941347,20
1313950222,31
1313951228,107
1313954221,37
1313966068,1028
1313978749,15
1313993247,29
1313999061,34
1314005304,25
1314007736,24
1314017272,20
1314017288,11
1314029122,74
1314033208,32
1314035762,13
1314036825,105
1314048518,817
1314064046,27
1314070900,74
1314075859,106
1314077782,14
1314090794,15
1314104494,88
1314105991,38
1314112828,36
1314121831,24
1314131289,76
1314140996,53
1314141621,26
1314159634,35
1314180940,21
1314181734,15
1314190101,120
1314213737,222
1314223012,104
1314223440,33
1314243622,56
1314267613,81
1314272530,14
1314277259,31
1314289943,26
1314300684,48
1314304412,111
1314331320,16
1314351367,20
1314351515,15
1314365508,11
1314368765,335
1314372174,15
1314384305,13
1314400315,11
1314404827,759
1314407693,11
1314411582,35
1314411983,12
1314426744,17
1314435335,48
1314435709,16
1314437735,46
1314446438,84
1314448411,12
1314502072,15
1314507647,31
1314510451,71
1314513956,65
1314515526,17
1314518085,443
1314521366,30
1314525428,81
1314530051,12
1314535038,315
1314549531,41
1314553634,178
1314556783,157
1314575500,11
1314575864,64
1314577732,35
1314582570,13
1314587317,56
1314597444,273
1314606490,42
1314609786,101
1314650261,16
1314665580,109
1314692458,42
1314696900,41
1314708146,24
1314719265,39
1314751354,17
1314761721,26
1314771915,121
1314775126,3
1314785707,138
1314787397,203
1314793770,74
1314796671,72
1314797404,44
1314810821,16
1314828347,55
1314839093,73
1314848571,12
1314861868,44
1314897407,13
1314898286,34
1314902293,13
1314907124,18
1314908790,894
1314921459,14
1314930526,67
1314930742,28
1314935411,28
1314939164,24
1314942306,14
1314955865,14
1314963175,188
1314965195,18
1314965780,11
1315002015,18
1315011203,11
1315013718,35
1315019806,103
1315046220,13
1315060524,128
1315090338,24
1315107360,152
1315124331,16
1315148422,109
1315161527,13
1315162321,13
1315174739,44
1315202731,35
1315206477,12
1315250209,24
1315253319,19
1315259344,119
1315261510,15
1315264982,199
1315274753,24
1315310857,303
1315325448,118
1315345631,11
1315360669,223
1315380003,14
1315384578,151
1315386783,15
1315387640,13
1315396243,30
1315403737,29
1315417479,23
1315423038,12
1315424242,2169
1315427742,62
1315458055,218
1315467948,30
1315496140,483
1315506094,24
1315507441,13
1315524449,42
1315554178,18
1315554554,17
1315555252,91
1315559738,63
1315590382,14
1315593981,121
1315606516,12
1315608225,36
1315612819,16
1315615915,30
1315616754,16
1315617533,16
1315624465,86
1315633191,264
1315636287,112
1315650270,21
1315653133,56
1315655500,11
1315666966,577
1315694205,53
1315704673,718
1315704894,29
1315719035,52
1315725201,2
1315727835,30
1315754570,28
1315759320,15
1315771979,653
1315773456,103
1315775537,18
1315780685,47
1315782500,40
1315788070,18
1315788496,929
1315799079,240
1315812726,324
1315815106,25
1315829821,61
1315850048,514
1315854686,1450
1315862117,41
1315868156,18
1315872547,25
1315881431,28
1315882506,35
1315885684,166
1315898112,26
1315908836,11
1315913180,15
1315917939,14
1315929647,2654
1315946971,47
1315962414,103
1315994465,81
1315995847,30
1316017987,11
1316018310,23
1316027708,26
1316033508,93
1316035735,43
1316058101,100
1316065836,2
1316073756,117
1316084541,20
1316091624,12
1316095157,58
1316114472,113
1316182715,22
1316187395,63
1316195094,11
1316217740,28
1316220263,17
1316240573,17
1316262618,22
1316266139,31
1316273378,50
1316282601,26
1316292189,91
1316298108,12
1316301768,11
1316321471,11
1316327387,18
1316344428,12
1316356625,15
1316365555,541
1316371799,282
1316373075,37
1316378608,53
1316380795,14
1316387098,11
1316440427,104
1316441040,30
1316443307,3194
1316443332,37
1316451942,144
1316474873,62
1316478168,25
1316485187,77
1316490853,29
1316509952,14
1316527318,13736
1316536180,27
1316538156,44
1316538729,45
1316544157,45
1316553733,243
1316568189,11
1316580848,16
1316590209,13
1316591500,35
1316592914,19
1316594544,34
1316594840,369
1316595638,177
1316596909,161
1316597022,84
1316597685,136
1316597776,20
1316597823,23
1316599000,220
1316599118,24
1316599603,184
1316599791,31
1316599810,182
1316599919,17
1316601917,14
1316602289,17
1316602914,144
1316604798,32
1316605374,40
1316605636,20
1316642877,31
1316673337,21
1316678048,14
1316679883,30
1316686157,37
1316701203,12
1316703022,24
1316705882,56
1316706381,52
1316707723,58
1316708302,52
1316709227,56
1316712254,58
1316712864,39
1316715735,78
1316715856,14
1316719774,60
1316722408,93
1316725796,61
1316762886,12
1316765705,12
1316775238,17
1316783029,34
1316793737,286
1316795029,160
1316795249,23
1316808195,51
1316825297,63
1316826510,11
1316827897,43
1316838184,15
1316860569,20
1316875788,4122
1316883315,72
1316909862,13
1316924477,125
1316944679,94
1316968835,61
1316983376,50
1317000300,23
1317005876,22
1317011745,40
1317026993,16
1317028114,85
1317035639,81
1317036455,12
1317041031,6051
1317054555,278
1317066429,108
1317066456,21
1317066828,34
1317086026,97
1317089093,65
1317093528,15
1317105726,16
1317118119,84
1317118467,53
1317119338,122
1317152420,17
1317172464,86
1317183975,11
1317190160,16
1317191653,104
1317198312,62
1317202867,85
1317210052,72
1317211370,19
1317211809,81
1317234451,11
1317237779,14
1317239419,1016
1317239540,13
1317248227,49
1317261674,36
1317266955,51
1317273101,93
1317280647,15
1317304497,69
1317322071,50
1317322518,12
1317323848,81
1317328379,12
1317332295,6
1317333477,4
1317353600,0
1317354312,10
1317355443,3
1317355814,5
1317356529,4
1317358185,449
1317358607,4
1317359824,3
1317360095,3
1317360904,6
1317361536,11
1317362445,3
1317363305,6
1317376183,120
1317379324,65
1317380479,22
1317380531,21
1317381990,13
1317385739,55
1317390768,15
1317392030,15
1317395460,11
1317405392,11
1317413024,16
1317420606,20
1317434942,114
1317438192,13
1317439916,17
1317448886,1
1317463144,23
1317466681,15
1317467366,14
1317472781,36
1317496789,18
1317498322,118
1317515809,486
1317527211,58
1317541451,2
1317564135,179
1317571548,41
1317575332,18
1317584210,63
1317597851,69
1317608912,20
1317611495,25
1317638285,95
1317638368,40
1317679835,35
1317695757,13
1317714743,19
1317721033,29
1317724906,22
1317742704,127
1317749372,66
1317780464,122
1317805815,30
1317820455,22
1317834385,34
1317845318,12
1317850140,17
1317853585,31
1317857887,11
1317863622,56
1317890750,11
1317893214,22
1317902880,52
1317915210,13
1317920445,12
1317927085,25
1317930819,27
1317946380,34
1317979155,11
1317991438,35
1317996135,72
1317998700,20
1318002754,3
1318023660,53
1318025112,1146
1318037436,25
1318057073,21
1318057433,16
1318072933,39
1318087745,344
1318091082,36
1318092877,52
1318096478,147
1318100800,27
1318111439,21
1318150396,62
1318152768,35
1318164526,25
1318184764,940
1318187016,3182
1318211548,20
1318213206,12
1318229004,73
1318237562,11
1318241125,23
1318245682,20
1318251650,12
1318252591,27
1318257480,31
1318258994,16
1318274214,4
1318289209,15
1318289840,14
1318289843,108
1318293898,18
1318294378,12
1318304916,166
1318310911,35
1318320674,56
1318330553,58
1318341671,67
1318348313,60
1318353635,14
1318360190,28
1318361504,124
1318379446,43
1318382003,42
1318382587,662
1318383417,358
1318384640,12
1318387487,12
1318388542,42
1318400137,14
1318404555,24
1318411646,25
1318423155,33
1318425496,26
1318431764,46
1318436431,55
1318436679,13
1318445542,12
1318483994,13
1318504079,5
1318529228,23
1318562243,24
1318609608,54
1318621602,11
1318658418,11
1318672654,50
1318675746,13
1318681359,87
1318712528,31
1318722718,95
1318725835,42
1318727352,91
1318734428,26
1318768894,8525
1318788427,17
1318795016,19
1318796567,14
1318801695,177
1318802395,37
1318804206,15
1318805473,14
1318820565,21
1318826614,0
1318832652,65
1318833449,363
1318849324,0
1318855915,28
1318858576,23
1318865785,0
1318866049,0
1318866816,19
1318873117,0
1318873253,339
1318873509,0
1318875738,12
1318877719,0
1318882771,1
1318883031,23
1318885938,9
1318892468,15
1318893208,294
1318894586,71
1318896542,0
1318900501,11
1318900928,14
1318904076,221
1318905261,13
1318906944,0
1318913074,6
1318914813,30
1318937120,130
1318944817,11
1318947048,479
1318961055,14
1318963796,75
1318963974,12
1318966444,34
1318969718,14
1318977228,27
1318977673,13
1318978967,15
1318979351,16
1318987374,16
1319004034,11
1319010645,93
1319017608,15
1319031883,32
1319036011,5
1319037509,33
1319051191,31
1319051889,13
1319066980,2
1319067720,36
1319075968,27
1319085701,45
1319087070,21
1319093879,221
1319095350,16
1319109139,189
1319112594,19
1319119605,41
1319136719,90
1319137793,16
1319156283,30
1319158290,12
1319160890,17
1319168519,9
1319174653,973
1319185876,87
1319198340,53
1319201095,14
1319201916,53
1319213105,16
1319215459,11
1319225586,11
1319247547,159
1319248989,606
1319268814,161
1319277794,48
1319280026,1
1319290417,130
1319294522,32
1319299763,24
1319308368,70
1319312065,43
1319318004,11
1319325765,126
1319336961,2105
1319353851,53
1319357404,12
1319357442,13
1319366891,11
1319367318,50
1319368210,108
1319373413,19
1319374673,20
1319378448,306
1319394660,21
1319419492,3803
1319423199,34
1319441113,26
1319443961,11
1319445130,72
1319474007,431
1319475824,11
1319495166,98
1319535995,16
1319540329,117
1319544310,14
1319566713,92
1319573043,16
1319573724,122
1319580960,115
1319592497,0
1319600255,131
1319602786,19
1319608945,0
1319609065,0
1319609835,2
1319610055,0
1319610556,12
1319610743,0
1319612476,0
1319612605,0
1319612775,0
1319616329,12
1319616569,1
1319621005,19
1319622644,2
1319625231,2
1319625842,1
1319630301,5
1319630833,2
1319634614,3
1319636380,24
1319638566,2
1319638787,0
1319643307,0
1319644682,14
1319645021,5
1319645784,0
1319647108,1
1319648286,223
1319651356,0
1319651581,0
1319652485,29
1319655999,1
1319656092,26
1319656926,3
1319659765,5
1319662583,0
1319665034,2
1319678347,167
1319680328,1
1319697693,11
1319701315,0
1319702332,12
1319709827,0
1319709905,2
1319711005,36
1319715231,0
1319720221,0
1319749836,13
1319753754,3
1319756036,0
1319756096,3
1319759430,2
1319760746,22
1319776248,41
1319780465,1
1319781586,13
1319782366,2
1319785149,0
1319786688,98
1319789375,14
1319793410,24
1319795009,3
1319797823,17
1319823035,51
1319827146,33
1319830431,2
1319832335,52
1319835565,133
1319851399,65
1319855210,1144
1319870867,22
1319873617,108
1319873856,3
1319913823,294
1319919713,13
1319921002,317
1319927892,440
1319929531,18
1319930579,12
1319935567,18
1319940995,11
1319941229,40
1319945044,71
1319946565,13
1319951501,23
1319960845,21
1319996831,15
1320010935,61
1320029807,13
1320032479,0
1320038780,74
1320039160,50
1320039519,80
1320057578,13
1320069781,38
1320078754,11
1320081580,53
1320085548,46
1320086941,80
1320088898,107
1320091816,329
1320101490,2476
1320109030,15
1320110114,25
1320145775,73
1320148460,12
1320151833,89
1320154042,56
1320154809,21
1320160089,20
1320178198,61
1320187512,16
1320191889,706
1320193282,2
1320195608,139
1320198992,2
1320203112,2
1320206061,17
1320208076,65
1320210031,12
1320216862,15
1320223657,0
1320225787,0
1320226649,0
1320231703,4
1320236696,18
1320239169,66
1320242285,1141
1320243208,1
1320246076,55
1320246435,1
1320252722,21
1320257424,17
1320258128,16
1320260594,11
1320269374,0
1320270455,629
1320271414,96
1320277476,0
1320279890,22
1320283832,140
1320283956,18
1320289812,18
1320291718,17
1320292651,15
1320297326,3
1320298299,2
1320298687,1
1320301761,13
1320307428,437
1320308904,14
1320316688,26
1320324014,1
1320324475,0
1320328062,11
1320332437,17
1320335794,13
1320336874,17
1320337931,48
1320339732,175
1320340321,17
1320342909,17
1320347777,20
1320349038,15
1320349933,25
1320354524,11
1320360869,1
1320361231,1
1320361728,2
1320369294,31
1320371134,0
1320377629,24
1320378523,26
1320379092,18
1320380005,15
1320383259,0
1320387914,102
1320388319,0
1320389065,14
1320393115,23
1320394663,1
1320395538,225
1320404240,0
1320406751,1
1320410702,0
1320412291,1
1320413062,0
1320417534,0
1320418391,1
1320419451,0
1320419730,0
1320423970,0
1320444346,676
1320448084,2
1320448216,116
1320453043,103
1320456030,1
1320456601,22
1320457204,16
1320463247,20
1320463514,27
1320472884,31
1320479894,15
1320486737,0
1320488375,0
1320490421,0
1320490739,0
1320491907,0
1320493145,0
1320495821,26
1320496553,0
1320498228,0
1320500320,0
1320500692,26
1320502145,283
1320502581,36
1320507130,0
1320508734,0
1320512475,0
1320532788,0
1320532948,0
1320533264,0
1320538689,26
1320578276,28
1320603795,16
1320605477,24
1320623548,21
1320658226,35
1320707005,23
1320719264,0
1320723546,18
1320737819,12
1320763344,42
1320767711,60
1320804509,35
1320818729,100
1320824737,67
1320827273,940
1320874379,12
1320905866,14
1320932400,25
1320943282,22
1321015213,12
1321035178,16
1321045269,70
1321050149,279
1321050932,8
1321063327,19
1321069859,10
1321085715,14
1321088913,78
1321100725,12
1321135386,121
1321139753,11
1321142548,52
1321152436,95
1321161662,2
1321166557,48
1321177738,14
1321182314,39
1321204158,23
1321209080,53
1321216024,53
1321219788,118
1321236807,13
1321239702,27
1321259990,1
1321260596,57
1321275205,35
1321277409,16
1321280018,71
1321280738,164
1321285248,11
1321291692,50
1321327978,14
1321336595,11
1321342529,68
1321356000,56
1321376069,45
1321379766,32
1321382020,30
1321396874,120
1321397116,37
1321399490,36
1321407943,0
1321408165,287
1321408361,31
1321422619,11
1321423834,34
1321436547,140
1321441704,40
1321458166,12
1321458559,16
1321458827,12
1321465913,17
1321478154,12
1321490481,33
1321493628,14
1321499283,33
1321505820,29
1321507377,34
1321515356,19
1321517392,41
1321559698,379
1321574827,21
1321591183,95
1321624668,710
1321632884,12
1321637157,27
1321674874,69
1321678498,76
1321688525,606
1321689447,18
1321699044,19
1321714128,16
1321738568,16
1321749130,44
1321770621,55
1321772520,28
1321773119,49
1321773777,54
1321781742,49
1321784163,51
1321786097,84
1321790489,542
1321826970,184
1321841047,11
1321878142,105
1321884777,38
1321888095,92
1321907813,11
1321908669,32
1321917067,0
1321920026,1080
1321921283,83
1321926278,34
1321929305,0
1321936789,2
1321957043,0
1321968329,0
1321968445,0
1321988451,46
1321992041,0
1321996634,62
1321999667,1
1322012299,16542
1322016298,15
1322030451,33
1322033157,0
1322041286,1
1322054270,31
1322055568,55
1322083929,282
1322091211,86
1322098015,115
1322113808,15
1322120053,89
1322136828,1173
1322162271,14
1322183015,131
1322187842,249
1322193747,22
1322195763,20
1322214052,233
1322226624,528
1322239420,68
1322241466,273
1322241610,4
1322243816,24
1322245839,2
1322254311,227
1322256167,3
1322256388,23
1322284570,29
1322307430,1
1322339572,72
1322350350,44
1322351307,38
1322356489,34
1322370305,14
1322371775,42
1322388294,38
1322396669,53
1322411592,26
1322438508,77
1322439023,74
1322477142,37
1322480547,75
1322481762,214
1322497894,11
1322502505,501
1322510470,28
1322524751,146
1322532419,14
1322551166,12
1322579884,12
1322584104,49
1322621080,30
1322626388,17
1322633620,93
1322640431,26
1322651268,789
1322652272,58
1322660175,41
1322662035,26
1322668478,22
1322685769,17
1322694663,18
1322698650,1491
1322699193,86
1322701347,16
1322725897,11
1322734311,34
1322754000,341
1322754864,68
1322761659,11
1322767235,22
1322768766,3987
1322781104,168
1322794014,42
1322795798,56
1322797880,14
1322798245,259
1322799348,168
1322800734,34
1322801375,66
1322819359,16
1322821393,19
1322825368,672
1322829806,3
1322840923,17
1322850354,567
1322860688,51
1322882679,26
1322889322,54
1322892096,82
1322906687,47
1322918377,105
1322919742,28
1322934980,21
1322938008,13
1322938843,32
1322943860,536
1322948077,13
1322956121,16
1322956288,15
1322957439,27
1322963697,65
1322972550,11
1322976119,64
1322976829,68
1322979659,92
1322983543,57
1323002898,11
1323003537,75
1323012485,12
1323018222,14
1323031425,12
1323039537,207
1323039916,37
1323045322,40
1323045821,114
1323048240,251
1323064086,16
1323076522,25
1323076885,17
1323081107,23
1323093689,32
1323101134,34
1323122780,51
1323125178,11
1323127278,505
1323130935,167
1323148141,11
1323166404,107
1323192475,21
1323215530,32
1323217400,11
1323231803,12
1323260088,24
1323280384,40
1323288013,112
1323306782,63
1323322459,834
1323366767,30
1323366961,187
1323374070,12
1323375521,35
1323419190,236
1323437451,14
1323449258,29
1323452550,715
1323463941,99
1323467011,37
1323479933,164
1323482446,46
1323487520,28
1323490949,12
1323494570,15
1323498380,31
1323508453,11
1323511527,2790
1323514075,47
1323525253,32
1323548506,166
1323552500,11
1323562930,21
1323577359,39
1323581499,52
1323595365,1
1323600817,32
1323610205,21
1323654521,27
1323663794,373
1323673335,153
1323688475,12
1323692802,421
1323695128,22
1323695325,153
1323695358,137
1323712925,42
1323729948,12
1323731499,18
1323736669,22
1323739326,11
1323741593,11
1323743516,15
1323758620,12
1323763720,1601
1323764338,11
1323777381,2
1323780819,13
1323787093,1
1323796113,243
1323809707,30
1323833414,72
1323840812,40
1323841129,20
1323845482,18
1323869266,34
1323875882,15
1323907664,82
1323908322,23
1323919094,358
1323926490,13
1323931693,22
1323933315,63
1323938708,41
1323950321,40
1323950625,83
1323957541,34
1323961166,248
1323978754,799
1323984334,431
1323985353,44
1323988988,15
1323993731,50
1323995843,52
1324010126,11
1324010880,13
1324015717,110
1324058131,28
1324059656,17
1324063135,37
1324071199,157
1324083696,42
1324107430,25
1324117656,95
1324124790,15
1324132179,11
1324137339,8
1324139494,26
1324157281,72
1324166631,132
1324208491,723
1324216451,41
1324219364,40
1324223080,49
1324232013,17
1324240706,72
1324250345,37
1324263473,260
1324284666,35
1324303646,135
1324311422,170
1324339417,26
1324366886,30
1324381785,75
1324382874,72
1324385140,31
1324395929,68
1324460855,46
1324469331,11
1324477638,15
1324482694,68
1324485862,98
1324487331,11
1324491658,214
1324495180,34
1324519003,34
1324527947,47
1324537078,48
1324538069,106
1324542295,11
1324543298,19
1324553091,21
1324636939,149
1324639578,205
1324640215,35
1324650416,43
1324658671,30
1324663201,80
1324668664,15
1324669155,27
1324673997,11
1324679594,445
1324702702,205
1324704163,52
1324704245,36
1324713299,21
1324720705,20
1324721157,1
1324727538,14
1324731844,35
1324741372,11
1324744711,29
1324749263,141
1324769510,55
1324776233,33
1324795580,36
1324803269,20
1324817742,142
1324838427,13
1324847108,451
1324853220,34
1324858135,33
1324891625,38
1324932440,49
1324948322,42
1324949198,32
1324950805,37
1324952686,31
1324958927,14
1324971080,30
1324983964,26
1325028032,74
1325052623,11
1325059793,42
1325060410,30
1325064335,102
1325072646,17
1325096132,1603
1325097653,12
1325101953,119
1325104810,172
1325112478,6
1325128920,13
1325141112,62
1325142316,16
1325182514,20
1325194554,0
1325206693,174
1325230804,12
1325241665,33
1325286935,11
1325297391,79
1325304283,12
1325315882,12
1325324098,50
1325331240,74
1325331751,30
1325337668,43
1325344471,292
1325371159,11
1325376764,20
1325381890,36
1325410311,11
1325478362,18
1325483573,19
1325509713,19
1325576698,26
1325588165,15
1325592680,17
1325604847,60
1325614151,44
1325687429,25
1325714602,21
1325723889,44
1325805237,38
1325839630,11
1325853520,44
1325888868,28
1325895668,21
1325897531,61
1325902812,29
1325916970,39
1325996077,78
1326008263,163
1326035801,19
1326044641,114
1326053961,29
1326054908,5
1326056513,193
1326071833,39
1326088798,113
1326089811,140
1326100627,27
1326115288,49
1326130379,27
1326134013,22
1326137943,24
1326140471,17
1326143244,30
1326164488,18
1326173426,13
1326177141,38
1326180722,45
1326189017,80
1326198592,43
1326199068,34
1326222384,23
1326224688,28
1326228297,14
1326235132,113
1326240806,69
1326244070,104
1326249163,70
1326251311,56
1326266863,29
1326292154,34
1326302831,19
1326316542,185
1326317824,20
1326325297,20
1326329875,585
1326344042,20
1326350218,20
1326392947,22
1326394141,21
1326394720,122
1326402179,19
1326420620,179
1326452281,34
1326458055,19
1326464530,16
1326467757,18
1326479281,12
1326480303,965
1326486804,0
1326489552,23
1326497156,35
1326515774,17
1326522983,14
1326529720,17
1326531152,313
1326547070,28
1326554666,89
1326574350,572
1326578519,14
1326586077,38
1326596330,31
1326607979,23
1326609621,11
1326642999,58
1326654671,1853
1326671554,13
1326675251,20
1326681144,149
1326682918,247
1326723034,19
1326728658,11
1326737916,30
1326757672,19
1326773343,23
1326794832,110
1326807637,146
1326825726,17
1326836323,157
1326853912,122
1326856161,52
1326915228,234
1326920589,20
1326935802,31
1326963227,11
1326963742,345
1326970364,20
1327008838,21
1327016629,15
1327070180,238
1327071007,80
1327076283,15
1327081238,44
1327088798,138
1327114542,28
1327124384,12
1327135163,43
1327170623,24
1327180127,116
1327190291,87
1327191572,83
1327214801,1879
1327221128,44
1327225282,412
1327230913,12
1327274680,142
1327285989,17
1327287225,11
1327302572,13
1327310658,46
1327327043,129
1327328463,83
1327329738,122
1327333040,41
1327360831,140
1327364812,94
1327387768,25
1327391344,29
1327394183,63
1327407830,12
1327411925,61
1327414207,25
1327451853,64
1327455678,19
1327458936,19
1327485749,19
1327494327,12
1327497611,405
1327497865,209
1327502931,1052
1327504083,38
1327504314,18
1327504713,16
1327516253,19
1327537217,19
1327537702,1
1327541787,19
1327542058,1
1327544079,1
1327546939,1
1327549440,1
1327551340,19
1327556525,12
1327561373,111
1327574724,19
1327574742,74
1327584991,53
1327587687,14
1327589312,2
1327591718,42
1327597546,12
1327600825,11
1327610423,23
1327615345,50
1327634219,22
1327647115,49
1327654942,35
1327664185,223
1327672071,42
1327678038,77
1327679001,24
1327679348,56
1327688858,193
1327703576,26
1327741635,523
1327745309,19
1327760492,15
1327769792,18
1327770542,92
1327771378,71
1327772426,63
1327812422,87
1327829284,14
1327855429,41
1327859722,47
1327882465,16
1327912660,93
1327935413,80
1327979474,31
1327999315,13
1328004208,46
1328010825,21
1328021837,117
1328035329,195
1328041729,11
1328053986,49
1328103438,64
1328146553,13
1328154517,82
1328179440,38
1328194657,12
1328202159,40
1328222462,28
1328249282,12
1328249314,63
1328251573,54
1328264456,29
1328284302,53
1328287322,17
1328310747,35
1328312204,42
1328330941,38
1328335662,98
1328340947,214
1328355234,75
1328389467,72
1328406087,113
1328433769,127
1328443059,13
1328444511,52
1328468175,65
1328474181,57
1328481144,66
1328498728,14
1328501436,29
1328526159,102
1328527258,255
1328532063,16
1328542091,24
1328550807,20
1328580275,20
1328590564,27
1328596181,14
1328597658,14
1328627783,2095
1328634552,11
1328655966,16
1328656683,33
1328656904,86
1328667649,15
1328668543,12
1328692002,40
1328707869,82
1328712465,71
1328730284,25
1328742496,19
1328757117,20
1328769721,1035
1328783846,23
1328795639,19
1328798993,15
1328803446,11
1328824432,45
1328829300,45
1328830359,50
1328861070,12
1328862207,35
1328868896,86
1328879530,18
1328889333,34
1328934583,11
1328936229,22
1328945410,125
1328952004,219
1328955645,106
1328958105,229
1328966233,52
1328973416,38
1328983281,72
1328989945,19
1328993998,11
1329049965,12
1329050462,86
1329078157,99
1329080568,11
1329085812,16
1329096836,211
1329105755,16
1329110841,42
1329128263,221
1329136737,245
1329163060,77
1329167133,207
1329183470,43
1329192162,29
1329197939,12
1329206395,132
1329223745,58
1329267018,29
1329270526,78
1329272295,260
1329284982,15
1329291338,18
1329295499,53
1329307780,12
1329315609,14
1329320094,23
1329351407,24
1329353712,34
1329356755,15
1329357004,27
1329364536,11
1329365055,17
1329370534,26
1329374056,43
1329396176,12
1329410717,11
1329412905,32
1329421755,14
1329423195,31
1329430882,30
1329438460,26
1329442515,12
1329457912,86
1329459029,28
1329477354,65
1329482074,51
1329484633,32
1329491612,130
1329501906,86
1329504081,92
1329505483,86
1329520982,43
1329523769,91
1329527700,12
1329532338,53
1329535056,36
1329535977,37
1329575745,22
1329592703,18
1329595774,76
1329601540,19
1329624699,28
1329629252,1772
1329643274,493
1329652320,42
1329658588,87
1329681238,11
1329688801,85
1329695341,20
1329697250,52
1329702794,14
1329704476,11
1329704518,19
1329705938,98
1329706276,27
1329711203,47
1329717122,103
1329719848,11
1329723865,60
1329730975,54
1329758650,142
1329766967,50
1329772796,30
1329778496,68
1329802802,40
1329806020,4
1329807733,36
1329834110,98
1329849289,435
1329896761,12
1329915046,46
1329918442,14
1329919679,31
1329925237,14
1329969587,33
1329972462,283
1329980266,22
1330005206,128
1330046460,50
1330046962,14
1330048600,19
1330063459,0
1330075875,101
1330103508,18
1330108323,78
1330127155,40
1330132149,83
1330133167,35
1330135801,1257
1330143688,15
1330144990,344
1330160336,464
1330175803,19
1330202874,22
1330204791,19
1330206754,40
1330220596,14
1330222125,31
1330222767,19
1330239706,197
1330248807,39
1330259315,75
1330260295,26
1330271159,12
1330282006,142
1330297001,37
1330318865,83
1330332758,50
1330347036,27
1330367520,41
1330369527,122
1330387157,51
1330409659,1
1330412774,11
1330413963,72
1330434395,180
1330439658,25
1330450385,12
1330460638,11
1330461845,44
1330462451,12
1330462520,12
1330473381,122
1330476066,101
1330493920,11
1330507810,6
1330510119,4
1330516937,176
1330530171,162
1330531961,234
1330541122,11
1330542419,116
1330551342,3
1330568623,83
1330578988,0
1330595379,19
1330606242,21
1330606607,94
1330620024,26
1330627533,160
1330632565,2
1330644388,164
1330646326,162
1330647543,35
1330647892,73
1330652318,3
1330652407,497
1330669096,102
1330683084,16
1330687306,55
1330698126,123
1330719310,100
1330738995,14
1330762310,110
1330775457,23
1330775624,33
1330785579,50
1330797628,14
1330809662,133
1330817460,17
1330828102,94
1330836689,49
1330847698,11
1330858727,38
1330864189,707
1330901644,62
1330908282,18
1330909640,5
1330919548,84
1330948735,36
1330977256,14
1330983726,24
1330984071,100
1331014414,61
1331018891,95
1331023859,51
1331025830,45
1331030378,0
1331044795,42
1331048894,13
1331049113,72
1331078494,124
1331078718,21
1331079127,133
1331084199,3
1331086429,97
1331086670,5
1331112087,34
1331118057,35
1331119731,22
1331126576,18
1331135699,12360
1331135798,98
1331168484,19
1331183783,14
1331196092,61
1331202439,58
1331207288,218
1331208948,36
1331209128,50
1331225083,0
1331238111,29
1331242694,76
1331261687,1144
1331283163,76
1331333821,13
1331340460,43
1331368522,17
1331392011,11
1331399015,18
1331417844,41
1331440110,105
1331441014,177
1331466051,29
1331470986,41
1331473860,17
1331477935,15
1331500511,31
1331510024,1
1331514192,14
1331519486,135
1331538256,13
1331538751,48
1331551027,2
1331581864,157
1331604310,105
1331608070,50
1331629885,23
1331635528,28
1331636953,3811
1331644818,69
1331651339,18
1331660357,30
1331661622,102
1331687431,40
1331693594,37
1331694732,1
1331707935,69
1331712273,29
1331718729,35
1331723225,278
1331724387,14
1331728719,997
1331732980,11
1331740864,12
1331741216,21
1331748819,1
1331753988,15
1331754319,19
1331760244,1
1331763167,58
1331765777,70
1331787386,1
1331788266,1
1331788336,104
1331788893,14
1331801753,12
1331813703,13
1331825203,87
1331826815,28
1331857587,21
1331869739,68
1331897397,28
1331901587,99
1331919771,43
1331927895,66
1331933796,30
1331949060,42
1331975250,441
1331999365,16
1332009127,844
1332043249,24
1332059443,13
1332073142,456
1332080070,1793
1332098727,34
1332104789,12
1332105799,18
1332109784,14
1332114272,88
1332122666,18
1332137279,21
1332137861,24
1332145538,35
1332162237,101
1332174495,12
1332184066,15
1332185853,87
1332212466,104
1332216306,15
1332216413,220
1332222725,23
1332228998,11
1332230734,65
1332243516,67
1332247470,47
1332269543,26
1332277078,15
1332299633,27
1332348091,54
1332394842,85
1332396395,42
1332396549,37
1332435127,27
1332450492,363
1332485851,19
1332498297,35
1332505367,12
1332559302,37
1332570754,22
1332582761,68
1332590617,177
1332596477,104
1332599518,30
1332604484,108
1332619774,29
1332621372,96
1332626527,102
1332635704,38
1332643644,97
1332652922,91
1332654537,11
1332659211,91
1332665268,61
1332667033,89
1332674770,97
1332683811,90
1332692074,11
1332692176,93
1332692519,196
1332696398,27
1332700417,25
1332705907,21
1332722846,167
1332736374,90
1332736816,24
1332756442,24
1332766794,11
1332781509,589
1332787357,23
1332798328,92
1332799087,187
1332807475,44
1332819701,84
1332840481,13
1332854064,93
1332868730,90
1332880861,16
1332887136,95
1332903042,76
1332935366,6
1332955374,11
1332967299,169
1332968205,16
1332978872,69
1332989832,56
1332999200,16
1333000249,12
1333000741,312
1333016032,13
1333029054,157
1333065091,141957
1333084323,27
1333084899,30
1333088207,32
1333096882,28
1333097145,99
1333100390,68
1333103530,28
1333111883,147
1333111893,1710
1333116579,21
1333118570,20
1333125623,48
1333132389,134
1333141598,106
1333142935,28
1333144072,191
1333150357,47
1333152408,38
1333156486,55
1333163263,13
1333165619,662
1333167552,104
1333171737,108
1333175049,6662
1333178360,18
1333183397,152
1333211388,32
1333212317,109
1333226405,19
1333234252,16
1333234667,49
1333235870,65
1333243747,28
1333247282,77
1333249891,13
1333252932,12
1333258936,418
1333263294,179
1333266800,107
1333275113,12
1333276203,38
1333279808,11
1333284620,37
1333285776,64
1333285997,27
1333286217,32
1333287238,28
1333287836,40
1333290303,11
1333294170,26
1333294285,415
1333295863,106
1333303761,64
1333321333,10543
1333329582,589
1333343804,59
1333348052,28
1333362686,152
1333365124,34
1333376987,29
1333382690,14
1333397767,24
1333398680,145
1333406789,114
1333417632,14
1333418376,19
1333421030,13
1333421854,17
1333424882,20
1333445152,14
1333446374,527
1333447648,69
1333451307,15
1333452358,20
1333468243,21
1333470417,17
1333472422,11
1333479437,21
1333483404,42
1333486649,69
1333491534,53
1333496313,19
1333522020,11
1333556422,495
1333559105,19
1333560682,12
1333579278,56
1333607666,165
1333608411,12
1333612974,14
1333622771,39
1333629201,61
1333630193,86
1333633428,11
1333643722,16
1333646693,18
1333652151,75
1333671088,49
1333671427,50
1333672877,95
1333681306,91
1333685863,57
1333687005,214
1333689922,42
1333693108,60
1333694353,34
1333700083,29
1333704579,13
1333705619,53
1333711733,39
1333712699,16
1333713967,30
1333718792,400
1333720250,65
1333729444,12
1333732618,13
1333732838,15
1333741624,65
1333742677,926
1333744314,7
1333750613,46
1333755311,79
1333755444,59
1333759772,33
1333781342,43
1333785789,20
1333786261,17
1333814075,12
1333814934,15
1333823235,17
1333844350,39
1333846315,17
1333871456,15
1333889802,49
1333898352,15
1333906002,27
1333907823,35
1333921957,21
1333928744,11
1333936445,24
1333939283,76
1333959391,17
1333961389,169
1333978174,11
1333980820,17
1333981728,86
1333992581,34
1334001035,85
1334017055,53
1334020733,59
1334022793,14
1334022816,20
1334028660,20
1334040575,85
1334049596,16
1334063554,37
1334073773,19
1334075920,21
1334076307,73
1334088923,11
1334089233,15
1334109809,12
1334118559,47
1334120194,44
1334150998,14
1334151801,20
1334156126,24
1334158914,14
1334161261,67
1334167430,91
1334170202,45
1334206998,47
1334211162,12
1334236148,26
1334237364,54
1334239695,37
1334245678,3279
1334246540,71
1334252774,56
1334258848,63
1334260665,20
1334305951,43
1334309410,35
1334348217,72
1334353846,12
1334360795,12
1334362778,204
1334373503,619
1334373890,11
1334392318,70
1334392728,13
1334407427,18
1334410695,26
1334430510,208
1334441048,20
1334442247,58
1334459444,281
1334460196,31
1334464448,26
1334469990,31
1334475603,27
1334478349,38
1334494531,11
1334515984,83
1334525377,85
1334526169,11
1334554248,13
1334580563,24
1334586481,3137
1334610101,17
1334613831,24
1334617361,13
1334657231,153
1334657392,33
1334664494,15
1334670095,31
1334675743,29
1334685457,23
1334692596,124
1334706134,11
1334747723,202
1334759863,18
1334759868,11
1334766747,20
1334788662,159
1334800778,13
1334827616,14
1334838753,511
1334847244,23
1334862599,11
1334869051,20
1334871947,35
1334881845,72
1334886021,116
1334892591,34
1334893847,94
1334904197,21
1334910786,41
1334912034,34
1334935003,33
1334938665,19
1334946608,31
1334962266,27
1334964169,16
1334984194,13
1334993967,39
1335005265,77
1335016012,73
1335030435,16
1335034417,15
1335052083,61
1335056021,14
1335072032,11
1335075540,19
1335095892,75
1335104760,132
1335106729,18
1335113546,12
1335127844,134
1335130938,77
1335144165,28
1335152899,33
1335189481,11
1335200032,26
1335239016,52
1335242525,11
1335279198,55
1335289503,15
1335304622,153
1335334308,223
1335354851,35
1335401089,65
1335419770,30
1335438980,32
1335480912,69
1335490343,41
1335502205,26
1335529420,14
1335530417,85
1335574883,122
1335577443,24
1335588244,11
1335591771,23
1335678174,14
1335678778,11
1335743026,13
1335759152,16
1335784003,29
1335787333,161
1335803989,41
1335815757,11
1335830636,16
1335867536,94
1335907828,49
1335909167,11
1335951900,36
1336068061,18
1336085426,22
1336155185,46
1336248697,59
1336259941,11
1336343180,200
1336612582,15
1336769768,19
