repo_id,stars
749137,3795
1555094,3079
2005484,560
4387547,3299
5698643,4110
5797013,5093
7502247,2579
8426406,4947
8681349,49833
9252533,6351
10353211,6038
11274380,118
11579941,1217
12738012,294
13956112,1417
14734876,14245
15988336,1714
18671453,1211
23633128,342
24227875,6429
24561828,14509
25311354,2890
25459400,13862
27222050,4228
29217054,23030
29906842,15991
30860673,2309
30907774,23084
34674210,153
34798315,9535
36420109,1704
36840131,2178
37035067,1589
38182966,3643
38216778,9198
38233033,3303
38696925,29419
39904377,2113
41310523,2505
44961854,971
45103027,214
45271904,10013
45512989,34328
46527265,6037
48660863,2804
48904888,5673
49292670,920
49632852,1250
50202460,3966
53133861,21122
55018634,2448
56639410,1406
57377821,2249
57602001,22975
59341837,933
59982630,2953
60145277,868
60166854,1830
60352717,1554
60377070,7059
61393415,537
61793256,981
61924149,1786
62087567,4603
62476384,166
62824998,2911
62843932,1785
63793563,983
64834778,1348
65017574,6163
65558310,2258
66331305,1542
67437371,643
68125931,14751
69269563,10782
70431106,28866
71849748,631
72225778,602
72329031,425
73964895,14874
74173698,5997
75190475,7373
75587993,1850
75710587,4068
76678740,2166
76768630,2819
77023811,3130
77321225,749
77341954,2577
78200488,5597
78313173,10450
78732688,851
79263545,225
79372336,2123
80240424,4392
82841862,7012
83542054,1803
83878269,15832
84099393,193
84949566,2056
85768267,227
86599573,6667
87067212,9959
88113789,2319
88222263,1754
90733436,3839
90862638,1937
91857770,802
92287968,15427
94956993,1531
95574086,2033
96012614,744
96256108,709
96416890,184
96853855,1990
97794087,815
97817788,115
98441914,1064
98499283,7341
99139417,182
99379143,1980
99412308,9570
99561213,3039
102067496,2183
102102105,769
102538419,837
102692863,21343
103229836,1682
104722806,5110
104854615,7865
105769029,1224
105808063,218
107108009,4280
107111421,73608
107115042,1857
107305157,1783
107878597,202
108945887,4914
109678660,1763
110606051,651
110795721,4489
111699912,888
112103066,6946
112488313,1534
113166974,6707
113577479,1301
114540126,3097
114870155,3749
115673437,1854
115744122,4668
116590428,2667
116697549,3580
116797311,12227
117433667,207
119160553,40097
119741627,473
120720556,2089
121637551,9556
122595764,134
122715432,1668
122816625,1485
123197101,1407
123693096,442
124853261,3523
124882400,1111
125007217,1126
125099497,562
125444399,1774
125862390,2286
128061014,180
129847467,3309
131582572,20786
131881622,14841
131955509,273
132464395,157939
133060053,3548
133444044,2273
134584107,109
136799312,892
137123785,275
137789266,1673
138141023,216
138552196,27167
139945544,877
142422739,10897
142569591,248
142908872,6582
143284193,2681
143328315,39626
145693916,11323
146103950,1823
146435045,4733
146633589,37500
146856200,2893
146863062,5406
147229508,416
148067600,197
148550577,330
150864645,1079
151619717,38594
151904296,1955
152071156,879
156157055,49176
156317154,15170
156401841,9959
156946744,6529
157198623,12835
157908837,177
158025053,687
158673445,4655
158744344,3449
159110178,3130
159797814,952
159916548,3030
160361977,3689
161247988,3397
162021652,8159
163235189,1652
164433070,4291
165041732,25877
165645094,617
166911196,285
167694194,35281
168062479,213
168149502,1764
168269440,6341
169158585,2930
169991845,921
170118596,6141
170777132,7043
171564291,230
172407982,841
172519084,174
173005932,2282
173544440,7736
173827642,1465
175052225,10321
176858880,4664
176982014,17510
177614859,629
178470457,505
178626720,31299
178976529,8795
180307968,1534
180827233,9513
181222410,3398
181436799,15944
182067506,10961
182163054,1917
182865216,2144
185401193,1754
186056630,916
186332888,2320
186698598,1683
186872119,5228
187398354,1147
188356619,2980
189425886,219
189602331,270
191179628,1308
191194671,634
191751197,268
193332705,1968
193973813,422
196340907,1795
197009243,107
198483875,225
200004447,4076
200471228,858
200722670,18205
201025777,14811
201441751,2443
203558879,240
204388092,6671
204786174,837
206314293,1394
207454227,447
207988739,788
209556497,9181
209709465,3782
210357243,1413
212056242,1882
212747520,4254
213250662,547
216243021,976
216525761,436
217049858,1133
217113590,6339
217775615,728
218177655,395
218952803,13227
219035799,10983
219623588,4811
221121871,4976
221631156,1826
221733013,748
221787282,5158
222209282,746
222780595,4659
222824662,16190
223357324,4279
224261160,376
224908244,10775
225125850,137
225260962,16521
225572038,6085
226046528,2272
226368168,1547
227055040,421
228203350,3347
232627037,583
232876381,3783
232901618,2191
233587412,441
234676361,422
236624100,799
238593012,613
239828934,132
241021214,2523
244620269,14160
245127811,719
245949080,1023
247865662,1611
248977013,1212
249995750,41479
250036571,3834
251041078,5283
251233119,213
251396732,10337
253079431,1269
253849484,6385
255823049,2574
257327148,638
257520135,359
257648141,2825
260420185,4045
261098554,862
261372860,13717
262296122,88086
262424540,3107
264675954,17377
265127379,449
265850286,972
267420351,1414
267857463,5260
269773439,160
270670394,1961
271090649,3995
271800973,2594
271828142,1718
272785290,1903
272924197,326
273082432,1686
273337347,1352
273630336,344
274610956,1992
275182202,236
276288252,1920
279643881,3658
280784933,494
281475256,1779
281519510,4062
284824224,3225
284864176,4442
285951873,2902
285973698,2048
286408558,2112
286876809,548
288142727,773
288187811,945
288411806,288
288482469,10742
289205582,1537
289605524,7679
290091948,67331
290373506,10674
290686772,397
291070953,577
291703561,7890
291787503,11747
292617111,408
292648103,345
292896321,660
293572361,395
293631918,824
295608796,1494
297302063,4353
297535227,718
297672263,7797
300789100,1181
300996055,25487
302827809,9423
303541321,2087
303705119,3795
303953548,142
304530333,1985
305492699,1111
305572443,205
306242293,609
306977633,31218
306980630,5938
307213173,31427
307315411,564
309504885,3518
310368642,540
312042527,1682
312152973,3393
314748658,801
315977578,7829
316328024,783
318515767,170
320299900,9268
320598037,1374
321181247,143
321994701,615
322270485,1028
322855089,10797
323048702,72133
323651234,7455
326174741,36446
326479996,1844
327113050,5628
328236233,432
330325505,4316
330768122,2572
332181872,1333
333421996,5153
333624050,677
333867421,161
334567245,9436
334760721,1214
334848347,9259
336132980,372
337924729,729
338717688,861
340339997,11433
341473983,2085
342728683,9460
343203057,2129
343429224,1344
344069267,490
344190478,66178
345180734,1839
346124279,3037
346676718,758
350375089,4424
350871478,912
351720449,1596
353670076,2966
353968278,772
354138793,6443
354751914,957
356881804,2353
357328206,811
357891182,2012
358208946,382
358276714,155
359839626,8321
361511031,2909
361735570,2300
367549861,834
370275343,647
370342171,1230
370728359,1799
371631642,403
373308826,4755
373674258,8430
377631316,212
377866577,264
379581563,3109
380191749,17381
381317767,166
381952060,1645
382835373,659
383121608,282
384562101,227
385275507,3821
387786881,3465
388636965,2882
391273014,381
391777965,626
393571599,36913
393874035,14676
394089041,3069
395688425,4141
398941751,380
400215964,39632
400918657,358
401484223,9491
403559729,7763
404924772,928
405929837,2741
406341006,475
407722319,12364
409653223,3993
411987045,503
415956481,377
416312227,211
417875186,764
418399149,1089
420628968,1854
422148948,4126
422274596,41438
423991420,1750
425484875,1491
427347642,1010
429104828,3653
429736266,10277
432730711,3019
432768606,548
433054511,2268
434324346,976
436617251,183
438416676,2480
438419937,11127
438514144,11279
439033158,4582
439528372,1100
440603375,621
440752086,14223
442706416,701
443220240,5154
443497884,843
444251617,370
445768278,5198
446713689,969
448167075,2988
448343090,2756
448398954,878
449649393,18412
449649595,2494
450291588,2644
451309277,356
452821660,666
457995289,775
458086533,871
458411579,580
458461908,417
458588993,8329
459466436,2476
460761639,1938
460867737,464
463439055,523
464704193,3001
468576060,75467
469136195,1328
469377939,1161
469622127,295
470779379,789
470832353,161
471249443,3148
472525693,646
473736446,381
474150870,1543
475150006,372
476918521,1953
477657302,368
477846408,825
477999739,1112
478484453,2184
478823173,11307
479199191,3041
479916584,1084
480303698,2226
480318757,519
481427289,1256
483260394,410
483678677,144
483710165,348
484017724,320
486656484,1269
487309566,2829
488091508,114
488641606,41830
489105078,1197
492526669,6391
493209224,107
495587598,8423
496192011,615
496233655,2359
496844646,517
497184741,472
497356715,864
497512032,12967
497780232,1115
498011141,34351
498575448,1472
498766488,10332
499173659,490
499272646,1116
500427876,632
501192860,1006
502863191,13437
503178978,419
506404806,537
507861208,3709
507972385,3495
509133407,565
509153572,3826
510360767,703
511003180,1195
511492785,2096
511745849,5993
513534410,974
514644612,312
515647260,36600
516505460,1878
516962930,2507
519577891,48679
520969009,37040
521688260,136
522133400,17522
522165515,794
522180634,1852
522895309,1634
524092789,432
525327651,334
525592995,27925
525605934,367
526514610,1443
526725525,335
527359569,2436
527796682,746
527889855,899
528076983,450
528328355,1259
528350188,3357
528763774,742
528771628,370
529560594,7310
529954479,760
530072220,366
530323399,3508
531653392,2123
531788813,3884
532465933,6246
533127272,13581
533199740,7738
533451541,4705
533601913,431
533752345,356
533934365,371
534330590,8193
534779800,1337
534817329,2627
535063290,677
535379921,396
535492585,369
535691024,3364
536013043,1936
536244334,497
536314590,1531
536492655,890
536614303,365
537093072,490
537940881,3211
538144430,780
538180525,15215
538375570,1892
538408555,495
539045602,418
539389184,7913
539888500,17627
540357453,920
540685210,928
541147441,1956
541269386,53095
541322916,5828
541841924,347
542185751,7467
542713154,1636
542763041,1220
542772373,395
543063415,1006
543189172,1986
543297533,789
543955160,4582
544039155,1069
544618040,562
545130358,609
545595027,1568
545918043,2046
546206616,29125
546466467,2546
546476703,8854
547227418,389
547725599,11787
547919119,659
548093252,803
548735230,1969
549133772,1390
549830413,7229
550981146,1241
551376520,60971
551689337,2857
552580878,949
552660722,838
554771302,12526
555532742,498
555659262,540
556522959,1632
556553471,1444
557271203,518
557880310,593
558278400,504
558368772,1349
558653606,485
559759491,809
560299175,21689
560704231,51792
560859378,919
561175504,694
561434347,1853
561902498,535
562595985,644
562754304,2361
563259458,502
564597496,1067
565372076,2420
565563619,4116
565658766,998
565772050,748
566323731,14289
568194185,365
568517086,2677
568776116,442
569265598,2514
569559542,261
569687650,1252
569860278,1265
569988037,374
570015943,767
570020780,4205
570384908,21575
570530787,599
570663084,359
570696986,3900
571055479,4312
571148432,281
571722519,318
572071014,1008
572087603,343
572570113,16088
572620767,1750
573203577,380
573224813,523
573661753,23974
573759422,6445
573822937,3719
573891417,1201
573963587,757
573982889,3886
574046356,2729
574095904,458
574097989,8206
574116196,13050
574156195,3460
574160606,3460
574210381,274
574278577,5529
574347022,917
574411233,2695
574428530,4182
574578825,8229
574612724,3871
574727842,732
574861362,1247
575042276,3452
575051095,5997
575253452,3579
575267939,3741
575295397,3786
575340621,54450
575628616,7550
575997792,1977
576005588,3778
576204079,691
576254831,3868
576380523,7867
576696753,3998
576799754,451
576869790,2006
576921601,3176
577116112,61732
577603990,37407
577753426,4465
577953547,453
578245357,1237
578272278,554
578460780,322
578685027,7925
579082810,77679
579494713,2023
579947672,2935
580147701,129
580525453,402
580537336,7288
580595594,401
580600129,2700
581656211,783
581913613,7314
582319835,523
582432706,5387
582729142,490
583315360,1274
583616027,534
584167315,379
584639396,9126
584843932,918
584935389,598
586171281,1436
586624356,13076
586903198,278
587031627,1151
587275399,916
587573950,331
587586087,41980
588477692,9500
588533284,773
588732058,2418
588898844,3688
588992876,2572
589013057,2295
589831718,128885
590681558,4619
591667477,922
591782276,3471
591961298,6109
592287689,738
593550728,629
593927328,2214
593961226,722
594096901,3293
594215219,1016
594609262,7310
594679568,1905
594869373,1066
595130474,728
595257557,770
595530574,1236
596205066,322
597240369,461
597490428,683
597583114,9071
597644883,3834
598099426,4188
598375636,2059
598539671,5638
598705038,326
598872262,2114
599293758,7741
599320067,153544
599338659,3083
599524116,32494
599570867,675
599687030,4217
599781179,4380
599811829,461
599950865,793
599976443,3127
600068422,3433
600223950,561
600229707,2060
600362783,3422
600368121,25027
600450326,4455
600534454,1169
600544354,21129
601100396,4423
601161044,16264
601205363,1635
601622432,701
601734711,635
601904916,2199
602005115,12307
602366280,6898
602455110,1129
602465880,648
602478874,3106
602771615,2468
603067222,823
603085008,10904
603215482,954
603535454,9630
603593003,5550
603668088,5654
604651852,3095
604899926,4147
605221864,943
605662936,304
605673387,29419
605998734,342
606329910,2713
606520610,3160
606669199,912
606790323,3652
606803328,6189
606949210,275
606991065,260
607013954,15004
607121301,2507
607202370,4996
607289185,28477
607301922,470
607355225,1185
607375979,354
607503931,118
607667587,516
607840368,808
607845880,2401
607858988,9502
608130371,323
608136755,164
608246343,638
608422802,346
608490374,7938
608896930,10378
609002853,3813
609054077,4275
609090479,3899
609099433,665
609255505,471
609333954,8388
609416865,24967
609427511,3211
609445326,6402
609721722,17166
609727033,774
609790481,958
610038902,3495
610043832,3721
610071879,821
610197072,5306
610217037,7524
610260322,41518
610265797,2351
610487003,1554
610713721,340
611161753,2248
611284377,4419
611291701,1344
611368361,807
611618121,21228
611723171,916
611817888,390
611913815,3272
612275000,1942
612350395,6191
612494680,122
612555408,1941
612562157,832
612603924,354
612750561,4323
613075789,12895
613456719,610
613731840,12206
613984283,12400
614050971,1270
614258120,10751
614325365,18932
614470292,2586
614719201,10168
614764248,33832
614765452,186739
614780968,2119
614826827,2117
614854112,866
614950419,1163
614965975,3994
615133427,546
615208684,1632
615313264,375
615403340,15665
615439742,3337
615510678,17616
615532857,3058
615536358,452
615557134,1442
615684995,574
615695876,4787
615702252,1394
615709657,512
615891862,1197
615910198,532
616027609,1397
616034965,430
616179530,1322
616187681,2590
616263789,319
616372661,71223
616466279,911
616830183,3043
616983144,255
616989909,389
617044480,1088
617048769,2669
617152691,8101
617179274,16424
617206966,911
617325145,3238
617363723,446
617418536,1220
617431627,355
617443880,442
617444598,503
617462489,412
617529988,2211
617577744,474
617708951,2327
617798408,21202
617864263,670
618116667,1890
618229896,950
618291036,1388
618299849,1334
618345160,2791
618503555,1339
618509061,379
618511002,10804
618644310,1604
619047425,358
619059435,2591
619143361,3075
619234173,3027
619312022,4258
619814004,2967
619825247,8484
619959033,77399
620059973,776
620076077,1724
620165658,492
620174542,7351
620225616,476
620275636,3340
620333997,818
620362812,2752
620428566,1050
620458878,14899
620552483,2173
620557779,575
620843043,1232
620943152,916
621226745,449
621562296,811
621575252,7608
621808642,29599
622134485,305
622147274,1702
622163915,454
622202906,3434
622352364,12384
622462950,384
622510230,6480
622569125,3209
622599959,2667
622633514,393
622709062,170
622788147,2887
623119055,1721
623276552,1023
623337398,700
623414622,1566
623453211,444
623499246,1158
623604666,853
623618719,1176
623656022,690
623679404,1053
623737874,330
624156003,679
624214839,2771
624236959,4332
624268705,2254
624294388,330
624421862,927
624432016,2266
624870895,9101
624889833,1173
624906825,133
625187946,16476
625308923,2348
625486047,8167
625502953,301
625659174,812
625673154,1130
625793423,3412
625802141,3312
625802507,1239
625961301,3499
626117554,1102
626161045,553
626166292,526
626239608,776
626509716,4898
626597211,350
626723712,1698
626885698,1000
626937684,1622
627132009,1250
627274798,1110
627480054,19776
627534556,477
627561173,18585
627637290,438
627644217,801
627646824,575
627727693,12388
627744002,2900
627915388,659
627962120,938
628087446,1450
628154495,1802
628172054,1604
628230315,2183
628250345,2999
628296906,12223
628479063,400
628749964,147
628853983,834
628959446,5756
629049442,3246
629102662,24996
629142696,5172
629177820,3210
629292062,2465
629411216,192
629494390,6995
629520282,1257
629538245,1214
629651008,1991
629789089,4118
629922458,3347
630208579,911
630292680,3790
630487790,1140
630488256,589
630646591,2044
630755965,4906
630987119,358
631003534,179
631079307,328
631081758,9047
631084700,346
631136535,885
631147793,1223
631169911,4673
631254164,36521
631258918,23764
631285104,5580
631454728,10199
631484230,2589
631493578,285
631522874,4154
631567741,40873
631651537,337
631673804,590
631693079,322
631705933,1615
631755045,425
631822812,6260
631829946,955
631986005,367
631999917,139
632043405,410
632265457,275
632269609,793
632303131,1741
632387128,1269
632394512,392
632538509,1364
632871496,1511
632871628,4510
632902959,3255
633037655,469
633091774,1973
633141345,993
633262635,31706
633738492,1037
633933122,24575
634043200,28746
634081686,23081
634082741,262
634151665,2119
634443338,657
634505738,172
634511992,635
634590129,413
634938527,951
635059080,1821
635129194,3300
635240594,57451
635258975,6382
635392069,492
635785526,308
635992742,845
636344889,4238
636372163,13619
636473464,525
636529302,510
636535720,6461
636693030,17609
636787031,12854
636922549,5113
636986058,4686
637096157,12448
637126931,3140
637237273,3499
637313883,1099
637692988,775
637924634,15418
638018738,828
638054601,4917
638158791,873
638240319,622
638609341,3786
638629097,48395
638722390,1297
638869686,566
638900030,2376
638951438,21527
638977082,321
639001213,4051
639079153,1613
639095114,3537
639096757,6716
639225857,2051
639286908,765
639548771,1473
639673870,2305
639687152,1670
639772835,4945
639835356,29081
639997734,3529
640182997,17658
640476297,384
640495759,414
640683234,1885
640747712,656
640784478,416
640819432,5854
641205268,14907
641213599,1541
641364608,356
641490799,944
641729782,1546
641932376,466
642099326,6052
642323624,35762
642332004,1153
642368010,1506
642416556,642
642578676,511
642608852,13001
642640119,391
642642539,17986
642696395,548
642826885,490
642880013,290
642906925,2224
642917329,20854
643035818,465
643050363,1813
643193835,1091
643298670,294
643405499,4593
643435168,2152
643705885,1550
643722626,375
643749430,3358
643838075,2887
643885884,2625
643916827,22747
643952838,607
643959798,862
643978507,235
644075561,821
644235905,24928
644259800,2458
644335995,1001
644343479,1096
644351982,1081
644461337,26343
644497089,2962
644686905,35581
644799767,960
644827453,554
644862510,3145
644945770,565
645171789,126
645270986,2012
645376002,344
645397533,5487
645423151,194
645471238,7155
645841220,434
646129383,598
646220234,342
646464288,763
646489141,731
646532460,936
646537482,2902
647071735,269
647090216,346
647100790,307
647651782,2336
647752905,761
647951887,991
648133004,954
648145432,772
648450331,583
648461026,883
648474263,2005
648505057,5735
648629873,13183
648704297,287
648800562,738
648854280,1069
648967412,2595
649025519,686
649035177,813
649047066,725
649224670,6389
649402606,633
649494372,774
649647885,6492
650246838,870
650365761,412
650657605,457
650838385,352
650839020,2613
650918061,2978
651145357,704
651479977,1052
651487266,9355
651673736,484
651715861,232
651739863,1221
651856155,235
651961311,1299
652065806,562
652419549,107
652420569,2225
652484969,767
652523482,827
652604373,1853
652712035,32127
652780999,389
652941996,8662
653196037,525
653386433,6331
653589102,13761
653595084,5648
653893086,825
654037367,460
654115596,649
654122609,8013
654124617,7327
654824689,358
654834995,668
655021836,907
655099582,81902
655155250,2415
655253031,313
655459367,29609
655806940,118306
655948482,8679
655949187,2828
656030508,1957
656099147,63788
656181752,1303
656242004,1302
656376920,1536
656385153,3646
656648289,323
657057869,1138
657103388,291
657153187,513
657442586,613
657895120,15528
657992824,535
658169646,263
658277588,4719
658356545,474
658453192,3050
658523581,707
658928958,179146
658954791,1623
659030774,719
659158359,1183
659163102,285
659211539,435
659402878,9333
659412092,7864
659786592,427
660299583,1240
660360373,392
660428571,758
660452634,1062
660489378,11225
660551251,69942
660860817,640
660891114,386
661149290,676
661178361,1610
661481146,329
661792195,439
661847690,317
661917017,393
662443651,1289
662567193,278
662717361,1493
662766482,12654
662871293,324
662878020,7268
663095187,1455
663157481,262
663247362,2481
663396489,2354
663801546,1259
663830644,172
663918038,1648
664102018,1015
664177247,1367
664262546,364
664420782,599
664427248,3846
664529368,1085
664752008,2926
664767555,858
664913876,5180
665164787,1410
665299585,1595
665360778,604
665471631,874
665653661,1196
665986900,559
666140407,744
666163354,2229
666197652,2086
666260877,3158
666461223,606
666826154,1254
667024117,907
667148214,757
667259013,360
667297720,18563
667532295,9283
667751028,323
667828615,2987
668052031,7122
668122773,14739
668132464,2832
668195240,59011
668481985,1362
668513898,1937
668812621,1708
668990200,619
669331976,6207
669402660,553
669420857,4230
669671669,814
669704171,738
669839756,514
670089677,389
670177036,294
670526867,933
670696350,704
671044141,121
671076272,2968
671115276,169
671367604,1957
671542615,655
671737761,694
671759870,3679
671872978,626
672224983,8793
672405848,327
672415139,9942
672418156,218
672490782,360
672673877,996
672678720,2376
672730040,1303
672790711,458
672839549,429
672847735,1708
673277480,2311
673277958,6922
673534316,3789
673596675,12070
673704029,1216
674075444,21628
674149041,210
674448056,288
674782109,700
674804053,224
674827652,371
674841239,348
674921134,138
675151062,2310
675166027,429
675501126,332
675790276,305
675892095,1056
675911200,1357
676012640,385
676028871,4857
676057693,1235
676089005,1339
676793232,2434
676855783,587
677284959,1511
677655818,336
677815836,262
678182421,3389
678526156,22427
678589928,230
678765416,482
679091311,1855
679237742,33687
679402823,1174
679506386,44094
679564879,1048
679673096,402
679869950,29656
680043217,800
680120071,60568
680173591,2832
680797687,2276
680860351,945
680918523,1154
681002458,7302
681075491,6727
681240572,389
681455046,907
681482900,1322
681516317,4533
681566005,17966
681603891,654
681809062,1061
681989160,273
682080300,12794
682556990,221
683009618,5665
683039317,847
683066449,800
683509343,272
683573931,5471
683650472,1725
684049556,670
684718744,913
684881338,6935
684881857,3637
684883012,1760
685444668,4084
685523400,341
685709378,596
685779821,286
685897222,178
686076152,1086
686161611,10488
686476221,1212
686709515,284
687036710,763
687065217,315
687127955,319
687211074,339
687246031,292
687372462,452
687449432,1045
687727674,1348
688164459,27974
688186076,2824
689172454,1313
689214770,2881
689299900,3504
689406476,909
689541424,2768
689765175,856
690349659,445
690609896,8178
690860892,897
691194929,463
691303110,4353
691347156,22572
691978242,689
692175642,1125
692676232,282
693038546,868
693072929,822
693638247,667
694239644,224
694279648,406
694510132,1316
694670164,2686
695229234,967
695699688,1078
696086319,132
696243788,2255
696503950,951
696601819,447
697007681,2076
697356168,167
697550206,1290
697933414,743
698210830,609
698288684,14848
698470143,289
698654711,358
698678789,470
698998233,992
699159727,868
699343375,1213
699396462,735
699581828,222
699727627,411
700724064,2378
700762093,308
701109860,326
701256444,284
701312880,731
701419101,1891
701494311,9061
701547123,149538
701604805,1113
701627142,1130
701867516,516
701872893,363
702050953,1253
702370097,816
702674692,732
702880644,2423
703132587,667
703276306,150
703411624,24340
703433265,1166
703596504,540
704036520,1048
704054996,829
704106022,550
704543233,5021
704959035,4419
705126352,834
705247308,645
705358800,1396
705433049,3101
705695450,3376
705901752,2095
705950346,2638
706023626,1301
706400384,357
706636808,244
706794274,1945
706800296,859
707018563,383
707020503,479
707237272,4155
707248455,819
707356799,1613
707441527,13128
707501489,1082
707504998,898
707552952,841
707818217,3828
707871811,537
707913607,1249
708532926,322
708552127,577
708693209,3019
709504524,270
709603902,12449
709620206,394
710127591,304
710443541,1343
710475189,507
710539769,595
710601088,57449
710781843,470
711291697,137
711319439,917
711391701,1381
711550638,13826
711650878,2041
711864970,525
711904523,171
711904962,3828
712179847,382
712629129,3304
712897010,10740
713152194,831
713419018,520
713609629,318
713967573,7827
714008096,489
714035943,355
714143245,10290
714226745,1521
714374011,1911
714387282,729
714395490,404
714808642,285
714853510,770
714865034,506
714893421,791
714940169,3156
715248012,170
715348647,544
715427466,13580
715523093,2039
715592775,770
715806751,978
715884951,14938
716273663,776
716439063,309
716476891,1979
716579519,518
716583109,3404
716786755,428
716799237,1761
716937075,2094
717009085,330
717026159,1193
717138746,2113
717197250,45891
717216771,491
717287228,6582
717917803,1516
717956516,1200
718107269,941
718323423,946
718379614,22395
718407978,1149
718748920,3565
718853934,394
718875034,220
719367888,31807
719455172,6549
719761455,397
719790983,403
720449800,588
720659604,285
720915219,1198
720959702,308
721250099,2369
721643027,1637
721995615,10142
722184017,11774
722523710,253
722811903,1360
722844356,13404
722954739,1260
723015178,2693
723094714,3200
723226486,2343
723307046,1873
723485772,1179
723665493,675
723728776,423
723758860,1454
723933053,1319
724028394,651
724066757,1813
724118604,1743
724415659,159
724478159,1494
724564445,1031
725157537,862
725334471,242
725463194,364
725476324,809
725658398,409
726013572,970
726390185,916
726478743,408
726518175,870
726570398,3005
726692169,2004
727268148,1001
727460041,775
727470807,3041
727502310,583
727519007,313
727699569,1104
728395410,1876
728528910,3284
728758093,468
728820625,2506
729271800,561
729453988,10434
729716514,624
730276071,507
730334347,552
730389199,348
730414546,783
730439488,272
730534580,89004
730728120,3929
730753909,4343
731037923,493
731293077,5998
731397562,1817
731449710,455
731462543,4877
731842419,9727
732366705,600
732401352,720
732543215,397
732849776,1279
732909726,992
733057080,1354
733454789,295
733497470,370
733578284,790
733661878,3642
733802106,5598
733899994,6853
734171107,975
734312577,5643
734626369,1218
734710598,791
735087691,704
735283134,1047
735425203,5178
735469449,1799
735982439,951
736191625,1313
736198723,1784
736272311,14417
736349347,560
736419116,519
736491949,2500
736530793,1059
737050647,657
737607643,362
738046322,2219
738095453,546
738519395,342
738733003,43493
738771232,474
738776129,1576
739486956,1305
739667828,5341
740043450,543
740111119,476
740293013,7155
740316987,9539
740338525,5398
740789348,2066
741100585,3224
741165735,150
741543947,587
741791071,1212
741989385,5184
742015163,1220
742146179,463
742244656,29214
742326880,1042
742902859,656
742949598,392
743007730,584
743107776,775
743533748,2185
743720963,814
743746918,642
743770309,7680
743780291,4186
743789945,161
743825398,5651
744164276,4343
744855992,385
745311984,1411
745546184,8738
745732093,2685
745749489,3947
746122997,136
746295630,756
746380110,503
746430561,1842
746667927,1444
746708555,346
746783381,457
746833579,813
747578582,1802
747648993,1231
748030359,991
748528018,6334
748674684,9117
748833709,487
749135518,289
750069596,2522
750262306,780
750274600,396
750371625,4260
750409062,801
750678695,18158
750896555,1344
751008707,13859
751413469,1325
751474418,1593
751863240,2042
751927947,315
752576871,1276
752672224,455
752798324,235
752815135,1254
752840454,1415
752856939,267
752906381,612
752946440,2971
753490180,71928
753525670,302
753664908,860
753742444,828
753750990,28848
753757613,399
753886289,4409
754066467,1601
754173470,1576
755161958,962
755500149,432
755804236,3428
755874962,458
755952077,637
755979015,763
756142546,7972
756475416,2641
756910902,214
757246914,287
757390591,427
757771051,952
757875395,1078
757885472,757
757899614,589
758197374,18260
758253566,697
758619546,179
759825266,3625
760107045,825
760329856,483
760947966,1004
761068700,1070
761150311,7155
761397238,1653
761580012,793
762204955,1788
762224673,5732
762300924,2474
762303728,15193
762355055,2416
763068976,829
763718151,376
763733771,1037
763774926,7620
763784232,436
763795053,6390
763825934,1744
763842651,7829
763923484,3774
763946969,393
763992110,638
764049913,1259
764161180,801
764328003,142
764418725,6975
764684731,642
764867656,727
765001096,118
765212809,362
765636168,447
766789360,2072
767257109,326
767492699,1363
767522148,832
767612356,194
767985271,7758
768036550,5018
768315119,343
768612800,4372
769026721,296
769134044,1057
769264114,655
769564277,7609
769818490,407
769852109,1745
769873873,602
769954254,694
770001062,3058
770153867,114155
770633006,2383
770650946,221
770946179,762
771302083,84756
771670025,17686
771808616,3549
771812200,166
771847852,1040
772047488,804
772179341,1083
772231767,347
772626462,1911
772632148,5113
772900420,516
773015046,680
773093836,1127
773321993,423
773345074,884
773544702,22516
773950709,2475
774011471,1941
774180708,385
775149161,739
775300536,351
775790548,1524
776632801,887
776854298,31100
776908852,24019
777111718,25710
777273508,1180
777392297,594
777597786,2213
777812139,3328
777941000,832
778281287,686
778431525,35623
778560533,288
778768633,490
778819999,2250
779285435,2148
779309317,1503
779312276,875
779499743,363
779843396,1228
779928034,1748
780047246,409
780161909,382
780323643,274
780522250,8729
780584116,228
780685045,2477
780737106,20097
781254183,326
781261349,14305
781367266,889
781412750,481
781420440,1620
781548686,690
781634560,1349
781762105,281
781844208,622
781914762,6595
782308046,3756
782539945,9054
782544882,1572
782597014,1487
782938634,270
782946208,5022
783303222,1338
783512367,38837
783558843,828
783743154,280
783744120,516
783839655,540
784021364,447
784181462,36362
784183059,5288
784528890,1767
784546140,11896
784586462,1193
784700179,241
784769209,557
784797264,735
784800776,985
784852356,144
784906798,2639
785004114,1464
785300720,989
785617449,375
785719030,235
785751279,1345
786008946,1077
786281570,949
786509147,934
786642156,4545
788470926,431
788751269,382
788768107,8858
789379581,292
789457378,306
789480255,6915
789601531,774
790018635,275
790136258,115
790316547,1251
790704526,2334
791124680,8444
791678512,850
791687835,116
791733442,816
791911417,563
792039881,3540
792072603,2671
792550179,252
792608353,665
792840938,588
793152808,791
793375104,133532
793379298,5233
793416920,297
793454852,4441
793526430,519
793795224,6351
795106410,725
795256319,246
795577184,382
795601045,1448
795784338,580
795905076,582
797193117,554
797371964,9377
797507464,112
797526075,105
797531982,446
797821110,1690
798163156,832
798470196,632
798503976,206
798892173,828
799032556,1625
799067071,707
799084863,332
799574583,816
800050396,1712
801447013,292
801547807,1048
801763739,8435
801764728,269
802174871,430
802342616,519
802434683,5622
802821703,10095
803024793,2095
803449223,152
803643412,1567
803733455,4727
804026091,958
804027896,1105
804458911,569
804533296,340
804542745,521
804768546,1799
804867341,4326
805155266,50895
805900550,546
806007891,4158
806192576,7943
806216118,1454
806294968,270
806444030,830
806770482,1251
806804556,2651
806854629,33120
806921131,524
807305060,11307
807477229,167
807512074,7413
807526338,121
807727161,2068
808019331,1344
808072504,721
808091003,764
808123482,1835
808180334,883
808279683,124
808982778,254
809060646,1344
809380023,788
809671338,1965
809673506,6190
809764991,349
809877633,788
810121174,3871
810363572,207
810375738,662
810861466,8353
810940471,637
810975601,186
811330067,329
811374381,1092
811638645,2151
811675345,12842
811918547,710
812111293,295
812535124,198
812975380,18926
813220336,2222
813368909,3703
813390194,321
814018882,873
814403270,1978
814502811,1512
815071490,143
815554514,290
815634288,11162
815654365,336
815778607,330
815946742,2299
816158613,1236
816163847,2013
817354652,11070
817558041,317
817595660,1349
817999901,138
818118661,4478
818331198,19436
818371268,486
819274200,1541
819291550,2646
819613072,1472
819746780,663
820105241,1113
820144741,2808
820723371,1109
820789280,3429
820898375,1598
821257066,1830
821372392,28463
821845183,271
822329559,2099
822439302,364
822604462,42061
823175328,1822
823198721,272
823533826,807
823596198,2051
823731928,624
823919159,567
824091324,1257
824541776,6531
825079672,957
825151681,296
825279449,2110
826111692,3986
826168160,65379
826170402,19120
826643276,1471
826847986,578
827005317,6371
827224160,297
828487049,403
828505099,4668
828725594,560
828733319,604
829521860,434
829762850,1154
829991333,265
830468922,2183
830613483,673
830859294,2444
831914256,5865
832180352,1256
832452447,14651
832482665,1790
833512367,3970
833803262,222
834050728,1096
834231760,592
834369920,54918
834418003,477
834688418,6915
834978333,385
835317697,887
835704674,2504
835975784,15984
836079752,1045
836554261,353
836899473,372
837411728,515
838093526,4430
838126055,399
838163451,143
838216432,7179
838412119,1011
838528318,1616
838542536,11307
838659679,12675
838970603,6581
839037098,27357
839428333,12762
839638772,823
839750798,1086
840056306,30184
840162905,1973
840665645,959
841242731,1802
841263635,372
841370602,5696
841397199,2084
841472636,10813
841537832,223
842172831,1582
842982339,415
843003613,854
843119525,1189
843570824,8316
843734873,423
843946121,3223
845116230,867
845839905,1241
846166884,527
846504063,247
846579774,3383
846650421,1391
846698999,53205
847717439,16150
847942139,708
848182195,437
848430472,560
848716186,171
849121458,3334
849473290,554
850195226,1830
850267588,29073
850515061,6426
850683423,5228
851036791,1668
851138183,1244
851256132,679
851311691,797
851405219,2853
851492630,1781
851508130,327
851957432,1099
851973702,2266
852211693,721
853516073,491
853853180,394
853922938,770
854337508,10672
855162700,3145
855588588,8479
856013564,333
856917013,318
857301513,521
857378779,295
857596299,6900
858952634,256
859231373,888
859332112,693
859510816,2370
859537060,5667
859956307,4883
860141324,563
860826290,108
861432372,327
861556786,2322
861746639,2645
861758511,1835
861937484,1985
862342240,483
862421352,1578
862449441,16519
862570523,9023
862578138,13223
862584018,24086
862802466,1358
863050120,4623
863276973,2480
863454901,1066
863884238,512
863930645,1471
864107095,666
864683346,401
864768613,306
864976834,559
865062553,1274
865578152,3614
865656561,6514
865674064,754
865687718,186
866356299,596
866513204,39075
866517667,1984
866534224,124
866629172,681
867149056,131
867337374,10723
867365585,266
867433720,5436
868173144,20128
868456222,554
868466289,3208
868528979,186
868765642,1698
869057963,252
869529046,360
869964172,310
870039374,2144
870189331,12182
870402765,444
870957129,873
871211266,2822
871368615,8797
871483501,514
871725446,477
871835352,110
872005985,7666
872021590,2417
872550457,1515
872632465,979
872748942,605
873102254,576
873330843,818
873387226,298
873548300,1695
873919267,361
874559208,17749
875190427,220
875857865,387
875989196,539
876000634,2604
876064934,37091
876079530,801
876363500,256
876463366,311
876545970,1819
877230294,10890
877487641,155
877649153,4024
877757116,881
878272507,1058
878401217,550
878605324,528
878634542,675
879091764,622
879473096,1717
879657839,540
879677288,430
879753997,244
879874959,2755
879985123,499
881014682,207
881100462,950
881171866,15699
881201918,1891
881448795,2218
881458615,110048
881991789,583
882026761,7523
882106204,420
882354535,1980
882486617,1046
882880878,399
883037083,1435
884123664,3936
884452470,1180
884907449,350
885743839,1974
886299924,1551
886448921,1612
886682265,299
886929922,158
886966165,3709
887684103,5043
888092115,175332
888350460,1821
888450044,878
888615536,2081
888977326,853
889371307,4149
889684712,1522
889730722,861
889798967,1707
889850064,909
890043011,4440
890358626,321
891123403,392
891705470,10884
891872929,650
891941403,724
892076269,1039
892173192,4087
892415825,252
892729604,1014
893031915,5833
893198731,211
893612026,665
893720264,300
894138030,178
894215592,279
894382523,173
894727712,123
894876686,2566
894945634,1368
894988451,1798
895079444,678
895124092,291
895224323,806
895253710,7772
895291604,4902
895453957,12451
895508656,72979
895801050,5754
895930732,1587
895942941,15329
896146306,3068
896252863,343
896296825,27328
896335270,92673
896417211,920
896594784,929
896905855,242
896927006,5905
897068154,820
897268988,8429
897308110,1508
897375907,620
897595329,3709
897809208,5782
897865415,1564
898003154,646
898004429,1030
898106797,347
898128804,1363
898304583,12790
898345892,9370
898654014,284
898806615,150
899184149,3411
899268921,151
899309258,2103
899407931,7290
899491463,908
899663167,1302
899983311,891
900152988,1996
900207021,2223
900260982,292
900493069,927
900564894,648
900577388,6508
900708662,185
900908903,2557
901328207,189
901554449,1745
901585471,2222
901596497,212
901680517,1535
901720337,245
901797250,6014
901925992,572
901950528,5385
902201960,5829
902419239,640
902495626,456
903410228,1108
903548628,2260
903606632,234
903643338,313
903700733,15907
903960898,1526
903999320,1809
904010974,903
904031977,476
904060563,591
904190702,235
904249963,697
904277704,661
904534974,7319
904639064,1672
905016458,8514
905450127,2946
905471442,965
905850659,168
906122697,1178
906245192,421
906251482,36821
906326388,1535
906380555,358
906848878,3166
906909760,322
907148362,303
907706400,1233
908054915,131
908705399,196
908734690,2720
908799323,3252
909177153,225
909213664,99199
909215044,467
909466352,881
909717778,1180
910125376,3053
910133553,209
910265773,1584
910277051,296
910336786,1478
910422636,8463
910426589,631
910918245,319
910986056,16290
911150848,257
911185631,467
911256711,4531
911303109,18620
911680526,1240
911831076,4938
912452889,343
912499477,2612
912645774,3116
912731730,1084
912869501,1662
913547673,260
913574546,1448
913593764,1242
913907685,1978
914316754,19858
914406146,1536
914475684,199
914625205,1721
915015718,460
915233417,6551
915291641,2009
915358848,2472
915425472,872
915470479,424
915520679,9327
915822493,350
915838812,386
916009087,17350
916292078,272
916386111,3268
916693314,166
916695726,3465
917001485,418
917444482,334
917782991,1640
917868934,31247
917903047,2522
917985457,686
918092521,262
918778709,3897
918932603,38680
918998436,159
919458554,1210
919609219,3666
919835586,14539
920159501,3561
920179950,350
920576726,2616
920835737,409
920995232,6394
921048775,1490
921374864,1319
921418273,667
921448845,1826
921652649,584
922050275,3307
922596686,5361
922709376,699
922830617,165
923103714,449
924394244,5472
924706399,3647
924738875,4386
925147332,4038
925298844,6539
925457982,897
925508103,948
925634755,2934
926222936,199
926252103,10781
926285456,752
926297959,1362
926334425,3325
926861272,19581
927890076,7184
928054659,276
928147986,126
928176450,525
928246219,317
928318862,9751
928416110,1213
928766981,484
928857407,2704
928976443,485
929050264,911
929121414,23245
929152510,397
929153651,418
929158279,3638
929338255,4076
929591639,191
929918364,266
930007673,325
930132430,2206
930217913,7297
930733499,507
930886482,708
931205747,245
931352845,33238
931365873,4120
931442415,2532
931552739,1093
931705070,2245
931884122,576
931892749,15701
932076703,2523
932348189,326
932644823,5477
932741577,793
932756293,788
932892820,184
932931149,257
933044155,2577
933144612,830
933201974,173
933350408,3449
933392619,1484
933588046,476
933700399,917
933701586,13405
933894892,1498
934119223,252
934139122,505
934147482,1623
934358660,374
934527631,2587
934753959,3831
934853350,248
934999287,3077
935223529,992
935450522,5707
935534753,1558
935604638,26950
935753640,430
935895786,274
936036852,515
936075340,305
936151330,896
936369652,1316
936371491,498
936395722,1691
936588488,825
936639285,707
936974548,4682
936986786,5126
936993021,1396
937033828,298
937056810,2117
937106681,430
937347387,253
937527501,1574
937952934,5685
938111182,315
938268326,303
938322627,2935
938379776,2092
938582880,479
938652536,192
938859604,5780
939035618,132
939207877,4915
939242211,215
939371152,590
939648665,5301
939657163,464
939712575,313
939870671,530
939937385,428
940099147,1352
940989522,380
941145803,3560
941160149,3745
941562247,2059
941652610,186
941866087,329
941931006,139
941971657,403
942114501,20087
942206898,7824
942624437,1838
942756187,14812
942771284,32422
942837343,28009
943214141,185
943266643,559
943686184,1544
943950290,7903
944414751,26151
944922104,338
944976593,11982
944988714,602
945034056,1319
945121885,343
945309383,206
945411078,10772
945551361,6268
945592798,281
945605057,8351
945763259,2066
946010740,6646
946025961,454
946087422,26972
946153980,3891
946174307,4487
946178371,10623
946228075,464
946270469,151
946278572,3994
946334325,241
946380199,28850
946676136,1272
946702247,7071
946763772,218
946767878,6734
946845941,3241
947349598,2031
947516890,598
948072295,5148
948148972,1873
948264786,2606
948430889,1865
948567826,329
948663423,8797
948725367,586
948839453,7161
948860546,1406
949542298,539
949564493,331
949646929,8663
950019212,392
950061990,1673
950361043,1030
950412509,325
950839330,788
950891299,4474
950937118,167
951125019,785
951163887,758
951254050,210
951416232,512
951429064,2921
951543275,3754
951636984,463
951746200,2986
952238700,9628
952294753,2829
952688112,36348
952939763,2135
952977008,502
952999410,752
953089294,4744
953142807,1190
953215797,372
953274130,1698
953321814,2859
953478769,2240
953521037,35148
953587943,954
953683578,28348
953944252,3000
953945624,2711
954045557,511
954295376,352
954321799,647
954528300,1194
954762768,424
954873280,25451
954963562,11487
955112969,184
955577327,719
955620917,61061
956283541,7004
956421280,498
956585124,1358
956657893,5968
956679248,1320
956842312,8341
956908445,4695
957053334,6185
957410714,179
957412694,4350
957479413,1915
957658915,25415
957756643,3413
957812975,1455
957825149,2314
957859485,9793
957960956,185
958189434,2126
958531089,35287
958603506,248
958733763,350
958830671,10206
958852531,600
958956842,1627
959346743,524
959473422,12629
959543974,7589
960225366,822
960292911,247
960665821,17038
960724144,778
961238844,446
961883456,576
962024783,2938
962106649,2604
962125208,2685
962134278,3380
962294285,294
962587799,754
963665823,4328
964314175,1625
964477695,5944
964818213,1191
964996396,3992
965030779,2147
965174143,1528
965232391,565
965313467,9098
965632655,8125
965872694,615
965974441,5792
965998145,3350
966022561,584
966372868,624
966653795,2211
966916741,655
967062640,3247
967155121,557
967543976,202
967670863,653
967738751,9305
968197216,106609
968317835,2068
969005843,235
969010919,19375
969235474,561
969263461,780
969373000,1545
969725165,328
969892666,6671
969920935,1038
970023948,3769
970107711,825
970267776,727
970578570,2622
970691159,396
970875123,940
971300888,5004
971399370,965
971922154,163
971992642,4631
972553373,4328
972862480,628
972930250,848
972957983,1262
973051124,2556
973180254,6785
973223133,4802
973292935,2487
973621150,3541
974157595,5831
974445592,13034
974865573,2102
975012144,383
975045036,2119
975318071,17729
976255395,454
976286833,2215
977737334,333
978236277,8683
978331188,10071
978384239,542
979235459,1226
979345481,1528
979392131,15482
980086077,2453
980428225,2097
980526715,1024
980584668,1972
980669489,208
980793684,232
981177285,9772
981223380,678
982172059,253
982517950,6795
982711664,607
982835425,983
983113668,5098
983757718,1848
983763510,4992
983846239,878
984011683,2876
984119889,1222
984133376,10141
984189260,871
984376616,397
984413599,2976
984625191,3912
985839104,13289
986553289,494
986861312,2886
987252260,1192
987312029,798
987541636,1666
987670088,27567
987682107,3011
987975584,10586
988337333,18318
988488798,5028
988535212,281
988545824,845
988856738,496
988892963,1074
989406293,235
989917360,1205
990310636,662
990811530,237
990919575,295
990985890,582
991030974,912
991037838,345
991047680,1558
991092853,1949
991528882,1740
991626874,818
992021228,255
992114392,852
992325192,563
992778031,514
992907328,325
993236973,1557
993376725,1602
993392548,494
993521808,3681
993635199,374
993864981,892
994061888,305
994252890,6573
995129837,857
995371708,334
995796077,801
995920026,1415
996124831,1781
996329491,6520
996546959,1127
996626040,10517
997085842,3106
997120524,853
997220114,273
997390194,5283
997410148,523
997438135,519
997490512,6285
997890921,22753
998409746,544
998445877,1334
998658053,1851
998704750,329
998903307,1790
999030842,15083
999743169,579
1000362065,38112
1000784797,821
1000933836,689
1001200358,1330
1001452682,12048
1001531356,575
1001889935,3176
1002055021,907
1002069540,2617
1002125012,27883
1002608585,342
1003353701,535
1003434490,1390
1003614809,3087
1003799351,506
1003987503,593
1004147641,17601
1004491404,599
1004631442,8649
1004647857,5639
1004789600,608
1004995740,22383
1005233473,4948
1005959915,291
1006104934,5549
1006340566,411
1006993051,890
1007665741,893
1007681088,5482
1007724038,646
1007845219,858
1008177062,4516
1008373485,13388
1008713177,27279
1008775535,648
1008961851,894
1009038213,382
1009729416,456
1009904154,394
1010094371,2084
1010285990,498
1010311478,248
1010318950,6676
1010478967,2278
1010681419,74921
1010767195,2623
1011137032,1465
1011263959,299
1011716417,642
1012087571,48303
1012470975,152
1012676456,3277
1013335166,327
1013404946,3306
1013480284,30324
1015215237,198
1015232837,393
1015241891,1905
1015280784,2312
1015753941,2597
1015815983,6878
1015852565,797
1015965886,557
1016271077,813
1016323751,38466
1016423859,12617
1016903129,871
1017049444,2833
1017500658,162
1017966556,435
1018098280,2056
1018547681,3778
1018830110,1591
1019203263,158
1019360350,3425
1019432584,12547
1019609805,2166
1020779503,1741
1020834440,3676
1020843346,616
1020997213,145
1021219064,3629
1021295105,508
1021369428,203
1021621499,3378
1021895365,23450
1021907170,1633
1022508659,750
1022925092,998
1022984892,4413
1023243010,1144
1024095504,302
1024554267,234097
1025121037,4766
1025300166,5812
1025363199,170
1025906681,3306
1025924157,2779
1026361581,195
1026589873,340
1027015746,871
1027092197,226
1027207153,822
1027384981,28062
1027472552,1429
1027657650,454
1027735852,1671
1028070615,14329
1028159967,12771
1028492186,15068
1029036679,24531
1029049168,2371
1029161494,496
1029237831,366
1029289585,1980
1029765858,1798
1031066646,235
1031215137,15419
1031572511,332
1031666266,167
1031702103,621
1031738741,3156
1031743438,105
1031953656,1498
1032382011,837
1032429296,3098
1032459340,65858
1032498247,877
1033268244,5763
1033504128,107
1033533442,1907
1033618518,249
1033873680,8356
1034122619,1845
1034425196,12509
1034455311,203
1034736943,4166
1035165731,1982
1035903914,602
1035925398,261
1036205124,8096
1036471813,233
1036704760,1529
1036865607,4978
1037029275,189
1037741738,4607
1037868089,698
1037882481,1648
1037962296,5080
1038251341,4756
1038267026,506
1038357256,285
1038413113,1083
1038434342,723
1038507702,1529
1038887977,187
1039282306,2779
1039587768,7674
1040280323,2752
1040397982,8346
1041176052,4048
1041444133,1748
1041920680,4602
1042367133,130725
1042526843,2489
1042774256,925
1043448231,1855
1044010907,4457
1044765979,3287
1045330979,1147
1045721921,9604
1046807713,3719
1046864201,2203
1047320420,3412
1047604775,2612
1047714514,1346
1048132347,411
1048158960,1250
1048282719,2238
1048320382,11003
1048418394,3279
1048564437,280
1048601047,5009
1048652045,178
1049183334,647
1049248085,192
1049886433,2355
1049887781,790
1049911276,367
1050245177,675
1050485604,404
1051229663,1697
1051432019,559
1052016638,904
1052050442,74155
1052094299,1154
1052259802,3107
1052387869,539
1052473204,1150
1052828228,4763
1052845083,18662
1053114486,627
1053118194,40779
1053297461,3754
1053496366,1757
1053544737,530
1053598893,5046
1054147333,215
1054677274,2784
1054793726,49558
1055778057,671
1056221118,1357
1056452116,801
1056618941,4464
1057381764,810
1057758059,802
1057848324,766
1057909657,597
1058148535,1200
1058223453,540
1058825816,1978
1058850200,3199
1059326899,2367
1059472549,3605
1061041576,27977
1061327311,10788
1061365581,526
1061953414,170897
1062171191,516
1062210926,1006
1062297179,5212
1062458369,28794
1063265931,4143
1064264196,999
1064636662,2738
1065047674,1677
1065059442,47002
1065066515,2009
1065865385,2511
1066243512,1999
1066509034,2999
1067194496,479
1067611583,147
1068755384,375
1069234314,433
1069446208,3299
1069465928,2752
1069943001,19772
1072539730,12149
1072816188,2446
1073224795,275769
1073579907,668
1074023461,2436
1074175180,390
1074561042,26512
1075241121,254
1075250658,1490
1075381375,14585
1076111130,1785
1076312498,947
1076538757,119
1076969585,2552
1077560986,463
1077591800,186
1077662591,2172
1077701245,884
1077819522,21620
1077839783,290
1077850011,14767
1077926723,1219
1077989117,2773
1078227922,662
1078434900,503
1078528927,6569
1078598180,2371
1079302078,622
1079469057,3049
1079547517,975
1079619168,6110
1079906817,3532
1079966361,3328
1080070047,11106
1080226559,351
1080442728,2874
1080536031,1761
1080688707,828
1080728121,1415
1080989149,1899
1081336463,2749
1081397957,25225
1081415439,265
1081623471,2104
1081770999,2342
1081783144,436
1082137380,4534
1082722503,3368
1082927074,3307
1082960574,3082
1083188349,5209
1083363028,2605
1083676347,105
1083790746,447
1083953029,535
1084058975,2238
1084400107,1574
1084853233,30795
1085062248,130
1085086903,12322
1085130367,1166
1085636225,380
1085876386,6144
1086124473,596
1086419061,20880
1086756757,1542
1086808440,202
1086887314,2977
1087021837,697
1087106485,369
1087304134,1733
1087772670,5352
1087915800,517
1087953935,682
1088165333,442
1088558237,11933
1088705108,8645
1088816938,748
1088947514,1188
1089324287,746
1089959414,4947
1090165309,393
1091441963,728
1091563845,2406
1092047360,41147
1092116209,6553
1092279475,5899
1092555455,167
1092747695,239
1093180734,888
1093458723,337
1093529841,10250
1093903598,650
1094040884,132
1094122545,1535
1094171135,1083
1095936393,1968
1095948794,3777
1095991387,512
1096175506,1149
1096608396,3586
1096955196,1371
1097695258,20446
1097835077,1528
1097885806,258
1098549899,596
1098665524,2475
1098866858,594
1099328966,12414
1100358796,777
1100363827,3709
1100776768,33802
1101059247,1139
1101183880,804
1101198567,2407
1101234405,2748
1101358021,860
1101573776,159
1101874129,9726
1102197464,3272
1102438776,1269
1102464845,195
1102475895,299
1103012935,387068
1103039640,553
1103066894,1384
1103502237,1094
1103772881,5477
1104232109,760
1104332987,71377
1104370536,7225
1105067009,628
1105657641,9843
1105906942,5931
1105911868,198
1106046293,2255
1106290890,937
1106398326,1058
1106440682,601
1106444494,353
1106612431,2562
1106615912,2080
1106663535,15486
1107721554,1170
1107847846,408
1107929306,1194
1108061543,379
1108188054,255
1108246201,262
1108658403,240
1108682714,6555
1108837393,68210
1109163478,956
1110248948,1665
1110443421,15499
1110629675,445
1110724055,456
1110731552,546
1110782890,14911
1110932933,3617
1111221079,903
1111537966,3820
1111937658,2271
1112015061,731
1112154391,365
1112189620,26066
1112733896,753
1112757335,499
1112843446,2319
1113140733,3092
1113326957,791
1113327297,1969
1113373470,675
1113403973,11009
1113476505,563
1113573066,48524
1113922795,2690
1114838453,4528
1115322337,1571
1115438773,3080
1115602775,2329
1115745775,632
1116604175,2957
1116658452,832
1117298172,754
1117388084,1502
1117497732,1883
1117639997,24572
1117827886,297
1117851921,733
1117894769,1861
1117896698,459
1117927632,2217
1117942206,3703
1118058753,566
1118085970,14557
1118204739,1029
1118273977,800
1118472080,654
1118483478,1128
1118556483,360
1118601518,38629
1118620356,932
1118981983,660
1119072163,240
1119305249,1085
1119492821,2493
1119523584,5375
1119580695,3916
1119883856,1605
1120106077,1429
1120507300,2073
1120540348,4998
1120583995,1116
1120886225,1855
1120991338,962
1120992116,544
1121405464,3931
1121898861,1316
1121999804,1828
1122242121,4859
1122681704,1986
1122873619,1502
1123331936,1048
1123338559,5786
1123956658,7952
1124031902,1585
1124219907,37010
1124236568,383
1124477911,2000
1124631986,993
1124754056,2342
1124759447,486
1124936542,775
1124990304,876
1125228311,354
1125258937,976
1125683897,464
1125856365,26362
1126064944,1405
1126473386,27553
1126557956,811
1126841840,4988
1127011907,525
1127191351,3070
1127234517,9199
1127276854,1507
1127402712,450
1127793756,5841
1127844060,555
1127855842,245
1128204614,18196
1128579105,389
1128708803,253
1128833454,1882
1129412343,684
1129437678,2835
1129568168,1620
1129583447,3366
1129597773,367
1129716674,2355
1129786550,18852
1129836481,338
1130004860,5807
1130040122,991
1130269053,268
1130325611,1351
1130445785,806
1130564872,83711
1130809465,38719
1130952330,559
1131085323,1824
1131194012,277
1131286249,289
1131381274,245
1131513930,63591
1131637627,1173
1131734767,712
1131980797,556
1132063646,1891
1132431999,10939
1132664039,2072
1132750706,15984
1133207146,25234
1133210524,4329
1133611462,176
1133660268,2059
1133872562,539
1133901637,5615
1134247238,413
1134445014,545
1134447175,6784
1134743153,764
1134819911,3994
1134882229,935
1135067489,292
1135148452,952
1135169266,2293
1135179558,8320
1135193663,579
1135212071,45214
1135260262,2958
1135473927,749
1135492298,16299
1135501937,2535
1135791677,13926
1135871706,632
1135891523,2931
1135975613,277
1136152017,1627
1136197489,193
1136590548,241878
1136616428,1681
1136666433,37102
1136752401,1631
1136782037,2655
1136945646,224
1137222083,784
1137445686,554
1137485434,2373
1137515077,5061
1137515714,433
1137711311,40836
1137729039,160
1137850293,1296
1138349022,997
1138376193,1463
1138835447,1828
1139111484,335
1139329853,437
1139643103,1067
1139782619,13766
1139883371,377
1139971460,76993
1140000232,1803
1140071348,2118
1140152286,406
1140226073,619
1140263746,1148
1140481996,755
1140494293,719
1140774520,812
1140788023,382
1141023706,549
1141384261,483
1141468878,174
1141592887,1298
1141701871,1078
1141704318,52105
1141706975,1417
1141720197,1540
1141782198,51084
1141853351,5776
1142132744,207
1142274728,8766
1142397834,646
1142406715,4491
1142413815,344
1142482827,471
1142833038,153
1142849282,256
1142857237,332
1143019584,812
1143237475,5151
1143261428,9956
1143295695,5398
1143403408,971
1143408173,1898
1143664622,505
1143753790,320
1143767804,27933
1143816215,624
1143938205,231
1143952193,5788
1144007363,974
1144211118,1101
1144284308,691
1144422934,627
1144694071,2713
1144727401,2449
1145075367,704
1145158024,1989
1145420469,2832
1145667945,2271
1145881485,638
1145914675,1242
1146004684,2251
1146153471,1972
1146425139,3955
1146462485,2795
1146471921,2089
1146550474,3761
1146738089,30598
1147019563,2076
1147094660,47269
1147103080,3848
1147294830,546
1147379948,4107
1147566999,3056
1147803825,824
1148290190,872
1148314264,488
1148617298,1685
1148960257,4062
1149110392,496
1149257427,5217
1149469661,559
1149484257,1147
1149919051,2076
1150071903,2539
1150205470,6586
1150626239,7595
1150696087,556
1150781804,398
1150800542,2336
1150865300,867
1150877418,3307
1150995498,602
1151113612,3923
1151205052,3114
1151221822,313
1151379841,857
1151411061,6416
1151667698,5539
1151867743,461
1151870687,357
1151948575,411
1152014594,14767
1152145571,1710
1152159038,3242
1152162423,198
1152600431,1453
1152720637,1360
1152766213,423
1152784189,601
1152844950,341
1152948526,923
1153027372,179
1153111797,273
1153372704,7020
1153483156,400
1153494379,1065
1153634897,295
1153688673,413
1153764295,1072
1153806672,2024
1153822578,513
1153886029,182
1153919891,781
1154009261,4998
1154123797,2311
1154407752,1701
1154879377,3005
1154974019,356
1155025406,3274
1155063795,323
1155091202,5776
1155099363,1736
1155123554,1081
1155232855,1340
1155266070,802
1155268703,1880
1155383451,8358
1155576139,6962
1155681893,185
1155766506,1205
1155776799,1283
1155816493,2369
1155965274,24398
1156013210,1711
1156046366,257
1156170875,5340
1156416181,438
1156797572,6054
1156956890,32635
1156960719,14578
1156994049,9744
1157171418,20245
1157299560,175
1157326300,241
1157543432,905
1157643045,176
1157659618,416
1157855507,939
1157909530,318
1157928891,446
1158444028,695
1158472225,3108
1158588224,33480
1158631460,3480
1158722119,88973
1158782187,176
1158799392,10270
1158953185,2157
1159184254,554
1159261054,1568
1159381774,2223
1159829402,581
1159910897,239
1160158798,373
1160245783,1383
1160289313,824
1160721237,254
1160886023,1354
1161038816,640
1161355400,745
1161379409,767
1161394125,1641
1162089095,864
1162099055,79066
1162410458,8983
1162907198,296
1162971794,2271
1162985117,433
1163081173,575
1163421557,477
1163460571,1023
1163460850,2233
1163524922,257
1163644748,586
1163855415,1106
1164059777,1438
1164459351,1083
1164521143,838
1164625104,600
1164646909,520
1164655740,1412
1164832776,16394
1164859248,1031
1165324947,34309
1165361576,8409
1165489591,572
1165507389,4465
1165663023,1408
1165855406,2919
1166050099,117
1166108740,283
1166119443,2538
1166139870,18126
1166171472,198
1166321809,1463
1166408297,27259
1166606658,1124
1166706525,1205
1167034425,3056
1167077257,2699
1167209519,7439
1167296906,911
1167300963,43273
1167337904,497
1167413446,2990
1167525683,241
1167626999,346
1167788341,30682
1167791343,1939
1167823778,1405
1168073473,955
1168184085,282
1168261320,1311
1168294481,698
1168625736,261
1168753718,13039
1168900248,688
1169009889,179
1169078701,322
1169101061,2326
1169144801,2233
1169297054,550
1169560166,4527
1169612059,787
1170266927,25513
1170303612,2514
1170321595,568
1170326509,2126
1170548091,4120
1170615905,263
1170634188,663
1170648585,593
1171111467,6080
1171284401,1249
1171290857,515
1171312494,4129
1171376163,2518
1171575871,406
1171605222,261
1171656857,1367
1171755183,193
1171873526,391
1172197625,332
1172251311,463
1172309719,192
1172540122,656
1172574522,6392
1172739419,1899
1172782796,515
1172805219,1255
1172886754,677
1173427820,2867
1173503298,640
1173528409,513
1173769719,864
1173838343,967
1173848034,11171
1174224707,3182
1174262723,424
1174423274,248
1174443757,198
1174614095,392
1174625805,333
1174747993,1442
1174957711,358
1175231820,1749
1175263852,1599
1175316550,2134
1175317731,175
1175414428,291
1175742612,204
1175748759,4300
1175870738,2962
1175900220,3350
1176061718,500
1176129893,19477
1176335208,2026
1176469774,2361
1176497351,905
1176557412,772
1176677271,1291
1176808813,1564
1176898834,3493
1177118700,217
1177129875,562
1177402105,42009
1177456367,1096
1177640089,817
1177919337,725
1178198291,1250
1178437140,1870
1178500367,730
1178505369,399
1178543902,787
1178584802,327
1178834224,878
1178974910,481
1179046874,11586
1179074781,1171
1179124545,4486
1179213731,2897
1179363570,6890
1179413000,9209
1179457582,224
1179478740,270
1179539349,3549
1179682343,1334
1179727851,687
1179824727,219
1179959183,4544
1180015183,830
1180226026,1511
1180391077,663
1180445240,442
1180700598,171
1180781840,1203
1180872582,206
1180917769,5918
1181171430,258
1181272477,3220
1181318933,1381
1181409661,291
1181429842,584
1181479848,11508
1181624333,528
1181899027,1439
1181982220,28443
1182000750,2480
1182212878,29015
1182215277,1197
1182216394,2914
1182547092,22237
1182588635,276
1182594286,2255
1182712729,2434
1182741097,1490
1183151083,204
1183396155,1331
1184096749,450
1184170771,1355
1184249417,526
1184268220,6008
1184313747,468
1184340999,267
1184626912,8672
1184752645,4425
1184830713,694
1184839874,166
1184996128,1445
1185003107,519
1185016972,760
1185122623,5999
1185233810,960
1185308721,241
1185389803,32812
1185430378,1918
1185438389,387
1185528404,1553
1186036632,897
1186202698,2290
1186233280,1353
1186304875,216
1186389044,305
1186598756,1036
1186664179,1223
1186701238,1028
1186842622,1744
1187150337,2495
1187349447,309
1187386524,126
1187464970,884
1187490902,453
1187573823,432
1187595770,528
1187630119,14859
1187689258,539
1187718501,196
1187805808,2781
1188009186,630
1188133194,1408
1188180267,6903
1188362803,2509
1188669909,2199
1188684386,444
1188775349,1876
1188833811,255
1189234446,5405
1189384516,6146
1189432033,1466
1189732822,4508
1190042495,1830
1190390511,1087
1190515659,470
1190778303,4605
1191240966,371
1191398263,582
1191520000,3725
1191671352,1247
1192168837,1731
1192303694,1463
1192555574,16214
1192646696,1819
1192691221,314
1192710260,299
1192845474,1165
1193082155,8813
1193276701,193
1193374549,3389
1193430229,506
1193465306,495
1193818575,395
1194056092,2117
1194293040,544
1194517182,731
1194576770,385
1194842235,399
1195165448,3464
1195208341,3892
1195243030,13615
1195371847,3686
1195557790,1185
1195828337,23763
1196568696,241
1196617276,17605
1196674898,268
1196898989,817
1196950132,964
1197002442,4501
1197043989,10260
1197079556,2176
1197172145,3282
1197183235,2512
1197197392,2397
1197226849,3497
1197227242,2590
1197262207,3250
1197265285,1566
1197308263,1065
1197357033,2740
1197387463,945
1197473770,926
1197491237,1073
1197496497,1815
1197569406,14184
1197598190,4119
1197631840,944
1197674252,1664
1197690052,1253
1197727671,899
1197782606,3011
1197811764,2202
1197990888,30791
1198040849,2840
1198063129,534
1198068829,529
1198155461,1191
1198211652,233
1198306812,31430
1198331424,163
1198370352,1919
1198604352,767
1198625298,237
1198654685,992
1198829864,1661
1198882870,1193
1198982020,368
1199028956,1291
1199057215,1114
1199548147,566
1199668171,14006
1199720858,413
1199905418,1453
1199916658,725
1200071160,1115
1200192516,192
1200309199,297
1200426344,1499
1200597263,109329
1200800171,944
1200968971,184
1201167354,321
1201173969,100204
1201212574,132
1201253077,3830
1201432708,1518
1201628267,1055
1201656210,58540
1201754187,204
1201775166,1971
1201897606,432
1201906543,231
1202070696,2690
1202113460,1400
1202274504,269
1202436319,459
1202496880,472
1202549948,3262
1202555904,2318
1202599845,19937
1202634727,1011
1202937420,5927
1203115035,683
1203116301,154
1203417753,2024
1203463294,328
1203468533,13763
1203485136,1046
1203558071,23716
1203657193,290
1203667901,227
1204165003,2162
1204369117,911
1204383770,195
1204427144,436
1204520409,1280
1205047801,168
1205137520,5699
1205298114,523
1206357666,1781
1206390571,11115
1206468071,718
1206501749,4052
1206553433,11291
1206566990,2468
1206648335,716
1206910786,174
1207006614,1503
1207091162,10753
1207529559,1046
1207639951,10499
1207687985,2071
1207740274,2475
1207908536,319
1207953136,287
1207965399,2337
1208339803,1521
1208451003,803
1208510936,946
1208616942,815
1209020591,578
1209098380,2184
1209350013,619
1209640045,532
1209889782,9592
1210070282,375
1210155353,4926
1210223349,415
1210288370,784
1210537388,2702
1210965499,15
1210969976,616
1210974853,35
1210993610,18
1210995403,20
1210996597,434
1210998536,26
1210999518,22
1211008223,81
1211009406,14
1211010427,14
1211015701,30
1211016441,405
1211026924,29
1211027023,16
1211029147,20
1211045181,28
1211046673,55
1211047453,77
1211049218,143
1211054287,657
1211062214,24
1211066605,15
1211067257,12
1211079624,25
1211081420,14
1211081914,17
1211082205,20
1211083967,58
1211091483,15
1211091844,43
1211092393,79
1211096376,1880
1211100249,547
1211101745,23
1211103743,12
1211105461,17
1211106808,18
1211119746,34
1211134411,272
1211135748,58
1211139949,14986
1211148265,12
1211152788,92
1211153639,625
1211161312,47
1211164307,22
1211182199,37
1211183026,33
1211183428,35
1211185810,14
1211188079,98
1211192559,35
1211200858,9
1211206127,255
1211207463,19
1211213013,58
1211213210,35
1211216973,20
1211231675,19
1211239245,11
1211240086,17
1211242246,13
1211245293,39
1211245881,44
1211246310,44
1211247455,44
1211247978,44
1211248537,44
1211249123,44
1211253535,44
1211254498,44
1211255002,44
1211255474,44
1211255968,44
1211256418,68
1211256910,44
1211258495,44
1211258530,27
1211259024,44
1211260619,17
1211261120,44
1211263474,44
1211263944,44
1211264394,44
1211264885,45
1211265499,44
1211269161,39
1211269625,39
1211288094,17
1211288569,248
1211291830,43
1211292824,13
1211323948,67
1211326181,114
1211328845,43
1211331887,43
1211332487,20
1211334989,94
1211339624,43
1211340505,12
1211341812,16
1211344034,58
1211346525,36
1211347607,16
1211353240,15
1211353708,34
1211357795,412
1211358903,21
1211363745,215
1211363761,22
1211369814,30
1211373664,17
1211373726,14
1211375944,368
1211392915,51
1211396326,103
1211397094,12
1211397985,16
1211406359,14
1211407380,19
1211421149,27
1211424294,116
1211431908,23
1211436356,28
1211437711,25
1211445936,16
1211449139,1044
1211451737,239
1211455718,41
1211472582,24
1211474003,48
1211478189,425
1211483815,69
1211486387,14
1211495036,244
1211495678,80
1211496271,12
1211496721,15
1211499945,18
1211504567,14
1211506215,132
1211511366,32
1211514405,50
1211516798,27
1211528757,33
1211532216,70
1211537500,2232
1211544888,11
1211547129,13
1211549389,14
1211555810,139
1211560503,14
1211568421,79
1211576866,36
1211589067,968
1211595987,16
1211611644,37
1211614110,213
1211615179,168
1211621353,13
1211628140,13
1211628924,57
1211636743,318
1211639042,71
1211640020,55
1211648517,45
1211664428,85
1211668332,24
1211673552,21
1211688259,28
1211689305,86
1211709322,21
1211709401,42
1211713203,39
1211734353,38
1211762072,17
1211769859,12
1211771701,137
1211786253,11
1211796176,171
1211804342,74
1211805157,20
1211816061,19
1211822834,106
1211841798,47
1211844962,10
1211847033,33
1211852158,24
1211879821,24
1211880680,26
1211883488,29
1211907063,13
1211913026,51
1211933183,29
1211933536,19
1211937619,44
1211947721,17
1211954790,23
1211961956,13
1211973138,18
1211974233,16
1211981858,61
1212012880,20
1212016788,46
1212023672,27
1212030186,37
1212038396,60
1212040616,51
1212041285,45
1212044099,115
1212045148,33
1212046166,16
1212051246,29
1212054378,25
1212059169,309
1212059453,24
1212060952,59
1212065926,25
1212068500,2856
1212068825,19
1212071331,118
1212071873,11
1212073733,79
1212073877,15
1212074645,31
1212080845,13
1212082239,16
1212098005,27
1212102867,13
1212103871,35
1212104171,81
1212105001,15
1212106565,26
1212109465,16
1212112489,67
1212122101,742
1212122915,10
1212123893,314
1212126095,29
1212133946,391
1212138326,18
1212142448,28
1212142746,31
1212149375,805
1212150078,12
1212152443,15
1212152679,8
1212155273,27
1212156829,67
1212162173,40
1212162858,18
1212163614,37
1212163658,8589
1212171830,81
1212178686,44
1212180639,325
1212184690,13
1212187194,65
1212191053,15
1212192645,11
1212194710,54
1212199101,42
1212202152,83
1212205041,86
1212213795,10
1212215459,25
1212217978,12
1212221277,53
1212224446,104
1212231935,34
1212237753,69
1212240247,26
1212272650,35
1212291096,21
1212297061,17
1212297707,582
1212299698,24
1212301481,14
1212303172,16
1212305418,10
1212309782,14
1212312612,18
1212313395,36
1212313943,31
1212321035,19
1212321780,12
1212322352,14
1212323523,45
1212324108,231
1212326426,15
1212327060,19
1212328464,21
1212335792,1302
1212337929,55
1212339953,13
1212344894,18
1212352704,206
1212353968,477
1212355347,14
1212358471,46
1212361258,107
1212365405,387
1212370575,17
1212380723,67
1212386132,13
1212389344,81
1212396129,19
1212401107,73
1212404364,33
1212405954,13
1212409812,20
1212411769,23
1212416285,51
1212420523,98
1212424025,47
1212425313,20
1212426242,34
1212435342,14
1212436974,13
1212445952,246
1212446074,229
1212458158,33
1212463614,21
1212471969,196
1212485345,13
1212495958,22
1212503250,12594
1212507810,14
1212517694,14
1212519203,20
1212522158,25
1212526449,28
1212534605,47
1212545513,47
1212545562,19
1212545659,21
1212547305,50
1212552738,77
1212556547,57
1212568395,2547
1212579112,19
1212580057,11
1212580972,16
1212584333,14
1212604955,40
1212607944,21
1212608505,40
1212615762,14
1212615823,65
1212626143,12
1212639739,38
1212645406,52
1212655381,227
1212662651,36
1212662699,46
1212674766,22
1212691238,18
1212697436,20
1212698895,21
1212708301,37
1212711737,15
1212716497,45
1212717547,13
1212718768,2563
1212731288,23
1212732933,14
1212741592,15
1212744728,16
1212750508,48
1212751545,14
1212751853,26
1212752329,41
1212756310,15
1212767451,29
1212770626,20
1212772844,65
1212776839,13
1212779336,41
1212792234,342
1212802346,35
1212803197,148
1212818660,136
1212822116,155
1212826524,14
1212832891,16
1212833318,640
1212843730,56
1212854568,44
1212863969,17
1212866717,14
1212873879,19
1212877255,40
1212893754,25
1212898723,60
1212901838,43
1212906611,11
1212912437,14
1212915278,17
1212932043,16
1212936003,17
1212946437,45
1212958625,2032
1212958792,162
1212960200,26
1212964560,101
1212986802,22
1212990952,72
1213004527,68
1213018000,952
1213021084,17
1213021942,25
1213031647,6
1213049020,16980
1213053754,58
1213064866,138
1213065419,18
1213067090,15
1213070486,53
1213072190,64
1213072391,16
1213072853,37
1213074351,24
1213075462,21
1213079400,48
1213079565,14
1213081795,30
1213082786,200
1213083204,11
1213089388,35
1213093442,15
1213096099,21
1213097216,30
1213099006,12
1213099715,17
1213102235,46
1213107404,11
1213121380,222
1213122529,17
1213126085,50
1213128008,11
1213128525,14
1213129179,12
1213135165,33
1213138705,48
1213141996,16
1213150985,40
1213158264,14
1213159910,31
1213166415,30
1213174371,26
1213210884,19
1213212865,2033
1213214826,9
1213215164,9
1213215604,19
1213232466,51
1213239020,24
1213244638,90
1213244979,80
1213254756,12
1213265429,159
1213269387,11
1213270275,11
1213271324,844
1213278007,29
1213278465,44
1213279660,35
1213282074,15
1213286530,46
1213286773,31
1213295040,198
1213298526,31
1213313471,81
1213314710,39
1213320306,66
1213322283,17
1213344454,32
1213347757,44
1213350401,12
1213369035,16
1213369150,13
1213369689,28
1213376196,65
1213377775,287
1213388257,11
1213389047,38
1213390704,30
1213393702,13
1213401667,34
1213406268,48
1213410885,18
1213412750,141
1213418162,28
1213422759,13
1213424550,31
1213438872,27
1213439274,15
1213448295,18
1213456169,39
1213456832,81
1213465959,62
1213477480,730
1213483766,92
1213484834,69
1213489460,31
1213492378,20
1213494393,20
1213494845,82
1213499662,12
1213508077,44
1213522308,64
1213526705,297
1213545146,46
1213546910,84
1213548688,13
1213558515,101
1213572410,15
1213578141,24
1213589825,153
1213589861,366
1213596558,28
1213599866,40
1213602620,44
1213605295,20
1213612261,15
1213616615,2586
1213621353,55
1213627697,117
1213635270,117
1213655814,15
1213665985,12
1213667676,17
1213667879,320
1213671679,12
1213679333,19
1213684532,22
1213690685,38
1213705966,18
1213724156,20
1213726114,109
1213732395,1078
1213737277,25
1213738495,22
1213752513,16
1213756841,32
1213757446,229
1213776823,761
1213782040,15
1213783578,22
1213784218,10
1213785946,16
1213789212,41
1213806247,21
1213815713,44
1213816047,748
1213820321,13
1213831079,35
1213840696,33
1213841375,12
1213848993,86
1213850825,21
1213854984,65
1213856502,19
1213858087,38
1213869298,17
1213877989,20
1213882945,27
1213883741,40
1213894274,12
1213899530,29
1213903458,49
1213903931,48
1213921570,18
1213924905,25
1213933023,20
1213936160,16
1213946709,32
1213956965,674
1213958077,18
1213963375,272
1213963816,25
1213969021,53
1213975621,657
1213978779,53
1213989169,15
1213991947,37
1213992071,16
1213993401,8
1213995610,77
1213999980,11
1214023498,31
1214027647,20
1214028696,122
1214031601,46
1214039649,14
1214042231,130
1214048612,34
1214054836,27
1214055530,241
1214056183,29
1214061724,58
1214066049,26
1214073962,13
1214075908,55
1214079192,342
1214086123,187
1214088066,18
1214097767,21
1214103856,16
1214106457,20
1214115656,66
1214116564,58
1214123279,46
1214124594,31
1214125715,3500
1214130539,173
1214132525,24
1214137514,17
1214145978,61
1214157669,46
1214166855,325
1214171422,21
1214186671,20
1214187650,30
1214194417,16
1214198641,55
1214205098,253
1214206049,524
1214207265,38
1214209804,14
1214224482,71
1214230350,76
1214232991,21
1214253933,17
1214259427,57
1214267031,19
1214273599,20
1214284796,125
1214286302,13
1214292570,100
1214308670,40
1214316980,11
1214325159,41
1214330138,33
1214330684,565
1214340119,27
1214344575,59
1214345024,31
1214349536,2928
1214354379,38
1214357854,31
1214365048,35
1214367522,310
1214368528,276
1214371636,16
1214378079,22
1214378330,13
1214382445,119
1214401834,68
1214402572,160
1214410740,20
1214415239,13
1214417298,19
1214419579,10
1214419813,26
1214421786,30
1214423832,1588
1214430889,16
1214432280,53
1214432636,52
1214444660,77
1214451720,18
1214459508,283
1214464768,403
1214466235,15
1214478877,37
1214479548,17
1214482028,83
1214484185,17
1214488263,97
1214491827,20
1214497982,17
1214499036,33
1214515537,19
1214515716,18
1214522988,15
1214534230,21
1214535662,36
1214541835,152
1214543765,44
1214544186,30
1214545008,33
1214548581,18
1214556362,709
1214564144,23
1214564285,480
1214565094,18
1214565945,54
1214568317,15
1214586312,11
1214590697,25
1214598450,88
1214613536,24
1214614273,73
1214617729,69
1214621535,39
1214621915,12
1214625657,110
1214631343,3
1214633006,11
1214639705,33
1214639959,11
1214643314,28
1214651975,22
1214654038,33
1214661652,26
1214662152,17
1214664730,120
1214668357,28
1214671166,317
1214701984,26
1214706991,13
1214708684,11
1214711567,38
1214712269,14
1214720448,16
1214721509,54
1214732478,17
1214733598,22
1214741287,825
1214744766,16
1214746179,13
1214761986,50
1214764451,187
1214770805,71
1214783544,2359
1214785164,5815
1214788016,658
1214792028,34
1214795107,17
1214799336,80
1214805512,1196
1214805939,15
1214807590,469
1214808136,15
1214809647,19
1214812584,13
1214814133,1063
1214823259,33
1214823616,61
1214824471,69
1214825004,18
1214832943,21
1214845304,211
1214847313,16
1214857101,11
1214862520,15
1214873786,27
1214885213,23
1214885251,12
1214889705,71
1214894588,129
1214895007,18
1214898654,23
1214913459,23
1214914397,639
1214915118,24
1214917315,30
1214921938,50
1214925130,31
1214926344,267
1214932135,12
1214940958,133
1214947572,17
1214948129,16
1214951658,1018
1214958134,386
1214959257,28
1214964352,27
1214966051,18
1214971907,27
1214973617,46
1214980737,46
1215002714,23
1215007786,87
1215011706,24
1215015607,112
1215017190,17
1215020386,51
1215020609,27
1215021756,13
1215025222,17
1215026946,19
1215027194,427
1215034382,56
1215037002,14
1215037136,65
1215044156,14
1215048066,23
1215054020,177
1215071370,24
1215072592,35
1215075128,12
1215089331,12
1215096061,31
1215096318,45
1215104825,13
1215105191,16
1215107073,123
1215109328,12
1215112375,22
1215112716,228
1215114303,27
1215115240,14
1215122415,10
1215124088,16
1215126598,158
1215133631,17
1215136096,23
1215142181,1040
1215145625,23396
1215153409,5943
1215159144,46
1215163675,11
1215167976,34
1215172008,32
1215180660,42
1215184266,22
1215184274,63
1215188084,15
1215188990,17
1215192081,14
1215194738,53
1215213624,274
1215222097,160
1215232646,17
1215235243,49
1215237193,16
1215240744,31
1215247792,20
1215256431,13
1215268822,15
1215274814,71
1215277996,19
1215280164,1479
1215290046,17
1215297817,70
1215306737,22
1215306761,58
1215317123,17
1215321844,16
1215327975,32
1215338506,24
1215341250,13
1215345965,18
1215353434,388
1215367178,11
1215376308,90
1215388091,103
1215391309,22
1215394372,37
1215398789,41
1215414287,54
1215415060,47
1215417088,48
1215417342,40
1215427805,18
1215431881,23
1215435055,31
1215435141,31
1215435693,118
1215437858,76
1215449317,65
1215453504,19
1215456863,12
1215464508,13
1215469331,23
1215472967,12
1215494831,32
1215501373,1423
1215513042,278
1215525052,24
1215528293,15
1215530108,18
1215535154,40
1215536848,30
1215549140,17
1215565821,53
1215576669,29
1215580107,24
1215581359,17
1215593067,41
1215598138,64
1215602802,295
1215602835,11
1215609207,18
1215609896,51
1215610146,22
1215612244,830
1215617177,25
1215617234,11
1215627862,64
1215630826,99
1215637209,11
1215641367,102
1215642753,313
1215651941,17
1215653880,36
1215659290,31
1215667929,84
1215670433,41
1215678767,862
1215686624,55
1215693176,73
1215695618,22
1215699839,14
1215703747,47
1215708757,238
1215709831,20
1215711897,27
1215724110,16
1215734700,14
1215754581,31
1215761080,61
1215762204,12
1215763925,132
1215772018,59
1215774013,442
1215778039,28
1215778674,25
1215786287,18
1215802577,27
1215804516,24
1215815598,14
1215820754,21
1215821842,30
1215840941,39
1215840958,12
1215841405,61
1215848131,48
1215848597,90
1215848628,26
1215860363,14
1215880700,84
1215895293,109
1215895678,140
1215896820,18
1215901237,62
1215904689,71
1215925081,19
1215929924,43
1215941570,21
1215952260,43
1215959245,39
1215961903,230
1215968361,143
1215974868,3037
1215976690,140
1215978264,10
1215980069,12
1215983140,143
1215989105,20
1215999715,22
1216005890,65
1216017171,46
1216017372,62
1216018447,28
1216020101,58
1216022788,27
1216023525,23
1216028377,74
1216030087,25
1216032525,181
1216037740,12
1216061380,51
1216069663,16
1216082712,27
1216087888,23
1216089000,19
1216090751,419
1216092644,14
1216098872,11
1216102513,43
1216104234,65
1216108819,85
1216109475,213
1216109985,31
1216116826,2847
1216131824,251
1216133553,269
1216138306,105
1216144935,13
1216152655,104
1216154126,17
1216157979,18
1216171501,16
1216190131,16
1216201070,25
1216201393,28
1216201523,276
1216208824,13
1216242393,21
1216243094,16
1216253015,81
1216260255,11
1216272351,81
1216319128,51
1216319430,29
1216321571,11
1216324736,21
1216324944,18
1216328923,64
1216332504,25
1216333449,30
1216334681,23
1216335416,165
1216336936,15
1216350024,27
1216350996,41
1216351315,25
1216352422,197
1216360484,207
1216372376,13
1216375790,214
1216382538,33
1216400972,19
1216401140,27
1216403796,14
1216408253,48
1216414579,24
1216417050,12
1216418105,18
1216429765,56
1216443171,47
1216451834,24
1216456135,23
1216462061,103
1216463076,210
1216475812,33
1216482194,111
1216484498,33
1216490718,42
1216494144,26
1216494445,599
1216501093,13
1216510419,12
1216512254,21
1216513155,22
1216513449,15
1216514794,38
1216523472,55
1216526830,11
1216538171,27
1216540769,13
1216545064,12
1216546135,14
1216557401,127
1216561964,18
1216569752,98
1216571209,771
1216575395,32
1216575633,33
1216578144,21
1216579794,13
1216581384,20
1216583510,45
1216585136,43
1216585843,23
1216592214,25
1216592520,21
1216594612,420
1216602261,25
1216602307,15
1216603405,20
1216604251,11
1216606902,45
1216617312,13
1216621664,42
1216626808,16
1216631222,155
1216634387,66
1216636456,14
1216638612,48
1216657015,23
1216659670,29
1216662529,65
1216666459,14
1216668024,13
1216671362,364
1216672009,2438
1216676682,17
1216687226,14
1216702324,30
1216705316,45
1216710530,72
1216716893,12
1216729729,532
1216733352,12
1216734435,27
1216744997,383
1216753351,26
1216754861,104
1216755814,27
1216760293,35
1216761709,25
1216767127,125
1216774150,16
1216774242,17
1216782078,15
1216783017,12
1216788591,24
1216795554,73
1216802857,99
1216802904,661
1216806001,139
1216807315,16
1216809628,110
1216810108,455
1216813186,35
1216817621,36
1216821891,16
1216823006,23
1216824806,16
1216824855,21
1216828696,21
1216839348,745
1216849186,180
1216851265,27
1216854084,35
1216854661,111
1216863195,27
1216889203,182
1216889464,13
1216890989,30
1216894026,48
1216904708,47
1216916975,16
1216920437,19
1216925406,434
1216947831,841
1216950004,29
1216954187,10485
1216955020,25
1216957019,90
1216961632,78
1216962487,13
1216972280,82
1216978255,168
1216978941,417
1216979884,47
1216980321,24
1216981748,12
1216982911,21
1217002856,72
1217004160,14
1217006906,31
1217013436,36
1217013518,122
1217024571,14
1217027821,13
1217028120,611
1217035059,14
1217036554,61
1217036916,40
1217040185,19323
1217043693,48
1217046685,13
1217048091,16
1217050817,12
1217064635,22
1217064814,20
1217066206,89
1217077268,15
1217078336,98
1217079795,469
1217080687,200
1217086292,14
1217097102,76
1217098957,125
1217103809,136
1217105994,29
1217109502,11
1217115101,13
1217117361,11
1217117726,12
1217118687,39
1217122519,15
1217126552,11
1217128906,392
1217129907,17
1217139543,39
1217152169,61
1217154559,60
1217160355,87
1217178567,12
1217180034,48
1217182377,23
1217188876,15
1217190965,22
1217192243,192
1217195695,13
1217201645,20
1217201723,12
1217208761,18
1217209599,118
1217210212,38
1217212029,18
1217212643,28
1217216576,215
1217220793,18
1217222433,50
1217233667,34
1217249705,39
1217252492,11
1217258787,27
1217259193,13
1217259573,508
1217262941,25
1217269188,32
1217269729,19
1217281602,199
1217281692,1145
1217283106,2
1217288862,38
1217291538,9076
1217298686,14
1217299529,27
1217301865,58
1217315946,16
1217325629,19
1217333901,28
1217334368,17
1217339390,14
1217344324,33
1217345178,709
1217350447,79
1217368484,38
1217370937,24
1217388134,14
1217393935,13
1217394553,12
1217396442,3049
1217400042,11
1217408512,78
1217409016,29
1217409285,32
1217423929,15
1217440433,16
1217441118,32
1217456927,20
1217481469,100
1217503846,129
1217508335,33
1217509950,69
1217511504,14
1217511531,13
1217515201,11
1217519452,13
1217522067,13762
1217522094,28
1217523249,28
1217531704,29
1217534578,38
1217536224,12
1217539691,18
1217550851,22
1217551679,713
1217559252,13
1217567462,41
1217579854,37
1217582381,16
1217588885,128
1217591699,44
1217595194,30
1217598410,47
1217603668,81
1217605771,19
1217620707,26
1217630469,612
1217634097,42
1217635695,24
1217654363,249
1217655472,58
1217663853,29
1217671020,1739
1217679253,12
1217681650,30
1217687846,77
1217694973,28
1217696644,11
1217698251,11
1217699935,93
1217700782,35
1217702792,45
1217706948,116
1217707705,19
1217711317,90
1217713553,32
1217713968,149
1217714762,58
1217717180,32
1217738451,11
1217763769,24
1217767853,17
1217772968,46
1217775138,117
1217781789,15
1217786036,663
1217796049,15
1217808614,501
1217809336,60
1217822489,28
1217829921,16
1217834505,29
1217837484,22
1217838440,82
1217860122,25
1217863633,59
1217865504,21
1217872789,43
1217879288,15
1217883656,14
1217885409,128
1217896031,12
1217897624,22
1217904354,171
1217907067,37
1217914588,744
1217923504,13
1217941030,80
1217951047,65
1217951987,194
1217952569,182
1217954055,48
1217969544,50
1217975777,25
1217991124,61
1217996319,240
1217998780,11
1218000077,29
1218004139,650
1218016275,14
1218017185,120
1218018309,300
1218019071,21
1218035937,57
1218037205,66
1218040416,32
1218046945,83
1218062604,90
1218062941,28
1218081641,18
1218084144,11
1218087980,24
1218088263,679
1218100867,23
1218103164,18
1218104262,952
1218116830,23
1218126087,82
1218126567,12
1218129961,17
1218137657,90
1218146932,92
1218147345,22
1218148432,38
1218155686,2321
1218164293,14
1218177240,15
1218177391,401
1218178534,39
1218182607,21
1218190285,86
1218191675,20
1218193413,19
1218194584,50
1218195359,31
1218197239,50
1218202403,29
1218208502,5918
1218209681,33
1218211276,44
1218216789,12
1218222850,180
1218235340,33
1218242169,53
1218250144,11
1218252276,131
1218263250,23
1218277073,33
1218280573,11
1218283016,25
1218284806,15
1218293878,132
1218304124,43
1218305232,317
1218306945,36
1218311395,18
1218333096,19
1218340463,14
1218354547,20
1218368663,154
1218369506,22
1218369796,13
1218370235,38
1218371280,67
1218371623,18
1218372872,25
1218375081,12
1218375755,19
1218381586,33
1218384914,107
1218390093,47
1218393421,13
1218394454,43
1218415046,21
1218418799,12
1218419817,11
1218436380,13
1218437719,11
1218444058,40
1218446685,39
1218446841,823
1218448244,33
1218453975,57
1218464479,29
1218466593,276
1218476217,11
1218489387,54
1218489659,54
1218493681,386
1218506731,16
1218519728,13
1218533705,38
1218536620,274
1218540605,27
1218541279,12
1218543409,13
1218557130,17
1218560388,18
1218576239,96
1218580895,24
1218594998,15
1218597110,219
1218600746,37
1218611299,20
1218612615,54
1218613627,34
1218623368,161
1218626992,16
1218635949,23
1218640391,74
1218642260,29
1218651210,178
1218655389,27
1218662021,13
1218682596,2258
1218683765,25
1218684227,31
1218688296,595
1218690244,17
1218694102,15
1218704741,29
1218706004,15
1218710522,47
1218711689,259
1218715924,14
1218716774,12
1218725228,47
1218729723,74
1218729846,31
1218733756,22
1218737406,844
1218743746,12
1218749710,31
1218765387,51
1218767374,13
1218770712,16
1218807909,20
1218815399,10
1218816743,45
1218819993,448
1218822896,21
1218823179,1131
1218826355,45
1218835536,11
1218844081,238
1218855969,330
1218867656,12
1218871120,71
1218881505,30
1218885291,13
1218896483,100
1218900228,12
1218906699,26
1218919346,76
1218919522,16
1218928200,11
1218939714,20
1218960190,14
1218962966,15
1218968930,16
1218972260,44
1218973317,44
1218975799,356
1218978057,545
1218978163,14
1218981305,90
1218987594,46
1218997190,16
1219009070,2404
1219011837,64
1219014440,21
1219018779,14
1219030980,62
1219031547,164
1219039446,29
1219040524,34
1219042200,24596
1219053872,44
1219060209,140
1219062712,37
1219070729,36
1219075763,37
1219083479,40
1219087723,1785
1219096687,179
1219102141,12
1219103073,14
1219105341,47
1219110005,68
1219111340,14
1219113318,12
1219119800,72
1219121452,24
1219125540,35
1219129212,23
1219133217,65
1219133249,21
1219139049,15
1219141172,43
1219141370,14
1219145354,305
1219151193,761
1219152899,32
1219157502,95
1219158316,50
1219160435,30
1219161733,94
1219162717,32
1219165039,43
1219165613,28
1219171273,27
1219174984,21
1219175109,32
1219184182,140
1219231323,53
1219237875,51
1219243063,96
1219244075,11
1219253193,32
1219254116,39
1219260485,34
1219264163,12
1219268325,12
1219273452,30
1219284263,90
1219286705,31
1219291910,328
1219291943,12
1219295659,84
1219304474,15
1219310759,17
1219314144,44
1219319479,70
1219329571,21
1219334069,112
1219351875,114
1219355698,30
1219370895,112
1219378569,3496
1219380800,121
1219382075,39
1219385288,20
1219389544,20
1219400421,3847
1219410317,11
1219412347,37
1219424400,24
1219424471,83
1219424489,658
1219446293,1966
1219461180,15
1219461862,20
1219463714,98
1219468224,1680
1219472097,41
1219484308,7
1219485919,15
1219488984,74
1219493841,563
1219502106,41
1219502927,40
1219504139,168
1219504831,48
1219509115,53
1219515121,10
1219516950,38
1219521173,53
1219531851,41
1219534231,442
1219536599,82
1219542934,14
1219543409,225
1219547995,116
1219548485,82
1219554320,37
1219558865,208
1219565167,31
1219569035,12
1219572953,190
1219574837,13
1219579626,22
1219583915,11
1219587551,119
1219593472,29
1219594207,29
1219595665,12
1219596464,17
1219597358,14
1219608640,198
1219611080,37
1219616277,130
1219619061,15
1219624930,25
1219627422,13
1219630658,11
1219631371,39
1219634836,224
1219642679,102
1219645555,21
1219650644,78
1219651269,39
1219657136,13
1219690829,340
1219701951,15
1219710688,51
1219711698,27
1219715755,12
1219715787,16
1219715803,148
1219721372,22
1219748199,166
1219755209,46
1219760772,24
1219765831,73
1219770679,26
1219783686,12
1219787573,21
1219806855,12
1219809875,208
1219810783,10
1219813016,37
1219815462,15
1219817956,45
1219828173,88
1219833464,86
1219845641,11
1219852021,150
1219860050,45
1219864617,22
1219866542,243
1219868875,21
1219876482,42
1219882846,34
1219896053,1891
1219898362,13
1219898664,19
1219902572,13
1219904470,8
1219917446,123
1219920268,195
1219923941,318
1219934554,13
1219935155,46
1219935284,27
1219950293,41
1219955687,14
1219956685,23
1219960594,248
1219961908,151
1219962340,352
1219965126,181
1219967630,82
1219975226,267
1219983369,13
1219986280,22
1219989708,115
1219990121,14
1219993725,23
1219995793,29
1219996057,100
1219998363,92
1220000506,4599
1220007647,30
1220010376,20
1220012117,20
1220016354,19
1220037795,44
1220043190,31
1220053648,23
1220054577,15
1220067179,58
1220075313,13
1220075608,46
1220082570,12
1220088588,29
1220090633,18
1220092577,321
1220098492,14
1220125073,24
1220130005,17
1220140390,33
1220144875,966
1220159504,25
1220169409,48
1220173287,19
1220174856,28
1220179368,11
1220182682,28
1220185073,107
1220194478,55
1220215555,385
1220223727,824
1220225368,88
1220238335,12
1220238467,101
1220242986,11
1220258106,13
1220263034,300
1220273153,13
1220275445,19
1220285708,34
1220285949,29
1220299146,13
1220299921,15
1220300275,17
1220302420,13
1220308601,16
1220310845,14
1220316999,102
1220317771,20
1220329626,43
1220332472,15
1220338733,17
1220341616,19
1220348449,15
1220353202,156
1220363221,33
1220363990,19
1220365832,53
1220368375,11
1220374179,26
1220381862,36
1220384784,147
1220389370,23
1220392046,11
1220403506,47
1220404592,29
1220411769,14
1220414137,25
1220418983,765
1220422927,14
1220423005,13
1220424323,21
1220455984,130
1220461696,37
1220469803,31
1220471126,20
1220475543,138
1220491177,38
1220492374,151
1220496752,11
1220498389,233
1220505991,19
1220516737,26
1220529992,38
1220530277,77
1220531892,45
1220532477,17
1220537846,88
1220544718,36
1220548149,26
1220549743,16
1220558446,24
1220567611,15
1220567735,183
1220577936,12
1220600476,258
1220608365,25
1220623008,188
1220627175,17
1220632889,28
1220636828,16
1220638726,13
1220640564,16
1220642173,131
1220642301,24
1220647753,35
1220649868,47
1220651250,10
1220656611,185
1220664071,107
1220679051,643
1220680065,12
1220683883,25
1220690422,449
1220701611,40
1220702116,12
1220703605,79
1220703793,32
1220716870,12
1220717364,107
1220718004,27
1220721979,22
1220728088,49
1220729468,21
1220732691,34
1220732893,15
1220744087,33
1220744720,11877
1220745791,47
1220746027,16
1220749061,15
1220752606,33
1220759940,26
1220763728,43
1220766820,16
1220768711,74
1220773489,15
1220786764,65
1220788224,19
1220789495,18
1220798236,14
1220798417,17
1220799180,17
1220801645,47
1220816008,27
1220823738,15
1220825109,56
1220832274,11
1220834686,234
1220837462,62
1220839770,51
1220849813,101
1220854477,76
1220862873,11
1220874732,17
1220884982,82
1220885689,187
1220886594,36
1220888415,576
1220899692,9033
1220899915,18
1220902080,91
1220902278,56
1220904453,32
1220914655,1345
1220918585,461
1220924648,44
1220925408,43
1220928655,25
1220929839,99
1220935138,16
1220936047,3897
1220937125,1031
1220941467,29
1220944440,26
1220946058,31
1220946370,22
1220946543,16
1220947600,284
1220960618,304
1220971487,18
1220980580,12
1220986068,13
1220992833,16
1220997082,104
1220997378,51
1220998146,26
1221000860,13
1221001476,44
1221002372,13
1221020718,65
1221022475,25
1221024497,13
1221027919,21
1221030613,31
1221034553,222
1221039460,47
1221041276,13
1221048533,220
1221052488,85
1221055970,12
1221060403,16
1221068259,46
1221068793,18
1221068903,234
1221070677,158
1221080309,18
1221082755,20
1221084482,25
1221095263,18
1221106976,55
1221110820,19
1221120906,14
1221120939,596
1221122081,20
1221133188,43
1221135148,38
1221161226,28
1221177199,41
1221180063,242
1221184926,19
1221190110,14
1221195568,38
1221207669,16
1221209689,473
1221210108,60
1221222583,11
1221224535,17
1221224699,54
1221232109,1704
1221235601,14
1221240503,75
1221249352,167
1221249481,430
1221252023,14
1221256937,329
1221261207,24
1221262308,20
1221276979,57
1221282584,21
1221283675,13
1221284398,13
1221285149,11
1221287674,16
1221290320,26
1221292713,44
1221297625,11
1221299116,53
1221305781,32
1221306275,48
1221311014,112
1221324299,16
1221329261,44
1221334231,53
1221334280,14
1221334351,46
1221339736,16
1221349753,11
1221350544,20
1221356410,25
1221358460,16
1221364968,18
1221368271,14
1221369065,75
1221369740,84
1221371853,14
1221378802,112
1221379719,18
1221393754,22
1221394850,25
1221399001,263
1221399354,124
1221402357,39
1221404347,11
1221407662,74
1221409201,11
1221416424,15
1221429772,5110
1221431519,26
1221433219,80
1221435237,21
1221439608,16
1221448780,41
1221460575,82
1221461052,23
1221463263,28
1221467011,42
1221467572,16
1221482272,92
1221489330,39
1221489445,38
1221499512,24
1221501629,23
1221509404,6605
1221518324,240
1221518435,29
1221522399,13
1221527554,31
1221531804,16
1221533603,23
1221538357,49
1221543574,48
1221551017,104
1221565029,20
1221574903,33
1221579569,71
1221587346,33
1221587347,12
1221592399,27
1221592798,24
1221598890,13
1221600993,11
1221604075,11
1221616686,20
1221617744,34
1221623636,23
1221625543,11
1221631495,16
1221634436,39
1221641349,1511
1221649738,207
1221651799,48
1221654125,235
1221673609,41
1221688929,36
1221689260,484
1221691036,14
1221702550,12
1221704200,46
1221707935,23
1221710397,25
1221716703,19
1221722107,41
1221723497,26
1221723996,26
1221728904,150
1221733094,71
1221737887,11
1221741915,156
1221742654,778
1221746501,14
1221750692,16
1221751439,12
1221772065,11
1221772225,72
1221772308,20
1221775867,7
1221778133,114
1221780643,37
1221781531,476
1221796063,257
1221797579,16
1221798227,42
1221814255,51
1221814673,70
1221814894,200
1221830959,13
1221831329,34
1221835075,56
1221844677,28
1221851069,385
1221856501,20
1221860353,16
1221864089,53
1221867246,144
1221892294,107
1221903920,42
1221906609,18
1221922293,2320
1221932119,15
1221933616,42
1221937090,91
1221942000,20
1221944165,15
1221955143,49
1221961972,19
1221963957,58
1221976173,285
1221979804,32
1221981994,239
1221985908,22
1221995568,17
1221998155,16
1222002934,12
1222008889,50
1222009188,14
1222022455,27
1222029303,36
1222042205,702
1222044626,14
1222044811,29
1222047800,22
1222047953,73
1222063724,35
1222064942,20
1222072017,69
1222090116,148
1222092630,36
1222092774,22
1222093674,50
1222102170,277
1222107387,15
1222110047,64
1222110548,2217
1222117874,145
1222120468,2326
1222126520,244
1222128242,65
1222133394,628
1222142792,79
1222147517,15
1222155920,26
1222159197,41
1222160568,40
1222161345,24
1222169973,62
1222173827,468
1222181013,123
1222197263,123
1222213350,5977
1222216275,12
1222221630,48
1222229518,18
1222237818,27
1222250448,22
1222257358,13
1222257602,2443
1222258735,472
1222262982,34
1222269231,12
1222274697,57
1222277117,24
1222281860,12
1222295714,252
1222297562,12
1222298778,12
1222307895,81
1222318103,28
1222333741,11
1222338286,12
1222339926,36
1222343245,140
1222344790,22
1222354812,25
1222356417,52
1222364235,521
1222368361,73
1222372573,319
1222372873,103
1222373496,22
1222375486,100
1222383700,46
1222387700,65
1222389269,23
1222392614,18
1222395717,26
1222404225,32
1222407355,198
1222409861,11
1222413951,921
1222419504,12
1222427087,77
1222440968,12
1222446155,30
1222449264,23
1222451826,14
1222455527,556
1222460606,12
1222468111,22
1222472761,40
1222473027,20
1222476425,28
1222481250,15
1222484199,13
1222495257,20
1222504648,758
1222512550,13
1222515414,40
1222521101,1595
1222529313,339
1222545886,217
1222566478,34
1222567435,58
1222573128,6
1222579145,40
1222585234,58
1222585735,18
1222587475,1907
1222589733,37
1222591322,12
1222594156,30
1222596522,17
1222604391,13
1222608265,132
1222609123,100
1222613133,17
1222632373,68
1222634257,18
1222634748,67
1222637509,520
1222639711,436
1222647433,35
1222655977,28
1222659956,23
1222660901,49
1222674351,28
1222676896,53
1222678009,13
1222685735,25
1222689155,107
1222692857,37
1222698237,15
1222700467,18
1222716018,24
1222734777,37
1222743186,46
1222744121,12
1222745356,38
1222752154,39
1222753133,14
1222766639,96
1222769612,14
1222785238,38
1222788897,28
1222789989,968
1222792842,13
1222792879,16
1222799292,185
1222814323,12
1222814416,12
1222824018,44
1222826242,722
1222835772,18
1222837583,56
1222845504,17
1222847856,27
1222852418,17
1222854008,38
1222856929,22
1222869003,126
1222870709,299
1222884903,11
1222890347,41
1222890567,77
1222890689,13
1222890844,22
1222893766,76
1222903331,11
1222907340,64
1222917575,26430
1222917836,77
1222921129,13
1222946560,125
1222953844,12
1222956315,13
1222961423,14
1222970626,29
1222988636,13
1222998674,812
1223006434,161
1223006510,64
1223006526,81
1223009200,41
1223020752,25
1223039216,34
1223051315,49
1223053891,11
1223054977,16
1223059776,48
1223060975,40
1223062473,55
1223067277,10
1223075782,48
1223076991,17
1223081941,21
1223084838,12
1223087359,29
1223091925,44
1223098661,19
1223118338,13
1223125423,110
1223128651,60
1223133721,18
1223135437,33
1223135475,12
1223139391,21
1223139487,78
1223140677,28
1223160418,17
1223161782,23
1223162027,97
1223163837,13
1223167370,11
1223169069,46
1223172760,16
1223187010,73
1223189582,15
1223192120,13
1223192596,84
1223194760,85
1223197070,13
1223198048,47
1223198968,41
1223206275,44
1223211246,11
1223215533,165
1223216894,239
1223230665,14
1223234827,10
1223238480,28
1223251391,39
1223253334,16
1223255499,60
1223260156,27
1223273994,49
1223275907,60
1223280581,15
1223282310,31
1223287468,35
1223293586,722
1223296623,63
1223297225,11
1223312639,21
1223318023,26
1223318951,54
1223319768,31
1223325002,33
1223329036,62
1223341630,22
1223342966,32
1223351292,347
1223370395,123
1223373345,113
1223374550,34
1223389180,38
1223392126,18
1223392907,17
1223394733,38
1223396927,11
1223418318,34
1223418686,19
1223420362,107
1223423695,962
1223423846,21
1223425211,13
1223425250,1018
1223427443,70
1223428226,2049
1223431386,41
1223432033,17
1223440125,318
1223452181,13
1223453358,106
1223457247,21
1223476197,1152
1223477018,44
1223481327,12
1223484108,23
1223488585,22
1223492205,108
1223511885,46
1223512305,2211
1223515225,130
1223524158,34
1223535200,36
1223535314,29
1223537324,64
1223542538,12
1223549594,12
1223569332,18
1223585334,15
1223588947,14
1223597497,443
1223599621,39
1223614643,15
1223626282,33
1223631277,42
1223640430,98
1223640606,19
1223641228,32
1223643607,15
1223650754,53
1223664643,14
1223665294,53
1223665356,15
1223671634,53
1223676147,12
1223680545,16
1223691529,35
1223697365,158
1223706171,15
1223713824,342
1223728036,77
1223736934,29
1223742587,254
1223752589,2737
1223756821,11
1223758935,166
1223759393,18
1223761956,28
1223772529,35
1223779346,35
1223781466,15
1223786009,13
1223790834,33
1223793125,16
1223805771,185
1223807538,50
1223811729,22
1223816634,91
1223817677,480
1223826724,18
1223827002,53
1223827147,51
1223827471,42
1223827641,47
1223827804,48
1223827947,44
1223828210,50
1223828346,51
1223828502,41
1223828637,47
1223828917,49
1223829082,42
1223829235,51
1223829381,51
1223829650,56
1223829652,45
1223829655,47
1223829657,57
1223829799,57
1223829801,56
1223829941,50
1223830082,48
1223830230,51
1223830232,53
1223830233,45
1223830237,47
1223831655,11
1223845433,15
1223849551,12
1223853501,12
1223858182,14
1223863863,19
1223869499,71
1223883039,17
1223884751,52
1223886857,11
1223894967,83
1223921326,24
1223925190,19
1223969544,339
1223977600,19
1223980979,13
1223980999,12
1223987407,276
1224021161,11
1224022502,19
1224025688,293
1224033309,569
1224037373,17
1224047453,12
1224062178,68
1224066068,135
1224068505,21
1224077477,25
1224096166,11
1224100238,22
1224110675,294
1224127318,36
1224137561,134
1224137844,63
1224138499,83
1224149089,16
1224157469,34
1224163986,49
1224167985,13
1224169076,15
1224189909,13
1224193010,17
1224193130,27
1224194102,61
1224196440,14
1224200214,48
1224203978,30
1224218617,28
1224227389,37
1224236735,15
1224239089,15
1224243497,27
1224250535,38
1224253491,97
1224258916,14
1224263089,17
1224267893,139
1224269630,23
1224271858,15
1224275784,376
1224277831,15
1224278666,299
1224283053,122
1224287368,17
1224294151,11
1224304627,15
1224309951,70
1224311190,147
1224314007,27
1224314254,25
1224319811,23
1224330181,232
1224343090,21
1224347838,407
1224348278,26
1224353416,21
1224353843,135
1224360317,79
1224368231,489
1224376867,17
1224385314,15
1224387109,28
1224393902,21
1224402483,14
1224408143,42
1224413254,47
1224415020,27
1224431303,187
1224434372,19
1224439365,18
1224446608,15
1224446616,51
1224454782,122
1224455487,99
1224471569,32
1224474408,19
1224476053,15
1224481107,27
1224483176,201
1224483504,75
1224486190,15
1224486824,27
1224489872,12
1224498772,75
1224501168,33
1224508792,207
1224509741,12
1224511035,28
1224526153,60
1224532553,11
1224539373,62
1224543123,55
1224547398,16
1224549174,12
1224558836,41
1224560336,22
1224580914,26
1224584532,15
1224591227,13
1224591740,46
1224598709,16
1224600617,26
1224609919,12
1224610424,13
1224615167,22
1224617188,26
1224620722,23
1224629294,44
1224631526,23
1224645559,242
1224652367,13
1224652560,85
1224653264,17
1224659590,115
1224660488,19
1224661714,60
1224671672,12
1224681639,26
1224683353,37
1224690468,23
1224692542,22
1224701408,210
1224703318,226
1224708689,30
1224712076,13
1224712371,465
1224715013,40
1224716146,14
1224734198,872
1224735108,12
1224738938,69
1224740357,77
1224743032,39
1224753810,14
1224755442,15
1224755974,19
1224757492,16
1224762245,199
1224772110,18
1224775471,27
1224777018,30
1224777703,12
1224778433,640
1224780087,45
1224786239,28
1224786272,13
1224786947,120
1224798921,102
1224799062,13
1224809280,12
1224810795,14
1224813164,2
1224816641,19
1224822906,200
1224823899,753
1224830290,19
1224844395,16
1224854794,4142
1224866871,241
1224879981,13
1224880453,21
1224881335,112
1224887964,60
1224893022,27
1224908126,14
1224912127,17
1224926075,14
1224928087,77
1224930497,16
1224942256,19
1224949386,20
1224956547,58
1224964077,13
1224966022,28
1224968393,75
1224974361,2685
1224975160,54
1224977058,20
1224978706,12
1224987521,30
1225005463,3129
1225010740,16
1225017253,13
1225019919,259
1225046031,11
1225049374,147
1225051897,74
1225059107,135
1225062134,455
1225071533,13
1225077445,15
1225078277,26
1225102492,23
1225119525,13
1225129803,27
1225134435,69
1225141037,395
1225141328,25
1225150929,84
1225154854,35
1225162543,52
1225167529,19
1225171017,33
1225174600,25
1225178950,5826
1225179060,35
1225179105,1830
1225185913,36
1225186502,343
1225188401,2582
1225196741,50
1225197030,16
1225202603,169
1225210265,38
1225226478,45
1225228592,48
1225234444,98
1225242097,20
1225250312,46
1225263228,26
1225265867,16
1225266305,13
1225272732,26
1225277249,206
1225285890,384
1225296260,16
1225301513,13
1225316611,284
1225333873,16
1225337111,68
1225338289,103
1225344059,216
1225345651,98
1225347547,38
1225357488,45
1225359679,13
1225363703,92
1225364874,27
1225365569,3876
1225375494,31
1225380161,31
1225382028,21
1225391938,12
1225400068,26
1225403584,14
1225420868,26
1225420959,97
1225427533,785
1225427809,33
1225430807,324
1225443129,12
1225443909,21
1225445312,37
1225446523,292
1225448100,13
1225450090,11
1225456147,28
1225457257,79
1225462729,280
1225470108,13
1225473337,21
1225476523,21
1225480734,51
1225492439,526
1225495029,20
1225501987,94
1225506667,39
1225506852,326
1225518061,423
1225519296,29
1225521647,15
1225525367,15
1225529925,25
1225533642,26
1225544568,78
1225550834,55
1225551985,379
1225553633,32
1225556223,19
1225557539,18
1225558656,40
1225570552,17
1225572163,86
1225576792,35
1225583202,41
1225586334,47
1225594874,717
1225599451,117
1225602716,24
1225603857,16
1225605262,81
1225605804,42
1225614660,107
1225614895,53
1225619975,155
1225620122,442
1225626176,179
1225626763,22
1225639773,38
1225642446,13
1225651988,14
1225662585,15
1225666510,26
1225676063,110
1225676909,75
1225681482,45
1225683137,47
1225688424,1324
1225692581,26
1225701232,51
1225704208,20
1225711621,163
1225717117,12
1225722703,1232
1225723635,20
1225723660,13
1225753223,8171
1225753650,14
1225764309,11
1225772996,16
1225774688,7781
1225777233,29
1225779504,29
1225779594,264
1225780897,142
1225780993,16
1225799532,17
1225803835,51
1225809732,35
1225810547,42
1225818500,13
1225821344,24
1225834084,1781
1225834491,18
1225840521,1098
1225844031,17
1225850181,35
1225853511,18
1225856988,33
1225857440,60
1225861226,20
1225865375,24
1225876937,42
1225890580,19
1225893563,23
1225900566,59
1225904506,62
1225932464,229
1225933743,18
1225934387,13
1225943680,23
1225968076,17
1225969993,19
1225971591,20
1225983316,31
1225986799,18
1225990269,185
1225994627,25
1226007284,194
1226012688,12
1226012864,13
1226030841,43
1226032210,11
1226033059,19
1226034860,15
1226053598,8
1226056647,11
1226060652,59
1226062469,257
1226065142,113
1226068984,1049
1226075327,53
1226079078,18
1226085740,112
1226088627,1060
1226093137,15
1226095529,25
1226100929,17
1226108917,45
1226115080,35
1226117657,20
1226128535,37
1226130495,11
1226146401,17
1226150677,20
1226151688,30
1226151883,447
1226161344,11
1226169092,13
1226182842,2361
1226183162,16
1226187070,121
1226187634,127
1226187719,59
1226193564,53
1226199630,53
1226200305,79
1226213530,12
1226227428,32
1226236210,39
1226238042,87
1226244643,11
1226246989,16
1226251409,180
1226252114,104
1226253568,53
1226254918,73
1226256828,301
1226263631,41
1226269138,11
1226278857,540
1226283335,23
1226284422,96
1226284891,12
1226289738,14
1226291577,45
1226292938,36
1226293227,33
1226304875,1698
1226309398,31
1226314049,23
1226314578,104
1226315076,106
1226316657,26
1226323056,14
1226339117,113
1226344275,15
1226349980,65
1226355570,28
1226371446,14
1226379024,3919
1226383350,136
1226384208,46
1226387322,11
1226390973,19
1226392513,10
1226398315,136
1226402027,79
1226406577,30
1226408403,16
1226415818,127
1226416904,21
1226422330,23
1226423849,18
1226427018,17
1226438114,15
1226444988,114
1226448677,85
1226454952,35
1226455806,54
1226456766,41
1226458391,80
1226466427,19
1226477048,13
1226480668,10
1226481856,22
1226489531,22
1226489634,80
1226498208,99
1226501154,31
1226503828,32
1226505078,10
1226505891,17
1226507528,15
1226514391,206
1226518400,74
1226523004,26
1226535806,185
1226538859,38
1226539674,61
1226540982,13
1226541360,14
1226544828,17
1226546604,40
1226547671,13
1226549459,217
1226553585,27
1226556412,311
1226560380,76
1226562178,78
1226571055,138
1226579643,19
1226586920,39
1226594437,14
1226597296,28
1226597750,173
1226607711,98
1226613826,18
1226619487,14
1226622350,12
1226622973,15
1226625878,25
1226626731,334
1226627909,328
1226632537,46
1226632856,38
1226642159,12
1226643987,86
1226646964,14
1226648841,47
1226652468,21
1226654232,81
1226655664,17
1226657498,18
1226658783,58
1226661880,15
1226666101,13
1226674733,11
1226680005,29
1226684518,54
1226685400,14
1226691771,115
1226699436,42
1226707772,22
1226707828,310
1226708151,15
1226709645,11
1226713626,92
1226729515,20
1226734075,11
1226740973,130
1226753901,34
1226755169,39
1226762620,13
1226767159,115
1226772027,27
1226775065,45
1226819062,29
1226821501,23
1226821868,15
1226828149,11
1226850047,16
1226854571,14
1226861761,38
1226863001,14
1226880839,33
1226886541,129
1226889175,62
1226907735,18
1226920373,33
1226922418,60
1226936027,17
1226947837,51
1226957148,43
1226959760,12
1226965804,35
1226967201,14
1226967770,23
1226967819,20
1226971454,261
1226986657,16
1226990646,55
1226990838,28
1227015908,40
1227017537,13
1227019873,207
1227022288,102
1227027199,20
1227039929,13
1227046979,31
1227065728,17
1227067139,167
1227069931,51
1227077394,15
1227085694,60
1227086368,19
1227088125,46
1227096538,27
1227101935,12
1227102698,3949
1227104690,85
1227105346,12
1227110871,45
1227119649,28
1227121063,130
1227125656,88
1227127184,24
1227127969,40
1227128046,19
1227129671,20
1227136764,282
1227152271,16
1227155975,20
1227168652,12
1227170018,42
1227174554,20
1227177719,80
1227179138,93
1227185855,14
1227186335,18
1227194005,128
1227195038,1331
1227205007,14
1227212265,13
1227213432,24
1227213690,13
1227214087,72
1227216141,63
1227220907,11
1227228210,14
1227231165,13
1227232520,22
1227237099,121
1227265762,72
1227276149,38
1227279014,28
1227293556,17
1227304377,13
1227305725,17
1227307732,121
1227308303,13
1227309113,40
1227309157,28
1227309257,98
1227315434,300
1227316546,13
1227317243,12
1227323948,106
1227324720,14
1227329418,64
1227333518,33
1227334684,13
1227339848,455
1227341286,468
1227347243,243
1227354976,15
1227364450,26
1227371987,125
1227377102,172
1227383057,39
1227386646,103
1227390839,514
1227392097,31
1227400359,13
1227406723,21
1227421344,42
1227431177,19
1227432942,620
1227433014,15
1227436157,15
1227440274,33
1227447038,29
1227459967,423
1227465950,11
1227490532,354
1227490571,28
1227497140,246
1227500565,27
1227501308,24
1227502479,31
1227504870,88
1227512772,70
1227519848,11
1227520263,46
1227526743,15
1227527033,103
1227531308,13
1227547559,15
1227569304,24
1227572703,26
1227579597,12
1227581500,11
1227593880,31
1227594572,12
1227601772,18
1227621444,29
1227634482,579
1227651594,20
1227655562,42
1227658387,83
1227659400,61
1227666088,15
1227674193,16
1227674495,66
1227680608,22
1227689238,742
1227689345,14
1227689365,1053
1227691444,208
1227691745,32
1227696060,18
1227710607,55
1227710766,38
1227736568,170
1227737079,12
1227738572,157
1227741708,40
1227743772,15
1227745768,19
1227759219,78
1227764627,614
1227764837,12
1227772650,103
1227778716,30
1227780447,67
1227783664,12
1227791598,165
1227791833,12
1227793598,24
1227794635,43
1227796170,27
1227802852,12
1227804086,24
1227819401,23
1227833686,15
1227836678,41
1227837151,16
1227841016,128
1227844943,46
1227854358,13
1227855667,12
1227859687,12
1227887303,17
1227889587,19
1227896191,46
1227896929,12
1227897195,18
1227900401,32
1227908098,33
1227909760,106
1227911136,11
1227920831,11
1227922538,16
1227922565,13
1227926204,16
1227927676,19
1227927721,270
1227928962,17
1227930611,62
1227931090,24
1227934615,18
1227937407,14
1227939012,39
1227941987,25
1227948480,11
1227949952,11
1227952190,24
1227957125,71
1227957130,350
1227957195,33
1227961194,25
1227970381,23
1227974472,17
1227994782,28
1227995235,145
1227997362,18
1228005292,14
1228007020,25
1228013410,83
1228017441,11
1228018833,11
1228032595,16
1228035032,79
1228046130,296
1228053564,150
1228062603,20
1228062617,48
1228067246,12
1228069348,44
1228074884,41
1228076003,177
1228086016,14
1228086182,101
1228088285,17
1228096639,14
1228101172,65
1228104491,48
1228115620,16
1228117001,210
1228125649,17
1228127918,28
1228130702,489
1228130770,13
1228146580,13
1228165644,48
1228168646,58
1228168995,38
1228170055,17
1228178051,12
1228200995,34
1228219566,10
1228221963,630
1228239224,17
1228240362,10
1228247504,34
1228250753,29
1228254460,16
1228261509,17
1228266778,84
1228267278,16
1228275932,55
1228281642,24
1228288173,19
1228295878,32
1228301704,19
1228306162,2250
1228306713,27
1228307422,23
1228312499,2688
1228312506,79
1228313288,34
1228316859,35
1228322256,17
1228323801,32
1228324681,17
1228342438,305
1228350271,31
1228350521,13
1228353720,23
1228366354,181
1228372477,22
1228379700,274
1228400253,57
1228403229,1651
1228411653,45
1228428489,23
1228439915,23
1228444255,716
1228446689,13
1228449634,137
1228473512,15
1228475028,13
1228476271,27
1228476484,55
1228479706,55
1228491972,100
1228493290,167
1228504283,11
1228512606,124
1228513113,11
1228513556,169
1228515248,104
1228515550,11
1228519832,16
1228523019,105
1228523683,64
1228545519,13
1228552104,14
1228558220,3820
1228568556,16
1228574491,15
1228575327,37
1228586120,187
1228588430,18
1228589758,962
1228602335,17
1228612153,95
1228618772,52
1228622177,60
1228631114,18
1228632952,11
1228635904,24
1228636567,178
1228642604,17
1228648424,26
1228657398,12
1228667346,82
1228668841,12
1228669486,14
1228674073,91
1228678241,29
1228680276,57
1228682702,211
1228685110,27
1228687488,723
1228693026,25
1228694959,50
1228695623,81
1228697918,63
1228698955,25
1228699675,22
1228700725,22
1228719920,166
1228724246,52
1228727422,32
1228736718,23
1228738883,21
1228747289,12
1228753050,23
1228757065,23
1228757171,24
1228760265,16
1228764266,17
1228768037,30
1228783107,11
1228810289,29
1228818758,14
1228819544,49
1228828230,13
1228840276,18
1228843980,18
1228844333,104
1228852684,773
1228858762,16
1228859413,21
1228860440,13
1228861830,15
1228862369,11
1228862630,45
1228871992,24
1228876335,22
1228878094,12
1228889804,13
1228895176,286
1228895544,12
1228904236,20
1228908118,12
1228917479,99
1228918500,43
1228920758,23
1228924271,55
1228925375,14
1228931313,298
1228940083,24
1228943778,16
1228957241,24
1228960838,15
1228968888,22
1228969569,46
1228970952,91
1228975741,56
1228980352,22
1229003220,11
1229006538,67
1229017267,291
1229020401,11
1229023725,73
1229031275,15
1229032419,48
1229035202,15
1229035215,13
1229036895,22
1229044921,18
1229048611,12
1229054518,26
1229063586,34
1229079681,94
1229084290,12
1229090312,55
1229105761,12
1229107163,180
1229111282,340
1229124309,14
1229124312,14
1229133593,11
1229158170,10
1229166124,16
1229168545,1103
1229172514,93
1229176335,50
1229190386,27
1229193892,21
1229195377,73
1229196808,88
1229204641,51
1229209839,47
1229210803,16
1229218228,178
1229224485,31
1229224593,16
1229238440,50
1229245515,22
1229259494,15
1229261085,12
1229268651,293
1229278525,43
1229279783,22
1229284884,149
1229292419,15
1229298305,20
1229310351,138
1229320971,81
1229333016,21
1229349063,15
1229349389,18
1229357719,14
1229373251,25
1229378930,20
1229386356,14
1229397886,17
1229408930,19
1229412034,56
1229418777,38
1229423958,31
1229428033,12
1229428402,20
1229438606,880
1229454546,27
1229457276,12
1229457609,26
1229464883,15
1229466378,61
1229467189,37
1229477362,12
1229488808,16
1229489956,121
1229492049,358
1229495263,14
1229500299,22
1229515933,32
1229520414,33
1229527457,26
1229528792,12
1229531271,4310
1229545347,13
1229555898,101
1229567447,108
1229570567,14
1229574762,592
1229601083,10
1229604063,79
1229613037,38
1229613796,96
1229617802,41
1229618308,1745
1229628532,92
1229629521,51
1229637015,42
1229641799,44
1229642522,90
1229647480,30
1229649395,102
1229650435,28
1229661701,38
1229669329,281
1229674813,12
1229676125,20
1229687336,19
1229689031,769
1229701530,96
1229702296,64
1229703050,42
1229708435,1187
1229721446,71
1229723763,14
1229741211,16
1229745713,15
1229754911,18
1229755072,30
1229783908,84
1229786287,114
1229790796,11
1229795529,29
1229795695,17
1229797518,45
1229800444,16
1229804367,27
1229805967,17
1229826021,15
1229833518,45
1229857613,51
1229861118,59
1229871910,21
1229875399,45
1229879223,12
1229879990,82
1229891190,58
1229897155,12
1229903970,12
1229912653,40
1229913273,17
1229921727,14
1229923980,24
1229925453,28
1229929214,48
1229936612,21
1229951782,111
1229966556,22
1229981114,28
1229996685,12
1230002242,13
1230003467,53
1230006699,39
1230011719,28
1230017515,79
1230024643,21
1230028115,39
1230041935,31
1230043431,68
1230046062,14
1230048764,84
1230050232,12
1230057297,23
1230065851,14
1230068255,1092
1230070449,16
1230084743,658
1230094821,49
1230103632,41
1230107024,56
1230108051,25
1230120460,16
1230123793,26
1230152852,4
1230155372,49
1230159855,14
1230160823,30
1230167645,296
1230176657,19
1230190038,13
1230219819,52
1230223069,32
1230276014,62
1230284069,52
1230292187,26
1230293192,1537
1230321451,121
1230325066,20
1230346035,36
1230373864,11
1230385816,665
1230405663,19
1230406987,22
1230409724,34
1230413282,388
1230418395,15
1230435080,84
1230436729,33
1230439621,13
1230447187,46
1230454104,14
1230454177,15
1230456360,16
1230459107,44
1230459924,284
1230464401,102
1230467838,71
1230476289,14
1230483021,24
1230488118,26
1230490753,22
1230492351,38
1230511039,109
1230513709,51
1230515496,20
1230518059,17
1230520777,50
1230522302,101
1230525793,83
1230526772,29
1230527280,22
1230529409,21
1230530146,12
1230541272,694
1230542209,14
1230543109,14
1230544421,36
1230545436,11
1230550463,16
1230552302,152
1230556858,14
1230557299,13
1230568421,11
1230571259,34
1230572279,34
1230575245,19
1230579510,12
1230579759,101
1230586927,46
1230615746,16
1230620963,919
1230623377,97
1230625926,30
1230630133,25
1230635158,28
1230642554,15
1230655525,317
1230659792,186
1230660642,12
1230664565,319
1230670201,18
1230673946,26
1230680336,23
1230692090,12
1230695001,72
1230715250,32
1230717187,20
1230718069,986
1230737007,19
1230742700,17
1230752196,52
1230753416,17
1230754449,19
1230756781,12
1230757897,12
1230768672,44
1230770171,164
1230773043,11
1230783829,39
1230786016,41
1230786055,45
1230788815,81
1230793950,24
1230797184,190
1230802596,12
1230804418,94
1230816656,59
1230825866,20
1230833691,13
1230838153,23
1230838307,47
1230840644,89
1230842937,29
1230844008,14
1230848107,12
1230852546,51
1230853768,17
1230857353,13
1230871680,37
1230881343,61
1230881670,12
1230886249,73
1230888286,13
1230888292,14
1230894777,339
1230923893,25
1230925393,2756
1230932548,15
1230933500,1947
1230934830,16
1230949874,216
1230951716,79
1230963108,15
1230966999,86
1230983602,12
1230988115,70
1230992661,32
1231005484,71
1231013771,24
1231027499,74
1231033580,84
1231033969,17
1231045391,199
1231046319,27
1231051334,30
1231055190,57
1231076326,20
1231076877,21
1231085769,74
1231088698,69
1231103016,21
1231109330,16
1231109894,39
1231115153,17
1231132517,19
1231135337,3546
1231139963,21
1231140530,13
1231148257,21
1231148851,19
1231150947,96
1231151385,37
1231151488,17
1231151663,15
1231170332,6635
1231173995,17
1231175554,10
1231190293,14
1231208198,15
1231208519,17
1231210975,333
1231241823,15
1231246471,15
1231252094,14
1231266096,33
1231274914,15
1231290655,17
1231291764,3623
1231317792,76
1231332766,98
1231340225,59
1231340530,33
1231341859,38
1231342894,35
1231355875,32
1231362609,48
1231366492,11
1231370735,17
1231381704,40
1231387029,656
1231393604,33
1231397904,14
1231403659,935
1231404888,16
1231411784,13
1231415007,85
1231419446,12
1231425003,62
1231428995,13
1231433355,31
1231444515,20
1231471942,67
1231477977,61
1231497523,30
1231505124,13
1231510846,15
1231521009,11
1231524322,33
1231527664,25
1231530575,13
1231538321,143
1231542361,16
1231545705,15
1231546738,15
1231549501,24
1231550533,17
1231552637,12
1231583450,13
1231585114,12
1231588676,32
1231593995,16
1231598581,19
1231608642,18
1231611366,6
1231614512,98
1231616411,16
1231620129,30
1231625820,46
1231628816,18
1231630576,66
1231642319,12
1231644909,11
1231649071,31
1231664875,140
1231670954,28
1231673216,273
1231680323,11
1231682461,18
1231686879,35
1231689449,266
1231690607,14
1231692013,26
1231693733,12
1231694800,12
1231703771,13
1231704393,152
1231729738,17
1231743029,3137
1231745368,24
1231745656,170
1231746098,18
1231752523,15
1231758535,14
1231759224,38
1231759515,17
1231759984,11
1231761068,13
1231764379,411
1231764941,146
1231780395,24
1231784866,36
1231788271,13
1231789326,86
1231795778,18
1231798689,14
1231803000,18
1231804068,18
1231804783,55
1231805954,29
1231815937,15
1231823217,62
1231824780,13
1231828364,49
1231833412,49
1231839460,347
1231839648,63
1231841922,28
1231851167,40
1231859271,39
1231866881,23
1231867801,92
1231870852,46
1231873889,21
1231878142,49
1231879080,13
1231881320,163
1231886686,12
1231888139,52
1231892841,16
1231894603,20
1231901927,13
1231904604,11
1231905001,130
1231907165,43
1231927624,15
1231939612,14
1231950207,10
1231951255,73
1231951515,32
1231957581,25
1231959993,14
1231961643,152
1231963420,13
1231964765,17
1231964865,27
1231971079,6
1231980017,228
1231981195,63
1231982666,390
1231982924,40
1231983974,23
1231994250,34
1231995031,11
1231995778,45
1231999821,14
1232001105,255
1232009484,60
1232012824,390
1232014015,16
1232030145,890
1232049160,74
1232068112,84
1232070333,34
1232073302,18
1232075306,28
1232075861,12
1232076534,24
1232090563,14
1232094166,324
1232095746,55
1232098068,40
1232101340,21
1232113187,20
1232117277,45
1232117613,153
1232123859,12
1232151729,17
1232153525,23
1232158115,20
1232179108,12
1232184481,57
1232186823,12
1232187392,11
1232187559,15
1232194910,12
1232198091,17
1232202151,14
1232204103,26
1232207193,293
1232207397,18
1232227455,24
1232230999,653
1232231222,51
1232234668,37
1232235554,78
1232237836,22
1232239020,85
1232248372,107
1232269102,14
1232276786,15
1232282516,45
1232293202,13
1232306594,17
1232327074,593
1232327866,44
1232334482,49
1232339395,99
1232370714,1229
1232377059,17
1232379583,26
1232385284,65
1232389209,11
1232391229,35
1232392775,15
1232401934,17
1232412113,19
1232418131,50
1232423250,20
1232425850,44
1232435913,28
1232438673,13
1232441255,37
1232451950,11
1232463120,29
1232464132,248
1232472302,28
1232475356,19
1232480669,176
1232486341,125
1232486433,48
1232498795,84
1232500611,14
1232502928,17
1232503620,17
1232503763,26
1232513743,20
1232516411,19
1232519992,24
1232525596,15
1232527299,89
1232531989,21
1232539952,21
1232540172,33
1232540803,190
1232549174,70
1232572427,242
1232575828,13
1232591685,20
1232599710,618
1232604320,28
1232621817,264
1232647348,24
1232648797,36
1232650857,117
1232656744,34
1232669793,17
1232669890,16238
1232673052,66
1232680785,113
1232691570,57
1232701426,23
1232703184,34
1232705473,60
1232705869,50
1232710515,99
1232712502,1510
1232714995,157
1232722722,82
1232724697,11
1232727602,402
1232733344,23
1232744272,11
1232744411,13
1232744559,616
1232750479,407
1232751931,16
1232754722,73
1232776063,157
1232779906,16
1232780747,13
1232789753,51
1232799038,18
1232808085,79
1232810067,90
1232816339,33
1232820476,13
1232821011,14
1232824274,500
1232828202,20
1232840936,43
1232842595,107
1232843240,281
1232845626,21
1232852448,14
1232874124,14
1232881907,36
1232897272,129
1232909411,24
1232909568,185
1232913979,12
1232917858,59
1232918613,15
1232923707,13
1232927836,17
1232938373,84
1232963755,15
1232965265,15
1232972544,11
1232973386,22
1232990838,21
1232995659,13
1232995828,2193
1232996564,65
1232997470,1506
1233008152,17
1233008591,33
1233010742,12
1233014365,95
1233015992,43
1233021008,22
1233021136,228
1233021488,11
1233023839,26
1233034881,12
1233037001,202
1233038165,31
1233038926,18
1233045914,12
1233049557,45
1233063278,15
1233065556,49
1233067536,11
1233069149,16
1233075087,18
1233079257,19
1233082731,1766
1233083551,9
1233098501,16
1233099780,28
1233104285,11
1233106510,42
1233109239,83
1233119393,1322
1233125421,21
1233133379,79
1233135720,853
1233143212,79
1233154583,23
1233174097,21
1233184997,55
1233186866,16
1233188553,14
1233189346,22
1233194295,43
1233202284,18
1233205881,19
1233207118,37
1233214582,76
1233216116,17
1233216476,22
1233224752,174
1233224946,29
1233251373,15
1233257999,327
1233258841,15
1233265885,44
1233268108,58
1233269361,14
1233277768,17
1233282551,67
1233291379,27
1233295735,25
1233319813,31
1233329720,19
1233329957,21
1233332479,338
1233332668,422
1233334923,14
1233350326,14
1233351502,27
1233363436,11
1233366728,141
1233366936,16
1233368430,13
1233369321,25
1233373060,14
1233382603,24
1233396999,19
1233397063,13
1233398203,212
1233405473,30
1233408615,25
1233408974,21
1233410784,26
1233416003,339
1233434991,59
1233445009,136
1233446849,481
1233448211,29
1233449784,19
1233450404,18
1233453656,79
1233458746,11
1233464839,26
1233465262,14
1233469120,47
1233469226,20
1233476234,16
1233480477,362
1233482326,28
1233488217,15
1233488749,27
1233490795,74
1233490808,11
1233493205,34
1233493409,19
1233495945,318
1233506305,14
1233513947,14
1233519809,20
1233520252,586
1233522763,19
1233524712,17
1233526732,11
1233530473,795
1233534767,11
1233537327,39
1233541170,140
1233543737,58
1233543984,524
1233544257,71
1233550386,31
1233550493,190
1233553764,88
1233562439,9
1233565815,159
1233569086,537
1233572903,278
1233573420,19
1233573842,75
1233580044,19
1233587089,44
1233598443,38
1233603128,879
1233603965,19
1233604225,14
1233606911,94
1233610760,12
1233614908,19
1233618223,45
1233627155,17
1233629841,19
1233635142,19
1233646374,272
1233649082,139
1233652236,32
1233652334,12
1233654138,16
1233656750,54
1233656840,339
1233657891,40
1233658145,86
1233679939,22
1233680465,368
1233686144,17
1233693748,18
1233696776,39
1233698270,16
1233699119,15
1233699402,18
1233699918,5
1233701259,226
1233703053,18
1233703424,18
1233705462,42
1233706426,106
1233709504,74
1233710805,14
1233712980,53
1233714212,14
1233720469,24
1233723985,16
1233725979,12
1233729011,230
1233729086,25
1233747143,191
1233749549,103
1233753464,657
1233757735,25
1233760877,23
1233765261,20
1233765815,32
1233768853,58
1233769789,28
1233770752,35
1233777384,36
1233798338,44
1233803199,48
1233805369,17
1233812013,14
1233816047,32
1233821151,39
1233827788,20
1233828825,13
1233843911,12
1233854753,62
1233860222,29
1233864947,27
1233866989,15
1233869677,12
1233876194,26
1233879845,24
1233880450,72
1233880644,15
1233894805,12
1233901070,37
1233904235,16
1233906435,189
1233907218,35
1233912286,12
1233919441,32
1233930657,39
1233931276,15
1233933761,66
1233943553,23
1233949434,28
1233958357,17
1233974117,82
1233976060,886
1233993377,12
1233995178,26
1233997710,12
1233998926,108
1234017442,13
1234025089,20
1234025876,55
1234028597,74
1234031683,27
1234032496,46
1234034478,600
1234035085,12
1234036165,23
1234036912,12
1234044583,12
1234045986,23
1234052506,11
1234055431,24
1234070879,24
1234092057,18
1234105541,28
1234112226,22
1234118506,33
1234132434,19
1234145889,12
1234147572,18
1234148417,23
1234162438,40
1234169919,56
1234177006,151
1234177512,26
1234178837,26
1234184966,25
1234190555,18
1234200320,30
1234222196,59
1234227627,40
1234233025,22
1234245766,17
1234248776,30
1234262086,171
1234264457,21
1234267901,12
1234272109,44
1234280457,41
1234287955,412
1234289791,206
1234294493,16
1234297189,63
1234300923,30
1234303102,17
1234304147,50
1234318070,90
1234326831,20
1234331775,13
1234335671,49
1234338588,127
1234345172,301
1234349309,17
1234349461,113
1234352205,28
1234369111,18
1234370872,18
1234397786,16
1234406300,27
1234406613,104
1234408269,12
1234414395,19
1234419539,10
1234422018,176
1234428768,21
1234431556,149
1234460360,2270
1234461816,50
1234467701,35
1234468941,16
1234477934,111
1234479687,13
1234484212,14
1234493308,121
1234497073,22
1234500980,25
1234501960,28
1234503198,87
1234505847,15
1234510527,16
1234512626,17
1234527033,30
1234528389,63
1234531190,13
1234531788,16
1234537369,260
1234547478,40
1234550622,2623
1234561569,13
1234563660,118
1234568497,63
1234569107,15
1234571279,339
1234584593,12
1234598133,26
1234599332,18
1234600595,22
1234604467,21
1234610717,33
1234612574,10
1234620713,10
1234643563,118
1234648277,32
1234648973,17
1234651011,29
1234659682,36
1234660785,16
1234663284,31
1234664581,21
1234668950,111
1234669280,43
1234670865,76
1234674650,89
1234675369,14
1234678740,12
1234692020,42
1234697322,21
1234703701,41
1234709952,18
1234712383,21
1234717086,74
1234717726,11
1234724745,2201
1234728317,44
1234728799,12
1234732702,14
1234736795,32
1234743389,69
1234743709,31
1234748523,19
1234759372,67
1234766431,150
1234808106,19
1234817105,30
1234819935,22
1234825297,32
1234829540,828
1234839530,17
1234854174,11
1234870827,167
1234871124,23
1234872393,19
1234884845,16
1234901863,16
1234902158,7
1234908161,14
1234910726,30
1234918031,25
1234923277,17
1234924484,20
1234932922,20
1234949873,19
1234965356,34
1234995144,19
1234999285,19
1235003804,349
1235009516,71
1235012977,14
1235028451,12
1235037158,22
1235044422,12
1235045594,25
1235046467,95
1235049982,11
1235050047,25
1235056479,8969
1235076151,91
1235077351,18
1235080900,14
1235091914,276
1235098353,186
1235103257,27
1235109342,68
1235111179,102
1235112405,51
1235113559,106
1235113769,16
1235116683,242
1235117834,12
1235123321,25
1235128023,49
1235128193,36
1235131147,134
1235135158,428
1235143195,14
1235145221,27
1235150265,72
1235161765,30
1235167543,21
1235168383,12
1235169587,12
1235175101,717
1235186898,22
1235192172,12
1235192304,41
1235199422,11
1235201909,67
1235219333,16
1235219714,22
1235221346,26
1235222817,17
1235225511,119
1235226760,101
1235230186,38
1235232111,17
1235254657,567
1235257170,22
1235259928,38
1235263729,127
1235266237,25
1235278626,19
1235288917,15
1235295742,157
1235298635,11
1235298988,51
1235311075,14
1235318920,82
1235322661,426
1235324410,564
1235325516,17
1235348945,21
1235349424,19
1235368663,19
1235372092,22
1235384825,39
1235398362,15
1235401698,170
1235403515,42
1235415129,12
1235416020,28
1235419463,14
1235423394,31
1235424374,23
1235433876,21
1235435251,20
1235439841,54
1235467345,313
1235467347,16
1235483809,1027
1235491483,40
1235491525,818
1235491557,711
1235491573,37
1235491599,37
1235491636,32
1235491662,31
1235494902,104
1235507023,84
1235511227,242
1235511271,46
1235515289,31
1235516373,27
1235528350,18
1235528861,14
1235535108,77
1235536039,605
1235557096,34
1235561546,392
1235563757,14
1235570981,96
1235600169,13
1235600664,12
1235601806,16
1235603352,23
1235604959,1065
1235615622,41
1235620806,36
1235625452,86
1235635879,32
1235635941,70
1235641260,43
1235648424,50
1235666777,13
1235677045,13
1235677889,33
1235682971,59
1235693765,16
1235695972,12
1235696190,23
1235697532,12
1235700241,39
1235703061,13
1235708935,19
1235712635,78
1235713026,13
1235721044,354
1235728605,11
1235730493,342
1235733002,89
1235738333,15
1235745072,15
1235785305,14
1235796446,44
1235801337,18
1235804415,7
1235809841,45
1235821686,339
1235824690,1272
1235826853,186
1235832354,2746
1235839978,21
1235841610,67
1235850561,32
1235854800,12
1235864347,42
1235887692,77
1235898898,29
1235904866,12
1235915700,386
1235923517,44
1235928536,325
1235937388,17
1235944874,17
1235950823,27
1235951137,87
1235953029,24
1235957378,27
1235957729,29
1235989465,53
1235991419,166
1235995633,26
1236003844,17
1236010010,39
1236020540,30
1236022353,12
1236024834,449
1236029557,19
1236030607,17
1236032569,14
1236033849,12
1236037886,53
1236038347,21
1236069346,16
1236072112,92
1236080238,45
1236092346,14
1236097343,20
1236103434,80
1236113248,12
1236116882,79
1236134087,59
1236138758,22
1236144809,25
1236146225,18
1236147664,15
1236147743,248
1236150757,28
1236154506,204
1236169319,63
1236174636,18
1236183038,314
1236183483,12
1236188285,13
1236189703,13
1236192120,66
1236193793,16
1236197117,32
1236205854,15
1236210286,19
1236215173,731
1236217302,28
1236220169,15
1236225066,27
1236230376,31
1236231313,86
1236232731,134
1236238799,20
1236239871,11
1236242712,364
1236249097,850
1236256286,9
1236258392,23
1236268528,11
1236268781,41
1236270722,11
1236276097,76
1236280432,16
1236281532,13
1236290893,28
1236293784,25
1236297203,12
1236299256,78
1236299970,23
1236299999,34
1236308364,19
1236310444,446
1236311039,20
1236318244,363
1236318314,94
1236318548,44
1236320113,15
1236324961,15
1236325505,13
1236328476,38
1236334602,15
1236336437,733
1236336797,37
1236338255,100
1236348029,21
1236350718,61
1236351119,33
1236353193,1924
1236369867,14
1236376729,41
1236378975,13
1236390867,31
1236393593,18
1236412595,22
1236415557,78
1236416145,12
1236419355,11
1236423287,59
1236429199,63
1236430316,17
1236444588,17
1236448624,39
1236456093,110
1236456506,193
1236467467,96
1236472889,159
1236475536,14
1236475951,14
1236477525,13
1236477821,30
1236478732,15
1236490395,567
1236493835,28
1236496917,18
1236501740,15
1236502369,29
1236502968,19
1236505940,53
1236507497,84
1236507612,23
1236514798,18
1236523584,177
1236536813,117
1236539330,24
1236548587,27
1236558471,24
1236558948,98
1236565619,30
1236570104,155
1236572125,31
1236574498,232
1236597439,22
1236611436,30
1236614974,10
1236627656,55
1236654892,22
1236667081,12
1236668474,13
1236672762,18
1236677779,146
1236692100,20
1236692111,87
1236692563,26
1236705473,25
1236709079,11
1236710711,17
1236712166,29
1236724617,14
1236724803,59
1236730482,31
1236735790,65
1236755306,154
1236763145,14
1236764229,38
1236767104,14
1236771809,171
1236781628,11
1236782644,14
1236783424,21
1236785802,29
1236788504,20
1236790468,100
1236808991,11
1236809377,53
1236816811,12
1236835461,33
1236835492,12
1236840275,108
1236851335,30
1236852308,27
1236854679,25
1236859477,18
1236861772,97
1236872415,18
1236877194,25
1236894679,52
1236908206,31
1236909004,12
1236910063,106
1236911090,61
1236918072,12
1236931661,25
1236933951,16
1236941307,68
1236945444,15
1236957585,496
1236964964,36
1236968473,13
1236981959,87
1236984329,23
1236985474,97
1237004640,1588
1237007359,23
1237010660,57
1237013741,882
1237021776,28
1237023264,19
1237037977,11
1237043630,131
1237046812,14
1237052662,54
1237054274,45
1237062426,14
1237066114,19
1237066616,16
1237067851,20
1237095996,56
1237104157,14
1237109545,30
1237111736,13
1237112689,308
1237113075,48
1237114445,55
1237116511,74
1237131130,12
1237137541,14
1237146076,83
1237159425,16
1237163046,239
1237164472,153
1237164513,3904
1237174940,3050
1237176215,10
1237181322,36
1237199276,17
1237215648,23
1237218322,23
1237219351,15
1237225592,20
1237225812,14
1237229663,27
1237231741,14
1237232401,14
1237232532,139
1237232853,91
1237239472,1041
1237241613,22
1237243825,18
1237246004,13
1237250723,12
1237253926,13
1237257052,126
1237257560,17
1237259189,39
1237267911,15
1237271327,77
1237283836,17
1237284154,10
1237287718,28
1237290361,13
1237295423,26
1237295737,63
1237295946,28
1237299882,28
1237301457,16
1237302913,15
1237308021,60
1237318021,56
1237319927,753
1237342938,16
1237345031,162
1237346118,141
1237353655,21
1237354845,13
1237360639,71
1237365178,115
1237370783,119
1237378117,20
1237383337,24
1237387249,25
1237390322,15
1237392402,23
1237403075,15
1237409271,11
1237416862,15
1237418222,15
1237422941,54
1237424084,19
1237428082,19
1237428154,17
1237429296,212
1237433527,58
1237436537,17
1237444585,15
1237448423,56
1237453528,19
1237461617,11
1237463177,206
1237464523,38
1237465820,291
1237470197,12
1237470590,21
1237475996,50
1237500772,12
1237501021,25
1237507452,17
1237514143,12
1237516776,85
1237522343,50
1237524419,1009
1237525004,18
1237525965,24
1237527907,14
1237528100,66
1237536657,34
1237548136,16
1237556756,14
1237566150,61
1237567431,18
1237567855,61
1237569827,23
1237570742,2997
1237574834,13
1237596235,15
1237604801,16
1237605993,61
1237607224,18
1237610023,23
1237619750,15
1237623600,24
1237625202,164
1237627849,34
1237630202,408
1237639323,337
1237640697,23
1237640922,27
1237643030,16
1237648686,45
1237651000,19
1237652723,14
1237658148,17
1237696009,12
1237699264,17
1237699485,11
1237707289,44
1237717182,11
1237720723,14
1237728861,16
1237729316,13
1237733764,15
1237734940,22
1237735665,34
1237749445,47
1237750162,219
1237773425,86
1237781439,19
1237784796,16
1237786440,15
1237789963,18
1237809202,381
1237818034,121
1237819660,27278
1237821145,13
1237826064,240
1237829770,12
1237833791,13
1237835872,60
1237836502,11
1237839280,18
1237841458,56
1237843760,13
1237845954,15
1237849841,15
1237852816,16
1237856742,26
1237856798,21
1237857534,35
1237858339,57
1237862355,40
1237873111,57
1237876885,25
1237879977,14
1237885983,184
1237886021,35
1237887278,14
1237891010,42
1237897310,130
1237898891,47
1237901907,28
1237904058,11
1237906084,17
1237911785,2745
1237924504,18
1237926298,26
1237930635,36
1237955879,15
1237979735,1985
1237988466,13
1237991026,48
1237994338,12
1237999979,28
1238010504,17
1238020455,46
1238042326,17
1238042602,104
1238043239,1625
1238043869,31
1238045437,20
1238047523,1586
1238050175,110
1238063840,18
1238071279,65
1238086960,17
1238091730,48
1238096032,476
1238104138,46
1238108965,27
1238119796,11
1238120057,23045
1238121115,78
1238133044,146
1238139003,31
1238142752,18
1238143049,43
1238152096,76
1238157601,33
1238166279,37
1238179349,17
1238187414,19
1238194024,17
1238194631,26
1238203091,11
1238204186,14
1238210020,18
1238212613,29
1238219632,21
1238246893,17
1238256194,38
1238264514,36
1238268252,14
1238273556,24
1238275599,24
1238285636,60
1238292307,10
1238294428,56
1238294607,120
1238301041,172
1238305550,19
1238314095,30
1238325234,16
1238336148,12
1238338967,11
1238339696,14
1238352328,21
1238353357,47
1238359772,14
1238361124,25
1238363307,47
1238364469,47
1238374516,17
1238379684,17
1238384020,110
1238386254,20
1238388797,15
1238392177,29
1238394528,14
1238398366,19
1238402794,123
1238412760,28
1238416752,406
1238420386,21
1238426179,893
1238426791,418
1238434689,13
1238449822,14
1238453195,39
1238455882,112
1238458554,561
1238460215,43
1238468873,11
1238490261,35
1238496158,189
1238499219,18
1238503477,453
1238505021,31
1238505874,110
1238509745,16
1238514693,13
1238529161,13
1238537858,22
1238540326,21
1238542557,15
1238542948,28
1238547139,81
1238548881,11
1238552380,18
1238559947,53
1238571740,30
1238573176,15
1238576219,26
1238579838,18
1238580104,15
1238586910,11
1238606716,2819
1238608979,302
1238610334,20
1238611197,24
1238611909,25
1238612611,19
1238634317,16
1238645472,363
1238653384,133
1238669068,55
1238676776,12
1238676972,16
1238677791,32
1238684786,14
1238692464,19
1238695224,13
1238707516,12
1238722120,15
1238723751,12
1238727325,31
1238731481,33
1238733254,36
1238739631,19
1238742660,20
1238743123,32
1238755764,170
1238758672,381
1238759267,21
1238765688,16
1238775512,641
1238783354,190
1238787403,11
1238812762,31
1238818691,15
1238830448,102
1238831904,12
1238834247,15
1238836672,11
1238850401,11
1238855847,30
1238866442,84
1238872822,138
1238876865,34
1238889388,18
1238894468,20
1238894762,17
1238896536,110
1238897954,36
1238911466,15
1238914644,24
1238926475,11
1238930668,16
1238948350,18
1238954573,19
1238954795,17
1238956754,428
1238959575,44
1238968097,46
1238986224,18
1238992253,1194
1238993977,19
1238996909,346
1239006019,51
1239011091,43
1239018578,19
1239029437,22
1239032588,14
1239039079,166
1239045423,55
1239056971,6
1239062027,5
1239071762,53
1239077803,19
1239104861,68
1239110217,18
1239112559,12
1239115570,35
1239117786,21
1239117832,20
1239119721,1895
1239126926,16
1239135974,30
1239139048,70
1239140279,352
1239151917,66
1239152939,24
1239159840,2322
1239160406,11
1239173626,17
1239193196,54
1239193572,11
1239197994,41
1239198502,64
1239199313,14
1239200352,32
1239204847,21
1239209837,17
1239210589,223
1239212074,16
1239214607,44
1239216283,45
1239216743,12
1239243690,21
1239249946,12
1239251402,11
1239262895,12
1239264029,269
1239273447,17
1239285070,89
1239297672,129
1239309119,12
1239321485,72
1239341513,19
1239351619,108
1239353812,21
1239357956,78
1239359080,16
1239365819,12
1239366397,26
1239367040,33
1239373733,20
1239374684,13
1239375488,358
1239375999,16
1239382882,99
1239396861,15
1239398976,19
1239402511,13
1239412648,12
1239412733,15
1239414002,15
1239414821,911
1239416779,11
1239427226,24
1239434866,492
1239441299,35
1239447191,53
1239447811,18
1239455254,245
1239464173,46
1239469327,41
1239473321,597
1239474789,55
1239489400,50
1239491397,48
1239518697,84
1239522492,579
1239524798,14
1239528524,21
1239532231,35
1239537127,46
1239537612,11
1239544598,17
1239549872,193
1239550442,64
1239556796,208
1239557619,56
1239563227,62
1239563655,127
1239567925,18
1239574235,14
1239577913,44
1239579728,22
1239580976,15
1239599225,20
1239600245,21
1239611613,27
1239617900,14
1239618973,57
1239619264,33
1239621046,14
1239622029,13
1239622387,581
1239624733,50
1239630237,14
1239644418,20
1239645385,460
1239654352,17
1239660837,16
1239669136,23
1239673198,21
1239676667,127
1239707233,31
1239715093,15
1239716772,13
1239722612,26
1239726217,23
1239728183,56
1239732876,24
1239735146,19
1239735720,17
1239744607,11
1239746319,22
1239749878,11
1239752722,108
1239754392,15
1239757945,37
1239765355,34
1239769034,21
1239774861,209
1239787202,16
1239797781,106
1239797866,15
1239799148,14
1239802726,10
1239806607,31
1239812704,23
1239825801,17
1239826594,20
1239856270,30
1239859061,146
1239864142,697
1239869762,46
1239878087,40
1239878287,208
1239890796,1456
1239894005,39
1239898419,147
1239901771,31
1239906726,24
1239909172,15
1239911524,11
1239918790,2587
1239921355,22
1239923622,68
1239928176,648
1239930788,123
1239940446,102
1239942327,14
1239944495,15
1239949403,21
1239953499,90
1239960519,12
1239961334,25
1239966472,71
1239977707,11
1239979370,42
1239982332,13
1239983358,30
1239995275,18
1239996076,5334
1239999657,17
1240003797,34
1240013465,100
1240014089,17
1240015023,17
1240019066,12
1240020163,20
1240031323,14
1240043567,11
1240045833,29
1240047266,93
1240051005,48
1240052317,32
1240056880,12
1240061827,22
1240062561,139
1240070838,12
1240073512,21
1240080694,36
1240083383,21
1240087779,14
1240092403,18
1240122142,16
1240131152,23
1240132015,18
1240150652,23
1240159825,12
1240163211,100
1240163717,20
1240164093,48
1240167455,21
1240183493,51
1240191065,2236
1240192072,14
1240195275,12
1240202235,18
1240214550,27
1240224353,15
1240247258,14
1240247529,14
1240249001,11
1240258164,16
1240259223,48
1240269979,12
1240272133,53
1240276079,30
1240288571,14
1240299044,12
1240299682,27
1240305839,12
1240308067,123
1240332026,51
1240333679,16
1240340068,77
1240341386,11
1240346607,54
1240346695,190
1240364388,206
1240365600,27
1240374270,40
1240393483,12
1240394691,18
1240417420,11
1240419112,27
1240420839,23
1240421258,605
1240437710,12
1240443039,49
1240444875,33
1240448548,11
1240483776,235
1240492421,48
1240498594,15
1240500457,56
1240502884,78
1240515946,13
1240521980,11
1240522440,18
1240537180,97
1240542828,18
1240545670,11
1240545861,47
1240556206,32
1240556566,30
1240560323,57
1240566648,74
1240567099,19
1240568470,49
1240572887,31
1240579392,15
1240580951,12
1240599492,61
1240601170,86
1240602767,13
1240611559,18
1240644798,19
1240648531,13
1240652283,18
1240653523,87
1240665936,12
1240667381,13
1240671870,19
1240672860,18
1240677825,51
1240682987,13
1240690447,16
1240693623,25
1240698398,329
1240700384,60
1240708362,29
1240713910,52
1240719306,19
1240720849,91
1240724913,22
1240725237,11
1240725952,116
1240730830,89
1240732143,131
1240743325,45
1240747229,17
1240755345,14
1240766312,21
1240768914,11
1240771767,41
1240775510,366
1240786277,26
1240793632,14
1240801215,38
1240808459,18
1240820240,11
1240830830,84
1240832183,18
1240844474,37
1240851965,18
1240854296,59
1240856375,19
1240859912,18
1240865540,15
1240868987,36
1240872088,792
1240872126,36
1240872943,10
1240894264,12
1240896337,17
1240905795,19
1240919474,43
1240938433,15
1240944610,34
1240944626,775
1240946207,15
1240948992,19
1240955193,13
1240959510,38
1240961226,21
1240963793,14
1240977522,10
1240995825,40
1240996286,320
1241000028,227
1241014702,14
1241017476,64
1241019087,23
1241033447,13
1241037350,12
1241040212,16
1241048131,78
1241051113,17
1241054742,52
1241058151,28
1241070039,12
1241074831,20
1241076174,229
1241088351,14
1241094896,14
1241096931,24
1241105467,21
1241106368,25
1241110664,12
1241114653,17
1241132689,37
1241134258,76
1241141239,67
1241146344,56
1241146497,31
1241149979,42
1241152875,984
1241153103,35
1241159711,19
1241163802,13
1241169266,15
1241170129,11
1241172117,14
1241179152,30
1241185532,86
1241208413,34
1241209202,123
1241212925,17
1241215332,26
1241218480,28
1241223523,76
1241234879,288
1241246291,12
1241257629,6926
1241258726,208
1241271550,59
1241273478,527
1241275896,53
1241277287,39
1241277589,85
1241279320,15
1241281880,13
1241283238,23
1241295791,27
1241298903,48
1241300226,13
1241309851,14
1241319334,16
1241329902,37
1241335289,21
1241335398,13
1241336268,36
1241338288,42
1241345946,18
1241348820,39
1241350460,15
1241353600,16
1241358748,13
1241360951,38
1241362619,2773
1241367216,12
1241368039,22
1241383026,12
1241389997,17
1241397530,15
1241407718,20
1241411485,29
1241412718,91
1241414489,16
1241415025,48
1241420026,22
1241425259,1885
1241430916,147
1241450690,20
1241453878,24
1241459204,11
1241459358,15
1241469718,16
1241476818,16
1241477012,13
1241487212,17
1241488294,14
1241489968,32
1241494140,31
1241500194,81
1241503505,12
1241511155,169
1241515224,349
1241519294,30
1241526989,21
1241535855,11
1241537755,516
1241538479,226
1241539231,100
1241540822,13
1241541907,76
1241552156,39
1241553266,14
1241586348,15
1241587887,47
1241588340,34
1241611273,17
1241612240,69
1241612644,58
1241613478,179
1241621727,85
1241631637,13
1241633491,18
1241640889,13
1241641410,20
1241644778,16
1241647818,86
1241648746,37
1241650947,29
1241653775,20
1241653839,151
1241657568,23
1241657981,11
1241661785,19
1241665017,16
1241665534,29
1241679569,38
1241704120,19
1241705990,69
1241706792,141
1241709623,150
1241723280,17
1241738234,98
1241742205,33
1241743752,244
1241747058,39
1241749352,36
1241750341,60
1241752946,39
1241761359,37
1241767972,25
1241775611,76
1241778703,52
1241803876,138
1241816625,63
1241825365,31
1241825396,303
1241828177,13
1241837533,31
1241845242,117
1241863775,29
1241878578,14
1241879839,13
1241886270,19
1241889596,16
1241889601,88
1241891788,25
1241894863,35
1241896683,13
1241912674,12
1241916676,39
1241954827,32
1241955479,29
1241958508,41
1241959906,331
1241960226,21091
1241963187,59
1241965602,18
1241974928,13
1241975714,17
1241976480,20
1241977003,32
1241977188,22
1241979160,84
1241979723,15
1241987162,965
1241990307,70
1241990700,1871
1241994412,39
1242010545,15
1242013932,5
1242017470,4
1242027459,118
1242030289,29
1242030344,31
1242034359,58
1242041584,62
1242043952,17
1242047436,83
1242060029,129
1242065628,14
1242070147,17
1242072896,24
1242077970,40
1242077982,85
1242094165,180
1242098463,27
1242099375,15
1242100472,50
1242107382,2014
1242108349,182
1242121583,17
1242128023,32
1242143475,16
1242169673,49
1242170957,18
1242175465,14
1242179708,17
1242180484,122
1242192661,18
1242196870,15
1242203650,193
1242206624,66
1242211335,28
1242230402,29
1242238680,0
1242243389,19
1242243557,11
1242244665,15
1242245415,22
1242249898,31
1242252209,42
1242268113,57
1242272716,66
1242283903,18
1242284800,19
1242288930,18
1242293609,65
1242306767,328
1242316635,1574
1242320277,14
1242321286,50
1242326448,21
1242339840,44
1242350957,38
1242354790,1780
1242356298,48
1242384007,12
1242392922,269
1242402978,203
1242415623,233
1242427355,12
1242428415,70
1242432807,11
1242441763,25
1242442927,43
1242442956,18
1242450764,45
1242451241,15
1242472887,21
1242497817,31
1242503983,12
1242517249,60
1242520249,25
1242522317,12
1242534846,12
1242536991,17
1242538725,12
1242552865,21
1242559266,15
1242562576,15
1242564361,11
1242565101,13
1242568050,55
1242571544,37
1242572220,12
1242576422,12
1242579794,76
1242581027,42
1242582611,41
1242582771,20
1242587191,11
1242591913,19
1242595081,11
1242623011,14
1242627057,42
1242637912,20
1242643262,11
1242649859,15
1242665944,31
1242670883,14
1242672160,168
1242679355,1466
1242692799,21
1242697027,145
1242705930,19
1242712290,85
1242719319,1170
1242731930,11
1242750846,14
1242760522,24
1242766913,75
1242787253,323
1242790955,29
1242805637,28
1242808266,11
1242815807,18
1242836028,18
1242847410,85
1242849406,66
1242854746,42
1242858742,42
1242867671,839
1242881254,18
1242885972,15
1242896502,262
1242899551,161
1242899915,50
1242903900,21
1242911893,24
1242916194,13
1242917283,12
1242924666,112
1242933539,20
1242956191,16
1242967652,5407
1242971079,12
1242974687,32
1242994017,134
1242995930,24
1243001514,20
1243006338,209
1243011353,1885
1243017690,409
1243019455,16
1243020749,130
1243027110,80
1243027635,67
1243027695,18
1243029025,17
1243033047,113
1243037216,12
1243043047,18
1243057319,28
1243060739,17
1243065333,12
1243068376,23
1243068991,28
1243071828,25
1243072224,84
1243086146,12
1243090173,17
1243095143,13
1243099463,14
1243100020,117
1243106323,246
1243107271,34
1243109314,15
1243110119,15
1243111477,13
1243130327,11
1243136561,53
1243146433,227
1243160351,403
1243160855,40
1243164484,70
1243166788,15
1243166945,219
1243176585,347
1243179697,84
1243183766,22
1243199454,30
1243200853,98
1243202918,15
1243210367,68
1243217842,31
1243238668,86
1243240174,13
1243242946,60
1243244774,52
1243247507,133
1243249411,18
1243256378,57
1243266259,10
1243270101,15
1243276849,18
1243277861,142
1243279769,80
1243282472,11
1243285960,18
1243288395,11
1243296441,176
1243301217,15
1243308022,17
1243316506,14
1243317327,170
1243318039,18
1243319764,11
1243320653,14
1243335820,87
1243337208,11
1243337973,11
1243338375,17
1243339945,14
1243343514,38
1243348295,40
1243353499,12
1243353641,93
1243354073,92
1243355836,16
1243364905,216
1243365944,351
1243369427,13
1243370296,23
1243370935,39
1243373853,141
1243380368,13
1243384906,19
1243386295,11
1243386953,39
1243393451,55
1243394372,18
1243397963,646
1243401750,68
1243403565,20
1243403791,35
1243407684,17
1243414163,14
1243414364,13
1243432393,11
1243435460,32
1243436931,15
1243440891,23
1243456460,25
1243462118,21
1243465661,19
1243470443,11
1243474783,19
1243475954,14
1243480043,25
1243486736,45
1243490323,84
1243499752,103
1243510961,13
1243520031,175
1243523634,21
1243524942,12
1243529611,11
1243536512,120
1243546453,11
1243567693,14
1243589705,31
1243592929,14
1243594497,12
1243601229,36
1243601998,21
1243607387,16
1243611246,11
1243614106,18
1243618131,633
1243619611,52
1243631224,31
1243632421,13
1243632643,14
1243643571,15
1243645314,110
1243646445,14
1243647266,66
1243649535,11
1243660478,15
1243674199,74
1243680833,25
1243704133,21
1243710888,25
1243720201,11
1243732556,655
1243739072,437
1243754671,21
1243754968,85
1243761147,15
1243762255,53
1243765551,14
1243765775,61
1243773718,16
1243780058,37
1243795091,35
1243799385,31
1243802511,18
1243808884,56
1243841282,74
1243842380,15
1243843387,140
1243859110,18
1243859417,27
1243860196,37
1243861636,20
1243868004,17
1243878128,47
1243889840,2105
1243904405,62
1243908724,20
1243925666,12
1243928497,44
1243928867,26
1243929420,17
1243945729,13
1243947630,158
1243951513,25
1243954362,71
1243959521,11
1243961683,32
1243962929,71
1243963093,200
1243975263,15
1243975449,37
1243978384,73
1243979429,61
1243998884,16
1244000773,15
1244001574,27
1244028703,30
1244036548,11
1244037728,13
1244040752,101
1244045010,29
1244047930,24
1244050587,178
1244051960,32
1244056427,19
1244064544,11
1244071529,3201
1244073371,34
1244074262,45
1244074490,21
1244074619,14
1244076766,12
1244108994,652
1244116421,22
1244130987,26
1244136912,12
1244140869,28
1244142296,52
1244151525,16
1244155308,38
1244155727,64
1244157761,32
1244162403,1112
1244168174,38
1244174738,15
1244176206,11
1244178999,17
1244184293,13
1244185155,416
1244194276,32
1244194507,24
1244197679,33
1244200187,11
1244213970,37
1244216551,48
1244217665,21
1244226944,24
1244231089,13
1244232710,53
1244238140,22
1244238936,33
1244255120,17
1244255768,11
1244263982,11
1244264446,62
1244264505,84
1244277268,17
1244278623,13
1244290601,111
1244295316,20
1244296820,842
1244307392,43
1244307848,20
1244322645,50
1244323702,262
1244325213,15
1244328171,25
1244341252,11
1244344645,14
1244346431,23
1244361533,16
1244364968,18
1244370426,16
1244375757,48
1244375832,75
1244377054,29
1244385712,20
1244386148,14
1244391930,13
1244391958,115
1244425600,17
1244431440,318
1244443711,14
1244459047,24
1244462189,106
1244468619,271
1244473756,36
1244476160,35
1244476739,13
1244482736,11
1244488619,18
1244490397,85
1244491708,51
1244493472,1486
1244500483,149
1244530113,18
1244534097,17
1244539716,54
1244540718,14
1244541606,21
1244548537,11
1244557522,180
1244564263,173
1244565986,256
1244570126,35
1244582483,86
1244593267,38
1244595001,16
1244596735,20
1244598092,21
1244599833,25
1244611777,25
1244615729,26
1244621946,66
1244626627,59
1244638297,11
1244644510,12
1244645507,79
1244647147,13
1244660131,13
1244664340,66
1244666899,12
1244667663,59
1244673218,85
1244675532,17
1244679831,12
1244688614,30
1244691031,11
1244693229,15
1244693986,26
1244713152,17
1244716271,41
1244742159,14
1244747615,112
1244747754,13
1244750915,70
1244755919,15
1244762126,33
1244770399,19
1244774008,161
1244780636,32
1244782513,126
1244784820,115
1244799378,7
1244801083,16
1244801631,48
1244804202,25
1244813010,19
1244814127,196
1244828190,32
1244838109,81
1244838820,13
1244848150,52
1244858848,27
1244859148,357
1244862129,13
1244872344,73
1244886395,15
1244896384,16
1244916257,14
1244926035,100
1244934024,32
1244939861,17
1244948549,61
1244954648,13
1244959261,588
1244959516,12
1244959985,18
1244960155,98
1244989350,205
1245004908,35
1245010764,89
1245029777,31
1245035344,18
1245035377,22
1245041174,42
1245043545,59
1245045417,12
1245048633,22
1245051336,18
1245059090,12
1245060355,21
1245061401,30
1245064524,15
1245064892,390
1245076219,69
1245097257,28
1245100586,29
1245101224,134
1245104473,103
1245106598,329
1245108765,18
1245113203,15
1245132749,121
1245188885,13
1245192508,13
1245195081,27
1245220559,16
1245220578,13
1245221146,22
1245222189,13
1245223443,16
1245224749,16
1245225769,30
1245227535,113
1245234058,85
1245241908,138
1245243244,17
1245243860,42
1245256564,1578
1245258929,14
1245259290,13
1245267327,114
1245268506,775
1245272377,105
1245274067,28
1245278599,19
1245279396,20
1245282108,144
1245290072,57
1245292227,24
1245294728,19
1245296273,96
1245308002,64
1245310595,19
1245318030,38
1245319446,647
1245322596,20
1245325857,72
1245327065,110
1245329241,851
1245331393,13
1245333424,450
1245333938,278
1245344317,55
1245347848,53
1245350611,25
1245355875,24
1245356181,28
1245356640,106
1245356661,74
1245359581,36
1245362186,13
1245364257,13
1245365519,40
1245368109,38
1245369970,24
1245371971,18
1245380838,12
1245391661,31
1245396820,14
1245405409,22
1245412168,118
1245419404,14
1245425969,17
1245427200,21
1245427909,62
1245429611,98
1245439294,17
1245439775,13
1245440202,22
1245444273,58
1245451069,13
1245452305,2612
1245458564,157
1245458706,99
1245461700,138
1245465729,3585
1245470955,191
1245476031,1321
1245491192,24
1245509597,14
1245510473,28
1245510932,89
1245511686,13
1245518138,41
1245524843,11
1245539123,97
1245540410,159
1245545312,29
1245546693,44
1245549227,152
1245556773,20
1245558372,217
1245561762,895
1245563309,127
1245585947,12
1245591132,168
1245593541,14
1245595783,14
1245617878,37
1245621552,169
1245623286,21
1245633673,13
1245635988,11
1245644492,80
1245647600,18
1245653552,12
1245664409,12
1245681818,85
1245692484,19
1245695183,122
1245699721,6151
1245699982,22
1245720361,11
1245720902,79
1245723733,12
1245725287,16
1245730899,31
1245733063,724
1245738786,42
1245740241,19
1245743299,12
1245746212,13
1245748325,13
1245760328,149
1245771671,28
1245772322,12
1245775155,12
1245790592,91
1245797515,140
1245813675,14
1245816682,12
1245820850,57
1245834824,19
1245838621,87
1245849114,33
1245862251,64
1245865164,14
1245871125,17
1245872885,63
1245881246,12
1245893489,21
1245894065,15
1245901041,552
1245903975,19
1245921621,429
1245923485,18
1245925715,19
1245927552,33
1245944434,13
1245952606,2099
1245955470,14
1245957017,40
1245959143,103
1245970168,18
1245970899,60
1245998874,16
1246000378,35
1246031278,56
1246047187,14
1246072199,47
1246073739,24
1246090648,11
1246093394,21
1246096751,14
1246104866,12
1246113734,15
1246132462,18
1246148135,3986
1246196526,50
1246198169,173
1246201104,19
1246205050,16
1246211773,663
1246220668,23
1246224744,22
1246227084,109
1246228717,41
1246229181,20
1246236720,102
1246237538,33
1246238195,38
1246243218,112
1246244431,38
1246249472,12
1246250743,23
1246251770,61
1246265860,107
1246270079,21
1246273057,279
1246273154,27
1246274264,29
1246276297,202
1246276785,147
1246279685,27
1246280246,15
1246292527,15
1246292540,38
1246304557,17
1246315244,80
1246322535,12
1246326252,28
1246326761,277
1246330857,148
1246332472,32
1246336325,17
1246337897,12
1246346594,696
1246360316,14
1246389313,13
1246399437,3947
1246402525,139
1246410678,33
1246435403,21
1246440630,1063
1246441409,27
1246442875,76
1246446448,16
1246451746,37
1246459259,6997
1246471409,14
1246482134,23
1246482207,62
1246483895,195
1246500556,96
1246504454,13
1246510003,12
1246513769,24
1246515824,122
1246515971,14
1246519476,12
1246521575,151
1246529893,14
1246532319,203
1246533311,11
1246534911,1574
1246536953,13
1246538174,48
1246539049,16
1246542567,85
1246549494,21
1246561851,18
1246567508,21
1246570817,39
1246574857,18
1246574873,156
1246577741,25
1246582123,47
1246590578,12
1246596727,14
1246596878,22
1246600517,1102
1246600961,44
1246600993,28
1246602771,29
1246622880,16
1246625636,8573
1246629463,28
1246631932,31
1246638907,46
1246642453,39
1246644567,13
1246646082,17
1246662457,11
1246664009,20
1246681024,16
1246687346,12
1246690056,53
1246695181,19
1246709259,35
1246710934,12
1246711970,160
1246712495,10
1246715834,16
1246717058,14
1246719459,41
1246721062,506
1246722622,1060
1246742103,17
1246745196,28
1246745654,13
1246749616,228
1246751432,16
1246751434,120
1246759937,44
1246767321,19
1246771179,17
1246779788,80
1246782280,54
1246786755,81
1246790422,66
1246795720,165
1246797254,20
1246802646,29
1246803083,58
1246804487,14
1246812750,61
1246814545,10
1246814836,18
1246817571,18
1246821609,25
1246837463,12
1246843657,26
1246849817,24
1246854395,20
1246857494,30
1246866879,20
1246880217,12
1246887188,42
1246895855,43
1246904632,127
1246905604,97
1246911708,67
1246914307,18
1246924426,15
1246924457,11
1246959565,41
1246959727,46
1246967830,13
1246980923,43
1246989049,29
1246992941,23
1246994155,45
1247000985,20
1247014730,102
1247024515,17
1247024804,127
1247033084,102
1247044553,16
1247045448,77
1247051636,21
1247052265,53
1247062549,41
1247077303,27
1247077505,26
1247078110,45
1247086450,16
1247093576,21
1247095976,337
1247100158,23
1247106374,10
1247115218,92
1247115666,70
1247117944,31
1247122194,19
1247124796,15
1247134453,44
1247141754,11
1247142210,29
1247149707,132
1247161384,27
1247171934,16
1247181447,45
1247188228,41
1247190710,79
1247191183,15
1247195606,32
1247195686,17
1247212350,26
1247217251,83
1247225040,14
1247231088,67
1247236424,584
1247242073,294
1247256403,9
1247256864,351
1247257056,70
1247257077,19
1247257153,11
1247265455,26
1247276507,11
1247281221,37
1247282947,13
1247286539,27
1247288896,210
1247289840,28
1247290145,28
1247291997,22
1247292043,56
1247294715,259
1247295822,13
1247301782,43
1247302502,88
1247303587,12
1247310533,35
1247314588,130
1247316645,35
1247317288,53
1247321833,395
1247351481,18
1247356796,23
1247365040,80
1247371684,68
1247376153,20
1247376695,153
1247380137,35
1247384825,28
1247388276,47
1247401217,50
1247414152,146
1247418292,47
1247419504,21
1247421999,16
1247424466,13
1247425144,11
1247433544,83
1247436411,76
1247458577,16
1247458623,23
1247459187,36
1247461066,25
1247469826,181
1247473093,13
1247477036,20
1247482929,67
1247489291,51
1247492866,14
1247495357,20
1247508851,14
1247509569,24
1247515668,23
1247529759,18
1247539290,12
1247546991,232
1247561558,13
1247570734,17
1247581321,72
1247581975,37
1247591069,23
1247591822,24
1247594975,11
1247599728,30
1247600704,14
1247602219,27
1247603334,43
1247604974,11
1247605879,37
1247605980,53
1247609335,42
1247612350,217
1247622731,152
1247623206,26
1247625334,11
1247628069,14
1247630704,53
1247641253,17
1247649837,20
1247663174,12
1247666824,26
1247670071,28
1247671245,112
1247672857,31
1247682155,20
1247682989,23
1247694581,12
1247699938,12
1247702973,115
1247709872,28
1247712689,40
1247712904,23
1247720302,53
1247743070,11
1247743352,145
1247745092,17
1247746103,17
1247746872,14
1247748424,43
1247756899,22
1247777740,19
1247782277,24
1247782800,27
1247786593,275
1247798896,13
1247799878,21
1247808514,177
1247813845,14
1247826283,11
1247833825,75
1247838123,95
1247842541,22
1247845398,19
1247866311,15
1247890345,14
1247897962,11
1247916961,326
1247926868,21
1247938040,149
1247939001,61
1247940076,16
1247944288,420
1247953558,128
1247955571,15
1247959177,16
1247960650,75
1247966640,76
1247969231,35
1247972630,34
1247980837,19
1247981517,116
1247984150,13
1248011103,1809
1248031872,81
1248032650,23
1248034647,127
1248040531,11
1248040866,19
1248041623,54
1248045931,18
1248050597,17
1248051050,14
1248054102,66
1248055238,345
1248058147,35
1248064498,11
1248066032,14
1248067744,11
1248072541,23
1248078952,79
1248082572,12
1248087013,58
1248090936,11
1248096254,43
1248105780,56
1248111614,24
1248111899,19
1248123371,90
1248124718,21
1248128332,12
1248129522,13
1248141334,142
1248143320,16
1248150453,25
1248150739,19
1248151636,12
1248154861,24
1248155542,20
1248160730,18
1248163123,11
1248164821,22
1248165430,19
1248175705,99
1248181720,29
1248182767,21
1248183848,41
1248186446,105
1248199024,35
1248199796,12
1248204690,411
1248211654,18
1248213776,67
1248216427,524
1248219709,54
1248221644,41
1248231202,13
1248243804,25
1248248786,24
1248253333,19
1248255775,21
1248257257,109
1248257430,75
1248264334,27
1248267320,428
1248269184,12
1248275548,12
1248292552,11
1248296770,19
1248302385,24
1248302524,32
1248303277,51
1248305485,86
1248309376,14
1248310439,91
1248315096,352
1248323006,189
1248332641,13
1248333420,33
1248334419,29
1248336086,49
1248340154,20
1248344067,18
1248346724,138
1248348085,15
1248348624,17
1248352148,32
1248353257,12
1248354167,29
1248357950,15
1248358923,401
1248359368,26
1248368290,20
1248369746,21
1248373426,60
1248374766,118
1248378025,113
1248384170,35
1248385157,35
1248395430,35
1248396295,25
1248401048,50
1248401658,30
1248403597,61
1248412629,33
1248413615,13
1248414214,28
1248417002,11
1248435337,12
1248438483,30
1248441930,23
1248442200,55
1248442484,18
1248453360,32
1248453777,35
1248461566,16
1248469137,26
1248474674,54
1248482197,273
1248482770,13
1248483021,28
1248489557,67
1248493288,64
1248502601,11
1248509220,14
1248510758,21
1248512702,19
1248516993,143
1248517174,20
1248517528,44
1248528424,39
1248534579,33
1248538120,19
1248559884,11
1248573158,15
1248575408,18
1248579736,63
1248581414,12
1248586873,51
1248587890,12
1248591409,20
1248591897,55
1248597849,20
1248615838,35
1248618409,314
1248620768,208
1248620921,24
1248625781,19
1248628771,24
1248636112,195
1248647057,15
1248656866,15
1248657228,21
1248659915,176
1248670681,50
1248670774,20
1248679982,38
1248685391,654
1248715157,18
1248719717,26
1248726560,28
1248727836,20
1248731923,37
1248735165,11
1248735456,32
1248735737,47
1248742343,479
1248745413,180
1248747220,657
1248749020,16
1248758524,158
1248761307,901
1248761484,15
1248763048,242
1248766276,93
1248769876,11
1248772322,11
1248772557,11
1248774202,338
1248782150,37
1248789121,253
1248793375,14
1248794761,26
1248795924,170
1248796295,22
1248803716,31
1248827715,18
1248827837,18
1248836706,17
1248861358,52
1248871857,14
1248872128,40
1248873301,59
1248874742,68
1248874749,71
1248880965,15
1248882195,17
1248882718,57
1248883464,28
1248889884,107
1248896213,16
1248897354,23
1248897838,51
1248898453,11
1248898722,20
1248898972,33
1248908185,12
1248915354,23
1248917960,24
1248924479,491
1248925933,18
1248926022,67
1248930600,27
1248931805,26
1248932206,12
1248933347,61
1248941614,36
1248943562,26
1248949848,12
1248950091,25
1248951081,24
1248951507,21
1248952892,12
1248955957,3289
1248958654,55
1248962830,16
1248981027,122
1248981662,85
1248983894,11
1248984067,45
1248986738,15
1248994114,26
1249006271,31
1249013020,21
1249014031,55
1249015197,31
1249015425,14
1249023319,13
1249024111,58
1249027272,11
1249040497,53
1249047809,88
1249051947,14
1249052052,11
1249052875,13
1249062173,14
1249068419,14
1249070629,98
1249094239,121
1249095115,119
1249111989,40
1249123734,118
1249131332,20
1249136784,30
1249157414,13
1249158906,17
1249162928,471
1249175775,15
1249178065,20
1249180847,159
1249181353,26
1249182330,23
1249187944,95
1249189589,82
1249202199,20
1249203338,320
1249207787,14
1249209643,267
1249213103,32
1249224062,120
1249225398,25
1249239992,14
1249245754,439
1249258514,288
1249261520,1838
1249271148,27
1249276248,15
1249284066,17
1249287005,36
1249290620,37
1249293657,24
1249296723,12
1249300381,97
1249303001,12
1249305626,15
1249305805,12
1249315245,28
1249317289,32
1249325080,35
1249332416,45
1249337353,14
1249344928,19
1249345325,26
1249346259,14
1249357615,35
1249360394,9
1249363406,33
1249369480,69
1249380837,22
1249382417,12
1249386263,32
1249386299,30
1249406215,13
1249408490,30
1249409445,40
1249410188,17
1249421739,31
1249422921,59
1249430762,11
1249432822,10
1249454751,12
1249458219,23
1249462231,83
1249462611,109
1249466568,13
1249467039,28
1249488202,49
1249509510,11
1249519439,22
1249521361,16
1249530651,23
1249530755,35
1249534702,85
1249535239,83
1249548355,34
1249549064,12
1249550191,415
1249550690,71
1249557108,14
1249572987,16
1249573380,14
1249578225,16
1249582990,56
1249619405,23
1249628271,13
1249634577,83
1249655286,22
1249658123,70
1249659243,53
1249662979,19
1249663397,13
1249669193,18
1249681283,16
1249695433,14
1249708194,45
1249709179,85
1249723308,59
1249730633,55
1249731486,44
1249738003,129
1249740810,34
1249756800,18
1249766977,19
1249774057,378
1249779388,17
1249784811,19
1249785717,25
1249792018,31
1249808300,25
1249808474,17
1249808814,112
1249809218,12
1249813229,78
1249814139,106
1249826669,16
1249826776,13
1249847701,77
1249847920,131
1249849319,61
1249853652,31
1249855865,210
1249866465,2405
1249868091,20
1249880434,15
1249881776,16
1249883059,11
1249887741,41
1249888354,160
1249892130,12
1249893354,20
1249895223,41
1249903076,13
1249907578,57
1249908102,13
1249913179,131
1249913251,37
1249915620,13
1249922033,825
1249923101,18
1249942687,38
1249944634,19
1249951168,28
1249964612,14
1249978957,18
1249980876,93
1249982319,21
1249983772,190
1249990320,908
1250009810,23
1250016256,13
1250020003,14
1250040582,262
1250045863,15
1250050869,127
1250051977,11
1250057030,12
1250060426,27
1250065590,39
1250068182,54
1250070490,46
1250072702,12
1250081513,27
1250083495,33
1250085833,15
1250093949,12
1250109958,17
1250113821,29
1250122277,32
1250123107,17
1250126240,97
1250129192,21
1250134799,15
1250142065,17
1250146825,12
1250157861,13
1250164325,12
1250182657,22
1250204816,25
1250216343,14
1250224428,22
1250229427,25
1250233265,21
1250237069,13
1250243010,31
1250244785,19
1250245397,20
1250255823,47
1250257487,44
1250258692,320
1250259248,50
1250265557,18
1250280866,158
1250289468,24
1250293035,12
1250295793,51
1250296394,12
1250296864,329
1250301953,77
1250301976,68
1250308031,11
1250314473,18
1250315476,23
1250320740,14
1250326588,11
1250328232,83
1250332636,91
1250335928,13
1250336324,13
1250337793,16
1250346244,19
1250354179,17
1250360389,61
1250361878,12
1250367999,20
1250377526,11
1250391425,12
1250394838,137
1250404733,32
1250413436,15
1250414618,23
1250417836,16
1250420602,37
1250439637,58
1250445362,11
1250446965,20
1250459937,88
1250468542,16
1250486012,15
1250493755,135
1250500177,27
1250504922,22
1250505481,20
1250508847,73
1250510717,12
1250512479,19
1250528328,22
1250529441,11
1250540901,26
1250541123,15
1250553890,15
1250556989,12
1250561399,14
1250568649,47
1250569639,156
1250575980,1092
1250595753,20
1250626860,106
1250634182,63
1250651738,131
1250651755,105
1250658155,19
1250663311,19
1250666404,14
1250673270,44
1250677506,57
1250678702,55
1250680727,62
1250681945,27
1250689756,11
1250696677,40
1250696765,15
1250706260,45
1250709578,26
1250713849,15
1250716184,12
1250741226,37
1250756907,11
1250763371,124
1250763414,177
1250771627,18
1250806008,95
1250812354,106
1250815023,19
1250818845,1996
1250822765,4441
1250824950,110
1250830715,59
1250834429,123
1250835189,102
1250836794,50
1250837740,52
1250837806,14
1250842815,25
1250860168,809
1250863480,12
1250868690,55
1250876768,14
1250878990,22
1250889003,20
1250895580,61
1250907050,17
1250911372,569
1250918358,56
1250918529,36
1250931415,27
1250937916,11
1250950417,17
1250958854,15
1250977830,27
1250978302,140
1250978888,27
1250981471,25
1250989577,59
1250997037,14
1250998045,29
1251005638,46
1251007586,82
1251009262,15
1251011584,15
1251011879,26
1251012724,37
1251014582,20
1251020438,11
1251020516,11
1251020986,38
1251023065,17
1251023178,14
1251024234,12
1251025862,12
1251026554,13
1251032065,55
1251045093,53
1251057798,1458
1251066255,91
1251067168,19
1251068284,33
1251069607,28
1251072363,20
1251077755,55
1251078984,15
1251085918,14
1251086916,1503
1251097472,28
1251097626,51
1251103176,16
1251118569,28
1251118601,33
1251122133,325
1251123266,110
1251124565,34
1251126765,14
1251127841,101
1251130670,54
1251139326,17
1251139884,40
1251140252,22
1251145978,13
1251150120,39
1251156448,29
1251159224,13
1251160046,33
1251169801,79
1251180462,40
1251182451,18
1251186402,2967
1251187002,11
1251194539,11
1251196102,13
1251213060,41
1251216667,1019
1251226689,47
1251240181,12
1251240323,23
1251241656,487
1251246810,215
1251249025,13
1251254800,20
1251258620,16
1251260343,18
1251263546,6524
1251265302,21
1251266007,14
1251273528,20
1251278834,18
1251280424,127
1251282803,17
1251283920,13
1251285811,31
1251301903,1078
1251303564,19
1251308481,15
1251313363,12
1251313933,38
1251314041,83
1251314288,30
1251323039,12
1251343430,21
1251352160,33
1251359454,19
1251360469,151
1251368164,87
1251377810,40
1251382271,325
1251382609,25
1251385826,18
1251387822,14
1251398714,26
1251401451,20
1251409505,11
1251420451,19
1251421003,23
1251433180,13
1251445838,147
1251447656,15
1251450386,449
1251456931,17
1251460378,2089
1251460904,18
1251465520,23
1251466224,13
1251467172,28
1251482232,69
1251491910,40
1251497181,12
1251498553,21
1251498620,77
1251504299,19
1251505949,32
1251508685,50
1251523074,46
1251532445,22
1251542434,14
1251547021,14
1251547207,19
1251552989,29
1251558498,23
1251570670,70
1251580441,22
1251583175,87
1251599962,19
1251604333,652
1251624865,32
1251626339,40
1251648836,216
1251663029,19
1251670765,15
1251689896,13
1251699671,14
1251700076,18
1251721871,19
1251723283,38
1251724698,22
1251731366,50
1251731376,12
1251734577,300
1251734584,40
1251739081,21
1251740335,27
1251756708,17
1251759892,34
1251760410,11
1251772458,71
1251775321,21
1251775733,10018
1251778861,22
1251792143,17
1251802067,172
1251802724,13
1251803584,14
1251813045,84
1251827172,13
1251829083,15
1251829476,13
1251845453,11
1251848854,36
1251849393,40
1251849873,41
1251875798,312
1251875808,19
1251884605,87
1251885652,50
1251890389,15
1251897393,1081
1251899628,15
1251903045,42
1251908803,113
1251910639,21
1251914525,67
1251915392,16
1251922807,241
1251925434,23
1251927617,29
1251929985,103
1251930408,13
1251934611,68
1251942561,48
1251952412,69
1251952732,17
1251953699,15
1251959042,11
1251971351,20
1251972814,204
1251976028,130
1251980172,70
1252004011,48
1252004709,18
1252008320,54
1252018507,44
1252021413,16
1252023224,26
1252031757,20
1252036272,21
1252038744,18
1252041604,34
1252061412,60
1252069793,13
1252078364,60
1252079931,12
1252091728,16
1252093552,73
1252094313,160
1252102710,39
1252117557,387
1252124728,89
1252126809,11
1252127170,62
1252128435,95
1252128712,16
1252129353,18
1252130548,46
1252134250,41
1252136178,14
1252140935,11
1252147339,301
1252153392,42
1252154132,53
1252159801,57
1252163022,21
1252166840,156
1252169477,22
1252174335,217
1252175636,14
1252190566,14
1252192009,52
1252193482,63
1252196939,19
1252197860,21
1252198341,959
1252200141,26
1252203843,19
1252211432,14
1252217827,95
1252218467,30
1252218508,44
1252237951,38
1252244572,58
1252248426,34
1252252549,182
1252254864,13
1252255944,16
1252258448,817
1252263438,13
1252270191,29
1252273912,39
1252276246,73
1252294823,869
1252298988,14
1252302865,42
1252306996,134
1252311044,67
1252323344,28
1252329745,21
1252335022,12
1252338417,386
1252344029,11
1252346445,14
1252347222,47
1252349871,18
1252351219,32
1252352256,263
1252353845,20
1252355400,14
1252356934,398
1252369220,23
1252388266,15
1252390722,17
1252416155,133
1252416972,33
1252426483,18
1252427005,121
1252427337,33
1252430502,17
1252432466,1613
1252440552,12
1252450076,94
1252453520,48
1252460350,129
1252480275,15
1252489123,37
1252489441,15
1252504178,48
1252504826,11
1252509592,25
1252514339,14
1252529804,154
1252531427,21
1252551939,29
1252565065,107
1252591763,40
1252604518,62
1252614765,24
1252618883,32
1252640395,62
1252660578,15
1252663001,43
1252665712,251
1252674082,11
1252678407,12
1252683525,129
1252706328,11
1252708837,46
1252709482,95
1252720351,14
1252742425,17
1252753056,98
1252762674,13
1252767968,63
1252769293,14
1252769537,54
1252770030,114
1252773170,150
1252781693,86
1252783246,22
1252786173,16
1252794477,18
1252795971,16
1252796495,32
1252800918,478
1252806653,44
1252807060,15
1252812411,13
1252814323,297
1252818966,23
1252834518,347
1252837596,43
1252849584,372
1252855223,14
1252855897,40
1252864153,11
1252865556,229
1252872258,16
1252873338,12
1252906447,242
1252912673,26
1252914174,1251
1252928482,20
1252928995,153
1252936604,24
1252944075,114
1252945188,16
1252947649,12
1252952191,13
1252952405,14
1252953230,19
1252954588,55
1252959382,13
1252977352,15
1252984906,15
1253003051,18
1253009493,19
1253018855,19
1253018922,39
1253028636,89
1253029370,18
1253030135,37
1253030239,19
1253035764,14
1253043798,53
1253048130,303
1253051799,11
1253053983,32
1253058314,13
1253060190,11
1253073679,171
1253076510,22
1253087813,68
1253093667,19
1253094078,23
1253095831,13
1253096577,14
1253105062,17
1253106462,19
1253109536,15
1253136404,111
1253138201,9654
1253140411,13
1253142931,57
1253154385,13
1253159229,12
1253161184,24
1253161550,56
1253172163,100
1253173624,14
1253176060,12
1253177447,11
1253180911,31
1253183580,12
1253187784,465
1253188133,52
1253188625,25
1253189731,62
1253190467,426
1253192251,15
1253193912,38
1253196108,53
1253198907,43
1253202484,11
1253209585,20
1253215229,21
1253226365,15
1253229117,76
1253229410,53
1253236308,835
1253246843,106
1253255514,18
1253258627,16
1253263152,11
1253263363,16
1253264520,15
1253274530,71
1253276414,11
1253277329,48
1253282479,12
1253289046,22
1253291046,18
1253298475,39
1253298895,293
1253310633,23
1253315866,32
1253321907,13
1253325096,46
1253333823,19
1253338425,48
1253345584,14
1253355518,11
1253355909,22
1253360155,12
1253367871,36
1253380025,31
1253383646,30
1253395625,21
1253396714,64
1253399623,16
1253402092,46
1253404011,11
1253408150,16
1253408695,15
1253416463,142
1253425173,116
1253434460,28
1253437477,17
1253447693,13
1253468349,25
1253469197,277
1253472297,19
1253475617,82
1253485086,11
1253502725,15
1253504490,48
1253525979,521
1253530425,14
1253537209,11
1253541782,33
1253557571,17
1253570680,20
1253581456,39
1253582840,20
1253588145,29
1253595420,20
1253615096,19
1253623979,16
1253656413,106
1253671303,66
1253675841,28
1253679657,41
1253681844,15
1253689538,23
1253690069,12
1253701314,61
1253701802,35
1253702844,361
1253707218,30
1253720103,17
1253729367,33
1253736519,31
1253742875,33
1253751761,30
1253754548,14
1253767152,98
1253777615,20
1253810861,97
1253811539,25
1253818087,437
1253828973,14
1253838600,46
1253848583,25
1253848998,43
1253854641,131
1253861590,36
1253884201,28
1253885183,12
1253890132,28
1253895982,20
1253897951,100
1253903395,32
1253909831,25
1253910734,108
1253910903,15
1253911241,22
1253931164,18
1253944538,13
1253949245,16
1253958043,78
1253958991,14
1253960983,55
1253965584,25
1253977740,270
1253986450,46
1253990739,13
1253998361,19
1253999202,33
1254012505,24
1254014703,23
1254015381,41
1254016797,34
1254019661,18
1254019975,33
1254024450,11
1254030784,12
1254034581,28
1254042671,180
1254048353,62
1254056681,32
1254057572,13
1254070081,16
1254079730,19
1254079995,12
1254082382,29
1254084097,132
1254084271,201
1254094317,10
1254098980,56
1254102663,1383
1254109005,140
1254114247,27
1254116142,33
1254116963,15
1254121526,16
1254133915,206
1254138541,76
1254144254,21
1254144284,11
1254146279,12
1254147730,83
1254160123,35
1254169763,58
1254172144,291
1254179462,242
1254181310,25
1254184429,19
1254189492,45
1254212219,13
1254222212,11
1254225062,440
1254227775,12
1254236422,23
1254236704,11
1254241414,38
1254252644,382
1254255091,12
1254260949,34
1254262014,18
1254264635,67
1254275329,14
1254275749,21
1254290765,1
1254297242,85
1254301562,20
1254302588,92
1254314982,15
1254319847,15
1254330320,23
1254332563,46
1254334425,387
1254339935,35
1254363469,14
1254364909,12
1254373926,23
1254381594,26
1254384645,24
1254385987,37
1254392393,12
1254398677,229
1254399477,12
1254401289,18
1254406160,84
1254411461,10
1254412545,12
1254416519,28
1254422214,52
1254431824,21
1254437167,39
1254441434,217
1254442158,38
1254446563,14
1254447437,18
1254452192,15
1254452787,33
1254464469,25
1254468871,124
1254470906,13
1254484582,11
1254485070,109
1254488786,296
1254493862,12
1254494310,20
1254494406,120
1254496741,126
1254511581,51
1254512342,13
1254513990,22
1254520394,26
1254524549,20
1254526494,64
1254527180,18
1254542861,62
1254550137,17
1254551153,12
1254554862,433
1254563196,12
1254564615,41
1254568308,17
1254581518,14
1254582918,421
1254583584,24
1254587174,14
1254611266,34
1254612542,60
1254621308,13
1254626919,11
1254628874,13
1254632152,16
1254639681,13
1254654777,14
1254670042,28
1254677146,50
1254677395,26
1254683579,11
1254686143,14
1254689754,35
1254694129,40
1254695322,31
1254698689,13
1254705293,15
1254709505,27
1254709542,93
1254709546,96
1254723344,25
1254738596,125
1254747633,72
1254749434,728
1254762496,40
1254770962,105
1254781717,26
1254786830,16
1254791906,16
1254793224,12
1254796141,35
1254796279,26
1254797756,15
1254804097,93
1254806672,11
1254821193,107
1254821263,13
1254821702,33
1254822800,14
1254833122,36
1254835140,13
1254841524,14
1254842655,14
1254844644,48
1254852838,50
1254853575,64
1254855346,39
1254859692,38
1254862084,295
1254864393,37
1254883422,86
1254883580,16
1254883786,15
1254889363,424
1254897550,24
1254902423,41
1254907261,14
1254909527,314
1254916915,30
1254921178,68
1254922746,14
1254925678,17
1254927411,36
1254930923,98
1254933451,55
1254936535,70
1254942874,12
1254957788,26
1254958761,18
1254962360,21
1254968049,12
1254975170,16
1254976532,15
1254978612,1298
1254979680,52
1254980620,12
1254981976,31
1254982293,27
1254988625,18
1254989944,23
1254994604,11
1254999058,74
1255000879,20
1255012792,20
1255014875,327
1255018965,216
1255019438,137
1255030433,84
1255035312,104
1255036494,28
1255040895,38
1255047944,15
1255048873,16
1255052395,25
1255053392,90
1255058993,39
1255066757,126
1255069527,1301
1255069809,29
1255083276,13
1255084016,173
1255096810,23
1255103576,24
1255106581,16
1255110293,21
1255112026,43
1255112574,43
1255122629,655
1255122754,86
1255125268,35
1255126889,12
1255127941,38
1255129589,13
1255138122,111
1255139597,12
1255140163,23
1255141143,29
1255148136,55
1255156283,69
1255156294,13
1255160041,31
1255160069,45
1255163849,11
1255172001,71
1255180606,85915
1255183845,72
1255184316,11
1255184385,39
1255204332,12
1255204944,146
1255207002,14
1255207455,13
1255214093,75
1255215630,58
1255216528,26
1255217938,5009
1255221654,176
1255225975,73
1255231979,87
1255237198,3418
1255240664,14
1255248708,16
1255251136,101
1255251478,302
1255252768,14
1255259812,14
1255262063,70
1255267904,482
1255281808,17
1255283013,13
1255291036,1028
1255291644,26
1255292571,14
1255294416,11
1255296887,52
1255298603,35
1255302592,13
1255305328,140
1255328803,137
1255337613,13
1255349692,31
1255351625,24
1255352255,18
1255359164,38
1255361346,48
1255370361,42
1255377268,11
1255388337,160
1255391825,174
1255396003,13
1255396262,18
1255399416,83
1255400304,22
1255412388,1332
1255435041,14
1255437855,26
1255452572,205
1255459277,109
1255466067,83
1255479245,84
1255480829,23
1255488822,14
1255497074,44
1255500482,27
1255508156,45
1255527317,204
1255529982,11
1255548271,91
1255548448,17
1255563159,790
1255566884,15
1255580602,32
1255596359,314
1255606208,29
1255607374,126
1255607681,9
1255607931,26
1255610167,48
1255610635,16
1255619122,59
1255623257,90
1255626665,34
1255632247,23
1255635173,18
1255635278,15
1255635956,39
1255636103,18
1255642930,11
1255644879,118
1255645214,251
1255645993,94
1255649592,14
1255655571,19
1255658534,18
1255665358,153
1255672659,13
1255689883,285
1255695357,12
1255699364,20
1255701432,762
1255706921,33
1255708192,92
1255715568,62
1255715915,30
1255722057,43
1255725941,23
1255726496,12
1255729003,26
1255734079,43
1255735488,80
1255737222,464
1255738228,48
1255741629,37
1255741729,177
1255742924,241
1255753477,25
1255754715,11
1255764474,33
1255768549,836
1255772026,27
1255775965,86
1255777137,21
1255779273,18
1255793570,15
1255794238,69
1255798421,18
1255800034,679
1255801447,68
1255809571,58
1255811098,28
1255814688,18
1255817315,402
1255835429,58
1255839702,14
1255841045,238
1255841208,47
1255852666,1412
1255854163,135
1255866572,290
1255868108,20
1255871614,279
1255875588,25
1255878092,60
1255884999,36
1255887695,20
1255894310,32
1255906464,16
1255926795,12
1255930302,146
1255931715,15
1255932242,42
1255934214,65
1255939006,13
1255939927,1053
1255952586,11
1255957684,20
1255959569,16
1255962608,16
1255969968,12
1255977012,14
1255978057,41
1255987686,21
1256004106,19
1256004258,36
1256004591,12
1256006352,80
1256008414,12
1256010188,25
1256010196,36
1256013446,102
1256017052,13
1256019022,19
1256035393,151
1256044657,13
1256044850,24
1256057070,27
1256057097,23
1256061018,58
1256070689,65
1256075082,187
1256080504,1221
1256081410,28
1256082863,2721
1256087672,17
1256100909,12
1256117847,36
1256129531,26
1256134563,19
1256135527,172
1256142741,17
1256150601,154
1256152082,22
1256152256,13
1256157003,25
1256158761,16
1256162488,11
1256168258,328
1256174716,18
1256203716,41
1256206719,13
1256210575,39
1256212160,23
1256225183,421
1256233184,92
1256245174,22
1256254749,23
1256267364,51
1256270560,30
1256273336,18
1256283138,54
1256284456,34
1256294633,20
1256335459,151
1256339895,24
1256345172,29
1256353697,90
1256355630,26
1256362818,12
1256365721,11
1256369595,22
1256380956,12
1256381100,25
1256384533,26
1256386246,131
1256392208,25
1256393269,41
1256394332,20
1256394914,49
1256395974,22
1256397049,20
1256418773,14
1256421769,10
1256425092,12
1256429757,24
1256465772,24
1256469584,28
1256474162,23
1256477021,32
1256488150,13
1256488414,29
1256508800,15
1256525840,290
1256528164,25
1256532379,16
1256536129,21
1256556655,13
1256557633,38
1256569717,41
1256574820,24
1256594473,75
1256613417,804
1256613854,45
1256614080,63
1256616890,512
1256622298,40
1256635590,15
1256663368,11
1256668848,86
1256674994,24
1256680367,27
1256685222,14
1256692328,25
1256694816,34
1256695612,13
1256697754,24
1256700912,96
1256706414,17
1256706847,370
1256707537,50
1256708592,250
1256719211,70
1256728599,1860
1256730629,38
1256746773,38
1256753731,13
1256757375,105
1256762317,25
1256762495,53
1256766596,42
1256767131,27
1256791924,290
1256792998,28
1256796696,14
1256797384,33
1256810082,14
1256810886,27
1256811075,11
1256811827,16
1256814757,12
1256816449,48
1256826613,104
1256838837,17
1256853835,55
1256855764,155
1256859409,41
1256866626,14
1256868358,974
1256877966,18
1256880556,23
1256880560,22
1256881326,163
1256887864,63
1256896059,25
1256900649,13
1256905546,189
1256921558,19
1256922648,20
1256922851,14
1256948073,21
1256948331,205
1256958861,11
1256960873,24
1256973124,43
1256980703,67
1256987455,29
1256989150,32
1256993124,24
1256997541,163
1257001631,40
1257015437,16
1257021270,19
1257023848,25
1257026460,15
1257026582,29
1257026599,15
1257033404,17
1257035990,133
1257038971,13
1257049996,11
1257059092,13
1257064854,55
1257081095,48
1257081562,32
1257083638,46
1257084734,27
1257086995,23
1257097658,31
1257105253,322
1257115788,81
1257121594,117
1257138628,15
1257142330,27
1257149881,54
1257150485,69
1257152532,23
1257154160,609
1257164704,27
1257167310,42
1257168102,811
1257168128,13
1257176278,14
1257179976,24
1257184348,89
1257184479,108
1257192156,18
1257196285,13
1257205393,26
1257237972,98
1257238395,123
1257239130,35
1257245859,26
1257246331,12
1257256310,28
1257259287,54
1257267571,10
1257287847,36
1257302750,61
1257306325,425
1257311255,14
1257312136,13
1257325436,15
1257326665,138
1257334011,28
1257334909,13
1257336733,43
1257338172,82
1257339205,16
1257340523,18
1257340615,39
1257340967,23
1257342857,31
1257344450,27
1257347274,19
1257350653,19
1257356927,57
1257366746,31
1257374565,53
1257378383,86
1257395037,74
1257410408,40
1257412756,19
1257414614,39
1257420150,122
1257444227,14
1257461065,49
1257473218,27
1257475195,12
1257479175,31
1257488099,17
1257493303,14
1257495129,50
1257524396,280
1257527947,22
1257533120,35
1257533286,1377
1257534627,21
1257539780,25
1257543605,59
1257547794,25
1257551522,13
1257556156,22
1257558028,25
1257581672,5
1257591931,78
1257597917,11
1257617514,21
1257643781,15
1257660639,64
1257687200,237
1257696179,11
1257698938,33
1257701836,22
1257711769,27
1257717114,11
1257724435,47
1257729787,13
1257734455,39
1257735930,36
1257744257,52
1257751567,25
1257753186,21
1257759481,51
1257765230,53
1257766325,17
1257774704,53
1257781328,94
1257796544,16
1257798483,138
1257804050,13
1257804391,50
1257815288,18
1257821422,12
1257821888,15
1257823859,13
1257823911,13
1257825473,13
1257827184,19
1257838048,34
1257849583,11
1257849871,15
1257850224,20
1257850501,20
1257855543,18
1257858164,431
1257863403,11
1257867023,267
1257868723,51
1257869916,11
1257870136,13
1257870356,13
1257883885,45
1257889861,15
1257890423,12
1257891396,12
1257900040,32
1257908328,42
1257915692,273
1257917139,17
1257939823,106
1257947813,80
1257953142,512
1257953914,486
1257960486,13
1257970587,20
1257971581,456
1257979261,12
1257982213,71
1257983666,63
1258006305,106
1258007831,41
1258009125,14
1258023796,14
1258030732,82
1258031582,86
1258033438,27
1258038455,11
1258039718,15
1258047506,13
1258061785,20
1258061935,28
1258066808,80
1258071797,13
1258079443,11
1258095431,14
1258106719,15
1258115712,14
1258121809,73
1258122081,55
1258124114,1
1258125843,59
1258127863,68
1258135570,31
1258139388,13
1258140778,35
1258140989,11
1258165990,15
1258166617,43
1258168862,134
1258176958,41
1258182956,23
1258189993,57
1258193405,11
1258200041,36
1258203386,14
1258221473,423
1258225193,33
1258226171,10
1258227143,14
1258228307,28
1258238626,23
1258242408,124
1258244355,15
1258244763,11
1258251268,209
1258259975,14
1258260539,14
1258262448,35
1258288849,11
1258299774,40
1258301311,1076
1258303369,15
1258305951,141
1258321488,41
1258335228,106
1258340670,105
1258346478,20
1258365577,18
1258367539,23
1258373802,133
1258377532,33
1258378203,24
1258386431,174
1258390378,67
1258395429,76
1258401277,63
1258413847,516
1258428688,12
1258434033,12
1258435504,20
1258435606,17
1258441232,21
1258456256,18
1258457725,152
1258459022,22
1258460717,23
1258464919,57
1258471673,20
1258473132,39
1258483266,24
1258496446,924
1258499650,13
1258504422,60
1258504679,35
1258556728,44
1258557801,27
1258560454,17
1258588229,24
1258588698,29
1258597378,66
1258602218,15
1258613313,25
1258619550,15
1258621567,911
1258626648,15
1258644344,20
1258646291,892
1258647960,15
1258649388,21
1258649467,13
1258654823,24
1258661939,14
1258680088,12
1258702484,59
1258710790,62
1258728537,14
1258729729,13
1258742941,165
1258744471,11
1258748958,62
1258757115,69
1258763088,78
1258786108,20
1258788077,676
1258788360,112
1258792464,86
1258823740,51
1258829991,48
1258837516,11
1258857842,17
1258861605,31
1258862322,1035
1258868919,15
1258871740,11
1258875542,11
1258876319,26
1258896369,15
1258907670,118
1258907996,13
1258915869,45
1258919692,1743
1258921750,137
1258926070,62
1258927530,24
1258929370,13
1258931275,17
1258932513,976
1258942809,11
1258944375,187
1258968157,22
1258973778,16
1258978313,182
1258992238,37
1258994637,478
1258994885,69
1258995114,18
1258998722,21
1259014725,12
1259018168,15
1259026412,711
1259028314,112
1259034625,28
1259052145,78
1259056815,25
1259059236,17
1259061131,24
1259065572,17
1259077622,14
1259083708,31
1259085213,52
1259085778,14
1259090179,48
1259107621,45
1259108546,34
1259108597,237
1259117115,16
1259120931,18
1259131593,38
1259145252,18
1259147822,17
1259149438,17
1259159255,12
1259165014,19
1259171983,11
1259178633,11
1259181812,17
1259191407,16
1259194804,1254
1259201063,105
1259217090,33
1259217247,20
1259222060,11
1259223676,131
1259225551,12
1259231858,31
1259245856,28
1259249706,17
1259251906,24
1259254831,57
1259260853,42
1259275090,23
1259280063,29
1259286533,31
1259295666,19
1259300797,19
1259304417,33
1259308521,84
1259311205,87
1259327087,33
1259331899,57
1259335163,20
1259336125,34
1259343264,40
1259358860,12
1259362413,29
1259362713,21
1259369663,15
1259369963,26
1259384869,12
1259395084,119
1259398032,64
1259405859,119
1259415915,31
1259423904,30
1259425261,58
1259431541,78
1259457554,36
1259462203,28
1259474972,14
1259483683,232
1259485799,56
1259491562,11
1259494501,18
1259497581,12
1259507820,15
1259512035,18
1259522769,85
1259523153,19
1259526897,32
1259531690,15
1259533679,13
1259534208,25
1259537705,13
1259544911,17
1259550938,119
1259564149,14
1259565283,164
1259588531,71
1259603732,50
1259603781,16
1259606129,68
1259608817,12
1259609252,12
1259624583,171
1259626350,52
1259628464,40
1259630883,73
1259638534,46
1259640335,14
1259655229,11
1259658765,18
1259659403,14
1259669851,12
1259670522,19
1259675906,311
1259703320,114
1259713623,74
1259719572,19
1259721870,17
1259728164,28
1259735963,14
1259737072,17
1259742577,401
1259782962,49
1259786302,19
1259790088,27
1259790639,32
1259803392,24
1259836955,11
1259840866,14
1259850204,44
1259853056,14
1259872947,111
1259875534,2583
1259885475,448
1259888079,1190
1259891275,15
1259891941,17
1259893746,31
1259894246,12
1259894852,25
1259899975,19
1259900796,112
1259901407,14
1259915957,28
1259920741,73
1259923337,22
1259934942,20
1259939911,882
1259940171,23
1259951839,99
1259952460,45
1259964745,16
1259970025,32
1259981261,23
1259988665,82
1259989062,30
1260000827,58
1260005897,26
1260025410,93
1260026035,205
1260029173,26
1260032978,15
1260035249,188
1260043445,122
1260049044,18
1260061766,20
1260073387,13
1260076099,12
1260076680,15
1260091716,20
1260106056,56
1260110388,114
1260112833,165
1260113241,296
1260114957,14
1260115758,16
1260125959,492
1260131768,11
1260133945,31
1260136347,56
1260141196,79
1260143008,138
1260143846,89
1260146854,11
1260151185,13
1260155434,521
1260167177,24
1260169618,16
1260170265,100
1260175020,15
1260175350,51
1260177823,141
1260183528,48
1260186676,98
1260187048,12
1260192602,26
1260198724,200
1260209364,35
1260225576,20
1260229560,101
1260233912,18
1260234472,19
1260239529,77
1260240113,131
1260242528,32
1260281911,63
1260281947,33
1260284940,38
1260286969,27
1260287864,26
1260288940,8473
1260298891,19
1260300565,15
1260302733,31
1260304654,14
1260306926,32
1260307676,69
1260309411,64
1260314510,26
1260325992,44
1260337660,14
1260339805,14
1260339974,246
1260349072,16
1260349075,19
1260352704,32
1260356003,20
1260364763,11
1260372600,12
1260382821,16
1260384009,11
1260388212,22
1260391373,19
1260394860,12
1260404909,16
1260411304,164
1260413335,11
1260429066,17
1260436039,140
1260450908,22
1260453112,34
1260465380,17
1260467366,285
1260467916,12
1260468060,183
1260470095,11
1260473040,39
1260475954,172
1260487799,47
1260489286,117
1260489444,330
1260493005,14
1260508753,20
1260548655,29
1260550899,86
1260565605,21
1260566313,29
1260566992,159
1260570042,14
1260570912,43
1260580223,561
1260580731,202
1260581968,38
1260583277,27
1260584015,85
1260592293,22
1260619539,16
1260625224,584
1260633111,15
1260635669,128
1260650150,50
1260651471,28
1260654077,11
1260672618,34
1260673375,11
1260680138,41
1260684528,75
1260690154,14
1260694049,18
1260694570,15
1260698041,56
1260705693,11
1260719601,13
1260738363,15
1260747208,27
1260767408,15
1260782172,136
1260783987,95
1260784883,27
1260790246,21
1260802641,28
1260808534,13
1260820152,18
1260826634,18
1260829862,14
1260833141,17
1260842109,24
1260858945,17
1260865601,15
1260868321,45
1260881431,23
1260888121,22
1260889371,52
1260898583,28
1260900484,513
1260900514,136
1260902344,11
1260912258,12
1260912552,59
1260914994,72
1260915817,12
1260923039,14
1260930181,120
1260932922,20
1260940877,248
1260946467,15
1260962896,519
1260970028,13
1260971370,17
1260981282,11
1260988400,24
1260989566,35
1260990730,47
1260991622,17
1260993476,22
1260994505,16
1260997792,68
1261004744,67
1261005717,53
1261050605,12
1261050660,16
1261053236,24
1261053712,93
1261057454,30
1261060989,263
1261065819,11
1261075496,12
1261077889,30
1261080024,317
1261091524,17
1261092598,69
1261094281,23
1261102385,33
1261108675,27
1261109384,16
1261114908,231
1261127156,106
1261130089,142
1261131444,18
1261131489,13
1261137992,16
1261139783,25
1261140727,12
1261142701,201
1261142966,12
1261149834,31
1261151781,13
1261155086,36
1261156607,128
1261156675,45
1261170027,1856
1261174510,38
1261181445,148
1261184716,28
1261189730,24
1261192484,17
1261197598,35
1261202186,20
1261204838,92
1261206045,93
1261208315,47
1261209334,23
1261212474,13
1261212938,35
1261214597,15
1261215810,16
1261220798,29
1261223819,35
1261240895,15
1261244719,30
1261250729,17
1261261480,55
1261264826,20
1261277035,31
1261279210,106
1261283764,11
1261291781,45
1261299715,24
1261303294,34
1261308038,12
1261314451,14
1261322128,15
1261322254,23
1261325025,120
1261328849,40
1261335744,176
1261340483,270
1261350061,11
1261352043,22
1261359560,16
1261361358,15
1261365430,56
1261418565,26
1261422007,1185
1261435181,21
1261444857,61
1261460894,19
1261465639,15
1261473759,28
1261473844,13
1261477736,14
1261482517,48
1261484186,34
1261489081,14
1261494515,32
1261496045,19
1261510276,15
1261519189,55
1261529607,77
1261555327,377
1261560612,21
1261571908,1653
1261575325,93
1261605201,132
1261606904,23
1261607128,13
1261613239,138
1261618066,13
1261618291,48
1261637596,44
1261650101,3527
1261653673,13
1261655419,33
1261655913,14
1261663145,292
1261666359,13
1261668478,18
1261676533,20
1261677886,102
1261690469,129
1261692450,13
1261696687,27
1261696801,13
1261698932,53
1261699679,12
1261700124,30
1261705376,26
1261706872,14
1261709082,23
1261711686,41
1261717201,247
1261718567,11
1261720977,211
1261721161,20
1261725242,537
1261729018,49
1261729176,30
1261742826,21
1261746086,16
1261760482,36
1261761574,29
1261773273,66
1261784190,35
1261784901,14
1261794704,358
1261798970,45
1261810128,38
1261811848,26
1261814068,112
1261819007,16
1261822543,18
1261825338,16
1261836074,56
1261842465,20
1261846836,15
1261851971,19
1261859183,228
1261861097,310
1261864097,47
1261865368,14
1261867321,25
1261880172,213
1261880471,113
1261882969,11
1261887193,25
1261891241,18
1261893837,29
1261899136,56
1261904654,28
1261912889,20
1261923892,24
1261925930,19
1261930573,14
1261934811,21
1261952114,20
1261953460,14
1261958143,150
1261964579,13
1261966474,239
1261968483,29
1261974266,15
1261976132,58
1261979582,26
1262010385,13
1262011244,22
1262011420,59
1262011534,29
1262018067,41
1262031046,50
1262031874,20
1262033876,13
1262034051,387
1262038960,27
1262042046,276
1262061170,14
1262078510,42
1262089852,19
1262093995,62
1262094216,20
1262097785,127
1262099015,20
1262104463,63
1262106658,16
1262108086,3
1262110699,910
1262113622,16
1262139429,15
1262142501,1791
1262183719,340
1262195134,14
1262210750,52
1262210755,47
1262212892,378
1262217859,33
1262231970,26
1262250380,77
1262252186,11
1262253113,13
1262255990,50
1262256174,78
1262258494,14
1262260844,12
1262261093,1153
1262266624,20
1262267135,46
1262270573,12
1262274066,12
1262281052,24
1262299207,13
1262299325,91
1262300001,14
1262310226,34
1262318402,21
1262328297,57
1262331855,14
1262337797,38
1262338410,71
1262354720,12
1262377838,91
1262391566,14
1262392277,14
1262396222,83
1262403617,41
1262413069,11
1262423362,389
1262434101,442
1262438199,119
1262438610,17
1262454502,29
1262477291,34
1262478282,21
1262482595,72
1262485265,49
1262486604,13
1262490703,85
1262495435,527
1262500406,40
1262511183,11
1262517316,197
1262527142,18
1262530176,21
1262530182,1677
1262536690,165
1262548615,15
1262553817,37
1262554977,19
1262557450,23
1262558565,15
1262560274,14
1262583106,14
1262587110,21
1262587286,21
1262594832,15
1262595831,177
1262600318,11
1262600346,31
1262600576,87
1262603912,490
1262605827,28
1262614973,17
1262617470,16
1262628565,20
1262635330,154
1262635440,12
1262641073,41
1262642235,33
1262652828,13
1262654935,11
1262656442,74
1262657910,19
1262668020,36
1262679022,27
1262682069,1254
1262710034,67
1262714152,209
1262717434,11
1262738818,23
1262739704,30
1262740944,632
1262741170,32
1262748595,17
1262754474,21
1262756007,85
1262758480,30
1262762432,86
1262769725,638
1262775896,20
1262806794,14
1262809285,17
1262812820,14
1262816915,41
1262824066,12
1262824399,80
1262834835,15
1262839931,22
1262842296,128
1262860046,27
1262870924,33
1262879903,45
1262882328,415
1262885509,13
1262887634,11
1262889313,12
1262898434,14
1262913668,59
1262915424,13
1262934014,34
1262940334,110
1262948105,361
1262952180,742
1262968414,11
1262971603,13
1262979985,23
1262984601,13
1262989602,20
1262995777,11
1262995939,11
1262996076,12
1262996245,14
1263001383,11
1263011041,20
1263022587,46
1263026652,14
1263027923,11
1263041093,99
1263045874,26
1263051452,45
1263054292,76
1263055981,16
1263062246,13
1263066411,32
1263067524,12
1263074604,171
1263076167,203
1263079727,509
1263083568,35
1263086677,34
1263098427,132
1263108759,116
1263114987,13
1263120928,49
1263123553,29
1263145127,31
1263145338,42
1263158313,843
1263161226,35
1263168455,58
1263169627,13
1263190780,123
1263192944,27
1263193615,15
1263201769,19
1263206805,16
1263210473,24
1263215731,32
1263217954,87
1263220935,42
1263288598,16
1263306054,15
1263317286,288
1263337356,26
1263337741,299
1263341555,11
1263344910,72
1263346715,11
1263376372,38
1263378972,55
1263389919,13
1263394947,16
1263436794,94
1263460757,18
1263461743,204
1263468392,12
1263469068,14
1263471882,1
1263472198,20
1263477177,16
1263494511,17
1263494700,1430
1263497845,759
1263498017,301
1263500923,41
1263503017,13
1263513016,74
1263518262,14
1263519874,32
1263529459,16
1263529852,37
1263530988,33
1263539330,34
1263543625,725
1263543726,842
1263544262,24
1263548429,20
1263549136,566
1263549539,32
1263578760,17
1263579149,12
1263586501,50
1263614411,13
1263642416,437
1263646405,14
1263652392,137
1263662092,119
1263669308,30
1263676410,18
1263679455,18
1263681437,637
1263681504,695
1263682572,15
1263686288,23
1263686305,37
1263688817,20
1263689280,12
1263694034,116
1263696450,17
1263697745,27
1263706509,12
1263727392,25
1263731684,131
1263731718,35
1263732150,27
1263734978,47
1263739043,290
1263740445,11
1263745780,23
1263748076,44
1263748925,459
1263753253,13
1263772632,110
1263773312,84
1263778230,57
1263778677,16
1263784022,11
1263790057,15
1263797030,20
1263797851,120
1263800852,102
1263813947,129
1263815266,21
1263817105,25
1263820590,205
1263826844,27
1263836633,14
1263837722,36
1263839399,42
1263841182,27
1263845975,150
1263853624,27
1263858338,20
1263864208,61
1263881930,21
1263883524,14
1263886339,50
1263886755,407
1263898766,54
1263900228,13
1263936864,82
1263951106,142
1263954351,13
1263958197,83
1263958714,30
1263959494,12
1263961048,40
1263966659,20
1263993269,114
1264002437,23
1264006420,12
1264015326,66
1264021866,19
1264023481,246
1264023857,24
1264026813,11
1264037739,14
1264038598,379
1264044496,70
1264045527,24
1264046956,23
1264058297,142
1264059987,13
1264065724,75
1264067820,22
1264068873,87
1264069918,27
1264088844,396
1264094531,27
1264095869,13
1264097318,26
1264101293,34
1264105561,19
1264117145,16
1264118847,22
1264121778,21
1264122570,37
1264123054,180
1264142220,28
1264147349,21
1264148819,11
1264150994,88
1264155972,122
1264161723,105
1264162018,46
1264170342,54
1264175252,297
1264177851,12
1264187422,22
1264193645,14
1264203334,20
1264208997,20
1264221238,16
1264223799,200
1264227384,46
1264239018,55
1264245933,24
1264252157,16
1264252189,16
1264253788,17
1264263123,18
1264268237,83
1264268579,52
1264269844,206
1264280082,20
1264283513,25
1264286435,114
1264288688,11
1264297712,145
1264301794,13
1264302819,57
1264305693,51
1264338985,18
1264362107,39
1264364812,12
1264366272,15
1264370356,12
1264379603,48
1264396304,1157
1264401689,165
1264403672,11
1264405172,33
1264405655,58
1264411005,82
1264412951,75
1264422246,16
1264424593,12
1264424867,11
1264430711,53
1264434310,90
1264436461,12
1264438111,19
1264438885,16
1264452592,15
1264458399,29
1264465126,39
1264471869,13
1264478656,1687
1264490258,11
1264515363,17
1264518139,19
1264520874,13
1264529761,29
1264531337,992
1264540632,11
1264550876,23
1264552450,11
1264556564,29
1264560911,767
1264560983,44
1264569353,13
1264576033,17
1264586206,21
1264596339,21
1264604347,92
1264606715,14
1264607329,14
1264612845,25
1264613111,18
1264614857,17
1264615549,25
1264618288,42
1264624316,25
1264640680,13
1264644535,11
1264645343,53
1264647440,23
1264648433,98
1264648449,71
1264660523,28
1264663828,130
1264663877,13
1264666096,11
1264669104,14
1264680063,50
1264683354,285
1264690543,42
1264692184,392
1264718849,23
1264733604,15
1264735145,14
1264745201,60
1264753245,22
1264759254,17
1264771182,14
1264779904,18
1264782053,12
1264784142,20
1264785723,17
1264805127,16
1264807434,14
1264807581,13
1264811161,5904
1264811391,83
1264825687,24
1264829799,14
1264831383,33
1264849705,30
1264854400,15
1264856509,23
1264860429,51
1264860668,11
1264866499,15
1264875310,55
1264888983,15
1264890026,11
1264894695,15
1264895666,14
1264902224,36
1264913325,10
1264916063,171
1264920090,183
1264920217,58
1264921191,11
1264921302,38
1264921402,31
1264922986,50
1264929973,67
1264936952,404
1264938021,44
1264938089,39
1264943577,11
1264959229,43
1264963292,14
1264981155,21
1264985151,11
1264985458,30
1264996101,13
1264996910,12
1264999260,11
1265011796,17
1265013383,167
1265017606,71
1265020374,19
1265021119,443
1265024742,30
1265025028,12827
1265025158,77
1265026514,21
1265036022,12
1265046112,45
1265056200,37
1265061961,17
1265072174,38
1265085160,12
1265089119,15
1265091045,13
1265095054,26
1265095394,36
1265107923,1785
1265111888,44
1265113238,16
1265119157,62
1265120239,60
1265124479,95
1265140422,11
1265149208,12
1265149787,12
1265154925,11
1265157889,14
1265160955,29
1265161025,13
1265161922,138
1265165485,15
1265168957,14
1265169717,144
1265170158,24
1265183354,11
1265189318,17
1265191090,18
1265199841,16
1265200861,95
1265202284,25
1265216452,16
1265222064,21
1265228611,21
1265228655,44
1265234733,1149
1265234847,11
1265247790,11
1265248423,12
1265255507,24
1265258509,365
1265259508,17
1265260024,77
1265260318,33
1265264803,15
1265265111,4063
1265269341,14
1265274127,174
1265280126,14
1265280546,13
1265299631,16
1265300288,22
1265306963,17
1265336929,11
1265340208,24
1265347911,120
1265355600,23
1265358918,17
1265366583,34
1265366905,31
1265372116,17
1265380989,176
1265390757,29
1265394997,14
1265406948,33
1265408665,74
1265410918,16
1265413617,146
1265441951,17
1265442909,12
1265454162,27
1265458126,112
1265476791,78
1265478249,42
1265494008,27
1265513304,173
1265549794,34
1265552536,13
1265555134,46
1265567769,17
1265583422,19
1265594654,27
1265600028,22
1265603499,40
1265610112,18
1265617033,459
1265617292,393
1265620021,241
1265623659,14
1265629109,69
1265629271,15
1265640685,23
1265641153,97
1265646959,12
1265649420,34
1265650482,48
1265654867,493
1265655524,11
1265659832,53
1265683445,47
1265695368,20
1265695680,18
1265703051,29
1265726242,17
1265726822,12
1265733673,14
1265735397,11
1265742513,225
1265744392,44
1265752395,42
1265752712,31
1265768013,46
1265768300,28
1265768701,24
1265774025,523
1265789540,12
1265794277,33
1265794381,20
1265796764,20
1265803168,26
1265804183,34
1265821429,36
1265826291,15
1265832843,121
1265832968,33
1265834793,10
1265843504,15
1265846354,15
1265847669,16
1265853198,548
1265864287,12
1265865407,60
1265879849,44
1265890989,56
1265896849,14
1265902239,18
1265908792,15
1265908861,236
1265911625,38
1265912071,13
1265932691,37
1265939134,86
1265941363,62
1265942254,19
1265946810,13
1265947881,331
1265948491,220
1265949807,12
1265954180,11
1265958257,29
1265958906,30
1265971949,37
1265972336,14
1265976488,106
1265987986,113
1265994178,23
1266004872,184
1266008323,23
1266009367,929
1266014461,56
1266014997,14
1266020574,67
1266030785,108
1266036898,15
1266037990,417
1266067414,100
1266068908,5
1266075015,35
1266076577,18
1266079353,23
1266080079,25
1266094931,30
1266097798,53
1266105075,15
1266107778,28
1266108902,14
1266113070,1784
1266123542,34
1266125334,2897
1266138495,211
1266146028,186
1266151452,87
1266152452,161
1266155997,239
1266166969,25
1266168156,19
1266173329,20
1266177587,108
1266182461,44
1266183832,23
1266193115,56
1266197764,73
1266201499,19
1266217708,19
1266218243,104
1266219046,43
1266246431,16
1266247085,208
1266255540,22
1266261363,12
1266263075,84
1266264841,13
1266267072,154
1266270458,19
1266275329,16
1266283205,64
1266290680,88
1266293233,66
1266296455,51
1266304094,52
1266305677,50
1266307899,12
1266313328,449
1266318994,15
1266321081,55
1266333761,29
1266345305,42
1266352518,12
1266362977,15
1266368115,12
1266419325,17
1266423377,16
1266424270,25
1266430207,20
1266436116,11
1266437081,18
1266438067,35
1266450666,81
1266454367,135
1266457355,13
1266457957,21
1266458733,80
1266461783,51
1266463689,2413
1266468011,14
1266480247,32
1266497775,95
1266506220,11
1266523269,32
1266530655,14
1266531956,14
1266539703,42
1266545941,14
1266546849,24
1266560001,458
1266585104,34
1266590423,35
1266592247,120
1266593507,27
1266608079,38
1266611505,257
1266625409,239
1266634415,37
1266640182,63
1266642244,36
1266654184,12
1266665369,57
1266668632,33
1266670693,16
1266681147,102
1266683229,26
1266693943,13
1266705384,48
1266714706,12
1266719940,30
1266729582,25
1266743317,35
1266746400,17
1266760430,125
1266761189,22
1266762935,20
1266770885,11
1266772424,11
1266775877,62
1266776491,30
1266778001,74
1266782242,16
1266785962,101
1266790372,216
1266796019,39
1266797999,107688
1266799249,27
1266802954,183
1266805842,62
1266808913,531
1266820242,16
1266831814,26
1266832724,14
1266839845,14
1266843215,154
1266844941,12
1266849821,27
1266850827,98
1266851101,11
1266853656,17
1266858242,204
1266858928,18
1266864281,16
1266878159,18
1266880481,21
1266882364,13
1266884317,3914
1266886046,22
1266892708,13
1266896323,17
1266898778,30
1266904606,15
1266907450,32
1266909505,391
1266923310,2020
1266929218,14
1266933346,20
1266936628,12
1266936773,31
1266944077,45
1266944346,11
1266947843,122
1266951007,42
1266955308,13
1266966338,19
1266973328,45
1266974941,24
1266977227,367
1266992634,22
1266996737,33
1267009695,15
1267009899,15
1267012844,15
1267014036,12
1267017585,44
1267017690,29
1267028123,282
1267029128,21
1267030790,24
1267040436,16
1267046936,258
1267052097,33
1267058532,39
1267072080,47
1267072834,22
1267077321,75
1267078448,536
1267078922,31
1267080179,19
1267083417,107
1267084166,95
1267090854,39
1267099925,52
1267101716,11
1267106080,219
1267118279,13
1267128082,26
1267132878,16
1267144335,16
1267145484,1485
1267148249,93
1267148586,75
1267150356,15
1267150781,18
1267154008,14
1267166322,14
1267173419,25
1267178198,41
1267180193,14
1267182294,77
1267187136,57
1267188301,14
1267193003,12
1267202750,238
1267206817,17
1267213347,23
1267216518,80
1267220319,12
1267223777,38
1267239286,501
1267244789,14
1267248648,254
1267248700,35
1267254468,62
1267270491,12
1267276935,13
1267282504,14
1267298105,38
1267298120,11
1267309954,82
1267314128,3318
1267319628,17
1267338478,20
1267344807,38
1267357812,11
1267360768,30
1267361485,50
1267365780,31
1267373650,27
1267377090,16
1267377766,30
1267403310,11
1267418242,31
1267423357,399
1267428350,13
1267429913,14
1267435922,14
1267439901,243
1267440487,32
1267442156,11
1267442907,3038
1267449244,11
1267455254,635
1267462292,69
1267462567,13
1267463135,14
1267478123,20
1267478667,25
1267489981,28
1267507562,20
1267509865,14
1267512077,14
1267515210,30
1267521793,340
1267532788,13
1267533614,23
1267545742,27
1267555704,141
1267562469,15
1267562753,79
1267567867,19
1267578193,15
1267588585,96
1267600247,45
1267606837,114
1267616623,33
1267625134,194
1267637633,11
1267640232,11
1267646326,42
1267646599,12
1267661626,51
1267662028,28
1267668301,11
1267704664,60
1267714460,23
1267719513,16
1267720524,21
1267720559,29
1267720676,21
1267727027,45
1267734925,67
1267746149,34
1267750281,45
1267781357,13
1267787802,14
1267790126,17
1267797347,1010
1267812693,64
1267827423,13
1267834136,44
1267857912,21
1267889604,25
1267895449,37
1267899050,534
1267906132,66
1267909940,28
1267926509,16
1267927082,26
1267930758,26
1267931387,545
1267931785,14
1267944654,29
1267945395,13
1267950292,20
1267950499,120
1267961072,167
1267962106,34
1267972630,130
1267976178,30
1267976639,38
1267982346,763
1268020132,13
1268021255,112
1268021824,18
1268025800,152
1268031240,17
1268045022,16
1268051861,83
1268065859,17
1268068714,830
1268072868,102
1268075935,27
1268090860,180
1268095849,14
1268096201,360
1268097411,19
1268100973,21
1268111504,15
1268119910,27
1268128556,17
1268145375,14
1268146725,17
1268147774,11
1268155691,18
1268160811,25
1268173217,19
1268173783,11
1268176994,35
1268180661,15
1268215445,12
1268217254,398
1268218773,21
1268223330,21
1268228289,94
1268229382,22
1268235796,122
1268244339,34
1268252819,36
1268254997,25
1268256719,21
1268259442,33
1268260801,16
1268261820,27
1268267248,54
1268273877,342
1268284228,68
1268285891,33
1268298108,14
1268302580,44
1268304499,23
1268305959,45
1268306885,15
1268307016,45
1268316117,68
1268326291,14
1268327597,25
1268338780,174
1268346928,31
1268364062,35
1268369209,36
1268376366,42
1268378017,71
1268380621,9
1268384113,29
1268387367,1
1268391007,10
1268404512,46
1268405286,17
1268406038,12
1268408332,77
1268421611,37
1268424426,167
1268425637,24
1268428452,16
1268429667,848
1268432027,18
1268444761,159
1268457437,22
1268457645,12
1268462870,16
1268473439,102
1268474534,33
1268484853,135
1268486256,18
1268494008,75
1268505810,38
1268515356,12
1268517555,13
1268523178,59
1268529281,23
1268530428,15
1268537589,64
1268539305,595
1268540986,19
1268544206,52
1268549091,42
1268581486,22
1268587146,66
1268591043,51
1268596025,28
1268617925,74
1268620423,29
1268630414,17
1268630774,18
1268656356,83
1268661539,13
1268664934,29
1268667810,58
1268672542,16
1268677373,41
1268678092,21
1268708084,323
1268720033,11
1268727777,15
1268729667,18
1268740212,8
1268741294,53
1268765496,34
1268770925,15
1268774372,468
1268794733,321
1268804183,76
1268807064,32
1268807806,170
1268808203,131
1268810268,55
1268824522,14
1268827480,26
1268830527,155
1268836911,11
1268845710,21
1268846699,19
1268846873,12
1268858784,19
1268862613,29
1268869032,31
1268878256,44
1268892689,30
1268895491,1325
1268896186,13
1268903356,540
1268906765,71
1268907748,11
1268928622,34
1268930297,87
1268932733,15
1268939819,32
1268941272,22
1268946099,13
1268946118,895
1268958229,64
1268963701,24
1268966319,18
1268972487,21
1268972829,12
1268973671,12
1268977356,17
1268985285,17
1268988104,17
1268993278,21
1269005241,169
1269006706,18
1269010756,66
1269020094,46
1269022523,18
1269023104,13
1269029221,50
1269032936,19
1269049395,17
1269050856,464
1269059109,26
1269099967,129
1269100267,71
1269104023,13
1269107814,49
1269122407,190
1269122597,13
1269124956,1221
1269129148,11
1269132133,68
1269137789,26
1269151536,14
1269151566,326
1269153676,14
1269165011,72
1269179412,11
1269183188,11
1269200759,11
1269208043,165
1269209167,13
1269210627,13
1269223576,12
1269228279,24
1269229845,436
1269238642,35
1269257700,1190
1269258933,21
1269261013,90
1269263114,17
1269266325,144
1269273642,47
1269277076,30
1269296186,11
1269300580,41
1269301416,52
1269305481,31
1269308901,22
1269308923,47
1269316020,34
1269317272,15
1269320827,82
1269322853,12
1269335663,31
1269337275,58
1269359249,31
1269391765,18
1269395331,3932
1269402869,252
1269413789,11
1269427595,13
1269430114,12
1269436738,26
1269448154,12
1269454372,75
1269464080,21
1269478615,99
1269481044,11
1269491088,71
1269494425,26
1269497012,16
1269513219,16
1269513884,24
1269518652,29
1269521952,98
1269534849,42
1269535242,17
1269535454,19
1269538790,11
1269544321,14
1269563679,513
1269576216,11
1269579327,19
1269585871,12
1269596073,21
1269605251,21
1269607964,14
1269608035,14
1269622457,99
1269636659,12
1269641096,12
1269651669,18
1269654289,13
1269661723,260
1269665456,13
1269672979,7
1269676154,12
1269682523,15
1269685084,50
1269685946,29
1269692569,14
1269699648,29
1269704533,39
1269704985,19
1269705487,80
1269705763,11
1269711675,17
1269712221,65
1269717058,38
1269726690,19
1269731710,192
1269742116,11
1269742942,20
1269761117,5
1269761412,36
1269764931,13
1269764950,16
1269772976,84
1269773027,17
1269773493,466
1269794052,48
1269795544,33
1269796292,12
1269796643,104
1269797017,25
1269807645,190
1269812178,76
1269830694,86
1269840257,120
1269850088,82
1269851180,119
1269858379,54
1269860633,23
1269879098,13
1269891133,50
1269893474,53
1269893717,97
1269895056,28
1269898828,44
1269899136,88
1269900226,49
1269903646,51
1269904726,55
1269904936,51
1269907862,88
1269908181,70
1269908217,88
1269909458,23
1269910083,15
1269921100,88
1269930651,371
1269942268,27
1269954733,33
1269957268,20
1269957437,13
1269963508,27
1269969239,15
1269974484,52
1269979871,103
1269985986,70
1269998378,80
1270000366,59
1270004247,22
1270012613,39
1270026896,15
1270027424,36
1270028045,32
1270030551,38
1270031391,205
1270040330,19
1270048721,36
1270059391,12
1270062694,50
1270066109,43
1270083345,14
1270088902,156
1270094853,108
1270096568,18
1270102475,24
1270102733,11
1270103958,17
1270108133,124
1270111515,24
1270112941,37
1270113847,109
1270117218,20
1270118026,83
1270118408,15
1270123573,13
1270124813,56
1270128259,183
1270140510,32
1270142210,91
1270146800,47
1270152181,69
1270153043,60
1270154954,26
1270167990,19
1270169087,75
1270172711,45
1270173407,22
1270180210,26
1270184812,18
1270186926,38
1270187094,285
1270197597,20
1270198684,222
1270203332,22
1270211498,34
1270212749,63
1270236264,26
1270236733,155
1270237967,19
1270244429,372
1270247558,17
1270257672,16
1270263798,40
1270272670,1273
1270272683,79
1270278702,13
1270281105,28
1270305651,30
1270311793,12
1270317534,17
1270318542,15
1270319627,26
1270319876,29
1270324476,26
1270330893,40
1270335342,12
1270337939,26
1270347090,35
1270347637,71
1270349001,17
1270350192,63
1270353108,11
1270359331,18
1270376159,21
1270386613,30
1270404590,19
1270418354,27
1270436690,30
1270450973,12
1270452141,65
1270460555,21
1270463426,15
1270467991,15
1270468007,27
1270479467,12
1270484383,122
1270496550,385
1270509963,14
1270519493,136
1270530485,17
1270535333,21
1270544596,21
1270552867,39
1270559321,517
1270564245,12
1270564595,34
1270566770,157
1270568813,74
1270572078,18
1270575067,33
1270576590,526
1270577393,14
1270581909,15
1270586785,19
1270587915,445
1270593506,20
1270606117,15
1270639637,14
1270648268,16
1270650562,19
1270650592,17
1270654341,14
1270658081,25
1270661532,352
1270662452,22
1270664730,25
1270665247,13
1270670825,54
1270685284,11
1270706314,342
1270716345,15
1270727384,11
1270735113,49
1270743726,26
1270745915,12
1270754807,14
1270774188,15
1270775324,37
1270776668,11
1270782426,23
1270784327,23
1270787191,258
1270792738,13
1270794083,26
1270799590,24
1270812122,121
1270812624,111
1270814918,152
1270817407,73
1270821261,65
1270823576,42
1270825267,12
1270826520,18
1270841510,13
1270842103,56
1270847012,148
1270885892,21
1270895993,16
1270897577,23
1270897615,14
1270902730,22
1270928799,12
1270932665,39
1270935022,19
1270939570,55
1270941393,174
1270942565,22
1270943597,33
1270949711,26
1270953767,13
1270958539,39
1270973004,27
1270978050,19
1270983350,458
1270984756,217
1270985920,39
1270993620,53
1270995833,44
1271006086,11
1271007640,14
1271008243,97
1271009327,19
1271014683,11
1271016135,135
1271020715,17
1271020926,27
1271029803,54
1271029976,74
1271035445,11
1271036184,25
1271041937,14
1271058140,18
1271060545,12
1271063452,155
1271074936,196
1271076630,40
1271088386,25
1271092274,13
1271093776,23
1271096888,16
1271107543,14
1271113810,4754
1271125689,56
1271151089,193
1271153363,14
1271159623,114
1271174023,48
1271177245,19
1271179812,89
1271186753,146
1271193598,26
1271197200,52
1271199377,41
1271203484,85
1271209041,14
1271231125,11
1271237172,12
1271245542,14
1271259982,22
1271263310,10
1271267166,202
1271268769,14
1271270944,69
1271273008,144
1271274665,27
1271282024,12
1271286007,13
1271294554,13
1271297528,52
1271304238,88
1271314492,17
1271314891,321
1271318343,119
1271323125,957
1271332588,13
1271335719,92
1271341656,22
1271351851,23
1271355875,19
1271364651,78
1271368582,168
1271372403,196
1271376695,88
1271378942,19
1271379258,111
1271380517,13
1271382286,32
1271385222,32
1271394035,41
1271398876,67
1271399089,20
1271400466,83
1271404132,19
1271420288,35
1271420977,16
1271422457,12
1271424358,22
1271430067,11
1271435898,2
1271437886,49
1271448649,54
1271450465,14
1271455778,19
1271457758,89
1271459708,21
1271470955,18
1271476200,17
1271484634,24
1271492923,11
1271520816,13
1271535978,69
1271540239,16
1271547037,12
1271548133,58
1271570982,11
1271574062,13
1271581989,39
1271626710,21
1271627791,1702
1271630464,28
1271639578,55
1271646025,74
1271659862,31
1271669507,28
1271670316,38
1271687319,56
1271709279,15
1271711372,39
1271717980,38
1271725588,23
1271730027,32
1271730307,13
1271733827,12
1271744960,109
1271751851,181
1271763503,126
1271765742,22
1271770751,33
1271778933,41
1271779636,21
1271785712,76
1271798363,50
1271812884,19
1271829077,25
1271830762,12
1271832502,15
1271834471,21
1271836518,141
1271837463,14
1271851102,15
1271861642,102
1271880068,12
1271892689,412
1271894214,584
1271897760,42
1271898598,20
1271899250,53
1271904851,20
1271908885,15
1271910930,10
1271912252,46
1271923086,39
1271928601,13
1271940155,33
1271944074,21
1271948043,45
1271951093,85
1271951742,16
1271954866,43
1271963632,38
1271963966,61
1271988435,12
1271993416,476
1271995946,84
1272004366,84
1272008570,18
1272009330,49
1272012407,12
1272024618,25
1272031254,224
1272032218,15
1272035915,20
1272036423,23
1272043772,26
1272060580,13
1272062596,39
1272066715,27
1272067033,102
1272068425,65
1272069487,11
1272070832,13
1272072826,36
1272076570,91
1272090879,29
1272098945,19
1272105565,20
1272107021,42
1272111651,139
1272114571,141
1272116617,87
1272136562,23
1272139132,27
1272147124,22
1272151400,169
1272154998,440
1272162595,448
1272167701,36
1272168991,13
1272178757,18
1272190228,32
1272194482,21
1272199139,26
1272209005,12
1272211920,12
1272212084,53
1272216190,21
1272222798,46
1272230296,39
1272237085,20
1272239121,29
1272243674,113
1272251780,24
1272256998,67
1272272492,21
1272273607,35
1272278054,17
1272289747,26
1272292267,25
1272294107,88
1272300172,17
1272306281,350
1272308668,16
1272310004,11
1272329397,12
1272329661,50
1272335256,15
1272352853,16
1272353680,38
1272361049,34
1272363594,12
1272372441,26
1272374498,129
1272375576,89
1272390008,20
1272392110,11
1272394355,17
1272394364,13
1272394474,32
1272395609,9
1272402042,130
1272408187,137
1272408209,11
1272412393,40
1272415285,25
1272417086,45
1272418588,58
1272428065,12
1272429683,11
1272430339,26
1272432833,12
1272443375,104
1272451079,19
1272463265,22
1272480305,18
1272481334,41
1272484811,29
1272487463,632
1272488455,77
1272498799,72
1272507264,37
1272508647,61
1272521786,44
1272529524,28
1272534312,12
1272536927,16
1272554778,39
1272557298,14
1272564262,16
1272565581,75
1272573107,135
1272574333,78
1272585317,61
1272596900,14
1272618533,16
1272637435,34
1272647768,17
1272673683,37
1272677604,14
1272678676,21
1272687783,14
1272691690,104
1272699504,46
1272701607,25
1272706111,50
1272708842,15
1272710409,107
1272710943,14
1272753759,22
1272758718,13
1272763042,77
1272767487,30
1272776005,17
1272782661,13
1272788310,22
1272788559,105
1272806533,92
1272822699,15
1272833484,13
1272839788,62
1272840358,98
1272851010,14
1272861960,29
1272869340,16
1272875395,53
1272887430,202
1272893415,289
1272898943,430
1272927396,16
1272941538,25
1272950786,34
1272968536,105
1272987676,20
1272996531,20
1273016975,62
1273018804,29
1273032277,23
1273038969,28
1273038999,494
1273054934,722
1273058241,118
1273059507,155
1273065968,53
1273073914,27
1273080329,203
1273087967,24
1273092463,14
1273093466,36
1273105169,14
1273116225,100
1273117744,17
1273121905,12
1273123916,139
1273136102,14
1273150184,12
1273153152,24
1273158972,146
1273168529,26
1273198218,19
1273207855,18
1273226668,131
1273234375,125
1273235470,19
1273236370,231
1273241958,18
1273244170,42
1273261870,15
1273262639,19
1273264754,11
1273267557,26
1273290231,17
1273316605,16
1273324178,284
1273325705,17
1273354626,20
1273360197,23
1273366252,20
1273379460,822
1273390282,35
1273390455,33
1273404749,18
1273408927,52
1273412710,11
1273427276,3010
1273445261,14
1273449064,53
1273455251,11
1273461545,19
1273468795,18
1273480337,41
1273513023,27
1273517404,13
1273536495,34
1273552420,12
1273558528,563
1273560464,36
1273565575,200
1273580359,871
1273580682,15
1273590574,11
1273596763,18
1273622478,73
1273630366,12
1273641903,15
1273643869,47
1273663589,10
1273664895,106
1273665431,25
1273666576,32
1273674103,25
1273677991,41
1273690766,19
1273702114,35
1273705510,81
1273707469,706
1273721854,18
1273724034,11
1273725939,12
1273742979,56
1273747165,32
1273750352,12
1273768116,224
1273768194,99
1273809867,13
1273811777,13
1273814630,20
1273819492,20
1273822664,73
1273822835,18
1273823886,38
1273824143,322
1273824907,11713
1273830468,30
1273830568,18
1273859296,123
1273866610,17
1273870399,99
1273887301,267
1273894022,84
1273902369,24
1273905245,57
1273907635,11
1273908520,15
1273910052,121
1273921075,106
1273945470,33
1273946285,12
1273947285,18
1273951058,46
1273969283,14
1273983782,13
1273991348,15
1274021598,10
1274027793,18
1274028827,24
1274034089,51
1274046250,12
1274050660,67
1274065715,40
1274067670,410
1274068447,11
1274069548,48
1274072121,11
1274073109,24
1274085987,30
1274091897,33
1274096236,52
1274106865,45
1274107935,198
1274109794,56
1274110623,21
1274115689,33
1274116177,29
1274128923,33
1274130362,14
1274162448,569
1274162776,25
1274165943,29
1274177139,611
1274179498,28
1274186056,23
1274187550,15
1274191784,82
1274194803,59
1274196244,14
1274209386,32
1274218871,12
1274224909,11
1274244010,16
1274262885,240
1274272400,67
1274282386,54
1274286443,40
1274290610,17
1274323575,121
1274327218,247
1274333693,16
1274347782,11
1274347870,12
1274352475,12
1274353213,20
1274353224,13
1274373874,11
1274377670,293
1274377976,20
1274379274,29
1274388991,209
1274395005,31
1274399536,1210
1274410217,44
1274417136,12
1274422150,21
1274444915,12
1274452075,269
1274461040,11
1274466455,25
1274474589,27
1274475076,52
1274477411,15
1274482878,13
1274485547,68
1274485766,15
1274487235,45
1274491393,34
1274504017,11
1274504257,12
1274509298,56
1274518711,26
1274526198,129
1274530343,26
1274534327,11
1274548517,169
1274551031,310
1274566622,42
1274572099,33
1274574043,167
1274600688,288
1274618325,38
1274625247,14
1274625443,14
1274630894,73
1274645705,13
1274659405,25
1274666296,13
1274671628,42
1274674701,29
1274678743,18
1274683034,69
1274684138,12
1274689099,22
1274690333,31
1274708755,732
1274722544,17
1274722784,16
1274723381,39
1274734576,33
1274751552,11
1274755774,65
1274781008,13
1274782065,33
1274792587,62
1274794325,12
1274797292,20
1274802650,12
1274822133,787
1274836410,22
1274840455,12
1274848749,144
1274890313,25
1274910871,24
1274912120,296
1274921085,19
1274927132,20
1274927923,103
1274942644,26
1274947140,17
1274950277,1389
1274956474,23
1274957322,17
1274957825,153
1274959346,21
1274963086,79
1274966563,33
1274976225,13
1274978097,142
1274989973,177
1274991593,29
1275003861,46
1275012508,16
1275023165,12
1275025253,22
1275044490,40
1275059220,14
1275060098,31
1275065456,14
1275069084,169
1275070381,15
1275073263,18
1275075651,167
1275076041,290
1275076664,56
1275077335,13
1275102300,21
1275102452,42
1275130055,204
1275131245,22
1275140990,27
1275145666,32
1275152793,916
1275161859,36
1275162193,30
1275168166,12
1275173343,18
1275175186,524
1275177106,12
1275182720,57
1275184152,25
1275189541,31
1275191614,17
1275198423,15
1275199411,511
1275201476,104
1275207060,17
1275208894,19
1275218737,42
1275237798,17
1275239491,50
1275248251,11
1275252612,16
1275257255,89
1275268652,1077
1275300007,25
1275300693,11
1275326618,28
1275328113,245
1275328860,18
1275334546,13
1275338283,18
1275353433,52
1275356304,9
1275360962,11
1275362861,51
1275365955,43
1275367824,14
1275373382,52
1275375546,24
1275378979,947
1275382167,31
1275398700,39
1275399788,20
1275406931,21
1275408975,26
1275409602,46
1275409857,16
1275426982,34
1275435960,16
1275436512,426
1275438802,14
1275439887,18
1275441117,23
1275443832,63
1275463264,220
1275464621,304
1275474507,15
1275476039,253
1275484321,18
1275485578,122
1275487759,23
1275490006,60
1275502743,11
1275508434,230
1275516320,11
1275529781,20
1275534185,44
1275540111,18
1275545374,76
1275548357,210
1275551473,66
1275555255,23
1275560536,319
1275572887,20
1275580348,72
1275608780,19
1275613946,17
1275614372,45
1275616384,31
1275620871,8
1275627632,14
1275631990,15
1275637608,120
1275642440,91
1275645005,13
1275653543,1347
1275661316,25
1275666044,45
1275667403,105
1275688260,22
1275692189,36
1275702441,22
1275702472,18
1275717406,35
1275718468,348
1275719173,14
1275721604,19
1275730750,1308
1275740059,21
1275742035,17
1275746690,101
1275750805,12
1275750847,33
1275751077,20
1275752001,30
1275753414,52
1275759716,29
1275770420,17
1275771493,41
1275771523,11
1275771636,20
1275773301,130
1275774513,22
1275776288,145
1275780695,22
1275781569,450
1275784257,19
1275791557,37
1275798277,11
1275800019,14
1275801647,220
1275802499,138
1275806147,1909
1275809133,11
1275816023,11
1275835912,13
1275847986,16
1275849132,52
1275850323,68
1275851291,13
1275859075,11
1275862312,47
1275862425,47
1275862520,29
1275873724,265
1275888604,20
1275895436,13
1275919553,22
1275930411,40
1275932091,24
1275940471,30
1275941970,16
1275953456,29
1275961086,109
1275964022,273
1275968866,81
1275976049,12
1275991516,75
1275998498,401
1276001351,105
1276003841,13
1276008331,13
1276018440,110
1276024553,36
1276031429,70
1276039558,12
1276042293,20
1276053763,16
1276059304,33
1276077286,12
1276078615,16
1276083194,26
1276083628,54
1276099689,96
1276107518,52
1276108103,75
1276123063,130
1276123512,19
1276126258,15
1276132557,21
1276135867,140
1276164270,11
1276173422,12
1276174879,19
1276192674,86
1276192981,30
1276204083,12
1276208459,14
1276223472,21
1276236504,16
1276236933,667
1276238183,484
1276239073,12
1276242781,12
1276251860,10
1276271904,11
1276273805,33
1276275753,16
1276278055,59
1276278953,16
1276280076,13
1276283874,12
1276285633,62
1276296530,103
1276299637,67
1276305787,117
1276309507,23
1276313599,43
1276315818,17
1276320499,11
1276341793,22
1276352451,22
1276368237,562
1276373569,14
1276376062,23
1276379563,23
1276391102,100
1276404683,16
1276405439,19
1276405554,12
1276406549,32
1276411484,14
1276411563,54
1276415631,16
1276417315,11
1276425709,10
1276437202,35
1276438142,33
1276447323,19
1276448889,93
1276448941,7
1276457096,1
1276459546,13
1276461266,214
1276469439,75
1276480305,42
1276486859,14
1276487550,16
1276487624,14
1276488493,19
1276496267,35
1276497933,1
1276498033,95
1276510682,63
1276517176,242
1276521542,42
1276527666,944
1276541052,91
1276541290,17
1276541312,32
1276546290,33
1276548713,17
1276549659,91
1276562838,249
1276568000,23
1276578580,24
1276594089,90
1276595002,393
1276605322,38
1276607131,101
1276614392,11
1276616663,21
1276627552,86
1276628959,18
1276630793,14
1276631768,26
1276634402,28
1276641245,177
1276645556,16
1276665883,1254
1276667029,87
1276675503,71
1276682306,25
1276682613,18
1276683938,93
1276684296,15
1276689592,315
1276696490,315
1276700568,26
1276711748,12
1276718530,11
1276740847,15
1276747866,56
1276752077,213
1276755627,21
1276755713,30
1276758823,14
1276764289,11
1276770371,17
1276773725,14
1276776945,25
1276791347,11
1276795737,24
1276798831,29
1276809046,164
1276812919,142
1276828003,11
1276847779,21
1276853390,12
1276853525,623
1276859161,77
1276859360,33
1276861983,16
1276862650,26
1276874027,46
1276876288,22
1276885966,453
1276888344,13
1276930142,46
1276940779,378
1276950198,101
1276958558,61
1276962100,16
1276966391,757
1276977095,12
1276978035,13
1276983707,31
1276999782,491
1277004822,963
1277007031,15
1277008800,11
1277011316,204
1277011740,37
1277016823,15
1277020166,54
1277026242,23
1277036183,27
1277040638,24
1277048300,32
1277054380,314
1277058567,243
1277063342,27
1277070400,18
1277072583,38
1277079211,84
1277079624,200
1277097844,102
1277124338,19
1277124966,20
1277131490,19
1277138198,134
1277139033,40
1277165741,65
1277169394,181
1277208602,168
1277214686,18
1277225273,14
1277241268,16
1277269587,16
1277282352,17
1277284594,84
1277286522,731
1277291595,17
1277335948,20
1277377323,38
1277389693,149
1277391537,25
1277405426,770
1277425281,12
1277425617,18
1277432663,16
1277434798,36
1277442050,92
1277446916,11
1277451814,86
1277453821,65
1277455152,13
1277470372,18
1277476916,103
1277477208,15471
1277479867,37
1277487031,58
1277488771,73
1277491008,60
1277494856,13
1277495137,18
1277498503,16
1277499908,61
1277510172,548
1277510760,13
1277515654,12
1277520329,15
1277541374,11
1277544698,424
1277560144,14
1277561099,307
1277571999,12
1277578751,70
1277579877,28
1277585787,40
1277588122,30
1277590623,103
1277600433,12
1277603748,26
1277610497,16
1277614585,470
1277623916,29
1277637600,89
1277646668,13
1277671229,21
1277684919,54
1277685376,11
1277690020,22
1277693854,35
1277694349,13
1277696037,455
1277714741,53
1277715563,614
1277719566,19
1277737044,23
1277750729,39
1277755058,37
1277769453,30
1277771911,117
1277774590,11
1277791233,20
1277795285,34
1277796956,22
1277797277,29
1277797619,72
1277798763,80
1277807615,14
1277814981,11
1277825694,11
1277833095,98
1277836854,25
1277842157,29
1277847449,11
1277847672,17
1277853749,16
1277854808,20
1277858718,13
1277868994,37
1277870870,19
1277872938,17
1277880177,35
1277887325,37
1277888947,39
1277893717,29
1277911581,21
1277918666,327
1277926656,20
1277933603,156
1277934977,94
1277936455,60
1277944206,23
1277944593,10
1277946689,38
1277957002,11
1277961348,11
1277972001,11
1277989920,52
1277991010,24
1278003221,22
1278005100,19
1278013162,12
1278014713,6
1278019716,11
1278020293,11
1278021888,76
1278022559,88
1278024385,11
1278025342,38
1278026821,42
1278033420,21
1278040671,142
1278045237,176
1278049086,16
1278055475,11
1278059883,11
1278071262,434
1278073463,107
1278079983,43
1278081820,19
1278082400,383
1278104920,31
1278105901,15
1278114076,11
1278120949,42
1278138352,17
1278157951,82
1278160330,94
1278196186,31
1278223986,188
1278229113,12
1278231268,24
1278243180,66
1278253689,92
1278254044,34
1278265633,108
1278287808,12
1278291700,17
1278293841,41
1278295496,12
1278312228,144
1278320942,220
1278324639,28
1278327133,14
1278332553,15
1278332767,13
1278339298,20
1278344410,33
1278344979,73
1278366645,12
1278374245,13
1278377646,20
1278381956,115
1278395255,177
1278404368,59
1278411775,17
1278435489,24
1278439253,107
1278457179,85
1278474208,41
1278480039,21
1278492027,13
1278492137,24
1278516883,16
1278536566,329
1278547598,25
1278560693,37
1278568055,101
1278584694,152
1278587549,18
1278594969,24
1278597727,11
1278621812,105
1278624991,11
1278644903,12
1278668528,1297
1278676884,218
1278681031,21
1278711372,16
1278714916,31
1278715940,10
1278717907,464
1278730680,14
1278734867,13
1278737636,38
1278757502,529
1278776929,22
1278779353,36
1278798600,19
1278823978,80
1278829954,125
1278838315,129
1278840500,15
1278845334,43
1278845749,24
1278854221,28
1278862001,11
1278864291,12
1278865145,19
1278866190,56
1278872653,45
1278873576,15
1278881844,130
1278889606,80
1278895912,75
1278901777,13
1278913000,158
1278915262,107
1278915857,15
1278919646,38
1278924500,50
1278926400,1367
1278930365,22
1278930806,837
1278937895,54
1278940275,238
1278959735,19
1278964608,17
1278982238,148
1278993665,42
1279018568,14
1279049964,15
1279064655,24
1279085846,649
1279086651,14
1279093890,12
1279103174,23
1279109870,14
1279113820,37
1279121101,16
1279133101,13
1279140437,47
1279145675,26
1279149268,20
1279159149,3739
1279160729,20
1279164234,232
1279164369,13
1279171235,22
1279180155,181
1279181033,23
1279184910,17
1279185910,12
1279187498,214
1279205412,26
1279216221,36
1279218207,15
1279225546,20
1279253971,15
1279256466,13
1279275212,34
1279275226,20
1279280095,132
1279298346,38
1279299303,58
1279301508,33
1279319463,22
1279325204,269
1279328732,58
1279329809,10
1279343644,140
1279345508,13
1279360413,27
1279362723,149
1279365081,30
1279373995,13
1279380501,13
1279384488,20
1279402999,12
1279406675,24
1279421241,22
1279423167,17
1279426975,286
1279435409,2361
1279437639,19
1279463850,12
1279468851,23
1279474229,65
1279480946,1186
1279489980,395
1279499470,50
1279508420,65
1279515197,45
1279519446,15
1279522547,54
1279525967,215
1279532837,356
1279540157,11
1279555835,42
1279561249,13
1279578393,38
1279580095,17
1279596088,18
1279604360,39
1279611658,18
1279617454,18
1279624703,68
1279625094,14
1279628779,25
1279654497,78
1279659344,353
1279680219,19
1279706266,95
1279721212,27
1279722854,13
1279737208,14
1279737421,49
1279760665,239
1279773754,12
1279781841,31
1279786142,14
1279787729,15
1279795528,16
1279795550,99
1279802440,12
1279811464,99
1279815402,12
1279825421,16
1279830753,36
1279834357,19
1279836172,15
1279846336,26
1279857804,11
1279886110,16
1279903025,11
1279923114,22
1279932127,11
1279940806,50
1279949713,12
1279994040,32
1279994504,232
1280002781,20
1280019852,531
1280026191,87
1280026567,12
1280027316,21
1280030529,45
1280038203,26
1280050659,33
1280069770,150
1280089735,17
1280092445,22
1280095430,23
1280097745,14
1280115203,275
1280115630,30
1280128498,17
1280129499,804
1280129529,27
1280147188,194
1280155659,123
1280156793,22
1280163607,11
1280181372,11
1280182204,41
1280202820,16
1280210616,82
1280215616,11
1280221360,107
1280231676,59
1280241714,27
1280262851,11
1280270159,27
1280270225,28
1280282164,12
1280282376,14
1280289116,39
1280290209,11
1280293058,15
1280296384,62
1280330025,19
1280369733,19
1280379860,18
1280383510,18
1280392516,13
1280394773,160
1280396163,45
1280408203,16
1280419330,48
1280423622,12
1280434631,155
1280439591,250
1280461698,12
1280467793,30
1280469592,14
1280470795,19
1280508992,140
1280523866,135
1280524151,19
1280536185,46
1280553461,38
1280557654,62
1280557740,36
1280559914,202
1280562970,96
1280577596,138
1280579388,26
1280607135,19
1280607497,11
1280608186,65
1280610964,28
1280615153,63
1280620933,118
1280641283,60
1280652237,22
1280655402,11
1280662085,12
1280664963,40
1280700348,11
1280702430,11
1280703037,122
1280718019,26
1280732127,121
1280760538,18
1280767222,17
1280791354,176
1280793558,137
1280799166,11
1280804858,28
1280809609,271
1280810591,31
1280825877,160
1280833415,180
1280847472,283
1280858916,13
1280860414,27
1280863441,117
1280866254,0
1280869012,105
1280869399,187
1280871093,12
1280891560,18
1280896898,24
1280898919,17
1280900448,14
1280903659,22
1280908538,11
1280909807,70
1280912404,34
1280913563,147
1280913878,58
1280927151,15
1280932746,55
1280934172,1110
1280951465,12
1280955914,350
1280967898,28
1280984042,619
1280990105,1205
1280998916,11
1281005910,317
1281005934,14
1281019389,32
1281025418,38
1281030225,155
1281030454,31
1281032192,28
1281032298,27
1281054646,271
1281061133,18
1281066641,117
1281069074,15
1281071040,11
1281085540,14
1281091382,517
1281094446,26
1281098289,13
1281110750,135
1281120025,18
1281123262,33
1281124139,12
1281132799,17
1281133904,16
1281135080,38
1281140983,187
1281149586,11
1281154124,16
1281168411,244
1281171445,74
1281195074,136
1281200786,81
1281204616,30
1281220980,43
1281230845,57
1281232928,92
1281235683,224
1281269179,15
1281269977,18
1281271303,47
1281285550,324
1281298965,16
1281315781,7018
1281320664,136
1281328046,489
1281328458,12
1281328537,38
1281330782,171
1281337106,12
1281342434,42
1281358460,11
1281362103,143
1281364875,14
1281365033,17
1281365850,12
1281367277,75
1281377338,29
1281381884,185
1281383429,13
1281400388,16
1281415855,11
1281420131,520
1281431415,63
1281436921,15
1281445089,38
1281473904,173
1281481028,65
1281482961,100
1281483635,26
1281489228,46
1281489745,21
1281495756,1
1281514306,23
1281525803,16
1281540408,26
1281556722,14
1281565975,12
1281576906,68
1281582807,13
1281591192,103
1281593724,55
1281616740,15
1281622996,12
1281629949,18
1281632165,652
1281633872,341
1281635644,59
1281645560,21
1281650273,89
1281655995,12
1281666770,71
1281670519,76
1281674370,53
1281682555,11
1281688052,15
1281712143,15
1281769152,13
1281774250,22
1281819568,211
1281831896,19
1281852693,12
1281862290,22
1281863041,48
1281865046,872
1281865940,124
1281869415,13
1281873897,11
1281879940,27
1281880139,174
1281913298,45
1281918185,17
1281925464,26
1281954048,52
1281959383,15
1281963787,59
1281978113,34
1281981117,2
1282001233,57
1282011183,22
1282014269,22
1282014696,3
1282017359,197
1282025633,500
1282027238,138
1282030207,16
1282040587,15
1282045227,20
1282048314,29
1282049269,81
1282052467,13
1282052906,37
1282056346,30
1282058825,92
1282076425,31
1282080507,30
1282102712,24
1282103176,340
1282106099,13
1282107840,32
1282107851,11
1282109891,18
1282110174,24
1282120686,35
1282125157,21
1282128957,105
1282132622,32
1282141848,22
1282151191,34
1282159515,14
1282159694,185
1282171564,13
1282178367,15
1282195104,30
1282198847,423
1282203523,17
1282208637,17
1282225905,12
1282231488,56
1282233511,237
1282239707,11
1282246237,18
1282253922,16
1282265183,470
1282269007,148
1282273176,40
1282277393,14
1282282026,21
1282294081,48
1282310951,223
1282324221,143
1282329734,12
1282335857,39
1282340577,179
1282341373,49
1282346681,17
1282350588,53
1282351393,15
1282360547,482
1282362391,521
1282364492,177
1282384355,88
1282385165,14
1282401255,17
1282418221,19
1282459536,27
1282467677,178
1282469039,35
1282472011,11
1282474395,189
1282477586,139
1282490647,44
1282499854,0
1282514037,113
1282539777,43
1282572282,28
1282577775,36
1282589931,43
1282597454,21
1282613745,7
1282634846,28
1282636938,297
1282650900,1681
1282653241,45
1282675658,17
1282680810,3913
1282682864,24
1282694784,83
1282705108,648
1282711658,14
1282712646,19
1282734569,24
1282748401,69
1282753323,26
1282763835,17
1282766748,49
1282766814,39
1282771204,22
1282777609,148
1282782264,14
1282786458,26
1282787424,43
1282792053,11
1282795086,35
1282797177,159
1282799832,50
1282831444,12
1282835463,205
1282845531,815
1282858165,70
1282862525,20
1282882352,15
1282910754,216
1282916460,377
1282925790,102
1282928973,16
1282937931,21
1282938415,22
1282938682,21
1282950465,65
1282958467,38
1282964765,11
1282967472,304
1282972498,37
1282978005,24
1282983086,158
1282984140,25
1283006548,33
1283007956,801
1283008105,145
1283013981,31
1283015427,120
1283015444,116
1283015456,115
1283015458,121
1283019799,11
1283022577,33
1283043066,25
1283051151,123
1283059888,17
1283085412,13
1283088493,11
1283118598,71
1283126461,100
1283126780,196
1283131709,16
1283133573,25
1283142725,31
1283143215,79
1283143764,24
1283151062,15
1283155270,11
1283158668,86
1283168492,57
1283176487,13
1283182898,48
1283183407,11
1283187727,14
1283208084,17
1283231201,15
1283237512,50
1283252850,16
1283286182,15
1283296883,16
1283299226,128
1283300177,28
1283301890,115
1283302652,115
1283302684,117
1283302820,116
1283302855,115
1283305043,115
1283308335,939
1283309332,116
1283309505,117
1283309991,116
1283310806,115
1283310807,115
1283311815,115
1283313140,117
1283314136,115
1283318124,121
1283321289,115
1283321505,25
1283324276,115
1283325882,117
1283326518,115
1283327964,117
1283328850,116
1283328907,114
1283329020,117
1283329717,116
1283329800,120
1283331989,115
1283332113,115
1283332466,115
1283333210,117
1283333331,115
1283334060,115
1283334279,117
1283334544,55
1283336941,115
1283342383,114
1283344388,119
1283346286,115
1283346451,116
1283346987,116
1283347021,115
1283348713,115
1283352405,23
1283352617,63
1283352859,115
1283353368,115
1283353856,116
1283354276,115
1283354800,26
1283354814,115
1283354974,76
1283355043,115
1283358155,115
1283360113,116
1283362196,118
1283363395,115
1283365576,115
1283375853,51
1283376338,484
1283395530,33
1283398419,31
1283398629,46
1283408258,54
1283410511,46
1283416351,181
1283417522,16
1283427179,23
1283434917,37
1283453011,42
1283460530,18
1283463401,12
1283466765,173
1283466833,11
1283467688,118
1283475355,16
1283494260,37
1283495582,13
1283497044,15
1283501535,170
1283501799,14
1283521764,32
1283522472,17
1283522880,11
1283540505,233
1283561164,18
1283563241,51
1283565828,28
1283570249,13
1283572841,42
1283574029,16
1283576600,17
1283579994,12
1283580131,16
1283580852,35
1283582119,94
1283584225,15
1283598915,13
1283603794,109
1283610049,14
1283611177,12
1283622513,9
1283628638,25
1283652685,14
1283653121,18
1283656693,126
1283657805,31
1283669789,11
1283678028,59
1283681554,70
1283686041,18
1283686098,17
1283699291,19
1283721731,26
1283721804,19
1283722068,15
1283731455,11
1283735838,24
1283740523,15
1283743529,66
1283762259,41
1283766654,58
1283781487,84
1283783477,43
1283792171,25
1283796634,16
1283799034,97
1283802261,23
1283819872,14
1283821188,87
1283833415,20
1283833758,26
1283836865,27
1283850742,19
1283852448,16
1283852774,14
1283859977,20
1283865819,22
1283868033,231
1283868835,23
1283873694,24
1283875369,30
1283876614,12
1283880494,14
1283891625,18
1283901628,22
1283923666,20
1283925045,16
1283927346,72
1283939838,15
1283940465,129
1283943813,14
1283947846,25
1283963928,14
1283968843,25
1283977684,11
1283981615,77
1283986253,41
1283993031,225
1284009891,31
1284014215,22
1284030856,41
1284040136,174
1284052134,34
1284058045,22
1284066374,20
1284067692,71
1284077348,18
1284077352,21
1284082382,22
1284082910,18
1284088776,121
1284095369,21
1284099955,50
1284104299,45
1284109842,34
1284124788,12
1284126768,68
1284128909,17
1284129855,49
1284131526,11
1284139056,57
1284155780,14
1284168496,46
1284172888,14
1284174979,2249
1284180721,666
1284182184,24
1284198482,13
1284202424,43
1284208011,22
1284208582,104
1284209689,16
1284210058,28
1284223182,20
1284246323,13
1284246470,265
1284247955,37
1284261810,42
1284271591,197
1284277975,40
1284286206,13
1284303399,115
1284304193,12
1284310632,14
1284316868,20
1284322503,12
1284322507,14
1284346730,74
1284364149,19
1284382976,12
1284392092,40
1284414913,516
1284420230,29
1284423701,1
1284426808,13
1284435392,17
1284445635,294
1284449744,34
1284452101,14
1284463375,30
1284479480,13
1284485443,28
1284518502,22
1284522908,14
1284534061,30
1284541636,13
1284546129,53
1284551780,18
1284555311,65
1284578918,41
1284579907,96
1284580604,39
1284589598,22
1284595670,13
1284607942,146
1284608173,187
1284608906,175
1284626782,11
1284643150,27
1284648689,305
1284658028,28
1284659975,18
1284667422,19
1284672605,163
1284674449,39
1284681116,45
1284688466,74
1284692613,107
1284698263,16
1284700356,60
1284712193,53
1284714863,10
1284721646,11
1284727934,19
1284733159,14
1284734312,16
1284735525,81
1284736292,317
1284740610,540
1284751258,19
1284753142,110
1284756909,19
1284759701,47
1284768463,12
1284781487,17
1284783817,42
1284785245,45
1284787758,16
1284803064,21
1284808139,16
1284830350,20
1284836640,463
1284845470,751
1284850658,16
1284862935,25
1284865806,13
1284867443,13
1284869933,26
1284873579,11
1284875082,35
1284889108,33
1284895820,11
1284905996,53
1284915598,14
1284956847,13
1284958326,19
1284959612,2051
1284962534,36
1284967045,12
1284968478,25
1284971043,28
1284986056,34
1285000932,14
1285016676,14
1285027813,47
1285029934,30
1285034691,7
1285072698,53
1285091835,14
1285102035,20
1285104880,53
1285113628,60
1285116275,22
1285126866,43
1285134067,16
1285138167,24
1285145325,11
1285150264,29
1285173126,51
1285175428,38
1285179460,37
1285186519,12
1285207270,115
1285223817,215
1285240239,17
1285247004,51
1285257302,11
1285260006,14
1285260852,28
1285268157,39
1285268296,10
1285271027,14
1285272914,103
1285276442,13
1285277249,19
1285290091,14
1285290326,21
1285299512,19
1285308005,71
1285358058,13
1285358712,11
1285362275,42
1285366850,21
1285372971,11
1285375505,12
1285388916,14
1285404766,11
1285404893,15
1285406575,51
1285432701,59
1285455564,19
1285459193,13
1285469911,13
1285492735,4
1285512939,802
1285522430,11
1285532627,32
1285533087,19
1285553511,15
1285565409,11
1285584165,28
1285612368,28
1285613614,26
1285613772,12
1285614272,12
1285616517,12
1285619315,39
1285633187,21
1285635617,17
1285641018,13
1285641979,12
1285642601,12
1285643256,80
1285643489,695
1285643868,31
1285649662,30
1285653192,99
1285653194,21
1285654295,19
1285656500,41
1285665224,13
1285669809,21
1285670072,37
1285670188,23
1285672288,36
1285694624,12
1285699839,22
1285704764,23
1285705904,3250
1285716169,16
1285726536,66
1285729011,45
1285736028,12
1285753321,30
1285768056,27
1285769468,18
1285774142,39
1285776286,11
1285778184,52
1285781098,19
1285784272,11
1285787558,103
1285791932,29
1285797092,39
1285808809,291
1285816658,0
1285819874,74
1285860457,12
1285863081,16
1285881211,46
1285881563,22
1285885421,12
1285886218,245
1285900799,180
1285902621,45
1285904119,11
1285924109,20
1285926464,28
1285946801,11
1285956092,28
1285957532,241
1285966137,40
1285974683,1432
1285994107,32
1285995046,28
1285996394,14
1286010520,1216
1286041367,19
1286041430,211
1286054177,46
1286055132,55
1286055730,16
1286069434,19
1286071002,280
1286080008,11
1286102636,11
1286104608,12
1286113664,43
1286116609,29
1286124464,18
1286135398,26
1286142799,38
1286159878,26
1286203278,17
1286206140,81
1286206293,12
1286210431,32
1286217696,20
1286230821,22
1286232072,21
1286235236,95
1286236913,64
1286243024,15
1286260116,15
1286261242,39
1286266523,52
1286279483,239
1286309178,416
1286310557,14
1286313018,11
1286319925,16
1286349836,29
1286361322,18
1286395891,15
1286406151,30
1286425214,33
1286451756,11
1286452688,39
1286462942,16
1286475682,71
1286478863,36
1286485360,13
1286497554,12
1286498512,26
1286499192,14
1286500654,12
1286500812,12
1286506347,11
1286514652,127
1286518017,14
1286519799,21
1286529702,23
1286533290,15
1286534320,12
1286547006,20
1286548050,45
1286550596,87
1286551417,27
1286576904,69
1286584533,43
1286589461,35
1286591918,17
1286613567,85
1286622370,16
1286623246,14
1286633499,13
1286638524,27
1286644174,17
1286650072,46
1286652851,132
1286655809,42
1286657898,101
1286660559,86
1286663306,17
1286674545,26
1286693004,11
1286701048,20
1286705389,13
1286708665,26
1286709271,38
1286728102,22
1286732818,1212
1286733418,34
1286747417,23
1286754616,24
1286757779,15
1286762321,48
1286762528,19
1286763703,43
1286765396,54
1286769439,11
1286775287,164
1286781880,237
1286792158,27
1286817684,15
1286820615,13
1286822346,45
1286842063,32
1286843623,43
1286843683,61
1286845834,69
1286846690,12
1286852030,35
1286854085,87
1286870850,35
1286901904,36
1286921847,230
1286928810,35
1286929516,43
1286936704,160
1286939042,16
1286953511,42
1286955203,14
1286962008,47
1286963131,1
1286976854,23
1286981693,18
1286986255,21
1287003459,26
1287005135,29
1287010006,23
1287015444,19
1287032262,15
1287032505,30
1287040997,13
1287048614,22
1287050833,121
1287054186,23
1287054567,24
1287055640,17
1287057225,13
1287063635,26
1287064286,13
1287064367,726
1287065520,17
1287068039,117
1287097047,27
1287103899,23
1287109448,15
1287112265,15
1287114669,936
1287117896,11
1287118910,50
1287127015,13
1287133573,156
1287133718,13
1287137309,47
1287143833,17
1287144800,16
1287154353,13
1287167787,13
1287168491,1127
1287168990,617
1287169139,29
1287177495,11
1287183937,12
1287188318,18
1287195249,14
1287204510,64
1287205623,14
1287216871,6
1287216971,41
1287228538,18
1287232396,16
1287234722,11
1287241330,15
1287242357,29
1287249670,27
1287250090,45
1287253720,23
1287263044,13
1287275352,15
1287282432,770
1287300798,21
1287302739,53
1287319347,29
1287326388,19
1287329807,14
1287331518,14
1287332070,32
1287333722,17
1287338845,1
1287339827,88
1287341687,38
1287346406,31
1287352822,123
1287355973,340
1287401002,448
1287408207,72
1287413468,14
1287418409,64
1287429470,12
1287442244,268
1287444152,44
1287460663,5639
1287461497,43
1287470793,31
1287472924,26
1287481170,38
1287482439,13
1287486661,52
1287489793,28
1287494718,11
1287505428,18
1287518095,15
1287523902,16
1287530240,16
1287531513,36
1287549995,14
1287564317,13
1287568859,205
1287570647,11
1287585416,14
1287594240,12
1287594602,20
1287603239,49
1287607687,12
1287609461,24
1287610282,26
1287612332,37
1287625631,318
1287628953,16
1287629488,28
1287631198,21
1287659684,12
1287663860,75
1287674895,48
1287678199,249
1287687409,39
1287710410,39
1287710445,40
1287710473,44
1287710505,48
1287728325,276
1287733709,14
1287737246,27
1287751585,100
1287755141,21
1287763956,14
1287766456,11
1287769478,736
1287779992,35
1287780961,20
1287782481,12
1287783473,15
1287802914,65
1287804060,2895
1287806129,20
1287806983,12
1287816393,12
1287823023,66
1287825471,130
1287831552,42
1287833347,1
1287833873,14
1287840943,14
1287846492,364
1287852974,27
1287862936,493
1287870588,79
1287874189,10
1287882910,11
1287890629,65
1287919291,31
1287919581,22
1287928146,14
1287936258,22
1287938366,246
1287962749,24
1287962934,22
1287966278,106
1287967526,16
1287982437,16
1287991092,42
1288001931,1040
1288011918,35
1288025747,12
1288054527,20
1288054693,159
1288059458,11
1288064456,53
1288064720,20
1288069617,13
1288076814,95
1288081323,83
1288081425,12
1288093218,156
1288093254,13
1288095947,23
1288096154,7
1288101814,40
1288106370,100
1288107515,23
1288110627,25
1288118919,12
1288120439,16
1288131984,27
1288147191,14
1288151957,17
1288158967,21
1288163028,29
1288175235,79
1288176337,13
1288213067,13
1288220921,258
1288228170,26
1288234715,15
1288262029,17
1288265666,29
1288273711,55
1288276081,12
1288277383,25
1288292418,1786
1288298712,11
1288304560,70
1288321115,61
1288325627,3969
1288331786,73
1288342491,46
1288362206,27
1288363236,20
1288380908,92
1288388694,15
1288395026,240
1288402762,3311
1288404530,17
1288411750,23
1288414617,480
1288422836,16
1288422944,18
1288424187,11
1288433826,18
1288460943,11
1288462699,10
1288463361,13
1288475375,12
1288476092,14
1288492734,13
1288496072,92
1288504075,16
1288505524,84
1288508356,108
1288513932,91
1288540223,16
1288543585,12
1288545282,127
1288570069,24
1288582051,13
1288587093,22
1288595527,78
1288599558,15
1288603421,27
1288608768,16
1288630993,16
1288642659,26
1288651538,14
1288672674,400
1288682148,17
1288684460,53
1288700771,13
1288703620,31
1288706873,51
1288728943,26
1288733503,19
1288758234,13
1288762476,27
1288777867,16
1288777900,233
1288781687,25
1288787277,142
1288787426,47
1288789542,22
1288791412,19
1288795546,11
1288820389,203
1288848940,2709
1288858970,22
1288861827,82
1288892017,12
1288900132,55
1288913882,25
1288919960,14
1288922934,12
1288931625,38
1288951030,13
1288952475,176
1288952816,75
1288958400,33
1288972522,33
1288985136,22
1288986083,35
1288998877,18
1289000483,17
1289001778,37
1289031324,78
1289037448,97
1289038438,163
1289052336,21
1289066205,30
1289075393,352
1289096470,41
1289096810,47
1289101843,17
1289112181,24
1289122820,13
1289123250,37
1289130590,221
1289134166,35
1289148499,11
1289180378,13
1289182307,14
1289184179,46
1289191071,18
1289210484,11
1289213389,13
1289213568,29
1289214621,14
1289216565,21
1289237218,22
1289253413,28
1289254089,13
1289258261,31
1289268385,22
1289268998,43
1289275691,282
1289277901,13
1289281455,25
1289287656,12
1289291024,54
1289300100,45
1289302468,17
1289303356,12
1289313583,14
1289316188,90
1289329590,39
1289333270,17
1289344908,60
1289357453,13
1289373801,17
1289382533,21
1289383690,17
1289402893,56
1289403900,23
1289409182,54
1289409845,101
1289411321,98
1289419269,19
1289435641,1329
1289435661,18
1289445158,14
1289447490,267
1289449692,90
1289456372,21
1289458451,12
1289459154,26
1289468620,11
1289471395,18
1289475244,14
1289476943,269
1289479753,12
1289490233,74
1289500007,18
1289527697,15
1289539646,111
1289551526,94
1289566856,546
1289575092,15
1289578785,15
1289594768,103
1289595475,28
1289598388,112
1289599380,25
1289599396,27
1289606611,140
1289606934,89
1289612923,288
1289634070,18
1289635045,14
1289644132,14
1289647930,93
1289651398,16
1289657695,46
1289661113,723
1289663086,11
1289665394,28
1289684445,26
1289708063,18
1289714083,12
1289718189,25
1289724268,312
1289726568,11
1289727134,201
1289735643,12
1289737428,17
1289738717,24
1289739564,20
1289739593,16
1289742380,28
1289743790,2163
1289751966,11
1289755707,2092
1289770124,93
1289772049,11
1289772198,15
1289779378,14
1289781756,41
1289801839,35
1289805474,178
1289810924,33
1289811218,20
1289813626,32
1289815509,31
1289816372,51
1289817225,113
1289817233,13
1289834653,87
1289837195,59
1289847529,23
1289855202,38
1289858698,489
1289868346,1364
1289871444,54
1289872092,20
1289880549,17
1289888557,118
1289903345,16
1289907287,12
1289908594,13
1289909279,19
1289910520,13
1289921008,11
1289921037,32
1289932122,100
1289949311,217
1289951235,520
1289958986,512
1289960958,13
1289968844,12
1289973161,16
1289975833,7
1289984605,10
1289989219,14
1289997043,13
1289998730,15
1290003469,40
1290004323,17
1290014367,25
1290022584,213
1290025719,63
1290031396,32
1290036613,12
1290037030,56
1290039961,142
1290061411,38
1290062238,47
1290068976,127
1290069630,78
1290071994,33
1290081931,27
1290089254,17
1290098318,121
1290111917,24
1290123560,95
1290127517,30
1290128725,12
1290130146,14
1290146959,60
1290150257,205
1290164166,13
1290169280,17
1290185333,16
1290185701,38
1290219822,58
1290241977,43
1290251222,10
1290252911,20
1290258572,48
1290286902,20
1290326260,319
1290327176,28
1290328251,21
1290335624,13
1290348818,14
1290354647,26
1290357699,28
1290361156,310
1290371866,13
1290411054,31
1290427326,93
1290432479,31
1290433922,14
1290440324,43
1290445936,335
1290461222,12
1290465737,23
1290474490,39
1290483547,52
1290484537,11
1290486035,14
1290494976,17
1290495061,16
1290507726,19
1290512486,30
1290519989,73
1290534164,20
1290534496,49
1290545197,22
1290547652,55
1290553178,13
1290553643,17
1290558619,33
1290565606,507
1290565686,249
1290590424,45
1290601520,23
1290601834,30
1290627511,18
1290646752,16
1290650156,25
1290650462,47
1290653606,304
1290660827,34
1290661234,66
1290680922,53
1290682233,26
1290686701,21
1290686985,17
1290695545,14
1290696540,51
1290697920,107
1290700307,52
1290728896,326
1290732504,13
1290749098,90
1290754906,17
1290757367,11
1290767643,26
1290768088,214
1290768901,36
1290776864,11
1290782877,15
1290790488,14
1290804584,12
1290807177,10
1290809573,60
1290823246,17
1290830352,15
1290838121,19
1290838935,11
1290852121,25
1290854596,686
1290857129,44
1290878523,12
1290884614,125
1290897015,23
1290897156,1037
1290898656,43
1290900293,42
1290923480,15
1290927049,15
1290929180,12
1290933935,202
1290947992,60
1290950360,143
1290952186,34
1290956546,30
1290960638,11
1290961602,76
1290979982,131
1290982812,12
1291007526,16
1291031738,47
1291031778,16
1291037585,65
1291037733,19
1291049617,13
1291074566,84
1291080376,15
1291085789,18
1291088056,15
1291088888,18
1291092395,21
1291098094,599
1291098747,15
1291114277,120
1291115716,123
1291116871,25
1291123786,90
1291146703,92
1291154771,54
1291155153,41
1291155173,21
1291157543,712
1291173264,32
1291173267,17
1291189671,14
1291203310,17
1291210160,503
1291214151,148
1291221848,11
1291233408,104
1291242597,619
1291255325,1922
1291280180,69
1291282235,23
1291286746,16
1291296643,15
1291301285,33
1291305333,23
1291322604,56
1291336189,12
1291336217,30
1291336838,37
1291339585,18
1291342338,21
1291351338,21
1291351498,13
1291360022,25
1291383899,10
1291387853,27
1291414309,108
1291421612,81
1291423504,21
1291424008,12
1291431281,69
1291441881,19
1291442636,31
1291455828,26
1291455926,20
1291466723,77
1291466969,5
1291468384,16
1291481144,15
1291490166,251
1291492779,28
1291498626,47
1291499934,36
1291501594,12
1291502015,977
1291502103,28
1291503861,409
1291530267,238
1291531038,13
1291534737,69
1291536810,13
1291543949,12
1291544092,2241
1291571801,96
1291595187,11
1291604065,64
1291613802,137
1291618703,32
1291629775,13
1291629779,10
1291642855,107
1291643562,19
1291644553,25
1291658615,37
1291659044,136
1291660478,30
1291661471,119
1291673784,18
1291675170,13
1291688318,274
1291691703,92
1291693853,27
1291709438,181
1291720073,23
1291727921,15
1291728144,50
1291729207,12
1291734043,64
1291741982,198
1291742788,79
1291748193,31
1291765045,26
1291766087,31
1291773488,14
1291777847,12
1291779094,52
1291779342,37
1291781923,65
1291783779,5666
1291802228,14
1291808712,32
1291831530,23
1291834848,53
1291860076,168
1291886696,20
1291888782,110
1291892045,59
1291896819,250
1291901874,14
1291907563,38
1291915843,14
1291921955,93
1291923249,44
1291928218,550
1291931737,28
1291936449,93
1291950976,25
1291958928,234
1291962137,28
1291969904,64
1291971266,17
1291973553,12
1291974677,15
1291978751,37
1291984090,11
1291987214,28
1291988340,339
1291991682,35
1291993456,12
1291994110,244
1292006968,17
1292018156,14
1292028312,33
1292028472,16
1292033680,95
1292036695,19
1292072706,370
1292088940,571
1292122475,18
1292149371,19
1292158992,357
1292170877,31
1292185453,12
1292186249,52
1292197111,116
1292208306,335
1292208583,46
1292215635,11
1292218441,22
1292223573,11
1292226955,12
1292249533,56
1292251343,23
1292256306,46
1292265540,53
1292266680,632
1292280196,13
1292280249,894
1292287896,15
1292290792,12
1292294946,14
1292295667,17
1292299068,11
1292302215,169
1292320543,24
1292336215,162
1292339579,17
1292341562,95
1292342255,133
1292354118,22
1292354210,75
1292362076,18
1292365126,80
1292373208,22
1292381040,14
1292384008,19
1292406637,1040
1292431002,53
1292434453,18
1292436887,494
1292440059,67
1292440486,24
1292458106,50
1292458261,49
1292458276,62
1292462975,111
1292469953,15
1292472665,29
1292477439,86
1292480695,33
1292482053,194
1292493380,7
1292505690,309
1292523720,19
1292529733,210
1292530568,18
1292532003,33
1292544026,857
1292548604,27
1292550079,37
1292567425,104
1292575405,12
1292581405,35
1292586353,25
1292588083,781
1292591034,29
1292593684,13
1292601409,137
1292602748,14
1292603082,934
1292611271,833
1292612825,11
1292617331,51
1292652711,71
1292661997,65
1292662826,62
1292666572,11
1292668977,177
1292670045,37
1292672931,386
1292678764,32
1292687159,62
1292688393,20
1292699127,18
1292704139,49
1292706893,13
1292707082,27
1292709273,131
1292725081,48
1292726463,77
1292729732,39
1292735425,11
1292752293,15
1292756053,942
1292758637,1125
1292799650,22
1292803076,55
1292805205,20
1292810049,20
1292813857,253
1292815860,65
1292817311,94
1292818025,16
1292826636,13
1292842754,111
1292859223,29
1292864285,619
1292887429,15
1292893151,33
1292896360,12
1292904557,23
1292908333,137
1292915032,93
1292917621,28
1292920091,30
1292930883,26
1292937850,177
1292949057,25
1292959171,98
1292960437,35
1292961099,11
1292965534,14
1292967604,37
1292975337,13
1292983476,12
1292983646,51
1292995916,101
1293002033,175
1293011705,16
1293014571,316
1293016738,15
1293023344,112
1293023679,73
1293029871,32
1293047359,103
1293051640,281
1293054306,726
1293055082,63
1293060614,81
1293066810,37
1293079208,449
1293080938,13
1293082552,11
1293082777,14
1293089313,14
1293097754,29
1293121942,640
1293123016,21
1293128596,653
1293133470,190
1293133608,17
1293144497,25
1293145788,25
1293146740,39
1293152736,20
1293153760,69
1293166992,51
1293174594,52
1293188585,29
1293204556,99
1293213640,11
1293219971,100
1293238217,36
1293242972,13
1293267652,44
1293275849,445
1293282148,15
1293287983,55
1293290940,405
1293297917,13
1293298064,132
1293302148,86
1293329788,181
1293335769,20
1293344456,193
1293344851,16
1293359656,14
1293366476,12
1293371220,875
1293372051,1546
1293373926,29
1293392008,65
1293394740,12
1293395679,31
1293400026,22
1293418144,16
1293424064,12
1293445504,54
1293450941,164
1293473664,651
1293496062,153
1293499204,11
1293519413,22
1293522928,10
1293528120,17
1293528352,273
1293532831,13
1293536570,11
1293548427,406
1293565442,37
1293566414,23
1293583727,132
1293587084,27
1293591465,31
1293596948,11
1293597225,104
1293600453,1100
1293608593,807
1293617341,35
1293625280,12
1293627972,18
1293631192,87
1293640519,474
1293647745,27
1293670798,930
1293691564,95
1293698128,32
1293717587,30
1293717823,135
1293718969,184
1293727298,93
1293729903,139
1293742072,237
1293743886,73
1293746415,23
1293746575,39
1293747025,135
1293801504,43
1293806470,808
1293840610,35
1293842570,86
1293851627,11
1293861908,13
1293889404,94
1293898786,41
1293924437,16
1293928825,43
1293935952,14
1293948993,295
1293950824,11
1293955244,25
1293965946,171
1293975384,45
1294008777,96
1294038867,11
1294058995,14
1294069826,12
1294075523,11
1294080817,14
1294094207,17
1294114499,44
1294119998,22
1294147380,11
1294157055,191
1294164685,80
1294200741,58
1294251753,11
1294259549,15
1294279713,13
1294301160,11
1294305994,13
1294311895,11
1294326780,17
1294335516,11
1294339931,181
1294369296,67
1294382024,52
1294390376,108
1294424063,13
1294427913,166
1294430749,38
1294440483,29
1294459630,69
1294466084,18
1294480204,19
1294485027,18
1294528581,16
1294541211,28
1294544128,979
1294544597,16
1294559854,14
1294562764,433
1294565886,14
1294567068,83
1294586858,37
1294598436,32
1294604196,37
1294614772,41
1294616380,218
1294624577,11
1294625255,34
1294626733,82
1294637523,537
1294651771,27
1294654664,53
1294665149,55
1294667605,17
1294673670,134
1294677362,13
1294678204,131
1294679712,21
1294680964,25
1294686811,132
1294697127,12
1294704254,130
1294722834,169
1294739070,161
1294760990,139
1294763382,14
1294778982,38
1294787951,134
1294799753,14
1294821660,168
1294849806,37
1294852002,18
1294874234,24
1294885537,36
1294904000,77
1294906029,33
1294907218,13
1294939035,76
1294942498,15
1294956555,136
1294964139,932
1294964918,69
1294974964,168
1294988947,380
1294991594,13
1295000646,18
1295002937,80
1295011810,12
1295012792,20
1295039995,357
1295042547,14
1295046960,69
1295051598,102
1295060983,16
1295070151,67
1295073265,222
1295085779,14
1295092827,310
1295108547,41
1295117727,305
1295145837,16
1295154902,1271
1295162156,3
1295166457,22
1295167025,37
1295170501,54
1295183786,12
1295184546,12
1295185242,12
1295186092,17
1295193750,15
1295194584,13
1295196892,15
1295199205,13
1295206342,15
1295262141,13
1295282395,13
1295282888,4
1295293233,15
1295296921,40
1295298451,21
1295303557,15
1295310807,51
1295314945,162
1295320127,32
1295320736,53
1295344808,14
1295352755,17
1295357346,16
1295359708,37
1295363021,133
1295373582,11
1295383219,121
1295386434,13
1295387006,59
1295422942,12
1295438128,36
1295450141,83
1295470853,806
1295478728,14
1295482110,293
1295484476,52
1295495980,11
1295496217,14
1295510275,69
1295512859,15
1295515267,104
1295524525,27
1295531254,1607
1295543570,12
1295554023,105
1295577734,110
1295578280,18
1295581894,103
1295583883,22
1295584891,60
1295589978,11
1295590478,32
1295614877,12
1295618902,62
1295624544,23
1295634529,28
1295648738,257
1295649165,105
1295650615,15
1295653490,33
1295653887,34
1295657237,11
1295658103,21
1295661278,19
1295663128,20
1295663977,10
1295676197,209
1295680592,4
1295688847,109
1295700623,2
1295708862,580
1295714815,17
1295752474,256
1295764899,16
1295765493,15
1295766600,26
1295768859,161
1295773286,1
1295803985,30
1295809480,16
1295814352,23
1295829277,38
1295835040,80
1295858816,40
1295864070,162
1295864331,39
1295872517,20
1295877973,12
1295901464,105
1295902352,16
1295906282,11
1295937847,142
1295965137,57
1295965620,62
1295967737,12
1295970455,104
1295972337,58
1295975920,17
1295985574,69
1295989621,38
1295989737,18
1295991094,28
1295994638,68
1295996145,13
1296000930,51
1296010200,80
1296016994,44
1296021415,28
1296024548,1077
1296036886,2408
1296040105,31
1296041659,103
1296050346,609
1296055654,54
1296056515,19
1296072145,70
1296078951,15
1296090089,20
1296101426,40
1296102301,390
1296107475,782
1296111192,496
1296111638,30
1296111994,18
1296114889,40
1296119852,34
1296129407,10
1296135579,26
1296135758,43
1296137450,11
1296138876,16
1296153067,15
1296163320,21
1296189318,29
1296190079,37
1296243058,21
1296248129,57
1296250451,214
1296256899,11
1296260901,38
1296273774,15
1296300799,4111
1296301313,1038
1296302822,1039
1296312541,48
1296324767,127
1296326316,67
1296344930,515
1296347944,187
1296348059,17
1296349582,214
1296350812,57
1296354941,10
1296365237,269
1296370469,26
1296375920,525
1296381450,25
1296383855,145
1296385256,295
1296390238,13
1296397537,90
1296404338,135
1296408226,16
1296425754,13
1296432061,12
1296432740,59
1296434943,109
1296435222,20
1296438403,28
1296441594,59
1296444434,11
1296449838,74
1296450945,47
1296452875,15
1296462200,242
1296465177,13
1296471020,13
1296471449,1520
1296472403,140
1296476248,22
1296478978,38
1296484148,36
1296537614,11
1296544815,13
1296550039,170
1296553907,14
1296555600,34
1296557893,42
1296570575,44
1296573992,21
1296584227,13
1296585751,258
1296602376,84
1296607973,273
1296627757,956
1296635340,46
1296635666,15
1296643720,29
1296649748,18
1296649839,894
1296661225,127
1296668674,23
1296672011,141
1296678306,295
1296678314,50
1296680841,1310
1296688714,41
1296688895,387
1296711588,242
1296713807,11
1296717138,21
1296734416,12
1296738161,33
1296742217,17
1296751400,137
1296768326,92
1296774563,25
1296775646,28
1296780960,155
1296787820,29
1296792947,46
1296793921,31
1296808521,179
1296814267,12
1296817533,91
1296830362,28
1296833527,50
1296836072,229
1296841294,99
1296854989,136
1296861532,43
1296874887,63
1296882043,28
1296889061,22
1296900853,12
1296903699,17
1296904602,12
1296913096,221
1296922843,15
1296926351,13
1296926632,11
1296929824,13
1296931670,16
1296932035,83
1296935864,123
1296937336,11
1296941059,16
1296944672,21
1296959361,31
1296961913,69
1296963477,394
1296965951,80
1296980330,12
1296981871,55
1296982152,57
1297000919,24
1297003539,32
1297004839,28
1297007256,111
1297007799,14
1297010149,493
1297013313,72
1297019929,48
1297022212,119
1297029834,13
1297030348,19
1297030493,12
1297042736,29
1297049157,13
1297072142,98
1297075250,14
1297089591,184
1297090793,167
1297091782,20
1297099848,26
1297100398,84
1297115272,112
1297115450,99
1297117944,42
1297121898,32
1297147597,27
1297152948,54
1297155925,71
1297161149,21
1297163433,12
1297185351,22
1297186508,62
1297191394,137
1297197707,1
1297197942,97
1297198645,22
1297199648,23
1297201544,12
1297204247,0
1297211063,46
1297212179,114
1297221666,15
1297241435,27
1297245314,62
1297248636,135
1297251847,19
1297263342,21
1297265714,17
1297278222,628
1297287351,12
1297290359,11
1297313158,176
1297316519,6241
1297316564,178
1297317945,30
1297334206,82
1297337135,13
1297343152,34
1297344540,15
1297353293,18
1297368894,11
1297368927,20
1297376870,19
1297377707,12
1297379226,44
1297385317,17
1297385905,13
1297386092,39
1297386391,361
1297390767,14
1297390829,34
1297391498,34
1297393883,17
1297397966,19
1297400572,18
1297413550,17
1297414511,103
1297429458,63
1297429477,38
1297448989,139
1297451632,11
1297461538,13
1297462855,18
1297466672,21
1297478882,32
1297479393,22
1297491478,15
1297510474,18
1297517585,11
1297526964,21
1297534990,32
1297538014,120
1297551407,11
1297553204,106
1297560051,19
1297560842,11
1297567382,29
1297572541,97
1297573774,29
1297574911,46
1297579661,32
1297579800,55
1297586900,32
1297595257,12
1297600783,15
1297607175,82
1297608111,69
1297611216,124
1297616368,14
1297633053,76
1297638533,133
1297643511,17
1297645533,1018
1297650803,18
1297660778,15
1297668161,38
1297684377,16
1297691747,169
1297694352,67
1297701040,19
1297703342,32
1297709406,16
1297730581,17
1297738589,46
1297757117,21
1297762386,13
1297766097,20
1297776074,208
1297776908,129
1297780347,99
1297789435,19
1297797901,54
1297799377,170
1297814636,13
1297827159,119
1297831184,52
1297874042,15
1297878371,121
1297899871,21
1297902282,83
1297912696,139
1297916761,21
1297920557,21
1297937750,21
1297941714,17
1297960940,10
1297972250,52
1297979369,481
1297984221,99
1297985737,108
1297986858,17
1297987227,33
1297988963,105
1297991968,12
1297996943,63
1298001693,76
1298006204,13
1298021489,480
1298031533,160
1298034949,57
1298037639,231
1298047052,13
1298065682,61
1298073124,16
1298076016,18
1298084716,189
1298096233,25
1298105768,20
1298108536,39
1298112590,36
1298115146,114
1298121347,15
1298124536,323
1298127389,53
1298139770,14
1298145673,144
1298153351,41
1298158902,64
1298164075,204
1298174000,18
1298175867,20
1298186451,23
1298188743,39
1298189234,862
1298191005,35
1298203529,34
1298208279,25
1298209482,14
1298212519,11
1298216311,33
1298216890,22
1298217981,11
1298228264,20
1298235708,18
1298244810,1358
1298248424,27
1298265782,179
1298271854,32
1298282884,99
1298282939,132
1298301815,688
1298301851,11
1298306683,44
1298311899,15
1298314398,16
1298317899,31
1298319935,11
1298324581,105
1298330759,15
1298330762,149
1298335317,12
1298351236,12
1298351661,12
1298354563,57
1298354719,40
1298373096,21
1298373549,14
1298381505,50
1298389464,26
1298394175,125
1298402208,22
1298402291,22
1298402884,99
1298416012,16
1298420807,16
1298427761,43
1298441011,93
1298444438,33
1298458766,119
1298494423,27
1298500250,50
1298511776,11
1298518446,14
1298522061,26
1298524881,16
1298526427,12
1298531535,24
1298540929,157
1298568456,14
1298569568,45
1298598437,21
1298605985,35
1298611557,187
1298661166,21
1298661864,51
1298662780,44
1298664835,27
1298677021,15
1298696137,8554
1298699871,26
1298699946,12
1298703923,19
1298710636,108
1298717535,17
1298735948,200
1298757994,19
1298760593,176
1298761206,25
1298776816,56
1298780689,107
1298781357,112
1298783167,38
1298783547,13
1298794128,51
1298803736,33
1298809265,12
1298809747,20
1298817286,55
1298818939,32
1298825209,1721
1298833847,27
1298835702,29
1298841963,13
1298849251,208
1298852328,46
1298874131,17
1298890469,26
1298890549,1537
1298907438,11
1298912593,28
1298912749,75
1298912807,225
1298916380,41
1298933079,95
1298948475,17
1298954696,89
1298962178,16
1298962714,106
1298977090,457
1298994476,12
1298997344,23
1298998324,1649
1299013183,12
1299021024,11
1299021923,20
1299023861,226
1299043514,271
1299058088,95
1299059228,418
1299064384,18
1299071115,17
1299074098,17
1299075417,33
1299075519,205
1299075525,28
1299086165,22
1299096615,28
1299098282,15
1299101460,19
1299102186,14
1299103445,25
1299104550,69
1299108987,154
1299109556,160
1299119693,15
1299120455,11
1299128832,14
1299132400,14
1299132437,15
1299133936,209
1299153287,42
1299172984,20
1299183411,45
1299193892,13
1299196724,20
1299225226,111
1299227072,788
1299238284,17
1299238433,139
1299239337,51
1299248993,18
1299251844,14
1299255113,161
1299261309,18
1299266129,245
1299274014,18
1299283711,14
1299297301,70
1299299202,32
1299300597,20
1299306532,157
1299316742,65
1299322393,19
1299332215,20
1299332376,131
1299332647,16
1299352195,52
1299359887,21
1299363480,18
1299377098,53
1299377596,79
1299381557,158
1299391180,132
1299391914,24
1299395003,14
1299402689,38
1299405532,105
1299411037,14
1299415612,103
1299424782,18
1299427635,12
1299436675,51
1299444163,82
1299446983,132
1299449396,14
1299460293,501
1299469235,17
1299472893,207
1299481757,18
1299483807,60
1299499111,51
1299501821,11
1299504474,168
1299510850,15
1299516451,43
1299516812,64
1299518666,334
1299521785,20
1299531705,17
1299534286,14
1299542547,159
1299544119,32
1299550692,63
1299564899,18
1299570761,30
1299573741,40
1299585779,21
1299592457,11
1299593939,24
1299608688,30
1299619059,51
1299619868,295
1299627068,60
1299628213,20
1299635121,69
1299639457,153
1299650759,18
1299691584,169
1299702144,12
1299704239,13
1299711281,20
1299715232,36
1299734316,184
1299750967,98
1299751691,0
1299769220,10059
1299770029,11
1299809384,14
1299811667,59
1299816105,12
1299820860,524
1299827099,177
1299833043,27
1299839177,22
1299847522,13
1299849814,20
1299851932,21
1299864365,18
1299869694,36
1299885911,483
1299896218,87
1299907984,23
1299929539,14
1299936609,411
1299946390,19
1299948312,39
1299952233,354
1299952957,82
1299953207,25
1299963641,78
1299964707,12
1299965162,51
1299966529,457
1299969979,78
1299969985,25
1299980464,48
1299986260,65
1299986993,20
1300023993,162
1300024503,417
1300030250,25
1300040942,86
1300044327,11
1300059342,83
1300071253,16
1300071984,26
1300084498,51
1300088092,29
1300107229,36
1300108628,183
1300123581,183
1300130121,22
1300134200,142
1300140564,47
1300144318,128
1300145782,149
1300153697,278
1300163727,16
1300164869,16
1300165290,141
1300168072,140
1300171107,127
1300173275,655
1300181963,106
1300184722,23
1300197094,18
1300200526,13
1300204002,129
1300204425,646
1300211152,140
1300212740,73
1300220661,125
1300229326,19
1300230372,89
1300237368,140
1300241319,19
1300242971,127
1300259063,140
1300265377,140
1300269999,17
1300271089,40
1300271177,41
1300271266,40
1300271366,42
1300271521,41
1300273081,37
1300277628,144
1300282659,81
1300282686,17
1300286845,57
1300287685,10
1300290874,28
1300293955,25
1300293986,177
1300295755,17
1300296756,16
1300301101,39
1300333512,139
1300337557,36
1300342376,14
1300374453,115
1300393596,0
1300401366,26
1300402437,61
1300418295,405
1300430658,59
1300438415,21
1300442898,87
1300446024,14
1300446537,129
1300459912,37
1300470235,23
1300484864,191
1300502001,57
1300521661,12
1300523446,56
1300531108,23
1300541341,89
1300541916,53
1300555995,641
1300568623,13
1300573378,50
1300576199,14
1300577620,24
1300585573,15
1300589372,24
1300596785,94
1300599779,97
1300600847,20
1300608745,13
1300610806,27
1300611018,181
1300612704,2116
1300619513,19
1300628885,19
1300631934,52
1300644821,26
1300660330,24
1300666568,40
1300667851,20
1300682631,24
1300707779,15
1300711133,14
1300713717,26
1300715013,30
1300719974,238
1300725289,20
1300735116,27
1300757259,72
1300781672,136
1300791877,42
1300815089,13
1300819170,269
1300825690,12
1300825775,837
1300827846,16
1300835670,22
1300838692,13
1300842713,16
1300874608,12
1300882050,13
1300901348,25
1300901573,13
1300902838,25869
1300907089,41
1300919728,17
1300920852,22
1300925674,13
1300926657,35
1300955288,13
1300982703,48
1300983367,16
1300983387,241
1300991151,77
1300993394,14
1300995235,36
1301005835,35
1301016329,23
1301017059,16
1301035913,24
1301065951,27
1301067430,20
1301073151,75
1301078425,46
1301103236,104
1301105296,299
1301107406,12
1301120666,40
1301131750,203
1301135117,22
1301140584,129
1301140808,12672
1301143981,16
1301149423,22
1301150154,15
1301161602,13
1301161752,213
1301178592,62
1301196895,214
1301199747,32
1301201613,152
1301214182,14
1301224634,30
1301231972,218
1301238021,100
1301246878,20
1301254363,11
1301254884,224
1301262267,25
1301266742,42
1301269170,25
1301277455,18
1301292883,27
1301304056,61
1301304237,87
1301312343,164
1301318281,21
1301322902,24
1301323244,21
1301347593,13
1301348114,99
1301348989,13
1301356813,12
1301366518,27
1301371493,15
1301373645,17
1301374527,25
1301376039,169
1301376665,15
1301386747,63
1301389817,13
1301401232,19
1301417762,19
1301419178,18
1301421907,12
1301439040,27
1301445158,27
1301448027,42
1301454477,16
1301455815,25
1301458181,18
1301463756,11
1301466742,0
1301469329,93
1301471093,15
1301472408,12
1301485123,1448
1301485816,431
1301491918,45
1301492559,45
1301493865,20
1301494149,12
1301498505,43
1301498945,155
1301502264,43
1301518021,44
1301525143,23
1301527869,37
1301528097,64
1301533608,101
1301540478,138
1301558649,17
1301563271,149
1301565741,13
1301570059,237
1301575666,11
1301596482,70
1301597356,14020
1301607598,1176
1301611769,16
1301639709,18
1301640367,138
1301641528,27
1301643310,29
1301645599,138
1301653337,669
1301657572,562
1301667013,45
1301672719,617
1301683816,373
1301693327,33
1301707902,12
1301709626,65
1301725592,17
1301738357,15
1301756334,30
1301774983,44
1301788801,11
1301790724,41
1301793165,12
1301796528,56
1301809788,12
1301812872,48
1301819599,16
1301841465,51
1301842269,13
1301856089,61
1301856519,54
1301861241,30
1301870117,23
1301875103,15
1301898837,36
1301903391,172
1301910694,12
1301917947,24
1301934220,12
1301938254,16
1301958727,16
1301969071,24
1301983899,73
1301987551,26
1301992438,21
1301993377,12
1301998668,14
1302005433,18
1302010381,20
1302014092,13
1302019080,244
1302019326,50
1302029387,31
1302029423,19
1302030647,15
1302031002,117
1302033406,11
1302037370,18
1302045369,68
1302055571,11
1302067941,21
1302077273,1204
1302080030,15
1302087529,12
1302093382,420
1302124928,29
1302164086,29
1302170043,122
1302170604,23
1302172683,870
1302190660,63
1302202107,59
1302202880,35
1302223856,55
1302242606,18
1302252210,121
1302262750,121
1302268312,20
1302269184,21
1302273154,90
1302277405,21
1302287414,67
1302291872,21
1302296412,18
1302297046,16
1302297836,29
1302315783,31
1302319451,33
1302326901,22
1302327379,24
1302329332,93
1302335558,26
1302375379,91
1302393186,15
1302398032,1923
1302409680,846
1302413366,18
1302419828,43
1302426780,29
1302427034,22
1302442495,11
1302448737,378
1302460137,163
1302464336,14
1302471470,20
1302482437,25
1302483274,93
1302484474,26
1302494840,13
1302496224,913
1302501377,14
1302513724,35
1302521362,30
1302522817,13
1302531339,163
1302544971,196
1302549724,119
1302552260,14
1302584359,28
1302595848,73
1302610309,18
1302615481,25
1302629692,33
1302634008,19
1302637373,13
1302641378,54
1302643506,106
1302655029,12
1302657908,21
1302669715,24
1302690078,1641
1302692944,46
1302701321,30
1302709654,15
1302734131,17
1302746638,21
1302754323,31
1302756008,1455
1302761259,75
1302778457,24
1302780148,26
1302793047,35
1302800669,18
1302801301,20
1302802371,112
1302812797,11
1302835106,12
1302856834,16
1302875835,13
1302888707,39
1302893901,15
1302911872,77
1302914488,28
1302915552,344
1302920880,21
1302925060,72
1302937875,27
1302938232,24
1302961227,43
1302962846,77
1302984367,104
1302986554,910
1302987358,34
1302988703,70
1303008060,96
1303020015,287
1303030097,60
1303043661,16
1303050614,20
1303051373,17
1303057578,14
1303075050,268
1303082204,180
1303090597,14
1303104453,56
1303104741,14
1303106583,31
1303110640,43
1303111815,31
1303113964,43
1303123981,20
1303124963,83
1303160078,27
1303179284,13
1303197338,41
1303207414,51
1303214804,40
1303225493,14
1303228846,14
1303237716,19
1303245406,13
1303253010,102
1303257127,95
1303258850,3158
1303265999,176
1303275522,11
1303286155,27
1303294638,42
1303306436,35
1303311265,11
1303315918,225
1303322746,32
1303323911,194
1303358961,15
1303365335,34
1303388198,387
1303415892,18
1303424682,13
1303430390,89
1303444609,1476
1303452678,83
1303463449,134
1303475491,37
1303494416,1169
1303499948,14
1303503512,26
1303504717,99
1303510493,15
1303516931,545
1303528937,70
1303542206,70
1303546492,118
1303558514,172
1303563430,52
1303576851,1229
1303612962,33
1303627608,25
1303648567,44
1303649436,12
1303650717,14
1303654689,26
1303659182,119
1303663690,36
1303663929,16
1303665181,70
1303694788,19
1303698387,15
1303700237,16
1303711609,716
1303715087,220
1303720794,26
1303725660,32
1303760460,29
1303763995,33
1303775804,25
1303777396,15
1303780153,27
1303792328,23
1303808471,37
1303816773,18
1303829880,2688
1303838051,11
1303840800,91
1303843138,48
1303846871,22
1303848201,106
1303848744,13
1303852154,16
1303852365,15
1303856272,24
1303882206,12
1303900797,51
1303908751,21
1303913048,18
1303942681,57
1303943786,18
1303945692,40
1303951648,146
1303954218,28
1303954895,18
1303964380,14
1303967338,21
1303967412,39
1303984411,50
1303989795,11
1303993210,12
1303996759,18
1304005951,14
1304007356,22
1304009131,31
1304012236,73
1304014128,62
1304019895,84
1304024914,33
1304027230,150
1304050127,11
1304052892,17
1304056775,212
1304080289,58
1304094516,53
1304107002,20
1304125705,21
1304129036,1064
1304146485,23
1304149672,172
1304152620,19
1304159264,6258
1304160686,11
1304174300,224
1304196000,13
1304196094,19
1304207622,4416
1304222831,149
1304225766,13
1304226508,12
1304229261,518
1304232661,42
1304234956,22
1304237262,46
1304238224,16
1304238567,82
1304242618,25
1304246254,12
1304260727,46
1304294655,11
1304306112,23
1304315081,102
1304318009,14
1304322497,51
1304333897,29
1304335866,30
1304336034,12
1304337507,41
1304341067,34
1304347403,11
1304349828,78
1304349839,20
1304351988,12
1304355918,16
1304359065,200
1304373890,20
1304378523,37
1304378982,36
1304380332,12
1304384931,66
1304404625,13
1304407094,152
1304423757,31
1304431028,124
1304442749,19
1304443708,14
1304444662,42
1304451904,156
1304467806,56
1304471702,85
1304473868,25
1304488632,31
1304488811,23
1304493978,21
1304495415,119
1304495445,14
1304501122,52
1304506703,32
1304517830,20
1304518726,126
1304519591,39
1304520950,15
1304526833,13
1304529385,166
1304529863,63
1304537180,16
1304537472,78
1304539881,15
1304542808,47
1304556871,32
1304559533,29
1304567127,47
1304567934,24
1304583136,13
1304586137,18
1304591688,25
1304593240,11
1304594889,11
1304595029,159
1304597154,21
1304599770,31
1304607940,12
1304610471,12
1304628584,20
1304631348,34
1304632302,42
1304663770,163
1304669452,48
1304671769,51
1304679633,32
1304680116,56
1304682395,16
1304694242,26
1304694611,27
1304696083,99
1304696714,1021
1304697544,17
1304731994,25
1304734752,19
1304747155,150
1304750838,3
1304753624,28
1304758893,76
1304766813,51
1304775452,101
1304785049,24
1304794847,32
1304799387,32
1304802486,18
1304806937,29
1304818308,19
1304821256,15
1304827709,0
1304828386,39
1304828882,0
1304832932,48
1304837172,60
1304837388,15
1304837809,89
1304843457,204
1304856087,31
1304862483,25
1304863350,13
1304888461,70
1304901279,68
1304911834,14
1304923286,35
1304926283,113
1304927496,195
1304930510,28
1304957651,1190
1304962944,11
1304963373,34
1304980197,13
1304985779,73
1304988216,16
1304995104,17
1304995293,19
1304997851,105
1305001221,104
1305002900,11
1305006110,12
1305019885,12
1305021260,23
1305036742,14
1305037983,162
1305045933,35
1305046490,28
1305049060,11
1305054288,17
1305056966,130
1305056996,30
1305058794,687
1305081749,42
1305087722,18
1305087895,37
1305091317,32
1305103103,80
1305115824,146
1305117762,76
1305120640,132
1305129752,60
1305133774,103
1305146030,37
1305148975,125
1305151705,68
1305155429,34
1305161350,22
1305176990,16
1305178119,306
1305179696,75
1305184384,18
1305186432,21
1305188958,17
1305192376,327
1305195833,14
1305199771,21
1305202283,82
1305213459,26
1305213711,26
1305226250,26
1305228500,16
1305235960,24
1305236221,15
1305243497,2554
1305247069,21
1305262154,91
1305266704,15
1305267585,194
1305271574,47
1305279821,28
1305283849,190
1305286302,18
1305295802,18
1305317087,27
1305322797,123
1305325533,50
1305361578,76
1305361794,63
1305375036,35
1305383508,1591
1305384204,30
1305391575,96
1305402694,63
1305405354,109
1305421235,457
1305422688,144
1305428722,120
1305444772,149
1305457480,123
1305464963,13
1305466278,472
1305472088,11
1305475154,59
1305475918,275
1305476274,16
1305486782,15
1305490851,201
1305492582,25
1305498575,620
1305507742,37
1305508043,47
1305514578,16
1305527469,19
1305535459,42
1305540288,74
1305545535,347
1305549420,18
1305550169,11
1305551862,469
1305553926,12
1305556195,116
1305561172,21
1305570895,17
1305587608,75
1305588644,13
1305591013,23
1305603066,16
1305606229,145
1305616760,14
1305624022,463
1305625451,34
1305628084,58
1305637317,14
1305651780,12
1305660185,17
1305662779,29
1305663861,5994
1305667339,66
1305679958,26
1305682786,17
1305699858,11
1305704141,56
1305707360,24
1305709115,19
1305715709,21
1305721097,15
1305731992,35
1305741457,180
1305741622,21
1305744986,51
1305755468,70
1305772131,165
1305773751,15
1305774331,80
1305780550,47
1305782176,22
1305788388,19
1305789974,30
1305790403,13
1305792661,73
1305796151,152
1305797201,86
1305803446,271
1305806069,29
1305806147,36
1305812425,28
1305814109,78
1305814495,19
1305816675,19
1305818123,29
1305824431,14
1305828240,43
1305841714,44
1305844835,92
1305848083,13
1305848792,11
1305853976,11
1305862430,22
1305863428,13
1305863751,13
1305864535,31
1305877496,72
1305900997,12
1305904986,45
1305919833,56
1305923374,12
1305945075,276
1305949408,9
1305990791,77
1306012498,293
1306022100,15
1306026425,20
1306027397,19
1306049663,12
1306059784,35
1306061660,13
1306065843,2674
1306100351,14
1306119612,28
1306128367,14930
1306128677,18
1306129196,45
1306138051,12
1306142266,68
1306145188,14
1306154480,38
1306154585,83
1306167802,12
1306169988,123
1306183965,58
1306195002,75
1306196215,42
1306213287,40
1306234870,23
1306237950,43
1306263750,16
1306272254,39
1306272949,249
1306273589,44
1306275910,31
1306277970,12
1306298776,77
1306302333,26
1306308600,25
1306313813,16
1306318768,235
1306319469,19
1306319471,21
1306319479,20
1306326204,243
1306330232,20
1306331131,18
1306332390,12
1306335487,34
1306342221,14
1306353245,32
1306364195,95
1306378942,81
1306386497,25
1306401233,22
1306402179,8
1306402746,8
1306405145,13
1306408422,105
1306411267,16
1306413888,32
1306427790,20
1306430083,486
1306439313,29
1306443880,996
1306446403,110
1306447506,491
1306448176,61
1306448250,11
1306451998,20
1306471514,14
1306482063,165
1306485176,96
1306493579,11
1306494403,55
1306496047,41
1306496060,108
1306498057,13
1306500877,45
1306503677,812
1306505953,44
1306512034,36
1306537922,28
1306539048,42
1306551257,24
1306551587,102
1306568539,139
1306578822,52
1306586377,33
1306595286,189
1306600992,23
1306607268,206
1306613830,201
1306616266,33
1306633324,12
1306656310,125
1306659537,51
1306662378,122
1306664176,364
1306694574,60
1306697289,11
1306706347,36
1306722822,2362
1306725865,58
1306727166,16
1306733753,1337
1306736699,41
1306741502,13
1306743583,249
1306758289,1279
1306768200,1851
1306781567,18
1306804150,113
1306826997,44
1306834767,58
1306836270,290
1306846091,20
1306848735,20
1306851637,9
1306851819,21
1306869516,7
1306872292,6
1306876863,5
1306882201,16
1306883915,20
1306886896,37
1306900312,1
1306905377,16
1306907703,35
1306912075,0
1306918164,1028
1306932520,70
1306938692,25
1306959362,18
1306960192,22
1306969596,130
1306985935,115
1306986142,12
1306989887,1959
1307004566,35
1307024852,27
1307025984,211
1307038453,1
1307060259,17
1307065127,13
1307065754,36
1307068134,61
1307070667,183
1307074936,21
1307084089,326
1307084846,128
1307096111,26
1307097672,46
1307104496,86
1307110961,11
1307119235,67
1307122649,14
1307125130,11
1307144877,19
1307154301,300
1307157054,56
1307160977,67
1307161130,71
1307168916,16
1307169447,88
1307178612,12
1307178735,99
1307180092,12
1307183421,15
1307194740,29
1307197725,241
1307202159,290
1307203323,76
1307213552,47
1307221879,44
1307230282,14
1307234647,13
1307244279,54
1307248901,48
1307252454,1085
1307266417,110
1307270186,17
1307270471,15
1307270857,54
1307285110,106
1307328321,75
1307341214,25
1307347876,13
1307350189,290
1307351082,38
1307354870,14
1307359698,65
1307372176,17
1307376509,104
1307379556,246
1307383231,2551
1307394829,14
1307404521,11
1307409549,12
1307416356,12
1307425320,22
1307432618,79
1307448787,101
1307465082,16
1307467681,31
1307476583,13
1307486190,1502
1307488192,20
1307488992,185
1307489758,14
1307514479,88
1307527826,21
1307547413,12
1307559411,33
1307567870,74
1307568662,2695
1307584540,50
1307588143,44
1307596191,23
1307603352,51
1307624256,20
1307628678,12
1307633669,61
1307643131,12
1307646804,16
1307649454,43
1307649953,80
1307671429,18
1307673508,36
1307679581,1943
1307694207,22
1307697837,57
1307703830,160
1307704843,12
1307713600,21
1307720625,17
1307733763,81
1307742719,20
1307762938,316
1307767186,22
1307773072,38
1307773990,23
1307787792,91
1307790733,110
1307805451,45
1307807240,36
1307809022,25
1307815143,14
1307817867,20
1307818034,85
1307821649,30
1307831948,12
1307836085,22
1307873912,26
1307885966,33
1307893307,23
1307896324,14
1307911548,52
1307913805,17
1307918371,15
1307944394,45
1307949895,11
1307952399,22
1307954344,105
1307966960,22
1307972723,16
1307984484,207
1307987666,55
1307990988,12
1307992645,28
1308019466,23
1308040005,80
1308045091,22
1308097408,17
1308102087,39
1308110606,16
1308122629,51
1308123071,25
1308124634,86
1308138907,18
1308149332,280
1308192854,11
1308206794,16
1308229925,12
1308234922,3014
1308268969,66
1308288667,123
1308295979,60
1308316384,24
1308327451,20
1308331067,17
1308336615,19
1308340659,11
1308352598,23
1308359696,14
1308361498,39
1308364098,16
1308369084,54
1308397376,53
1308398292,13
1308400131,20
1308404399,243
1308410531,25
1308419721,42
1308444605,28
1308447765,55
1308448263,96
1308448270,299
1308458265,52
1308458354,380
1308460307,638
1308479983,42
1308481724,39
1308482715,22
1308499720,13
1308503336,14
1308521113,56
1308521559,142
1308530009,95
1308535464,32
1308538112,117
1308545018,22
1308548569,28
1308555341,21
1308558657,272
1308565466,16
1308567776,13
1308579255,18
1308593621,372
1308599537,79
1308602622,36
1308603606,32
1308612950,170
1308622617,52
1308635689,47
1308635795,17
1308648534,603
1308673015,17
1308686491,139
1308708421,97
1308739986,22
1308745348,15
1308747824,19
1308758430,18
1308766310,13
1308779766,23
1308788921,19
1308795025,299
1308801528,35
1308805179,42
1308813487,95
1308815776,56
1308834602,19
1308843906,378
1308844682,23
1308850915,41
1308865998,24
1308867877,43
1308873515,84
1308878403,32
1308921817,21
1308924757,69
1308942123,392
1308959443,58
1308968509,16
1309035989,15
1309048757,305
1309051991,18
1309088427,19
1309088889,166
1309091925,107
1309102418,2246
1309107879,124
1309116723,33
1309124917,16
1309135706,200
1309137852,15
1309144942,12
1309151187,42
1309160635,13
1309164822,20
1309188262,13
1309225609,13
1309245485,12
1309246845,72
1309249926,39
1309280330,15
1309282831,540
1309341321,216
1309343607,13
1309348250,67
1309349093,13
1309360788,43
1309370339,17
1309385521,21
1309391856,16
1309399723,201
1309403290,12
1309407208,25
1309425913,42
1309433170,15
1309433504,75
1309435192,36
1309437536,519
1309451980,3269
1309472658,17
1309476358,149
1309487694,25
1309499087,1113
1309505221,1201
1309510538,39
1309540034,19
1309553976,21
1309554690,253
1309561049,13
1309585508,1056
1309586086,45
1309586764,12
1309587458,166
1309597733,19
1309601929,22
1309611294,19
1309617936,33
1309620561,12
1309631593,13
1309640971,38
1309647838,64
1309661157,13
1309661906,197
1309664593,75
1309664986,76
1309668849,118
1309671224,34
1309676304,26
1309680814,14
1309681281,19
1309681855,219
1309681945,19
1309687875,16
1309701466,15
1309703648,49
1309704070,23
1309709313,44
1309712229,15
1309738430,15
1309751899,3146
1309759774,101
1309760179,66
1309781127,92
1309782162,22
1309790222,26
1309793819,22
1309799622,26
1309804498,22
1309804746,23
1309815142,30
1309818833,56
1309830743,16
1309831189,23
1309832934,20
1309836866,201
1309846574,72
1309857238,129
1309873735,16
1309889408,17
1309902610,95
1309907019,31
1309914275,11
1309929858,13
1309939393,13
1309949076,61
1309964649,29
1309965117,57
1309972807,25
1309990836,1
1309992998,65
1309994258,23
1309996887,21
1309997615,23
1310007456,26
1310007689,13
1310013986,441
1310014869,342
1310038761,18
1310045865,11
1310057619,4130
1310066833,63
1310082015,28
1310097724,41
1310109196,230
1310126867,206
1310139882,43
1310140413,11
1310156788,28
1310159401,35
1310161451,39
1310162837,1030
1310187403,14
1310191503,31
1310199195,14
1310208173,30
1310243342,66
1310243752,57
1310254507,21
1310260640,29
1310271207,224
1310274020,47
1310274582,50
1310285353,92
1310294466,99
1310296661,69
1310307310,249
1310309392,56
1310313058,12
1310314263,32
1310314499,15
1310318281,1
1310380073,72
1310383349,17
1310396953,18
1310406084,23
1310428322,169
1310429236,58
1310474846,66
1310495129,11
1310500533,14
1310505194,18
1310538762,76
1310543401,149
1310577552,25
1310586510,102
1310594307,83
1310601561,30
1310610581,25
1310624440,239
1310624630,620
1310629295,21
1310630466,29
1310632392,22
1310636883,13
1310641242,19
1310650417,17
1310665145,15
1310666689,1812
1310679785,45
1310681525,16
1310682277,29
1310687669,38
1310691580,951
1310692055,26
1310696198,17
1310700974,87
1310705177,5
1310715414,180
1310716843,151
1310727310,25
1310736783,14
1310741811,421
1310748800,189
1310757100,137
1310757503,11
1310758816,1109
1310767243,130
1310767575,18
1310782328,26
1310785779,15
1310788413,24
1310791404,378
1310798572,16
1310813330,262
1310819016,25
1310825919,55
1310830484,66
1310844245,38
1310847317,1096
1310858736,11
1310865330,296
1310871684,21
1310874500,130
1310885424,32
1310891138,85
1310902433,175
1310940802,74
1310964744,30
1310966347,46
1310967763,54
1310968158,160
1310973801,43
1310976735,27
1310981351,93
1310982497,61
1311000427,31
1311004634,15
1311043182,11
1311058503,51
1311071006,18
1311085469,166
1311089623,14
1311096964,46
1311098573,14
1311124886,26
1311138783,12
1311147433,54
1311153410,352
1311160595,13
1311163719,43
1311174165,77
1311175410,23
1311186098,25
1311196031,16
1311213274,39
1311225763,620
1311242301,33
1311250427,69
1311257557,1
1311273226,20
1311304578,95
1311307019,42
1311313529,349
1311345825,12
1311349557,23
1311384232,1083
1311411474,98
1311422733,12
1311424418,28
1311425451,12
1311437062,22
1311468146,34
1311473088,37
1311485484,90
1311494325,24
1311500998,17
1311501610,17
1311502074,18
1311502709,19
1311503215,17
1311503723,12
1311504457,16
1311505830,12
1311529044,17
1311578618,21
1311581613,13
1311615093,21
1311616339,42
1311630122,36
1311640403,50
1311664525,144
1311668806,58
1311673540,23
1311678225,153
1311686694,46
1311697330,92
1311705381,76
1311705407,14
1311706813,30
1311716728,170
1311726422,21
1311732585,21
1311737455,12
1311739668,16
1311740729,22
1311760177,21
1311760221,11
1311762905,57
1311769536,56
1311777322,28
1311777851,15
1311803282,16
1311807280,43
1311807406,173
1311829424,11
1311833401,23
1311854354,130
1311869304,12
1311892484,13
1311901064,61
1311914043,64
1311921003,70
1311928786,11
1311936638,39
1311956660,23
1311957569,49
1311964297,44
1311982302,19
1311998459,50
1312008708,110
1312026582,108
1312027571,26
1312029783,206
1312033853,22
1312038136,14
1312038724,47
1312044635,22
1312045449,19
1312049432,23
1312049524,315
1312051024,17
1312052589,19
1312055438,19
1312055731,17
1312056523,17
1312070559,45
1312090216,11
1312098151,13
1312117697,128
1312126862,17
1312139641,13
1312142639,640
1312150421,126
1312153246,124
1312158011,70
1312158335,1434
1312161341,88
1312193222,115
1312196199,18
1312198605,168
1312220956,293
1312224999,49
1312228909,15
1312239443,15
1312245950,337
1312247338,56
1312249564,21
1312257227,3243
1312258286,11
1312278161,20
1312280882,269
1312288602,298
1312292672,53
1312306755,25
1312346598,55
1312346934,63
1312375880,168
1312403743,16
1312406410,29
1312422942,70
1312424308,13
1312428500,37
1312438113,18
1312446183,100
1312466494,47
1312473145,58
1312477654,91
1312485662,132
1312488824,483
1312517093,34
1312532956,13
1312538053,13
1312540818,36
1312543008,16
1312545580,30
1312545887,58
1312546480,82
1312547265,33
1312554298,650
1312554404,452
1312563136,13
1312564120,64
1312574524,17
1312580372,89
1312590850,81
1312591765,189
1312609286,518
1312610893,23
1312612110,11
1312619737,436
1312627260,62
1312665350,250
1312680132,48
1312685460,33
1312693131,15
1312693622,17
1312698116,33
1312710283,227
1312716448,125
1312723278,232
1312728158,14
1312729279,113
1312738975,13
1312740155,34
1312752179,132
1312756784,102
1312759592,284
1312762173,231
1312806315,36
1312807575,1219
1312808843,11
1312835170,35
1312835660,18
1312859624,15
1312866998,46
1312879027,49
1312879869,16
1312902046,94
1312909652,144
1312909869,48
1312910397,11
1312912332,13
1312919844,26
1312920018,28
1312920802,15
1312924030,45
1312924533,11
1312924592,46
1312925920,30
1312927051,27
1312934614,23
1312949602,34
1312949782,109
1312956538,14
1312957276,30
1312966353,17
1312985238,21
1312987866,24
1312990898,28
1313000137,60
1313004200,23
1313011686,86
1313026445,101
1313032827,68
1313041772,339
1313064103,68
1313070818,12
1313085544,53
1313088952,13
1313106112,11
1313130082,10
1313138826,56
1313142522,79
1313164370,63
1313166155,70
1313181765,84
1313197580,42
1313214764,40
1313215450,814
1313222155,11
1313225248,101
1313236648,37
1313239727,142
1313243427,14
1313281849,14
1313288190,27
1313290235,52
1313295846,55
1313300049,37
1313325215,100
1313351403,94
1313352721,89
1313355587,27
1313358017,115
1313360734,40
1313362873,15
1313374269,24
1313375317,100
1313378548,120
1313381402,65
1313392636,29
1313397312,77
1313411155,40
1313427207,11
1313430820,18
1313432487,38
1313434625,664
1313435339,2219
1313435665,20
1313436648,50
1313451184,263
1313453387,25
1313463885,32
1313488505,19
1313488876,12
1313512177,11
1313524608,16
1313548808,53
1313549651,16
1313550097,12
1313550111,36
1313573635,280
1313576395,8571
1313580625,22
1313594931,25
1313605451,13
1313610207,38
1313612260,19
1313614650,471
1313635970,42
1313670990,16
1313671055,41
1313678749,38
1313691908,20
1313699888,12
1313732283,204
1313733120,11
1313733249,3
1313742872,12
1313744584,21
1313763142,72
1313785939,158
1313805296,48
1313805761,16
1313808387,77
1313817088,148
1313835429,21
1313843554,135
1313844277,104
1313865197,16
1313886041,60
1313902928,11
1313905017,14
1313919481,78
1313919842,23
1313921896,107
1313941347,24
1313950222,34
1313951228,112
1313954221,37
1313966068,1080
1313978749,15
1313993247,34
1313999061,34
1314005304,30
1314007736,24
1314017272,22
1314017288,12
1314029122,82
1314033208,46
1314035762,13
1314036825,111
1314048518,2150
1314064046,27
1314070900,80
1314075859,138
1314077782,14
1314090794,16
1314104494,90
1314105991,74
1314112828,37
1314121831,24
1314131289,78
1314140996,59
1314141621,26
1314159634,35
1314180940,22
1314181734,16
1314190101,122
1314213737,224
1314223012,111
1314223440,33
1314243622,56
1314267613,81
1314272530,16
1314277259,31
1314289943,28
1314300684,53
1314304412,110
1314331320,67
1314351367,20
1314351515,15
1314365508,9
1314368765,335
1314372174,15
1314384305,13
1314400315,11
1314404827,771
1314407693,11
1314411582,37
1314411983,12
1314426744,17
1314435335,51
1314435709,18
1314437735,46
1314446438,329
1314448411,13
1314502072,16
1314507647,30
1314510451,84
1314513956,65
1314515526,17
1314518085,454
1314521366,29
1314525428,81
1314530051,12
1314535038,327
1314549531,46
1314553634,185
1314556783,157
1314575500,11
1314575864,67
1314577732,40
1314582570,13
1314587317,57
1314597444,344
1314606490,42
1314609786,102
1314650261,17
1314665580,111
1314692458,45
1314696900,42
1314708146,25
1314719265,41
1314751354,17
1314761721,26
1314771915,122
1314775126,3
1314785707,139
1314787397,205
1314793770,87
1314796671,85
1314797404,43
1314810821,15
1314828347,67
1314839093,86
1314848571,12
1314861868,44
1314897407,13
1314898286,35
1314902293,13
1314907124,18
1314908790,907
1314921459,14
1314930526,68
1314930742,32
1314935411,31
1314939164,23
1314942306,14
1314955865,14
1314963175,211
1314965195,23
1314965780,11
1315002015,20
1315011203,13
1315013718,45
1315019806,110
1315046220,13
1315060524,142
1315090338,27
1315107360,165
1315124331,16
1315148422,114
1315161527,14
1315162321,13
1315174739,45
1315202731,35
1315206477,13
1315250209,67
1315253319,19
1315259344,122
1315261510,15
1315264982,205
1315274753,24
1315310857,305
1315325448,119
1315345631,11
1315360669,234
1315380003,14
1315384578,171
1315386783,15
1315387640,13
1315396243,31
1315403737,29
1315417479,23
1315423038,12
1315424242,2227
1315427742,63
1315458055,220
1315467948,30
1315496140,622
1315506094,24
1315507441,13
1315524449,41
1315554178,19
1315554554,17
1315555252,103
1315559738,68
1315590382,52
1315593981,161
1315606516,12
1315608225,38
1315612819,16
1315615915,30
1315616754,18
1315617533,16
1315624465,98
1315633191,304
1315636287,158
1315650270,25
1315653133,58
1315655500,11
1315666966,709
1315694205,53
1315704673,847
1315704894,30
1315719035,52
1315725201,2
1315727835,31
1315754570,28
1315759320,15
1315771979,847
1315773456,103
1315775537,118
1315780685,48
1315782500,54
1315788070,18
1315788496,1247
1315799079,391
1315812726,334
1315815106,28
1315829821,64
1315850048,575
1315854686,1448
1315862117,45
1315868156,18
1315872547,25
1315881431,28
1315882506,35
1315885684,183
1315898112,26
1315908836,12
1315913180,15
1315917939,19
1315929647,2753
1315946971,46
1315962414,140
1315994465,95
1315995847,30
1316017987,13
1316018310,28
1316027708,74
1316033508,107
1316035735,51
1316058101,100
1316065836,2
1316073756,119
1316084541,20
1316091624,14
1316095157,78
1316114472,129
1316182715,22
1316187395,62
1316195094,75
1316217740,29
1316220263,18
1316240573,19
1316262618,24
1316266139,31
1316273378,52
1316282601,27
1316292189,93
1316298108,12
1316301768,11
1316321471,12
1316327387,20
1316344428,13
1316356625,15
1316365555,560
1316371799,316
1316373075,38
1316378608,53
1316380795,16
1316387098,11
1316440427,109
1316441040,30
1316443307,3344
1316443332,38
1316451942,170
1316474873,62
1316478168,32
1316485187,76
1316490853,31
1316509952,15
1316527318,14051
1316536180,27
1316538156,52
1316538729,45
1316544157,52
1316553733,273
1316568189,12
1316580848,16
1316590209,14
1316591500,15
1316592914,11
1316594544,14
1316594840,84
1316595638,62
1316596909,53
1316597022,22
1316597685,66
1316597776,14
1316597823,10
1316599000,55
1316599118,12
1316601917,15
1316642877,34
1316673337,24
1316678048,14
1316679883,30
1316686157,88
1316701203,15
1316703022,26
1316707723,77
1316712864,39
1316715856,14
1316762886,12
1316765705,13
1316775238,17
1316783029,39
1316793737,290
1316795029,218
1316795249,23
1316808195,51
1316825297,108
1316826510,11
1316827897,44
1316838184,15
1316860569,21
1316875788,4272
1316883315,74
1316909862,13
1316924477,134
1316944679,100
1316968835,64
1316983376,57
1317000300,23
1317005876,25
1317011745,43
1317026993,17
1317028114,85
1317035639,81
1317036455,14
1317041031,6656
1317054555,339
1317066429,111
1317066456,21
1317066828,36
1317086026,100
1317089093,71
1317093528,15
1317118119,118
1317118467,54
1317152420,17
1317172464,109
1317183975,11
1317190160,16
1317191653,109
1317198312,63
1317202867,85
1317210052,72
1317211370,21
1317211809,81
1317234451,11
1317237779,14
1317239419,1019
1317239540,13
1317248227,49
1317261674,37
1317266955,53
1317273101,105
1317280647,19
1317304497,75
1317322071,50
1317322518,21
1317323848,80
1317328379,11
1317332295,6
1317333477,4
1317353600,0
1317354312,10
1317355443,3
1317355814,5
1317356529,4
1317358185,617
1317358607,4
1317359824,3
1317360095,3
1317360904,6
1317361536,11
1317362445,3
1317363305,6
1317376183,122
1317379324,66
1317380479,22
1317380531,21
1317381990,13
1317385739,55
1317390768,15
1317392030,15
1317395460,11
1317405392,11
1317413024,21
1317420606,20
1317434942,124
1317438192,23
1317439916,17
1317448886,1
1317463144,26
1317466681,16
1317467366,14
1317472781,37
1317496789,21
1317498322,136
1317515809,533
1317527211,59
1317541451,3
1317564135,180
1317571548,42
1317575332,18
1317584210,57
1317597851,69
1317608912,21
1317611495,25
1317638285,97
1317638368,40
1317679835,35
1317695757,13
1317714743,19
1317721033,29
1317724906,21
1317742704,135
1317749372,65
1317780464,125
1317805815,32
1317820455,22
1317834385,40
1317845318,32
1317850140,17
1317853585,35
1317857887,11
1317863622,56
1317890750,13
1317893214,43
1317902880,52
1317915210,13
1317920445,33
1317927085,25
1317930819,30
1317946380,34
1317979155,11
1317991438,35
1317996135,85
1317998700,20
1318002754,3
1318023660,63
1318025112,1446
1318037436,25
1318057073,22
1318057433,17
1318072933,41
1318087745,352
1318091082,37
1318092877,52
1318096478,159
1318100800,29
1318111439,21
1318150396,67
1318152768,38
1318164526,26
1318184764,1081
1318187016,3466
1318211548,20
1318213206,15
1318229004,78
1318237562,11
1318241125,23
1318245682,19
1318251650,13
1318252591,27
1318257480,32
1318258994,17
1318274214,4
1318289209,16
1318289840,17
1318289843,116
1318293898,18
1318294378,12
1318304916,172
1318310911,37
1318320674,57
1318330553,65
1318341671,72
1318348313,61
1318353635,14
1318360190,29
1318361504,141
1318379446,50
1318382003,54
1318382587,695
1318383417,361
1318384640,12
1318387487,13
1318388542,50
1318400137,17
1318404555,24
1318411646,27
1318423155,37
1318425496,27
1318431764,47
1318436431,58
1318436679,13
1318445542,13
1318483994,13
1318504079,9
1318529228,27
1318562243,31
1318609608,54
1318621602,12
1318658418,12
1318672654,50
1318675746,13
1318681359,95
1318712528,31
1318722718,98
1318725835,46
1318727352,120
1318734428,29
1318768894,8785
1318788427,19
1318795016,19
1318796567,13
1318801695,213
1318802395,37
1318804206,15
1318805473,14
1318820565,22
1318826614,5
1318832652,70
1318833449,372
1318849324,0
1318855915,28
1318858576,23
1318865785,0
1318866049,0
1318866816,68
1318873117,0
1318873253,364
1318873509,0
1318875738,12
1318877719,0
1318882771,1
1318883031,23
1318885938,9
1318892468,15
1318893208,485
1318894586,74
1318896542,0
1318900501,11
1318900928,14
1318904076,281
1318905261,13
1318906944,0
1318913074,6
1318914813,37
1318937120,131
1318944817,11
1318947048,431
1318961055,15
1318963796,89
1318963974,12
1318966444,44
1318969718,17
1318977228,28
1318977673,14
1318978967,16
1318979351,16
1318987374,19
1319004034,11
1319010645,94
1319017608,18
1319031883,32
1319036011,10
1319037509,33
1319051191,35
1319051889,13
1319066980,2
1319067720,37
1319075968,28
1319085701,45
1319087070,21
1319093879,235
1319095350,16
1319109139,236
1319112594,19
1319119605,41
1319136719,116
1319137793,16
1319156283,32
1319158290,12
1319160890,22
1319168519,10
1319174653,1096
1319185876,89
1319198340,60
1319201095,14
1319201916,56
1319213105,19
1319215459,11
1319225586,11
1319247547,173
1319248989,631
1319268814,164
1319277794,57
1319280026,1
1319290417,131
1319294522,36
1319299763,25
1319308368,70
1319312065,42
1319318004,12
1319325765,129
1319336961,2265
1319353851,57
1319357404,12
1319357442,13
1319366891,10
1319367318,50
1319368210,119
1319373413,20
1319374673,20
1319378448,310
1319394660,20
1319419492,4207
1319423199,38
1319441113,27
1319443961,13
1319445130,75
1319474007,472
1319475824,11
1319495166,101
1319535995,17
1319540329,122
1319544310,19
1319566713,90
1319573043,18
1319580960,116
1319592497,0
1319600255,133
1319602786,20
1319608945,0
1319609065,0
1319609835,2
1319610055,0
1319610556,13
1319610743,0
1319612476,0
1319612605,0
1319612775,0
1319616329,13
1319616569,1
1319621005,20
1319622644,2
1319625231,2
1319625842,1
1319630301,5
1319630833,2
1319634614,3
1319636380,25
1319638566,2
1319638787,0
1319643307,0
1319644682,17
1319645021,5
1319645784,0
1319647108,1
1319648286,287
1319651356,0
1319651581,0
1319652485,29
1319655999,1
1319656092,26
1319656926,3
1319659765,5
1319662583,0
1319665034,2
1319678347,170
1319680328,1
1319697693,11
1319701315,0
1319702332,13
1319709827,0
1319709905,2
1319711005,40
1319715231,0
1319720221,0
1319749836,13
1319753754,3
1319756036,0
1319756096,3
1319760746,28
1319776248,42
1319780465,3
1319781586,13
1319782366,2
1319785149,0
1319786688,98
1319789375,14
1319793410,26
1319795009,3
1319797823,22
1319823035,58
1319827146,33
1319830431,2
1319832335,54
1319835565,136
1319851399,69
1319855210,1195
1319870867,24
1319873617,128
1319873856,4
1319913823,318
1319919713,14
1319921002,329
1319927892,573
1319929531,19
1319930579,12
1319935567,19
1319940995,11
1319941229,40
1319945044,71
1319946565,14
1319951501,23
1319960845,23
1319996831,15
1320010935,58
1320029807,13
1320032479,0
1320038780,90
1320039160,51
1320039519,86
1320057578,14
1320069781,39
1320078754,11
1320081580,53
1320085548,47
1320086941,89
1320088898,114
1320091816,352
1320101490,2526
1320109030,15
1320110114,30
1320145775,105
1320148460,12
1320151833,122
1320154042,57
1320154809,22
1320160089,20
1320178198,62
1320187512,16
1320191889,753
1320193282,2
1320195608,141
1320198992,2
1320203112,3
1320206061,17
1320208076,65
1320210031,12
1320216862,15
1320223657,0
1320225787,0
1320226649,0
1320231703,4
1320236696,18
1320239169,104
1320242285,1166
1320243208,1
1320246076,61
1320246435,1
1320252722,21
1320257424,17
1320258128,16
1320260594,11
1320269374,0
1320270455,674
1320271414,98
1320277476,0
1320279890,27
1320283832,197
1320283956,18
1320289812,18
1320291718,17
1320292651,15
1320297326,3
1320298299,2
1320298687,1
1320301761,13
1320307428,500
1320308904,17
1320316688,47
1320324014,1
1320324475,0
1320328062,11
1320332437,17
1320335794,13
1320336874,17
1320337931,53
1320339732,185
1320340321,17
1320342909,17
1320347777,23
1320349038,15
1320349933,25
1320354524,11
1320360869,1
1320361231,1
1320361728,2
1320369294,36
1320371134,0
1320377629,24
1320378523,26
1320379092,21
1320380005,15
1320383259,0
1320387914,102
1320388319,0
1320389065,14
1320393115,23
1320394663,1
1320404240,0
1320406751,1
1320410702,0
1320412291,1
1320413062,0
1320417534,0
1320418391,1
1320419451,0
1320419730,0
1320423970,0
1320444346,717
1320448084,2
1320448216,116
1320453043,123
1320456030,1
1320456601,22
1320457204,16
1320463247,20
1320463514,28
1320472884,31
1320479894,15
1320486737,0
1320488375,0
1320490421,0
1320490739,0
1320491907,0
1320493145,0
1320495821,26
1320496553,0
1320498228,0
1320500320,0
1320500692,26
1320502145,289
1320502581,36
1320507130,0
1320508734,0
1320512475,0
1320532788,0
1320532948,0
1320533264,0
1320538689,28
1320578276,29
1320603795,16
1320605477,24
1320623548,21
1320658226,36
1320707005,23
1320719264,0
1320723546,18
1320737819,12
1320763344,42
1320767711,75
1320804509,35
1320818729,116
1320824737,73
1320827273,969
1320874379,12
1320905866,14
1320932400,25
1320943282,22
1321015213,12
1321035178,15
1321045269,82
1321050149,284
1321050932,7
1321063327,18
1321069859,10
1321085715,16
1321088913,81
1321100725,12
1321135386,121
1321139753,11
1321142548,54
1321152436,137
1321161662,55
1321166557,200
1321177738,13
1321182314,39
1321204158,23
1321209080,53
1321216024,53
1321219788,140
1321236807,13
1321239702,27
1321259990,1
1321260596,64
1321275205,37
1321277409,16
1321280018,71
1321280738,227
1321285248,11
1321291692,50
1321327978,15
1321336595,11
1321342529,77
1321356000,58
1321376069,45
1321379766,32
1321382020,30
1321396874,133
1321397116,37
1321399490,40
1321407943,0
1321408165,324
1321408361,42
1321422619,13
1321423834,34
1321436547,146
1321441704,40
1321458166,13
1321458559,19
1321458827,13
1321465913,17
1321478154,12
1321490481,36
1321493628,15
1321499283,33
1321505820,29
1321507377,36
1321515356,22
1321517392,45
1321559698,388
1321574827,24
1321591183,97
1321624668,777
1321632884,12
1321637157,27
1321674874,77
1321678498,84
1321688525,621
1321689447,18
1321699044,18
1321714128,16
1321738568,18
1321749130,44
1321770621,65
1321772520,28
1321773119,53
1321773777,55
1321781742,55
1321784163,52
1321786097,84
1321790489,554
1321826970,200
1321841047,11
1321878142,121
1321884777,41
1321888095,102
1321907813,11
1321908669,36
1321917067,0
1321920026,1643
1321921283,153
1321926278,34
1321929305,0
1321936789,2
1321957043,0
1321968329,0
1321968445,0
1321988451,58
1321992041,0
1321996634,63
1322012299,17806
1322016298,17
1322030451,71
1322033157,0
1322041286,1
1322054270,31
1322055568,59
1322083929,296
1322091211,94
1322098015,116
1322113808,15
1322120053,92
1322136828,1253
1322162271,14
1322183015,154
1322187842,263
1322193747,25
1322195763,19
1322214052,236
1322226624,551
1322239420,74
1322241466,273
1322241610,4
1322243816,29
1322245839,2
1322254311,245
1322256167,3
1322256388,24
1322284570,30
1322307430,1
1322339572,79
1322350350,46
1322351307,47
1322356489,34
1322370305,26
1322371775,43
1322388294,50
1322396669,53
1322411592,26
1322438508,78
1322439023,77
1322477142,38
1322480547,76
1322481762,230
1322497894,11
1322502505,728
1322510470,30
1322524751,149
1322532419,15
1322551166,13
1322579884,11
1322584104,52
1322621080,34
1322626388,57
1322633620,109
1322640431,27
1322651268,1593
1322652272,59
1322660175,46
1322662035,28
1322668478,22
1322685769,17
1322694663,22
1322698650,1623
1322699193,88
1322701347,16
1322725897,11
1322734311,35
1322754000,347
1322754864,72
1322761659,11
1322767235,23
1322768766,4564
1322781104,170
1322794014,43
1322795798,56
1322796395,10
1322797880,16
1322798245,269
1322799348,174
1322800734,35
1322801375,68
1322819359,33
1322821393,20
1322825368,717
1322829806,3
1322840923,17
1322850354,574
1322860688,52
1322882679,26
1322889322,71
1322892096,84
1322906687,54
1322918377,109
1322919742,29
1322934980,22
1322938008,15
1322938843,39
1322943860,549
1322948077,18
1322956121,23
1322956288,15
1322957439,29
1322963697,65
1322972550,11
1322976119,64
1322976829,69
1322979659,93
1322983543,100
1323002898,12
1323003537,96
1323012485,12
1323018222,14
1323031425,24
1323039537,238
1323039916,69
1323045322,44
1323045821,132
1323048240,346
1323064086,27
1323076522,24
1323076885,16
1323081107,29
1323093689,34
1323101134,38
1323122780,51
1323125178,12
1323127278,518
1323130935,177
1323148141,11
1323166404,109
1323192475,26
1323215530,34
1323217400,11
1323231803,15
1323260088,31
1323280384,42
1323288013,122
1323306782,62
1323322459,795
1323366767,32
1323366961,199
1323374070,12
1323375521,72
1323419190,368
1323437451,14
1323449258,30
1323452550,836
1323463941,120
1323467011,41
1323479933,167
1323482446,48
1323487520,28
1323490949,12
1323494570,16
1323498380,33
1323508453,11
1323511527,2955
1323514075,51
1323525253,42
1323548506,219
1323552500,12
1323562930,21
1323577359,39
1323581499,62
1323595365,2
1323600817,42
1323610205,21
1323654521,28
1323663794,529
1323673335,157
1323688475,12
1323692802,439
1323695128,23
1323695325,170
1323695358,177
1323712925,44
1323729948,13
1323731499,18
1323736669,22
1323739326,14
1323741593,14
1323743516,17
1323758620,16
1323763720,1598
1323764338,11
1323777381,2
1323780819,18
1323787093,1
1323796113,271
1323809707,58
1323833414,83
1323840812,40
1323841129,20
1323845482,20
1323869266,46
1323875882,15
1323907664,101
1323908322,24
1323919094,387
1323926490,12
1323931693,22
1323933315,67
1323938708,45
1323950321,126
1323950625,91
1323957541,33
1323961166,263
1323978754,960
1323984334,512
1323985353,58
1323988988,15
1323993731,52
1323995843,56
1324010126,19
1324010880,13
1324015717,119
1324058131,32
1324059656,17
1324063135,38
1324071199,194
1324083696,47
1324107430,25
1324117656,95
1324124790,15
1324132179,11
1324137339,23
1324139494,26
1324157281,74
1324166631,147
1324208491,777
1324216451,42
1324219364,40
1324223080,48
1324232013,17
1324240706,73
1324250345,41
1324263473,274
1324284666,37
1324303646,138
1324311422,166
1324339417,30
1324366886,30
1324381785,90
1324382874,80
1324385140,32
1324395929,75
1324460855,47
1324469331,13
1324477638,16
1324482694,128
1324485862,110
1324487331,11
1324491658,222
1324495180,33
1324519003,34
1324527947,49
1324537078,46
1324538069,111
1324542295,14
1324543298,20
1324553091,21
1324636939,174
1324639578,211
1324640215,35
1324658671,30
1324663201,81
1324668664,16
1324669155,30
1324673997,10
1324679594,493
1324702702,205
1324704163,55
1324704245,38
1324713299,25
1324720705,23
1324721157,1
1324727538,13
1324731844,41
1324741372,11
1324744711,29
1324749263,637
1324769510,56
1324776233,34
1324795580,38
1324803269,20
1324817742,145
1324838427,13
1324847108,488
1324853220,34
1324858135,33
1324891625,44
1324932440,57
1324948322,43
1324949198,41
1324950805,54
1324952686,31
1324958927,17
1324971080,31
1324983964,26
1325028032,84
1325052623,11
1325059793,43
1325060410,33
1325064335,107
1325072646,17
1325096132,1876
1325097653,13
1325101953,132
1325104810,189
1325112478,6
1325128920,13
1325141112,64
1325142316,16
1325182514,20
1325194554,0
1325206693,176
1325230804,16
1325241665,33
1325286935,11
1325297391,82
1325304283,12
1325315882,12
1325324098,50
1325331240,82
1325331751,34
1325337668,63
1325344471,327
1325371159,12
1325376764,41
1325381890,53
1325410311,12
1325478362,18
1325483573,40
1325509713,40
1325576698,29
1325588165,16
1325592680,26
1325604847,80
1325614151,46
1325687429,29
1325714602,21
1325723889,45
1325805237,43
1325839630,11
1325853520,44
1325888868,31
1325895668,21
1325897531,63
1325902812,29
1325916970,41
1325996077,89
1326008263,182
1326035801,19
1326044641,117
1326053961,30
1326054908,5
1326056513,224
1326071833,56
1326088798,120
1326089811,193
1326100627,27
1326115288,60
1326130379,27
1326134013,24
1326137943,25
1326140471,27
1326143244,32
1326164488,18
1326173426,15
1326177141,42
1326180722,53
1326189017,88
1326198592,49
1326199068,43
1326222384,29
1326224688,38
1326228297,14
1326235132,143
1326240806,80
1326244070,109
1326249163,121
1326251311,100
1326266863,33
1326292154,44
1326302831,19
1326316542,203
1326317824,42
1326325297,43
1326329875,651
1326344042,41
1326350218,41
1326392947,22
1326394141,30
1326394720,158
1326402179,40
1326420620,195
1326452281,34
1326458055,41
1326464530,17
1326467757,40
1326479281,12
1326480303,916
1326486804,0
1326489552,25
1326497156,47
1326515774,71
1326522983,14
1326529720,19
1326531152,465
1326547070,32
1326554666,92
1326574350,562
1326578519,15
1326586077,48
1326596330,31
1326607979,23
1326609621,11
1326642999,70
1326654671,1968
1326671554,15
1326675251,20
1326681144,170
1326682918,300
1326723034,25
1326728658,11
1326737916,32
1326757672,40
1326773343,23
1326794832,115
1326807637,155
1326825726,20
1326836323,174
1326853912,129
1326856161,53
1326915228,403
1326920589,22
1326935802,46
1326963227,11
1326963742,366
1326970364,73
1327008838,21
1327016629,15
1327070180,270
1327071007,96
1327076283,20
1327081238,47
1327088798,357
1327114542,28
1327124384,24
1327135163,60
1327170623,26
1327180127,120
1327190291,109
1327191572,106
1327214801,1978
1327221128,44
1327225282,425
1327230913,12
1327274680,141
1327285989,17
1327287225,13
1327302572,17
1327310658,89
1327327043,139
1327328463,96
1327329738,130
1327333040,39
1327360831,159
1327364812,98
1327387768,25
1327391344,29
1327394183,72
1327407830,12
1327411925,65
1327414207,57
1327451853,83
1327455678,23
1327458936,19
1327485749,40
1327494327,12
1327497611,449
1327497865,218
1327502931,1312
1327504083,45
1327504314,40
1327504713,18
1327516253,41
1327537217,41
1327537702,1
1327541787,41
1327542058,1
1327544079,1
1327546939,1
1327549440,1
1327551340,41
1327556525,19
1327574724,40
1327574742,95
1327584991,61
1327587687,15
1327589312,2
1327591718,49
1327597546,12
1327600825,16
1327610423,26
1327615345,56
1327634219,24
1327647115,53
1327654942,47
1327672071,45
1327678038,77
1327679001,100
1327679348,57
1327688858,219
1327703576,26
1327741635,551
1327745309,21
1327760492,15
1327769792,23
1327770542,90
1327771378,71
1327772426,65
1327812422,109
1327829284,14
1327855429,44
1327859722,71
1327882465,16
1327912660,93
1327935413,79
1327979474,34
1327999315,14
1328004208,87
1328010825,29
1328021837,137
1328035329,243
1328041729,15
1328053986,49
1328103438,69
1328146553,13
1328154517,107
1328179440,37
1328194657,16
1328202159,45
1328222462,36
1328249282,14
1328249314,81
1328251573,55
1328264456,31
1328284302,63
1328287322,18
1328310747,37
1328312204,54
1328330941,39
1328335662,104
1328340947,214
1328355234,103
1328389467,77
1328406087,117
1328433769,154
1328443059,15
1328444511,107
1328468175,93
1328474181,68
1328481144,70
1328498728,19
1328501436,30
1328526159,109
1328527258,251
1328532063,23
1328542091,25
1328550807,22
1328580275,27
1328590564,27
1328596181,14
1328597658,14
1328627783,2343
1328634552,11
1328655966,17
1328656683,35
1328656904,107
1328667649,15
1328668543,12
1328692002,47
1328707869,104
1328712465,82
1328730284,27
1328742496,20
1328757117,21
1328769721,1100
1328783846,31
1328795639,20
1328798993,16
1328803446,11
1328824432,46
1328829300,45
1328830359,51
1328861070,12
1328862207,36
1328868896,89
1328879530,18
1328889333,36
1328934583,13
1328936229,27
1328945410,163
1328952004,227
1328955645,108
1328958105,246
1328966233,53
1328973416,56
1328983281,78
1328989945,39
1328993998,11
1329049965,12
1329050462,111
1329078157,281
1329080568,11
1329096836,211
1329105755,63
1329110841,45
1329128263,225
1329136737,261
1329163060,364
1329167133,241
1329183470,66
1329192162,31
1329197939,12
1329206395,132
1329223745,73
1329267018,30
1329270526,79
1329272295,700
1329284982,16
1329291338,21
1329295499,61
1329307780,24
1329315609,16
1329320094,26
1329351407,32
1329353712,40
1329356755,15
1329357004,31
1329364536,15
1329365055,17
1329370534,53
1329374056,75
1329396176,12
1329410717,14
1329412905,29
1329421755,16
1329423195,35
1329430882,33
1329438460,26
1329442515,12
1329457912,8
1329459029,34
1329477354,70
1329482074,52
1329484633,48
1329491612,161
1329501906,9
1329504081,92
1329520982,90
1329523769,94
1329527700,14
1329532338,91
1329535056,36
1329535977,38
1329575745,30
1329592703,40
1329595774,141
1329601540,41
1329624699,51
1329629252,1824
1329643274,526
1329658588,90
1329681238,12
1329688801,85
1329695341,20
1329697250,53
1329702794,16
1329704476,12
1329704518,19
1329705938,228
1329706276,29
1329711203,62
1329717122,103
1329719848,15
1329723865,65
1329730975,61
1329758650,166
1329766967,54
1329772796,30
1329778496,77
1329802802,40
1329806020,4
1329807733,45
1329834110,101
1329849289,876
1329896761,12
1329915046,56
1329918442,14
1329919679,31
1329925237,14
1329969587,38
1329972462,374
1329980266,25
1330005206,132
1330046460,59
1330046962,14
1330048600,25
1330063459,0
1330075875,107
1330103508,19
1330108323,78
1330127155,45
1330132149,93
1330133167,37
1330135801,2053
1330143688,16
1330144990,416
1330160336,522
1330175803,19
1330202874,21
1330204791,19
1330206754,43
1330220596,15
1330222125,34
1330222767,20
1330239706,362
1330248807,38
1330259315,86
1330260295,30
1330271159,21
1330282006,141
1330297001,40
1330318865,100
1330332758,73
1330347036,27
1330367520,90
1330369527,141
1330387157,71
1330409659,2
1330412774,11
1330413963,91
1330434395,190
1330439658,25
1330450385,42
1330460638,14
1330461845,43
1330462451,12
1330462520,15
1330473381,123
1330476066,101
1330493920,30
1330507810,6
1330510119,4
1330516937,288
1330530171,187
1330531961,256
1330541122,12
1330542419,127
1330551342,8
1330568623,82
1330578988,0
1330585128,52
1330595379,42
1330606242,21
1330606607,131
1330620024,26
1330627533,162
1330632565,2
1330644388,168
1330646326,203
1330647543,34
1330647892,76
1330652318,3
1330652407,664
1330669096,102
1330683084,16
1330687306,55
1330698126,158
1330719310,100
1330738995,14
1330762310,125
1330775457,74
1330775624,78
1330785579,51
1330797628,14
1330809662,142
1330817460,21
1330828102,92
1330836689,94
1330847698,11
1330858727,38
1330864189,730
1330875586,32
1330901644,100
1330908282,59
1330909640,6
1330919548,87
1330948735,81
1330983726,36
1330984071,104
1331014414,108
1331018891,143
1331023859,125
1331025830,53
1331030378,0
1331044795,81
1331048894,14
1331049113,73
1331078494,164
1331078718,24
1331079127,221
1331084199,3
1331086429,122
1331086670,5
1331112087,137
1331118057,74
1331119731,22
1331126576,39
1331135699,16730
1331135798,96
1331168484,38
1331183783,31
1331196092,135
1331202439,65
1331207288,310
1331208948,36
1331209128,75
1331225083,9
1331238111,37
1331242694,77
1331261687,1390
1331283163,91
1331333821,15
1331340460,44
1331368522,18
1331392011,16
1331399015,19
1331417844,44
1331440110,102
1331441014,568
1331466051,32
1331470986,48
1331473860,19
1331477935,16
1331500511,32
1331510024,4
1331514192,16
1331519486,176
1331538256,15
1331538751,51
1331551027,2
1331581864,254
1331604310,123
1331608070,66
1331629885,26
1331635528,35
1331636953,5479
1331644818,82
1331649570,36
1331651339,20
1331660357,31
1331661622,101
1331687431,44
1331693594,40
1331694732,1
1331707935,86
1331712273,29
1331718729,81
1331723225,357
1331724387,14
1331728719,1782
1331732980,12
1331740864,13
1331741216,22
1331748819,1
1331752587,40
1331753988,18
1331754319,22
1331760244,0
1331763167,98
1331765777,103
1331787386,1
1331788266,1
1331788336,101
1331788893,14
1331801753,12
1331813703,13
1331825203,85
1331826815,33
1331857587,21
1331869739,111
1331897397,28
1331901587,147
1331919771,86
1331927895,86
1331933796,32
1331949060,82
1331975250,467
1331999365,32
1332009127,985
1332043249,23
1332059443,14
1332073142,775
1332080070,3332
1332098727,32
1332104789,72
1332105799,23
1332109784,14
1332114272,98
1332122666,17
1332135149,180
1332137279,26
1332137861,25
1332145538,36
1332162237,104
1332174495,14
1332184066,15
1332185853,158
1332212466,138
1332216306,18
1332216413,226
1332222725,36
1332228998,12
1332230734,73
1332243516,94
1332247470,65
1332249222,133
1332269543,28
1332277078,15
1332299633,31
1332348091,59
1332394842,94
1332396395,48
1332396549,50
1332435127,35
1332450492,374
1332481591,36
1332485851,20
1332498297,35
1332505367,14
1332559302,44
1332570754,24
1332582761,77
1332590617,192
1332596477,101
1332599518,55
1332604484,109
1332619774,48
1332621372,102
1332626527,100
1332635704,52
1332643644,95
1332652922,89
1332654537,37
1332656411,46
1332659211,137
1332665268,66
1332667033,88
1332674770,95
1332683811,89
1332692074,12
1332692176,91
1332692519,229
1332696398,42
1332700417,25
1332705907,23
1332715766,69
1332722846,177
1332736374,155
1332736816,26
1332756442,42
1332766794,14
1332781509,1091
1332787357,23
1332798328,96
1332799087,295
1332807475,45
1332819701,93
1332840481,14
1332854064,91
1332868730,114
1332880861,31
1332887136,93
1332893475,101
1332903042,74
1332935366,8
1332955374,12
1332967299,169
1332968205,20
1332978872,78
1332989832,60
1332999200,22
1333000249,12
1333000741,615
1333016032,19
1333029054,157
1333065091,182475
1333076632,79
1333084323,29
1333084899,34
1333088207,36
1333096882,28
1333097145,99
1333100390,93
1333103530,32
1333111883,172
1333111893,2278
1333116579,26
1333118570,34
1333125623,51
1333132389,162
1333141598,133
1333142935,178
1333144072,260
1333150357,69
1333152408,43
1333156486,168
1333165619,1645
1333167552,183
1333171737,253
1333175049,11271
1333178360,20
1333183397,158
1333185096,60
1333211388,47
1333212317,160
1333226405,25
1333228186,33
1333234252,24
1333234667,54
1333235870,151
1333243747,38
1333247282,193
1333249891,14
1333252932,18
1333254657,32
1333258936,617
1333263294,252
1333266800,119
1333275113,19
1333276203,40
1333279808,10
1333284620,52
1333285776,67
1333285997,34
1333286217,35
1333287238,40
1333287836,37
1333290303,12
1333294170,28
1333294285,539
1333295863,134
1333303761,80
1333307560,67
1333320049,29
1333321333,17813
1333322877,33
1333329582,642
1333343804,59
1333348052,28
1333350630,168
1333362686,242
1333365124,48
1333367960,42
1333376987,49
1333382690,15
1333397767,24
1333398680,182
1333406789,194
1333417632,18
1333418376,24
1333421030,13
1333421854,20
1333424882,20
1333428970,42
1333429325,47
1333445152,20
1333446374,937
1333447648,99
1333451307,16
1333452358,155
1333452698,68
1333468243,20
1333470417,26
1333471394,59
1333472422,11
1333479437,55
1333482618,72
1333483404,49
1333486649,163
1333491534,62
1333496313,28
1333522020,14
1333556422,533
1333559105,78
1333560682,20
1333579278,64
1333579583,29
1333594899,80
1333607666,297
1333608411,12
1333612974,41
1333622771,43
1333628502,57
1333629201,108
1333630193,185
1333633428,13
1333637290,31
1333643722,22
1333646693,39
1333652151,305
1333661810,156
1333671088,85
1333671427,68
1333672877,93
1333673564,89
1333681306,89
1333682494,36
1333685863,104
1333687005,217
1333689922,74
1333693108,59
1333694353,36
1333700083,40
1333704579,13
1333705619,54
1333708088,31
1333711733,91
1333712699,32
1333713967,31
1333718792,870
1333720250,146
1333729444,14
1333732618,13
1333732838,97
1333738786,33
1333741624,131
1333742677,1130
1333744314,7
1333750613,78
1333751689,62
1333752187,68
1333755311,224
1333755444,83
1333759772,44
1333773567,42
1333781342,54
1333785789,32
1333786261,24
1333787962,31
1333802136,50
1333805762,27
1333807290,1697
1333814075,12
1333814934,16
1333819496,81
1333823235,18
1333826930,80
1333833261,28
1333842753,29
1333844350,39
1333846315,22
1333871456,17
1333889802,81
1333898352,15
1333901551,35
1333906002,51
1333907823,68
1333908465,32
1333913099,52
1333921957,45
1333928744,26
1333935622,39
1333936445,27
1333939283,115
1333959391,28
1333961389,774
1333964468,229
1333969047,130
1333969048,47
1333974533,67
1333978174,112
1333978320,36
1333980820,17
1333981728,84
1333986968,33
1333992581,97
1334001035,83
1334001399,26
1334012210,39
1334017055,59
1334020733,96
1334020974,88
1334022793,19
1334022816,40
1334028660,25
1334040575,94
1334049596,18
1334063554,57
1334070408,32
1334073773,25
1334075920,60
1334076307,93
1334088923,15
1334089233,21
1334109809,20
1334118559,87
1334120194,56
1334150998,21
1334151801,23
1334156126,28
1334158914,17
1334161261,77
1334167430,121
1334170202,47
1334198162,104
1334205011,35
1334206998,100
1334211162,28
1334214605,60
1334236148,60
1334237364,70
1334239695,37
1334245678,3703
1334246540,125
1334249383,360
1334252774,79
1334258848,145
1334260665,21
1334266810,45
1334268109,33
1334278770,28
1334296085,35
1334301205,79
1334305310,53
1334305951,51
1334309081,35
1334309410,41
1334340339,33
1334348217,97
1334353846,19
1334360795,15
1334362778,211
1334363727,41
1334369459,31
1334373503,1121
1334373890,12
1334381943,47
1334384058,42
1334392318,122
1334392728,13
1334410695,29
1334430510,214
1334431456,207
1334441048,22
1334442247,100
1334454708,33
1334459444,363
1334460196,49
1334464448,30
1334469990,44
1334475603,33
1334478349,43
1334490046,123
1334494531,24
1334515984,147
1334525377,204
1334526169,13
1334554248,76
1334561781,453
1334580563,30
1334586481,6591
1334610101,29
1334613831,88
1334614062,232
1334617361,23
1334630805,202
1334657231,236
1334657392,55
1334664261,38
1334664494,19
1334670095,62
1334675743,53
1334685457,134
1334692596,135
1334706134,14
1334714311,388
1334747723,445
1334753031,37
1334754594,36
1334759863,23
1334759868,16
1334766747,117
1334785968,26
1334788662,175
1334800778,13
1334821195,38
1334824785,132
1334827616,18
1334838753,491
1334847244,36
1334862599,21
1334864632,36
1334869051,20
1334871947,43
1334881845,79
1334886021,559
1334893847,103
1334897143,36
1334904197,69
1334905443,44
1334910786,53
1334912034,38
1334923843,94
1334935003,38
1334938665,43
1334946608,398
1334954277,72
1334962266,377
1334964169,31
1334981593,35
1334984194,65
1334993967,40
1335005265,240
1335008301,34
1335016012,76
1335030435,20
1335034417,24
1335048946,35
1335052083,51
1335056021,14
1335064650,50
1335072032,16
1335075540,21
1335079998,32
1335082381,33
1335084025,177
1335085754,173
1335086034,44
1335090338,40
1335095892,274
1335101620,66
1335104760,624
1335106729,48
1335108708,78
1335113546,12
1335127844,157
1335130938,91
1335144165,28
1335152899,36
1335155355,180
1335189481,26
1335200032,40
1335212898,65
1335220704,34
1335228821,39
1335236473,56
1335239016,62
1335242525,12
1335257165,42
1335277779,32
1335279198,129
1335289503,20
1335297766,38
1335300607,30
1335304622,252
1335324856,60
1335334308,651
1335354851,64
1335401089,101
1335419770,80
1335435191,33
1335438980,103
1335480912,107
1335490343,74
1335502205,31
1335529420,17
1335530417,168
1335545044,86
1335574883,185
1335577443,52
1335588244,13
1335591771,25
1335595428,88
1335596223,45
1335604263,28
1335604707,32
1335620846,32
1335630981,72
1335654115,45
1335654221,86
1335659068,55
1335660277,31
1335673673,39
1335678174,16
1335678778,13
1335711818,42
1335722570,134
1335741900,27
1335743026,13
1335753770,32
1335759152,28
1335772029,27
1335784003,50
1335787333,371
1335788701,38
1335795491,105
1335799735,27
1335803989,102
1335813860,61
1335815757,20
1335823455,154
1335829557,36
1335830636,90
1335867536,1037
1335874180,29
1335877752,51
1335885703,32
1335895658,27
1335907828,150
1335909167,19
1335912966,71
1335922448,84
1335960835,32
1336037828,63
1336052866,51
1336054308,28
1336068061,96
1336076986,27
1336085426,85
1336087795,27
1336137027,47
1336138968,59
1336155185,144
1336201793,39
1336204120,119
1336215028,32
1336248697,537
1336259941,41
1336264556,216
1336300986,41
1336301267,42
1336370355,83
1336416579,60
1336470784,351
1336482340,228
1336487943,696
1336502227,2187
1336532371,133
1336568049,45
1336591441,57
1336616320,227
1336643065,198
1336663851,674
1336687701,58
1336707765,247
1336734730,105
1336739291,40
1336750151,48
1336762621,39
1336769768,91
1336783814,514
1336787958,55
1336793734,251
1336795852,27
1336836593,33
1336849011,78
1336849558,43
1336870197,51
1336875304,174
1336922223,46
1336933337,2882
1336948153,40
1336972285,243
1336991775,42
1336998102,115
1336998801,129
1337030059,134
1337044566,219
1337089090,40
1337089243,1203
1337175615,54
1337208333,26
1337219316,297
1337220896,26
1337303060,268
1337317752,63
1337335939,36
1337369002,34
1337386123,75
1337403931,43
1337429987,39
1337439833,34
1337486663,84
1337500215,27
1337506732,104
1337536120,105
1337546913,32
1337571992,26
1337572127,48
1337578818,128
1337596700,44
1337621009,60
1337657531,137
1337692487,55
1337705732,38
1337772677,98
1337788143,68
1337824285,55
1337857692,78
1337858576,147
1337877406,85
1337915408,241
1337918481,213
1337920628,406
1337931942,104
1337955304,1145
1337957143,87
1337964424,90
1337966059,104
1337972266,36
1337984443,33
1337985430,48
1338050462,29
1338060611,32
1338070588,46
1338082659,35
1338086501,29
1338095980,70
1338136303,36
1338176891,62
1338188635,44
1338220660,229
1338237504,427
1338256280,27
1338268130,34
1338290116,130
1338291563,102
1338333908,80
1338338357,106
1338341195,39
1338371085,67
1338390527,59
1338399339,70
1338409520,70
1338449348,38
1338449813,46
1338457188,49
1338470635,3550
1338485857,44
1338525632,35
1338527485,41
1338528444,35
1338568803,56
1338600053,156
1338631832,31
1338653847,75
1338666754,34
1338681838,102
1338745917,34
1338806190,34
1338889223,71
1338909303,86
1338962361,102
1338985108,69
1339010487,29
1339040637,3
1339044753,55
1339063751,66
1339069883,27
1339110580,111
1339127722,66
1339200244,41
1339208118,596
1339221311,40
1339256252,103
1339265861,29
1339328962,87
1339347406,37
1339368171,91
1339437882,207
1339469423,35
1339529355,36
1339554313,66
1339594968,34
1339725192,36
1339728060,43
1339735735,10
1339735736,9
1339736623,117
1339736691,9
1339736982,9
1339737123,8
1339737703,8
1339737707,113
1339737709,8
1339742577,198
1339773182,46
1339785537,30
1339813167,47
1339934566,89
1340243403,105
1340250141,44
1340293245,27
1340295365,47
1340437754,84
1340465600,30
1340501779,37
1340508826,39
1340525869,45
1340539355,36
1340671619,28
1340743476,252
1340896547,78
1340906871,34
1341029172,110
1341050308,79
1341122474,29
1341129518,50
1341149365,108
1341153524,60
1341155391,27
1341245181,71
1341264609,63
1341340606,106
1341641447,26
1341669331,87
1341777694,43
1341805689,49
1341889261,109
1342192526,579
