repo_id,stars
749137,3808
1555094,3080
2005484,561
4387547,3304
5698643,4123
5797013,5118
7502247,2582
8426406,4966
8681349,49911
9252533,6351
10353211,6152
11274380,118
11579941,1217
12738012,295
13956112,1421
14734876,14251
15988336,1792
18671453,1213
23633128,343
24227875,6429
24561828,14509
25311354,2889
25459400,13866
27222050,4230
29217054,23058
29906842,16365
30860673,2310
30907774,23128
34674210,153
34798315,9537
36420109,1704
36840131,2182
37035067,1589
38182966,3644
38216778,9204
38233033,3302
38696925,29453
39904377,2114
41310523,2505
44961854,971
45103027,214
45271904,10041
45512989,34341
46527265,6037
48660863,2805
48904888,5695
49292670,920
49632852,1251
50202460,3966
53133861,21114
55018634,2462
56639410,1408
57377821,2254
57602001,22998
59341837,933
59982630,2950
60145277,867
60166854,1830
60352717,1557
60377070,7077
61393415,537
61793256,982
61924149,1791
62087567,4606
62476384,165
62824998,2910
62843932,1786
63793563,985
64834778,1349
65017574,6160
65558310,2278
66331305,1543
67437371,643
68125931,14758
69269563,10789
70431106,28869
71849748,631
72225778,602
72329031,425
73964895,14895
74173698,6002
75190475,7372
75587993,1852
75710587,4067
76678740,2169
76768630,2821
77023811,3136
77321225,749
77341954,2581
78200488,5600
78313173,10454
78732688,850
79263545,225
79372336,2122
80240424,4419
82841862,7016
83542054,1803
83878269,15863
84099393,193
84949566,2054
85768267,227
86599573,6722
87067212,9966
88113789,2316
88222263,1754
90733436,3846
90862638,1937
91857770,802
92287968,15432
94956993,1532
95574086,2031
96012614,747
96256108,709
96416890,184
96853855,1994
97794087,815
97817788,115
98441914,1064
98499283,7375
99139417,182
99379143,2005
99412308,9618
99561213,3060
102067496,2187
102102105,769
102538419,838
102692863,21423
103229836,1687
104722806,5110
104854615,7873
105769029,1223
105808063,218
107108009,4279
107111421,74057
107115042,1857
107305157,1790
107878597,202
108945887,4928
109678660,1759
110606051,652
110795721,4514
111699912,889
112103066,6950
112488313,1535
113166974,6709
113577479,1302
114540126,3099
114870155,3891
115673437,1861
115744122,4684
116590428,2701
116697549,3581
116797311,12228
117433667,207
119160553,40157
119741627,474
120720556,2090
121637551,9606
122595764,133
122715432,1672
122816625,1488
123197101,1411
123693096,442
124853261,3528
124882400,1124
125007217,1126
125099497,562
125444399,1776
125862390,2283
128061014,180
129847467,3307
131582572,20791
131881622,14848
131955509,273
132464395,158345
133060053,3552
133444044,2285
134584107,109
136799312,894
137123785,275
137789266,1673
138141023,216
138552196,28587
139945544,879
142422739,10909
142569591,248
142908872,6589
143284193,2691
143328315,39704
145693916,11346
146103950,1823
146435045,4736
146633589,37518
146856200,2896
146863062,5405
147229508,415
148067600,197
148550577,330
150864645,1081
151619717,38703
151904296,1958
152071156,881
156157055,49374
156317154,15230
156401841,9993
156946744,6553
157198623,12835
157908837,177
158025053,687
158673445,4661
158744344,3461
159110178,3136
159797814,952
159916548,3033
160361977,3692
161247988,3398
162021652,8171
163235189,1653
164433070,4340
165041732,25910
165645094,617
166911196,285
167694194,35687
168062479,219
168149502,1766
168269440,6340
169158585,2930
169991845,921
170118596,6154
170777132,7046
171564291,230
172407982,842
172519084,174
173005932,2289
173544440,7735
173827642,1467
175052225,10333
176858880,4664
176982014,17773
177614859,632
178470457,507
178626720,31322
178976529,8824
180307968,1534
180827233,9525
181222410,3401
181436799,16039
182067506,10990
182163054,1915
182865216,2145
185401193,1755
186056630,916
186332888,2323
186698598,1684
186872119,5229
187398354,1150
188356619,2986
189425886,219
189602331,271
191179628,1307
191194671,633
191751197,268
193332705,1968
193973813,422
196340907,1801
197009243,107
198483875,225
200004447,4074
200471228,860
200722670,18401
201025777,14811
201441751,2444
203558879,241
204388092,6681
204786174,845
206314293,1400
207454227,445
207988739,786
209556497,9193
209709465,3784
210357243,1421
212056242,1878
212747520,4254
213250662,546
216243021,979
216525761,437
217049858,1132
217113590,6341
217775615,730
218177655,395
218952803,13288
219035799,11022
219623588,4827
221121871,4974
221631156,1827
221733013,747
221787282,5167
222209282,755
222780595,4660
222824662,16230
223357324,4281
224261160,376
224908244,10796
225125850,137
225260962,16560
225572038,6187
226046528,2271
226368168,1552
227055040,420
228203350,3352
232627037,583
232876381,3781
232901618,2191
233587412,442
234676361,422
236624100,799
238593012,613
239828934,132
241021214,2523
244620269,14188
245127811,719
245949080,1024
247865662,1611
248977013,1219
249995750,42280
250036571,3846
251041078,5297
251233119,213
251396732,10387
253079431,1272
253849484,6443
255823049,2583
257327148,640
257520135,359
257648141,2826
260420185,4055
261098554,862
261372860,13775
262296122,89018
262424540,3112
264675954,17389
265127379,448
265850286,972
267420351,1417
267857463,5296
269773439,160
270670394,1964
271090649,4000
271800973,2599
271828142,1722
272785290,1903
272924197,327
273082432,1693
273337347,1356
273630336,346
274610956,1992
275182202,236
276288252,1923
279643881,3669
280784933,497
281475256,1778
281519510,4063
284824224,3221
284864176,4446
285951873,2900
285973698,2052
286408558,2123
286876809,550
288142727,776
288187811,948
288411806,288
288482469,10760
289205582,1544
289605524,7704
290091948,67396
290373506,10681
290686772,397
291070953,577
291438522,46217
291703561,7945
291787503,11749
292617111,408
292648103,345
292896321,660
293572361,404
293631918,826
295608796,1502
297302063,4393
297535227,721
297672263,7820
300789100,1182
300996055,25500
302827809,9433
303541321,2086
303705119,3802
303953548,141
304530333,1987
305492699,1112
305572443,205
306242293,615
306977633,31227
306980630,5944
307213173,31605
307315411,567
309504885,3536
310368642,541
312042527,1682
312152973,3400
314748658,801
315977578,7897
316328024,784
318515767,169
320299900,9301
320598037,1378
321181247,143
321994701,617
322270485,1030
322855089,10830
323048702,72736
323651234,7461
326174741,36759
326479996,1845
327113050,5626
328236233,432
330325505,4313
330768122,2573
332181872,1336
333421996,5149
333624050,677
333867421,162
334567245,9618
334760721,1215
334848347,9291
336132980,372
337924729,729
338717688,861
340339997,11478
341473983,2091
342728683,9470
343203057,2130
343429224,1344
344069267,490
344190478,68198
345180734,1840
346124279,3041
346676718,758
350375089,4430
350871478,913
351720449,1599
353670076,2967
353968278,772
354138793,6447
354751914,956
356881804,2362
357328206,812
357891182,2011
358208946,382
358276714,155
359839626,8478
361511031,2937
361735570,2302
367549861,834
370275343,647
370342171,1230
370728359,1799
371631642,403
373308826,4757
373674258,8464
377631316,212
377866577,264
379581563,3109
380191749,17398
381317767,166
381952060,1655
382835373,660
383121608,282
384562101,227
385275507,3823
387786881,3481
388636965,2885
391273014,381
391777965,626
393571599,36909
393874035,14699
394089041,3079
395688425,4191
398941751,380
400215964,39894
400918657,357
401484223,9511
403559729,7901
404924772,927
405929837,2740
406341006,476
406408083,869
407722319,12369
409653223,4000
411987045,503
415956481,379
416312227,211
417875186,764
418399149,1095
420628968,1872
422148948,4122
422274596,41444
423101191,1161
423991420,1754
425484875,1493
427347642,1011
429104828,3657
429736266,10313
432730711,3021
432768606,548
433054511,2269
434324346,979
436617251,183
438416676,2504
438419937,11161
438514144,11348
439033158,4591
439528372,1100
440603375,620
440752086,14396
442706416,721
443220240,5168
443497884,851
444251617,370
445768278,5216
446713689,969
448167075,2987
448343090,2772
448398954,878
449649393,18442
449649595,2505
450291588,2645
451309277,357
452821660,670
457995289,778
458086533,872
458411579,580
458461908,417
458588993,8328
458648791,44909
459466436,2486
460761639,1939
460867737,463
463439055,526
464704193,3007
468576060,75821
469136195,1326
469377939,1157
469622127,296
470779379,789
470832353,160
471249443,3253
472525693,646
473736446,381
474150870,1555
475150006,372
476918521,1955
477657302,368
477846408,823
477999739,1117
478484453,2185
478823173,11302
479199191,3043
479916584,1084
480303698,2229
480318757,519
481427289,1263
483260394,411
483678677,144
483710165,349
484017724,321
486656484,1268
487309566,2829
488091508,114
488641606,42083
489105078,1196
492526669,6411
493209224,107
495587598,8425
496192011,617
496233655,2381
496844646,517
497184741,472
497356715,870
497512032,13005
497780232,1130
498011141,34453
498575448,1484
498766488,10354
499173659,491
499272646,1116
500427876,632
501192860,1005
502863191,13485
503178978,419
506404806,537
507861208,3712
507972385,3491
509133407,566
509153572,3829
510360767,704
511003180,1200
511492785,2096
511745849,6006
513534410,975
514644612,312
515647260,36824
516505460,1880
516962930,2510
519577891,49045
520969009,37299
521688260,136
522133400,17702
522165515,795
522180634,1852
522895309,1630
524092789,432
525327651,334
525592995,28163
525605934,367
526514610,1455
526725525,335
527359569,2435
527796682,745
527889855,900
528076983,450
528328355,1265
528350188,3416
528763774,742
528771628,370
529560594,7306
529954479,761
530072220,366
530323399,3506
531653392,2128
531788813,3889
532465933,6251
533127272,13584
533199740,7735
533451541,4703
533601913,433
533752345,357
533934365,371
534330590,8197
534779800,1335
534817329,2624
535063290,684
535379921,396
535492585,369
535691024,3365
536013043,1935
536244334,497
536314590,1552
536492655,890
536614303,365
537093072,488
537940881,3212
538144430,784
538180525,15302
538375570,1892
538408555,496
539045602,418
539389184,7910
539888500,17760
540357453,920
540685210,929
541147441,1956
541269386,53489
541322916,5828
541841924,346
542185751,7512
542713154,1635
542763041,1225
542772373,396
543063415,1009
543189172,1987
543297533,789
543955160,4643
544039155,1068
544618040,564
545130358,611
545595027,1571
545918043,2048
546206616,29242
546466467,2550
546476703,8855
547227418,389
547725599,11787
547919119,660
548093252,802
548735230,1967
549133772,1393
549830413,7239
550981146,1245
551376520,61329
551689337,2859
552580878,966
552660722,838
554771302,12575
555532742,498
555659262,542
556522959,1636
556553471,1469
557271203,522
557880310,594
558278400,503
558368772,1353
558653606,484
559759491,809
560299175,21758
560704231,52052
560859378,920
561175504,696
561434347,1851
561902498,535
562595985,644
562754304,2365
563259458,502
564597496,1069
565372076,2421
565563619,4156
565658766,996
565772050,748
566323731,14510
568194185,365
568517086,2676
568776116,442
569265598,2515
569559542,261
569687650,1252
569860278,1267
569988037,374
570015943,767
570020780,4214
570384908,21641
570530787,598
570663084,359
570696986,3904
571055479,4354
571148432,283
571722519,318
572071014,1013
572087603,343
572570113,16225
572620767,1755
573203577,380
573224813,523
573661753,24309
573759422,6440
573822937,3715
573891417,1202
573963587,756
573982889,3883
574046356,2734
574095904,458
574097989,8207
574116196,13049
574156195,3466
574160606,3464
574210381,274
574278577,5526
574347022,918
574411233,2725
574428530,4186
574578825,8219
574612724,3872
574727842,730
574861362,1247
575042276,3449
575051095,6015
575253452,3579
575267939,3740
575295397,3789
575340621,54489
575628616,7555
575997792,1977
576005588,3782
576204079,692
576254831,3871
576380523,7864
576696753,3999
576799754,452
576869790,2004
576921601,3178
577116112,62104
577603990,37402
577753426,4469
577953547,454
578245357,1240
578272278,554
578460780,321
578685027,7956
579082810,78076
579494713,2023
579947672,2941
580147701,129
580525453,403
580537336,7297
580595594,401
580600129,2700
581656211,786
581913613,7335
582319835,523
582432706,5437
582729142,490
583315360,1274
583616027,536
584167315,379
584639396,9140
584843932,918
584935389,598
586171281,1454
586624356,13159
586903198,278
587031627,1152
587275399,916
587573950,331
587586087,42037
588477692,9496
588533284,777
588732058,2420
588898844,3743
588992876,2577
589013057,2294
589831718,131899
590681558,4632
591667477,928
591782276,3471
591961298,6109
592287689,738
593550728,630
593927328,2215
593961226,722
594096901,3293
594215219,1015
594609262,7367
594679568,1903
594869373,1065
595130474,729
595257557,770
595530574,1278
596205066,323
597240369,461
597490428,684
597583114,9167
597644883,3835
597763355,967
598099426,4191
598375636,2059
598539671,5636
598705038,327
598872262,2117
599293758,7755
599320067,154371
599338659,3084
599524116,33097
599570867,676
599687030,4213
599781179,4397
599811829,461
599950865,803
599976443,3124
600068422,3438
600223950,561
600229707,2061
600362783,3420
600368121,25274
600450326,4461
600534454,1170
600544354,21218
601100396,4425
601161044,16290
601205363,1661
601622432,703
601734711,635
601904916,2201
602005115,12391
602366280,6910
602455110,1131
602465880,648
602478874,3102
602771615,2468
603067222,822
603085008,10934
603215482,955
603535454,9668
603593003,5565
603668088,5654
604651852,3090
604899926,4142
605221864,943
605662936,304
605673387,29594
605998734,344
606329910,2714
606520610,3175
606669199,908
606790323,3652
606803328,6205
606949210,274
606991065,260
607013954,15262
607121301,2523
607202370,4994
607289185,28539
607301922,470
607355225,1185
607375979,354
607503931,118
607667587,520
607840368,808
607845880,2413
607858988,9518
608130371,323
608136755,164
608246343,645
608422802,346
608490374,7934
608896930,10434
609002853,3806
609054077,4273
609090479,3898
609099433,663
609255505,470
609333954,8385
609416865,24973
609427511,3208
609445326,6411
609721722,17184
609727033,778
609790481,956
610038902,3518
610043832,3724
610071879,821
610197072,5301
610217037,7536
610260322,41677
610265797,2350
610487003,1560
610713721,341
611161753,2247
611284377,4417
611291701,1349
611368361,806
611618121,21254
611723171,916
611817888,392
611913815,3275
612275000,1943
612350395,6195
612494680,122
612555408,1946
612562157,832
612603924,354
612750561,4321
613075789,12895
613456719,612
613731840,12210
613984283,12435
614050971,1268
614258120,10754
614325365,18938
614470292,2587
614719201,10166
614764248,33868
614765452,187179
614780968,2121
614826827,2124
614854112,866
614950419,1162
614965975,4008
615133427,548
615208684,1644
615313264,376
615403340,15759
615439742,3341
615510678,17680
615532857,3059
615536358,452
615557134,1443
615684995,575
615695876,4788
615702252,1394
615709657,512
615891862,1196
615910198,532
616027609,1400
616034965,430
616179530,1322
616187681,2590
616263789,319
616372661,71299
616466279,915
616830183,3039
616983144,255
616989909,390
617044480,1089
617048769,2668
617152691,8153
617179274,16436
617206966,912
617325145,3261
617363723,446
617418536,1217
617431627,355
617443880,443
617444598,503
617462489,412
617529988,2213
617577744,475
617708951,2329
617798408,21221
617864263,670
618116667,1891
618229896,950
618291036,1395
618299849,1335
618345160,2789
618503555,1340
618509061,380
618511002,10804
618644310,1605
619047425,358
619059435,2619
619143361,3088
619234173,3025
619312022,4254
619814004,2965
619825247,8487
619959033,77384
620059973,778
620076077,1728
620165658,493
620174542,7386
620225616,477
620275636,3339
620333997,820
620362812,2749
620428566,1054
620458878,14899
620552483,2172
620557779,577
620843043,1234
620943152,917
621226745,448
621562296,810
621575252,7683
621634256,824
621808642,29590
622134485,305
622147274,1703
622163915,465
622202906,3438
622352364,12473
622462950,384
622510230,6482
622569125,3237
622599959,2669
622633514,395
622709062,170
622788147,2895
623119055,1723
623276552,1024
623337398,700
623414622,1578
623453211,444
623499246,1157
623604666,852
623618719,1177
623656022,690
623679404,1052
623737874,330
624156003,682
624214839,2771
624236959,4332
624268705,2257
624294388,332
624421862,930
624432016,2273
624870895,9115
624889833,1178
624906825,133
625187946,16494
625308923,2353
625486047,8199
625502953,302
625659174,812
625673154,1130
625793423,3413
625802141,3308
625802507,1238
625961301,3501
626117554,1113
626161045,553
626166292,526
626239608,777
626509716,4926
626597211,350
626723712,1699
626885698,1000
626937684,1657
627132009,1252
627274798,1110
627480054,19895
627534556,478
627561173,19016
627637290,436
627644217,801
627646824,575
627727693,12447
627744002,2897
627915388,661
627962120,938
628087446,1450
628154495,1807
628172054,1642
628230315,2185
628250345,3000
628296906,12242
628479063,400
628749964,147
628853983,834
628959446,5773
629049442,3255
629102662,25014
629142696,5177
629177820,3215
629292062,2465
629411216,192
629494390,7076
629520282,1257
629538245,1217
629651008,1994
629789089,4135
629922458,3348
630208579,910
630292680,3792
630487790,1140
630488256,589
630646591,2043
630755965,4908
630987119,358
631003534,179
631079307,328
631081758,9048
631084700,350
631136535,889
631147793,1220
631169911,4688
631254164,36769
631258918,23787
631285104,5756
631454728,10205
631484230,2623
631493578,285
631522874,4154
631567741,41997
631651537,340
631673804,591
631693079,323
631705933,1622
631755045,425
631822812,6297
631829946,954
631986005,368
631999917,139
632043405,410
632265457,275
632269609,795
632303131,1741
632387128,1271
632394512,392
632538509,1363
632871496,1512
632871628,4724
632902959,3255
633037655,473
633091774,1969
633141345,996
633262635,31958
633738492,1037
633933122,24646
634043200,29593
634081686,23140
634082741,262
634151665,2123
634443338,655
634505738,172
634511992,635
634590129,413
634938527,956
635059080,1824
635129194,3300
635240594,57498
635258975,6399
635392069,493
635785526,311
635992742,844
636344889,4253
636372163,13655
636473464,526
636529302,510
636535720,6467
636693030,17669
636787031,12860
636922549,5120
636986058,4694
637096157,12504
637126931,3143
637237273,3499
637313883,1103
637692988,776
637924634,15648
638018738,829
638054601,4939
638158791,873
638240319,623
638609341,3791
638629097,48810
638722390,1297
638869686,566
638900030,2379
638951438,21850
638977082,321
639001213,4057
639079153,1618
639095114,3536
639096757,6733
639225857,2057
639286908,765
639548771,1473
639673870,2310
639687152,1669
639772835,4947
639835356,29328
639997734,3530
640182997,17675
640476297,384
640495759,446
640683234,1886
640747712,655
640784478,417
640819432,5939
641205268,14923
641213599,1555
641364608,360
641490799,947
641729782,1546
641932376,465
642099326,6062
642323624,35750
642332004,1154
642368010,1507
642416556,643
642578676,512
642608852,13017
642640119,391
642642539,18002
642696395,549
642826885,490
642880013,291
642906925,2224
642917329,20921
643035818,465
643050363,1812
643193835,1089
643298670,295
643405499,4590
643435168,2171
643705885,1553
643722626,379
643749430,3353
643838075,2893
643885884,2625
643916827,22755
643952838,611
643959798,862
643978507,240
644075561,820
644235905,25013
644259800,2460
644335995,1001
644343479,1095
644351982,1084
644461337,26620
644497089,2961
644686905,35820
644799767,961
644827453,554
644862510,3146
644945770,565
645171789,126
645270986,2012
645376002,346
645397533,5492
645423151,195
645471238,7180
645841220,434
646129383,598
646220234,340
646464288,763
646489141,731
646532460,936
646537482,2918
647071735,268
647090216,346
647100790,307
647651782,2341
647752905,763
647951887,994
648133004,955
648145432,772
648450331,585
648461026,886
648474263,2012
648505057,5785
648629873,13272
648704297,287
648800562,736
648854280,1071
648967412,2601
649025519,686
649035177,814
649047066,725
649224670,6425
649402606,633
649494372,775
649647885,6491
650246838,874
650365761,411
650657605,467
650838385,352
650839020,2614
650918061,2981
651145357,705
651479977,1048
651487266,9556
651673736,484
651715861,232
651739863,1222
651856155,235
651961311,1308
652065806,562
652419549,108
652420569,2228
652484969,765
652523482,827
652604373,1874
652712035,33812
652780999,389
652941996,8744
653196037,529
653386433,6345
653589102,13835
653595084,5650
653893086,828
654037367,462
654115596,649
654122609,8046
654124617,7397
654824689,358
654834995,668
655021836,907
655099582,82368
655155250,2424
655253031,313
655459367,29921
655806940,119334
655948482,8682
655949187,2828
656030508,1966
656099147,64839
656181752,1310
656242004,1303
656376920,1541
656385153,3646
656648289,324
657057869,1164
657103388,291
657153187,514
657442586,612
657895120,15522
657992824,541
658169646,264
658277588,4757
658356545,475
658453192,3053
658523581,707
658928958,180376
658954791,1624
659030774,720
659158359,1183
659163102,286
659211539,435
659267694,1173
659402878,9413
659412092,7922
659786592,427
660299583,1237
660360373,393
660428571,758
660452634,1061
660489378,11234
660551251,70249
660860817,643
660891114,386
661149290,676
661178361,1609
661481146,330
661792195,439
661847690,317
661917017,393
662443651,1290
662567193,278
662717361,1502
662766482,12881
662871293,324
662878020,7275
663095187,1454
663157481,261
663247362,2495
663396489,2364
663801546,1258
663830644,172
663918038,1647
664102018,1014
664177247,1366
664262546,363
664420782,600
664427248,3847
664529368,1085
664752008,2926
664767555,859
664913876,5189
665164787,1414
665299585,1595
665360778,604
665471631,873
665653661,1198
665986900,559
666140407,745
666163354,2238
666197652,2086
666260877,3189
666461223,609
666826154,1264
667024117,908
667148214,758
667259013,363
667297720,18559
667532295,9310
667751028,324
667828615,2996
668052031,7120
668122773,14748
668132464,2828
668195240,58954
668481985,1364
668513898,1936
668812621,1706
668990200,620
669331976,6342
669402660,554
669420857,4274
669611694,1360
669671669,814
669704171,738
669839756,513
670089677,389
670177036,294
670526867,935
670696350,703
671044141,122
671076272,2999
671115276,170
671367604,1956
671542615,659
671737761,694
671759870,3716
671872978,629
672224983,8798
672405848,328
672415139,9978
672418156,220
672490782,360
672673877,999
672678720,2379
672730040,1304
672790711,457
672839549,428
672847735,1708
673277480,2317
673277958,7010
673534316,3805
673596675,12140
673704029,1232
674075444,21700
674149041,208
674448056,287
674782109,702
674804053,224
674827652,371
674841239,348
674921134,138
675151062,2311
675166027,440
675501126,332
675790276,304
675892095,1055
675911200,1368
676012640,388
676028871,4860
676057693,1239
676089005,1341
676793232,2437
676855783,586
677284959,1526
677655818,336
677815836,262
678182421,3440
678526156,22677
678589928,230
678765416,490
679091311,1856
679237742,33679
679402823,1175
679506386,44373
679564879,1053
679673096,402
679869950,29796
680043217,803
680120071,60856
680173591,2838
680797687,2280
680860351,945
680918523,1159
681002458,7341
681075491,6725
681211986,3634
681240572,388
681455046,920
681482900,1323
681516317,4539
681566005,18009
681603891,656
681809062,1061
681989160,272
682080300,12921
682556990,220
683009618,5674
683039317,849
683066449,802
683509343,272
683573931,5488
683650472,1731
684049556,672
684718744,915
684881338,6934
684881857,3634
684883012,1764
685444668,4083
685523400,341
685709378,596
685779821,287
685897222,179
686076152,1087
686161611,10554
686476221,1210
686709515,284
687036710,764
687065217,314
687127955,321
687211074,339
687246031,292
687372462,456
687449432,1044
687727674,1353
688164459,28158
688186076,2823
689172454,1320
689214770,2888
689299900,3525
689406476,933
689541424,2772
689765175,860
689777286,7047
690349659,513
690609896,8196
690860892,901
691194929,464
691303110,4363
691347156,22731
691978242,690
692175642,1127
692676232,282
693038546,874
693072929,824
693638247,671
694239644,225
694279648,406
694510132,1317
694670164,2686
695229234,967
695699688,1078
696086319,132
696243788,2266
696503950,955
696601819,445
697007681,2077
697356168,167
697550206,1291
697933414,743
698210830,613
698288684,14849
698470143,287
698654711,360
698678789,473
698998233,1004
699159727,869
699343375,1240
699396462,734
699581828,223
699727627,412
700724064,2378
700762093,307
701109860,327
701256444,284
701312880,733
701419101,1889
701494311,9146
701547123,151207
701604805,1112
701627142,1154
701867516,517
701872893,363
702050953,1257
702370097,815
702674692,739
702880644,2426
703132587,668
703276306,151
703411624,24640
703433265,1167
703596504,540
704036520,1053
704054996,829
704106022,550
704543233,5043
704959035,4625
705126352,832
705247308,648
705358800,1404
705433049,3129
705695450,3387
705901752,2095
705950346,2666
706023626,1303
706400384,358
706636808,244
706794274,1944
706800296,859
707018563,383
707020503,490
707237272,4174
707248455,821
707356799,1615
707441527,14047
707501489,1080
707504998,898
707552952,853
707818217,3828
707871811,536
707913607,1257
708532926,322
708552127,579
708693209,3024
709504524,271
709603902,12778
709620206,396
710127591,304
710443541,1347
710475189,508
710539769,595
710601088,58192
710781843,477
711291697,140
711319439,916
711391701,1380
711550638,13923
711650878,2040
711864970,527
711904523,171
711904962,3876
712179847,382
712629129,3312
712897010,10753
713152194,834
713419018,520
713609629,318
713967573,7836
714008096,494
714035943,358
714143245,10291
714226745,1522
714374011,1910
714387282,733
714395490,404
714808642,286
714853510,772
714865034,507
714893421,794
714940169,3154
715248012,170
715348647,544
715427466,13583
715523093,2041
715592775,770
715806751,981
715884951,15051
716273663,776
716439063,309
716476891,1980
716579519,518
716583109,3407
716786755,427
716799237,1763
716937075,2094
717009085,330
717026159,1194
717138746,2117
717197250,47517
717216771,492
717287228,6594
717917803,1515
717956516,1200
718107269,941
718323423,948
718379614,22400
718407978,1149
718748920,3617
718853934,395
718875034,220
719367888,32081
719455172,6549
719761455,396
719790983,407
720449800,591
720659604,284
720915219,1198
720959702,313
721250099,2375
721643027,1676
721995615,10150
722184017,12038
722523710,254
722811903,1362
722844356,13668
722954739,1260
723015178,2696
723094714,3204
723226486,2346
723307046,2061
723485772,1180
723665493,675
723728776,424
723758860,1457
723933053,1327
724028394,656
724066757,1819
724118604,1763
724415659,159
724478159,1495
724564445,1038
725157537,863
725334471,242
725463194,364
725476324,808
725658398,409
726013572,970
726390185,924
726478743,409
726518175,874
726570398,3017
726692169,2006
727268148,1004
727460041,778
727470807,3050
727502310,586
727519007,312
727699569,1112
728395410,1879
728528910,3383
728758093,468
728820625,2525
729271800,568
729453988,10492
729716514,625
730276071,509
730334347,554
730389199,349
730414546,785
730439488,271
730534580,90200
730728120,3937
730753909,4418
731037923,493
731293077,5997
731397562,1826
731449710,456
731462543,4886
731842419,9771
732366705,600
732401352,723
732543215,396
732849776,1280
732909726,992
733057080,1354
733454789,296
733497470,370
733578284,785
733661878,3836
733802106,5710
733899994,6874
734171107,975
734312577,5655
734626369,1233
734710598,798
735087691,707
735283134,1053
735425203,5186
735469449,1819
735982439,953
736191625,1329
736198723,1791
736272311,15296
736349347,559
736419116,519
736491949,2501
736530793,1062
737050647,660
737607643,362
738046322,2240
738095453,547
738519395,344
738733003,43864
738771232,474
738776129,1606
739486956,1310
739667828,5344
740043450,543
740111119,474
740293013,7358
740316987,9663
740338525,5404
740789348,2074
741100585,3256
741165735,150
741543947,594
741791071,1225
741989385,5208
742015163,1221
742146179,465
742244656,30980
742326880,1049
742902859,657
742949598,392
743007730,590
743107776,779
743533748,2196
743720963,813
743746918,645
743770309,7705
743780291,4187
743789945,161
743825398,5683
744164276,4365
744855992,388
745311984,1410
745546184,8834
745732093,2690
745749489,3951
746122997,137
746295630,758
746380110,503
746430561,1843
746667927,1442
746708555,353
746783381,457
746833579,814
747578582,1803
747648993,1239
748030359,994
748528018,6356
748674684,9175
748833709,487
749135518,290
750069596,2540
750262306,782
750274600,395
750371625,4261
750409062,802
750678695,18191
750896555,1344
751008707,13939
751413469,1325
751474418,1597
751863240,2045
751927947,326
752576871,1277
752672224,454
752798324,235
752815135,1254
752840454,1420
752856939,266
752906381,614
752946440,2970
753490180,71775
753525670,306
753664908,861
753742444,828
753750990,29284
753757613,402
753886289,4569
754066467,1602
754173470,1587
755161958,971
755500149,432
755804236,3483
755874962,458
755952077,640
755979015,765
756142546,7988
756475416,2708
756910902,214
757246914,288
757390591,428
757771051,959
757875395,1095
757885472,759
757899614,588
758197374,18280
758253566,700
758619546,181
759306668,881
759825266,3641
760107045,827
760329856,483
760947966,1003
761068700,1081
761150311,7223
761397238,1666
761580012,808
762204955,1789
762224673,5818
762300924,2476
762303728,15233
762355055,2422
763068976,829
763718151,378
763733771,1041
763774926,7660
763784232,437
763795053,6388
763825934,1752
763842651,7923
763923484,3789
763946969,393
763992110,638
764049913,1279
764161180,803
764328003,142
764418725,7027
764684731,641
764867656,728
765001096,119
765133369,806
765212809,361
765636168,447
766789360,2081
767257109,326
767492699,1360
767522148,833
767612356,196
767985271,7797
768036550,5018
768315119,347
768612800,4395
769026721,297
769134044,1059
769264114,655
769564277,7632
769818490,421
769852109,1745
769873873,602
769954254,696
770001062,3134
770153867,121281
770633006,2400
770650946,226
770946179,765
771302083,86427
771670025,17753
771808616,3565
771812200,166
771847852,1040
772047488,804
772179341,1115
772231767,348
772626462,1912
772632148,5123
772900420,517
773015046,683
773093836,1128
773321993,424
773345074,892
773544702,22539
773950709,2475
774011471,1976
774180708,385
775149161,741
775300536,351
775790548,1524
776632801,891
776854298,31243
776908852,24164
777111718,25735
777273508,1179
777392297,603
777597786,2471
777812139,3326
777941000,834
778281287,691
778431525,35875
778560533,290
778768633,493
778819999,2249
779285435,2153
779309317,1505
779312276,879
779499743,364
779843396,1229
779928034,1744
780047246,410
780161909,382
780323643,273
780522250,8728
780584116,229
780685045,2504
780737106,20269
781254183,327
781261349,14536
781367266,888
781412750,486
781420440,1626
781548686,705
781634560,1352
781762105,281
781844208,623
781914762,6591
782308046,3766
782539945,9094
782544882,1575
782597014,1485
782938634,270
782946208,5043
783303222,1336
783512367,38918
783558843,830
783743154,280
783744120,517
783839655,540
784021364,446
784181462,36663
784183059,5315
784528890,1782
784546140,11958
784586462,1193
784700179,242
784769209,559
784797264,735
784800776,986
784852356,145
784906798,2644
785004114,1467
785300720,995
785617449,375
785719030,236
785751279,1357
786008946,1080
786281570,967
786509147,941
786642156,4563
788470926,430
788751269,381
788768107,8924
789008605,417
789379581,292
789457378,306
789480255,6915
789601531,775
790018635,275
790136258,116
790316547,1259
790704526,2350
791124680,8508
791678512,872
791687835,117
791733442,816
791911417,573
792039881,3541
792072603,2686
792550179,253
792608353,665
792840938,588
793152808,806
793375104,136491
793379298,5251
793416920,306
793454852,4441
793526430,519
793795224,6410
795106410,726
795256319,246
795577184,385
795601045,1449
795784338,594
795905076,589
797193117,553
797371964,9382
797507464,112
797526075,106
797531982,447
797821110,1694
798163156,837
798470196,640
798503976,207
798892173,835
799032556,1634
799067071,718
799084863,334
799574583,836
800050396,1717
801447013,292
801547807,1068
801763739,8530
801764728,271
802174871,429
802342616,535
802434683,5637
802821703,10426
803024793,2104
803449223,153
803643412,1584
803733455,4941
804026091,959
804027896,1105
804458911,581
804533296,341
804542745,522
804768546,1805
804867341,4328
805155266,51542
805900550,549
806007891,4189
806192576,7947
806216118,1473
806294968,270
806444030,842
806770482,1261
806804556,2911
806854629,33570
806921131,523
807305060,11687
807477229,167
807512074,7414
807526338,121
807727161,2068
808019331,1349
808072504,721
808091003,767
808123482,1838
808180334,888
808279683,124
808982778,254
809060646,1345
809380023,791
809671338,1966
809673506,6227
809764991,351
809877633,788
810121174,3880
810363572,209
810375738,663
810861466,8548
810940471,636
810975601,186
811330067,330
811374381,1094
811638645,2163
811675345,12991
811918547,711
812111293,295
812535124,198
812975380,19113
813220336,2227
813368909,3717
813390194,326
814018882,876
814403270,2004
814502811,1515
815071490,143
815554514,291
815634288,11177
815654365,337
815778607,328
815946742,2306
816158613,1252
816163847,2012
817354652,11112
817558041,319
817595660,1366
817999901,138
818118661,4539
818331198,19765
818371268,486
819274200,1540
819291550,2654
819613072,1472
819746780,663
820105241,1114
820144741,2819
820723371,1119
820789280,3532
820898375,1615
821257066,1863
821372392,28951
821845183,273
822329559,2108
822439302,363
822604462,42166
823175328,1832
823198721,272
823533826,810
823596198,2062
823731928,626
823919159,593
824091324,1259
824541776,6780
825079672,962
825151681,296
825279449,2117
826111692,4077
826168160,66098
826170402,19275
826643276,1474
826847986,579
827005317,6372
827224160,298
828487049,404
828505099,4671
828725594,562
828733319,606
829521860,440
829762850,1154
829991333,266
830468922,2195
830613483,674
830859294,2491
831914256,5861
832180352,1259
832452447,14800
832482665,1798
833512367,3983
833803262,224
834050728,1116
834231760,594
834369920,59358
834418003,477
834688418,6921
834978333,385
835317697,895
835704674,2516
835975784,16103
836079752,1046
836554261,353
836899473,379
837411728,516
838093526,4472
838126055,399
838163451,143
838216432,7291
838412119,1019
838528318,1625
838542536,11478
838659679,12739
838970603,6602
839037098,27766
839428333,13074
839638772,830
839750798,1086
840056306,30661
840162905,1976
840665645,957
840672252,2315
841242731,1813
841263635,389
841370602,5713
841397199,2094
841472636,11004
841537832,224
842172831,1588
842982339,414
843003613,860
843119525,1205
843570824,8354
843734873,428
843946121,3254
845116230,886
845839905,1250
846166884,528
846504063,248
846579774,3392
846650421,1400
846698999,53990
847717439,16160
847942139,712
848182195,438
848430472,565
848716186,170
849121458,3422
849473290,556
850195226,1833
850267588,29682
850515061,6424
850683423,5222
851036791,1667
851138183,1408
851256132,680
851311691,801
851405219,2888
851492630,1787
851508130,327
851957432,1103
851973702,2264
852211693,724
853516073,492
853853180,394
853922938,772
854337508,10807
855162700,3148
855588588,8578
856013564,331
856917013,318
857301513,521
857378779,295
857596299,6903
858952634,261
859231373,889
859332112,693
859510816,2371
859537060,5671
859956307,4889
860141324,564
860826290,107
861432372,333
861556786,2569
861746639,2667
861758511,1836
861937484,1984
861987013,268
862342240,500
862421352,1579
862449441,16535
862570523,9151
862578138,13341
862584018,24226
862802466,1360
863050120,4623
863276973,2479
863454901,1066
863884238,517
863930645,1497
864107095,667
864683346,412
864768613,306
864976834,559
865062553,1275
865578152,3616
865656561,6530
865674064,754
865687718,187
866356299,596
866513204,39455
866517667,1992
866534224,124
866629172,682
867149056,131
867337374,10837
867365585,269
867433720,5598
868173144,20179
868456222,556
868466289,3210
868528979,192
868765642,1711
869057963,252
869529046,361
869964172,309
870039374,2143
870189331,12238
870402765,447
870957129,880
871211266,2877
871368615,8956
871483501,522
871725446,477
871835352,111
872005985,7983
872021590,2440
872550457,1525
872632465,979
872748942,605
873102254,577
873330843,824
873387226,306
873548300,1713
873919267,361
873985503,474
874559208,17764
875190427,222
875857865,388
875989196,539
876000634,2635
876064934,37415
876079530,802
876363500,256
876463366,313
876545970,1847
877230294,10992
877487641,155
877649153,4343
877757116,884
878272507,1060
878401217,551
878605324,527
878634542,685
879091764,620
879473096,1724
879657839,538
879677288,430
879753997,249
879874959,2848
879985123,501
881014682,207
881100462,951
881171866,15918
881201918,1897
881448795,2241
881458615,112873
881991789,583
882026761,7601
882106204,419
882354535,1991
882486617,1047
882880878,401
883037083,1437
884123664,3947
884452470,1204
884907449,351
885743839,2000
886299924,1576
886448921,1635
886682265,300
886929922,158
886966165,3710
887684103,5104
888092115,179389
888350460,1839
888450044,878
888615536,2100
888977326,857
889371307,4157
889684712,1520
889730722,861
889798967,1709
889850064,911
890043011,4447
890358626,321
891123403,392
891705470,10938
891872929,655
891941403,729
892076269,1053
892173192,4118
892415825,253
892729604,1014
893031915,5890
893198731,212
893612026,665
893720264,300
894138030,179
894215592,279
894382523,173
894727712,123
894876686,2572
894945634,1374
894988451,1814
895079444,677
895124092,291
895224323,809
895253710,7848
895291604,4983
895453957,12500
895508656,74127
895801050,5764
895930732,1587
895942941,15400
896146306,3116
896252863,345
896296825,27547
896335270,94547
896417211,922
896594784,929
896905855,242
896927006,5931
897068154,823
897268988,8556
897308110,1522
897375907,620
897595329,3881
897809208,5857
897865415,1571
898003154,649
898004429,1029
898106797,348
898128804,1380
898304583,12976
898345892,9505
898654014,284
898806615,150
899184149,3405
899268921,151
899309258,2105
899407931,7412
899491463,908
899663167,1299
899983311,890
900152988,2002
900207021,2224
900260982,292
900493069,929
900564894,738
900577388,6509
900708662,185
900908903,2556
901328207,191
901554449,1772
901585471,2220
901596497,213
901680517,1540
901720337,227
901797250,6053
901925992,572
901950528,5398
902201960,5818
902419239,640
902495626,456
903410228,1112
903548628,2323
903606632,235
903643338,312
903700733,15961
903960898,1541
903999320,1837
904010974,908
904031977,477
904060563,590
904190702,240
904249963,710
904277704,660
904534974,7468
904639064,1676
905016458,8525
905450127,2987
905471442,978
905850659,168
906122697,1179
906245192,424
906251482,37527
906326388,1540
906380555,358
906848878,3165
906909760,325
907148362,306
907706400,1236
908040880,2470
908054915,132
908705399,196
908734690,2741
908799323,3263
909177153,229
909213664,102828
909215044,467
909466352,882
909717778,1228
910125376,3078
910133553,209
910265773,1588
910277051,296
910336786,1488
910422636,8988
910426589,638
910918245,322
910986056,16316
911150848,257
911185631,467
911256711,6233
911303109,18678
911680526,1245
911831076,4991
912452889,345
912499477,2618
912645774,3138
912731730,1089
912869501,1666
913547673,260
913574546,1448
913593764,1246
913907685,1982
914316754,19913
914406146,1541
914475684,199
914593860,950
914625205,1726
915015718,460
915233417,6581
915291641,2010
915358848,2476
915425472,872
915470479,425
915520679,9559
915822493,363
915838812,385
916009087,17489
916292078,272
916386111,3279
916693314,166
916695726,3467
917001485,420
917444482,300
917782991,1640
917868934,32267
917903047,2530
917985457,693
918092521,267
918778709,3916
918932603,38886
918998436,161
919458554,1217
919609219,3685
919835586,14756
920159501,3666
920179950,351
920576726,2650
920835737,409
920995232,6413
921048775,1501
921101366,195
921374864,1325
921418273,674
921448845,1826
921652649,585
922050275,3434
922278962,2793
922596686,5363
922709376,705
922830617,176
923103714,448
924394244,5527
924706399,4303
924738875,4427
925147332,4110
925298844,6553
925457982,1058
925508103,951
925634755,2937
926222936,200
926252103,10797
926285456,754
926297959,1413
926334425,3352
926861272,19642
927890076,7226
928054659,277
928147986,126
928176450,529
928246219,317
928318862,9767
928416110,1223
928766981,484
928857407,2756
928976443,485
929050264,943
929121414,23396
929152510,399
929153651,422
929158279,3652
929338255,4100
929591639,191
929918364,266
930007673,330
930132430,2207
930217913,7313
930733499,517
930886482,709
931205747,244
931352845,34206
931365873,4161
931442415,2535
931552739,1098
931705070,2274
931884122,580
931892749,15792
932076703,2539
932348189,313
932644823,5504
932741577,793
932756293,794
932892820,201
932931149,257
933044155,2575
933144612,832
933201974,173
933350408,3465
933392619,1487
933588046,479
933700399,920
933701586,13879
933894892,1499
934119223,252
934139122,506
934147482,1624
934358660,376
934527631,2815
934753959,3892
934853350,256
934999287,3130
935223529,990
935450522,5818
935534753,1561
935604638,27172
935753640,431
935895786,277
936036852,517
936075340,308
936151330,902
936369652,1329
936371491,498
936395722,1721
936588488,827
936639285,723
936974548,4683
936986786,5151
936993021,1686
937033828,298
937056810,2115
937106681,444
937347387,253
937527501,1587
937952934,5733
938111182,322
938268326,303
938322627,3214
938379776,2096
938582880,482
938652536,192
938859604,5893
939035618,132
939207877,4962
939242211,214
939371152,592
939648665,5557
939657163,470
939712575,315
939870671,529
939937385,428
940099147,1384
940989522,379
941145803,3565
941160149,3795
941562247,2091
941652610,186
941866087,330
941931006,139
941971657,403
942114501,20123
942206898,7984
942624437,1840
942756187,14887
942771284,32779
942837343,28054
943214141,187
943266643,586
943686184,1564
943950290,7896
944414751,27477
944922104,341
944976593,12002
944988714,602
945034056,1340
945121885,348
945309383,207
945411078,10783
945551361,6350
945592798,284
945605057,8441
945763259,2080
946010740,6673
946025961,453
946087422,27212
946153980,3894
946174307,4520
946178371,10705
946228075,466
946270469,150
946278572,4050
946334325,242
946380199,29244
946676136,1277
946702247,7443
946763772,217
946767878,6915
946845941,3337
947349598,2090
947516890,603
948072295,5225
948129804,433
948148972,1888
948264786,2820
948430889,1880
948567826,342
948663423,9076
948725367,626
948839453,7596
948860546,1418
949542298,540
949564493,338
949646929,9787
950019212,401
950061990,1718
950361043,1033
950412509,332
950839330,789
950891299,4746
950937118,170
951125019,788
951163887,906
951254050,209
951416232,515
951429064,2988
951543275,3850
951636984,463
951746200,3003
952238700,9668
952294753,2846
952688112,36867
952939763,2134
952977008,502
952999410,751
953089294,4923
953142807,1194
953215797,384
953274130,1702
953321814,3053
953478769,2281
953521037,35675
953587943,956
953683578,28942
953944252,3017
953945624,2790
954045557,526
954295376,352
954321799,648
954528300,1199
954762768,454
954873280,25675
954963562,11880
955112969,184
955577327,722
955620917,61729
956283541,7058
956421280,503
956585124,1359
956657893,6354
956679248,1358
956842312,8373
956908445,4722
957053334,6236
957410714,179
957412694,4364
957479413,1929
957658915,25740
957756643,3451
957812975,1454
957825149,2374
957859485,9823
957960956,185
958189434,2181
958531089,35561
958603506,252
958733763,355
958830671,10288
958852531,628
958956842,1629
959346743,523
959473422,12644
959543974,7635
960225366,837
960292911,248
960665821,17163
960724144,799
961238844,576
961883456,575
962024783,3014
962106649,2640
962125208,2756
962134278,3382
962294285,309
962587799,768
963665823,4425
964314175,1632
964477695,6005
964818213,1243
964996396,4004
965030779,2153
965174143,1530
965232391,595
965313467,9312
965632655,8140
965872694,616
965974441,5799
965998145,3351
966022561,585
966372868,627
966653795,2221
966916741,654
967062640,3312
967155121,566
967543976,204
967670863,653
967738751,9515
968197216,106842
968317835,2126
969005843,235
969010919,19393
969235474,564
969263461,796
969373000,1542
969725165,331
969892666,6751
969920935,1039
970023948,3781
970107711,827
970267776,792
970578570,2650
970691159,398
970875123,952
971300888,5073
971399370,971
971922154,165
971992642,4646
972553373,4350
972862480,630
972930250,848
972957983,1272
973051124,2571
973180254,6805
973223133,4857
973292935,2499
973621150,3577
974157595,5853
974445592,13367
974865573,2104
975012144,386
975045036,2118
975318071,17904
976255395,454
976286833,2273
977737334,346
978236277,8756
978331188,10082
978384239,545
979235459,1229
979345481,1527
979392131,15762
980086077,2471
980428225,2127
980526715,1030
980584668,1974
980669489,212
980793684,234
981177285,10062
981223380,712
982172059,268
982517950,6925
982711664,609
982835425,997
983113668,5128
983757718,1854
983763510,5019
983846239,901
984011683,2893
984119889,1244
984133376,10197
984189260,869
984376616,407
984413599,3046
984625191,3939
985839104,13583
986553289,507
986861312,2912
987252260,1198
987312029,803
987541636,1669
987670088,27942
987682107,3047
987975584,10680
988337333,18326
988488798,5124
988535212,283
988545824,863
988856738,523
988892963,1095
989406293,241
989917360,1215
990310636,667
990811530,238
990919575,309
990985890,582
991030974,933
991037838,346
991047680,1563
991092853,1963
991528882,1758
991626874,822
992021228,257
992114392,876
992325192,563
992778031,515
992907328,341
993236973,1570
993376725,1617
993392548,495
993521808,3766
993635199,376
993864981,895
994061888,322
994252890,6626
995129837,871
995371708,337
995796077,799
995920026,1428
996124831,1787
996329491,6659
996546959,1131
996626040,10881
997085842,3115
997120524,861
997220114,274
997390194,5454
997410148,521
997438135,522
997490512,6553
997890921,22842
998409746,546
998445877,1350
998658053,1875
998704750,327
998903307,1834
999030842,15343
999743169,582
1000362065,38719
1000784797,825
1000933836,700
1001200358,1333
1001452682,12072
1001531356,574
1001889935,3181
1002055021,907
1002069540,2627
1002125012,28031
1002608585,342
1003353701,542
1003434490,1394
1003614809,3119
1003799351,514
1003987503,601
1004147641,18009
1004491404,607
1004631442,8677
1004647857,7735
1004789600,607
1004995740,22394
1005233473,4957
1005959915,299
1006104934,5776
1006340566,410
1006993051,891
1007665741,896
1007681088,5498
1007724038,646
1007845219,862
1008177062,4655
1008373485,13604
1008713177,27700
1008775535,658
1008961851,894
1009038213,387
1009729416,459
1009904154,397
1010094371,2139
1010285990,497
1010311478,250
1010318950,7119
1010478967,2278
1010681419,76257
1010767195,2778
1011137032,1495
1011263959,299
1011716417,647
1012087571,50827
1012470975,156
1012676456,3298
1013335166,327
1013404946,3338
1013480284,30551
1015215237,201
1015232837,412
1015241891,1916
1015280784,2332
1015753941,2624
1015815983,7240
1015852565,819
1015965886,577
1016271077,812
1016323751,38546
1016423859,12633
1016903129,881
1017049444,2850
1017500658,165
1017966556,435
1018098280,2069
1018547681,3811
1018830110,1599
1019203263,158
1019360350,3461
1019432584,12589
1019609805,2183
1019975951,234
1020779503,1850
1020834440,3685
1020843346,621
1020997213,150
1021219064,3655
1021295105,508
1021369428,203
1021621499,3424
1021895365,23681
1021907170,1648
1022508659,753
1022925092,1008
1022937426,8742
1022984892,4423
1023243010,1176
1024010771,566
1024095504,306
1024554267,242893
1025121037,4761
1025300166,5823
1025363199,172
1025906681,3427
1025924157,2780
1026361581,195
1026589873,342
1027015746,874
1027092197,228
1027207153,824
1027384981,29101
1027472552,1480
1027657650,457
1027735852,1678
1028070615,14387
1028159967,12864
1028492186,15210
1029036679,24903
1029049168,2455
1029161494,504
1029237831,367
1029289585,1994
1029765858,1805
1031066646,235
1031215137,15683
1031572511,334
1031666266,167
1031702103,634
1031738741,3155
1031743438,105
1031953656,1539
1032382011,902
1032429296,3103
1032459340,67521
1032498247,884
1033268244,5857
1033504128,110
1033533442,1910
1033618518,254
1033873680,8366
1034122619,1856
1034425196,12794
1034455311,203
1034736943,4378
1035165731,2099
1035890763,3519
1035903914,605
1035925398,273
1036205124,8115
1036441713,3765
1036471813,238
1036704760,1562
1036865607,5108
1037029275,192
1037741738,4836
1037868089,705
1037882481,1665
1037962296,5148
1038251341,4828
1038267026,505
1038357256,304
1038413113,1100
1038434342,737
1038507702,1537
1038887977,187
1039282306,2808
1039587768,7801
1040280323,2764
1040397982,8362
1041176052,4051
1041444133,1764
1041920680,4610
1042367133,133817
1042526843,2491
1042774256,1615
1043448231,1865
1044010907,5452
1044765979,3366
1045330979,1171
1045721921,9624
1046807713,3865
1046864201,2231
1047320420,3722
1047604775,2743
1047714514,1357
1048132347,438
1048158960,1258
1048282719,2239
1048320382,11004
1048418394,3311
1048564437,279
1048601047,5105
1048652045,178
1049183334,652
1049248085,192
1049886433,2377
1049887781,791
1049911276,378
1050245177,675
1050485604,406
1051229663,1714
1051432019,559
1052016638,916
1052050442,77506
1052094299,1171
1052259802,3127
1052387869,543
1052473204,1189
1052828228,4842
1052845083,18921
1053114486,627
1053118194,45079
1053297461,3767
1053496366,1837
1053544737,531
1053598893,5176
1054147333,218
1054677274,2936
1054790989,9629
1054793726,51261
1055778057,794
1056221118,1362
1056452116,814
1056618941,4643
1057381764,814
1057758059,811
1057848324,770
1057909657,622
1058148535,1206
1058223453,540
1058825816,2004
1058850200,3263
1059326899,2394
1059472549,3743
1061041576,30795
1061327311,11302
1061365581,526
1061953414,174975
1062171191,518
1062210926,1006
1062297179,5477
1062458369,29003
1063265931,4285
1064264196,1090
1064636662,2752
1065047674,1688
1065059442,47810
1065066515,2029
1065865385,2507
1066243512,2017
1066509034,3003
1067194496,493
1067611583,147
1068755384,376
1069234314,440
1069446208,3336
1069465928,2773
1069943001,19981
1072539730,12226
1072816188,2468
1073224795,282671
1073579907,679
1074023461,2445
1074175180,397
1074561042,26957
1075241121,253
1075250658,1565
1075381375,16293
1076111130,1827
1076312498,956
1076538757,122
1076969585,2564
1077560986,465
1077591800,191
1077662591,2201
1077701245,888
1077819522,22069
1077839783,291
1077850011,14987
1077926723,1241
1077989117,2781
1078227922,671
1078434900,509
1078528927,6864
1078598180,2368
1078850969,2379
1079302078,628
1079469057,3108
1079547517,997
1079619168,6199
1079906817,3560
1079966361,3354
1080070047,11350
1080226559,360
1080442728,2914
1080536031,1792
1080688707,827
1080728121,1425
1080989149,1938
1081336463,2750
1081397957,25330
1081415439,287
1081623471,2131
1081770999,2378
1081783144,466
1082137380,4582
1082722503,3389
1082927074,3434
1082960574,3224
1083188349,5255
1083363028,2604
1083676347,106
1083790746,452
1083953029,539
1084058975,2311
1084400107,1620
1084853233,33877
1085062248,131
1085086903,12757
1085130367,1168
1085636225,397
1085876386,6171
1086124473,624
1086419061,23152
1086756757,1671
1086808440,202
1086887314,3013
1087021837,711
1087106485,387
1087304134,1742
1087772670,5372
1087915800,529
1087953935,681
1088165333,449
1088558237,12397
1088705108,9292
1088816938,751
1088947514,1196
1089324287,806
1089959414,4993
1090165309,397
1091441963,730
1091563845,2469
1092047360,41398
1092116209,6599
1092279475,6419
1092555455,171
1092747695,239
1093180734,951
1093458723,339
1093529841,10294
1093903598,668
1094040884,132
1094122545,1551
1094171135,1084
1095936393,1975
1095948794,3865
1095991387,519
1096085345,1668
1096175506,1152
1096608396,3910
1096955196,1380
1097695258,21038
1097835077,1541
1097885806,303
1098549899,614
1098665524,2606
1098866858,608
1099328966,12602
1100358796,779
1100363827,3919
1100776768,36001
1101059247,1141
1101183880,806
1101198567,2411
1101234405,2797
1101358021,867
1101573776,160
1101874129,9730
1102197464,3315
1102438776,1323
1102464845,196
1102475895,304
1103012935,389101
1103039640,555
1103066894,1438
1103108740,3286
1103502237,1111
1103772881,5518
1104232109,764
1104301428,406
1104332987,71996
1104370536,7320
1105067009,629
1105657641,10047
1105906942,6007
1105911868,207
1106046293,2264
1106290890,955
1106398326,1272
1106440682,610
1106444494,355
1106612431,2694
1106615912,2159
1106663535,15558
1107721554,1203
1107847846,409
1107929306,1197
1108061543,386
1108188054,260
1108246201,263
1108658403,240
1108682714,6593
1108837393,68776
1109163478,973
1110248948,1689
1110443421,15828
1110629675,467
1110724055,470
1110731552,556
1110782890,15202
1110932933,3638
1111221079,916
1111537966,3830
1111937658,2304
1112015061,734
1112154391,376
1112189620,26181
1112733896,768
1112757335,501
1112843446,2336
1113140733,3110
1113326957,797
1113327297,2053
1113373470,693
1113403973,10993
1113476505,581
1113573066,52713
1113922795,2796
1114838453,4588
1115322337,1641
1115438773,3100
1115602775,2368
1115745775,646
1116604175,2982
1116658452,835
1117298172,783
1117388084,1632
1117497732,1889
1117639997,25110
1117827886,301
1117851921,736
1117894769,1893
1117896698,497
1117927632,2333
1117942206,3731
1118058753,569
1118085970,15016
1118204739,1048
1118273977,813
1118472080,699
1118483478,1138
1118556483,369
1118583356,691
1118601518,40716
1118620356,955
1118981983,681
1119072163,241
1119305249,1094
1119492821,2559
1119523584,5502
1119580695,3944
1119883856,1635
1120106077,1463
1120507300,2087
1120540348,5064
1120583995,1119
1120886225,1870
1120991338,980
1120992116,543
1121405464,3936
1121898861,1325
1121999804,1938
1122242121,4997
1122681704,1984
1122873619,1526
1123331936,1054
1123338559,5804
1123956658,8537
1124031902,1591
1124219907,38961
1124236568,384
1124477911,2109
1124631986,1030
1124754056,2404
1124759447,489
1124936542,789
1124990304,887
1125228311,381
1125683897,477
1125856365,29955
1126064944,1413
1126473386,27865
1126557956,813
1126841840,5072
1127011907,589
1127191351,3194
1127234517,9365
1127276854,1561
1127402712,454
1127638187,1041
1127650407,3618
1127761357,3581
1127793756,5875
1127844060,554
1127855842,258
1128204614,19272
1128579105,408
1128708803,264
1128833454,1885
1129412343,698
1129437678,2997
1129568168,1646
1129583447,3920
1129597773,371
1129716674,2368
1129786550,19190
1129836481,338
1130004860,5937
1130040122,996
1130269053,303
1130325611,1352
1130445785,816
1130564872,85752
1130809465,39041
1130952330,647
1131085323,1839
1131194012,283
1131286249,309
1131381274,268
1131513930,64736
1131637627,1254
1131734767,788
1131980797,556
1132063646,2365
1132431999,11020
1132664039,2206
1132750706,16300
1133207146,25720
1133210524,4348
1133611462,188
1133660268,2112
1133872562,550
1133901637,5790
1134247238,416
1134445014,546
1134447175,6998
1134743153,775
1134819911,4054
1134882229,961
1135067489,306
1135148452,990
1135169266,2330
1135179558,8686
1135193663,586
1135212071,47857
1135260262,2972
1135473927,747
1135492298,17214
1135501937,2581
1135791677,14133
1135871706,656
1135891523,2996
1135975613,282
1136152017,1763
1136197489,209
1136590548,252355
1136616428,1727
1136666433,44818
1136752401,1716
1136782037,2761
1136945646,223
1137222083,788
1137445686,558
1137485434,2439
1137515077,5143
1137515714,490
1137711311,40917
1137729039,163
1137850293,1431
1138349022,1009
1138376193,1487
1138835447,1848
1139111484,343
1139329853,519
1139643103,1094
1139782619,13996
1139883371,389
1139971460,79204
1140000232,1818
1140071348,2153
1140152286,429
1140226073,633
1140263746,1389
1140481996,761
1140494293,731
1140774520,831
1140788023,386
1140946310,1482
1141023706,559
1141384261,503
1141468878,176
1141582887,1612
1141592887,1331
1141701871,1099
1141704318,52418
1141706975,1420
1141720197,1560
1141782198,52479
1141838987,2830
1141853351,5913
1142132744,210
1142274728,9342
1142397834,677
1142406715,4660
1142413815,355
1142482827,475
1142833038,155
1142849282,278
1142857237,396
1143019584,813
1143237475,5364
1143261428,9958
1143295695,5398
1143403408,1013
1143408173,1935
1143664622,509
1143707508,1058
1143753790,324
1143767804,28863
1143816215,632
1143938205,232
1143952193,5858
1144007363,1292
1144211118,1110
1144284308,690
1144422934,629
1144694071,2889
1144727401,2504
1145075367,705
1145158024,2118
1145420469,2848
1145667945,2274
1145741988,1187
1145881485,638
1145914675,1273
1146004684,2262
1146153471,1979
1146425139,3970
1146462485,2966
1146471921,2154
1146550474,3995
1146738089,30713
1147019563,2081
1147094660,47839
1147103080,4052
1147294830,817
1147379948,4109
1147566999,3194
1147646222,209
1147803825,839
1148290190,878
1148314264,491
1148542760,569
1148617298,1702
1148960257,4171
1149110392,513
1149257427,5380
1149469661,574
1149484257,1162
1149919051,2104
1150071903,2596
1150205470,6867
1150626239,7615
1150696087,557
1150781804,405
1150800542,2374
1150865300,890
1150877418,3335
1150995498,603
1151113612,3993
1151205052,3161
1151221822,540
1151379841,862
1151411061,6448
1151667698,6747
1151867743,470
1151870687,357
1151948575,417
1152014594,16489
1152145571,1746
1152159038,3374
1152162423,213
1152600431,1461
1152720637,1498
1152766213,451
1152784189,612
1152844950,353
1152948526,931
1153027372,192
1153111797,288
1153372704,7154
1153416852,3275
1153483156,420
1153494379,1139
1153634897,295
1153688673,416
1153764295,1097
1153806672,2050
1153822578,518
1153886029,190
1153919891,790
1154009261,5021
1154123797,2382
1154407752,1754
1154879377,3075
1154974019,359
1155025406,3358
1155063795,350
1155091202,5936
1155099363,1752
1155123554,1146
1155158769,275
1155232855,1352
1155266070,809
1155268703,1957
1155383451,8949
1155576139,8418
1155681893,188
1155766506,1278
1155776799,1291
1155816493,2388
1155965274,24861
1156013210,1829
1156046366,256
1156170875,6591
1156416181,446
1156797572,6189
1156956890,32738
1156960719,14740
1156994049,11034
1157171418,21498
1157299560,179
1157326300,251
1157543432,930
1157643045,179
1157659618,449
1157855507,955
1157909530,319
1157928891,447
1158031396,840
1158444028,702
1158472225,3179
1158588224,35002
1158631460,3484
1158722119,92716
1158782187,176
1158799392,10279
1158953185,2290
1159184254,589
1159261054,1605
1159381774,2241
1159829402,871
1159910897,240
1160158798,376
1160245783,1471
1160289313,850
1160721237,254
1160886023,1373
1161038816,642
1161163182,39493
1161355400,747
1161379409,774
1161394125,1653
1162089095,867
1162099055,85038
1162410458,9278
1162457397,472
1162907198,299
1162971794,2597
1162985117,476
1163081173,624
1163421557,496
1163460571,1035
1163460850,2271
1163524922,259
1163644748,602
1163855415,1133
1164059777,1484
1164459351,1111
1164521143,850
1164625104,638
1164646909,523
1164655740,1415
1164832776,16848
1164859248,1076
1165324947,35004
1165361576,10455
1165489591,590
1165507389,4460
1165663023,1413
1165855406,2928
1166050099,131
1166108740,308
1166119443,3375
1166139870,18165
1166143771,177
1166171472,204
1166321809,1473
1166408297,28118
1166606658,1144
1166706525,1246
1167034425,3227
1167077257,2705
1167209519,7467
1167296906,958
1167300963,46729
1167337904,514
1167413446,3068
1167525683,243
1167626999,354
1167788341,31232
1167791343,2190
1167823778,1459
1168073473,988
1168184085,323
1168261320,1347
1168294481,708
1168625736,273
1168753718,17632
1168900248,687
1169009889,179
1169078701,327
1169101061,2342
1169144801,2240
1169297054,612
1169560166,4610
1169612059,850
1170266927,26081
1170303612,2618
1170321595,567
1170326509,2133
1170548091,4211
1170615905,265
1170634188,665
1170648585,600
1171111467,6211
1171284401,1257
1171290857,543
1171312494,4142
1171376163,2499
1171575871,420
1171605222,267
1171656857,1377
1171755183,194
1171873526,422
1172197625,337
1172251311,469
1172309719,213
1172540122,675
1172574522,6597
1172739419,1972
1172782796,530
1172805219,1265
1172886754,717
1173427820,2875
1173503298,639
1173528409,517
1173738644,652
1173769719,898
1173838343,983
1173848034,12173
1174224707,4170
1174262723,442
1174423274,261
1174443757,217
1174614095,401
1174625805,355
1174747993,1489
1174957711,366
1175231820,1936
1175263852,1781
1175316550,2560
1175317731,177
1175414428,296
1175742612,208
1175748759,4720
1175870738,2995
1175900220,3452
1176061718,507
1176129893,19595
1176335208,2041
1176469774,2385
1176497351,952
1176557412,781
1176677271,1295
1176808813,1581
1176898834,3495
1177118700,217
1177129875,569
1177402105,44848
1177456367,1207
1177640089,1313
1177919337,739
1178198291,1262
1178437140,1876
1178500367,743
1178505369,402
1178543902,810
1178584802,353
1178834224,895
1178974910,493
1179046874,12473
1179074781,1363
1179124545,4589
1179213731,3226
1179363570,6975
1179413000,9609
1179457582,224
1179478740,272
1179539349,3552
1179682343,1548
1179727851,692
1179824727,238
1179959183,4683
1180015183,832
1180226026,1541
1180391077,661
1180445240,498
1180700598,173
1180781840,1214
1180872582,209
1180917769,6208
1181171430,284
1181272477,3293
1181318933,1389
1181409661,293
1181429842,594
1181479848,11639
1181624333,529
1181899027,1627
1181982220,29056
1182000750,2497
1182212878,30186
1182215277,1197
1182216394,2942
1182547092,22395
1182588635,279
1182594286,2280
1182712729,2443
1182741097,1520
1183151083,213
1183396155,1428
1183845721,942
1184096749,474
1184170771,1364
1184249417,547
1184268220,6108
1184313747,473
1184626912,9152
1184752645,4502
1184830713,696
1184839874,167
1184996128,1468
1185003107,570
1185016972,879
1185122623,6165
1185233810,973
1185308721,247
1185389803,41154
1185430378,1967
1185438389,420
1185528404,1569
1186036632,898
1186202698,2628
1186233280,1366
1186304875,216
1186389044,305
1186598756,1044
1186664179,1263
1186701238,1173
1186842622,1792
1187150337,2517
1187349447,330
1187386524,131
1187461911,707
1187464970,891
1187490902,469
1187573823,484
1187595770,558
1187630119,16505
1187689258,608
1187718501,196
1187805808,3017
1188009186,1042
1188133194,1410
1188180267,7408
1188362803,2551
1188669909,2238
1188684386,445
1188775349,1897
1188833811,258
1189234446,5584
1189384516,6369
1189432033,1707
1189732822,4642
1190042495,1861
1190390511,1107
1190515659,483
1190778303,4690
1191240966,377
1191398263,580
1191520000,3768
1191671352,1275
1192168837,1757
1192303694,1466
1192391522,724
1192555574,16678
1192646696,2044
1192691221,320
1192710260,304
1192845474,1327
1193082155,8922
1193276701,194
1193374549,3620
1193430229,517
1193465306,504
1193742102,386
1193818575,445
1194056092,2191
1194293040,547
1194517182,745
1194576770,393
1194842235,401
1195165448,3498
1195208341,4011
1195243030,14912
1195371847,4036
1195557790,1188
1195799446,484
1195828337,24412
1196568696,239
1196617276,18139
1196674898,269
1196898989,848
1196950132,1095
1197002442,4497
1197043989,10292
1197079556,2238
1197172145,3297
1197183235,2525
1197197392,2600
1197226849,3595
1197227242,2646
1197262207,3309
1197265285,1572
1197308263,1079
1197357033,2739
1197387463,948
1197436636,397
1197473770,930
1197491237,1090
1197496497,1888
1197569406,14294
1197598190,4209
1197631840,948
1197656055,3
1197674252,1661
1197690052,1290
1197727671,907
1197782606,3029
1197811764,2232
1197990888,32890
1198040849,2939
1198063129,545
1198068829,543
1198155461,1201
1198211652,233
1198306812,32918
1198331424,163
1198370352,1988
1198604352,771
1198625298,238
1198654685,1030
1198829864,1705
1198882870,1202
1198982020,370
1199028956,1300
1199057215,1152
1199548147,576
1199668171,14158
1199720858,415
1199905418,1492
1199916658,743
1200071160,1255
1200192516,213
1200309199,300
1200426344,1520
1200597263,115537
1200800171,1016
1200968971,189
1201167354,382
1201173969,104051
1201212574,135
1201253077,4451
1201432708,1581
1201628267,1221
1201656210,58896
1201754187,202
1201775166,2169
1201897606,440
1201906543,230
1202070696,3037
1202113460,1443
1202274504,409
1202436319,481
1202496880,484
1202549948,3368
1202555904,2373
1202599845,20488
1202634727,1038
1202937420,6011
1203115035,703
1203116301,287
1203417753,2168
1203463294,328
1203468533,14308
1203485136,1057
1203558071,26053
1203657193,462
1203667901,228
1204165003,2205
1204369117,1017
1204383770,207
1204427144,444
1204520409,1293
1204804583,599
1205047801,167
1205137520,5837
1205298114,532
1206357666,1876
1206390571,20310
1206468071,738
1206501749,4299
1206553433,11836
1206566990,2569
1206648335,728
1206910786,187
1207006614,1534
1207091162,11265
1207529559,1171
1207639951,10910
1207687985,2098
1207716231,1242
1207740274,2561
1207908536,355
1207953136,289
1207965399,2392
1208339803,1544
1208451003,825
1208510936,983
1208616942,978
1209020591,591
1209350013,635
1209396858,3561
1209640045,533
1209889782,10883
1210070282,327
1210155353,5425
1210223349,415
1210288370,822
1210537388,2801
1210965499,16
1210969976,617
1210974853,35
1210993610,17
1210995403,21
1210996597,446
1210998536,26
1210999518,23
1211008223,84
1211009406,14
1211010427,14
1211015701,30
1211016441,371
1211026924,31
1211027023,16
1211029147,21
1211045181,28
1211046673,55
1211047453,79
1211049218,142
1211054287,674
1211062214,23
1211066605,15
1211067257,12
1211079624,24
1211081420,14
1211081914,17
1211082205,21
1211083967,63
1211089620,711
1211091483,19
1211091844,46
1211092393,79
1211096376,1951
1211100249,596
1211101745,23
1211103743,12
1211105461,17
1211106808,17
1211119746,36
1211134411,272
1211135748,58
1211139949,51948
1211148265,12
1211152788,99
1211153639,740
1211161312,48
1211164307,22
1211182199,37
1211183026,34
1211183428,37
1211185810,14
1211188079,98
1211192559,36
1211200858,9
1211206127,260
1211207463,21
1211213013,58
1211213210,38
1211216973,20
1211231675,20
1211239245,11
1211240086,17
1211242246,13
1211245293,39
1211245881,44
1211246310,44
1211247455,44
1211247978,44
1211248537,44
1211249123,44
1211253535,44
1211254498,44
1211255002,44
1211255474,44
1211255968,44
1211256418,68
1211256910,44
1211258495,44
1211258530,29
1211259024,44
1211260619,17
1211261120,44
1211263474,44
1211263944,44
1211264394,44
1211264885,45
1211265499,44
1211269161,39
1211269625,39
1211288094,23
1211288569,265
1211291830,43
1211292824,15
1211323948,70
1211326181,121
1211328845,43
1211331887,44
1211332487,20
1211334989,93
1211339624,46
1211340505,12
1211341812,17
1211344034,68
1211346525,36
1211347607,16
1211353240,15
1211353708,37
1211357795,434
1211358903,24
1211363745,217
1211363761,23
1211369814,32
1211373664,18
1211373726,14
1211375944,381
1211392915,51
1211396326,105
1211397094,12
1211397985,17
1211406359,17
1211407380,19
1211421149,28
1211424294,118
1211431908,24
1211436356,28
1211437711,27
1211445936,17
1211449139,1055
1211451737,242
1211455718,44
1211472582,24
1211474003,48
1211478189,438
1211483815,69
1211486387,14
1211495036,250
1211495678,81
1211496271,12
1211496721,17
1211499945,18
1211504567,15
1211506215,138
1211511366,31
1211514405,51
1211516798,27
1211528757,33
1211532216,75
1211537500,2253
1211544888,11
1211547129,13
1211549389,14
1211555810,141
1211560503,16
1211568421,80
1211576866,38
1211589067,1055
1211595987,18
1211611644,37
1211614110,215
1211615179,170
1211621353,14
1211628140,14
1211628924,57
1211636743,318
1211639042,71
1211640020,61
1211648517,46
1211664428,86
1211668332,24
1211673552,21
1211688259,28
1211689305,93
1211709322,21
1211709401,42
1211713203,39
1211734353,39
1211762072,17
1211769859,12
1211771701,138
1211786253,11
1211796176,176
1211804342,75
1211805157,20
1211816061,20
1211822834,109
1211841798,47
1211844962,10
1211847033,33
1211852158,26
1211879821,25
1211880680,26
1211883488,29
1211907063,13
1211913026,53
1211933183,30
1211933536,20
1211937619,58
1211947721,17
1211954790,23
1211961956,13
1211973138,20
1211974233,16
1211981858,61
1212012880,20
1212016788,47
1212023672,27
1212030186,37
1212038396,67
1212040616,51
1212041285,45
1212044099,116
1212045148,33
1212046166,17
1212051246,29
1212054378,27
1212059169,368
1212059453,25
1212060952,59
1212065926,25
1212068500,2968
1212068825,19
1212071331,117
1212071873,11
1212073733,79
1212073877,15
1212074645,34
1212080845,13
1212082239,17
1212098005,28
1212102867,13
1212103871,35
1212104171,81
1212105001,16
1212106565,26
1212109465,16
1212112489,76
1212122101,758
1212122915,10
1212123893,315
1212126095,34
1212133946,390
1212138326,19
1212142448,30
1212142746,31
1212149375,995
1212150078,12
1212152443,15
1212152679,8
1212155273,30
1212156829,71
1212162173,40
1212162858,18
1212163614,42
1212163658,9619
1212171830,91
1212178686,44
1212180639,330
1212184690,13
1212187194,65
1212191053,15
1212192645,11
1212194710,55
1212199101,42
1212202152,89
1212205041,86
1212213795,10
1212215459,27
1212217978,13
1212221277,53
1212224446,109
1212231935,34
1212237753,69
1212240247,31
1212272650,34
1212291096,22
1212297061,17
1212297707,592
1212299698,24
1212301481,14
1212303172,17
1212305418,10
1212309782,14
1212312612,18
1212313395,37
1212313943,37
1212321035,19
1212321780,13
1212322352,15
1212323523,45
1212324108,255
1212326426,15
1212327060,19
1212328464,21
1212335792,1386
1212337929,55
1212339953,13
1212344894,19
1212352704,210
1212353968,488
1212355347,15
1212358471,48
1212361258,118
1212365405,409
1212370575,17
1212380723,67
1212386132,13
1212389344,82
1212396129,22
1212401107,72
1212404364,34
1212405954,13
1212409812,20
1212411769,23
1212416285,51
1212420523,103
1212424025,48
1212425313,20
1212426242,34
1212435342,15
1212436974,13
1212445952,261
1212446074,232
1212458158,32
1212463614,21
1212471969,206
1212485345,12
1212495958,22
1212503250,15221
1212507810,14
1212517694,14
1212519203,21
1212522158,25
1212526449,28
1212534605,48
1212545513,50
1212545562,19
1212545659,21
1212547305,51
1212552738,126
1212556547,60
1212568395,2559
1212579112,19
1212580057,11
1212580972,18
1212584333,14
1212604955,41
1212607944,22
1212608505,40
1212615762,15
1212615823,69
1212626143,12
1212639739,38
1212645406,53
1212655381,234
1212662651,41
1212662699,47
1212674766,22
1212691238,18
1212697436,20
1212698895,22
1212708301,48
1212711737,15
1212716497,46
1212717547,14
1212718768,2705
1212731288,23
1212732933,15
1212741592,15
1212744728,19
1212750508,55
1212751545,14
1212751853,26
1212752329,42
1212756310,15
1212767451,29
1212769188,33080
1212770626,20
1212772844,68
1212776839,13
1212779336,44
1212792234,345
1212802346,36
1212803197,149
1212818660,146
1212822116,177
1212826524,14
1212832891,16
1212833318,752
1212843730,58
1212854568,44
1212863969,17
1212866717,14
1212873879,20
1212877255,41
1212893754,28
1212898723,68
1212901838,45
1212906611,11
1212912437,15
1212915278,17
1212932043,16
1212936003,17
1212946437,45
1212958625,2074
1212958792,164
1212960200,26
1212964560,102
1212986802,21
1212990952,63
1213004527,74
1213018000,963
1213021084,17
1213021942,25
1213031647,6
1213049020,17413
1213053754,58
1213064866,145
1213065419,21
1213067090,15
1213070486,53
1213072190,66
1213072391,17
1213072853,53
1213074351,24
1213075462,21
1213079400,50
1213079565,14
1213081795,30
1213082786,202
1213083204,11
1213089388,35
1213093442,15
1213096099,21
1213097216,31
1213099006,12
1213099715,17
1213102235,46
1213107404,11
1213121380,228
1213122529,20
1213126085,72
1213128008,11
1213128525,14
1213129179,12
1213135165,33
1213138705,48
1213141996,16
1213150985,39
1213158264,20
1213159910,31
1213166415,33
1213174371,29
1213210884,20
1213212865,2095
1213214826,8
1213215164,8
1213215604,20
1213232466,51
1213239020,24
1213244638,94
1213244979,81
1213254756,12
1213265429,168
1213269387,11
1213270275,11
1213271324,900
1213278007,31
1213278465,44
1213279660,35
1213282074,16
1213286530,49
1213286773,31
1213295040,204
1213298526,31
1213313471,85
1213314710,39
1213320306,66
1213322283,17
1213344454,32
1213347757,44
1213350401,12
1213369035,16
1213369150,13
1213369689,29
1213376196,66
1213377775,289
1213388257,11
1213389047,38
1213390704,30
1213393702,13
1213401667,34
1213406268,49
1213410885,18
1213412750,163
1213418162,30
1213422759,14
1213424550,31
1213438872,30
1213439274,15
1213448295,20
1213456169,41
1213456832,89
1213465959,62
1213477480,786
1213483766,134
1213484834,70
1213489460,31
1213492378,20
1213494393,20
1213494845,84
1213499662,12
1213508077,45
1213522308,81
1213526705,333
1213545146,47
1213546910,84
1213548688,13
1213558515,110
1213572410,15
1213578141,24
1213589825,156
1213589861,378
1213596558,28
1213599866,41
1213602620,51
1213605295,21
1213612261,15
1213616615,3756
1213621353,55
1213627697,118
1213635270,125
1213655814,15
1213665985,12
1213667676,17
1213667879,335
1213671679,12
1213679333,19
1213684532,22
1213690685,38
1213705966,18
1213724156,20
1213726114,125
1213732395,1135
1213737277,27
1213738495,25
1213752513,16
1213756841,35
1213757446,233
1213776823,772
1213782040,17
1213783578,22
1213784218,25
1213785946,16
1213789212,41
1213806247,21
1213815713,45
1213816047,842
1213831079,35
1213840696,33
1213841375,13
1213848993,91
1213850825,24
1213854984,70
1213856502,18
1213858087,38
1213869298,18
1213877989,20
1213882945,27
1213883741,40
1213894274,14
1213899530,29
1213903458,53
1213903931,49
1213921570,21
1213924905,28
1213933023,111
1213936160,16
1213946709,32
1213956965,677
1213958077,18
1213963375,284
1213963816,25
1213969021,55
1213975621,689
1213978779,53
1213989169,15
1213991947,41
1213992071,17
1213993401,8
1213995610,78
1213999980,11
1214023498,31
1214027647,20
1214028696,122
1214031601,47
1214039649,14
1214042231,130
1214048612,37
1214054836,27
1214055530,245
1214056183,29
1214061724,77
1214066049,32
1214073962,13
1214075908,83
1214079192,342
1214086123,195
1214088066,17
1214097767,23
1214103856,16
1214106457,20
1214115656,71
1214116564,66
1214123279,46
1214124594,31
1214125715,3666
1214130539,190
1214132525,24
1214137514,17
1214145978,62
1214157669,52
1214166855,551
1214171422,21
1214186671,23
1214187650,32
1214194417,16
1214198641,60
1214205098,258
1214206049,546
1214207265,40
1214209804,14
1214224482,76
1214230350,66
1214232991,21
1214253933,18
1214259427,60
1214267031,22
1214273599,23
1214284796,125
1214286302,14
1214292570,101
1214316980,12
1214325159,42
1214330138,33
1214330684,578
1214340119,27
1214344575,59
1214345024,36
1214349536,3260
1214354379,38
1214357854,33
1214365048,37
1214367522,311
1214368528,275
1214371636,17
1214378079,22
1214378330,13
1214382445,122
1214401834,71
1214402572,160
1214410740,19
1214415239,14
1214417298,19
1214419579,11
1214419813,28
1214421786,33
1214423832,1633
1214430889,16
1214432280,50
1214432636,53
1214444660,84
1214451720,18
1214459508,289
1214464768,435
1214466235,15
1214478877,39
1214479548,17
1214482028,87
1214484185,17
1214488263,99
1214491827,23
1214497982,18
1214499036,39
1214515537,19
1214515716,21
1214522988,15
1214534230,21
1214535662,42
1214541835,154
1214543765,44
1214544186,33
1214545008,33
1214548581,18
1214556362,745
1214564144,23
1214564285,483
1214565094,18
1214565945,61
1214568317,16
1214586312,11
1214590697,25
1214598450,88
1214613536,24
1214614273,77
1214617729,76
1214621535,42
1214621915,30
1214625657,112
1214631343,3
1214633006,11
1214639705,35
1214639959,10
1214643314,28
1214651975,22
1214654038,33
1214661652,26
1214662152,17
1214664730,123
1214668357,28
1214671166,316
1214701984,27
1214706991,13
1214708684,11
1214711567,38
1214712269,14
1214720448,16
1214721509,56
1214732478,19
1214733598,22
1214741287,830
1214744766,16
1214746179,14
1214761986,55
1214764451,186
1214770805,82
1214783544,2630
1214785164,6658
1214788016,682
1214792028,35
1214795107,18
1214799336,83
1214805512,1253
1214805939,16
1214807590,526
1214808136,16
1214809647,19
1214812584,13
1214814133,1133
1214823259,35
1214823616,62
1214824471,68
1214825004,19
1214832943,23
1214845304,212
1214847313,16
1214857101,11
1214862520,15
1214873786,27
1214883816,2
1214885213,23
1214885251,12
1214889705,79
1214894588,130
1214895007,18
1214898654,23
1214913459,23
1214914397,671
1214915118,26
1214917315,32
1214921938,50
1214925130,32
1214926344,272
1214932135,12
1214940958,134
1214947572,18
1214951658,1060
1214958134,388
1214959257,29
1214964352,29
1214966051,18
1214971907,27
1214973617,51
1214980737,48
1215002714,23
1215007786,92
1215011706,25
1215015607,125
1215017190,17
1215020386,52
1215020609,27
1215021756,18
1215026946,20
1215027194,426
1215034382,58
1215037002,17
1215037136,65
1215044156,14
1215048066,23
1215054020,179
1215071370,24
1215072592,36
1215075128,13
1215089331,12
1215096061,34
1215096318,52
1215104825,13
1215105191,16
1215107073,122
1215109328,12
1215112375,25
1215112716,232
1215114303,28
1215115240,13
1215122415,11
1215124088,15
1215126598,198
1215133631,18
1215136096,24
1215142181,1051
1215145625,23947
1215153409,6183
1215159144,46
1215163675,12
1215167976,36
1215172008,35
1215180660,45
1215184266,24
1215184274,64
1215188084,15
1215188990,18
1215192081,14
1215194738,69
1215213624,277
1215222097,168
1215232646,17
1215235243,50
1215237193,16
1215240744,32
1215247792,20
1215256431,13
1215268822,18
1215274814,73
1215277996,19
1215280164,1538
1215290046,18
1215297817,71
1215306737,25
1215306761,128
1215317123,21
1215321844,16
1215327975,36
1215338506,25
1215341250,14
1215345965,18
1215353434,397
1215367178,11
1215376308,95
1215388091,105
1215391309,25
1215394372,37
1215398789,42
1215414287,54
1215415060,47
1215417088,64
1215417342,43
1215427805,23
1215431881,24
1215435055,32
1215435141,33
1215435693,117
1215437858,84
1215449317,67
1215453504,19
1215456863,13
1215464508,13
1215469331,22
1215472967,12
1215494831,32
1215501373,1426
1215513042,279
1215525052,25
1215528293,15
1215530108,20
1215535154,41
1215536848,32
1215549140,17
1215565821,55
1215576669,29
1215580107,25
1215581359,18
1215593067,41
1215598138,75
1215602802,298
1215602835,11
1215609207,18
1215609896,53
1215610146,22
1215612244,836
1215617177,25
1215617234,11
1215627862,66
1215630826,99
1215637209,11
1215641367,104
1215642753,305
1215651941,17
1215653880,37
1215659290,32
1215667929,92
1215670433,43
1215678767,896
1215686624,55
1215693176,81
1215695618,23
1215699839,19
1215703747,47
1215708757,243
1215709831,20
1215711897,27
1215724110,16
1215734700,15
1215754581,31
1215761080,61
1215762204,13
1215763925,138
1215772018,61
1215774013,445
1215778039,29
1215778674,25
1215786287,18
1215802577,27
1215804516,24
1215815598,14
1215820754,24
1215821842,35
1215840941,40
1215840958,12
1215841405,62
1215848131,49
1215848597,96
1215848628,27
1215860363,14
1215880700,83
1215895293,181
1215895678,144
1215896820,18
1215901237,69
1215904689,72
1215925081,21
1215929924,47
1215941570,23
1215952260,44
1215959245,38
1215961903,262
1215968361,142
1215974868,3069
1215976690,140
1215978264,12
1215980069,12
1215983140,153
1215989105,21
1215999715,22
1216005890,66
1216017171,48
1216017372,66
1216018447,28
1216020101,58
1216022788,27
1216023525,23
1216028377,76
1216030087,26
1216032525,189
1216037740,12
1216061380,52
1216069663,20
1216082712,29
1216087888,25
1216089000,22
1216090751,424
1216092644,14
1216098872,12
1216102513,45
1216104234,67
1216108819,88
1216109475,211
1216109985,34
1216116826,2908
1216131824,255
1216133553,271
1216138306,106
1216144935,14
1216152655,111
1216154126,17
1216157979,18
1216171501,17
1216190131,16
1216201070,25
1216201393,29
1216201523,283
1216208824,13
1216242393,26
1216243094,16
1216253015,87
1216260255,11
1216272351,81
1216319128,52
1216319430,30
1216321571,11
1216324736,21
1216324944,18
1216328923,65
1216332504,25
1216333449,30
1216334681,23
1216335416,167
1216336936,16
1216350024,29
1216350996,41
1216351315,25
1216352422,204
1216360484,174
1216372376,13
1216375790,233
1216382538,33
1216400972,19
1216401140,27
1216403796,14
1216408253,48
1216414579,23
1216417050,12
1216418105,18
1216429765,60
1216443171,47
1216451834,24
1216456135,23
1216462061,103
1216463076,347
1216475812,35
1216482194,111
1216484498,35
1216490718,42
1216494144,26
1216494445,681
1216501093,13
1216510419,12
1216512254,22
1216513155,22
1216513449,15
1216514794,40
1216523472,55
1216526830,11
1216538171,109
1216540769,17
1216545064,13
1216546135,15
1216557401,128
1216561964,18
1216569752,100
1216571209,773
1216575395,32
1216575633,33
1216578144,22
1216579794,13
1216581384,20
1216583510,45
1216585136,45
1216585843,23
1216592214,25
1216592520,22
1216594612,431
1216602261,26
1216602307,19
1216603405,20
1216604251,11
1216606902,55
1216617312,13
1216621664,42
1216626808,17
1216631222,170
1216634387,79
1216636456,14
1216638612,49
1216657015,23
1216659670,30
1216662529,71
1216666459,14
1216668024,15
1216671362,364
1216672009,2508
1216676682,17
1216687226,14
1216702324,30
1216705316,44
1216710530,72
1216716893,15
1216729729,554
1216733352,12
1216734435,34
1216744997,397
1216753351,28
1216754861,104
1216755814,27
1216760293,35
1216761709,26
1216767127,126
1216774150,16
1216774242,17
1216782078,17
1216783017,12
1216788591,25
1216795554,80
1216802857,99
1216802904,675
1216806001,144
1216807315,17
1216809628,112
1216810108,532
1216813186,35
1216817621,37
1216821891,16
1216823006,24
1216824806,16
1216824855,22
1216828696,23
1216839348,749
1216849186,185
1216851265,28
1216854084,40
1216854661,110
1216863195,27
1216889203,184
1216889464,13
1216890989,30
1216894026,48
1216904708,47
1216916975,16
1216920437,19
1216925406,436
1216947831,959
1216950004,36
1216954187,12229
1216955020,24
1216957019,91
1216961632,80
1216962487,13
1216972280,90
1216978255,172
1216978941,419
1216979884,49
1216980321,24
1216981748,12
1216982911,22
1217002856,72
1217004160,15
1217006906,32
1217013436,36
1217013518,124
1217024571,14
1217027821,13
1217028120,661
1217036554,62
1217036916,40
1217040185,24735
1217043693,57
1217046685,14
1217048091,16
1217050817,12
1217064635,23
1217064814,21
1217066206,114
1217077268,15
1217078336,103
1217079795,478
1217080687,201
1217086292,14
1217097102,76
1217098957,171
1217103809,139
1217105994,31
1217109502,11
1217115101,13
1217117361,11
1217117726,12
1217118687,39
1217122519,15
1217126552,11
1217128906,823
1217129907,18
1217139543,40
1217152169,61
1217154559,60
1217160355,92
1217178567,12
1217180034,50
1217182377,23
1217188876,19
1217190965,22
1217192243,191
1217195695,13
1217201645,20
1217201723,13
1217208761,20
1217209599,122
1217210212,37
1217212029,18
1217212643,29
1217216576,215
1217220793,18
1217222433,57
1217233667,36
1217249705,42
1217252492,11
1217258787,27
1217259193,13
1217259573,510
1217262941,26
1217269188,33
1217269729,20
1217281602,208
1217281692,1160
1217288862,38
1217291538,9160
1217298686,14
1217299529,33
1217301865,61
1217315946,17
1217325629,19
1217333901,29
1217334368,19
1217339390,17
1217344324,38
1217345178,750
1217350447,81
1217368484,49
1217370937,24
1217388134,14
1217393935,14
1217394553,12
1217396442,3500
1217400042,12
1217408512,82
1217409016,29
1217409285,32
1217423929,15
1217440433,16
1217441118,34
1217456927,32
1217481469,100
1217503846,131
1217508335,36
1217509950,70
1217511504,14
1217511531,14
1217515201,11
1217519452,13
1217522067,14554
1217522094,29
1217523249,28
1217531704,32
1217534578,54
1217536224,12
1217539691,19
1217550851,23
1217551679,728
1217559252,13
1217567462,41
1217579854,37
1217582381,18
1217588885,129
1217591699,45
1217595194,30
1217598410,48
1217603668,83
1217605771,23
1217620707,27
1217627355,14
1217630469,624
1217634097,43
1217635695,24
1217654363,266
1217655472,58
1217663853,29
1217671020,1753
1217679253,12
1217681650,30
1217687846,77
1217694973,28
1217696644,12
1217698251,11
1217699935,103
1217700782,68
1217702792,54
1217706948,116
1217707705,20
1217711317,91
1217713553,35
1217713968,150
1217714762,60
1217717180,35
1217738451,11
1217763769,24
1217767853,18
1217772968,46
1217775138,120
1217781789,15
1217786036,721
1217796049,16
1217808614,612
1217809336,63
1217822489,28
1217829921,17
1217834505,33
1217837484,26
1217838440,86
1217860122,31
1217863633,60
1217865504,23
1217872789,54
1217879288,15
1217883656,14
1217885409,131
1217896031,12
1217897624,22
1217904354,179
1217907067,38
1217914588,747
1217923504,13
1217941030,83
1217951047,68
1217951987,194
1217952569,185
1217954055,47
1217969544,51
1217975777,28
1217991124,64
1217996319,242
1217998780,13
1218000077,30
1218004139,684
1218016275,14
1218017185,134
1218018309,302
1218019071,21
1218035937,64
1218037205,67
1218040416,32
1218046945,83
1218062604,97
1218062941,28
1218081641,18
1218084144,12
1218087980,24
1218088263,681
1218100867,23
1218103164,20
1218104262,954
1218116830,23
1218126087,83
1218126567,14
1218129961,17
1218137657,93
1218146932,111
1218147345,22
1218148432,39
1218155686,2375
1218164293,15
1218177240,15
1218177391,414
1218178534,39
1218182607,22
1218190285,102
1218191675,20
1218193413,19
1218194584,63
1218195359,31
1218197239,59
1218202403,31
1218208502,6604
1218209681,33
1218211276,43
1218216789,12
1218222850,187
1218235340,34
1218242169,54
1218250144,10
1218252276,134
1218263250,24
1218277073,35
1218280573,11
1218283016,31
1218284806,14
1218293878,135
1218304124,47
1218305232,395
1218306945,38
1218311395,19
1218333096,19
1218340463,14
1218354547,20
1218368663,156
1218369506,22
1218369796,15
1218370235,42
1218371280,67
1218371623,18
1218372872,25
1218375081,12
1218375755,19
1218381586,33
1218384914,122
1218390093,52
1218393421,13
1218394454,48
1218415046,22
1218418799,12
1218419817,10
1218436380,13
1218437719,12
1218444058,43
1218446685,76
1218446841,864
1218448244,33
1218453975,84
1218464479,29
1218466593,282
1218476217,11
1218489387,59
1218489659,54
1218493681,447
1218506731,16
1218519728,13
1218533705,39
1218536620,275
1218540605,29
1218541279,12
1218543409,13
1218557130,17
1218560388,19
1218576239,98
1218580895,24
1218594998,15
1218597110,220
1218600746,40
1218611299,21
1218612615,55
1218613627,35
1218623368,170
1218626992,17
1218635949,24
1218640391,77
1218642260,29
1218651210,187
1218655389,28
1218662021,13
1218682596,2259
1218683765,25
1218684227,31
1218688296,645
1218690244,22
1218694102,15
1218704741,31
1218706004,17
1218710522,55
1218711689,273
1218715924,14
1218716774,12
1218725228,51
1218729723,83
1218729846,28
1218733756,22
1218737406,870
1218743746,13
1218749710,32
1218765387,51
1218767374,13
1218770712,19
1218807909,20
1218815399,10
1218816743,45
1218819993,549
1218822896,21
1218823179,1132
1218826355,45
1218835536,11
1218844081,244
1218855969,379
1218867656,12
1218871120,69
1218881505,39
1218885291,13
1218896483,102
1218900228,12
1218906699,20
1218919346,76
1218919522,16
1218928200,11
1218939714,26
1218960190,14
1218962966,15
1218968930,17
1218972260,50
1218973317,45
1218975799,419
1218978057,550
1218978163,14
1218981305,91
1218987594,46
1218997190,16
1219009070,2553
1219011837,64
1219014440,33
1219018779,19
1219030980,65
1219031547,166
1219039446,31
1219040524,51
1219042200,25805
1219053872,45
1219060209,143
1219062712,42
1219070729,36
1219075763,39
1219083479,40
1219087723,1945
1219096687,178
1219102141,12
1219103073,16
1219105341,47
1219110005,70
1219111340,14
1219113318,14
1219119800,73
1219121452,24
1219125540,35
1219129212,23
1219133217,65
1219133249,20
1219139049,15
1219141172,48
1219141370,13
1219145354,304
1219151193,801
1219152899,33
1219157502,97
1219158316,54
1219160435,29
1219161733,95
1219162717,31
1219165039,43
1219165613,28
1219171273,27
1219174984,21
1219175109,39
1219184182,143
1219231323,57
1219237875,57
1219243063,96
1219244075,11
1219253193,33
1219254116,47
1219260485,35
1219264163,12
1219268325,12
1219273452,36
1219284263,90
1219286705,31
1219291910,292
1219291943,12
1219295659,87
1219304474,15
1219310759,17
1219314144,44
1219319479,70
1219329571,21
1219334069,113
1219351875,117
1219355698,30
1219370895,130
1219378569,3633
1219380800,184
1219382075,43
1219385288,20
1219389544,20
1219400421,4029
1219410317,11
1219412347,49
1219424400,25
1219424471,90
1219424489,761
1219446293,1976
1219461180,15
1219461862,22
1219463714,102
1219468224,1806
1219472097,42
1219484308,5
1219485919,15
1219488984,76
1219493841,573
1219502106,42
1219502927,40
1219504139,208
1219504831,47
1219509115,69
1219515121,10
1219516950,40
1219521173,52
1219531851,41
1219534231,452
1219536599,83
1219542934,16
1219543409,226
1219547995,119
1219548485,84
1219554320,40
1219558865,214
1219565167,31
1219569035,16
1219572953,197
1219574837,13
1219579626,22
1219583915,11
1219587551,119
1219593472,29
1219594207,30
1219595665,12
1219596464,17
1219597358,14
1219608640,203
1219611080,37
1219616277,143
1219619061,15
1219624930,27
1219627422,13
1219630658,11
1219631371,39
1219634836,235
1219642679,106
1219645555,21
1219650644,62
1219651269,45
1219657136,14
1219690829,360
1219701951,17
1219710688,51
1219711698,27
1219715755,12
1219715787,16
1219715803,149
1219721372,26
1219748199,178
1219755209,45
1219760772,25
1219765831,79
1219770679,27
1219783686,12
1219787573,23
1219806855,12
1219809875,212
1219810783,10
1219813016,37
1219815462,15
1219817956,47
1219828173,101
1219833464,88
1219845641,11
1219852021,153
1219860050,46
1219864617,24
1219866542,244
1219868875,21
1219876482,46
1219882846,34
1219896053,1928
1219898362,13
1219898664,19
1219902572,13
1219904470,8
1219917446,123
1219920268,195
1219923941,324
1219934554,14
1219935155,51
1219935284,29
1219950293,43
1219955687,17
1219956685,27
1219960594,255
1219961908,158
1219962340,366
1219965126,191
1219967630,88
1219972145,727
1219975226,345
1219983369,13
1219986280,22
1219989708,127
1219990121,14
1219993725,24
1219995793,30
1219996057,104
1219998363,93
1220000506,5301
1220007647,30
1220010376,20
1220012117,21
1220016354,21
1220037795,43
1220043190,31
1220053648,22
1220054577,15
1220067179,66
1220075313,13
1220075608,49
1220082570,57
1220088588,29
1220090633,18
1220092577,325
1220098492,14
1220125073,28
1220130005,18
1220140390,36
1220144875,1010
1220159504,25
1220169409,56
1220173287,19
1220174856,29
1220179368,11
1220182682,28
1220185073,110
1220194478,63
1220215555,389
1220223727,848
1220225368,106
1220238335,13
1220238467,104
1220242986,11
1220258106,14
1220263034,313
1220273153,13
1220275445,19
1220285708,37
1220285949,30
1220299146,13
1220299921,15
1220300275,19
1220302420,14
1220308601,16
1220310845,15
1220316999,102
1220317771,20
1220329626,47
1220332472,15
1220338733,17
1220341616,19
1220348449,15
1220353202,159
1220363221,34
1220363990,19
1220365832,56
1220368375,11
1220374179,26
1220381862,36
1220384784,173
1220389370,24
1220392046,11
1220403506,49
1220404592,30
1220411769,14
1220414137,25
1220418983,767
1220422927,14
1220423005,14
1220424323,23
1220455984,138
1220461696,39
1220469803,37
1220471126,21
1220475543,144
1220491177,39
1220492374,152
1220496752,11
1220498389,236
1220505991,18
1220516737,26
1220529992,38
1220530277,87
1220531892,45
1220532477,17
1220537846,91
1220544718,36
1220548149,27
1220549743,16
1220558446,24
1220567611,16
1220567735,185
1220577936,12
1220600476,285
1220608365,24
1220623008,196
1220627175,17
1220632889,29
1220636828,17
1220638726,13
1220640564,14
1220642173,131
1220642301,24
1220647753,39
1220649868,50
1220651250,8
1220656611,189
1220664071,112
1220679051,705
1220680065,13
1220683883,26
1220690422,458
1220701611,40
1220702116,12
1220703605,82
1220703793,32
1220716870,14
1220717364,107
1220718004,28
1220721979,23
1220728088,52
1220729468,21
1220732691,34
1220732893,16
1220744087,36
1220744720,28436
1220745791,47
1220746027,16
1220749061,15
1220752606,33
1220759940,26
1220763728,44
1220766820,16
1220768711,74
1220773489,15
1220786764,68
1220788224,19
1220789495,17
1220798236,18
1220798417,20
1220799180,17
1220801645,51
1220816008,29
1220823738,16
1220825109,69
1220832274,11
1220834686,235
1220837462,65
1220839770,57
1220849813,117
1220854477,78
1220862873,11
1220874732,17
1220884982,85
1220885689,194
1220886594,38
1220888415,597
1220899692,10229
1220899915,19
1220902080,92
1220902278,56
1220904453,33
1220914655,1397
1220918585,466
1220924648,52
1220925408,47
1220928655,26
1220929839,98
1220935138,16
1220936047,4233
1220937125,1085
1220941467,29
1220944440,26
1220946058,46
1220946370,27
1220946543,20
1220947600,284
1220960618,305
1220971487,18
1220980580,12
1220986068,15
1220992833,16
1220997082,111
1220997378,53
1220998146,26
1221000860,14
1221001476,44
1221002372,13
1221020718,67
1221022475,26
1221024497,13
1221027919,21
1221030613,31
1221034553,226
1221039460,49
1221041276,13
1221048533,225
1221052488,87
1221055970,8
1221060403,16
1221068259,46
1221068793,18
1221068903,235
1221070677,167
1221080309,20
1221082755,20
1221084482,26
1221095263,17
1221106976,59
1221110820,19
1221120906,15
1221120939,601
1221122081,20
1221133188,43
1221135148,43
1221161226,28
1221177199,41
1221180063,219
1221184926,20
1221190110,15
1221195568,38
1221207669,17
1221209689,550
1221210108,64
1221222583,11
1221224535,16
1221224699,55
1221232109,1858
1221235601,12
1221240503,80
1221249352,167
1221249481,559
1221252023,14
1221256937,333
1221261207,24
1221262308,20
1221276979,57
1221282584,21
1221283675,13
1221284398,14
1221285149,11
1221287674,17
1221290320,27
1221292713,44
1221297625,12
1221299116,53
1221305781,33
1221306275,49
1221311014,113
1221324299,16
1221329261,44
1221334231,60
1221334280,14
1221334351,46
1221339736,16
1221349753,11
1221350544,21
1221356410,25
1221358460,21
1221364968,18
1221368271,14
1221369065,76
1221369740,85
1221371853,15
1221378802,115
1221379719,18
1221393754,22
1221394850,26
1221399001,267
1221399354,135
1221402357,46
1221404347,13
1221407662,79
1221416424,16
1221429772,5660
1221431519,28
1221433219,78
1221435237,21
1221439608,16
1221448780,43
1221460575,85
1221461052,27
1221463263,29
1221467011,41
1221467572,16
1221482272,93
1221489330,39
1221489445,38
1221499512,27
1221501629,23
1221509404,7442
1221518324,365
1221518435,31
1221522399,13
1221527554,49
1221531804,16
1221533603,24
1221538357,49
1221543574,48
1221551017,104
1221565029,21
1221574903,34
1221579569,71
1221587346,33
1221587347,12
1221592399,32
1221592798,26
1221598890,13
1221600993,11
1221604075,11
1221616686,20
1221617744,34
1221623636,24
1221625543,11
1221631495,17
1221634436,41
1221641349,1565
1221649738,211
1221651799,49
1221654125,239
1221673609,33
1221688929,38
1221689260,580
1221702550,12
1221704200,46
1221707935,23
1221710397,27
1221716703,19
1221722107,41
1221723497,28
1221723996,28
1221728904,150
1221733094,77
1221737887,12
1221741915,158
1221742654,789
1221746501,15
1221750692,16
1221751439,12
1221772065,12
1221772225,71
1221772308,20
1221775867,6
1221778133,121
1221780643,37
1221781531,496
1221796063,259
1221797579,16
1221798227,42
1221814255,52
1221814673,67
1221814894,202
1221830959,14
1221831329,34
1221835075,58
1221844677,32
1221851069,402
1221856501,21
1221860353,17
1221864089,67
1221867246,144
1221892294,113
1221903920,43
1221906609,18
1221922293,2562
1221932119,16
1221933616,48
1221937090,92
1221942000,22
1221944165,17
1221955143,50
1221961972,19
1221963957,62
1221976173,307
1221979804,32
1221981994,257
1221985908,24
1221995568,17
1221998155,17
1222002934,14
1222008889,50
1222009188,14
1222022455,28
1222042205,762
1222044626,14
1222044811,32
1222047800,22
1222047953,74
1222063724,35
1222064942,28
1222072017,71
1222090116,150
1222092630,38
1222092774,24
1222093674,50
1222102170,296
1222107387,16
1222110047,64
1222110548,2241
1222117874,149
1222120468,2459
1222126520,246
1222128242,69
1222133394,796
1222142792,83
1222147517,15
1222155920,26
1222159197,41
1222160568,47
1222161345,24
1222169973,61
1222173827,535
1222181013,134
1222197263,123
1222213350,6047
1222216275,12
1222221630,49
1222229518,18
1222237818,27
1222250448,23
1222257358,13
1222257602,2717
1222258735,480
1222262982,45
1222269231,14
1222274697,65
1222277117,24
1222281860,12
1222295714,278
1222297562,12
1222298778,13
1222307895,96
1222318103,30
1222333741,12
1222338286,19
1222339926,36
1222343245,226
1222344790,23
1222354812,25
1222356417,52
1222364235,973
1222368361,75
1222372573,355
1222372873,114
1222373496,22
1222375486,125
1222383700,56
1222387700,66
1222389269,24
1222392614,19
1222395717,28
1222404225,32
1222407355,199
1222409861,11
1222413951,933
1222419504,12
1222427087,79
1222440968,12
1222446155,31
1222449264,23
1222451826,15
1222455527,568
1222460606,12
1222468111,25
1222472761,41
1222473027,21
1222476425,31
1222481250,18
1222484199,13
1222495257,21
1222504648,852
1222512550,13
1222515414,41
1222521101,1647
1222529313,345
1222545886,217
1222566478,34
1222567435,62
1222573128,6
1222579145,40
1222585234,64
1222585735,19
1222587475,1937
1222589733,37
1222591322,12
1222594156,34
1222596522,17
1222604391,13
1222608265,133
1222609123,128
1222613133,17
1222632373,68
1222634257,19
1222634748,69
1222637509,560
1222639711,487
1222647433,35
1222655977,28
1222659956,24
1222660901,56
1222674351,28
1222676896,53
1222678009,15
1222685735,25
1222689155,110
1222692857,37
1222698237,15
1222700467,18
1222716018,26
1222734777,43
1222743186,49
1222744121,16
1222745356,53
1222752154,39
1222753133,14
1222766639,112
1222769612,14
1222785238,38
1222788897,30
1222789989,4064
1222792842,13
1222792879,16
1222799292,188
1222814323,12
1222814416,12
1222824018,44
1222826242,723
1222835772,19
1222837583,56
1222845504,17
1222847856,27
1222852418,17
1222854008,38
1222856929,22
1222869003,131
1222870709,312
1222884903,11
1222890347,47
1222890567,84
1222890689,13
1222890844,22
1222893766,81
1222903331,11
1222907340,65
1222917575,28210
1222917836,77
1222921129,13
1222946560,126
1222953844,13
1222956315,17
1222961423,14
1222970626,29
1222988636,13
1222998674,813
1223006434,181
1223006510,64
1223006526,83
1223009200,49
1223020752,24
1223039216,34
1223051315,52
1223053891,11
1223054977,16
1223059776,48
1223060975,41
1223062473,57
1223067277,10
1223075782,52
1223076991,17
1223081941,21
1223084838,13
1223087359,30
1223091925,45
1223098661,19
1223118338,14
1223125423,111
1223128651,62
1223133721,18
1223135437,35
1223135475,12
1223139391,22
1223139487,83
1223140677,29
1223160418,17
1223161782,26
1223162027,101
1223163837,13
1223167370,11
1223169069,49
1223172760,16
1223187010,75
1223189582,15
1223192120,14
1223192596,96
1223194760,85
1223197070,13
1223198048,49
1223198968,41
1223206275,46
1223211246,11
1223215533,170
1223216894,241
1223230665,14
1223234827,10
1223238480,29
1223251391,46
1223253334,16
1223255499,61
1223260156,27
1223273994,50
1223275907,60
1223280581,22
1223282310,31
1223287468,35
1223293586,728
1223296623,63
1223297225,11
1223312639,22
1223318023,26
1223318951,55
1223319768,35
1223325002,33
1223329036,66
1223341630,23
1223342966,32
1223351292,354
1223370395,125
1223373345,116
1223374550,35
1223389180,38
1223392126,18
1223392907,19
1223394733,41
1223396927,11
1223418318,35
1223418686,19
1223420362,116
1223423695,961
1223423846,21
1223425211,13
1223425250,1037
1223427443,75
1223428226,2204
1223431386,42
1223432033,18
1223440125,408
1223453358,111
1223457247,25
1223476197,1152
1223477018,45
1223481327,12
1223484108,23
1223488585,22
1223492205,109
1223511885,46
1223512305,2229
1223515225,134
1223524158,36
1223535200,37
1223535314,30
1223537324,111
1223542538,13
1223549594,12
1223569332,18
1223585334,15
1223588947,16
1223597497,516
1223599621,40
1223614643,15
1223626282,37
1223631277,44
1223640430,106
1223640606,20
1223641228,32
1223643607,17
1223650754,56
1223664643,18
1223665294,54
1223665356,15
1223671634,53
1223676147,12
1223680545,16
1223691529,35
1223697365,161
1223706171,17
1223713824,360
1223717199,17
1223728036,78
1223736934,34
1223742587,262
1223752589,2714
1223756821,11
1223758935,177
1223759393,19
1223761956,29
1223772529,35
1223779346,36
1223781466,15
1223786009,13
1223790834,39
1223793125,16
1223805771,195
1223807538,50
1223811729,22
1223816634,92
1223817677,496
1223826724,18
1223827002,53
1223827147,50
1223827471,41
1223827641,46
1223827804,48
1223827947,44
1223828210,49
1223828346,51
1223828502,41
1223828637,46
1223828917,48
1223829082,41
1223829235,51
1223829381,51
1223829650,56
1223829652,45
1223829655,47
1223829657,57
1223829799,57
1223829801,56
1223829941,50
1223830082,48
1223830230,51
1223830232,52
1223830233,45
1223830237,47
1223831655,11
1223845433,15
1223849551,12
1223853501,12
1223858182,14
1223863863,19
1223869499,72
1223883039,20
1223884751,53
1223886857,11
1223894967,87
1223921326,26
1223925190,19
1223969544,370
1223977600,19
1223980979,12
1223980999,13
1223987407,280
1224021161,11
1224022502,19
1224025688,295
1224033309,826
1224037373,17
1224047453,12
1224062178,68
1224066068,134
1224068505,21
1224077477,25
1224096166,11
1224100238,21
1224110675,299
1224127318,41
1224137561,139
1224137844,77
1224138499,87
1224149089,15
1224157469,34
1224163986,58
1224167985,13
1224169076,15
1224189909,14
1224193010,18
1224193130,27
1224194102,61
1224196440,14
1224200214,53
1224203978,30
1224218617,28
1224227389,38
1224236735,16
1224239089,15
1224243497,27
1224250535,45
1224253491,99
1224258916,16
1224263089,17
1224267893,138
1224269630,23
1224271858,18
1224275784,412
1224277831,17
1224278666,322
1224283053,123
1224287368,20
1224294151,11
1224304627,17
1224309951,71
1224311190,159
1224314007,27
1224314254,25
1224319811,26
1224330181,243
1224343090,21
1224347838,419
1224348278,28
1224353416,21
1224353843,149
1224360317,79
1224368231,499
1224376867,19
1224385314,15
1224387109,31
1224393902,22
1224402483,14
1224408143,44
1224413254,49
1224415020,26
1224431303,195
1224434372,22
1224439365,18
1224446608,15
1224446616,51
1224454782,124
1224455487,100
1224471569,32
1224474408,20
1224476053,17
1224481107,30
1224483176,227
1224483504,79
1224486190,16
1224486824,26
1224489872,12
1224498772,76
1224501168,33
1224508792,216
1224509741,12
1224511035,28
1224526153,68
1224532553,11
1224539373,63
1224543123,58
1224547398,16
1224549174,12
1224558836,50
1224560336,25
1224580914,26
1224584532,15
1224591227,14
1224591740,46
1224598709,17
1224600617,27
1224609919,12
1224610424,13
1224615167,22
1224617188,26
1224620722,23
1224629294,46
1224631526,23
1224645559,251
1224652367,14
1224652560,85
1224653264,18
1224659590,115
1224660488,21
1224661714,61
1224671672,12
1224681639,32
1224683353,43
1224690468,23
1224692542,26
1224701408,213
1224703318,227
1224708689,30
1224712076,14
1224712371,487
1224715013,40
1224716146,16
1224734198,1038
1224735108,12
1224738938,70
1224740357,77
1224743032,40
1224753810,15
1224755442,16
1224755974,19
1224757492,17
1224762245,200
1224772110,21
1224775471,27
1224777018,30
1224777703,13
1224778433,682
1224780087,46
1224786239,37
1224786272,14
1224786947,121
1224798921,102
1224799062,13
1224809280,12
1224810795,14
1224813164,2
1224816641,19
1224822906,202
1224823899,786
1224830290,19
1224844395,16
1224854794,4191
1224866871,240
1224879981,13
1224880453,22
1224881335,114
1224887964,65
1224893022,27
1224908126,17
1224912127,17
1224926075,14
1224928087,84
1224930497,16
1224942256,19
1224949386,21
1224956547,60
1224964077,13
1224966022,30
1224968393,68
1224974361,2763
1224975160,57
1224977058,20
1224978706,12
1224987521,31
1225005463,3318
1225010740,15
1225017253,13
1225019919,261
1225046031,11
1225049374,154
1225051897,75
1225059107,129
1225062134,470
1225071533,14
1225077445,15
1225078277,26
1225102492,25
1225119525,13
1225129803,27
1225134435,75
1225141037,416
1225141328,25
1225150929,85
1225154854,43
1225162543,52
1225167529,20
1225171017,32
1225174600,25
1225178950,6093
1225179060,36
1225179105,1841
1225185913,37
1225186502,389
1225188401,2952
1225196741,50
1225197030,16
1225202603,209
1225210265,44
1225226478,45
1225228592,50
1225234444,100
1225242097,20
1225250312,47
1225263228,26
1225265867,16
1225266305,15
1225272732,27
1225277249,209
1225285890,408
1225296260,17
1225301513,13
1225316611,287
1225333873,16
1225337111,68
1225338289,104
1225344059,216
1225345651,102
1225347547,38
1225357488,48
1225359679,13
1225363703,134
1225364874,27
1225365569,5072
1225375494,31
1225380161,31
1225382028,21
1225391938,12
1225400068,26
1225403584,17
1225420868,32
1225420959,108
1225427533,791
1225427809,35
1225430807,343
1225443129,12
1225443909,24
1225445312,36
1225446523,293
1225448100,17
1225450090,11
1225456147,32
1225457257,79
1225462729,288
1225470108,14
1225473337,21
1225476523,21
1225480734,54
1225492439,531
1225495029,20
1225501987,95
1225506667,41
1225506852,338
1225518061,434
1225519296,31
1225521647,15
1225525367,16
1225529925,25
1225533642,28
1225544568,104
1225550834,56
1225551985,405
1225553633,32
1225556223,19
1225557539,19
1225558656,40
1225570552,17
1225572163,90
1225576792,37
1225583202,43
1225586334,48
1225594874,729
1225599451,119
1225602716,24
1225603857,16
1225605262,83
1225605804,49
1225614660,107
1225614895,53
1225619975,155
1225620122,456
1225626176,181
1225626763,27
1225639773,39
1225642446,14
1225651988,14
1225662585,15
1225666510,26
1225676063,112
1225676909,84
1225681482,45
1225683137,47
1225688424,1375
1225692581,26
1225701232,54
1225704208,21
1225711621,166
1225717117,12
1225722703,1263
1225723635,22
1225723660,14
1225753223,8500
1225753650,16
1225764309,11
1225772996,17
1225774688,7923
1225777233,30
1225779504,30
1225779594,265
1225780897,141
1225780993,16
1225799532,20
1225803835,54
1225809732,37
1225810547,43
1225818500,13
1225821344,25
1225834084,1819
1225834491,20
1225840521,1173
1225844031,18
1225850181,38
1225853511,19
1225856988,33
1225857440,81
1225861226,21
1225865375,25
1225876937,42
1225890580,20
1225893563,23
1225900566,59
1225904506,63
1225932464,236
1225933743,18
1225934387,13
1225943680,23
1225968076,17
1225969993,19
1225971591,22
1225983316,31
1225986799,18
1225990269,203
1225994627,25
1226007284,196
1226012688,14
1226012864,13
1226030841,43
1226032210,11
1226033059,20
1226034860,15
1226053598,7
1226056647,11
1226060652,59
1226062469,463
1226065142,127
1226068984,1070
1226075327,53
1226079078,18
1226085740,112
1226088627,1185
1226093137,15
1226095529,25
1226100929,17
1226108917,45
1226115080,35
1226117657,25
1226123343,28909
1226128535,37
1226130495,11
1226146401,17
1226150677,21
1226151688,30
1226151883,450
1226161344,11
1226169092,13
1226182842,2479
1226183162,19
1226187070,130
1226187634,138
1226187719,61
1226193564,53
1226199630,52
1226200305,79
1226213530,12
1226227428,36
1226236210,39
1226238042,87
1226244643,11
1226246989,17
1226251409,197
1226252114,102
1226253568,54
1226254918,76
1226256828,301
1226263631,45
1226269138,11
1226278857,543
1226283335,26
1226284422,99
1226284891,12
1226291577,44
1226292938,36
1226293227,35
1226304875,1747
1226309398,31
1226314049,23
1226314578,104
1226315076,113
1226316657,28
1226323056,15
1226339117,114
1226344275,15
1226349980,65
1226355570,29
1226371446,17
1226379024,4269
1226383350,135
1226384208,46
1226387322,11
1226390973,18
1226392513,11
1226398315,144
1226402027,76
1226406577,33
1226408403,18
1226415818,127
1226416904,21
1226422330,29
1226423849,19
1226427018,17
1226438114,21
1226444988,113
1226448677,85
1226454952,35
1226455806,55
1226456766,41
1226458391,82
1226466427,36
1226477048,13
1226480668,10
1226481856,22
1226489531,22
1226489634,81
1226498208,100
1226501154,33
1226503828,33
1226505078,10
1226505891,17
1226507528,15
1226514391,237
1226518400,65
1226523004,27
1226535806,209
1226538859,38
1226539674,63
1226540982,13
1226541360,14
1226544828,24
1226546604,40
1226547671,13
1226549459,234
1226553585,32
1226556412,323
1226560380,79
1226562178,78
1226571055,154
1226579643,22
1226586920,44
1226594437,14
1226597296,28
1226597750,183
1226607711,98
1226613826,22
1226619487,14
1226622350,13
1226622973,17
1226625878,25
1226626731,348
1226627909,330
1226632537,51
1226632856,40
1226642159,12
1226643987,101
1226646964,15
1226648841,47
1226652468,25
1226654232,83
1226655664,18
1226657498,18
1226658783,59
1226661880,16
1226666101,13
1226674733,11
1226680005,29
1226684518,54
1226685400,14
1226691771,124
1226699436,43
1226707772,22
1226707828,309
1226708151,15
1226709645,11
1226713626,101
1226729515,20
1226734075,11
1226740973,141
1226753901,38
1226755169,39
1226762620,13
1226767159,118
1226772027,29
1226775065,45
1226819062,31
1226821501,26
1226821868,17
1226828149,11
1226850047,16
1226854571,15
1226861761,32
1226863001,14
1226880839,36
1226886541,133
1226889175,62
1226907735,18
1226920373,33
1226922418,62
1226936027,17
1226947837,53
1226957148,44
1226959760,13
1226965804,43
1226967201,14
1226967770,23
1226967819,22
1226971454,268
1226986657,16
1226990646,56
1226990838,31
1227015908,53
1227017537,13
1227019873,209
1227022288,103
1227027199,20
1227039929,13
1227046979,31
1227065728,17
1227067139,180
1227069931,51
1227077394,16
1227085694,65
1227086368,23
1227088125,72
1227096538,28
1227101935,12
1227102698,4052
1227104690,96
1227105346,13
1227110871,48
1227119649,28
1227121063,130
1227125656,112
1227127184,24
1227127969,40
1227128046,19
1227129671,23
1227136764,302
1227152271,16
1227155975,21
1227168652,12
1227170018,43
1227174554,19
1227177719,87
1227179138,93
1227185855,15
1227186335,18
1227194005,139
1227195038,1360
1227205007,14
1227212265,13
1227213432,23
1227213690,13
1227214087,88
1227216141,63
1227220907,11
1227228210,14
1227231165,13
1227232520,23
1227237099,125
1227265762,74
1227276149,38
1227279014,33
1227293556,17
1227304377,14
1227305725,18
1227307732,126
1227308303,14
1227309113,40
1227309157,29
1227309257,100
1227315434,327
1227316546,13
1227317243,12
1227323948,106
1227324720,15
1227329418,65
1227333518,34
1227334684,13
1227339848,454
1227341286,499
1227347243,250
1227354976,15
1227364450,27
1227371987,127
1227377102,173
1227383057,46
1227386646,110
1227390839,544
1227392097,33
1227400359,13
1227406723,21
1227421344,42
1227431177,21
1227432942,637
1227433014,16
1227436157,15
1227440274,37
1227447038,31
1227459967,429
1227465950,12
1227490532,328
1227490571,29
1227497140,270
1227500565,27
1227501308,24
1227502479,33
1227504870,88
1227512772,77
1227519848,11
1227520263,49
1227526743,15
1227527033,106
1227531308,13
1227547559,16
1227569304,24
1227572703,27
1227579597,15
1227581500,11
1227593880,31
1227594572,12
1227601772,19
1227621444,29
1227634482,658
1227651594,23
1227655562,43
1227658387,94
1227659400,70
1227666088,15
1227674193,17
1227674495,68
1227680608,22
1227689238,858
1227689345,14
1227689365,1039
1227691444,205
1227691745,35
1227696060,20
1227710607,56
1227710766,39
1227736568,174
1227737079,11
1227738572,191
1227741708,42
1227743772,15
1227745768,20
1227759219,90
1227764627,618
1227764837,12
1227772650,105
1227778716,30
1227780447,67
1227783664,12
1227791598,165
1227791833,12
1227793598,24
1227794635,43
1227796170,27
1227802852,12
1227804086,27
1227819401,23
1227833686,15
1227836678,42
1227837151,16
1227841016,128
1227844943,48
1227854358,13
1227855667,12
1227859687,12
1227887303,17
1227889587,19
1227896191,47
1227896929,13
1227897195,18
1227900401,32
1227908098,27
1227909760,107
1227911136,12
1227920831,11
1227922538,16
1227922565,15
1227926204,16
1227927676,20
1227927721,280
1227928962,17
1227930611,64
1227931090,24
1227934615,18
1227937407,15
1227939012,40
1227941987,28
1227948480,12
1227949952,11
1227952190,26
1227957125,172
1227957130,354
1227957195,42
1227961194,26
1227970381,25
1227974472,17
1227994782,28
1227995235,151
1227997362,18
1228005292,14
1228007020,27
1228013410,83
1228017441,11
1228018833,12
1228032595,15
1228035032,79
1228046130,300
1228053564,157
1228062603,21
1228062617,49
1228067246,12
1228069348,45
1228074884,41
1228076003,183
1228086016,14
1228086182,102
1228088285,17
1228096639,15
1228101172,69
1228104491,49
1228115620,16
1228117001,215
1228125649,17
1228127918,31
1228130702,490
1228130770,13
1228146580,13
1228165644,48
1228168646,60
1228168995,38
1228170055,17
1228178051,12
1228200995,34
1228219566,11
1228221963,661
1228239224,17
1228240362,10
1228247504,34
1228250753,29
1228254460,17
1228261509,17
1228266778,91
1228267278,16
1228275932,57
1228281642,26
1228288173,23
1228295878,31
1228301704,21
1228306162,2259
1228306713,31
1228307422,30
1228312499,3301
1228312506,80
1228313288,35
1228316859,44
1228322256,17
1228323801,32
1228324681,19
1228342438,319
1228350271,34
1228350521,13
1228353720,25
1228366354,182
1228372477,21
1228379700,278
1228400253,57
1228403229,1662
1228411653,45
1228428489,23
1228439915,24
1228444255,764
1228446689,13
1228449634,138
1228473512,15
1228475028,13
1228476271,27
1228476484,58
1228479706,57
1228491972,106
1228493290,171
1228504283,11
1228512606,134
1228513113,11
1228513556,182
1228515248,110
1228515550,11
1228519832,17
1228523019,110
1228523683,64
1228545519,13
1228552104,14
1228558220,3964
1228568556,16
1228574491,15
1228575327,37
1228586120,196
1228588430,18
1228589758,1017
1228602335,17
1228612153,96
1228618772,55
1228622177,62
1228631114,19
1228632952,11
1228635904,24
1228636567,193
1228642604,18
1228648424,26
1228657398,14
1228667346,85
1228668841,12
1228669486,15
1228674073,93
1228678241,29
1228680276,59
1228682702,215
1228685110,30
1228687488,692
1228693026,26
1228694959,59
1228695623,86
1228697918,62
1228698955,25
1228699675,22
1228700725,22
1228719920,168
1228724246,65
1228727422,32
1228736718,25
1228738883,21
1228747289,12
1228753050,23
1228757065,23
1228757171,25
1228760265,16
1228764266,17
1228768037,35
1228783107,11
1228810289,29
1228818758,14
1228819544,52
1228828230,13
1228840276,18
1228843980,19
1228844333,107
1228852684,855
1228858762,16
1228859413,27
1228860440,17
1228861830,16
1228862369,11
1228862630,47
1228871992,24
1228876335,24
1228878094,12
1228889804,13
1228895176,291
1228895544,12
1228904236,21
1228908118,12
1228917479,158
1228918500,44
1228920758,23
1228924271,59
1228925375,15
1228931313,312
1228940083,24
1228943778,16
1228957241,24
1228960838,17
1228968888,23
1228969569,47
1228970952,94
1228975741,67
1228980352,22
1229003220,11
1229006538,69
1229017267,434
1229020401,11
1229023725,73
1229031275,15
1229032419,48
1229035202,16
1229035215,15
1229036895,22
1229044921,18
1229048611,12
1229054518,29
1229063586,35
1229079681,97
1229084290,13
1229090312,56
1229105761,12
1229107163,178
1229111282,343
1229124309,15
1229124312,15
1229133593,11
1229158170,10
1229166124,17
1229168545,1170
1229172514,94
1229176335,51
1229190386,27
1229193892,21
1229195377,74
1229196808,108
1229204641,56
1229209839,47
1229210803,16
1229218228,180
1229224485,31
1229224593,17
1229238440,50
1229245515,21
1229259494,15
1229261085,12
1229268651,319
1229278525,43
1229279783,23
1229284884,155
1229292419,28
1229298305,20
1229310351,138
1229320971,81
1229333016,23
1229349063,15
1229349389,21
1229357719,14
1229373251,28
1229378930,21
1229386356,15
1229397886,17
1229408930,25
1229412034,56
1229418777,34
1229423958,33
1229428033,12
1229428402,21
1229438606,892
1229454546,27
1229457276,12
1229457609,26
1229464883,17
1229466378,62
1229467189,44
1229477362,12
1229489956,126
1229492049,359
1229495263,15
1229500299,30
1229515933,32
1229520414,33
1229527457,29
1229528792,12
1229531271,4506
1229545347,13
1229555898,103
1229567447,119
1229570567,14
1229574762,595
1229601083,10
1229604063,81
1229613037,50
1229613796,97
1229617802,41
1229618308,1893
1229628532,92
1229629521,52
1229637015,42
1229641799,45
1229642522,90
1229647480,30
1229649395,103
1229650435,30
1229661701,37
1229669329,740
1229674813,12
1229676125,20
1229687336,19
1229689031,768
1229701530,107
1229702296,64
1229703050,44
1229708435,1215
1229721446,75
1229723763,14
1229741211,16
1229745713,18
1229754911,18
1229755072,30
1229783908,87
1229786287,146
1229790796,13
1229795529,29
1229795695,17
1229797518,64
1229800444,16
1229804367,27
1229805967,17
1229826021,15
1229833518,49
1229857613,54
1229861118,60
1229871910,22
1229875399,48
1229879223,12
1229879990,80
1229891190,58
1229897155,12
1229903970,13
1229912653,40
1229913273,17
1229921727,14
1229923980,26
1229925453,28
1229929214,51
1229936612,24
1229951782,165
1229966556,34
1229981114,30
1229996685,13
1230002242,13
1230003467,59
1230006699,39
1230011719,35
1230017515,79
1230024643,23
1230028115,41
1230041935,32
1230043431,68
1230046062,14
1230048764,89
1230050232,12
1230057297,27
1230065851,18
1230068255,1098
1230070449,18
1230084743,675
1230094821,49
1230103632,41
1230107024,56
1230108051,27
1230120460,19
1230123793,26
1230152852,4
1230155372,49
1230159855,15
1230160823,36
1230167645,340
1230176657,20
1230190038,13
1230219819,52
1230223069,35
1230276014,68
1230284069,53
1230292187,26
1230293192,1996
1230321451,131
1230325066,20
1230346035,41
1230373864,11
1230385816,674
1230405663,27
1230406987,22
1230409724,34
1230413282,394
1230418395,19
1230435080,85
1230436729,33
1230439621,13
1230447187,51
1230454104,48
1230454177,16
1230456360,16
1230459107,48
1230459924,337
1230464401,96
1230467838,71
1230476289,14
1230483021,24
1230488118,25
1230490753,19
1230492351,39
1230511039,125
1230513709,52
1230515496,20
1230518059,17
1230520777,51
1230522302,102
1230525793,82
1230526772,29
1230527280,22
1230529409,21
1230530146,12
1230541272,725
1230542209,14
1230543109,16
1230544421,36
1230545436,11
1230550463,18
1230552302,152
1230556858,14
1230557299,13
1230568421,11
1230571259,35
1230572279,41
1230575245,19
1230579510,12
1230579759,104
1230586927,49
1230615746,16
1230620963,924
1230623377,106
1230623501,32
1230625926,29
1230630133,25
1230635158,32
1230642554,15
1230655525,396
1230659792,216
1230660642,12
1230664565,361
1230670201,18
1230673946,28
1230680336,25
1230692090,12
1230695001,75
1230715250,32
1230717187,19
1230718069,1055
1230737007,20
1230742700,17
1230752196,56
1230753416,17
1230754449,20
1230756781,13
1230757897,15
1230768672,44
1230770171,197
1230773043,11
1230783829,42
1230786016,44
1230786055,45
1230788815,81
1230793950,26
1230797184,191
1230802596,12
1230804418,99
1230816656,60
1230825866,21
1230833691,13
1230838153,30
1230838307,48
1230840644,88
1230842937,31
1230844008,16
1230848107,16
1230852546,51
1230853768,20
1230857353,13
1230871680,37
1230881343,61
1230881670,12
1230886249,104
1230888286,14
1230888292,15
1230894777,341
1230923893,25
1230925393,2793
1230932548,15
1230933500,2102
1230934830,16
1230949874,226
1230951716,81
1230963108,18
1230966999,97
1230983602,12
1230988115,70
1230992661,33
1231005484,74
1231013771,29
1231027499,74
1231033580,85
1231033969,19
1231045391,215
1231046319,30
1231051334,31
1231055190,57
1231076326,20
1231076877,21
1231085769,82
1231088698,68
1231103016,21
1231109330,16
1231109894,40
1231115153,16
1231132517,19
1231135337,3611
1231139963,23
1231140530,14
1231148257,21
1231148851,19
1231150947,100
1231151385,37
1231151488,21
1231151663,21
1231170332,6969
1231173995,17
1231175554,9
1231190293,18
1231208198,15
1231208519,17
1231210975,392
1231241823,15
1231246471,17
1231252094,14
1231266096,37
1231274914,15
1231290655,17
1231291764,3756
1231317792,77
1231332766,97
1231340225,62
1231340530,35
1231341859,41
1231342894,38
1231355875,32
1231362609,45
1231366492,11
1231370735,16
1231381704,47
1231387029,701
1231393604,34
1231397904,14
1231403659,1073
1231404888,16
1231411784,13
1231415007,88
1231419446,12
1231425003,61
1231428995,13
1231433355,32
1231444515,20
1231471942,73
1231477977,62
1231497523,33
1231505124,13
1231510846,15
1231521009,11
1231524322,33
1231527664,25
1231530575,14
1231538321,159
1231542361,17
1231545705,15
1231546738,15
1231549501,24
1231550533,16
1231552637,12
1231583450,14
1231585114,12
1231588676,34
1231593995,18
1231598581,22
1231608642,18
1231611366,7
1231614512,98
1231616411,16
1231620129,30
1231625820,48
1231628816,18
1231630576,71
1231642319,12
1231644909,11
1231649071,30
1231664875,142
1231670954,29
1231673216,273
1231680323,11
1231682461,18
1231686879,35
1231689449,259
1231690607,17
1231692013,26
1231693733,12
1231694800,12
1231704393,158
1231729738,18
1231736896,12
1231743029,3430
1231745368,24
1231745656,170
1231746098,18
1231752523,15
1231758535,14
1231759224,38
1231759515,17
1231759984,11
1231764379,410
1231764941,654
1231780395,24
1231784866,39
1231788271,13
1231789326,109
1231795778,19
1231798689,14
1231803000,19
1231804068,19
1231804783,54
1231805954,35
1231815937,19
1231823217,66
1231824780,13
1231828364,52
1231833412,53
1231839460,346
1231839648,70
1231841922,29
1231851167,45
1231859271,40
1231866881,23
1231867801,96
1231870852,47
1231873889,23
1231878142,58
1231879080,13
1231881320,167
1231886686,12
1231888139,62
1231892841,18
1231894603,21
1231901927,13
1231904604,11
1231905001,128
1231907165,46
1231927624,15
1231939612,14
1231950207,10
1231951255,83
1231951515,32
1231957581,25
1231959993,14
1231961643,153
1231963420,13
1231964765,19
1231964865,27
1231971079,6
1231980017,258
1231981195,69
1231982666,364
1231982924,45
1231983974,23
1231994250,34
1231995031,11
1231995778,49
1231999821,14
1232001105,279
1232009484,107
1232012824,519
1232014015,16
1232030145,915
1232049160,76
1232068112,88
1232070333,34
1232073302,18
1232075306,29
1232075861,12
1232076534,25
1232090563,15
1232094166,327
1232095746,55
1232098068,40
1232101340,22
1232113187,22
1232117277,53
1232117613,151
1232123859,12
1232151729,24
1232153525,23
1232158115,23
1232179108,13
1232184481,60
1232186823,14
1232187392,11
1232187559,15
1232194910,12
1232198091,19
1232202151,15
1232204103,27
1232207193,297
1232207397,19
1232227455,24
1232230999,677
1232231222,51
1232234668,38
1232237836,28
1232239020,85
1232248372,109
1232269102,14
1232276786,16
1232282516,45
1232293202,13
1232306594,18
1232327074,724
1232327866,34
1232334482,50
1232339395,99
1232370714,1278
1232377059,17
1232379583,26
1232385284,67
1232389209,11
1232391229,35
1232392775,16
1232401934,19
1232412113,20
1232418131,50
1232423250,21
1232425850,44
1232435913,28
1232438673,13
1232441255,35
1232451950,12
1232463120,29
1232464132,250
1232472302,27
1232475356,21
1232480669,218
1232486341,134
1232486433,48
1232498795,87
1232500611,14
1232502928,17
1232503620,17
1232503763,26
1232513743,20
1232516411,19
1232519992,25
1232525596,15
1232527299,91
1232531989,22
1232539952,26
1232540172,35
1232540803,202
1232549174,70
1232572427,268
1232575828,13
1232591685,20
1232599710,618
1232604320,28
1232621817,264
1232647348,25
1232648797,36
1232650857,111
1232656744,34
1232669793,20
1232669890,16741
1232673052,81
1232680785,119
1232691570,61
1232701426,24
1232703184,34
1232705473,60
1232705869,53
1232710515,105
1232712502,1530
1232714995,165
1232724697,11
1232727602,422
1232733344,23
1232744272,93
1232744411,13
1232744559,642
1232750479,407
1232751931,16
1232754722,82
1232776063,164
1232779906,18
1232780747,13
1232789753,53
1232799038,18
1232808085,83
1232810067,89
1232816339,35
1232820476,20
1232821011,15
1232824274,509
1232828202,23
1232840936,44
1232842595,109
1232843240,291
1232845626,27
1232852448,14
1232874124,14
1232881907,36
1232897272,129
1232909411,25
1232909568,195
1232913979,13
1232917858,61
1232918613,18
1232923707,13
1232927836,20
1232938373,84
1232963755,14
1232965265,15
1232972544,12
1232973386,22
1232990838,21
1232995659,13
1232995828,2503
1232996564,70
1232997470,1511
1233008152,18
1233008591,37
1233010742,12
1233014365,121
1233015992,46
1233021008,27
1233021136,268
1233021488,11
1233023839,27
1233034881,12
1233037001,208
1233038165,31
1233038926,20
1233045914,12
1233049557,61
1233063278,15
1233065556,52
1233067536,11
1233069149,16
1233075087,14
1233079257,19
1233082731,1790
1233083551,9
1233098501,16
1233099780,30
1233104285,11
1233109239,83
1233119393,1324
1233125421,22
1233133379,86
1233135720,857
1233142602,2727
1233143212,80
1233154583,24
1233161009,32
1233174097,21
1233184997,55
1233186866,17
1233188553,16
1233189346,23
1233194295,43
1233202284,19
1233205881,19
1233207118,44
1233214582,80
1233216116,18
1233216476,23
1233224752,175
1233224946,33
1233251373,17
1233257999,383
1233258841,15
1233265885,44
1233268108,64
1233269361,14
1233277768,17
1233282551,67
1233291379,30
1233295735,75
1233319813,33
1233329720,33
1233329957,20
1233332479,345
1233332668,425
1233334923,15
1233350326,14
1233351502,28
1233363436,11
1233366728,142
1233366936,16
1233368430,15
1233369321,28
1233373060,17
1233382603,27
1233396999,19
1233397063,13
1233398203,213
1233405473,32
1233408615,27
1233408974,25
1233410784,27
1233416003,338
1233434991,59
1233445009,172
1233446849,488
1233448211,30
1233449784,19
1233450404,19
1233453656,82
1233458746,11
1233464839,27
1233465262,14
1233469120,48
1233469226,21
1233476234,17
1233480477,388
1233482326,30
1233488217,16
1233488749,28
1233490795,83
1233490808,11
1233493205,34
1233493409,20
1233495945,321
1233506305,14
1233513947,14
1233519809,25
1233520252,610
1233522763,19
1233524712,17
1233526732,11
1233530473,812
1233534767,11
1233537327,39
1233541170,142
1233543737,58
1233543984,529
1233544257,61
1233550386,31
1233550493,191
1233553764,92
1233562439,10
1233565815,162
1233569086,542
1233572903,279
1233573420,20
1233573842,79
1233580044,23
1233587089,51
1233598443,45
1233603128,878
1233603965,18
1233604225,14
1233606911,98
1233610760,12
1233614908,20
1233618223,73
1233627155,17
1233629841,19
1233635142,21
1233646374,273
1233649082,144
1233652236,32
1233652334,12
1233654138,17
1233656750,52
1233656840,376
1233657891,50
1233658145,88
1233679939,22
1233680465,471
1233686144,17
1233693748,28
1233696776,41
1233698270,17
1233699119,16
1233699402,19
1233699918,6
1233701259,226
1233703053,20
1233703424,19
1233705462,43
1233706426,107
1233709504,76
1233710805,20
1233712980,58
1233714212,14
1233720469,24
1233723985,16
1233725979,13
1233729011,236
1233729086,41
1233747143,197
1233749549,121
1233753464,864
1233757735,33
1233760877,23
1233765261,21
1233765815,32
1233768853,61
1233769789,28
1233770752,38
1233777384,37
1233798338,46
1233803199,47
1233805369,17
1233812013,14
1233816047,32
1233821151,39
1233827788,27
1233828825,13
1233843911,15
1233854753,64
1233860222,29
1233864947,27
1233866989,16
1233869677,12
1233876194,30
1233879845,26
1233880450,72
1233880644,15
1233894805,14
1233901070,37
1233904235,17
1233906435,192
1233907218,35
1233912286,13
1233919441,32
1233930657,41
1233931276,15
1233933761,68
1233943553,22
1233949434,28
1233958357,17
1233974117,88
1233976060,901
1233993377,12
1233995178,32
1233997710,12
1233998926,111
1234017442,13
1234025089,20
1234025876,56
1234028597,74
1234031683,28
1234032496,47
1234034478,611
1234035085,11
1234036165,24
1234036912,12
1234044583,12
1234045986,45
1234052506,19
1234055431,24
1234070879,27
1234092057,18
1234105541,27
1234112226,21
1234118506,35
1234132434,19
1234145889,12
1234147572,18
1234148417,24
1234162438,40
1234169919,68
1234177006,151
1234177512,26
1234178837,28
1234184966,26
1234190555,18
1234200320,30
1234222196,61
1234227627,42
1234233025,26
1234245766,17
1234248776,30
1234262086,171
1234264457,21
1234267901,12
1234272109,44
1234280457,47
1234287955,421
1234289791,206
1234294493,16
1234297189,63
1234300923,33
1234303102,17
1234304147,156
1234318070,93
1234326831,20
1234331775,31
1234335671,49
1234338588,166
1234345172,303
1234349309,20
1234349461,117
1234352205,28
1234369111,18
1234370872,22
1234397786,19
1234406300,28
1234406613,107
1234408269,12
1234414395,19
1234419539,11
1234422018,184
1234428768,21
1234431556,149
1234460360,2457
1234461816,55
1234467701,35
1234468941,16
1234477934,124
1234479687,13
1234484212,14
1234493308,131
1234497073,22
1234500980,25
1234501960,30
1234503198,89
1234505847,16
1234510527,17
1234512626,17
1234527033,30
1234528389,64
1234531190,17
1234531788,16
1234537369,453
1234547478,45
1234550622,2636
1234561569,13
1234563660,123
1234568497,66
1234569107,15
1234571279,342
1234584593,12
1234598133,27
1234599332,19
1234600595,22
1234604467,24
1234610717,33
1234612574,10
1234620713,10
1234643563,123
1234648277,33
1234648973,17
1234651011,30
1234659682,39
1234660785,16
1234663284,31
1234664581,24
1234668950,131
1234669280,43
1234670865,81
1234674650,89
1234675369,14
1234678740,12
1234692020,44
1234697322,22
1234703701,95
1234709952,18
1234712383,22
1234717086,74
1234717726,11
1234724745,2793
1234728317,45
1234728799,12
1234732702,14
1234736795,35
1234743389,71
1234743709,33
1234748523,19
1234759372,67
1234766431,151
1234808106,24
1234817105,31
1234819935,23
1234825297,34
1234829540,828
1234839530,17
1234854174,11
1234870827,172
1234871124,24
1234872393,19
1234884845,16
1234901863,18
1234902158,5
1234908161,14
1234910726,30
1234918031,29
1234923277,17
1234924484,19
1234932922,20
1234949873,20
1234965356,36
1234995144,19
1234999285,20
1235003804,350
1235009516,74
1235012977,15
1235028451,12
1235037158,24
1235044422,12
1235045594,26
1235046467,95
1235049982,11
1235050047,28
1235056479,9682
1235076151,92
1235077351,19
1235080900,13
1235091914,277
1235098353,186
1235103257,30
1235109342,68
1235111179,118
1235112405,54
1235113559,107
1235113769,16
1235116683,277
1235117834,12
1235123321,29
1235128023,55
1235128193,36
1235131147,135
1235135158,441
1235143195,15
1235145221,40
1235150265,73
1235161765,35
1235167543,21
1235168383,12
1235169587,12
1235175101,733
1235186898,25
1235192172,12
1235192304,41
1235199422,11
1235201909,67
1235219333,19
1235219714,22
1235221346,26
1235222817,18
1235225511,122
1235226760,101
1235230186,37
1235232111,18
1235254657,592
1235257170,23
1235259928,154
1235263729,135
1235266237,28
1235278626,19
1235288917,17
1235295742,159
1235298635,11
1235298988,108
1235311075,14
1235318920,82
1235322661,454
1235324410,673
1235325516,18
1235348945,22
1235349424,19
1235368663,21
1235372092,22
1235384825,42
1235398362,16
1235401698,170
1235403515,42
1235415129,12
1235416020,28
1235419463,14
1235423394,31
1235424374,24
1235433876,21
1235435251,21
1235439841,56
1235467345,400
1235467347,16
1235483809,1031
1235491483,42
1235491525,931
1235491557,823
1235491573,38
1235491599,37
1235491636,33
1235491662,31
1235494902,107
1235507023,90
1235511227,248
1235511271,49
1235515289,32
1235516373,28
1235528350,19
1235528861,14
1235535108,76
1235536039,604
1235557096,35
1235561546,308
1235563757,14
1235570981,96
1235600169,13
1235600664,12
1235601806,22
1235603352,27
1235604959,1101
1235615622,41
1235620806,30
1235625452,87
1235635879,32
1235635941,70
1235641260,43
1235648424,53
1235666777,13
1235677045,12
1235677889,35
1235682971,59
1235693765,16
1235695972,12
1235696190,27
1235697532,12
1235700241,39
1235703061,13
1235708935,19
1235712635,81
1235713026,14
1235721044,358
1235728605,11
1235730493,352
1235733002,89
1235738333,15
1235745072,15
1235785305,15
1235796446,46
1235801337,18
1235804415,7
1235809841,45
1235821686,391
1235824690,1305
1235826853,189
1235832354,2833
1235839978,21
1235841610,71
1235850561,34
1235854800,12
1235864347,44
1235887692,86
1235898898,35
1235904866,12
1235915700,381
1235923517,44
1235928536,334
1235937388,17
1235944874,20
1235950823,32
1235951137,95
1235953029,24
1235957378,27
1235957729,29
1235989465,53
1235991419,166
1235995633,26
1236003844,17
1236010010,43
1236020540,31
1236022353,12
1236024834,620
1236029557,19
1236030607,17
1236032569,14
1236033849,12
1236037886,54
1236038347,21
1236069346,18
1236072112,96
1236080238,36
1236092346,14
1236097343,23
1236103434,70
1236113248,12
1236116882,80
1236134087,64
1236138758,23
1236144809,25
1236146225,18
1236147664,16
1236147743,249
1236150757,28
1236154506,205
1236169319,64
1236174636,24
1236183038,329
1236183483,12
1236188285,14
1236189703,15
1236192120,68
1236193793,16
1236197117,32
1236205854,17
1236210286,26
1236215173,806
1236217302,29
1236220169,19
1236225066,27
1236230376,32
1236231313,86
1236232731,133
1236238799,23
1236239871,12
1236242712,391
1236249097,955
1236256286,9
1236258392,32
1236268528,13
1236268781,32
1236270722,11
1236276097,89
1236280432,18
1236281532,13
1236290893,29
1236293784,29
1236297203,15
1236299256,80
1236299970,25
1236299999,38
1236308364,19
1236310444,456
1236311039,19
1236318244,395
1236318314,94
1236318548,46
1236320113,15
1236324961,15
1236325505,13
1236328476,38
1236334602,15
1236336437,791
1236336797,37
1236338255,100
1236348029,23
1236350718,62
1236351119,35
1236353193,2330
1236369867,15
1236376729,41
1236378975,16
1236390867,32
1236393593,20
1236412595,21
1236415557,80
1236416145,12
1236419355,12
1236423287,62
1236429199,69
1236430316,18
1236444588,18
1236448624,41
1236451209,33
1236456093,113
1236456506,187
1236467467,110
1236472889,162
1236475536,14
1236475951,14
1236477525,13
1236477821,32
1236478732,17
1236490395,687
1236493835,30
1236496917,30
1236501740,16
1236502369,29
1236502968,18
1236505940,50
1236507497,113
1236507612,23
1236514798,18
1236523584,177
1236536813,118
1236539330,24
1236548587,29
1236558471,25
1236558948,104
1236565619,31
1236570104,156
1236572125,31
1236574498,255
1236597439,24
1236611436,35
1236614974,10
1236627656,55
1236654892,22
1236667081,15
1236668474,13
1236672762,22
1236677779,147
1236692100,21
1236692111,87
1236692563,26
1236705473,25
1236709079,11
1236710711,18
1236712166,34
1236724617,15
1236724803,59
1236730482,31
1236735790,65
1236755306,165
1236763145,16
1236764229,39
1236767104,17
1236771809,171
1236781628,11
1236782644,14
1236783424,35
1236785802,34
1236788504,20
1236790468,102
1236808991,11
1236809377,55
1236816811,13
1236835461,33
1236835492,14
1236840275,106
1236851335,31
1236852308,32
1236854679,25
1236859477,19
1236861772,96
1236872415,21
1236877194,26
1236894679,53
1236908206,32
1236909004,13
1236910063,108
1236911090,83
1236918072,12
1236931661,25
1236933951,19
1236941307,70
1236945444,15
1236957585,517
1236964964,36
1236968473,13
1236981959,90
1236984329,23
1236985474,102
1237004640,1622
1237007359,23
1237010660,60
1237013741,921
1237021776,28
1237023264,24
1237037977,11
1237043630,134
1237046812,14
1237052662,57
1237054274,45
1237062426,17
1237066114,19
1237066616,16
1237067851,22
1237095996,57
1237104157,14
1237109545,30
1237111736,13
1237112689,309
1237113075,51
1237114445,57
1237116511,75
1237131130,12
1237137541,14
1237146076,88
1237159425,18
1237163046,295
1237164472,159
1237164513,4145
1237174940,3212
1237176215,10
1237181322,37
1237199276,20
1237215648,24
1237218322,23
1237219351,15
1237225592,22
1237225812,14
1237229663,32
1237231741,15
1237232401,14
1237232532,238
1237232853,105
1237239472,1046
1237241613,22
1237243825,21
1237246004,14
1237250723,12
1237253926,15
1237257052,139
1237257560,17
1237259189,50
1237267911,16
1237271327,79
1237283836,20
1237284154,10
1237287718,28
1237290361,15
1237295423,26
1237295737,63
1237295946,29
1237299882,28
1237301457,19
1237302913,15
1237308021,65
1237318021,57
1237319927,772
1237342938,16
1237345031,167
1237346118,145
1237353655,21
1237354845,13
1237360639,75
1237365178,130
1237370783,124
1237378117,20
1237383337,24
1237387249,25
1237390322,16
1237392402,24
1237403075,15
1237409271,11
1237416862,15
1237418222,16
1237422941,56
1237424084,20
1237428082,23
1237428154,21
1237429296,227
1237433527,60
1237436537,21
1237444585,15
1237448423,68
1237453528,23
1237461617,13
1237463177,214
1237464523,39
1237465820,302
1237470197,12
1237470590,21
1237475996,50
1237500772,13
1237501021,26
1237507452,18
1237514143,12
1237516776,88
1237522343,52
1237524419,1035
1237525004,21
1237525965,24
1237527907,14
1237528100,67
1237536657,35
1237548136,16
1237556756,14
1237566150,61
1237567431,28
1237567855,61
1237569827,24
1237570742,3036
1237574834,13
1237596235,16
1237604801,17
1237605993,61
1237607224,19
1237610023,23
1237619750,16
1237623600,23
1237625202,173
1237627849,38
1237630202,489
1237639323,367
1237640697,23
1237640922,28
1237643030,15
1237648686,48
1237651000,20
1237652723,14
1237658148,18
1237696009,15
1237699264,17
1237699485,11
1237707289,44
1237717182,11
1237720723,17
1237728861,16
1237729316,13
1237733764,17
1237734940,24
1237735665,34
1237749445,57
1237750162,237
1237773425,86
1237781439,20
1237784796,16
1237786440,15
1237789963,18
1237809202,433
1237818034,121
1237819660,34930
1237821145,13
1237826064,248
1237829770,13
1237833791,13
1237835872,60
1237836502,11
1237839280,18
1237841458,57
1237843760,13
1237845954,16
1237849841,15
1237852816,16
1237856742,26
1237856798,24
1237857534,37
1237858339,57
1237862355,41
1237873111,58
1237876885,25
1237879977,15
1237885983,196
1237886021,35
1237887278,17
1237891010,43
1237897310,135
1237898891,47
1237901907,28
1237904058,12
1237906084,19
1237911785,2853
1237924504,18
1237926298,33
1237930635,36
1237955879,15
1237979735,2188
1237988466,12
1237991026,57
1237994338,13
1237999979,31
1238010504,19
1238020455,46
1238042326,17
1238042602,111
1238043239,1753
1238043869,25
1238045437,20
1238047523,1788
1238050175,110
1238063840,21
1238071279,64
1238086960,18
1238091730,50
1238096032,481
1238104138,46
1238108965,37
1238119796,11
1238120057,27566
1238121115,110
1238133044,163
1238139003,31
1238142752,18
1238143049,48
1238152096,161
1238157601,38
1238166279,37
1238179349,17
1238187414,19
1238194024,21
1238194631,26
1238203091,11
1238204186,14
1238210020,18
1238212613,30
1238219632,24
1238246893,17
1238256194,38
1238264514,38
1238268252,14
1238273556,26
1238275599,24
1238285636,63
1238292307,11
1238294428,56
1238294607,123
1238301041,218
1238305550,19
1238314095,30
1238325234,20
1238336148,13
1238338967,11
1238339696,15
1238352328,24
1238353357,63
1238359772,14
1238361124,26
1238363307,48
1238364469,47
1238374516,17
1238379684,17
1238384020,112
1238386254,21
1238388797,15
1238392177,30
1238394528,22
1238398366,19
1238402794,125
1238412760,33
1238416752,444
1238420386,25
1238426179,927
1238426791,421
1238434689,14
1238449822,14
1238453195,50
1238455882,111
1238458554,561
1238460215,47
1238468873,11
1238490261,35
1238496158,190
1238499219,20
1238503477,475
1238505021,32
1238505874,110
1238509745,16
1238514693,13
1238529161,13
1238537858,23
1238540326,22
1238542557,15
1238542948,29
1238547139,82
1238548881,11
1238552380,20
1238559947,59
1238571740,30
1238573176,15
1238576219,26
1238579838,18
1238580104,18
1238586910,11
1238606716,2940
1238608979,359
1238611197,26
1238611909,25
1238612611,20
1238634317,16
1238645472,401
1238653384,144
1238669068,58
1238676776,12
1238676972,16
1238677791,33
1238684786,14
1238692464,19
1238695224,15
1238707516,12
1238722120,15
1238723751,13
1238727325,31
1238731481,34
1238733254,36
1238739631,20
1238742660,20
1238743123,32
1238755764,174
1238758672,388
1238759267,21
1238765688,16
1238775512,649
1238783354,196
1238787403,11
1238812762,32
1238818691,15
1238830448,103
1238831904,12
1238834247,17
1238836672,11
1238850401,11
1238855847,34
1238866442,107
1238872822,139
1238876865,35
1238889388,20
1238894468,23
1238894762,17
1238896536,112
1238897954,38
1238911466,15
1238914644,24
1238926475,11
1238930668,16
1238948350,23
1238954573,21
1238954795,20
1238956754,442
1238959575,44
1238968097,48
1238986224,18
1238992253,3264
1238993977,21
1238996909,360
1239006019,51
1239011091,45
1239018578,21
1239029437,40
1239032588,14
1239039079,173
1239045423,59
1239056971,40
1239062027,6
1239071762,52
1239077803,19
1239104861,75
1239110217,20
1239112559,12
1239115570,35
1239117786,21
1239117832,20
1239119721,1905
1239126926,18
1239135974,29
1239139048,71
1239140279,392
1239151917,83
1239152939,27
1239159840,2456
1239160406,11
1239173626,17
1239193196,64
1239193572,12
1239197994,45
1239198502,64
1239199313,14
1239200352,32
1239204847,22
1239209837,19
1239210589,236
1239212074,19
1239214607,45
1239216283,46
1239216743,12
1239243690,21
1239249946,14
1239251402,12
1239262895,12
1239264029,273
1239273447,17
1239285070,93
1239297672,157
1239309119,12
1239321485,72
1239341513,19
1239351619,110
1239353812,22
1239357956,78
1239359080,17
1239365819,12
1239366397,26
1239367040,35
1239373733,21
1239374684,13
1239375488,359
1239375999,20
1239382882,109
1239396861,15
1239398976,20
1239402511,14
1239412648,13
1239412733,15
1239414002,16
1239414821,1010
1239416779,11
1239427226,26
1239434866,459
1239441299,41
1239447191,53
1239447811,18
1239455254,251
1239464173,47
1239469327,42
1239473321,599
1239489400,58
1239491397,59
1239518697,89
1239522492,582
1239524798,15
1239528524,21
1239532231,36
1239537127,47
1239537612,11
1239544598,17
1239549872,259
1239550442,66
1239556796,210
1239557619,58
1239563227,70
1239563655,132
1239567925,19
1239574235,14
1239577913,45
1239580976,16
1239599225,20
1239600245,21
1239611613,28
1239617900,16
1239618973,61
1239619264,35
1239621046,15
1239622029,13
1239622387,579
1239624733,52
1239630237,14
1239644418,21
1239645385,544
1239654352,17
1239660837,18
1239669136,24
1239673198,21
1239676667,128
1239707233,31
1239715093,15
1239716772,13
1239722612,26
1239726217,23
1239728183,56
1239732876,23
1239735146,19
1239735720,17
1239744607,11
1239746319,22
1239749878,12
1239752722,113
1239754392,15
1239757945,42
1239765355,42
1239769034,21
1239774861,212
1239787202,16
1239797781,108
1239797866,14
1239799148,14
1239802726,11
1239806607,35
1239812704,23
1239825801,17
1239826594,20
1239833246,33
1239856270,30
1239859061,147
1239864142,707
1239869762,48
1239878087,42
1239878287,234
1239890796,1634
1239894005,39
1239898419,147
1239901771,31
1239906726,52
1239909172,15
1239911524,12
1239918790,2627
1239921355,22
1239923622,70
1239928176,675
1239930788,132
1239940446,105
1239942327,14
1239944495,18
1239949403,23
1239953499,91
1239960519,12
1239961334,25
1239966472,222
1239977707,14
1239979370,40
1239982332,13
1239983358,33
1239995275,18
1239996076,5355
1239999657,17
1240003797,23
1240013465,96
1240014089,18
1240015023,18
1240019066,12
1240020163,22
1240031323,15
1240043567,11
1240045833,30
1240047266,101
1240051005,52
1240052317,32
1240056880,12
1240061827,26
1240062561,220
1240070838,12
1240073512,21
1240080694,38
1240083383,21
1240087779,14
1240092403,18
1240122142,19
1240131152,23
1240132015,18
1240150652,24
1240159825,15
1240163211,121
1240163717,20
1240164093,48
1240167455,21
1240183493,54
1240191065,2274
1240192072,14
1240195275,12
1240202235,18
1240214550,28
1240224353,16
1240247258,14
1240247529,16
1240249001,10
1240258164,16
1240259223,51
1240269979,14
1240272133,53
1240276079,30
1240288571,14
1240299044,12
1240299682,27
1240305839,12
1240308067,124
1240332026,55
1240333679,16
1240340068,85
1240341386,11
1240346607,65
1240346695,212
1240364388,208
1240365600,28
1240374270,44
1240393483,12
1240394691,19
1240395546,33
1240417420,11
1240419112,27
1240420839,23
1240421258,638
1240437710,13
1240443039,58
1240444875,37
1240448548,11
1240483776,278
1240492421,50
1240498594,17
1240500457,62
1240502884,81
1240515946,14
1240521980,11
1240522440,18
1240537180,99
1240542828,18
1240545670,12
1240545861,52
1240556206,32
1240556566,30
1240560323,56
1240566648,73
1240567099,19
1240568470,49
1240572887,32
1240579392,15
1240580951,14
1240599492,69
1240601170,108
1240602767,15
1240611559,18
1240644798,19
1240648531,13
1240652283,18
1240653523,88
1240665936,12
1240667381,14
1240671870,19
1240672860,18
1240677825,48
1240682987,13
1240690447,17
1240693623,25
1240698398,378
1240708362,29
1240713910,53
1240719306,19
1240720849,94
1240724913,22
1240725237,11
1240725952,120
1240730830,93
1240732143,135
1240743325,45
1240747229,17
1240755345,15
1240766312,22
1240768914,11
1240771767,45
1240775510,439
1240786277,26
1240793632,14
1240801215,42
1240808459,18
1240820240,11
1240830830,85
1240832183,18
1240844474,38
1240851965,23
1240854296,60
1240856375,19
1240859912,18
1240865540,16
1240868987,36
1240872088,792
1240872126,36
1240872943,10
1240894264,12
1240896337,17
1240905795,20
1240919474,50
1240938433,15
1240944610,34
1240944626,818
1240946207,16
1240948992,19
1240955193,14
1240959510,39
1240961226,21
1240963793,15
1240977522,10
1240995825,40
1240996286,324
1241000028,230
1241014702,16
1241017476,82
1241019087,24
1241033447,13
1241037350,12
1241040212,19
1241048131,78
1241051113,17
1241054742,55
1241058151,35
1241070039,12
1241074831,20
1241076174,234
1241088351,14
1241094896,15
1241096931,25
1241105467,23
1241106368,29
1241110664,12
1241114653,19
1241132689,37
1241134258,92
1241141239,81
1241146344,56
1241146497,31
1241149979,44
1241152875,997
1241153103,35
1241159711,19
1241163802,15
1241169266,15
1241170129,12
1241172117,14
1241179152,33
1241185532,86
1241208413,34
1241209202,126
1241212925,17
1241215332,27
1241218480,30
1241223523,48
1241234879,296
1241246291,12
1241257629,7579
1241258726,210
1241271550,67
1241273478,550
1241275896,53
1241277287,46
1241277589,89
1241279320,15
1241281880,13
1241283238,23
1241295791,28
1241298903,47
1241300226,14
1241309851,21
1241319334,16
1241329902,37
1241335289,22
1241335398,14
1241336268,49
1241338288,45
1241345946,18
1241348820,39
1241350460,15
1241353600,16
1241358748,13
1241360951,38
1241362619,3253
1241367216,13
1241368039,22
1241383026,12
1241389997,20
1241397530,21
1241407718,20
1241411485,29
1241412718,96
1241414489,16
1241415025,49
1241420026,22
1241425259,1960
1241430916,152
1241450690,21
1241453878,24
1241459204,12
1241459358,18
1241469718,18
1241476818,16
1241477012,13
1241487212,17
1241488294,14
1241489968,32
1241494140,31
1241500194,81
1241503505,14
1241511155,179
1241515224,354
1241519294,30
1241526989,21
1241535855,11
1241537755,524
1241538479,264
1241539231,100
1241540822,14
1241541907,76
1241552156,44
1241553266,20
1241586348,15
1241587887,48
1241588340,37
1241611273,21
1241612240,71
1241612644,61
1241613478,198
1241621727,84
1241631637,14
1241633491,18
1241640889,13
1241641410,20
1241644778,16
1241647818,87
1241648746,39
1241650947,29
1241653775,20
1241653839,151
1241657568,25
1241657981,11
1241661785,20
1241665017,16
1241665534,29
1241679569,40
1241704120,20
1241705990,70
1241706792,141
1241709623,166
1241723280,18
1241738234,109
1241742205,33
1241743752,244
1241747058,40
1241749352,36
1241750341,61
1241752946,39
1241761359,41
1241767972,23
1241775611,80
1241778703,52
1241803876,187
1241816625,63
1241825365,33
1241825396,302
1241828177,13
1241837533,31
1241845242,117
1241863775,29
1241878578,14
1241879839,13
1241886270,19
1241889596,16
1241889601,100
1241891788,26
1241894863,36
1241896683,13
1241912674,12
1241916676,39
1241954827,32
1241955479,30
1241958508,41
1241959906,346
1241960226,22029
1241963187,129
1241965602,18
1241974928,13
1241975714,18
1241976480,20
1241977003,61
1241977188,25
1241979160,85
1241979723,15
1241987162,1065
1241990307,74
1241990700,1973
1241994412,40
1242010545,15
1242013932,5
1242017470,12
1242027459,118
1242030289,29
1242030344,33
1242034359,70
1242041584,62
1242043952,16
1242047436,83
1242060029,154
1242065628,14
1242070147,18
1242072896,26
1242077970,45
1242077982,85
1242094165,183
1242098463,28
1242099375,16
1242100472,50
1242107382,2022
1242108349,238
1242121583,17
1242128023,33
1242143475,17
1242169673,56
1242170957,18
1242175465,14
1242179708,17
1242180484,128
1242192661,19
1242196870,15
1242203650,196
1242206624,71
1242211335,29
1242230402,28
1242238680,2
1242243389,23
1242243557,11
1242244665,15
1242245415,22
1242249898,32
1242252209,44
1242268113,57
1242272716,72
1242283903,18
1242284800,15
1242288930,18
1242293609,64
1242306767,351
1242316635,1601
1242320277,14
1242321286,60
1242326448,22
1242339840,44
1242350957,39
1242354790,1929
1242384007,12
1242392922,243
1242402978,230
1242415623,252
1242427355,12
1242428415,70
1242432807,11
1242441763,25
1242442927,43
1242442956,18
1242450764,51
1242451241,15
1242472887,21
1242497817,33
1242503983,13
1242517249,67
1242520249,26
1242522317,18
1242534846,12
1242536991,17
1242538725,13
1242552865,21
1242559266,22
1242562576,11
1242564361,11
1242565101,24
1242568050,62
1242571544,39
1242572220,12
1242576422,12
1242579794,77
1242581027,43
1242582611,43
1242582771,22
1242587191,11
1242591913,20
1242595081,11
1242623011,14
1242627057,43
1242637912,27
1242643262,11
1242649859,15
1242665944,35
1242670883,14
1242672160,175
1242679355,1581
1242692799,24
1242697027,153
1242705930,19
1242712290,86
1242719319,1270
1242731930,12
1242750846,14
1242760522,25
1242766913,76
1242787253,342
1242790955,30
1242805637,34
1242808266,11
1242815807,20
1242836028,19
1242847410,94
1242849406,69
1242854746,44
1242858742,42
1242867671,851
1242881254,18
1242885972,15
1242896502,279
1242899551,182
1242899915,51
1242903900,15
1242911893,27
1242916194,13
1242917283,12
1242924666,114
1242933539,21
1242956191,18
1242967652,6164
1242971079,13
1242974687,32
1242994017,136
1242995930,24
1243001514,23
1243006338,219
1243011353,1981
1243017690,354
1243019455,16
1243020749,135
1243027110,79
1243027635,71
1243027695,18
1243029025,18
1243033047,113
1243037216,12
1243043047,18
1243057319,28
1243060739,19
1243065333,14
1243068376,29
1243068991,30
1243071828,27
1243072224,95
1243086146,19
1243090173,17
1243095143,13
1243099463,16
1243100020,112
1243106323,245
1243107271,34
1243109314,15
1243110119,15
1243111477,13
1243130327,11
1243136561,56
1243146433,231
1243160351,577
1243160855,40
1243164484,71
1243166788,15
1243166945,219
1243176585,357
1243179697,84
1243183766,22
1243199454,30
1243200853,98
1243202918,20
1243210367,85
1243217842,45
1243238668,87
1243240174,13
1243242946,75
1243244774,81
1243249411,18
1243256378,57
1243266259,11
1243270101,16
1243276849,19
1243277861,144
1243279769,80
1243282472,11
1243285960,19
1243288395,11
1243296441,193
1243301217,18
1243308022,18
1243316506,14
1243317327,182
1243318039,18
1243319764,11
1243320653,14
1243335820,85
1243337208,11
1243337973,11
1243338375,17
1243339945,15
1243343514,39
1243348295,45
1243353499,12
1243353641,98
1243354073,102
1243355836,16
1243364905,223
1243365944,357
1243369427,14
1243370296,23
1243370935,42
1243373853,141
1243380368,15
1243384906,19
1243386295,11
1243386953,43
1243393451,58
1243394372,18
1243397963,695
1243401750,78
1243403565,17
1243403791,37
1243407684,17
1243414163,14
1243414364,13
1243432393,11
1243435460,32
1243436931,17
1243440891,23
1243456460,32
1243462118,21
1243465661,19
1243470443,11
1243474783,20
1243475954,16
1243480043,31
1243486736,48
1243490323,84
1243499752,106
1243510961,16
1243520031,194
1243523634,31
1243524942,13
1243529611,12
1243536512,128
1243546453,11
1243567693,14
1243589705,34
1243592929,14
1243594497,12
1243601229,41
1243601998,21
1243607387,15
1243611246,12
1243614106,18
1243618131,666
1243619611,52
1243631224,32
1243632421,14
1243632643,14
1243643571,15
1243645314,111
1243646445,14
1243647266,68
1243649535,11
1243660478,15
1243674199,76
1243680833,26
1243704133,21
1243710888,25
1243720201,14
1243732556,674
1243739072,453
1243754671,21
1243754968,122
1243761147,21
1243762255,56
1243765551,14
1243765775,66
1243773718,44
1243780058,43
1243795091,35
1243799385,35
1243802511,20
1243841282,80
1243842380,15
1243843387,167
1243859110,18
1243859417,27
1243860196,31
1243861636,19
1243868004,22
1243878128,49
1243889840,2759
1243904405,64
1243908724,20
1243925666,12
1243928497,44
1243928867,32
1243929420,17
1243945729,13
1243947630,161
1243951513,25
1243954362,71
1243959521,14
1243961683,32
1243962929,73
1243963093,200
1243975263,22
1243975449,39
1243978384,109
1243979429,67
1243998884,19
1244000773,15
1244001574,32
1244028703,30
1244036548,11
1244037728,13
1244040752,101
1244045010,31
1244047930,30
1244050587,196
1244051960,38
1244056427,15
1244064544,11
1244071529,3473
1244073371,37
1244074262,45
1244074490,21
1244074619,15
1244076766,12
1244108994,678
1244116421,23
1244130987,35
1244136912,16
1244140869,28
1244142296,53
1244151525,16
1244155308,37
1244155727,64
1244157761,32
1244162403,1161
1244168174,38
1244174738,17
1244176206,11
1244178999,17
1244184293,13
1244185155,419
1244194276,33
1244194507,25
1244197679,37
1244200187,10
1244213970,35
1244216551,48
1244217665,28
1244226944,25
1244231089,14
1244232710,57
1244238140,22
1244238936,33
1244255120,17
1244255768,11
1244263982,11
1244264446,64
1244264505,84
1244277268,18
1244278623,13
1244290601,113
1244295316,20
1244296820,1356
1244307392,43
1244307848,21
1244322645,64
1244323702,303
1244325213,14
1244328171,27
1244341252,12
1244344645,14
1244346431,23
1244361533,16
1244364968,18
1244370426,25
1244375757,48
1244375832,75
1244377054,34
1244385712,20
1244386148,15
1244391930,13
1244391958,116
1244425600,18
1244431440,370
1244443711,16
1244459047,24
1244462189,239
1244468619,271
1244473756,36
1244476160,37
1244476739,13
1244482736,11
1244488619,18
1244490397,85
1244491708,206
1244493472,1576
1244500483,161
1244530113,18
1244534097,18
1244539716,57
1244540718,16
1244541606,20
1244548537,12
1244557522,184
1244564263,176
1244565986,262
1244570126,35
1244582483,90
1244593267,27
1244595001,16
1244596735,20
1244598092,25
1244599833,25
1244611777,27
1244615729,26
1244621946,70
1244626627,60
1244638297,11
1244644510,12
1244645507,83
1244647147,15
1244660131,13
1244664340,66
1244666899,12
1244667663,60
1244673218,86
1244675532,19
1244679831,13
1244688614,30
1244691031,11
1244693229,15
1244693986,27
1244713152,17
1244716271,44
1244742159,16
1244747615,112
1244747754,13
1244750915,72
1244755919,16
1244762126,33
1244770399,19
1244774008,169
1244780636,38
1244782513,125
1244784820,115
1244799378,6
1244801083,17
1244801631,85
1244804202,29
1244813010,21
1244814127,202
1244828190,32
1244838109,82
1244838820,13
1244839354,32
1244848150,52
1244858848,30
1244859148,374
1244862129,13
1244872344,74
1244886395,16
1244896384,18
1244916257,17
1244926035,102
1244934024,35
1244939861,17
1244948549,61
1244954648,14
1244959261,595
1244959516,12
1244959985,18
1244960155,86
1244989350,233
1245004908,36
1245010764,93
1245029777,36
1245035344,24
1245035377,22
1245041174,47
1245043545,60
1245045417,12
1245048633,22
1245051336,22
1245059090,13
1245060355,29
1245061401,30
1245064524,9
1245064892,405
1245076219,70
1245097257,39
1245100586,33
1245101224,134
1245104473,137
1245106598,337
1245108765,20
1245113203,15
1245188885,13
1245192508,13
1245195081,29
1245220559,16
1245220578,13
1245221146,26
1245222189,13
1245223443,16
1245224749,16
1245225769,32
1245227535,114
1245234058,102
1245241908,200
1245243244,30
1245243860,42
1245256564,1670
1245258929,14
1245259290,16
1245267327,110
1245272377,105
1245274067,37
1245278599,19
1245279396,23
1245282108,146
1245290072,61
1245292227,38
1245294728,19
1245296273,111
1245308002,68
1245310595,19
1245318030,40
1245319446,616
1245322596,20
1245325857,90
1245327065,110
1245329241,1008
1245331393,15
1245333424,472
1245333938,290
1245344317,61
1245347848,53
1245350611,25
1245355875,24
1245356181,31
1245356640,106
1245356661,80
1245359581,36
1245362186,15
1245364257,14
1245365519,43
1245368109,48
1245369970,24
1245371971,17
1245380838,12
1245391661,31
1245396820,16
1245405409,22
1245412168,122
1245419404,14
1245425969,19
1245427200,21
1245427909,63
1245429611,99
1245439294,17
1245439775,15
1245440202,23
1245444273,59
1245451069,14
1245452305,3130
1245458564,158
1245458706,112
1245461700,141
1245465729,3772
1245470955,194
1245476031,1438
1245491192,25
1245509597,14
1245510473,28
1245510932,88
1245511686,14
1245518138,48
1245524843,12
1245539123,97
1245540410,162
1245545312,34
1245546693,59
1245549227,157
1245556773,21
1245558372,234
1245561762,1022
1245563309,130
1245585947,12
1245591132,210
1245593541,14
1245595783,14
1245614371,393
1245617878,38
1245621552,171
1245623286,21
1245633673,13
1245635988,11
1245644492,80
1245647600,20
1245653552,12
1245664409,12
1245681818,135
1245692484,19
1245695183,128
1245699721,6292
1245699982,22
1245720361,11
1245720902,86
1245723733,13
1245725287,18
1245730899,31
1245733063,739
1245738786,43
1245740241,19
1245746212,13
1245748325,13
1245760328,151
1245771671,28
1245772322,12
1245775155,13
1245790592,91
1245797515,142
1245813675,14
1245816682,12
1245820850,57
1245838621,89
1245849114,33
1245862251,64
1245865164,16
1245871125,17
1245872885,65
1245881246,12
1245893489,23
1245894065,15
1245901041,572
1245903975,18
1245921621,433
1245923485,23
1245925715,19
1245927552,36
1245944434,13
1245952606,2390
1245955470,14
1245957017,39
1245959143,116
1245970168,18
1245970899,61
1245998874,18
1246000378,42
1246031278,68
1246047187,17
1246072199,49
1246073739,24
1246090648,13
1246093394,22
1246096751,15
1246104866,17
1246113734,15
1246132462,18
1246148135,5942
1246196526,56
1246198169,178
1246201104,19
1246205050,17
1246211773,687
1246220668,23
1246224744,22
1246227084,109
1246228717,42
1246229181,20
1246236720,113
1246237538,36
1246238195,44
1246243218,120
1246244431,39
1246249472,13
1246250743,22
1246251770,68
1246265860,111
1246270079,22
1246273057,286
1246273154,28
1246274264,29
1246276297,205
1246276785,147
1246279685,27
1246280246,15
1246292527,15
1246292540,58
1246304557,17
1246315244,89
1246322535,12
1246326252,28
1246326761,343
1246330857,152
1246332472,36
1246336325,19
1246337897,12
1246346594,782
1246360316,14
1246389313,13
1246399437,3981
1246402525,144
1246410678,35
1246435403,42
1246440630,1065
1246441409,27
1246442875,76
1246446448,24
1246451746,42
1246459259,7285
1246471409,14
1246482134,23
1246482207,61
1246483895,196
1246500556,96
1246504454,14
1246510003,12
1246513769,26
1246515824,149
1246515971,14
1246519476,14
1246521575,153
1246529893,17
1246532319,211
1246533311,12
1246534911,1600
1246536953,14
1246538174,48
1246539049,17
1246542567,87
1246549494,29
1246561851,20
1246567508,21
1246570817,39
1246574857,18
1246574873,161
1246577741,26
1246582123,54
1246590578,12
1246596727,16
1246596878,25
1246600517,1207
1246600961,44
1246600993,29
1246602771,32
1246622880,16
1246625636,9182
1246629463,29
1246631932,30
1246638907,48
1246642453,39
1246644567,13
1246646082,21
1246662457,11
1246664009,22
1246681024,16
1246687346,12
1246690056,55
1246695181,21
1246709259,35
1246710934,12
1246711970,160
1246712495,14
1246715834,20
1246717058,14
1246721062,509
1246722622,1080
1246742103,18
1246745196,32
1246745654,15
1246749616,228
1246751432,16
1246751434,128
1246759937,44
1246767321,20
1246771179,18
1246779788,85
1246782280,58
1246786755,82
1246790422,72
1246795720,182
1246797254,21
1246802646,29
1246803083,59
1246804487,14
1246812750,62
1246814545,10
1246814836,18
1246817571,19
1246821609,30
1246837463,13
1246843657,26
1246849817,25
1246854395,20
1246857494,31
1246866879,20
1246880217,12
1246887188,42
1246895855,44
1246904632,129
1246905604,100
1246911708,72
1246914307,19
1246924426,15
1246924457,11
1246959565,41
1246959727,47
1246967830,13
1246980923,45
1246989049,29
1246992941,23
1246994155,45
1247000985,22
1247014730,106
1247024515,18
1247024804,130
1247033084,104
1247044553,16
1247045448,150
1247052265,53
1247062549,41
1247077303,32
1247077505,28
1247078110,63
1247086450,16
1247093576,21
1247095976,349
1247100158,23
1247106374,10
1247115218,98
1247115666,124
1247117944,32
1247122194,20
1247124796,15
1247134453,58
1247141754,11
1247142210,31
1247149707,139
1247161384,29
1247171934,17
1247181447,46
1247188228,44
1247190710,79
1247191183,15
1247195606,33
1247195686,20
1247212350,27
1247217251,84
1247225040,14
1247231088,69
1247236424,604
1247242073,310
1247256403,9
1247256864,379
1247257056,74
1247257077,19
1247257153,11
1247265455,26
1247276507,11
1247281221,37
1247282947,13
1247286539,27
1247288896,252
1247289840,28
1247290145,28
1247291997,23
1247292043,64
1247294715,318
1247295822,13
1247301782,43
1247302502,86
1247303587,12
1247310533,36
1247314588,146
1247316645,35
1247317288,53
1247321833,401
1247351481,20
1247356796,23
1247365040,84
1247371684,70
1247376153,21
1247376695,158
1247380137,35
1247384825,29
1247388276,47
1247401217,51
1247414152,151
1247418292,50
1247419504,21
1247421999,16
1247424466,13
1247425144,11
1247433544,84
1247436411,102
1247458577,16
1247458623,25
1247459187,36
1247461066,27
1247469826,184
1247473093,13
1247477036,20
1247482929,68
1247489291,64
1247492866,14
1247495357,21
1247508851,15
1247509569,24
1247515668,27
1247529759,18
1247539290,13
1247546991,324
1247561558,13
1247570734,21
1247581321,74
1247581975,44
1247591069,25
1247591822,24
1247594975,12
1247599728,30
1247600704,15
1247602219,26
1247604974,11
1247605879,44
1247605980,53
1247609335,61
1247612350,222
1247622731,155
1247623206,26
1247625334,11
1247628069,14
1247630704,56
1247641253,17
1247649672,5
1247649837,21
1247663174,14
1247666824,27
1247670071,28
1247671245,114
1247672857,32
1247682155,20
1247682989,24
1247694581,13
1247699938,13
1247702973,111
1247709872,29
1247712689,40
1247712904,23
1247720302,53
1247743070,11
1247743352,148
1247745092,17
1247746103,21
1247746872,15
1247748424,45
1247756899,23
1247777740,19
1247782277,35
1247782800,27
1247786593,275
1247798896,15
1247799878,22
1247808514,201
1247813845,14
1247826283,11
1247833825,79
1247838123,137
1247842541,22
1247845398,20
1247866311,15
1247890345,14
1247897962,11
1247916961,407
1247926868,21
1247938040,166
1247939001,62
1247940076,16
1247944288,423
1247953558,131
1247955571,15
1247959177,17
1247960650,86
1247966640,80
1247969231,36
1247972630,39
1247980837,19
1247981517,132
1247984150,13
1248011103,1977
1248031872,84
1248032650,22
1248034647,124
1248040531,11
1248040866,20
1248041623,54
1248045931,18
1248050597,17
1248051050,14
1248054102,66
1248055238,373
1248058147,53
1248064498,11
1248066032,14
1248067744,12
1248072541,23
1248078952,95
1248082572,12
1248087013,58
1248090936,11
1248096254,46
1248105780,59
1248111614,24
1248111899,19
1248123371,91
1248124718,22
1248128332,12
1248129522,13
1248141334,156
1248143320,19
1248150453,26
1248150739,20
1248151636,12
1248154861,24
1248155542,20
1248160730,18
1248163123,11
1248164821,22
1248165430,22
1248175705,101
1248181720,29
1248182767,21
1248183848,41
1248186446,112
1248199024,38
1248199796,12
1248204690,433
1248211654,21
1248213776,69
1248216427,552
1248219709,61
1248221644,44
1248231202,14
1248243804,25
1248248786,24
1248253333,19
1248255775,23
1248257257,113
1248257430,77
1248264334,30
1248267320,464
1248269184,13
1248275548,15
1248292552,11
1248296770,19
1248302385,24
1248302524,32
1248303277,52
1248305485,99
1248309376,14
1248310439,101
1248315096,361
1248323006,205
1248332641,13
1248333420,34
1248334419,30
1248336086,53
1248340154,21
1248344067,20
1248346724,144
1248348085,15
1248348624,19
1248352148,36
1248353257,13
1248354167,29
1248357950,15
1248358923,852
1248359368,26
1248368290,20
1248369746,21
1248373426,61
1248374766,118
1248378025,112
1248384170,37
1248385157,44
1248395430,36
1248396295,25
1248401048,49
1248401658,30
1248403597,61
1248412629,34
1248413615,13
1248414214,33
1248417002,12
1248435337,12
1248438483,31
1248441930,23
1248442200,59
1248442484,21
1248453360,33
1248453777,35
1248461566,16
1248469137,28
1248474674,54
1248482197,277
1248482770,15
1248483021,28
1248489557,69
1248493288,73
1248502601,11
1248509220,14
1248510758,22
1248512702,19
1248516993,143
1248517174,24
1248517528,44
1248528424,40
1248534579,33
1248538120,19
1248559884,11
1248573158,15
1248575408,18
1248579736,63
1248581414,12
1248586873,51
1248587890,12
1248591409,20
1248591897,55
1248597849,21
1248615838,36
1248618409,343
1248620768,224
1248620921,23
1248625781,19
1248628771,24
1248636112,200
1248647057,18
1248656866,17
1248657228,30
1248659915,177
1248670681,50
1248670774,20
1248679982,36
1248685391,673
1248715157,19
1248719717,39
1248726560,28
1248727836,25
1248731923,38
1248735165,11
1248735456,36
1248735737,46
1248742343,482
1248745413,219
1248747220,658
1248749020,16
1248758524,160
1248761307,1029
1248761484,15
1248763048,242
1248766276,96
1248769876,11
1248772322,11
1248772557,11
1248774202,402
1248782150,41
1248789121,257
1248793375,14
1248794761,27
1248795924,170
1248796295,22
1248803716,31
1248827715,18
1248827837,22
1248836706,18
1248861358,54
1248871857,14
1248872128,31
1248873301,59
1248874742,72
1248874749,79
1248880965,15
1248882195,17
1248882718,57
1248883464,28
1248889884,110
1248896213,18
1248897354,23
1248897838,152
1248898453,11
1248898722,19
1248898972,33
1248908185,12
1248915354,23
1248917960,25
1248924479,489
1248925933,18
1248926022,77
1248930600,36
1248931805,26
1248932206,12
1248933347,63
1248941614,38
1248943562,26
1248949848,12
1248950091,27
1248951081,24
1248951507,21
1248952892,13
1248955957,3406
1248958654,55
1248962830,18
1248981027,123
1248981662,95
1248983894,15
1248984067,45
1248986738,15
1248994114,26
1249006271,31
1249013020,23
1249014031,55
1249015197,34
1249015425,14
1249023319,13
1249024111,60
1249027272,112
1249040497,65
1249047809,73
1249051947,14
1249052052,11
1249052875,13
1249062173,14
1249068419,14
1249070629,141
1249094239,129
1249095115,131
1249111989,46
1249123734,118
1249131332,21
1249136784,32
1249157414,15
1249158906,17
1249162928,476
1249175775,15
1249178065,20
1249180847,165
1249181353,26
1249182330,23
1249187944,96
1249189589,84
1249202199,20
1249203338,667
1249207787,14
1249209643,287
1249213103,33
1249224062,127
1249225398,25
1249239992,17
1249245754,441
1249258514,293
1249261520,1903
1249271148,27
1249276248,15
1249284066,19
1249287005,35
1249290620,38
1249293657,24
1249296723,13
1249300381,98
1249303001,13
1249305626,18
1249305805,12
1249315245,30
1249317289,32
1249325080,45
1249332416,45
1249337353,15
1249344928,21
1249345325,26
1249346259,17
1249357615,52
1249360394,10
1249363406,33
1249369480,69
1249380837,23
1249382417,14
1249386263,33
1249386299,30
1249406215,14
1249408490,31
1249409445,43
1249410188,20
1249421739,32
1249422921,59
1249430762,11
1249432822,10
1249454751,13
1249458219,23
1249462231,85
1249462611,112
1249466568,13
1249467039,29
1249488202,84
1249509510,16
1249519439,22
1249521361,16
1249530651,28
1249530755,39
1249534702,71
1249535239,83
1249548355,34
1249549064,15
1249550191,400
1249550690,58
1249557108,15
1249572987,16
1249573380,14
1249578225,16
1249582990,56
1249619405,23
1249628271,16
1249634577,90
1249655286,34
1249658123,73
1249659243,60
1249662979,21
1249663397,13
1249669193,19
1249681283,16
1249695433,14
1249708194,46
1249709179,86
1249723308,62
1249730633,57
1249731486,44
1249738003,133
1249740810,39
1249756800,20
1249766977,19
1249774057,423
1249779388,17
1249784811,19
1249785717,25
1249792018,31
1249808300,28
1249808474,19
1249808814,113
1249809218,12
1249813229,79
1249814139,106
1249826669,16
1249826776,13
1249847701,92
1249847920,133
1249849319,63
1249853652,31
1249855865,192
1249866465,2480
1249868091,22
1249880434,15
1249881776,16
1249883059,11
1249887741,43
1249888354,161
1249892130,13
1249893354,20
1249895223,41
1249897175,30
1249903076,17
1249907578,60
1249908102,20
1249910480,11
1249913179,142
1249913251,43
1249915620,13
1249922033,886
1249923101,18
1249942687,38
1249944634,19
1249951168,29
1249964612,17
1249973862,57
1249978957,18
1249980876,94
1249982319,22
1249983772,191
1249989933,12
1249990320,904
1250007509,12
1250009810,34
1250016256,13
1250020003,17
1250040582,387
1250045863,15
1250050869,125
1250051977,14
1250057030,12
1250060426,30
1250065590,40
1250068182,54
1250070490,56
1250072702,12
1250081513,29
1250083495,33
1250085833,16
1250093949,12
1250109958,15
1250113821,38
1250122277,32
1250123107,18
1250126240,96
1250129192,21
1250134799,16
1250142065,17
1250143574,12
1250146825,12
1250157861,14
1250160502,15
1250164325,12
1250182657,22
1250204816,31
1250216343,14
1250224428,22
1250229427,28
1250233265,23
1250237069,16
1250243010,38
1250244785,19
1250245397,20
1250255823,49
1250257487,47
1250258692,321
1250258829,14
1250259248,51
1250265557,18
1250276806,232
1250280866,162
1250289468,25
1250293035,14
1250295793,54
1250296394,12
1250296864,332
1250301953,77
1250301976,68
1250308031,11
1250314473,19
1250315476,23
1250320740,14
1250326588,11
1250328232,89
1250332636,91
1250335928,13
1250336324,14
1250337793,23
1250346244,21
1250354179,15
1250360389,63
1250361878,13
1250367999,20
1250377526,11
1250391425,12
1250394838,143
1250404733,35
1250413436,16
1250414618,11
1250417836,16
1250420602,37
1250439637,58
1250445362,11
1250446965,20
1250459937,160
1250468542,20
1250486012,20
1250493755,135
1250500177,27
1250504922,23
1250505481,20
1250508847,76
1250510717,17
1250512479,19
1250528328,22
1250529441,11
1250540901,28
1250541123,16
1250553890,16
1250556989,12
1250561399,14
1250568649,57
1250569639,159
1250575980,1100
1250595753,23
1250626860,114
1250634182,65
1250651738,147
1250651755,118
1250658155,20
1250658283,21
1250663311,20
1250666404,15
1250673270,41
1250677506,59
1250678702,55
1250680727,62
1250681945,28
1250689756,11
1250696677,41
1250696765,17
1250706260,46
1250709578,26
1250713849,15
1250716184,15
1250741226,37
1250756907,11
1250763371,128
1250763414,217
1250771627,18
1250806008,98
1250812354,106
1250815023,20
1250818845,2056
1250822765,4547
1250824950,109
1250830715,59
1250834429,135
1250835189,103
1250835709,201
1250836794,54
1250837740,52
1250837806,15
1250842815,26
1250848732,19
1250860168,809
1250863480,12
1250868690,103
1250876768,14
1250878990,23
1250889003,20
1250895580,63
1250907050,17
1250911372,651
1250918358,57
1250918529,36
1250924595,107
1250931415,32
1250937916,11
1250950417,18
1250958854,15
1250977830,28
1250978302,147
1250978888,27
1250981471,22
1250989577,59
1250997037,15
1250998045,29
1251005638,46
1251007586,87
1251009262,15
1251011584,15
1251011879,28
1251012724,43
1251014582,20
1251020438,11
1251020516,11
1251020986,38
1251023065,18
1251023178,17
1251024234,13
1251025862,12
1251026554,14
1251032065,56
1251045093,75
1251057798,1842
1251066255,98
1251067168,19
1251068284,34
1251069607,30
1251072363,25
1251077755,55
1251078984,15
1251085918,15
1251086499,12
1251086916,1704
1251097472,31
1251097626,59
1251103176,16
1251118569,31
1251118601,34
1251122133,336
1251123266,120
1251124565,35
1251126765,16
1251127841,103
1251130670,55
1251139326,18
1251139884,47
1251140252,29
1251145978,19
1251150120,39
1251156448,29
1251159224,13
1251160046,45
1251169801,81
1251180462,40
1251182451,17
1251186402,3047
1251187002,11
1251194539,12
1251196102,13
1251213060,41
1251216667,1308
1251226689,44
1251240181,12
1251240323,27
1251241656,452
1251246810,268
1251249025,13
1251254800,24
1251258620,16
1251260343,19
1251263546,6891
1251265302,22
1251266007,14
1251273528,20
1251278834,18
1251280424,149
1251282803,17
1251283920,13
1251285811,33
1251301903,1107
1251303564,22
1251308481,20
1251313363,12
1251313933,37
1251314041,85
1251314288,30
1251323039,12
1251343430,25
1251352160,33
1251359454,19
1251360469,154
1251368164,87
1251377810,266
1251382271,338
1251382609,25
1251385826,18
1251387822,14
1251387915,13
1251398714,33
1251401451,20
1251409505,11
1251420451,20
1251421003,23
1251433180,16
1251445838,147
1251447656,16
1251450386,456
1251456931,17
1251460378,4888
1251460904,18
1251465520,25
1251466224,13
1251467172,28
1251482232,75
1251491910,40
1251497181,12
1251498553,23
1251498620,79
1251504299,19
1251505949,36
1251508685,50
1251523074,46
1251532445,23
1251542434,16
1251547021,14
1251547207,19
1251552989,29
1251558498,23
1251570670,77
1251580441,23
1251583175,91
1251599962,19
1251604333,665
1251624865,35
1251626339,54
1251648836,220
1251663029,19
1251670765,16
1251689896,16
1251699671,14
1251700076,19
1251721871,19
1251723283,38
1251724698,23
1251731366,51
1251731376,12
1251734577,303
1251734584,40
1251739081,23
1251740335,27
1251756708,17
1251759892,42
1251760410,11
1251772458,77
1251775321,24
1251775733,11198
1251778861,23
1251792143,24
1251802067,175
1251802724,13
1251803584,15
1251813045,86
1251827172,13
1251829083,14
1251829476,13
1251845453,11
1251848854,38
1251849393,43
1251849873,43
1251875798,328
1251875808,22
1251884605,88
1251885652,55
1251890389,15
1251897393,1082
1251899628,19
1251903045,45
1251908803,114
1251910639,21
1251914525,67
1251915392,16
1251922807,255
1251925434,23
1251927617,29
1251929985,114
1251930408,13
1251934611,76
1251942561,48
1251952412,70
1251952732,17
1251953699,17
1251959042,11
1251971351,20
1251972814,205
1251976028,135
1251980172,73
1252004011,75
1252004709,18
1252008320,57
1252018507,41
1252021413,16
1252023224,26
1252031757,23
1252036272,22
1252038744,18
1252041604,34
1252061412,70
1252069793,13
1252078364,56
1252079931,12
1252091728,17
1252094313,170
1252102710,54
1252117557,394
1252124728,94
1252126809,11
1252127170,63
1252128435,95
1252128712,18
1252129353,19
1252130548,54
1252131252,13
1252134250,42
1252136178,16
1252140935,11
1252147339,349
1252153392,43
1252154132,53
1252159801,57
1252163022,22
1252166840,161
1252169477,24
1252174335,218
1252175636,15
1252190566,15
1252192009,62
1252193482,63
1252196939,19
1252197860,21
1252198341,989
1252200141,26
1252203843,20
1252211432,21
1252217827,97
1252218467,30
1252218508,44
1252237951,49
1252243502,25
1252244572,60
1252248426,35
1252252549,182
1252254864,14
1252255944,19
1252258448,772
1252263438,13
1252270191,34
1252273912,41
1252276246,73
1252291546,15
1252294823,1141
1252298988,15
1252302865,47
1252306996,267
1252311044,69
1252323344,29
1252324680,13
1252329745,23
1252335022,12
1252338417,388
1252344029,11
1252346445,14
1252347222,51
1252349871,18
1252351219,32
1252352256,265
1252353845,20
1252355400,16
1252356934,396
1252369220,23
1252388266,23
1252390722,23
1252416155,137
1252416972,33
1252426483,18
1252427005,164
1252427337,34
1252430502,21
1252432466,1661
1252440552,12
1252450076,106
1252453520,48
1252460350,133
1252480275,17
1252489123,40
1252489441,15
1252504178,48
1252504826,12
1252509592,25
1252514339,15
1252529804,171
1252531427,22
1252551939,38
1252565065,111
1252604518,55
1252612897,13
1252614765,26
1252618883,35
1252640395,64
1252660578,17
1252663001,44
1252665712,297
1252674082,13
1252678407,12
1252683525,129
1252706328,11
1252708837,52
1252709482,96
1252714485,11
1252720351,15
1252742425,17
1252753056,137
1252762674,13
1252767968,63
1252769293,15
1252769537,54
1252770030,133
1252773170,163
1252781693,86
1252783246,22
1252786173,25
1252794477,18
1252795971,19
1252796495,39
1252800918,481
1252806653,45
1252807060,15
1252812411,13
1252814323,325
1252818966,24
1252834518,364
1252837596,44
1252849584,394
1252855223,13
1252855897,39
1252864153,11
1252865556,238
1252872258,16
1252873338,12
1252906447,271
1252912673,29
1252914174,1326
1252928482,20
1252928995,216
1252936604,25
1252944075,114
1252945188,16
1252947649,14
1252952191,13
1252952405,14
1252953230,20
1252954588,55
1252959382,13
1252977352,17
1252983492,103
1252984906,15
1253003051,18
1253009493,21
1253018855,19
1253018922,53
1253028636,93
1253029370,19
1253030135,36
1253030239,24
1253035764,15
1253043798,57
1253048130,305
1253051799,11
1253053983,32
1253058314,13
1253060190,11
1253073679,175
1253076510,48
1253087813,73
1253093667,19
1253094078,23
1253095831,14
1253096577,22
1253105062,17
1253106462,20
1253109536,16
1253136404,116
1253138201,9891
1253140411,14
1253142931,65
1253154385,16
1253159229,12
1253161184,25
1253161550,59
1253172163,101
1253173624,15
1253176060,12
1253177447,11
1253180911,31
1253183580,12
1253187784,486
1253188133,55
1253188625,26
1253189731,64
1253190467,512
1253192251,15
1253193912,43
1253196108,63
1253198907,43
1253202484,11
1253209585,22
1253215229,21
1253226365,15
1253229117,79
1253229410,54
1253236308,849
1253246843,105
1253255514,17
1253258627,21
1253263152,11
1253263363,16
1253264520,15
1253274530,74
1253276414,11
1253277329,49
1253282479,12
1253289046,24
1253291046,18
1253298475,41
1253298895,362
1253310633,23
1253315866,32
1253321907,13
1253325096,47
1253333823,19
1253338425,51
1253345584,14
1253355518,14
1253355909,24
1253360155,12
1253367871,36
1253380025,33
1253383646,30
1253395625,22
1253396714,63
1253399623,32
1253402092,52
1253404011,11
1253408150,16
1253408695,28
1253416463,180
1253425173,116
1253434460,31
1253437477,20
1253447693,13
1253468349,27
1253469197,277
1253472297,19
1253475617,91
1253485086,14
1253502725,16
1253504490,49
1253525979,526
1253530425,17
1253537209,11
1253541782,34
1253553116,25
1253557571,17
1253570680,21
1253581456,42
1253582840,21
1253588145,30
1253595420,19
1253613039,13
1253615096,22
1253623979,19
1253656413,125
1253671303,73
1253675841,27
1253679657,41
1253681844,15
1253689538,23
1253690069,12
1253701314,71
1253701802,45
1253702844,462
1253707218,30
1253713483,34
1253720103,17
1253729367,33
1253736519,36
1253742875,34
1253751761,33
1253754548,14
1253767152,98
1253777615,22
1253792211,15
1253810861,303
1253811539,26
1253818087,457
1253828973,15
1253838600,54
1253848583,25
1253848998,43
1253854641,131
1253861590,36
1253884201,28
1253885183,12
1253890132,28
1253895982,21
1253897951,115
1253903395,32
1253909831,25
1253910734,107
1253910903,15
1253911241,22
1253931164,18
1253944538,13
1253949245,16
1253958043,73
1253958991,14
1253960983,55
1253965584,25
1253977740,283
1253986450,46
1253990739,14
1253998361,20
1253999202,34
1254012505,29
1254014703,24
1254015381,56
1254016797,37
1254019661,18
1254019975,33
1254024450,11
1254030784,12
1254034581,33
1254042671,217
1254048353,63
1254056681,69
1254057572,14
1254070081,16
1254079730,19
1254079995,12
1254082382,30
1254083542,12
1254084097,134
1254084271,203
1254094317,11
1254098980,71
1254102663,1487
1254109005,141
1254114247,27
1254116142,35
1254116963,15
1254121526,17
1254133915,212
1254138541,109
1254144254,21
1254144284,13
1254146279,12
1254147730,83
1254160123,35
1254169763,60
1254172144,297
1254179462,260
1254181310,32
1254184429,21
1254189492,59
1254212219,13
1254222212,11
1254225062,448
1254227775,13
1254236422,23
1254236704,11
1254241414,38
1254252644,390
1254255091,14
1254260949,44
1254262014,18
1254264635,85
1254275329,17
1254275749,21
1254290765,1
1254297242,152
1254301562,20
1254302588,113
1254319847,16
1254330320,23
1254332563,46
1254334425,397
1254339935,35
1254363469,14
1254364909,12
1254373926,26
1254381594,34
1254384645,24
1254385987,41
1254390017,12
1254392393,12
1254398677,229
1254399477,12
1254401289,18
1254406160,93
1254411461,10
1254412545,12
1254416519,28
1254422214,52
1254431824,21
1254437167,39
1254441434,217
1254442158,45
1254446563,14
1254447437,23
1254452192,16
1254452787,35
1254464469,27
1254468871,127
1254470906,13
1254484582,11
1254485070,114
1254488786,299
1254493862,12
1254494310,23
1254494406,119
1254496741,140
1254511581,56
1254512342,13
1254513990,22
1254520394,27
1254524549,22
1254526494,70
1254527180,21
1254542861,63
1254550137,18
1254551153,12
1254554862,493
1254563196,12
1254564615,40
1254568308,17
1254581518,15
1254582918,424
1254583584,32
1254587174,14
1254611266,35
1254612542,62
1254621308,13
1254626919,11
1254628874,13
1254632152,16
1254639681,14
1254654777,14
1254670042,34
1254677146,51
1254677395,26
1254683579,12
1254686143,14
1254689754,55
1254690960,12
1254694129,41
1254695322,33
1254698689,14
1254705293,15
1254709505,29
1254709542,94
1254709546,97
1254723344,25
1254738596,129
1254747633,73
1254749434,758
1254762496,40
1254770962,111
1254781717,33
1254786830,18
1254791906,16
1254793224,14
1254796141,36
1254796279,29
1254797756,16
1254804097,103
1254806672,11
1254821193,109
1254821263,12
1254821702,35
1254822800,14
1254833122,46
1254835140,15
1254841524,17
1254842655,14
1254844644,52
1254852838,53
1254853575,65
1254855346,121
1254859692,38
1254862084,328
1254864393,39
1254883422,90
1254883580,19
1254883786,15
1254889363,423
1254897550,24
1254902423,42
1254907261,14
1254909527,322
1254916915,34
1254921178,68
1254922746,14
1254925678,17
1254927411,37
1254930923,134
1254933451,56
1254936535,70
1254957788,26
1254958761,19
1254962360,21
1254968049,13
1254975170,23
1254976532,14
1254978612,1361
1254979680,56
1254980620,12
1254981976,35
1254982293,28
1254988625,18
1254989944,23
1254994604,11
1254999058,73
1255000879,20
1255012792,20
1255014875,348
1255018965,218
1255019438,138
1255030433,116
1255035312,104
1255036494,33
1255040895,42
1255047944,16
1255048873,17
1255052395,25
1255053392,90
1255058993,39
1255066757,153
1255069527,1336
1255069809,28
1255083276,13
1255084016,180
1255096810,27
1255103576,24
1255106581,17
1255110293,21
1255112026,47
1255112574,44
1255122629,760
1255122754,85
1255125268,36
1255126889,11
1255127941,38
1255129589,13
1255138122,113
1255139597,12
1255140163,23
1255141143,29
1255148136,55
1255156283,70
1255156294,13
1255160041,31
1255160069,45
1255163849,13
1255172001,77
1255180606,86946
1255182796,11
1255183845,80
1255184316,11
1255184385,41
1255204332,12
1255204944,156
1255207002,14
1255207455,18
1255214093,75
1255215630,61
1255216528,26
1255217938,5700
1255221654,182
1255225975,85
1255231979,89
1255237198,6541
1255240664,20
1255248708,23
1255251136,101
1255251478,303
1255252768,15
1255259812,18
1255262063,72
1255267904,528
1255281808,16
1255283013,13
1255291036,1058
1255291644,26
1255292571,14
1255294416,11
1255296887,64
1255298603,35
1255302592,13
1255305328,141
1255328803,153
1255337613,14
1255349692,34
1255351625,23
1255352255,22
1255359164,38
1255361346,48
1255370361,43
1255377268,11
1255388337,159
1255391825,176
1255396003,17
1255396262,18
1255399416,82
1255400304,24
1255412388,1355
1255435041,21
1255437855,26
1255452572,209
1255459277,109
1255466067,87
1255479245,105
1255480829,27
1255488822,17
1255497074,44
1255500482,28
1255508156,45
1255527317,206
1255529982,11
1255548448,17
1255563159,789
1255566884,20
1255580602,38
1255592467,19
1255596359,318
1255606208,29
1255607681,15
1255607931,27
1255608362,66
1255610167,48
1255610635,16
1255619122,60
1255623257,93
1255626665,38
1255632247,24
1255635173,18
1255635278,15
1255635956,41
1255636103,19
1255642930,11
1255644879,119
1255645214,252
1255645993,94
1255649592,14
1255655571,19
1255658534,18
1255665358,156
1255672659,15
1255689883,291
1255695357,12
1255699364,20
1255701432,762
1255706921,53
1255708192,93
1255715568,92
1255715915,36
1255722057,54
1255725941,23
1255726496,14
1255729003,26
1255734079,46
1255735488,80
1255737222,481
1255738228,51
1255741629,36
1255741729,187
1255742924,250
1255753477,27
1255754715,12
1255764474,36
1255768549,865
1255772026,28
1255775965,88
1255777137,21
1255779273,19
1255793570,15
1255794238,73
1255798421,18
1255800034,708
1255801447,68
1255809571,61
1255811098,28
1255814688,19
1255816229,14
1255817315,411
1255835429,60
1255839702,14
1255841045,250
1255841208,53
1255852666,1448
1255854163,140
1255866572,293
1255868108,20
1255871614,290
1255875588,31
1255878092,60
1255884999,37
1255887695,20
1255894310,34
1255906464,17
1255926795,14
1255930302,152
1255931715,17
1255932242,42
1255934214,65
1255939006,15
1255939927,1049
1255952586,12
1255957684,93
1255959569,16
1255962608,16
1255964317,13
1255969968,12
1255977012,14
1255978057,41
1255987686,21
1256004106,20
1256004258,37
1256004591,14
1256006352,85
1256008414,12
1256010188,27
1256010196,38
1256013446,102
1256017052,13
1256019022,19
1256035393,166
1256044657,14
1256044850,25
1256057070,27
1256057097,25
1256061018,59
1256068437,24
1256070689,74
1256075082,193
1256080504,1274
1256081410,28
1256082863,2649
1256087672,19
1256100909,15
1256101061,12
1256117847,38
1256129531,28
1256134563,19
1256135527,176
1256142741,17
1256150601,159
1256152082,22
1256152256,13
1256157003,24
1256158761,17
1256162488,11
1256168258,343
1256174716,18
1256203716,42
1256206719,14
1256210575,40
1256212160,24
1256225183,435
1256233184,92
1256245174,28
1256253725,13
1256254749,27
1256267364,54
1256270560,32
1256273336,20
1256283138,56
1256284456,34
1256294633,20
1256335459,151
1256339895,24
1256345172,38
1256353697,98
1256355630,28
1256362818,12
1256365721,11
1256369595,36
1256380956,13
1256381100,26
1256384533,27
1256386246,133
1256392208,25
1256393269,54
1256394332,21
1256394914,50
1256395974,24
1256397049,25
1256418773,14
1256421769,10
1256425092,12
1256429757,29
1256465772,24
1256469584,29
1256474162,23
1256477021,32
1256488150,13
1256488414,30
1256508800,16
1256525840,330
1256528164,30
1256532379,17
1256536129,21
1256556655,16
1256557633,38
1256569717,41
1256574820,24
1256594473,68
1256613417,964
1256613854,52
1256614080,65
1256616890,472
1256622298,40
1256635590,15
1256663368,11
1256668848,87
1256674994,26
1256680367,27
1256685222,14
1256692328,25
1256694816,34
1256695612,13
1256697754,27
1256700912,113
1256706414,20
1256706847,375
1256707537,50
1256708592,261
1256719211,70
1256728599,2006
1256730629,42
1256746773,38
1256751458,11
1256753731,14
1256757375,116
1256762317,23
1256762495,64
1256766596,45
1256767131,27
1256791924,296
1256792998,33
1256796696,16
1256797384,36
1256810082,14
1256810886,27
1256811075,11
1256811827,16
1256814757,12
1256816449,49
1256826613,104
1256838837,19
1256853835,67
1256855764,156
1256859409,41
1256862575,21
1256866626,17
1256868358,1110
1256877966,18
1256880556,23
1256880560,22
1256881326,187
1256887864,67
1256896059,27
1256900649,15
1256905546,193
1256921461,11
1256921558,19
1256922648,21
1256922851,15
1256948073,21
1256948331,226
1256958861,11
1256960873,23
1256973124,52
1256980703,68
1256987455,30
1256989150,36
1256993124,25
1256996978,13
1256997541,162
1257001631,40
1257015437,16
1257021270,26
1257023848,32
1257026460,15
1257026582,29
1257026599,15
1257033404,17
1257035990,134
1257038971,15
1257049996,12
1257059092,13
1257064854,57
1257081095,44
1257081562,32
1257083638,45
1257084734,29
1257086995,23
1257097658,38
1257105253,534
1257115788,83
1257121594,135
1257135861,113
1257138628,15
1257149881,61
1257150485,70
1257152532,23
1257154160,812
1257164704,27
1257167310,32
1257168102,962
1257168128,13
1257176278,14
1257179976,24
1257184348,91
1257184479,107
1257192156,18
1257196285,13
1257205393,31
1257218160,16
1257237972,99
1257238395,148
1257239130,35
1257245859,28
1257246331,15
1257256310,28
1257259287,61
1257260140,11
1257267571,10
1257272743,11
1257287847,40
1257302750,67
1257306325,433
1257311255,14
1257312136,17
1257325436,17
1257326665,140
1257334011,30
1257334909,16
1257336733,48
1257338172,86
1257339205,17
1257340523,18
1257340615,41
1257340967,25
1257342857,31
1257344450,28
1257347274,19
1257350653,19
1257356927,65
1257366746,40
1257374565,53
1257378383,87
1257395037,80
1257410408,30
1257412756,21
1257414614,39
1257420150,122
1257430841,11
1257444227,14
1257461065,38
1257473218,29
1257475195,12
1257479175,30
1257488099,17
1257493303,15
1257495129,50
1257524396,318
1257527947,25
1257533120,37
1257533286,1439
1257534627,21
1257539780,26
1257543605,57
1257547794,25
1257551522,13
1257556156,22
1257558028,25
1257581672,5
1257591931,80
1257597917,12
1257605213,169
1257617514,21
1257643781,15
1257660639,66
1257661520,11
1257677012,14
1257685893,11
1257687200,238
1257696179,11
1257698938,38
1257701836,23
1257711769,30
1257717114,14
1257724435,48
1257729787,14
1257734455,38
1257735930,36
1257744257,82
1257751567,25
1257753186,21
1257759481,61
1257765230,63
1257766325,17
1257774704,53
1257781328,108
1257796544,16
1257798483,168
1257804050,13
1257804391,55
1257815288,21
1257821422,12
1257821888,15
1257823859,13
1257823911,14
1257825473,13
1257827184,20
1257838048,36
1257849583,13
1257849871,21
1257850224,20
1257850501,20
1257855543,20
1257858164,460
1257863403,11
1257867023,275
1257868723,51
1257869916,12
1257870136,17
1257870356,14
1257883885,44
1257889861,15
1257890423,12
1257891396,12
1257900040,32
1257908328,42
1257915692,288
1257917139,17
1257921640,12
1257933595,143
1257939823,106
1257940229,13
1257947813,81
1257953142,511
1257953914,486
1257960486,13
1257970587,20
1257971581,460
1257979261,12
1257982213,71
1257983666,65
1257995739,12
1257997012,39
1258006305,106
1258007831,48
1258009125,17
1258023796,16
1258030732,82
1258031582,98
1258033438,28
1258038455,11
1258039718,18
1258047506,13
1258061785,20
1258061935,28
1258066808,88
1258071797,13
1258079443,11
1258091885,11
1258095431,14
1258106719,16
1258115712,15
1258121809,85
1258122081,55
1258124114,1
1258125843,59
1258127863,68
1258135570,31
1258139388,14
1258140778,44
1258140989,11
1258165990,15
1258166617,44
1258168862,158
1258176958,41
1258182956,24
1258189993,61
1258193405,11
1258200041,38
1258201451,32
1258203386,14
1258221473,448
1258225193,35
1258227143,19
1258228307,29
1258238626,29
1258242408,134
1258244355,15
1258244763,13
1258251268,209
1258259975,14
1258260539,16
1258262448,34
1258288849,12
1258299774,45
1258301311,1527
1258303369,15
1258305951,149
1258321488,42
1258332155,47
1258335228,110
1258337236,13
1258340670,106
1258346478,20
1258365577,18
1258367539,28
1258373802,138
1258375522,42
1258377532,35
1258378203,25
1258386431,182
1258390378,68
1258395429,77
1258401277,63
1258413847,517
1258428688,12
1258434033,12
1258435504,20
1258435606,19
1258439249,17
1258441232,21
1258456256,19
1258457725,100
1258459022,23
1258460717,41
1258464919,57
1258471673,20
1258473132,67
1258483266,23
1258496446,1217
1258499650,13
1258504422,52
1258504679,51
1258521451,13
1258556728,50
1258557801,28
1258560454,18
1258588229,31
1258588698,29
1258597378,66
1258602218,17
1258613313,25
1258619550,15
1258621567,930
1258626648,16
1258644344,22
1258646291,901
1258647960,16
1258649388,26
1258649428,25
1258649467,17
1258654823,24
1258661939,15
1258680088,12
1258702484,64
1258710790,64
1258728537,15
1258729729,13
1258739820,11
1258742941,190
1258744471,11
1258748958,63
1258757115,70
1258758594,11
1258763088,78
1258773748,11
1258786108,21
1258788077,790
1258788360,111
1258792464,88
1258812574,41
1258823740,51
1258829991,49
1258837516,11
1258857842,19
1258861605,31
1258862322,1090
1258868919,15
1258871740,11
1258875542,15
1258876319,26
1258891039,14
1258896369,15
1258907670,145
1258907996,14
1258915869,57
1258919692,2297
1258921750,190
1258926070,62
1258927530,26
1258929370,13
1258931275,18
1258932513,1136
1258942809,11
1258944375,189
1258957599,37
1258968157,22
1258973778,16
1258978313,188
1258992238,38
1258994637,503
1258994885,70
1258995114,17
1258998722,21
1259014725,13
1259018168,17
1259026412,799
1259028314,117
1259034115,16
1259034625,33
1259052145,88
1259056815,26
1259059236,16
1259061131,24
1259065572,19
1259075745,11
1259077622,14
1259083708,31
1259085213,53
1259085778,14
1259090179,48
1259107621,45
1259108546,35
1259108597,244
1259110872,12
1259117115,16
1259120931,21
1259131593,39
1259145252,18
1259147822,19
1259149438,17
1259159255,18
1259165014,20
1259171983,11
1259178633,11
1259181812,18
1259191407,16
1259194804,1316
1259201063,111
1259217090,35
1259217247,20
1259222060,12
1259223676,112
1259225551,13
1259231858,32
1259245856,28
1259249706,18
1259251906,24
1259254831,60
1259260853,46
1259275090,28
1259280063,35
1259281365,11
1259283484,11
1259286533,34
1259295666,22
1259300797,19
1259304417,34
1259308521,85
1259311205,90
1259327087,35
1259331899,57
1259335163,21
1259336125,42
1259343264,41
1259358860,12
1259362413,31
1259362713,20
1259369663,15
1259369963,27
1259384869,13
1259395084,128
1259398032,65
1259405859,117
1259415915,34
1259423904,32
1259425261,60
1259431541,78
1259457554,36
1259462203,28
1259474972,14
1259483683,238
1259485799,57
1259491562,16
1259494501,18
1259497581,15
1259507820,15
1259512035,19
1259522769,91
1259523153,23
1259526897,31
1259531690,15
1259533679,13
1259534208,28
1259537705,13
1259544911,18
1259550938,120
1259551693,13
1259564149,14
1259565283,172
1259588531,79
1259603732,50
1259603781,16
1259606129,69
1259608817,12
1259609252,13
1259624583,279
1259626350,53
1259628464,47
1259630883,77
1259638534,46
1259640335,15
1259655229,11
1259658765,19
1259659403,14
1259669851,12
1259670522,21
1259675906,323
1259703320,100
1259713623,82
1259719572,19
1259721870,21
1259728164,29
1259735963,14
1259737072,22
1259742577,422
1259782962,56
1259786302,19
1259790088,28
1259790639,33
1259803392,27
1259809062,12
1259836955,12
1259840866,14
1259850204,44
1259853056,17
1259872947,117
1259875534,2740
1259885475,466
1259888079,1652
1259891275,15
1259891941,17
1259893746,50
1259894246,13
1259894852,26
1259899975,19
1259900796,120
1259901407,15
1259915957,30
1259920741,74
1259923337,23
1259934942,20
1259939911,887
1259940171,25
1259951839,105
1259952460,124
1259964745,17
1259970025,34
1259976788,11
1259981261,23
1259988665,83
1259989062,31
1260000827,62
1260005897,30
1260025410,102
1260026035,211
1260029173,26
1260032978,16
1260035249,230
1260043445,147
1260049044,18
1260061766,20
1260073387,13
1260076099,13
1260076680,15
1260091716,22
1260098040,21
1260106056,57
1260110388,149
1260112833,213
1260113241,342
1260114957,17
1260115758,17
1260125959,504
1260131768,11
1260133945,34
1260136347,56
1260141196,80
1260143008,143
1260143846,93
1260146854,12
1260151185,13
1260155434,564
1260167177,25
1260169618,19
1260170265,104
1260175020,15
1260175350,54
1260177823,154
1260183528,48
1260184532,11
1260186676,98
1260187048,12
1260192602,26
1260198724,179
1260209364,37
1260225576,20
1260229560,101
1260233912,18
1260234472,20
1260239529,77
1260240113,136
1260242528,32
1260281911,62
1260281947,33
1260284940,38
1260286969,27
1260287864,28
1260288940,9111
1260298891,19
1260300565,15
1260302733,32
1260304654,10
1260306926,33
1260307676,73
1260309411,70
1260312412,12
1260314510,27
1260325992,46
1260337660,20
1260339805,14
1260339974,248
1260349072,20
1260349075,23
1260352704,36
1260356003,20
1260364763,12
1260372600,13
1260382821,32
1260384009,11
1260388212,22
1260391373,19
1260394860,12
1260404909,18
1260411304,167
1260413335,11
1260429066,19
1260433115,11
1260436039,141
1260441486,47
1260450908,22
1260453112,34
1260465380,17
1260467366,287
1260467916,13
1260468060,194
1260470095,12
1260473040,50
1260475954,122
1260487799,49
1260489286,117
1260489444,331
1260493005,14
1260508753,20
1260548655,45
1260550899,89
1260565605,21
1260566313,29
1260566992,161
1260567504,11
1260570042,14
1260570912,43
1260580223,589
1260580731,227
1260581968,38
1260583277,28
1260584015,88
1260592293,24
1260619539,18
1260625224,601
1260633111,15
1260635669,134
1260638111,12
1260650150,52
1260651471,32
1260654077,11
1260672618,38
1260673375,11
1260680138,44
1260684528,76
1260690154,14
1260694049,18
1260694570,16
1260698041,63
1260703456,12
1260705693,12
1260719601,27
1260738363,15
1260747208,30
1260767408,15
1260777109,1015
1260782172,137
1260783987,94
1260784883,28
1260785845,12
1260790246,21
1260802641,32
1260808534,13
1260815573,11
1260820152,23
1260826634,18
1260829862,14
1260833141,17
1260842109,24
1260858945,17
1260865601,15
1260868321,45
1260881431,22
1260888121,23
1260889371,62
1260898583,28
1260900484,510
1260900514,156
1260902344,11
1260912258,12
1260912552,69
1260914994,72
1260915817,12
1260923039,16
1260930181,127
1260932128,12
1260932922,20
1260940877,255
1260946467,15
1260962896,1101
1260970028,16
1260971370,17
1260981282,11
1260988400,24
1260989566,35
1260990730,49
1260991622,17
1260993476,24
1260994505,17
1260997792,69
1261004744,69
1261005717,61
1261048001,14
1261050605,12
1261050660,17
1261053236,25
1261053712,106
1261057454,30
1261060989,279
1261065819,11
1261075496,25
1261077889,30
1261080024,328
1261091524,17
1261092598,72
1261094281,17
1261102385,21
1261108675,29
1261109384,18
1261114908,239
1261127156,109
1261130089,148
1261131444,18
1261131489,13
1261137992,16
1261139783,25
1261140727,12
1261142701,206
1261142966,12
1261149834,35
1261151781,13
1261151796,11
1261155086,38
1261156607,133
1261156675,46
1261170027,2123
1261174510,38
1261181445,149
1261184716,31
1261189730,25
1261192484,24
1261197405,13
1261197598,36
1261200106,13
1261202186,20
1261204838,199
1261206045,96
1261208315,47
1261209334,24
1261212474,13
1261212938,37
1261214597,15
1261215810,16
1261220798,29
1261222285,12
1261223819,35
1261239100,20
1261240895,15
1261244719,32
1261248738,12
1261250729,17
1261261480,55
1261263626,15
1261264826,20
1261277035,31
1261279210,112
1261283764,11
1261291781,45
1261299715,44
1261303294,35
1261308038,14
1261314451,14
1261322128,16
1261322254,22
1261325025,122
1261328849,47
1261335744,216
1261340483,269
1261350061,11
1261352043,24
1261359560,17
1261359773,25
1261361358,16
1261365430,56
1261405199,12
1261418565,26
1261422007,1230
1261435181,21
1261444857,62
1261460894,19
1261465639,15
1261465806,25
1261473759,29
1261473844,13
1261477736,15
1261482517,49
1261484186,34
1261489081,14
1261494515,33
1261496045,19
1261510276,20
1261519189,59
1261529607,77
1261539572,57
1261555327,393
1261560612,21
1261571908,2125
1261575325,96
1261602522,71
1261605201,98
1261606904,26
1261607128,14
1261613239,152
1261618066,14
1261618291,48
1261620020,14
1261637596,42
1261650101,3965
1261653673,14
1261655419,33
1261655913,13
1261663145,721
1261666359,16
1261668478,18
1261676533,20
1261677886,102
1261689486,11
1261690469,132
1261692450,13
1261696687,28
1261696801,13
1261698932,54
1261699679,12
1261700124,32
1261705376,32
1261706872,14
1261709082,38
1261711686,41
1261717201,247
1261718567,11
1261720977,213
1261721161,20
1261725242,607
1261729018,53
1261729176,30
1261729403,20
1261742826,22
1261746086,16
1261760482,52
1261761574,29
1261773273,79
1261784190,35
1261784901,15
1261794704,389
1261795590,17
1261798970,57
1261810128,37
1261811848,24
1261814068,119
1261819007,18
1261822543,20
1261825338,16
1261836074,61
1261842465,21
1261846836,17
1261851971,20
1261859183,312
1261861097,314
1261864097,48
1261865368,16
1261867321,25
1261880172,198
1261880471,120
1261882969,11
1261887193,26
1261891241,21
1261893837,30
1261899136,61
1261904654,29
1261912889,20
1261923892,24
1261925930,19
1261930573,15
1261934811,21
1261938453,101
1261952114,26
1261953460,16
1261958143,166
1261964579,15
1261966474,240
1261968483,29
1261974266,15
1261976132,71
1261979582,27
1262010385,13
1262011244,28
1262011420,63
1262011534,31
1262018067,44
1262031046,51
1262031874,25
1262033876,13
1262034051,434
1262034091,17
1262038960,27
1262042046,323
1262044132,12
1262047253,12
1262061170,15
1262078510,46
1262089852,20
1262093995,63
1262094216,27
1262097785,141
1262099015,20
1262104463,65
1262106658,15
1262108086,3
1262110699,911
1262113622,16
1262139429,15
1262142501,1905
1262161485,11
1262183719,350
1262195134,14
1262210750,53
1262210755,47
1262212892,409
1262217859,35
1262231970,30
1262250380,74
1262251616,12
1262252186,11
1262253113,13
1262255990,53
1262256174,83
1262258494,15
1262260844,12
1262261093,1136
1262266624,20
1262267135,53
1262270573,12
1262274066,12
1262281052,24
1262299207,13
1262299325,91
1262300001,14
1262310226,38
1262318402,32
1262328297,59
1262331855,15
1262337797,37
1262338410,73
1262354720,12
1262377838,90
1262391566,16
1262392277,14
1262396222,83
1262403617,42
1262413069,11
1262423362,407
1262434101,515
1262438199,116
1262438610,19
1262454502,32
1262477291,41
1262478282,21
1262482595,74
1262483844,11
1262485265,49
1262486604,13
1262490703,87
1262495435,547
1262500406,40
1262511183,11
1262517316,196
1262527142,19
1262530176,24
1262530182,2063
1262536690,175
1262548615,16
1262553817,39
1262554977,20
1262557450,23
1262558565,15
1262560274,14
1262564274,11
1262583106,14
1262587110,23
1262587286,22
1262594832,15
1262595831,184
1262600318,11
1262600346,34
1262600576,88
1262603912,561
1262605827,30
1262614973,18
1262617470,16
1262628565,22
1262635330,154
1262635440,13
1262641073,43
1262642235,38
1262652828,14
1262654935,11
1262656442,86
1262657910,22
1262668020,36
1262679022,30
1262682069,1254
1262710034,67
1262714152,212
1262717434,13
1262730329,12
1262738818,25
1262739704,33
1262740944,661
1262741170,33
1262748595,17
1262754474,21
1262756007,90
1262758480,31
1262762432,90
1262769725,648
1262775896,26
1262784746,12
1262806794,19
1262808460,34
1262809285,17
1262812820,18
1262816915,64
1262819626,114
1262824066,12
1262824399,81
1262834835,16
1262839931,23
1262842296,129
1262860046,29
1262870924,36
1262879903,45
1262882328,480
1262885509,13
1262885515,31
1262887634,11
1262889313,11
1262898434,18
1262899385,11
1262913668,61
1262915424,14
1262934014,36
1262940334,92
1262948105,367
1262952180,758
1262957623,17
1262968414,17
1262971603,13
1262979985,22
1262984601,13
1262989602,20
1262995777,12
1262995939,11
1262996076,13
1262996245,15
1263001383,12
1263011041,20
1263022587,48
1263026652,17
1263027923,11
1263038771,19
1263041093,100
1263045874,30
1263051452,45
1263054292,76
1263055981,17
1263062246,15
1263066411,32
1263067524,12
1263074604,174
1263076167,223
1263079727,505
1263083568,38
1263086677,40
1263098427,138
1263108759,128
1263114987,15
1263120928,52
1263123553,29
1263145127,32
1263145338,42
1263158313,919
1263161226,37
1263168455,59
1263169627,15
1263174131,43
1263190780,124
1263192350,13
1263192944,27
1263193615,14
1263201769,24
1263206805,16
1263210473,26
1263212116,17
1263215731,33
1263217954,87
1263220935,50
1263288598,45
1263306054,15
1263317286,331
1263337356,26
1263337741,318
1263341555,11
1263344910,73
1263346715,11
1263354297,13
1263376372,38
1263378972,55
1263389919,13
1263394947,18
1263436794,93
1263449296,12
1263460757,18
1263461743,206
1263468392,12
1263469068,14
1263471882,1
1263472198,20
1263477177,17
1263494511,18
1263494700,1462
1263497845,2714
1263498017,313
1263500923,41
1263503017,14
1263513016,74
1263518116,120
1263518262,15
1263519874,40
1263529459,16
1263529852,37
1263530988,33
1263539330,34
1263542587,12
1263543625,912
1263543726,978
1263544262,25
1263548429,21
1263549136,658
1263549539,35
1263578760,17
1263579149,12
1263586501,50
1263614411,13
1263642416,493
1263646405,14
1263652392,143
1263662092,122
1263669308,30
1263676410,18
1263679455,18
1263681437,730
1263681504,709
1263682572,15
1263686288,23
1263686305,37
1263688817,20
1263689280,13
1263694034,118
1263696450,20
1263697745,27
1263706509,12
1263727392,25
1263731684,144
1263731718,38
1263732150,27
1263734978,57
1263739043,306
1263740445,12
1263745780,23
1263748076,46
1263748925,476
1263753253,14
1263772632,109
1263773312,88
1263778230,57
1263778677,17
1263784022,12
1263790057,15
1263797030,23
1263797851,128
1263800852,107
1263813947,130
1263814983,13
1263815266,21
1263817105,27
1263820590,206
1263821454,12
1263826844,37
1263836633,16
1263837722,47
1263839399,42
1263841182,33
1263845975,158
1263853624,29
1263858338,20
1263864208,63
1263877714,12
1263881930,24
1263883524,14
1263886339,56
1263886755,412
1263888224,12
1263898766,58
1263900228,13
1263936864,84
1263948467,14
1263951106,154
1263954351,13
1263958197,67
1263958714,31
1263959494,12
1263961048,42
1263966659,20
1263993269,116
1264002437,23
1264006420,12
1264015326,73
1264021866,19
1264023481,487
1264023857,23
1264026813,12
1264037739,13
1264038598,370
1264044496,67
1264045527,26
1264046956,31
1264058170,11
1264058297,151
1264059987,13
1264065724,79
1264067820,22
1264068873,87
1264069918,28
1264088844,448
1264094531,27
1264095869,13
1264097318,26
1264101293,34
1264105561,21
1264117145,16
1264118847,24
1264121778,21
1264122570,57
1264123054,184
1264142220,28
1264147349,22
1264148819,11
1264150994,93
1264155972,123
1264161723,121
1264162018,60
1264170342,57
1264175252,301
1264177851,12
1264187422,29
1264193645,14
1264203334,20
1264208997,20
1264221238,17
1264223799,200
1264227384,46
1264238884,18
1264239018,58
1264245933,55
1264252157,15
1264252189,16
1264253788,17
1264263123,18
1264268237,83
1264268579,66
1264269844,211
1264272407,11
1264280082,23
1264283513,23
1264286435,129
1264288688,11
1264297712,146
1264301794,15
1264302819,58
1264305693,58
1264338985,18
1264341415,14
1264362107,43
1264364812,12
1264366272,15
1264370356,12
1264379603,52
1264383051,11
1264391795,11
1264396304,2571
1264401689,173
1264403672,11
1264405172,67
1264405655,59
1264411005,74
1264412951,81
1264422246,16
1264424593,14
1264424867,10
1264430711,53
1264434310,117
1264436461,16
1264438111,19
1264438885,16
1264452592,16
1264458399,37
1264465126,41
1264471869,13
1264478656,3021
1264490258,11
1264515363,17
1264518139,20
1264520874,17
1264529761,29
1264531337,1004
1264540632,12
1264542642,60
1264550876,24
1264556564,30
1264560911,779
1264560983,45
1264569353,13
1264576033,17
1264586206,21
1264596339,21
1264598061,14
1264604347,98
1264606715,14
1264607329,14
1264611792,11
1264612845,25
1264613111,18
1264614857,18
1264615549,28
1264618288,43
1264620024,59
1264624316,25
1264640680,13
1264644535,11
1264645343,53
1264647440,16
1264648433,102
1264648449,76
1264660523,31
1264663828,135
1264663877,13
1264666096,12
1264669104,14
1264680063,50
1264683354,334
1264690159,16
1264690543,51
1264692184,409
1264718849,25
1264733604,20
1264733813,12
1264735145,16
1264745201,61
1264753245,23
1264759254,17
1264771182,14
1264779904,18
1264782053,12
1264784142,20
1264785723,38
1264802477,16
1264805127,20
1264807434,17
1264807581,14
1264811161,7658
1264811391,82
1264825687,23
1264829799,14
1264831383,35
1264849705,30
1264854400,17
1264856509,23
1264860429,53
1264860668,11
1264866499,15
1264875310,56
1264888983,16
1264890026,12
1264894695,16
1264895666,16
1264902224,37
1264913325,10
1264916063,168
1264920090,199
1264920217,58
1264921302,38
1264921402,30
1264922986,56
1264929973,69
1264933240,12
1264936952,406
1264938021,50
1264938089,39
1264943577,11
1264957685,168
1264957878,11
1264959229,44
1264963292,14
1264981155,21
1264985151,11
1264985458,31
1264996101,13
1264996910,12
1264999260,13
1265011796,23
1265013383,171
1265017606,79
1265020374,19
1265021119,445
1265025028,12959
1265025158,79
1265026514,24
1265028171,11
1265036022,12
1265043857,10
1265046112,44
1265056200,29
1265061961,18
1265072174,37
1265073177,11
1265076401,49
1265085160,12
1265089119,15
1265091045,13
1265095054,31
1265095394,39
1265107923,1809
1265111888,45
1265113238,16
1265119157,65
1265120239,68
1265124479,104
1265127985,12
1265140422,11
1265149208,13
1265149787,12
1265150079,12
1265154925,12
1265157889,14
1265160955,32
1265161025,14
1265161922,131
1265165485,15
1265166906,11
1265168957,14
1265169717,151
1265170158,31
1265177654,122
1265183354,12
1265191090,18
1265199841,16
1265200861,107
1265202284,28
1265216452,16
1265219780,12
1265222064,20
1265228611,26
1265228655,44
1265234733,1260
1265234847,11
1265247790,11
1265248423,13
1265255507,24
1265258509,377
1265259508,17
1265260024,79
1265260318,33
1265264803,15
1265265111,4188
1265269341,15
1265274127,174
1265280126,13
1265280546,13
1265299631,17
1265300288,23
1265306963,17
1265336929,11
1265340208,25
1265345247,42
1265347911,121
1265351140,13
1265355600,23
1265358918,17
1265366583,36
1265366905,33
1265372116,17
1265380989,193
1265381448,12
1265390757,29
1265394997,15
1265406948,38
1265408665,79
1265410918,18
1265413617,170
1265422646,11
1265441951,18
1265442909,12
1265446242,49
1265454162,28
1265458126,111
1265459672,12
1265476791,83
1265478249,40
1265494008,35
1265513304,176
1265549794,35
1265552536,14
1265555134,50
1265567769,17
1265583422,19
1265594654,30
1265600028,23
1265603499,42
1265610112,19
1265617033,486
1265617292,414
1265620021,248
1265623659,14
1265629109,69
1265629271,18
1265640275,36
1265640685,23
1265641153,97
1265646959,12
1265649420,34
1265650482,56
1265654867,1214
1265655524,12
1265659832,53
1265662960,178
1265675383,14
1265683445,49
1265685978,13
1265695368,20
1265695680,18
1265703051,29
1265726242,17
1265726822,13
1265733673,16
1265735397,11
1265742513,259
1265744392,44
1265752395,42
1265752712,31
1265767849,11
1265768013,49
1265768300,36
1265768701,24
1265772310,11
1265774025,583
1265789540,12
1265794277,34
1265794381,20
1265796764,22
1265803168,28
1265804183,34
1265821429,45
1265826291,15
1265832843,122
1265832968,33
1265834793,10
1265843504,15
1265846354,16
1265847669,17
1265853198,611
1265862055,11
1265864287,12
1265865407,79
1265879849,48
1265890989,57
1265896849,18
1265902239,18
1265908792,17
1265908861,289
1265911625,39
1265912071,13
1265932691,36
1265939134,83
1265941363,67
1265942254,23
1265946810,33
1265947881,445
1265948491,229
1265949807,12
1265954180,11
1265958257,36
1265958906,30
1265971949,37
1265972336,14
1265976488,110
1265987986,115
1265994178,25
1266004872,187
1266008323,29
1266009367,949
1266014461,65
1266014997,14
1266020574,71
1266030785,118
1266036898,15
1266037990,420
1266067414,204
1266068908,5
1266075015,35
1266076577,19
1266079353,24
1266080079,29
1266094931,32
1266097798,54
1266105075,15
1266107778,28
1266108902,17
1266113070,1853
1266123542,36
1266125334,3155
1266138495,209
1266146028,189
1266151452,89
1266152452,170
1266155997,323
1266166969,24
1266168156,22
1266173329,20
1266177587,110
1266182461,52
1266183832,23
1266193115,59
1266197764,81
1266201499,22
1266217708,19
1266218243,105
1266219046,48
1266246431,17
1266247085,218
1266255540,23
1266261363,12
1266263075,84
1266264841,14
1266267072,163
1266270458,21
1266275254,20
1266275329,15
1266283205,67
1266290680,91
1266293233,76
1266296455,51
1266304094,52
1266305677,53
1266307899,12
1266313328,464
1266318994,15
1266321081,58
1266333761,32
1266345305,42
1266352518,14
1266362977,18
1266368115,13
1266381087,11
1266395583,12
1266401430,11
1266419325,17
1266423377,16
1266424270,26
1266430207,20
1266436077,13
1266436116,11
1266437081,17
1266438067,37
1266440942,11
1266450666,81
1266454367,154
1266456576,12
1266457355,13
1266457957,22
1266458733,82
1266461783,52
1266463689,2631
1266468011,15
1266480247,32
1266483577,11
1266497775,101
1266505535,12
1266506220,11
1266523269,34
1266529660,111
1266530655,14
1266531956,19
1266539703,45
1266545941,14
1266546849,24
1266560001,677
1266580006,12
1266585104,35
1266590423,34
1266592247,122
1266593507,29
1266608079,39
1266611505,262
1266625409,239
1266634415,37
1266640182,78
1266642244,79
1266654184,12
1266665369,61
1266668632,44
1266670693,19
1266681147,118
1266683229,29
1266693943,13
1266695553,3911
1266705384,49
1266714706,13
1266719940,32
1266729582,28
1266739973,12
1266743317,36
1266746400,17
1266753238,32
1266760430,129
1266761189,24
1266762935,20
1266770885,11
1266772424,11
1266775877,65
1266776491,30
1266778001,85
1266782242,17
1266785962,98
1266790372,225
1266795001,20
1266796019,46
1266797999,130434
1266799249,27
1266802954,140
1266805842,67
1266808913,547
1266820242,20
1266824049,12
1266827888,12
1266831814,27
1266832724,15
1266839845,14
1266843215,183
1266844941,13
1266849821,39
1266850827,98
1266851101,11
1266853656,19
1266858242,208
1266858928,19
1266864281,16
1266878159,18
1266880481,26
1266882364,13
1266884317,4901
1266886046,28
1266892708,18
1266896323,20
1266898778,30
1266901413,162
1266904606,15
1266907450,33
1266907948,11
1266909505,443
1266923310,2167
1266925060,9
1266929218,14
1266933346,20
1266936628,12
1266936773,32
1266944077,45
1266944346,11
1266947843,164
1266951007,43
1266955308,13
1266966338,19
1266973328,47
1266974941,25
1266977227,377
1266992634,24
1266996737,38
1267009695,17
1267009899,15
1267012844,16
1267014036,13
1267017585,45
1267017690,29
1267028123,300
1267029128,21
1267030790,25
1267040436,18
1267046936,326
1267052097,33
1267058532,41
1267072080,49
1267072834,26
1267077321,80
1267078448,540
1267078922,43
1267080179,20
1267083417,107
1267084166,97
1267090854,39
1267099925,58
1267101716,12
1267106080,221
1267118279,13
1267128082,27
1267132878,18
1267144335,17
1267145484,3933
1267148249,96
1267148586,75
1267150356,17
1267150781,18
1267154008,15
1267166322,15
1267167585,25
1267173419,25
1267178198,44
1267180193,14
1267182294,78
1267187136,67
1267188301,17
1267202750,319
1267206817,17
1267213347,23
1267216518,82
1267217182,32
1267220319,12
1267223777,40
1267239286,508
1267244789,17
1267248648,339
1267248700,59
1267252704,12
1267254468,70
1267270491,13
1267276935,13
1267282504,14
1267298105,38
1267298120,11
1267304221,65
1267309954,95
1267312772,12
1267314128,3688
1267319628,18
1267338478,30
1267344807,38
1267357812,11
1267360768,30
1267361485,70
1267365780,32
1267373650,27
1267377090,18
1267377766,31
1267389846,11
1267403310,15
1267418242,31
1267423357,419
1267428350,16
1267429913,13
1267435922,14
1267439901,260
1267440487,78
1267442156,11
1267442907,3115
1267449244,11
1267450139,205
1267455254,642
1267462292,73
1267462567,13
1267463135,15
1267478123,20
1267478667,28
1267489981,29
1267507562,24
1267509865,14
1267512077,14
1267515210,34
1267521793,370
1267532788,14
1267533614,26
1267545742,27
1267555704,150
1267562469,15
1267562753,83
1267567867,19
1267578193,15
1267588585,98
1267600247,47
1267606837,115
1267616623,35
1267625134,198
1267637633,11
1267640232,12
1267646326,42
1267646599,12
1267661626,53
1267662028,40
1267668301,11
1267683663,12
1267704664,64
1267714460,23
1267719513,17
1267720524,21
1267720559,33
1267720676,21
1267727027,47
1267734925,70
1267746149,32
1267750281,51
1267781357,13
1267787384,20
1267787802,15
1267790126,18
1267797347,1041
1267812693,69
1267822597,12
1267827423,13
1267834136,45
1267848511,15
1267857912,21
1267889604,23
1267895449,37
1267899050,487
1267903052,23
1267906132,67
1267909940,28
1267926509,19
1267927082,26
1267930758,25
1267931387,555
1267931785,14
1267935053,10
1267944239,11
1267944654,28
1267945395,14
1267950292,20
1267950499,127
1267950642,19
1267961072,180
1267962106,34
1267972630,140
1267976178,30
1267976639,38
1267982346,724
1268020132,13
1268021255,144
1268021332,94
1268021824,18
1268025800,158
1268031240,17
1268045022,16
1268051861,83
1268057341,12
1268065859,18
1268068714,856
1268072868,102
1268075935,27
1268090860,185
1268095849,14
1268096201,360
1268097411,28
1268100973,25
1268111504,17
1268119910,30
1268123137,16
1268128556,23
1268145375,14
1268146725,20
1268147774,11
1268155691,18
1268160811,68
1268173217,19
1268173783,11
1268176994,38
1268180661,15
1268215445,13
1268217254,566
1268218773,21
1268223330,21
1268228289,114
1268229382,28
1268235796,122
1268241706,117
1268243176,75
1268244339,34
1268252819,44
1268254997,25
1268256719,22
1268259442,33
1268260801,17
1268261820,28
1268267248,56
1268273877,364
1268282048,11
1268284228,68
1268285891,33
1268297030,12
1268298108,14
1268302580,56
1268304499,24
1268305959,45
1268306885,16
1268307016,48
1268316117,75
1268320248,13
1268321546,160
1268326291,14
1268327597,31
1268338780,189
1268339291,11
1268346928,31
1268364062,35
1268366562,22
1268369209,36
1268376366,47
1268377717,12
1268378017,71
1268380621,12
1268384113,27
1268386632,14
1268387367,1
1268391007,13
1268404512,52
1268405286,20
1268406038,15
1268408332,79
1268421611,37
1268424426,187
1268425637,24
1268428452,16
1268432027,1
1268444761,264
1268457437,27
1268457645,13
1268462466,11
1268462870,16
1268473439,106
1268474534,33
1268484853,139
1268486256,18
1268494008,103
1268505810,38
1268515356,14
1268517555,13
1268523178,65
1268529281,23
1268530428,16
1268537589,64
1268539305,613
1268540986,25
1268544206,68
1268549091,42
1268581486,22
1268587146,73
1268591043,65
1268596025,30
1268617925,76
1268620423,29
1268630414,56
1268630774,19
1268654983,13
1268656356,83
1268661539,18
1268664934,29
1268667810,64
1268672542,17
1268677373,41
1268678092,21
1268708084,329
1268720033,10
1268727777,15
1268729667,18
1268740212,6
1268741294,55
1268748148,12
1268765496,34
1268770925,16
1268774372,471
1268794733,325
1268804183,77
1268807064,33
1268807806,171
1268808203,147
1268810268,58
1268824522,14
1268827480,29
1268830527,170
1268836911,11
1268844190,104
1268844364,100
1268845710,21
1268846699,20
1268846873,16
1268858784,20
1268862613,29
1268869032,31
1268875649,15
1268878256,44
1268892689,32
1268895491,1799
1268896031,11
1268896186,14
1268903356,560
1268906765,76
1268907748,11
1268928622,36
1268930297,87
1268932733,16
1268939819,32
1268941272,24
1268946099,13
1268946118,895
1268958229,65
1268963701,26
1268966319,17
1268972487,21
1268972829,13
1268973671,12
1268974189,11
1268977356,17
1268979227,31
1268985285,17
1268989271,11
1268993278,22
1268993344,11
1269005241,196
1269006706,18
1269010756,69
1269020094,47
1269022523,19
1269023104,14
1269029221,53
1269032936,21
1269049395,20
1269050856,503
1269057665,18
1269059109,32
1269086623,14
1269099967,165
1269100267,73
1269104023,13
1269107814,55
1269122407,189
1269122597,13
1269124956,1768
1269129148,15
1269132133,68
1269137789,26
1269151536,15
1269151566,375
1269153676,15
1269165011,123
1269179412,10
1269183188,11
1269197140,20
1269200759,11
1269208043,204
1269209167,14
1269210627,17
1269223576,12
1269228279,25
1269229845,438
1269238642,44
1269257700,1237
1269258933,21
1269261013,118
1269263114,17
1269266325,146
1269273642,38
1269277076,30
1269296186,11
1269300580,41
1269301416,56
1269305481,33
1269308901,28
1269308923,228
1269316020,34
1269317272,16
1269320827,82
1269322853,12
1269323448,12
1269335663,31
1269337275,59
1269356920,14
1269359249,34
1269391765,22
1269395331,4521
1269397720,17
1269402869,259
1269413789,12
1269427595,13
1269430114,12
1269436738,37
1269448154,12
1269454372,75
1269464080,21
1269478615,102
1269481044,11
1269491088,81
1269497012,18
1269498525,34
1269509505,16
1269513219,16
1269513884,24
1269518652,30
1269521952,101
1269534849,42
1269535242,18
1269535454,19
1269538790,14
1269544321,15
1269563679,385
1269576216,11
1269579327,19
1269585871,12
1269596073,22
1269603321,68
1269605251,21
1269607964,15
1269608035,14
1269622457,119
1269636659,12
1269641096,16
1269651669,18
1269654289,12
1269661723,389
1269665456,13
1269672979,8
1269676154,12
1269682523,16
1269685084,50
1269685946,32
1269692569,43
1269699648,28
1269704533,41
1269704985,19
1269705487,141
1269705763,11
1269711675,17
1269712221,65
1269712792,24
1269717058,39
1269726690,19
1269731710,207
1269742116,14
1269742942,23
1269761117,5
1269761412,37
1269764931,13
1269764950,20
1269772976,84
1269773027,17
1269773493,469
1269794052,51
1269795544,33
1269796292,15
1269796643,113
1269797017,25
1269798156,18
1269807645,207
1269811254,12
1269812178,78
1269830694,87
1269840257,124
1269850088,83
1269851180,129
1269858379,54
1269860633,27
1269879098,14
1269891133,50
1269893474,53
1269893717,99
1269895056,31
1269898828,53
1269899136,88
1269900226,50
1269903646,51
1269904726,57
1269904936,51
1269907862,89
1269908181,70
1269908217,89
1269909458,23
1269909482,28
1269910083,17
1269921100,88
1269924345,11
1269930651,409
1269931032,13
1269942268,30
1269954733,33
1269957268,20
1269957437,14
1269963508,27
1269969239,18
1269972053,12
1269974484,52
1269979871,119
1269985986,76
1269998378,80
1270000366,59
1270003572,11
1270004247,24
1270012613,30
1270026896,15
1270027424,37
1270028045,36
1270030551,37
1270031391,208
1270040330,19
1270048721,43
1270059391,12
1270062694,50
1270066109,45
1270083345,15
1270088902,163
1270094853,114
1270096568,18
1270102475,24
1270102733,11
1270103958,17
1270108133,126
1270111515,24
1270112941,41
1270113847,111
1270117218,20
1270118026,84
1270118408,17
1270123573,16
1270124813,60
1270128259,156
1270140510,33
1270142210,93
1270146800,56
1270152181,69
1270153043,59
1270154954,27
1270166508,11
1270167990,24
1270169087,82
1270172711,46
1270173407,23
1270180210,26
1270184478,12
1270184812,18
1270186926,40
1270187094,375
1270197597,20
1270198684,299
1270203332,22
1270211498,37
1270212749,65
1270220481,14
1270236264,31
1270236733,156
1270236820,11
1270237967,19
1270238490,11
1270244429,370
1270247558,18
1270257672,16
1270263072,12
1270263798,43
1270272670,1393
1270272683,104
1270278702,13
1270281105,28
1270305651,36
1270311793,14
1270317534,20
1270318542,19
1270319627,30
1270319876,34
1270324476,26
1270330893,41
1270335342,12
1270335537,36
1270337939,32
1270347090,36
1270347637,96
1270349001,18
1270350192,63
1270353108,11
1270359331,19
1270376159,22
1270386613,30
1270404590,19
1270418354,28
1270436690,35
1270450973,12
1270452141,81
1270460555,21
1270463364,13
1270463426,18
1270467991,15
1270468007,29
1270479467,16
1270483699,14
1270484383,133
1270496550,558
1270509498,37
1270509963,15
1270519493,141
1270526561,13
1270527799,12
1270530485,18
1270535333,25
1270541126,12
1270544596,27
1270552867,30
1270559321,633
1270564245,13
1270564595,34
1270566770,158
1270568813,118
1270572078,23
1270575067,39
1270576590,538
1270577393,14
1270581909,15
1270586785,19
1270587915,449
1270593506,22
1270606117,15
1270639637,16
1270650562,19
1270650592,19
1270652457,17
1270654341,14
1270658081,25
1270661532,375
1270662452,22
1270664730,25
1270665247,12
1270670825,54
1270685284,11
1270706314,348
1270716345,16
1270727384,11
1270735113,50
1270743726,27
1270745915,12
1270754807,16
1270774188,16
1270775324,43
1270776668,13
1270782426,23
1270784327,23
1270787191,259
1270792738,15
1270794083,27
1270799590,24
1270807583,13
1270812122,121
1270812624,571
1270814918,159
1270817407,82
1270821261,72
1270823576,43
1270825267,17
1270826520,21
1270841510,13
1270842103,57
1270847012,146
1270861544,12
1270885645,12
1270885892,23
1270895778,34
1270895993,18
1270897577,23
1270897615,20
1270902730,21
1270928799,16
1270932665,40
1270935022,19
1270939570,57
1270941393,178
1270942565,22
1270943597,34
1270949711,27
1270951308,12
1270953767,14
1270958539,39
1270969099,11
1270973004,32
1270976337,13
1270978050,19
1270983350,485
1270984756,238
1270985920,8
1270993620,56
1270995833,45
1271006086,14
1271007640,14
1271008243,209
1271014683,11
1271016135,143
1271020715,19
1271020926,27
1271029803,54
1271029976,74
1271033656,17
1271035445,11
1271036184,29
1271041937,14
1271058140,19
1271060545,12
1271063452,157
1271074936,141
1271076630,41
1271088386,25
1271092274,13
1271093776,26
1271096888,15
1271107543,14
1271113810,4997
1271125689,63
1271151089,198
1271153363,24
1271159623,116
1271174023,50
1271177245,19
1271179812,87
1271186753,144
1271193598,26
1271197200,56
1271199377,42
1271203484,85
1271209041,13
1271231125,12
1271237172,12
1271245542,14
1271259982,22
1271263310,10
1271267166,216
1271268769,14
1271270944,70
1271273008,146
1271274665,27
1271282024,17
1271286007,13
1271291502,12
1271294554,13
1271297528,53
1271304238,88
1271314492,17
1271314891,502
1271318343,134
1271323125,983
1271332588,14
1271335719,92
1271341656,22
1271351851,24
1271355875,19
1271364651,84
1271368582,169
1271372403,188
1271376695,89
1271378942,19
1271379258,143
1271380517,14
1271382286,33
1271385222,34
1271391719,12
1271394035,43
1271398876,72
1271399089,22
1271400466,87
1271404132,19
1271420288,36
1271420977,16
1271422457,22
1271422620,11
1271424358,22
1271430067,11
1271435898,2
1271437886,50
1271448649,54
1271450465,14
1271455778,19
1271457758,98
1271459708,23
1271470955,18
1271476200,17
1271484634,24
1271492923,11
1271520816,13
1271535978,73
1271540239,16
1271547037,12
1271548133,69
1271570982,11
1271574062,13
1271581989,39
1271585213,19
1271626710,21
1271627791,1864
1271630464,29
1271639578,55
1271646025,68
1271659862,34
1271669507,28
1271670316,47
1271687319,56
1271709279,15
1271711372,43
1271712722,28
1271717980,35
1271725588,25
1271730027,32
1271730307,13
1271733827,13
1271744960,110
1271751851,185
1271763503,125
1271765742,22
1271770751,36
1271778933,145
1271779636,21
1271785712,80
1271793908,35
1271798363,50
1271812884,19
1271829077,25
1271830762,14
1271832502,16
1271834471,21
1271836518,245
1271837463,14
1271851102,15
1271861642,107
1271880068,12
1271892689,412
1271894214,583
1271897760,42
1271898598,26
1271899250,55
1271904851,27
1271908885,15
1271910930,11
1271912252,46
1271923086,41
1271928601,15
1271940155,34
1271944074,21
1271948043,57
1271951093,88
1271951742,17
1271954774,140
1271954866,43
1271963632,40
1271963966,78
1271988435,13
1271993416,518
1271995946,86
1272004366,95
1272008570,23
1272009330,49
1272012407,13
1272024618,27
1272031254,224
1272032218,15
1272035915,20
1272036423,24
1272043772,27
1272060580,14
1272062596,39
1272066715,27
1272067033,130
1272068425,65
1272069487,11
1272070832,19
1272072826,36
1272076570,96
1272090879,29
1272098945,19
1272105565,20
1272107021,45
1272111651,139
1272114571,145
1272116617,87
1272117564,133
1272136562,23
1272139132,28
1272144017,28
1272147124,23
1272151400,179
1272154998,456
1272157495,67
1272162595,448
1272167701,37
1272168991,13
1272178757,21
1272190228,101
1272194482,21
1272199139,28
1272209005,12
1272211920,12
1272212084,53
1272216190,22
1272222798,45
1272223066,12
1272230296,41
1272237085,20
1272239121,28
1272243674,118
1272251780,26
1272256998,68
1272272492,22
1272273607,39
1272278054,19
1272289747,30
1272292267,26
1272294107,89
1272295916,82
1272300172,17
1272306281,385
1272308668,20
1272310004,13
1272327342,15
1272329397,12
1272329661,50
1272335256,19
1272352853,16
1272353680,38
1272361049,44
1272363594,12
1272372441,28
1272374498,229
1272375576,96
1272386554,12
1272390008,16
1272392110,12
1272394355,17
1272394364,17
1272394474,33
1272395609,9
1272402042,130
1272408187,140
1272408209,12
1272415285,25
1272417086,119
1272418588,62
1272428065,12
1272429683,11
1272430339,26
1272432833,12
1272443375,108
1272451079,20
1272463265,24
1272480305,22
1272481334,41
1272481811,47
1272484811,29
1272487463,638
1272488455,77
1272497475,11
1272498799,72
1272507264,44
1272508647,78
1272521786,47
1272525441,16
1272529106,22
1272529524,31
1272534312,13
1272536927,16
1272554778,39
1272557298,14
1272558393,34
1272564262,17
1272565581,80
1272573107,145
1272574333,78
1272585317,61
1272596900,21
1272618533,17
1272637435,36
1272647768,18
1272673683,37
1272677604,15
1272678676,22
1272687783,14
1272691690,110
1272699504,69
1272701607,30
1272706111,50
1272708842,15
1272710409,114
1272710943,14
1272753759,24
1272758718,13
1272763042,88
1272764562,11
1272767487,20
1272776005,17
1272782661,13
1272788310,25
1272788559,109
1272806533,106
1272808986,15
1272822699,16
1272833484,13
1272839788,63
1272840358,98
1272851010,16
1272861960,29
1272869340,16
1272875395,57
1272887430,207
1272927396,16
1272941538,25
1272950786,35
1272968536,119
1272986728,15
1272987676,21
1272990999,11
1272996531,20
1273016975,63
1273018804,40
1273032277,23
1273038969,40
1273038999,534
1273054934,752
1273058241,126
1273059507,155
1273065968,66
1273073914,27
1273080329,435
1273087967,28
1273092463,14
1273093466,38
1273105169,16
1273116225,100
1273117744,18
1273121905,12
1273123916,166
1273136102,16
1273150184,13
1273151023,13
1273153152,24
1273158972,151
1273168529,26
1273198218,20
1273207855,19
1273226668,133
1273234375,130
1273235470,21
1273236370,298
1273241958,20
1273244170,47
1273259051,12
1273261870,18
1273262639,20
1273264754,11
1273267557,27
1273269588,12
1273290231,237
1273316605,18
1273319739,14
1273324178,296
1273325705,17
1273350371,12
1273354626,20
1273360197,23
1273366252,27
1273379460,846
1273390282,37
1273390455,32
1273404749,19
1273408927,53
1273413368,14
1273427276,3240
1273445261,15
1273449064,52
1273455251,11
1273461545,19
1273468795,23
1273480337,41
1273513023,27
1273517404,14
1273536495,40
1273552420,12
1273558528,691
1273560464,37
1273565575,202
1273580359,872
1273580682,15
1273590574,12
1273596763,19
1273622478,78
1273630366,12
1273641903,15
1273643869,51
1273663589,11
1273664895,107
1273665431,25
1273666576,33
1273674103,25
1273677991,43
1273686456,12
1273690766,19
1273702114,35
1273705510,99
1273707469,711
1273721854,26
1273724034,13
1273725939,13
1273742979,63
1273747165,32
1273750352,12
1273768116,231
1273768194,105
1273809867,13
1273811777,19
1273814630,36
1273819492,21
1273822664,141
1273822835,18
1273823886,38
1273824143,328
1273824907,13762
1273830468,33
1273830568,18
1273859296,123
1273866610,21
1273870399,103
1273874402,11
1273876922,17
1273887301,315
1273894022,86
1273902369,24
1273905245,57
1273907635,11
1273908520,15
1273910052,1078
1273921075,107
1273945470,33
1273946285,12
1273947285,18
1273951058,46
1273969283,16
1273983782,14
1273991348,19
1274006859,11
1274021598,13
1274027793,19
1274028827,23
1274034089,64
1274046250,12
1274065060,11
1274065715,42
1274066973,12
1274067670,445
1274068447,11
1274069548,48
1274072121,15
1274073109,24
1274085318,11
1274085987,30
1274091897,34
1274096236,56
1274106865,46
1274107935,218
1274109794,56
1274110623,24
1274115689,33
1274116177,29
1274128923,33
1274130362,15
1274143915,11
1274162448,584
1274162776,25
1274165943,34
1274177139,686
1274179498,29
1274186056,23
1274187550,15
1274191784,82
1274194803,58
1274196244,14
1274206238,14
1274209386,42
1274218871,15
1274224909,11
1274244010,16
1274252889,9
1274262885,241
1274272400,72
1274282386,58
1274283930,11
1274286443,41
1274290610,17
1274323575,122
1274327218,285
1274333693,16
1274347782,11
1274347870,12
1274352475,12
1274353213,31
1274353224,13
1274359178,11
1274373874,15
1274377670,364
1274377976,21
1274379274,32
1274388991,213
1274395005,38
1274399536,1233
1274410217,45
1274417136,13
1274422150,21
1274427424,11
1274444915,12
1274452075,368
1274466455,28
1274474589,27
1274475076,54
1274477411,16
1274482878,14
1274485547,74
1274485766,17
1274487235,49
1274491393,36
1274504017,11
1274504257,17
1274509298,56
1274518711,29
1274526198,133
1274530343,27
1274534327,11
1274548517,182
1274550171,12
1274551031,378
1274566622,30
1274572099,33
1274574043,188
1274591734,12
1274600688,309
1274618325,39
1274625247,14
1274625443,14
1274630894,75
1274645705,13
1274647710,11
1274659405,26
1274666296,13
1274671628,42
1274674701,30
1274678743,24
1274683034,70
1274684138,12
1274689099,22
1274690333,31
1274708755,791
1274722544,17
1274722784,17
1274723381,40
1274734576,34
1274751552,11
1274755774,74
1274781008,16
1274782065,34
1274792587,67
1274794325,14
1274797292,20
1274802650,15
1274814658,12
1274822133,740
1274836410,23
1274840455,13
1274848749,160
1274890313,25
1274904822,12
1274910871,31
1274912120,309
1274921085,20
1274927132,22
1274927923,120
1274942644,29
1274947140,17
1274950277,1553
1274956474,27
1274957322,19
1274957825,154
1274959346,21
1274963086,94
1274966563,32
1274976225,14
1274978097,158
1274989973,183
1274991593,40
1275001555,12
1275003861,48
1275012508,16
1275023165,12
1275025253,24
1275044490,40
1275059220,16
1275060098,33
1275065456,16
1275069084,173
1275070381,18
1275073263,17
1275075651,215
1275076041,315
1275076664,58
1275077335,23
1275102300,22
1275102452,43
1275130055,237
1275131245,22
1275139588,11
1275140990,28
1275145666,33
1275152793,945
1275161859,37
1275162193,37
1275168166,14
1275173343,18
1275175186,540
1275177106,12
1275182720,58
1275184152,83
1275189541,33
1275191614,18
1275198423,16
1275199411,536
1275201476,106
1275207060,17
1275208894,19
1275218737,43
1275232100,114
1275237798,18
1275239081,12
1275239491,50
1275243370,19
1275248251,11
1275252612,16
1275257255,92
1275268652,1427
1275300007,27
1275300693,11
1275302422,13
1275314173,11
1275326618,30
1275328113,247
1275328860,18
1275334546,14
1275338283,18
1275353433,53
1275356304,8
1275360962,11
1275362861,60
1275365955,45
1275367824,18
1275373382,55
1275375546,26
1275378979,1154
1275382167,31
1275396650,11
1275398700,39
1275399788,20
1275406931,21
1275408975,27
1275409602,48
1275409857,16
1275426982,35
1275435960,16
1275436512,678
1275438802,16
1275439887,17
1275441117,23
1275443832,66
1275463264,229
1275464621,336
1275474507,16
1275476039,277
1275481590,11
1275484321,20
1275485578,123
1275487759,25
1275490006,61
1275490256,1
1275502743,10
1275508434,241
1275516320,10
1275529781,21
1275534185,45
1275540111,19
1275545374,69
1275548357,212
1275551473,67
1275552545,23
1275555163,12
1275555255,23
1275560536,328
1275572887,20
1275580348,65
1275608780,20
1275613946,18
1275614372,47
1275616384,31
1275620871,6
1275627632,14
1275631990,15
1275637608,120
1275642440,95
1275645005,14
1275648114,12
1275653543,1395
1275661316,25
1275666044,49
1275667403,114
1275688260,24
1275692189,40
1275702441,23
1275702472,18
1275703289,12
1275717406,37
1275718468,397
1275719173,14
1275721604,23
1275730750,1451
1275740059,21
1275742035,18
1275746690,101
1275750805,13
1275750847,33
1275751077,18
1275752001,31
1275753414,52
1275759716,33
1275770420,17
1275771493,41
1275771523,18
1275771636,20
1275773301,132
1275774513,24
1275776288,146
1275780695,22
1275781569,454
1275784257,20
1275791557,38
1275792599,11
1275798277,11
1275800019,14
1275801647,227
1275802499,144
1275806147,2022
1275809133,11
1275810331,25
1275816023,11
1275818342,13
1275835912,14
1275847986,16
1275849132,52
1275850323,142
1275851291,20
1275859075,12
1275862312,47
1275862425,48
1275862520,33
1275873724,282
1275888604,20
1275895436,15
1275919553,22
1275930411,37
1275932091,24
1275937112,13
1275940471,33
1275941970,19
1275953456,29
1275961086,128
1275964022,326
1275968866,83
1275976049,12
1275976765,13
1275991516,75
1275998498,419
1276001351,104
1276003841,16
1276008331,12
1276015535,11
1276018440,147
1276024553,36
1276031429,90
1276039558,15
1276042293,20
1276053763,28
1276059304,37
1276077286,15
1276078615,16
1276083194,25
1276083628,54
1276088288,13
1276099689,102
1276107518,61
1276108103,75
1276112276,20
1276123063,129
1276123512,19
1276126258,15
1276132557,21
1276135867,143
1276151370,11
1276164270,13
1276173422,12
1276174879,24
1276192674,88
1276192981,28
1276201542,10
1276204083,14
1276208459,16
1276223472,21
1276236504,20
1276236933,679
1276238183,576
1276239073,12
1276242781,13
1276251860,11
1276252042,11
1276255085,15
1276264171,25
1276271904,11
1276273805,35
1276275753,16
1276278055,64
1276278953,17
1276280076,13
1276283874,12
1276285633,65
1276296530,116
1276299637,73
1276305787,122
1276309507,23
1276313599,43
1276315818,17
1276320499,11
1276341793,22
1276352451,23
1276368237,441
1276373569,14
1276376062,23
1276377419,10
1276379563,25
1276390991,13
1276391102,102
1276404683,16
1276405439,19
1276405554,12
1276406549,32
1276411484,14
1276411563,59
1276415631,15
1276417315,11
1276425709,10
1276437202,35
1276438142,39
1276447323,19
1276448889,79
1276448941,7
1276457096,2
1276459546,13
1276461266,251
1276469439,92
1276480305,44
1276486859,19
1276487550,27
1276487624,18
1276488493,21
1276492532,96
1276496267,50
1276497933,2
1276498033,101
1276510682,63
1276517176,254
1276521542,59
1276527666,974
1276541052,99
1276541290,19
1276541312,32
1276546290,34
1276548713,20
1276549659,94
1276562838,258
1276568000,23
1276578580,24
1276593455,11
1276594089,90
1276595002,408
1276605322,38
1276607131,99
1276614392,12
1276616663,22
1276627552,107
1276628959,23
1276630793,15
1276631768,26
1276634402,30
1276641245,223
1276645556,17
1276665883,1837
1276667029,87
1276671725,100
1276675503,85
1276679162,13
1276679693,11
1276682306,25
1276682613,19
1276683938,95
1276684296,15
1276689592,314
1276696490,321
1276700568,26
1276711748,13
1276718530,11
1276737247,32
1276739924,16
1276740847,17
1276747866,56
1276752077,219
1276755627,21
1276755713,31
1276758823,14
1276764289,11
1276770371,21
1276773725,14
1276776945,27
1276791347,11
1276795737,28
1276798831,29
1276809046,179
1276810210,209
1276812919,153
1276819713,98
1276828003,11
1276847779,22
1276853390,12
1276853525,769
1276855113,12
1276859161,79
1276859360,34
1276860951,13
1276861983,16
1276862650,26
1276868904,16
1276874027,47
1276876288,22
1276885966,457
1276888344,12
1276919083,68
1276930142,47
1276940779,421
1276944225,20
1276950198,110
1276958558,92
1276962100,17
1276966391,795
1276977095,12
1276978035,13
1276983707,37
1276999782,513
1277004822,993
1277007031,21
1277008800,13
1277011316,218
1277011740,39
1277016823,16
1277020166,55
1277026242,24
1277036183,27
1277040638,24
1277048300,36
1277054380,315
1277058567,244
1277063342,28
1277066407,22
1277070400,19
1277072583,45
1277079211,85
1277079624,211
1277097844,102
1277124338,19
1277124966,23
1277131490,21
1277138198,142
1277165741,66
1277169394,188
1277203643,11
1277208602,168
1277214686,18
1277225273,16
1277253616,11
1277265216,15
1277269587,16
1277282352,18
1277284594,85
1277286522,759
1277291595,19
1277293249,58
1277301155,11
1277335948,29
1277377323,40
1277389693,149
1277391537,27
1277393667,13
1277405426,821
1277425281,12
1277425617,18
1277432663,16
1277434798,37
1277439100,21
1277442050,97
1277445082,12
1277446916,12
1277451814,96
1277453821,66
1277455152,13
1277459047,13
1277470372,18
1277476916,112
1277477208,16194
1277479867,50
1277487031,59
1277488771,76
1277491008,73
1277494856,13
1277495137,19
1277498503,21
1277499908,61
1277510172,552
1277510760,15
1277515654,12
1277520329,15
1277539708,15
1277540420,13
1277541374,11
1277544698,447
1277560144,17
1277561099,324
1277571999,14
1277572326,1025
1277578751,69
1277579877,31
1277585787,39
1277588122,30
1277590623,114
1277600433,12
1277603748,28
1277610497,23
1277614585,491
1277623916,37
1277637600,104
1277646668,13
1277662921,15
1277670480,11
1277671229,25
1277684919,56
1277685376,11
1277690020,23
1277693854,40
1277694349,14
1277696037,460
1277714741,65
1277715563,884
1277719566,19
1277737044,24
1277750729,40
1277755058,38
1277769453,30
1277771911,114
1277774590,16
1277791233,20
1277795285,51
1277796956,23
1277797277,29
1277797619,80
1277798763,83
1277807615,14
1277814981,11
1277825694,12
1277833095,97
1277836854,30
1277842157,44
1277847449,11
1277847672,17
1277853749,16
1277854808,20
1277858718,13
1277868994,38
1277870870,19
1277872938,18
1277880177,34
1277887325,38
1277888947,44
1277893717,32
1277911581,21
1277918666,371
1277926656,20
1277933603,188
1277934977,102
1277936455,61
1277944206,22
1277944593,9
1277946689,41
1277957002,15
1277961348,11
1277972001,11
1277989920,58
1277991010,24
1278000763,12
1278003221,24
1278005100,20
1278013162,12
1278014713,6
1278019716,11
1278020293,11
1278021888,80
1278022559,89
1278024385,11
1278025342,38
1278025981,15
1278026821,67
1278033420,21
1278033467,981
1278040671,142
1278045237,176
1278047700,201
1278049086,16
1278055475,11
1278059883,11
1278066474,11
1278071262,434
1278073463,110
1278079983,45
1278081820,19
1278082400,389
1278092019,12
1278104920,37
1278105901,16
1278114076,15
1278120949,45
1278138352,17
1278157951,83
1278160330,100
1278196186,31
1278223986,191
1278229113,12
1278231268,26
1278243180,74
1278246083,16
1278253689,92
1278254044,35
1278265633,108
1278285302,11
1278287808,12
1278291700,17
1278293841,41
1278295496,12
1278312228,147
1278320942,180
1278322564,11
1278324639,28
1278327133,14
1278332553,16
1278332767,14
1278339298,19
1278344410,34
1278344979,75
1278366645,14
1278374245,17
1278376881,11
1278377646,20
1278381956,123
1278395255,177
1278404368,61
1278411775,18
1278435489,24
1278439253,111
1278457179,85
1278474208,41
1278474226,104
1278480039,21
1278492027,14
1278492137,24
1278516883,16
1278536566,550
1278547598,25
1278560693,39
1278568055,110
1278584694,264
1278587549,21
1278594969,25
1278597727,14
1278621812,136
1278624991,12
1278644903,12
1278644971,11
1278668528,1508
1278676884,411
1278680492,12
1278681031,21
1278710852,11
1278711372,19
1278714916,31
1278715940,7
1278717907,578
1278730680,14
1278734867,13
1278737636,42
1278748958,19
1278757502,544
1278776929,25
1278779353,37
1278798600,19
1278823978,80
1278828277,12
1278829954,133
1278838315,129
1278840500,15
1278845334,47
1278845749,28
1278854221,28
1278862001,11
1278862632,10
1278864291,13
1278865145,18
1278866093,11
1278866190,56
1278872653,46
1278873576,15
1278881844,131
1278889606,71
1278895912,75
1278901777,13
1278908912,34
1278913000,177
1278915262,75
1278915857,15
1278919646,54
1278924500,49
1278926400,1379
1278930365,25
1278930806,865
1278937895,61
1278940275,251
1278959735,22
1278964608,35
1278982238,150
1278993665,42
1278995063,12
1279018568,14
1279038949,11
1279049964,16
1279064655,24
1279085846,767
1279086651,14
1279093890,23
1279103174,24
1279109870,23
1279109984,17
1279113820,41
1279121101,16
1279133101,14
1279140437,48
1279145675,26
1279149268,26
1279159149,3974
1279160729,20
1279164234,239
1279164369,13
1279171235,28
1279180155,183
1279181033,23
1279184910,17
1279185910,12
1279187498,251
1279196617,13
1279199688,15
1279205412,27
1279216221,44
1279218207,16
1279225546,21
1279242507,13
1279253971,16
1279256466,21
1279275212,34
1279275226,21
1279280095,132
1279298346,39
1279299303,58
1279301508,36
1279319463,22
1279321158,12
1279325204,281
1279329809,12
1279343644,146
1279345508,13
1279360413,30
1279362723,151
1279365081,33
1279373995,14
1279380501,14
1279384488,22
1279402999,12
1279406675,27
1279414816,15
1279421241,23
1279423167,16
1279426975,303
1279435409,2398
1279437639,19
1279463850,12
1279468851,23
1279474229,66
1279480946,1246
1279489980,486
1279499470,50
1279508420,96
1279515197,46
1279519446,15
1279522547,54
1279525967,234
1279532837,539
1279540157,15
1279555835,52
1279561249,14
1279578393,45
1279580095,17
1279596088,18
1279604360,39
1279611658,18
1279617454,18
1279624703,73
1279625094,15
1279628779,29
1279654497,78
1279659344,2318
1279660735,304
1279680219,19
1279689423,11
1279706266,96
1279721212,28
1279722854,13
1279728487,13
1279731992,13
1279737208,14
1279737421,55
1279746134,11
1279760665,215
1279773754,13
1279781841,32
1279786142,14
1279787729,15
1279795528,19
1279795550,64
1279802440,12
1279803089,105
1279811464,103
1279815402,13
1279823679,13
1279825421,18
1279830753,41
1279834357,19
1279836172,15
1279846336,27
1279857804,11
1279886110,16
1279903025,12
1279918128,22
1279923114,23
1279932127,11
1279940806,65
1279946840,15
1279949713,13
1279994040,34
1279994443,13
1279994504,235
1280002781,19
1280019852,806
1280020029,12
1280026191,109
1280026567,12
1280027316,23
1280030529,48
1280038203,27
1280048408,20
1280050659,57
1280056986,14
1280069770,149
1280089735,17
1280092445,33
1280095430,24
1280097745,13
1280103264,21
1280115203,377
1280115630,38
1280128498,27
1280129499,852
1280129529,27
1280131943,11
1280147188,220
1280155659,123
1280156793,27
1280163607,11
1280181372,11
1280182204,41
1280202820,18
1280210616,89
1280215616,11
1280221360,108
1280231676,62
1280241714,27
1280257962,13
1280262851,17
1280270159,28
1280270225,31
1280270590,12
1280282164,12
1280282376,15
1280289116,42
1280290209,12
1280293058,15
1280296384,89
1280324412,13
1280330025,20
1280369733,18
1280379860,18
1280383510,18
1280392516,13
1280394773,162
1280396163,45
1280408203,16
1280419330,49
1280423622,13
1280434631,162
1280439591,517
1280458861,11
1280461698,13
1280465155,14
1280467793,31
1280469592,14
1280470795,19
1280479916,14
1280508992,142
1280523866,140
1280524151,19
1280536185,49
1280553461,39
1280557654,76
1280557740,38
1280559914,175
1280562970,96
1280567896,12
1280577596,140
1280579388,26
1280584236,11
1280589083,13
1280607135,18
1280607497,13
1280608186,82
1280610964,30
1280615153,63
1280620933,121
1280626586,22
1280641283,66
1280652237,28
1280655402,11
1280662085,12
1280664963,41
1280700348,7
1280702430,12
1280703037,125
1280718019,28
1280732127,149
1280760538,18
1280767222,18
1280769419,15
1280791354,185
1280793558,140
1280799166,11
1280804858,30
1280809609,282
1280810591,31
1280825877,178
1280833415,520
1280847472,287
1280858916,13
1280860414,28
1280863441,119
1280866254,0
1280869012,126
1280869399,201
1280871093,13
1280876752,13
1280885358,25
1280891560,18
1280896898,26
1280898919,18
1280899448,29
1280900448,19
1280903659,22
1280908538,11
1280909807,71
1280912404,36
1280913563,148
1280913878,60
1280927151,15
1280932746,54
1280934172,1162
1280951465,13
1280955914,727
1280967898,28
1280984042,645
1280990105,1314
1280998916,16
1281005910,320
1281005934,15
1281012091,12
1281019389,32
1281025418,38
1281030225,347
1281030454,32
1281032192,36
1281032298,28
1281054646,312
1281061133,14
1281066641,117
1281069074,34
1281071040,11
1281085540,16
1281085820,21
1281091382,522
1281094446,26
1281098289,13
1281099705,11
1281110750,137
1281120025,20
1281122559,13
1281123262,34
1281124139,12
1281132799,18
1281133904,17
1281135080,38
1281140983,193
1281142978,45
1281149586,14
1281154124,17
1281168411,268
1281171445,76
1281192852,11
1281195074,140
1281200786,81
1281203752,11
1281204616,34
1281220980,52
1281222801,21
1281230845,57
1281232928,93
1281235683,253
1281269179,15
1281269977,18
1281271303,48
1281285550,330
1281298965,16
1281315781,7084
1281320664,142
1281323943,11
1281328046,616
1281328458,12
1281328537,39
1281330782,197
1281337106,12
1281342434,46
1281358460,11
1281362103,161
1281364875,15
1281365033,17
1281365850,13
1281367277,76
1281376485,21
1281377338,30
1281378740,14
1281381884,208
1281383429,12
1281388338,11
1281400388,16
1281415855,11
1281420131,548
1281431415,68
1281436921,16
1281444378,11
1281445089,38
1281473904,175
1281481028,65
1281482961,103
1281483635,27
1281489228,80
1281489745,20
1281495756,1
1281514306,26
1281522736,11
1281525803,17
1281535322,27
1281540408,26
1281565975,12
1281574939,13
1281576906,70
1281582807,14
1281591173,11
1281591192,127
1281593724,69
1281612966,11
1281616740,15
1281622996,12
1281629949,18
1281632165,673
1281633872,245
1281635644,60
1281645560,21
1281650273,91
1281655995,12
1281666770,89
1281670519,80
1281674370,64
1281682555,1
1281688052,19
1281712143,17
1281755529,13
1281755623,12
1281769152,15
1281774250,26
1281785536,12
1281819568,189
1281831896,21
1281852693,15
1281862290,22
1281863041,48
1281865046,1063
1281865940,142
1281869415,16
1281873897,11
1281879940,29
1281880139,182
1281899169,41
1281901396,42
1281913298,62
1281918185,18
1281925464,25
1281954048,60
1281959383,15
1281963787,67
1281978113,34
1281981117,2
1282001233,60
1282011183,23
1282014269,24
1282014696,3
1282017359,243
1282025633,500
1282027238,358
1282030207,13
1282031701,33
1282040587,15
1282044252,11
1282045227,23
1282048314,29
1282049269,92
1282052467,13
1282052906,38
1282056346,31
1282058637,20
1282058825,93
1282063591,15
1282076425,31
1282080507,31
1282089882,11
1282102712,24
1282103176,347
1282106099,13
1282107840,30
1282107851,11
1282109891,19
1282110174,24
1282120686,35
1282125157,21
1282128957,110
1282132622,34
1282141848,24
1282151191,36
1282159515,20
1282159694,186
1282162553,62
1282171564,13
1282178367,15
1282195104,49
1282198847,442
1282203523,18
1282208637,17
1282225905,12
1282231488,60
1282233511,270
1282239707,11
1282246237,20
1282253922,20
1282265183,1568
1282269007,153
1282273176,42
1282277393,15
1282282026,21
1282294081,48
1282310951,310
1282324221,151
1282329734,13
1282335857,41
1282340577,213
1282341373,52
1282346681,16
1282350588,53
1282351393,16
1282360547,499
1282362391,524
1282364492,181
1282384355,90
1282385165,16
1282401255,17
1282418221,19
1282440237,12
1282459536,29
1282467677,188
1282469039,36
1282472011,11
1282474395,195
1282477586,151
1282489596,13
1282490647,32
1282499854,0
1282514037,118
1282539777,46
1282558300,13
1282572282,28
1282577775,42
1282588640,15
1282589931,46
1282597454,22
1282613745,7
1282634846,35
1282636938,344
1282650900,1823
1282653241,50
1282674908,16
1282675658,17
1282680810,4349
1282682864,26
1282694784,85
1282705108,725
1282711658,14
1282712646,21
1282729620,11
1282734569,36
1282748401,70
1282753323,24
1282754063,11
1282763835,17
1282766748,50
1282766814,40
1282771204,26
1282777609,156
1282782264,18
1282786458,26
1282787424,47
1282791912,14
1282792053,16
1282795086,35
1282797177,193
1282799832,63
1282809293,11
1282831444,12
1282835463,216
1282837627,28
1282838347,13
1282839359,19
1282845531,1037
1282858165,71
1282862525,28
1282882227,16
1282882352,16
1282906969,11
1282910754,261
1282916460,386
1282925790,131
1282928973,16
1282937931,21
1282938415,25
1282938682,21
1282950465,74
1282958467,34
1282961236,11
1282964765,12
1282967472,312
1282972498,44
1282978005,23
1282983086,167
1282984140,29
1282986613,11
1283006548,35
1283007956,855
1283008105,170
1283013981,30
1283015427,120
1283015444,117
1283015456,115
1283015458,125
1283019799,13
1283022577,38
1283043066,30
1283051151,128
1283059888,18
1283076208,11
1283085412,13
1283088493,11
1283118598,70
1283126461,150
1283126780,220
1283131709,17
1283133573,25
1283142725,33
1283143215,97
1283143764,28
1283151062,19
1283155270,11
1283158668,90
1283168492,57
1283176487,13
1283182898,53
1283183407,11
1283187727,14
1283208084,18
1283229321,17
1283231201,16
1283237512,52
1283252850,16
1283286182,15
1283296883,17
1283299226,128
1283300177,30
1283300865,12
1283301890,115
1283302652,115
1283302684,119
1283302820,117
1283302855,115
1283305043,116
1283308335,949
1283309332,116
1283309505,118
1283309991,116
1283310806,115
1283310807,115
1283311815,116
1283313140,117
1283314136,116
1283318124,123
1283321289,116
1283321505,27
1283324276,116
1283325882,117
1283326518,115
1283327964,118
1283328850,117
1283328907,114
1283329020,117
1283329717,116
1283329800,123
1283331989,115
1283332113,115
1283332466,115
1283333210,120
1283333331,116
1283334060,115
1283334279,117
1283334544,58
1283334655,18
1283336941,115
1283342383,114
1283344388,120
1283346286,115
1283346451,117
1283346987,116
1283347021,115
1283348713,116
1283351121,20
1283352405,24
1283352617,64
1283352859,115
1283353368,115
1283353856,116
1283354276,115
1283354800,26
1283354814,115
1283354974,85
1283355043,116
1283358155,115
1283360113,119
1283362196,118
1283363395,115
1283365576,115
1283375853,62
1283376338,834
1283395530,34
1283398419,50
1283398629,48
1283408258,56
1283410511,47
1283416351,199
1283417522,16
1283427179,25
1283434917,41
1283453011,46
1283460530,21
1283463401,12
1283466765,210
1283466833,11
1283467688,118
1283472596,13
1283475355,16
1283494260,40
1283495582,13
1283497044,16
1283501535,175
1283501799,15
1283519375,12
1283521764,35
1283522472,17
1283522880,11
1283540505,257
1283561164,18
1283563241,53
1283565828,28
1283570249,13
1283572841,42
1283574029,16
1283576600,26
1283579994,14
1283580131,16
1283580852,45
1283582119,97
1283584225,19
1283598915,13
1283603794,108
1283610049,14
1283610217,50
1283611177,12
1283622513,6
1283628638,28
1283644135,11
1283647317,14
1283652685,14
1283653121,19
1283656693,147
1283657805,36
1283669789,11
1283678028,89
1283681554,73
1283686041,18
1283686098,18
1283699291,20
1283721731,33
1283721804,19
1283722068,14
1283731203,15
1283731455,11
1283735838,24
1283740523,15
1283743529,66
1283762259,43
1283766654,69
1283772962,12
1283776668,13
1283781487,84
1283783477,50
1283792171,32
1283796634,16
1283799034,97
1283802261,28
1283819872,15
1283821188,88
1283833415,24
1283833758,29
1283836865,28
1283850742,19
1283852448,16
1283852774,14
1283859977,20
1283865819,22
1283868033,235
1283868835,23
1283873694,27
1283875369,30
1283876614,12
1283880494,14
1283891625,19
1283901628,22
1283923666,20
1283925045,16
1283927346,76
1283939838,17
1283940465,157
1283943813,14
1283947846,23
1283963928,14
1283968843,25
1283977684,11
1283981615,77
1283984259,15
1283986253,46
1283993031,608
1284009891,31
1284014215,22
1284030856,41
1284040136,176
1284052134,37
1284056969,16
1284058045,23
1284066374,19
1284067692,73
1284077348,20
1284077352,22
1284082382,22
1284082910,18
1284088776,125
1284095369,21
1284099955,50
1284104299,47
1284109842,40
1284124788,12
1284126768,75
1284128909,18
1284129855,66
1284131526,12
1284139056,58
1284141546,11
1284155780,16
1284168496,58
1284172888,15
1284174979,2332
1284180721,742
1284182184,26
1284198482,14
1284202424,56
1284208011,26
1284208582,109
1284209689,16
1284210058,30
1284214156,12
1284223182,20
1284246323,15
1284246470,285
1284247955,40
1284261810,42
1284262505,11
1284271591,202
1284277975,41
1284286206,13
1284303399,117
1284304193,12
1284310632,17
1284316868,25
1284317596,12
1284322503,13
1284322507,16
1284324094,12
1284346730,89
1284357853,12
1284364149,21
1284378743,11
1284382976,12
1284392092,40
1284412888,12
1284414913,641
1284420230,33
1284423701,1
1284426808,13
1284435392,17
1284435823,11
1284445635,372
1284445748,12
1284447780,12
1284449744,74
1284452101,14
1284463375,35
1284479480,16
1284485443,28
1284518502,23
1284522908,18
1284534061,36
1284541636,13
1284546129,62
1284551780,18
1284555311,72
1284568818,12
1284578918,42
1284579907,121
1284580604,40
1284589598,22
1284595670,16
1284607942,199
1284608173,187
1284608906,176
1284626782,12
1284643150,30
1284648689,322
1284658028,28
1284659975,18
1284667422,19
1284672605,172
1284674449,40
1284677252,16
1284681116,45
1284688466,83
1284692613,106
1284698263,17
1284700356,52
1284712193,61
1284714863,10
1284721646,11
1284727934,29
1284733052,19
1284733159,14
1284734312,16
1284735525,93
1284736292,327
1284740610,608
1284751258,19
1284753142,126
1284754106,12
1284756909,20
1284759701,79
1284763923,13
1284765721,17
1284768463,12
1284781487,17
1284783817,45
1284785245,46
1284787758,17
1284803064,21
1284808139,16
1284830350,20
1284836640,735
1284837284,22
1284845470,755
1284850658,16
1284862935,25
1284865806,13
1284867443,13
1284869933,33
1284873579,12
1284875082,35
1284889108,53
1284895820,11
1284905996,58
1284915598,14
1284956847,13
1284958326,20
1284959612,2124
1284962534,37
1284967045,12
1284968478,26
1284971043,28
1284986056,35
1285000932,14
1285016676,14
1285027813,56
1285029934,28
1285034691,7
1285058780,22
1285072698,53
1285076358,17
1285091835,14
1285102035,31
1285104880,55
1285113628,61
1285116275,23
1285126866,43
1285134067,16
1285138167,25
1285145325,9
1285150264,32
1285154089,14
1285173126,53
1285175428,42
1285179460,38
1285186519,12
1285203380,16
1285207270,119
1285223817,216
1285240239,19
1285241036,11
1285247004,50
1285257302,11
1285260006,15
1285260852,28
1285268157,39
1285268296,11
1285271027,14
1285272914,105
1285276442,13
1285277249,19
1285290091,14
1285290326,21
1285299512,19
1285308005,72
1285358058,14
1285358712,11
1285362275,48
1285366850,22
1285372971,11
1285375505,12
1285388916,16
1285404766,11
1285404893,18
1285406575,53
1285409192,16
1285427809,16
1285432701,59
1285455564,21
1285459193,13
1285469911,16
1285485466,39
1285492735,4
1285512939,857
1285522430,11
1285532627,32
1285533087,27
1285553511,15
1285565409,11
1285577161,26
1285581431,15
1285584165,34
1285612368,28
1285613614,26
1285613772,12
1285614272,13
1285616517,14
1285619315,39
1285633187,26
1285635617,18
1285641018,15
1285641979,12
1285642601,12
1285643256,83
1285643489,714
1285643868,32
1285649662,31
1285653192,103
1285653194,22
1285654295,19
1285656500,45
1285665224,13
1285669809,22
1285670072,40
1285670188,22
1285672288,36
1285694624,12
1285699839,22
1285704764,22
1285705904,3548
1285716169,16
1285726301,14
1285726536,85
1285729011,46
1285736028,13
1285753321,33
1285768056,28
1285769468,20
1285774142,34
1285776286,11
1285778184,52
1285781098,19
1285784272,13
1285787558,112
1285791932,29
1285797092,43
1285801639,17
1285801929,17
1285808809,292
1285812887,17
1285816658,0
1285819874,86
1285860457,12
1285863081,19
1285881211,47
1285881563,23
1285885421,12
1285886218,256
1285900799,201
1285902621,46
1285904119,13
1285924109,23
1285926464,29
1285935899,15
1285945933,12
1285946801,11
1285956092,28
1285957532,264
1285966137,42
1285974683,1624
1285993754,11
1285994107,34
1285995046,28
1285996394,14
1285998643,351
1286041367,18
1286041430,223
1286045037,17
1286054177,50
1286055132,56
1286055730,19
1286069434,21
1286071002,346
1286080008,12
1286102636,14
1286104608,15
1286113664,46
1286116609,29
1286124464,20
1286126075,11
1286135398,26
1286142799,30
1286159878,26
1286163119,94
1286203278,21
1286206140,81
1286206293,12
1286210431,33
1286217696,20
1286230821,22
1286232072,21
1286233631,16
1286236913,63
1286243024,16
1286249719,14
1286260116,15
1286261242,51
1286266523,54
1286279483,273
1286309178,420
1286310557,17
1286313018,25
1286313645,11
1286319925,35
1286337381,70
1286347510,12
1286349836,29
1286361322,19
1286383656,700
1286395891,16
1286406151,31
1286421437,14
1286425214,33
1286426885,21
1286451756,13
1286452688,41
1286459067,15
1286462942,16
1286475682,72
1286478863,40
1286485360,14
1286489791,11
1286497554,12
1286498512,26
1286499192,16
1286500654,13
1286500812,12
1286506347,11
1286514652,207
1286518017,14
1286519799,21
1286529702,23
1286533290,15
1286534320,12
1286547006,20
1286548050,68
1286550596,62
1286551417,35
1286576904,70
1286584533,43
1286589461,35
1286591918,20
1286596591,11
1286613567,115
1286622370,16
1286622681,20
1286623246,14
1286633499,13
1286634797,15
1286638524,28
1286638662,12
1286644174,19
1286650072,49
1286652851,136
1286655809,43
1286657898,121
1286660559,75
1286663306,19
1286674545,30
1286693004,11
1286701048,24
1286705389,23
1286708665,37
1286709271,43
1286728102,27
1286732818,1486
1286733418,34
1286747417,23
1286754616,34
1286757779,15
1286758195,17
1286762321,61
1286762528,28
1286763703,50
1286765396,55
1286769439,14
1286775287,173
1286778609,12
1286781880,260
1286792158,27
1286817684,17
1286820615,17
1286822346,47
1286842063,32
1286843623,44
1286843683,62
1286845834,76
1286846690,13
1286849644,11
1286852030,37
1286854085,88
1286854135,16
1286868898,11
1286870850,40
1286901904,36
1286913285,11
1286921847,233
1286928810,35
1286929516,44
1286936704,239
1286939042,16
1286953511,52
1286953738,12
1286955203,16
1286962008,196
1286963131,1
1286976854,25
1286981493,61
1286981693,19
1286986255,35
1287003459,26
1287005135,31
1287010006,24
1287015444,20
1287032262,15
1287032505,33
1287040997,13
1287048614,23
1287050833,133
1287054186,24
1287054567,24
1287055640,17
1287057225,13
1287063635,32
1287064286,13
1287064367,726
1287065520,17
1287068039,103
1287097047,27
1287103899,26
1287109448,15
1287112265,15
1287114669,1576
1287117896,10
1287118910,50
1287127015,21
1287133573,137
1287133718,15
1287137309,50
1287143833,20
1287144629,13
1287144800,16
1287154353,13
1287167787,13
1287168491,1256
1287168990,650
1287169139,29
1287177495,11
1287183937,12
1287188318,19
1287195249,14
1287204510,65
1287205623,10
1287212750,12
1287216871,6
1287216971,47
1287228538,28
1287232396,16
1287234722,11
1287241330,15
1287242357,32
1287249670,27
1287250090,29
1287253720,29
1287263044,13
1287275352,16
1287282432,711
1287300798,22
1287302739,54
1287319347,30
1287321565,12
1287326388,19
1287329807,16
1287331518,16
1287332070,34
1287332937,11
1287333722,18
1287338845,1
1287339827,90
1287341687,40
1287346406,32
1287352822,123
1287355973,374
1287401002,459
1287408207,79
1287413468,14
1287418409,64
1287429470,13
1287442244,281
1287444152,44
1287460663,6034
1287461497,43
1287463978,20
1287470793,32
1287472924,38
1287481170,44
1287482439,9
1287486661,51
1287489793,31
1287494718,27
1287505428,19
1287507365,11
1287518095,16
1287523902,19
1287525386,51
1287530240,16
1287531513,36
1287549995,14
1287563862,797
1287564317,14
1287568859,151
1287570647,11
1287585416,16
1287594240,12
1287594602,20
1287599281,13
1287603239,50
1287607687,13
1287609461,24
1287610282,26
1287612332,37
1287625631,392
1287628953,16
1287629488,31
1287631198,27
1287659684,13
1287663860,76
1287674895,48
1287678199,259
1287687409,43
1287700899,13
1287710410,43
1287710445,44
1287710473,48
1287710505,54
1287728325,282
1287733709,14
1287737246,30
1287751585,62
1287755141,21
1287761832,13
1287763956,14
1287766456,11
1287769478,1030
1287779992,45
1287780940,15
1287780961,19
1287782481,12
1287783473,15
1287802914,95
1287804060,4063
1287806129,20
1287806983,12
1287816393,13
1287823023,54
1287825471,134
1287831552,42
1287833347,1
1287833873,17
1287840943,14
1287846492,364
1287852974,27
1287862936,638
1287867452,11
1287870588,88
1287874189,10
1287882910,11
1287890629,66
1287919291,33
1287919581,24
1287921187,11
1287928146,14
1287936258,28
1287938366,251
1287939135,15
1287947258,16
1287952887,16
1287962749,24
1287962934,24
1287966278,106
1287967526,20
1287982437,20
1287987060,12
1287991092,45
1288001931,1313
1288011918,35
1288025747,12
1288054527,23
1288054693,169
1288059458,12
1288064456,54
1288064720,21
1288069617,13
1288076814,96
1288081323,83
1288081425,12
1288083612,16
1288085257,17
1288093218,164
1288093254,17
1288095947,23
1288096154,9
1288101814,43
1288106370,102
1288107515,24
1288110627,27
1288118919,12
1288120439,16
1288131984,115
1288140673,14
1288147191,16
1288151957,19
1288157798,11
1288158967,21
1288163028,30
1288175235,98
1288176337,18
1288198991,16
1288213067,13
1288220921,257
1288228170,26
1288234715,16
1288262029,23
1288265666,32
1288273711,58
1288276081,12
1288277383,25
1288278242,14
1288292418,1829
1288298712,11
1288304560,70
1288319677,14
1288321115,61
1288325627,5848
1288331786,75
1288342491,51
1288362206,39
1288363236,20
1288380908,96
1288388694,15
1288395026,240
1288402762,3508
1288404530,17
1288411750,23
1288414617,472
1288422836,18
1288422944,24
1288424187,11
1288425501,11
1288433826,20
1288453231,26
1288460943,11
1288462699,10
1288463361,15
1288467466,203
1288475375,14
1288476092,16
1288492734,20
1288496072,93
1288504075,16
1288505524,85
1288508356,114
1288513932,91
1288540223,16
1288543585,13
1288545282,127
1288570069,25
1288582051,13
1288587093,23
1288595527,79
1288599558,11
1288603421,32
1288608468,16
1288608768,16
1288630993,16
1288642659,27
1288648417,12
1288651538,14
1288672674,402
1288682148,17
1288684460,55
1288700771,14
1288703620,34
1288706873,52
1288728943,26
1288733503,20
1288757879,11
1288758234,13
1288762476,29
1288777867,16
1288777900,236
1288781687,27
1288787277,147
1288787426,47
1288789542,23
1288791412,19
1288795546,11
1288820389,209
1288848940,3045
1288858970,23
1288859083,23
1288861827,82
1288873391,17
1288886734,106
1288892017,15
1288895330,19
1288900132,55
1288913882,30
1288919960,14
1288922934,15
1288931625,35
1288951030,13
1288952475,189
1288952816,75
1288958400,33
1288972522,33
1288978309,12
1288985136,23
1288986083,35
1288998877,18
1288998968,49
1289000483,18
1289001778,37
1289010771,13
1289022368,13
1289031324,86
1289037448,97
1289038438,164
1289052336,21
1289060396,11
1289066205,30
1289075393,379
1289096470,48
1289096810,49
1289101843,18
1289112181,27
1289122820,13
1289123250,39
1289130590,228
1289134166,35
1289148499,10
1289180378,13
1289182307,15
1289184179,46
1289191071,19
1289210484,12
1289213389,13
1289213568,31
1289214621,14
1289216565,24
1289216873,12
1289237218,22
1289253413,28
1289254089,18
1289258261,33
1289259130,11
1289268385,25
1289268998,43
1289275691,316
1289276142,11
1289277901,17
1289281455,29
1289287656,12
1289291024,58
1289294287,11
1289300100,46
1289302468,17
1289303356,12
1289313583,15
1289316188,90
1289329590,45
1289333270,18
1289344908,61
1289346310,25
1289357453,16
1289364480,11
1289373801,17
1289382533,23
1289383690,18
1289402893,55
1289403900,25
1289409182,57
1289409845,103
1289411321,97
1289419269,20
1289424893,55
1289433368,134
1289435281,12
1289435641,1533
1289435661,18
1289441909,15
1289443027,22
1289445158,15
1289447490,282
1289449692,90
1289456372,23
1289458451,12
1289459154,23
1289468620,11
1289471395,18
1289475244,14
1289476943,284
1289479753,18
1289490233,75
1289493073,14
1289500007,18
1289521585,11
1289524529,14
1289527697,17
1289539646,125
1289551526,101
1289566856,541
1289575092,16
1289578785,16
1289594768,133
1289595475,28
1289598388,112
1289599380,39
1289599396,27
1289606611,149
1289606934,96
1289612923,292
1289634070,18
1289635045,15
1289644132,15
1289647930,99
1289651398,17
1289651513,11
1289654767,11
1289657695,50
1289661113,1043
1289663086,11
1289665394,43
1289678764,13
1289684445,28
1289708063,20
1289714083,68
1289717310,16
1289718189,28
1289722646,16
1289724268,326
1289724974,63
1289726568,11
1289727060,11
1289727134,202
1289735643,13
1289737428,38
1289738717,24
1289739564,25
1289739593,17
1289742380,28
1289743790,2398
1289749597,16
1289751966,11
1289755707,2652
1289767911,177
1289770124,93
1289772049,13
1289772198,15
1289779378,28
1289780147,18
1289781756,45
1289801839,36
1289805474,178
1289810924,42
1289811218,21
1289813626,33
1289815509,44
1289816372,52
1289817225,172
1289817233,13
1289834653,91
1289837195,59
1289847529,25
1289855202,39
1289858093,12
1289858698,554
1289868346,1399
1289871444,54
1289872092,20
1289880549,19
1289888557,122
1289903345,21
1289907287,12
1289908594,13
1289909279,18
1289910520,13
1289921008,10
1289921037,34
1289932122,111
1289949311,241
1289951235,574
1289958986,663
1289960958,13
1289968844,14
1289971944,128
1289973161,17
1289975833,7
1289984605,10
1289989219,14
1289997043,14
1289998730,17
1290003469,42
1290004323,18
1290014367,26
1290022584,253
1290025719,63
1290031396,35
1290036613,12
1290037030,62
1290039961,144
1290045531,11
1290061411,37
1290062238,41
1290068976,130
1290069630,78
1290071994,33
1290081931,27
1290089254,18
1290098318,123
1290109388,27
1290111917,26
1290112926,55
1290123560,112
1290127517,31
1290128725,12
1290130146,14
1290140058,13
1290146959,61
1290147262,47
1290150257,205
1290163064,11
1290164166,15
1290169280,18
1290178577,11
1290185333,17
1290185701,30
1290219822,58
1290227956,15
1290241977,45
1290251222,9
1290252911,23
1290258572,54
1290268884,12
1290286902,20
1290314412,11
1290325510,18
1290327176,28
1290328251,21
1290335624,13
1290348818,16
1290354647,26
1290357699,34
1290361156,500
1290371866,13
1290411054,34
1290427326,110
1290432479,35
1290433922,14
1290440324,45
1290445936,395
1290461222,13
1290465737,23
1290474490,40
1290478283,14
1290483547,52
1290484537,14
1290486035,15
1290494976,17
1290495061,15
1290507726,20
1290512486,33
1290519989,90
1290534164,22
1290534496,49
1290538622,23
1290545197,23
1290547652,55
1290553178,13
1290553643,18
1290558619,33
1290565606,534
1290565686,258
1290590424,58
1290601520,26
1290601834,30
1290617555,14
1290627511,18
1290646752,44
1290650156,26
1290650462,49
1290653606,310
1290660827,38
1290661117,14
1290661234,102
1290680888,16
1290680922,54
1290682233,27
1290686701,21
1290686985,17
1290695545,16
1290696540,65
1290697920,107
1290700307,66
1290702658,11
1290713101,11
1290723062,16
1290728896,343
1290732504,13
1290741614,12
1290749098,91
1290754906,17
1290757367,11
1290762482,33
1290767643,26
1290768088,283
1290768901,41
1290776864,12
1290782877,14
1290784521,11
1290790488,14
1290799649,22
1290804584,12
1290807177,11
1290809573,61
1290823246,17
1290830352,15
1290838121,19
1290838935,13
1290852121,24
1290854596,706
1290857129,57
1290878523,12
1290897015,23
1290897156,1212
1290898097,26
1290898656,97
1290900293,44
1290923480,15
1290927049,15
1290929180,13
1290933935,204
1290947992,61
1290950360,159
1290951560,29
1290952186,35
1290956546,31
1290960638,12
1290961602,80
1290979660,11
1290979982,118
1290982812,12
1291007526,17
1291013731,13
1291030819,11
1291031738,49
1291031778,17
1291037585,68
1291037733,19
1291049617,13
1291054464,12
1291074566,95
1291079909,18
1291080376,20
1291085789,60
1291088056,15
1291088888,18
1291092395,26
1291098094,618
1291098747,22
1291101889,11
1291114277,162
1291115716,124
1291116871,25
1291123786,91
1291137394,13
1291146703,111
1291154771,81
1291155153,58
1291155173,23
1291157543,763
1291173264,34
1291173267,18
1291182160,13
1291189671,15
1291203310,17
1291210160,691
1291214151,169
1291215338,18
1291221848,11
1291233408,104
1291238644,12
1291242597,654
1291245839,92
1291251121,50
1291255325,2732
1291269550,17
1291280180,74
1291282235,23
1291286746,20
1291296643,18
1291297284,30
1291301285,33
1291305333,24
1291310024,13
1291322604,59
1291336189,13
1291336217,30
1291336838,37
1291339585,18
1291342338,23
1291351338,21
1291351498,13
1291360022,25
1291383899,10
1291387853,28
1291394483,15
1291395870,14
1291414309,112
1291421612,82
1291423504,22
1291424008,12
1291431281,86
1291441881,19
1291442636,34
1291443474,11
1291455828,29
1291455926,20
1291466723,85
1291466969,5
1291468384,19
1291471367,13
1291481144,28
1291490166,252
1291490182,16
1291492779,26
1291498626,49
1291499934,43
1291501594,12
1291502015,1007
1291502103,28
1291503861,556
1291521476,29
1291527731,12
1291530267,241
1291531038,14
1291534737,84
1291536810,14
1291543949,12
1291544092,2276
1291571801,96
1291595187,13
1291604065,64
1291613802,7
1291618703,32
1291629775,19
1291629779,10
1291642855,120
1291643562,25
1291644553,28
1291658615,39
1291659044,159
1291660478,33
1291661471,123
1291673784,18
1291675170,15
1291688318,408
1291691703,152
1291693853,28
1291702016,13
1291709438,302
1291720073,25
1291722409,19
1291727921,15
1291728144,57
1291729207,12
1291730691,78
1291734043,63
1291741982,226
1291742788,82
1291744232,16
1291748193,36
1291765045,28
1291766087,31
1291773488,14
1291777847,14
1291779094,53
1291779342,37
1291781923,65
1291783779,7467
1291802228,14
1291808712,32
1291810155,11
1291831530,25
1291834848,59
1291842528,11
1291860076,179
1291886696,20
1291888782,125
1291892045,59
1291896819,432
1291900381,11
1291901874,18
1291907563,39
1291915843,14
1291921955,92
1291923249,46
1291928218,2546
1291931737,28
1291936449,79
1291937778,13
1291943729,22
1291950976,26
1291958928,236
1291962137,29
1291968232,15
1291968413,13
1291969904,67
1291971266,19
1291973553,13
1291974677,20
1291978751,37
1291984090,10
1291987214,30
1291988340,404
1291991682,44
1291993456,12
1291994110,337
1292006968,18
1292018156,14
1292028312,35
1292028472,21
1292033680,81
1292036695,21
1292072706,378
1292088940,636
1292122475,18
1292123666,10
1292128802,103
1292146250,16
1292149371,19
1292158992,366
1292163871,22
1292170877,32
1292185453,12
1292186249,52
1292190133,18
1292197111,119
1292208306,352
1292208583,54
1292215635,11
1292218441,24
1292223573,13
1292224631,95
1292226955,12
1292249533,237
1292251343,27
1292253630,12
1292256306,47
1292265540,63
1292266680,785
1292267299,11
1292280196,14
1292280249,941
1292287896,15
1292290792,12
1292294946,14
1292295667,18
1292299068,16
1292302215,170
1292320543,24
1292336215,165
1292339579,17
1292341562,97
1292342255,158
1292354118,25
1292354210,74
1292362076,18
1292365126,80
1292373208,22
1292381040,18
1292384008,19
1292397274,16
1292406637,1113
1292419503,13
1292431002,54
1292434453,19
1292436887,590
1292440059,68
1292440486,31
1292445645,17
1292447254,17
1292449656,83
1292458106,52
1292458261,50
1292458276,66
1292462975,146
1292469953,17
1292472665,40
1292477439,96
1292480695,58
1292482053,207
1292493380,6
1292505690,314
1292512549,21
1292523720,19
1292529733,216
1292530568,22
1292532003,35
1292544026,876
1292548604,0
1292550079,44
1292567425,112
1292575405,14
1292581405,35
1292586353,25
1292588083,847
1292591034,29
1292593684,15
1292601409,145
1292602748,14
1292603082,937
1292611271,868
1292612825,12
1292617331,54
1292634875,12
1292652711,71
1292661106,40
1292661997,79
1292662826,65
1292666572,11
1292668977,182
1292670045,37
1292672931,392
1292678764,34
1292687159,74
1292688393,22
1292699127,18
1292704139,49
1292706893,16
1292707082,28
1292709273,135
1292721506,11
1292725081,58
1292726463,77
1292729732,43
1292731455,11
1292735425,12
1292747834,24
1292752293,17
1292756053,979
1292758637,1367
1292799650,29
1292803076,57
1292805205,24
1292810049,21
1292813857,1
1292815860,66
1292817311,114
1292818025,20
1292826636,13
1292842754,115
1292847561,10
1292859223,29
1292864285,698
1292868982,11
1292887429,16
1292893151,40
1292896360,12
1292904557,23
1292907011,11
1292908333,143
1292915032,79
1292917621,29
1292920091,31
1292930883,28
1292931248,11
1292937850,178
1292949057,27
1292959171,108
1292960437,35
1292961099,11
1292965534,14
1292967604,39
1292971902,11
1292975337,14
1292983476,12
1292983646,52
1292995916,104
1293002033,247
1293011705,15
1293014571,327
1293016738,15
1293023344,120
1293023679,78
1293029871,35
1293036742,81
1293047359,103
1293051640,289
1293054306,669
1293055082,63
1293060614,80
1293066810,39
1293079208,451
1293080938,16
1293082552,11
1293082777,15
1293089313,14
1293092240,12
1293097754,28
1293099389,12
1293121942,675
1293123016,38
1293128596,687
1293133470,203
1293133608,26
1293141447,11
1293142835,946
1293144497,25
1293145788,25
1293146740,53
1293152736,28
1293153760,84
1293166992,61
1293174594,66
1293188585,30
1293204556,120
1293213640,11
1293219971,113
1293238217,423
1293242972,13
1293267652,81
1293275849,465
1293280723,11
1293282148,15
1293287983,55
1293290940,659
1293297917,13
1293298064,138
1293302148,87
1293329788,187
1293335769,21
1293344456,300
1293344851,16
1293359656,14
1293366476,12
1293369680,8
1293371220,942
1293372051,1594
1293373926,29
1293378728,13
1293392008,66
1293394740,12
1293395679,33
1293400026,26
1293418144,16
1293424064,12
1293445504,56
1293450941,164
1293462979,15
1293473664,683
1293493599,11
1293496062,133
1293499204,10
1293502352,27
1293519413,24
1293522928,10
1293528120,17
1293528352,289
1293532831,14
1293536570,11
1293548427,510
1293565442,36
1293566414,27
1293583727,136
1293585276,12
1293587084,28
1293590308,12
1293591465,45
1293596948,11
1293597225,103
1293600453,1503
1293608593,1023
1293617341,39
1293625280,12
1293627972,19
1293631192,92
1293640519,571
1293647745,32
1293670798,946
1293691564,95
1293698128,54
1293717587,31
1293717823,135
1293718969,184
1293725667,14
1293727298,78
1293729903,145
1293735542,11
1293742072,245
1293743886,85
1293746415,23
1293746575,55
1293747025,140
1293801504,47
1293806470,885
1293840610,36
1293842570,137
1293851627,14
1293861908,13
1293878496,17
1293889404,157
1293898786,44
1293924437,56
1293928181,12
1293928825,45
1293935952,17
1293948993,330
1293950824,13
1293955244,26
1293963558,29
1293965946,175
1293975384,45
1294008777,97
1294032882,135
1294038867,11
1294058995,12
1294069826,12
1294075523,11
1294080817,16
1294094207,18
1294114499,44
1294119998,23
1294147380,11
1294157055,198
1294164685,80
1294200741,71
1294251753,11
1294259549,15
1294279713,13
1294301160,11
1294301448,14
1294305994,14
1294311895,11
1294326780,17
1294327901,30
1294329282,11
1294335516,11
1294339931,181
1294369296,67
1294382024,71
1294390376,112
1294424063,13
1294427913,171
1294430749,38
1294440483,32
1294459630,75
1294466084,19
1294480204,20
1294485027,19
1294528581,22
1294541211,34
1294544128,1001
1294544597,21
1294559854,19
1294560117,14
1294562764,421
1294565886,14
1294567068,97
1294577372,11
1294586858,38
1294595799,12
1294598436,32
1294604196,38
1294612352,1204
1294614772,56
1294616380,222
1294624577,11
1294625255,36
1294626733,81
1294637523,789
1294651771,30
1294654664,51
1294665149,60
1294667605,16
1294673670,135
1294674709,13
1294677362,14
1294678204,131
1294679712,21
1294680964,25
1294682236,17
1294686811,133
1294697127,13
1294704254,131
1294722834,172
1294739070,211
1294760990,142
1294763382,15
1294778982,38
1294787951,135
1294795779,12
1294799753,15
1294821660,170
1294843676,11
1294849806,37
1294852002,18
1294874234,24
1294885537,72
1294904000,78
1294906029,35
1294907218,15
1294939035,76
1294942498,17
1294942686,53
1294956555,163
1294964139,972
1294964918,75
1294968216,84
1294974964,168
1294980132,13
1294988947,425
1294991594,13
1295000646,18
1295002937,89
1295008567,11
1295011810,12
1295012792,32
1295013795,13
1295023708,15
1295039995,366
1295042547,16
1295046960,76
1295051598,131
1295060983,19
1295070151,85
1295073265,222
1295085779,15
1295092827,311
1295108547,42
1295117727,305
1295145837,17
1295154902,1324
1295162156,7
1295166457,22
1295167025,38
1295170501,43
1295183786,12
1295184546,12
1295185242,12
1295186092,17
1295189385,17
1295193750,15
1295194584,13
1295196892,15
1295199205,13
1295206342,15
1295262141,13
1295266264,5
1295282395,13
1295282888,5
1295293233,15
1295293717,11
1295296921,40
1295298451,21
1295303557,16
1295310807,51
1295314945,168
1295320127,33
1295320736,53
1295344808,14
1295352755,22
1295357346,36
1295359708,45
1295363021,134
1295373582,12
1295383219,125
1295386434,16
1295387006,61
1295422942,14
1295427123,18
1295438128,35
1295450141,98
1295470853,1244
1295478728,14
1295482110,312
1295484476,52
1295495980,14
1295496217,15
1295503278,11
1295510275,70
1295512859,16
1295515267,110
1295524525,27
1295531254,1643
1295543570,12
1295554023,108
1295577734,109
1295578280,19
1295581894,110
1295583883,22
1295584891,63
1295589978,14
1295590478,31
1295597289,77
1295607005,17
1295614877,12
1295618902,91
1295624544,34
1295634529,31
1295648738,284
1295649165,109
1295650615,17
1295653490,33
1295653887,35
1295657237,11
1295658103,21
1295661278,19
1295663128,20
1295663977,10
1295676197,219
1295680592,3
1295683877,11
1295688847,110
1295693134,13
1295708862,578
1295712140,13
1295714815,18
1295752474,291
1295764899,16
1295765493,17
1295766600,32
1295767617,12
1295768859,162
1295801352,12
1295803985,30
1295809480,16
1295814352,23
1295829277,39
1295835040,335
1295852963,15
1295858816,42
1295864070,163
1295864331,40
1295872517,20
1295877973,13
1295901464,110
1295902352,16
1295906282,11
1295937847,106
1295965137,61
1295965620,63
1295967737,13
1295970455,104
1295972337,72
1295974987,50
1295975920,17
1295985574,69
1295987763,3074
1295989621,38
1295989737,19
1295991094,28
1295994638,73
1295996145,13
1296000788,178
1296000930,56
1296010200,87
1296016648,62
1296016994,48
1296021415,33
1296024548,1312
1296024915,38
1296036886,2844
1296040105,31
1296041659,105
1296050346,612
1296055654,54
1296056515,21
1296072145,71
1296078951,18
1296083576,15
1296087127,11
1296090089,26
1296102301,408
1296107475,783
1296111192,931
1296111638,30
1296111994,18
1296114889,44
1296119852,35
1296124729,12
1296129407,10
1296135579,24
1296135758,43
1296137450,11
1296138876,22
1296148658,12
1296163320,22
1296189318,30
1296190079,38
1296191071,16
1296243058,22
1296248129,58
1296250451,227
1296256899,11
1296260901,38
1296273774,15
1296300799,5942
1296301313,1123
1296302822,1227
1296312541,47
1296324767,132
1296326316,67
1296344930,551
1296347944,205
1296348059,20
1296349582,218
1296350812,65
1296354941,12
1296365237,470
1296370469,37
1296375920,578
1296381450,27
1296383855,152
1296385256,294
1296390238,13
1296397537,118
1296404338,137
1296408226,15
1296425754,14
1296432061,12
1296432740,83
1296434943,146
1296435222,24
1296438403,29
1296441594,62
1296444434,11
1296449838,85
1296450945,47
1296452875,17
1296462200,253
1296465177,14
1296471020,14
1296471449,1692
1296472403,140
1296476248,23
1296478978,40
1296484148,36
1296496065,1178
1296507270,11
1296537614,11
1296544715,16
1296544815,16
1296550039,196
1296553907,16
1296555600,37
1296557893,45
1296570575,45
1296573992,22
1296584227,13
1296585751,279
1296602376,86
1296607973,366
1296627757,977
1296635340,43
1296635666,15
1296643720,29
1296649748,18
1296661225,129
1296668674,29
1296672011,126
1296678306,339
1296678314,51
1296680841,1319
1296682078,59
1296688714,43
1296688895,544
1296694442,12
1296704053,12
1296704062,14
1296711588,286
1296713807,14
1296717138,23
1296734416,12
1296738161,46
1296742217,17
1296751400,164
1296768326,92
1296774563,26
1296775646,28
1296780960,160
1296787820,29
1296792947,55
1296793921,40
1296808521,179
1296814267,12
1296817533,97
1296830362,32
1296833527,86
1296836072,246
1296841294,101
1296854989,145
1296861532,43
1296874887,63
1296880286,11
1296882043,29
1296889061,22
1296900853,12
1296903699,18
1296904602,11
1296913096,243
1296922843,15
1296926351,13
1296926632,11
1296929824,13
1296931670,16
1296932035,84
1296935864,125
1296937336,11
1296938579,11
1296941059,16
1296944672,19
1296959361,32
1296961913,72
1296963477,485
1296965951,82
1296980330,12
1296981871,56
1296982152,111
1296994850,27
1297000919,28
1297003539,36
1297004839,30
1297007256,111
1297007799,14
1297010149,738
1297013313,72
1297019929,92
1297022212,121
1297029834,14
1297030348,19
1297030493,12
1297042736,43
1297049157,13
1297072142,103
1297075250,16
1297080538,14
1297089591,398
1297090793,194
1297091782,22
1297099848,28
1297100398,147
1297105175,13
1297115272,115
1297115450,115
1297117944,43
1297121898,39
1297147597,28
1297152948,59
1297155925,71
1297161149,25
1297161557,40
1297163433,12
1297184998,13
1297185351,25
1297186508,53
1297191394,147
1297197942,101
1297198645,23
1297199648,23
1297208047,13
1297211063,138
1297212179,114
1297221666,19
1297241435,27
1297245314,61
1297248636,138
1297251847,23
1297263342,22
1297265714,17
1297278222,641
1297287351,12
1297290359,11
1297304889,15
1297305171,11
1297306766,13
1297309880,13
1297313158,297
1297316519,7719
1297316564,200
1297317945,30
1297321788,11
1297334206,63
1297337135,14
1297343152,35
1297344540,15
1297353293,18
1297368894,11
1297368927,20
1297376870,19
1297377707,12
1297379226,46
1297385317,17
1297385905,13
1297386092,41
1297386391,375
1297390767,14
1297390829,33
1297391498,32
1297393883,17
1297397966,20
1297400572,18
1297413550,18
1297414511,104
1297419526,11
1297429458,71
1297429477,39
1297446091,15
1297448989,314
1297451632,13
1297461538,15
1297462855,20
1297466672,23
1297478882,31
1297479393,24
1297491478,15
1297510474,18
1297517585,14
1297518870,15
1297526964,21
1297534990,34
1297538014,111
1297551407,11
1297553204,106
1297560051,19
1297560842,11
1297567382,22
1297572541,118
1297573774,29
1297574911,72
1297579661,32
1297579800,55
1297586900,32
1297595257,12
1297600783,15
1297601919,11
1297607175,118
1297608111,70
1297611216,135
1297616368,14
1297633053,240
1297638244,12
1297638533,154
1297643511,17
1297645533,1023
1297650803,21
1297652810,51
1297660778,17
1297668161,40
1297680341,11
1297684377,16
1297691747,174
1297694352,67
1297701040,20
1297703342,33
1297709406,21
1297730581,17
1297738589,44
1297757117,21
1297762386,15
1297766097,20
1297776074,204
1297776908,91
1297780347,94
1297789435,19
1297797901,74
1297799377,191
1297814636,16
1297827159,134
1297831184,57
1297837446,11
1297839489,14
1297874042,15
1297878371,119
1297899871,23
1297902282,84
1297912696,203
1297916761,23
1297920557,17
1297937750,22
1297941714,28
1297960940,10
1297972250,54
1297979369,483
1297980145,191
1297984221,118
1297985737,131
1297986858,17
1297987227,33
1297988963,71
1297991968,14
1297996943,63
1298001693,83
1298006204,16
1298013097,12
1298015891,12
1298021489,983
1298031533,160
1298034949,66
1298037639,236
1298047052,14
1298065682,105
1298073124,25
1298076016,18
1298084716,277
1298096233,28
1298098092,11
1298105768,27
1298108536,39
1298112590,39
1298115146,120
1298118528,96
1298121347,17
1298124536,354
1298127389,70
1298128822,15
1298139536,15
1298139770,14
1298145673,153
1298147715,12
1298153351,50
1298158902,76
1298164075,240
1298174000,20
1298175867,20
1298176929,11
1298178349,57
1298186451,23
1298188743,46
1298189234,864
1298191005,37
1298195189,56
1298197046,33
1298203529,41
1298208279,26
1298209482,16
1298212519,11
1298216311,35
1298216890,21
1298217981,13
1298228264,31
1298235708,18
1298244810,1401
1298247950,13
1298248424,27
1298265782,216
1298271854,32
1298273456,16
1298282884,100
1298282939,139
1298301815,818
1298301851,11
1298306683,53
1298311899,14
1298314398,16
1298317899,31
1298319935,11
1298324581,115
1298330759,16
1298330762,155
1298332713,13
1298335317,13
1298337778,15
1298351236,12
1298351661,12
1298354563,153
1298354719,29
1298358083,38
1298373015,11
1298373096,21
1298373549,24
1298381505,56
1298389464,28
1298394175,126
1298402208,22
1298402291,23
1298402884,106
1298409173,13
1298416012,18
1298420807,19
1298423396,57
1298427761,45
1298430385,14
1298439325,12
1298441011,102
1298444438,33
1298453081,49
1298458766,126
1298481506,23
1298494423,27
1298496770,12
1298500250,48
1298511776,11
1298514297,73
1298518446,14
1298522061,26
1298524881,17
1298526427,12
1298531535,25
1298540929,173
1298559004,11
1298568456,17
1298569568,50
1298598437,21
1298605985,37
1298611557,206
1298624897,15
1298625952,13
1298628293,18
1298655641,11
1298661166,21
1298661864,54
1298662780,44
1298664835,30
1298677021,18
1298681190,13
1298696137,8550
1298699871,22
1298699946,12
1298703923,26
1298710636,104
1298717535,18
1298735948,201
1298757994,19
1298760593,177
1298761206,26
1298776816,58
1298780689,111
1298781357,112
1298783167,63
1298783301,17
1298783547,14
1298794128,52
1298803736,30
1298809265,12
1298809747,20
1298817286,115
1298818939,35
1298823265,12
1298825209,1847
1298830469,21
1298833847,30
1298834861,15
1298835702,30
1298841963,13
1298848762,12
1298849251,210
1298852328,65
1298872729,16
1298874131,18
1298890469,32
1298890549,1567
1298894439,12
1298907438,11
1298912593,28
1298912749,89
1298912807,235
1298916380,44
1298933079,98
1298948475,17
1298954696,90
1298962178,16
1298962714,108
1298977090,483
1298994476,13
1298997344,45
1298998324,1725
1299013183,15
1299019739,16
1299021024,11
1299021923,20
1299023861,260
1299029071,23
1299032911,11
1299043514,310
1299058088,95
1299059228,427
1299064384,19
1299071115,20
1299074098,17
1299075417,34
1299075519,762
1299075525,28
1299086165,22
1299087924,47
1299089998,12
1299096615,36
1299098282,18
1299101460,19
1299102186,40
1299103445,25
1299104550,75
1299108987,157
1299109556,157
1299110267,15
1299111270,13
1299119693,16
1299120455,11
1299128832,16
1299132400,14
1299132437,15
1299133936,241
1299153287,42
1299169140,11
1299172984,23
1299183411,47
1299193892,13
1299196724,21
1299197215,11
1299225226,115
1299227072,811
1299238284,17
1299238433,148
1299239337,51
1299242771,13
1299248993,21
1299249091,49
1299249144,12
1299251844,14
1299255113,163
1299261309,19
1299266129,267
1299274014,18
1299283711,14
1299284253,12
1299297301,82
1299299202,44
1299300597,22
1299306532,238
1299316742,65
1299322393,25
1299326490,23
1299332215,20
1299332376,141
1299332647,24
1299352195,53
1299359887,22
1299363480,18
1299377098,61
1299377596,68
1299381557,165
1299391180,190
1299391914,24
1299395003,14
1299402689,39
1299405532,110
1299411037,14
1299415612,115
1299421080,13
1299421104,48
1299424782,18
1299427635,12
1299436675,61
1299444163,84
1299446983,133
1299449396,15
1299454616,42
1299460293,541
1299469235,17
1299472893,243
1299481757,25
1299483807,70
1299494230,0
1299499111,51
1299501821,16
1299504474,172
1299510850,15
1299516451,44
1299518666,377
1299521785,18
1299531705,20
1299534286,15
1299534612,12
1299542547,167
1299544119,33
1299550692,77
1299564899,33
1299570761,28
1299573741,40
1299585779,21
1299592457,13
1299593939,25
1299607106,11
1299608688,122
1299619059,53
1299619868,573
1299627068,69
1299628213,24
1299635121,76
1299639457,159
1299641278,11
1299650759,19
1299691584,172
1299702144,12
1299704239,14
1299711281,55
1299715232,40
1299734316,190
1299750967,95
1299751691,0
1299769220,10556
1299770029,13
1299809384,14
1299811667,66
1299816105,14
1299820860,514
1299821808,11
1299827099,179
1299833043,37
1299839177,22
1299847522,13
1299849814,21
1299851932,26
1299864365,20
1299867514,40
1299869694,36
1299885911,497
1299896218,94
1299907984,42
1299929539,14
1299936609,432
1299946390,20
1299946731,11
1299948312,39
1299952233,399
1299952957,83
1299953207,31
1299963641,87
1299964707,12
1299965162,100
1299966529,465
1299969979,84
1299969985,29
1299980464,60
1299986260,65
1299986993,23
1299988557,11
1300023993,120
1300024503,322
1300030250,28
1300033738,13
1300037652,11
1300040942,93
1300044327,11
1300055099,33
1300059342,84
1300071253,16
1300071984,26
1300082213,11
1300084498,55
1300088092,29
1300107229,41
1300108628,187
1300123581,187
1300130121,22
1300134200,144
1300140564,50
1300144318,129
1300145782,213
1300146141,26
1300153697,316
1300163727,16
1300164590,52
1300164869,16
1300165290,141
1300168072,143
1300169986,11
1300171107,129
1300173275,785
1300181963,107
1300184722,168
1300197094,18
1300200526,13
1300204002,130
1300204425,604
1300211152,141
1300212740,74
1300220661,126
1300229326,22
1300230372,91
1300237368,141
1300238188,18
1300238967,13
1300241319,20
1300242971,127
1300259063,140
1300264661,20
1300265377,141
1300269999,19
1300271089,40
1300271177,41
1300271266,40
1300271366,42
1300271521,41
1300273081,55
1300277628,148
1300282659,95
1300282686,17
1300286845,57
1300287685,10
1300290874,28
1300293955,26
1300293986,179
1300295755,110
1300296756,16
1300333512,143
1300342376,44
1300346777,12
1300374453,131
1300401366,30
1300402437,63
1300418295,490
1300426327,11
1300430658,62
1300438415,21
1300442898,101
1300446024,15
1300446537,130
1300454484,14
1300459912,31
1300470235,27
1300484864,195
1300502001,110
1300521661,13
1300523446,58
1300531108,24
1300533212,41
1300537112,13
1300541341,96
1300541916,54
1300555995,743
1300573378,52
1300576199,14
1300577620,28
1300585573,19
1300589372,27
1300596785,115
1300599779,115
1300600847,20
1300608745,13
1300610806,31
1300611018,203
1300612704,2313
1300619513,20
1300628885,19
1300631934,63
1300644113,11
1300652164,24
1300660330,111
1300666568,40
1300667851,21
1300682631,13
1300707779,15
1300708293,11
1300711133,16
1300712725,13
1300713717,28
1300715013,30
1300719974,315
1300734020,14
1300735116,30
1300757259,38
1300758392,16
1300781672,161
1300791877,43
1300815089,13
1300819170,280
1300825690,48
1300825775,926
1300827846,4
1300835670,22
1300836505,12
1300838692,13
1300839466,11
1300842713,16
1300848633,11
1300874608,12
1300882050,15
1300895082,11
1300901348,29
1300901573,13
1300902838,26539
1300907089,42
1300919728,17
1300920852,22
1300955288,13
1300982703,96
1300983367,16
1300983387,202
1300991151,461
1300993394,14
1300995235,38
1301005835,38
1301016329,23
1301017059,18
1301032546,11
1301035913,24
1301065951,28
1301067430,24
1301073151,75
1301073295,16
1301078425,48
1301103236,115
1301105296,346
1301106961,35
1301107406,12
1301120666,41
1301131750,379
1301135117,25
1301140584,140
1301140808,15456
1301143981,16
1301149423,27
1301150154,16
1301161602,17
1301161752,215
1301178592,62
1301197444,22
1301199747,41
1301201613,151
1301214182,23
1301224634,30
1301231972,239
1301238021,136
1301246878,31
1301253208,61
1301254363,10
1301254884,327
1301262267,27
1301266742,43
1301269170,26
1301277455,18
1301292883,33
1301304056,62
1301304237,88
1301312343,174
1301318281,22
1301322902,24
1301323244,24
1301337818,223
1301347593,13
1301348114,99
1301348989,13
1301356813,12
1301366518,45
1301371493,15
1301373645,17
1301374527,30
1301376039,205
1301376665,15
1301386747,63
1301389817,13
1301401232,27
1301417762,19
1301419178,21
1301421907,13
1301439040,27
1301444342,14
1301445158,27
1301448027,47
1301454477,20
1301455815,25
1301458181,19
1301463756,14
1301464980,13
1301466336,14
1301466742,0
1301469329,97
1301471093,19
1301472408,13
1301482787,13
1301485123,1451
1301485816,448
1301486204,12
1301491918,46
1301492559,48
1301493865,26
1301494149,20
1301495364,16
1301498505,43
1301498945,172
1301502264,52
1301503296,14
1301518021,48
1301525143,19
1301527869,40
1301528097,64
1301533608,106
1301540478,161
1301541289,12
1301558114,18
1301558649,17
1301563271,244
1301565741,17
1301570059,251
1301575666,11
1301592495,13
1301596482,70
1301597356,14353
1301607598,1260
1301611769,24
1301639709,20
1301640367,152
1301641528,31
1301643310,34
1301645599,156
1301647948,12
1301650386,14
1301653337,751
1301657572,1228
1301664801,52
1301667013,47
1301672719,709
1301683816,385
1301693327,34
1301694982,15
1301707902,13
1301709626,72
1301723360,15
1301725592,17
1301738357,16
1301756334,30
1301774983,49
1301788801,11
1301790724,44
1301793165,12
1301796528,56
1301809788,12
1301812872,48
1301819599,19
1301837591,14
1301841465,52
1301842269,14
1301856089,63
1301856519,54
1301861241,23
1301870117,24
1301873855,12
1301875103,15
1301893348,11
1301898837,59
1301903391,174
1301910694,15
1301917947,32
1301934220,13
1301938254,19
1301958727,15
1301967069,11
1301969071,27
1301983899,78
1301987551,28
1301992438,22
1301993377,12
1301998668,14
1302005433,20
1302010381,21
1302014092,13
1302019080,246
1302019326,53
1302029387,31
1302029423,21
1302030647,15
1302031002,118
1302033406,11
1302037370,18
1302045369,68
1302055571,11
1302067941,33
1302077273,1309
1302080030,16
1302087529,12
1302093382,480
1302111336,13
1302124928,29
1302126016,11
1302130459,11
1302151966,120
1302164086,30
1302170043,129
1302170604,29
1302172683,905
1302190660,67
1302193564,17
1302201356,14
1302202107,63
1302202880,60
1302223856,49
1302236535,12
1302242606,22
1302252210,149
1302262750,128
1302268312,24
1302269184,27
1302273154,90
1302277405,31
1302287414,70
1302291872,21
1302296412,18
1302297046,16
1302297836,34
1302314093,18
1302315783,32
1302319451,101
1302326901,23
1302327379,24
1302328224,16
1302329332,93
1302335558,29
1302375379,92
1302377433,21
1302393186,16
1302398032,2053
1302409680,917
1302413366,19
1302419828,43
1302426780,134
1302427034,22
1302438629,11
1302442495,11
1302448737,392
1302459541,63
1302460137,178
1302464336,14
1302471470,20
1302482437,30
1302483274,127
1302484474,28
1302494840,16
1302496224,1277
1302501377,14
1302513522,18
1302513724,35
1302521362,30
1302522817,14
1302531339,162
1302544971,370
1302546604,13
1302549724,118
1302552260,16
1302584359,28
1302595848,86
1302610309,18
1302612528,547
1302615481,26
1302629692,34
1302634008,21
1302637373,13
1302641378,75
1302643506,103
1302655029,12
1302657908,21
1302669715,26
1302690078,4862
1302692944,60
1302701321,36
1302709654,15
1302734131,18
1302746638,21
1302754015,16
1302754323,34
1302756008,1441
1302761259,85
1302773900,11
1302778457,24
1302780148,27
1302793047,49
1302800669,36
1302801301,20
1302802371,112
1302812797,11
1302835106,12
1302855458,101
1302856834,16
1302875835,14
1302888707,41
1302893901,15
1302903993,15
1302911872,82
1302914488,30
1302915552,294
1302920880,25
1302925060,73
1302937875,28
1302938232,24
1302940207,11
1302949847,25
1302956564,11
1302959913,12
1302961227,43
1302962846,79
1302973507,107
1302984367,109
1302986554,1654
1302987358,34
1302988703,76
1303008060,95
1303020015,296
1303030097,62
1303043661,17
1303050614,21
1303051373,17
1303057578,14
1303075050,526
1303082204,265
1303090597,15
1303104453,56
1303104741,14
1303106583,40
1303110640,44
1303111815,34
1303113964,46
1303123981,19
1303124963,86
1303140174,11
1303160078,28
1303172472,13
1303179284,13
1303197338,51
1303207414,54
1303214804,41
1303225493,20
1303228846,14
1303237716,19
1303245406,12
1303253010,102
1303257127,68
1303258850,3691
1303265999,184
1303275522,11
1303275802,11
1303286155,29
1303294638,47
1303299294,23
1303306436,35
1303311265,11
1303315804,14
1303315918,226
1303322746,40
1303323911,202
1303358961,17
1303365335,38
1303388198,592
1303415892,18
1303419599,13
1303424682,14
1303426000,29
1303430390,92
1303433856,20
1303444609,2095
1303452678,104
1303463449,152
1303475491,40
1303494416,1311
1303499948,15
1303503512,26
1303504717,116
1303509322,11
1303510493,16
1303516931,827
1303528937,71
1303535947,12
1303542206,69
1303546492,150
1303556295,13
1303558514,175
1303563430,52
1303576851,1242
1303602767,13
1303608426,47
1303612962,33
1303627608,26
1303631320,12
1303633647,72
1303635921,12
1303648567,45
1303649436,15
1303650717,19
1303654689,51
1303659182,124
1303663690,61
1303663929,19
1303665181,79
1303694788,21
1303698387,18
1303700237,20
1303711609,867
1303715087,216
1303720794,26
1303725660,34
1303741109,11
1303760460,30
1303763995,34
1303771560,12
1303772019,11
1303772993,11
1303775804,28
1303777396,15
1303780153,29
1303792328,25
1303808471,37
1303808541,35
1303816773,18
1303817447,57
1303823150,19
1303829880,2697
1303838051,11
1303840800,115
1303843138,50
1303846871,28
1303848201,154
1303848744,13
1303852154,17
1303852365,15
1303856272,29
1303862796,13
1303875928,15
1303882206,12
1303900797,52
1303908751,23
1303913048,18
1303942681,58
1303943786,21
1303945692,40
1303947050,11
1303951648,148
1303954218,29
1303954895,19
1303964380,16
1303967338,25
1303967412,43
1303968701,18
1303972604,14
1303984411,57
1303985965,14
1303989795,11
1303993210,13
1303996759,18
1304004330,11
1304005951,14
1304007356,24
1304009131,88
1304012236,91
1304014128,66
1304019895,100
1304024914,43
1304027230,151
1304050127,11
1304052892,23
1304056775,270
1304080289,84
1304094516,66
1304107002,25
1304125705,20
1304129036,1174
1304146485,24
1304149672,204
1304152620,18
1304154724,17
1304159264,6664
1304160686,13
1304174300,243
1304196000,14
1304196094,23
1304207622,4899
1304218593,24
1304222831,149
1304225766,13
1304226508,12
1304229261,550
1304232661,42
1304234956,22
1304237262,48
1304238224,26
1304238567,84
1304242618,25
1304244881,20
1304246254,13
1304260727,46
1304284285,11
1304294655,11
1304306112,23
1304315081,102
1304318009,15
1304322497,51
1304333897,30
1304335866,46
1304336034,13
1304337507,43
1304341067,34
1304347403,12
1304349828,80
1304349839,20
1304351988,13
1304355918,24
1304359065,206
1304373890,23
1304378523,41
1304378982,36
1304380332,12
1304384931,78
1304397764,22
1304404625,13
1304407094,166
1304420160,13
1304423757,31
1304431028,136
1304437369,12
1304442749,24
1304443596,17
1304443708,14
1304444662,45
1304451904,286
1304464095,10
1304467806,64
1304471702,120
1304473868,35
1304488632,42
1304488811,27
1304493978,23
1304495415,132
1304495445,14
1304501122,52
1304506703,37
1304517830,20
1304518726,180
1304519591,39
1304520950,15
1304526833,13
1304529385,192
1304529863,68
1304537180,16
1304537472,81
1304539881,18
1304542808,48
1304556871,33
1304559533,30
1304567127,47
1304567934,24
1304568773,11
1304570341,14
1304571083,11
1304573079,42
1304583136,19
1304586137,18
1304590740,12
1304591688,25
1304593240,14
1304593880,16
1304594889,17
1304599770,35
1304607940,12
1304610471,12
1304628219,13
1304628584,20
1304631348,35
1304632302,48
1304633776,33
1304642476,13
1304644472,27
1304663770,199
1304669452,49
1304671769,51
1304679633,32
1304680116,56
1304682395,79
1304694242,27
1304694611,28
1304696083,99
1304696714,1022
1304697544,17
1304718110,12
1304731994,38
1304734752,24
1304735130,35
1304747155,150
1304750838,3
1304753624,34
1304758893,77
1304766813,51
1304775452,101
1304785049,24
1304794847,53
1304799387,45
1304802486,18
1304806937,32
1304821256,15
1304828386,39
1304832932,51
1304837172,62
1304837388,16
1304837809,96
1304843457,219
1304844444,12
1304856087,32
1304862483,28
1304863350,14
1304879632,100
1304888461,70
1304901279,77
1304905329,205
1304911834,16
1304914989,15
1304923286,35
1304926283,114
1304927496,369
1304930510,28
1304935616,13
1304937943,128
1304957651,1456
1304962944,11
1304963373,37
1304980197,13
1304985779,92
1304988216,21
1304995104,17
1304995293,19
1304997851,118
1305001221,107
1305002900,11
1305005489,16
1305006110,14
1305016405,15
1305019885,15
1305021260,23
1305031967,11
1305036742,16
1305037983,168
1305045450,11
1305045933,35
1305046490,30
1305049060,16
1305054288,17
1305056966,132
1305056996,30
1305058794,769
1305066054,11
1305081749,45
1305087722,20
1305087895,51
1305091317,33
1305101019,12
1305103103,80
1305115824,148
1305117762,82
1305120640,134
1305129752,80
1305133774,100
1305146030,42
1305148975,265
1305151705,57
1305155356,16
1305155429,37
1305161350,22
1305162419,11
1305163853,11
1305176990,17
1305177869,13
1305178119,323
1305179696,91
1305184384,23
1305186432,26
1305188958,25
1305192376,332
1305195833,13
1305199771,22
1305202283,87
1305213459,28
1305213711,27
1305226250,26
1305228500,16
1305235960,29
1305236221,16
1305243490,11
1305243497,2678
1305247069,21
1305260901,11
1305262154,106
1305266704,20
1305267585,234
1305270236,12
1305271574,48
1305279821,28
1305280727,16
1305283849,158
1305286302,18
1305295802,18
1305303119,11
1305317087,50
1305318180,11
1305322797,129
1305325533,56
1305351688,54
1305361578,81
1305361794,72
1305375036,50
1305383508,2016
1305384204,31
1305391575,100
1305402694,59
1305405354,109
1305421235,689
1305422688,167
1305428722,123
1305435762,12
1305444562,11
1305444772,149
1305456911,29
1305457480,148
1305464963,13
1305466278,483
1305472088,11
1305474996,101
1305475154,67
1305475918,300
1305476274,16
1305485172,11
1305486782,15
1305490851,201
1305492582,26
1305496722,22
1305498575,1002
1305507742,43
1305508043,64
1305509209,15
1305514578,16
1305525627,15
1305527469,24
1305535459,42
1305540288,65
1305545535,425
1305549420,23
1305550169,11
1305551862,1034
1305552609,12
1305553926,12
1305556195,124
1305560524,15
1305561172,18
1305567778,11
1305570895,16
1305587608,78
1305588644,14
1305591013,23
1305592881,12
1305597416,11
1305603066,16
1305606229,169
1305616760,15
1305624022,669
1305625451,34
1305628084,58
1305637317,14
1305651780,17
1305660185,17
1305662208,19
1305662329,11
1305662779,31
1305663861,7671
1305667339,65
1305679958,27
1305682786,17
1305699858,13
1305704141,61
1305707360,27
1305709115,20
1305715709,21
1305721097,16
1305731992,35
1305741457,179
1305741622,26
1305744986,56
1305755468,76
1305772131,167
1305773751,15
1305774331,80
1305780550,48
1305782176,28
1305788388,21
1305789974,33
1305790403,13
1305792661,88
1305796151,156
1305797201,87
1305803446,275
1305806069,28
1305806147,42
1305812425,28
1305814109,85
1305814495,23
1305816675,21
1305818123,48
1305824431,15
1305828240,44
1305841714,45
1305844835,284
1305848083,13
1305848792,11
1305853910,11
1305853976,12
1305862430,26
1305863428,13
1305863751,18
1305864535,32
1305877496,80
1305892412,11
1305900997,13
1305904986,51
1305914407,12
1305919833,58
1305923374,17
1305935350,13
1305945075,368
1305949408,1
1305965871,15
1305990791,88
1306012498,294
1306019889,140
1306022100,18
1306026425,20
1306027397,23
1306036902,116
1306049663,12
1306054893,12
1306059400,11
1306059784,37
1306061660,16
1306065843,3125
1306092159,11
1306100351,20
1306119612,17
1306128367,17424
1306128677,21
1306129196,45
1306134583,11
1306136148,76
1306138051,13
1306142266,79
1306145188,14
1306154480,43
1306154585,103
1306167802,13
1306169988,125
1306183965,75
1306195002,82
1306195025,13
1306196215,43
1306213287,67
1306220964,11
1306234870,38
1306237950,43
1306255186,16
1306263750,21
1306271858,11
1306272254,55
1306272949,262
1306273589,45
1306275910,41
1306277970,15
1306296659,11
1306298776,98
1306300731,11
1306302333,29
1306308600,27
1306313813,17
1306319469,19
1306319471,21
1306319479,20
1306326204,323
1306330232,20
1306331131,18
1306332390,14
1306335487,35
1306342221,14
1306353245,32
1306364195,154
1306371157,59
1306378942,53
1306386497,29
1306401233,22
1306402179,8
1306402746,8
1306405145,14
1306408422,110
1306410375,13
1306411267,18
1306413888,32
1306427790,33
1306430083,597
1306439313,31
1306443880,1166
1306446403,114
1306447506,523
1306448176,65
1306448250,11
1306451998,22
1306471514,14
1306476560,63
1306482063,177
1306485176,99
1306489798,14
1306493579,11
1306494403,66
1306496047,45
1306496060,120
1306498057,17
1306500877,47
1306503677,950
1306505608,11
1306505953,44
1306509662,55
1306512034,36
1306520275,102
1306537922,32
1306539048,43
1306551257,24
1306551587,117
1306568539,152
1306569406,11
1306578822,53
1306586377,34
1306595286,163
1306600992,25
1306607268,206
1306613830,201
1306616266,42
1306619570,46
1306633324,12
1306637593,44
1306639516,11
1306656310,132
1306657349,16
1306659537,54
1306662378,125
1306664176,381
1306694574,65
1306697289,11
1306706347,36
1306722822,2832
1306725865,68
1306727166,17
1306733753,1834
1306736699,54
1306741502,19
1306743583,372
1306758289,1405
1306763846,11
1306768200,1994
1306781567,33
1306804150,168
1306826997,43
1306834767,96
1306836270,337
1306846091,20
1306847201,22
1306848735,20
1306851637,9
1306851819,21
1306856013,12
1306859228,12
1306869516,8
1306872292,6
1306876863,5
1306882201,16
1306883915,20
1306885243,19
1306886896,37
1306893800,17
1306900312,1
1306905377,16
1306907703,38
1306912075,0
1306912613,76
1306918164,1304
1306932520,71
1306938692,28
1306940144,65
1306959362,19
1306960192,22
1306969596,132
1306985248,19
1306985935,124
1306986142,13
1306989887,2063
1307004566,33
1307024852,45
1307025984,215
1307026151,16
1307033594,12
1307038453,1
1307060259,19
1307065127,13
1307068134,61
1307070667,153
1307074936,24
1307084089,326
1307084846,136
1307093709,11
1307096111,27
1307097672,47
1307100597,31
1307104496,91
1307110961,12
1307119235,75
1307122649,14
1307122986,15
1307125130,11
1307144877,19
1307154301,304
1307157054,56
1307160977,67
1307161130,111
1307162978,23
1307168916,21
1307169447,116
1307178612,12
1307178735,101
1307179412,299
1307180092,12
1307183421,14
1307194740,37
1307195678,16
1307197725,279
1307202159,308
1307203323,50
1307213552,58
1307221879,44
1307230282,14
1307234647,13
1307244279,55
1307248901,54
1307252454,1310
1307266417,132
1307270186,17
1307270471,16
1307270857,55
1307285110,112
1307304765,203
1307328321,78
1307339612,14
1307341214,28
1307347009,11
1307347876,14
1307350189,317
1307351082,40
1307351509,11
1307354870,16
1307359698,69
1307372176,17
1307376509,109
1307379556,252
1307383231,2664
1307394829,15
1307404521,11
1307409549,12
1307416356,12
1307425320,25
1307432618,84
1307439103,11
1307448787,101
1307465082,15
1307467681,43
1307469301,44
1307476583,18
1307486190,1871
1307488192,22
1307488992,539
1307489758,17
1307509461,25
1307514479,100
1307527826,25
1307533166,13
1307540755,19
1307547413,12
1307556669,18
1307559411,69
1307567870,79
1307568662,3227
1307584540,62
1307588143,46
1307596191,26
1307603352,51
1307624256,21
1307628678,12
1307633669,62
1307643131,12
1307643360,12
1307646804,16
1307648930,32
1307649454,43
1307649953,83
1307667911,22
1307670544,17
1307671429,14
1307672574,11
1307673508,33
1307679581,2172
1307694207,22
1307695013,91
1307697837,78
1307703830,175
1307704843,12
1307713600,23
1307720625,18
1307733763,81
1307742719,24
1307746958,15
1307751634,25
1307762938,389
1307767186,25
1307773072,38
1307773457,12
1307773990,30
1307787792,90
1307790733,112
1307805451,45
1307807240,38
1307809022,28
1307815143,14
1307817867,20
1307818034,87
1307821649,34
1307830099,11
1307831948,14
1307836085,22
1307873912,28
1307885966,48
1307893307,25
1307896324,17
1307911548,54
1307912172,14
1307913805,18
1307918371,16
1307944394,45
1307949895,11
1307952399,23
1307954344,117
1307966960,34
1307972723,17
1307984484,356
1307987666,54
1307990988,12
1307992645,29
1308013171,11
1308019466,24
1308021842,11
1308040005,83
1308045091,24
1308046435,18
1308097408,17
1308102087,39
1308110606,17
1308122629,69
1308123071,25
1308124634,91
1308138907,20
1308149332,282
1308177433,11
1308192854,11
1308206794,16
1308229925,12
1308234922,3018
1308268969,111
1308269277,15
1308273872,25
1308288667,123
1308295979,80
1308296695,20
1308316384,25
1308326597,108
1308327451,20
1308331067,17
1308334569,29
1308336615,21
1308340659,11
1308352598,23
1308359696,14
1308361498,54
1308364098,20
1308369084,59
1308381095,18
1308397376,53
1308398292,13
1308400131,20
1308404399,367
1308410531,26
1308414454,15
1308419721,44
1308444605,28
1308447765,53
1308448263,112
1308448270,305
1308458265,54
1308458354,476
1308460307,824
1308461658,14
1308479056,11
1308479983,42
1308481724,40
1308482715,22
1308499720,14
1308503336,21
1308517032,12
1308519003,14
1308521113,58
1308521559,151
1308528219,29
1308530009,107
1308538112,122
1308545018,22
1308548569,28
1308555341,22
1308558657,283
1308565466,15
1308567776,13
1308579255,20
1308593621,387
1308599537,108
1308602622,38
1308603606,32
1308612950,191
1308618376,16
1308622617,112
1308625355,43
1308631974,11
1308634170,12
1308635689,28
1308635795,9
1308648534,757
1308651022,66
1308660921,13
1308673015,24
1308686491,227
1308693057,12
1308708421,102
1308739986,30
1308745348,15
1308747824,19
1308758430,20
1308759155,22
1308766310,13
1308779766,23
1308788921,20
1308795025,479
1308801528,39
1308805179,44
1308807827,11
1308813487,101
1308815776,56
1308834602,19
1308844682,22
1308850915,51
1308865998,24
1308867877,41
1308872614,11
1308873515,83
1308878403,32
1308921817,24
1308924757,70
1308942123,462
1308959443,59
1308968509,17
1308979112,11
1309033539,11
1309035989,16
1309048757,304
1309051991,19
1309088427,19
1309088889,167
1309091925,117
1309101083,12
1309102418,2440
1309107879,136
1309108751,12
1309116723,35
1309124917,20
1309132872,33
1309135706,230
1309137852,16
1309144942,12
1309151187,42
1309160635,15
1309164822,26
1309173710,36
1309188262,14
1309225609,16
1309245485,20
1309246845,78
1309249926,48
1309274307,15
1309280330,15
1309282831,562
1309286742,13
1309325573,21
1309341321,247
1309348250,69
1309349093,14
1309360788,43
1309365929,11
1309370339,17
1309385521,20
1309391856,17
1309399723,512
1309403290,12
1309407208,25
1309410209,13
1309425913,56
1309433170,15
1309433504,79
1309435192,35
1309437536,576
1309439134,19
1309451980,3427
1309472658,17
1309476358,168
1309487694,25
1309499087,1112
1309505221,1743
1309510538,40
1309516453,13
1309540034,19
1309545902,32
1309553976,27
1309554690,257
1309561049,14
1309581098,13
1309583104,13
1309585508,1035
1309586086,47
1309586764,11
1309587458,195
1309589962,13
1309597733,19
1309601929,22
1309605115,14
1309611294,21
1309617936,31
1309620561,12
1309631593,13
1309640971,38
1309647838,72
1309661157,16
1309661906,205
1309664593,81
1309664986,81
1309668849,133
1309671224,34
1309676304,166
1309680814,13
1309681281,19
1309681855,259
1309681945,21
1309687875,16
1309697928,17
1309703648,50
1309704070,23
1309709313,53
1309712229,16
1309737637,158
1309738430,16
1309740531,18
1309751899,5286
1309759774,101
1309760179,71
1309767411,12
1309781127,93
1309782162,21
1309790222,32
1309793819,22
1309799622,28
1309804498,27
1309804746,25
1309815142,30
1309818833,58
1309830743,16
1309831189,23
1309832934,20
1309836866,301
1309846497,138
1309846574,76
1309857238,161
1309873735,19
1309889408,20
1309902610,106
1309907019,33
1309914275,11
1309929858,14
1309939393,14
1309949076,81
1309960637,22
1309963061,15
1309964649,30
1309965117,57
1309966437,33
1309969662,14
1309972807,29
1309976848,12
1309990836,2
1309992998,68
1309994258,23
1309996887,21
1309997615,29
1310007456,27
1310007689,13
1310013986,482
1310014869,356
1310038761,19
1310045865,14
1310057619,4297
1310064911,14
1310066833,65
1310082015,25
1310097724,42
1310109196,259
1310126574,13
1310126867,216
1310139882,43
1310140413,11
1310156788,29
1310159401,41
1310161451,46
1310162837,1199
1310169028,13
1310178015,11
1310187403,16
1310191503,73
1310199195,15
1310208173,35
1310243342,158
1310243752,59
1310254507,23
1310260640,82
1310271207,241
1310274020,57
1310274582,51
1310282341,20
1310285353,94
1310294466,106
1310296661,72
1310307310,280
1310309392,62
1310313058,12
1310314263,37
1310314499,28
1310318281,1
1310363431,47
1310363791,20
1310374568,237
1310380073,74
1310383349,29
1310396953,20
1310406084,24
1310428322,178
1310429236,63
1310450222,26
1310451183,12
1310474846,112
1310495129,11
1310500533,14
1310505194,22
1310538762,171
1310543401,1330
1310550182,12
1310561652,42
1310567981,11
1310577552,29
1310586510,101
1310594307,83
1310601561,769
1310610581,27
1310624361,39
1310624440,249
1310624630,766
1310629295,34
1310630466,31
1310632392,20
1310635707,17
1310636883,13
1310641242,38
1310650417,17
1310651221,22
1310665145,15
1310666689,1989
1310679785,47
1310681525,16
1310682277,31
1310682390,11
1310685702,12
1310687669,38
1310691580,999
1310692055,26
1310694908,12
1310696198,17
1310700974,120
1310705177,79
1310705824,100
1310715414,329
1310716843,278
1310727310,32
1310736783,15
1310741811,453
1310748800,213
1310757100,103
1310757503,11
1310758816,1672
1310767243,167
1310767575,18
1310775568,12
1310782100,15
1310782328,26
1310782800,11
1310785779,15
1310788413,24
1310791404,1993
1310798572,16
1310813330,263
1310819016,26
1310825919,64
1310830484,70
1310844245,42
1310847317,1120
1310858736,12
1310865330,327
1310871684,23
1310874500,136
1310875798,11
1310885424,36
1310902433,178
1310922073,17
1310922614,16
1310937286,15
1310940802,116
1310964744,32
1310966347,52
1310967763,59
1310968158,161
1310973801,51
1310976735,28
1310977717,13
1310981351,99
1310982497,68
1311000158,109
1311000427,33
1311004634,14
1311007832,11
1311043182,13
1311058503,51
1311071006,20
1311073479,13
1311085469,207
1311089623,14
1311096964,36
1311097438,13
1311098573,16
1311108439,2985
1311117641,13
1311124886,27
1311138783,12
1311147433,59
1311153410,366
1311160595,15
1311163719,53
1311174165,75
1311175410,25
1311178555,16
1311186098,24
1311196031,16
1311213274,46
1311225763,707
1311242301,33
1311245795,65
1311250427,73
1311257557,1
1311273226,25
1311304578,95
1311307019,42
1311313529,354
1311343748,11
1311345774,12
1311345825,14
1311349557,29
1311355645,12
1311366010,94
1311384232,1038
1311394991,12
1311401615,12
1311411474,98
1311422733,13
1311424418,34
1311425451,0
1311437062,36
1311468146,37
1311473088,70
1311485484,90
1311491381,114
1311492346,22
1311494325,20
1311500998,0
1311501610,1
1311502074,0
1311502709,19
1311503215,0
1311503723,0
1311504457,0
1311505830,0
1311522782,14
1311529044,17
1311535386,12
1311562347,14
1311578618,21
1311581613,16
1311612339,11
1311615093,21
1311616339,45
1311619177,13
1311630122,56
1311640403,56
1311664525,247
1311668806,64
1311672561,13
1311673540,25
1311678225,175
1311686694,46
1311689987,13
1311697330,115
1311705381,78
1311705407,16
1311706813,30
1311712568,12
1311716728,182
1311726422,21
1311732585,24
1311737455,13
1311739668,23
1311740729,34
1311747864,35
1311760177,21
1311760221,12
1311762905,61
1311769536,57
1311777322,28
1311777851,15
1311778103,12
1311803282,24
1311807280,38
1311807406,184
1311829424,10
1311833401,30
1311854354,149
1311869304,12
1311892484,14
1311901064,61
1311914043,67
1311917227,12
1311921003,8
1311928786,12
1311936638,39
1311956660,23
1311957569,53
1311964297,45
1311966497,14
1311974330,12
1311982302,20
1311987226,11
1311998459,55
1312008708,120
1312026582,149
1312027571,26
1312029783,215
1312033853,1
1312036354,96
1312038136,0
1312038724,51
1312044413,16
1312044635,0
1312045449,1
1312049432,1
1312049524,402
1312051024,19
1312052589,20
1312055438,19
1312055731,0
1312070559,48
1312086672,102
1312090216,1
1312098151,13
1312117697,145
1312126862,18
1312129554,33
1312130863,11
1312139641,13
1312142639,755
1312146061,27
1312150421,131
1312150651,86
1312153246,125
1312158011,73
1312158335,1512
1312161341,98
1312193222,123
1312196199,19
1312196547,16
1312198605,170
1312207127,12
1312208627,13
1312220956,300
1312224999,46
1312228909,15
1312239443,440
1312245950,509
1312247338,75
1312249564,24
1312257227,3391
1312258286,11
1312278161,23
1312280882,284
1312292672,53
1312306755,13
1312323374,16
1312341145,11
1312346598,65
1312346934,77
1312375880,168
1312393328,17
1312403743,20
1312406410,30
1312422942,73
1312424308,16
1312428500,37
1312435582,108
1312438113,20
1312446183,103
1312462049,14
1312466494,72
1312473145,70
1312477654,92
1312485662,194
1312488824,528
1312493082,16
1312513731,129
1312517093,33
1312519173,11
1312530712,16
1312532956,13
1312538053,13
1312540818,38
1312543008,18
1312545580,70
1312545887,60
1312546480,90
1312547265,35
1312551044,163
1312554298,856
1312554404,434
1312558359,12
1312561935,11
1312563136,17
1312564120,78
1312574524,18
1312580372,86
1312583711,12
1312590850,82
1312591765,232
1312608358,11
1312609286,610
1312610893,24
1312611656,11
1312612110,11
1312619737,753
1312627260,62
1312661484,12
1312665350,254
1312680132,53
1312683471,11
1312685460,35
1312693131,15
1312693622,17
1312698116,35
1312710283,241
1312716448,128
1312728158,14
1312729279,98
1312738975,13
1312740155,47
1312752179,175
1312756784,112
1312759592,337
1312762173,255
1312778103,22
1312787405,19
1312793653,11
1312795548,18
1312806315,42
1312807575,5349
1312808843,12
1312814720,19
1312822845,12
1312835170,36
1312835660,18
1312851600,17
1312859624,16
1312866998,45
1312879027,22
1312879869,16
1312892713,16
1312902046,144
1312909652,160
1312909869,138
1312910397,11
1312912332,15
1312917672,16
1312919844,27
1312920018,31
1312920802,24
1312924030,61
1312924533,11
1312924592,66
1312925920,30
1312927051,26
1312934614,28
1312949602,48
1312949782,165
1312956538,16
1312957276,32
1312958361,46
1312966353,22
1312985062,26
1312985238,23
1312987866,27
1312990447,12
1312990519,21
1312990898,34
1313000137,116
1313004200,26
1313006074,101
1313011686,86
1313012236,16
1313026445,101
1313031641,12
1313032827,85
1313041772,349
1313044653,21
1313045538,11
1313064103,68
1313070818,12
1313085544,54
1313088952,13
1313106112,11
1313130082,8
1313138826,62
1313142522,84
1313157720,21
1313164370,66
1313166155,70
1313181765,85
1313197580,72
1313214764,41
1313215450,865
1313222155,11
1313225248,105
1313232630,37
1313236648,37
1313239727,164
1313243427,14
1313281849,15
1313284310,18
1313288190,34
1313290235,60
1313292616,12
1313295846,60
1313300049,37
1313300885,11
1313314563,11
1313315719,18
1313325215,127
1313341722,15
1313351403,97
1313352721,195
1313355587,31
1313358017,118
1313360734,40
1313360851,22
1313362873,17
1313369906,16
1313374269,48
1313375317,166
1313378548,189
1313381402,70
1313392636,30
1313394139,11
1313397312,110
1313411155,46
1313427207,11
1313430820,19
1313432487,38
1313434625,711
1313435339,2364
1313435665,21
1313436648,52
1313441607,15
1313451184,274
1313453387,29
1313463885,169
1313485867,11
1313488505,19
1313488876,12
1313505044,38
1313512177,11
1313524608,21
1313528093,212
1313531698,15
1313548808,62
1313549651,16
1313550097,13
1313550111,45
1313555494,11
1313572572,12
1313573635,307
1313576395,8717
1313580625,24
1313592821,26
1313594931,34
1313597274,195
1313605451,15
1313610207,39
1313612260,24
1313614650,505
1313617280,11
1313620762,19
1313627220,13
1313635970,46
1313670990,21
1313671055,41
1313678749,39
1313691908,21
1313699888,12
1313706469,11
1313714467,28
1313726003,100
1313732283,291
1313733120,11
1313733249,103
1313742872,16
1313744584,23
1313763142,74
1313770200,182
1313785939,186
1313787242,16
1313805296,51
1313805761,16
1313808387,117
1313817088,148
1313835429,22
1313843554,140
1313844277,105
1313847312,10
1313855420,12
1313865197,23
1313886041,71
1313895034,40
1313901190,65
1313902928,11
1313905017,14
1313914433,14
1313919481,104
1313919842,23
1313921896,109
1313937048,29
1313941347,76
1313950222,44
1313951228,120
1313954221,38
1313966068,1236
1313972226,103
1313978749,19
1313980708,11
1313993247,38
1313999061,34
1314005304,35
1314007736,14
1314017272,26
1314017288,13
1314029122,97
1314033208,50
1314035762,14
1314036825,132
1314048518,2995
1314064046,30
1314070900,101
1314075859,263
1314077782,14
1314090794,23
1314096019,12
1314104494,94
1314105991,127
1314112828,38
1314121831,24
1314131289,78
1314140996,66
1314141621,26
1314159634,37
1314180940,22
1314181734,18
1314186121,21
1314190101,126
1314213737,289
1314223012,139
1314223440,28
1314224558,11
1314225526,75
1314243622,57
1314267613,88
1314268068,136
1314272530,17
1314277259,26
1314289943,32
1314300684,72
1314304412,81
1314307824,12
1314331320,82
1314351367,20
1314351515,17
1314365508,12
1314368765,337
1314372174,15
1314384305,13
1314400315,11
1314404827,799
1314407693,12
1314411582,45
1314411983,12
1314426744,17
1314435335,62
1314435709,27
1314437735,47
1314439583,20
1314446438,411
1314448411,17
1314450193,80
1314456721,14
1314465738,15
1314471674,52
1314494428,84
1314502072,44
1314507647,30
1314510108,28
1314510451,88
1314513956,66
1314515526,17
1314518085,479
1314525428,80
1314530051,13
1314535038,337
1314539144,12
1314549531,70
1314553634,187
1314555301,12
1314556783,162
1314562499,15
1314573574,20
1314575500,12
1314575864,67
1314577732,48
1314582570,16
1314587317,59
1314597444,481
1314597640,28
1314606490,43
1314609786,104
1314621723,75
1314635382,41
1314646280,20
1314650261,29
1314665580,115
1314666759,15
1314688202,51
1314692458,69
1314696900,47
1314705337,24
1314708146,33
1314708569,12
1314719265,42
1314751354,17
1314761721,29
1314768270,13
1314771915,122
1314775126,4
1314785707,144
1314787397,210
1314793770,92
1314796671,90
1314797404,45
1314807642,66
1314810821,23
1314814693,18
1314828347,75
1314829815,151
1314839093,90
1314848571,12
1314861868,45
1314886398,67
1314897407,13
1314898286,37
1314902293,15
1314907124,18
1314908790,930
1314919710,11
1314921459,14
1314930526,79
1314930742,37
1314935411,40
1314939164,35
1314942306,14
1314942734,18
1314955865,14
1314963175,233
1314965195,38
1314965780,11
1315002015,21
1315011203,35
1315013718,50
1315019806,129
1315046220,13
1315050467,18
1315060524,162
1315090338,32
1315107360,179
1315124331,17
1315145555,22
1315148422,185
1315151205,26
1315161527,15
1315162321,14
1315174739,46
1315176698,53
1315197623,13
1315202731,34
1315206477,16
1315237738,12
1315250209,112
1315253319,19
1315259344,128
1315261510,17
1315264982,215
1315274753,24
1315306738,11
1315310857,307
1315325448,126
1315337233,11
1315345631,11
1315360669,241
1315380003,15
1315384578,613
1315386783,15
1315387640,13
1315396243,32
1315403737,30
1315417479,21
1315421856,19
1315423038,12
1315424242,2370
1315427742,118
1315440714,68
1315458055,247
1315467948,31
1315490794,29
1315496140,711
1315506094,25
1315507441,14
1315524449,35
1315532431,15
1315554178,20
1315554554,17
1315555252,109
1315559738,73
1315590382,107
1315593981,262
1315606516,12
1315608225,39
1315612819,16
1315615915,30
1315616754,25
1315617533,17
1315624465,112
1315633191,500
1315636287,343
1315650270,52
1315653133,79
1315655500,11
1315666966,1347
1315694205,55
1315704673,1196
1315704894,31
1315709446,11
1315719035,52
1315725201,2
1315727835,30
1315752194,14
1315754570,30
1315756690,19
1315759320,15
1315768968,227
1315771979,1073
1315773456,89
1315775537,120
1315780685,63
1315782012,18
1315782075,13
1315782500,64
1315788070,18
1315788496,1994
1315791355,11
1315799079,708
1315808628,13
1315812726,344
1315815106,32
1315829821,81
1315850048,675
1315854686,2430
1315862117,52
1315868156,17
1315871263,34
1315872547,25
1315873482,12
1315881431,66
1315882506,55
1315885684,194
1315898112,26
1315908836,12
1315913180,15
1315917300,11
1315917939,30
1315920735,20
1315929647,2805
1315945353,11
1315946971,46
1315962414,159
1315972279,14
1315973245,28
1315994465,114
1315995847,31
1316006189,23
1316017987,16
1316018310,31
1316027708,88
1316033508,186
1316035735,92
1316038912,23
1316039457,11
1316040374,32
1316058101,100
1316065836,2
1316073756,117
1316084541,21
1316091624,14
1316095157,78
1316114472,159
1316125494,51
1316132985,20
1316165928,11
1316182715,22
1316187395,43
1316195094,129
1316202030,16
1316207405,13
1316217740,30
1316220263,19
1316232500,23
1316239060,29
1316239568,11
1316240573,21
1316245845,12
1316262618,28
1316266139,42
1316273378,55
1316282601,38
1316292189,106
1316295800,38
1316298108,13
1316298951,326
1316301768,11
1316320567,31
1316321471,14
1316327387,24
1316331731,12
1316344428,14
1316356625,15
1316365555,580
1316371799,426
1316373075,38
1316378608,53
1316380795,16
1316387098,11
1316388080,370
1316389149,15
1316417512,11
1316440427,116
1316441040,31
1316443307,3872
1316443332,38
1316451942,204
1316458302,66
1316471796,14
1316474873,62
1316478168,54
1316480843,54
1316485187,76
1316490853,35
1316509952,17
1316527318,14651
1316536180,26
1316538156,72
1316538729,45
1316544157,72
1316553733,311
1316568189,21
1316586400,19
1316590209,15
1316591500,15
1316592914,11
1316594544,15
1316594840,84
1316595638,62
1316596909,53
1316597022,22
1316597685,66
1316597776,14
1316597823,11
1316599000,55
1316599118,13
1316601917,66
1316603236,96
1316622249,12
1316642877,41
1316673002,173
1316673337,32
1316678048,15
1316679883,30
1316686157,98
1316701203,19
1316703022,26
1316707723,96
1316712864,39
1316715856,15
1316753184,11
1316762886,16
1316765705,13
1316775238,20
1316783029,41
1316793737,310
1316795029,219
1316795249,23
1316799715,11
1316808195,53
1316825297,117
1316826510,11
1316827897,48
1316838184,17
1316852624,13
1316860569,34
1316875788,4567
1316883315,83
1316894183,20
1316907092,35
1316909862,13
1316924477,147
1316932757,11
1316933090,12
1316944679,111
1316946692,629
1316947252,12
1316954065,12
1316968835,65
1316983376,67
1317000300,26
1317005876,25
1317011745,45
1317026993,19
1317035639,67
1317036455,14
1317041031,8207
1317054555,395
1317064728,11
1317066429,121
1317066456,21
1317066828,46
1317071286,13
1317086026,124
1317089093,92
1317093528,15
1317095624,16
1317111254,12
1317118119,193
1317118467,53
1317152420,17
1317170588,16
1317172464,115
1317172804,22
1317183975,11
1317190160,17
1317191653,121
1317198312,87
1317202867,85
1317210052,72
1317211370,25
1317211809,67
1317234451,12
1317237779,14
1317239540,14
1317244380,32
1317248227,49
1317261674,41
1317266955,59
1317273101,125
1317280647,20
1317304497,84
1317322071,50
1317322518,21
1317323848,66
1317328379,11
1317332295,0
1317333477,0
1317348950,11
1317354312,1
1317356529,0
1317358185,977
1317358607,0
1317359824,0
1317360095,0
1317361536,12
1317365351,21
1317376183,125
1317379324,71
1317383744,37
1317385739,56
1317393235,13
1317413024,22
1317419435,20
1317420195,19
1317420606,39
1317422032,22
1317434942,139
1317438192,54
1317439916,17
1317444689,11
1317448886,1
1317463144,39
1317466681,17
1317467366,14
1317472781,37
1317490924,11
1317496789,22
1317498322,144
1317508324,12
1317515809,635
1317527211,60
1317541451,3
1317564135,184
1317571548,42
1317575332,23
1317584210,53
1317597851,69
1317608912,25
1317611495,29
1317638285,99
1317638368,42
1317679835,38
1317695757,13
1317703606,11
1317714743,20
1317714931,29
1317721033,32
1317724906,10
1317742704,155
1317749372,65
1317780464,128
1317805815,72
1317820455,22
1317834385,40
1317842624,92
1317845318,116
1317845894,108
1317850140,17
1317853585,46
1317857887,11
1317863622,56
1317888287,12
1317890750,17
1317893214,75
1317902880,52
1317911084,103
1317915210,13
1317915277,12
1317920445,43
1317924808,14
1317926564,12
1317927085,36
1317930819,33
1317946380,52
1317970569,255
1317978834,13
1317979155,11
1317984735,48
1317985760,13
1317996135,157
1317998700,21
1317999275,47
1318002754,4
1318009903,15
1318019826,24
1318023660,70
1318025112,1838
1318037436,25
1318053703,26
1318055814,11
1318057073,25
1318057433,17
1318072933,49
1318081867,16
1318087745,401
1318091082,39
1318092877,52
1318096478,168
1318100800,39
1318102439,55
1318111439,21
1318150396,82
1318151455,11
1318152768,42
1318164526,26
1318184764,1379
1318187016,5825
1318197751,18
1318211548,20
1318213206,15
1318229004,99
1318233396,12
1318237562,11
1318241125,33
1318245682,20
1318251650,14
1318252591,28
1318257480,33
1318258994,20
1318274214,4
1318289209,17
1318289840,20
1318289843,136
1318293898,18
1318294378,12
1318304916,192
1318310911,45
1318315172,90
1318320674,61
1318330553,70
1318341671,73
1318342814,15
1318348313,61
1318353635,14
1318360190,31
1318360844,135
1318361504,142
1318362655,11
1318369502,31
1318379446,66
1318382003,83
1318382587,744
1318383417,365
1318384497,12
1318384640,12
1318387487,15
1318388542,58
1318400137,19
1318404555,24
1318407647,14
1318411646,31
1318423155,31
1318425443,13
1318425496,31
1318431764,61
1318436431,77
1318436679,13
1318445542,14
1318458711,12
1318459050,28
1318461482,11
1318465490,25
1318479117,13
1318483994,18
1318490286,27
1318504079,105
1318529228,30
1318548997,18
1318562243,152
1318609608,55
1318614758,13
1318621602,12
1318654705,16
1318658418,14
1318664032,50
1318672654,53
1318675746,14
1318681359,113
1318712528,32
1318722718,110
1318725835,47
1318727352,192
1318729673,27
1318734428,34
1318737774,11
1318738214,24
1318743140,86
1318768894,9963
1318777827,38
1318788427,20
1318795016,9
1318796567,13
1318801695,313
1318802395,38
1318804206,16
1318805473,14
1318820565,32
1318826614,31
1318830493,107
1318832252,108
1318832652,110
1318833049,109
1318833449,382
1318855915,28
1318858576,23
1318866816,107
1318873253,394
1318875738,0
1318882771,1
1318883031,1
1318885938,9
1318892468,1
1318893208,1244
1318894586,78
1318897483,34
1318900501,18
1318900928,14
1318904076,314
1318905261,13
1318913074,0
1318914813,45
1318937120,135
1318944817,10
1318947048,614
1318961055,15
1318963796,123
1318963974,12
1318966444,47
1318967247,12
1318969718,22
1318977228,14
1318977673,14
1318978967,9
1318979351,8
1318987374,20
1319004034,13
1319010645,95
1319013114,11
1319017608,24
1319031883,33
1319036011,22
1319037509,35
1319051191,43
1319051889,21
1319059379,14
1319066980,2
1319067720,48
1319075968,29
1319085701,45
1319087070,21
1319093879,293
1319095350,16
1319102721,60
1319103293,11
1319109139,251
1319112594,13
1319119605,41
1319132573,16
1319136719,140
1319137793,17
1319139342,11
1319156283,33
1319158290,14
1319160890,27
1319168519,11
1319169607,16
1319174653,1182
1319185876,93
1319198340,94
1319201095,15
1319201916,59
1319213105,23
1319215459,11
1319221351,161
1319225586,12
1319247547,203
1319248989,668
1319268814,167
1319277794,70
1319280026,1
1319290417,119
1319291513,33
1319294522,30
1319296913,110
1319299763,25
1319304431,61
1319308368,73
1319312065,34
1319318004,13
1319323481,80
1319325765,149
1319325965,13
1319328390,22
1319328610,22
1319336961,2556
1319353851,62
1319357404,13
1319357442,13
1319366891,10
1319367318,51
1319368210,134
1319373413,27
1319374673,24
1319378448,340
1319394660,20
1319417476,13
1319419492,4873
1319423199,45
1319438575,12
1319440456,10
1319443961,15
1319445130,81
1319474007,555
1319475824,11
1319495166,108
1319501276,42
1319535995,17
1319537176,12
1319540329,130
1319544310,28
1319555849,33
1319566713,90
1319573043,31
1319580960,116
1319600255,140
1319602786,20
1319610556,14
1319613433,14
1319616317,12
1319616329,13
1319621005,21
1319623498,13
1319630301,7
1319634614,1
1319636380,28
1319638566,0
1319638787,0
1319643307,0
1319644682,28
1319645021,2
1319645784,0
1319647108,0
1319648286,307
1319651356,0
1319651581,0
1319652485,9
1319655999,0
1319656926,1
1319659765,1
1319665034,2
1319678347,175
1319680328,0
1319697693,14
1319701315,0
1319702332,13
1319711005,45
1319712430,79
1319720221,1
1319749836,14
1319760746,29
1319776248,43
1319778645,29
1319780465,101
1319786688,98
1319793410,27
1319795009,2
1319797823,25
1319823035,61
1319824147,62
1319827146,33
1319832335,56
1319835565,151
1319840926,16
1319849272,13
1319851399,93
1319853777,21
1319855210,1228
1319870867,27
1319873617,170
1319873856,34
1319879136,288
1319899830,11
1319913823,370
1319919713,2
1319921002,350
1319927892,706
1319929531,19
1319930579,13
1319935567,19
1319936575,15
1319940995,11
1319941229,40
1319945044,73
1319946565,14
1319951501,24
1319960845,23
1319996831,15
1320010935,35
1320019880,143
1320029807,16
1320032479,0
1320038780,99
1320038965,13
1320039160,54
1320039519,90
1320057578,15
1320069781,45
1320078754,12
1320081580,53
1320085548,65
1320086941,160
1320088898,135
1320091816,1074
1320091852,35
1320101490,3200
1320109030,15
1320110114,53
1320127508,60
1320140163,16
1320145360,12
1320145775,124
1320148460,12
1320151833,181
1320154042,106
1320154809,24
1320160089,19
1320162302,52
1320172833,11
1320178198,73
1320187512,16
1320191889,881
1320195608,146
1320201211,12
1320201809,12
1320202144,30
1320203112,3
1320206061,20
1320208076,69
1320210031,12
1320225787,0
1320226649,0
1320239169,108
1320242285,1155
1320243904,15
1320246076,84
1320252722,21
1320257424,0
1320260594,12
1320270455,742
1320271414,101
1320279890,33
1320283832,264
1320291718,20
1320292651,17
1320295785,26
1320301761,13
1320307428,750
1320308769,25
1320308904,17
1320328062,11
1320332255,16
1320333770,18
1320337931,72
1320337958,10
1320339732,256
1320347777,30
1320349038,15
1320354524,11
1320360869,1
1320361728,0
1320369294,44
1320371134,0
1320379092,32
1320387914,103
1320389065,15
1320394130,11
1320409975,13
1320412291,1
1320413062,0
1320444346,810
1320448216,123
1320453043,287
1320456601,0
1320457204,21
1320463514,28
1320472884,31
1320490421,0
1320496553,0
1320502145,307
1320502697,16
1320507130,0
1320508734,0
1320532788,0
1320538689,28
1320578276,32
1320658226,39
1320682291,69
1320723546,17
1320737819,12
1320749267,14
1320763344,49
1320767711,106
1320804509,47
1320818729,142
1320824737,84
1320827273,997
1320838720,28
1320874379,13
1320905866,14
1320932400,41
1320943282,22
1321012021,12
1321015213,11
1321035178,15
1321045269,110
1321050149,332
1321050932,7
1321063327,19
1321069859,10
1321085715,19
1321088913,85
1321100725,12
1321135386,121
1321139753,34
1321142548,54
1321150084,20
1321152436,303
1321161662,79
1321164726,14
1321166557,606
1321177738,15
1321182314,40
1321204158,23
1321205409,12
1321209080,56
1321213830,28
1321216024,54
1321219788,170
1321236807,14
1321239702,28
1321259990,1
1321260596,73
1321270149,192
1321274124,22
1321275205,41
1321277409,16
1321280018,83
1321280738,347
1321285248,11
1321291692,50
1321324242,79
1321327978,20
1321336595,16
1321356000,58
1321359471,105
1321376069,47
1321379766,41
1321382020,30
1321396874,148
1321397116,31
1321399490,45
1321407943,0
1321408165,856
1321408361,57
1321422619,19
1321423834,28
1321436547,687
1321441704,40
1321458166,13
1321458559,21
1321458827,17
1321461994,13
1321465913,18
1321469177,13
1321478154,12
1321490481,50
1321493628,15
1321499283,33
1321505820,29
1321507377,42
1321515356,32
1321517392,54
1321545971,24
1321546743,15
1321559698,407
1321574827,26
1321591183,100
1321624668,1498
1321632884,12
1321637157,28
1321668961,126
1321674005,33
1321674874,84
1321678498,95
1321678758,38
1321688525,653
1321689447,19
1321694497,14
1321695604,21
1321699044,28
1321714128,15
1321722857,19
1321738568,19
1321749130,45
1321766011,11
1321770621,81
1321772520,30
1321773119,59
1321773777,57
1321776044,149
1321781742,62
1321784163,66
1321786097,70
1321788330,20
1321790489,627
1321795687,13
1321815624,27
1321818508,62
1321824972,61
1321826970,229
1321841047,18
1321878142,134
1321884777,57
1321885031,16
1321888095,131
1321890359,31
1321895537,13
1321906459,16
1321907813,12
1321908669,41
1321913769,12
1321920026,3599
1321921283,175
1321926278,37
1321936789,2
1321952946,22
1321967766,16
1321988451,71
1321994122,11
1321996634,65
1322012299,20627
1322016298,33
1322030451,121
1322045689,29
1322051065,29
1322054270,36
1322055568,62
1322067899,9
1322083929,314
1322091211,125
1322098015,118
1322098652,41
1322113808,15
1322120053,96
1322136828,1451
1322162271,17
1322180690,14
1322183015,237
1322187842,301
1322193747,29
1322195763,14
1322214052,238
1322224491,11
1322226624,635
1322239420,90
1322241466,277
1322243816,40
1322254311,286
1322256167,3
1322256388,24
1322284570,34
1322298114,20
1322315200,11
1322327414,13
1322339572,85
1322350350,50
1322351307,51
1322356489,37
1322370305,118
1322371775,47
1322388294,138
1322396669,54
1322411592,35
1322419783,14
1322427037,11
1322432533,19
1322438453,12
1322438508,83
1322439023,80
1322452208,14
1322455734,41
1322477142,32
1322480547,80
1322481762,334
1322497894,12
1322502505,1431
1322505194,37
1322510470,33
1322524751,154
1322532419,19
1322535083,15
1322551166,14
1322562247,11
1322579884,11
1322583727,11
1322584104,52
1322620648,22
1322621080,44
1322626388,164
1322633620,119
1322640431,138
1322651268,3382
1322652272,63
1322660175,56
1322662035,32
1322663801,11
1322668478,23
1322671404,36
1322685769,17
1322694663,32
1322694783,106
1322695516,336
1322696095,12
1322698650,1807
1322699193,90
1322701347,19
1322705161,21
1322725897,13
1322734311,38
1322754000,363
1322754864,88
1322761659,11
1322763397,11
1322767235,20
1322768766,5446
1322781104,171
1322794014,43
1322795798,62
1322796395,42
1322797880,25
1322798245,290
1322799348,189
1322799599,14
1322800734,29
1322801375,69
1322807397,13
1322819359,62
1322820611,19
1322821393,26
1322825368,907
1322829806,3
1322840923,17
1322850354,573
1322858344,13
1322860688,52
1322861156,19
1322882679,29
1322889322,85
1322892096,88
1322906687,76
1322918377,124
1322919742,32
1322934980,24
1322938008,16
1322938843,68
1322943860,601
1322948077,33
1322956121,33
1322956288,46
1322957439,30
1322963697,78
1322968369,11
1322972550,11
1322976119,90
1322976829,71
1322979659,106
1322983543,107
1322991820,21
1322995993,11
1323002898,16
1323003537,123
1323005921,88
1323012485,13
1323018222,21
1323031425,24
1323039537,283
1323039916,187
1323045322,65
1323045821,154
1323047651,82
1323048240,474
1323064086,36
1323076522,26
1323076885,19
1323081107,34
1323093689,35
1323101134,55
1323121740,19
1323122780,52
1323125178,13
1323127278,549
1323128380,19
1323130935,188
1323148141,11
1323164432,12
1323166404,109
1323192475,33
1323195127,31
1323215530,39
1323217400,11
1323231803,21
1323260088,38
1323280384,42
1323288013,139
1323303576,12
1323306782,62
1323315123,15
1323322459,705
1323366767,32
1323366961,355
1323374070,13
1323375521,183
1323379669,14
1323385695,16
1323389770,14
1323419190,485
1323419458,23
1323432791,13
1323437451,17
1323441852,12
1323449258,32
1323450164,32
1323452550,998
1323463821,11
1323463941,139
1323467011,80
1323479933,179
1323482446,48
1323487520,28
1323490949,12
1323494570,17
1323498380,38
1323508453,11
1323511527,3509
1323514075,53
1323525253,43
1323545303,88
1323548506,648
1323552500,23
1323562930,24
1323563164,11
1323569480,15
1323577359,63
1323581499,87
1323595365,4
1323600817,48
1323610205,22
1323629688,150
1323646443,16
1323654521,30
1323661063,11
1323663794,833
1323673335,165
1323688475,12
1323692802,502
1323695128,38
1323695325,123
1323695358,215
1323706334,11
1323712925,45
1323729948,12
1323731499,18
1323736669,22
1323739326,18
1323741593,18
1323742531,22
1323743516,23
1323755248,11
1323758620,22
1323763720,1597
1323764338,11
1323777381,2
1323780819,23
1323782838,13
1323787093,1
1323796113,334
1323809707,132
1323833414,91
1323840812,43
1323841129,17
1323845482,84
1323869266,55
1323875882,15
1323882349,11
1323907664,151
1323908322,24
1323919094,418
1323926490,7
1323931693,22
1323933315,70
1323938708,52
1323950321,207
1323950625,103
1323957541,33
1323961166,264
1323968214,21
1323968979,13
1323978754,1238
1323984334,662
1323985353,81
1323988988,16
1323993731,56
1323995843,65
1324010126,20
1324010880,13
1324015717,141
1324016826,11
1324034609,11
1324050127,13
1324051514,11
1324058131,55
1324059656,18
1324063135,38
1324071199,244
1324083696,55
1324092641,12
1324095077,45
1324107391,14
1324107430,26
1324116672,27
1324117656,134
1324124790,15
1324132179,11
1324137339,46
1324139494,26
1324157281,77
1324166631,207
1324208491,969
1324216451,37
1324216947,19
1324219364,42
1324223080,53
1324224872,11
1324232013,17
1324234627,13
1324240706,74
1324250345,44
1324263473,315
1324266035,13
1324284666,38
1324288620,74
1324303568,11
1324303646,142
1324311422,109
1324339417,67
1324351548,13
1324356135,37
1324366886,32
1324379613,12
1324381785,156
1324382874,107
1324384595,18
1324385140,32
1324395929,88
1324402921,15
1324446719,13
1324460855,51
1324465774,32
1324469331,14
1324477638,16
1324482694,169
1324485862,129
1324487331,11
1324488755,21
1324491658,238
1324495180,37
1324516919,45
1324519003,43
1324527947,49
1324533929,90
1324537078,27
1324538069,177
1324542295,16
1324543298,23
1324546795,23
1324553091,24
1324562076,18
1324588172,107
1324601240,216
1324601866,113
1324606434,188
1324607505,41
1324611806,222
1324612818,228
1324614213,254
1324617921,152
1324620765,63
1324625041,150
1324627514,96
1324627622,247
1324629459,212
1324636939,216
1324639578,212
1324640215,40
1324644624,259
1324645135,212
1324645677,257
1324658671,30
1324664250,272
1324665350,38
1324665385,237
1324668664,19
1324669155,43
1324673997,13
1324679594,875
1324683399,226
1324685189,119
1324693430,216
1324702702,204
1324704163,61
1324704245,41
1324713299,27
1324715563,18
1324718098,14
1324720705,26
1324721157,1
1324727538,15
1324731844,46
1324741372,11
1324744711,31
1324749263,521
1324749738,21
1324754057,29
1324769510,58
1324776233,50
1324795580,44
1324800545,11
1324803269,20
1324807333,21
1324817742,168
1324823170,16
1324824206,17
1324838427,15
1324847108,556
1324849012,14
1324853220,35
1324858135,40
1324858352,12
1324891625,48
1324895208,51
1324899104,77
1324932440,88
1324946854,12
1324948322,45
1324949198,106
1324950805,66
1324952686,33
1324958927,20
1324965056,19
1324971080,31
1324983964,29
1325016742,17
1325019182,38
1325019821,141
1325028032,95
1325041735,23
1325049119,12
1325052623,11
1325059793,49
1325060390,96
1325060410,47
1325064335,109
1325072646,17
1325083738,19
1325096132,3099
1325097653,21
1325101953,168
1325104810,579
1325112478,108
1325128920,13
1325141112,67
1325142316,16
1325155347,38
1325182514,20
1325188164,30
1325194554,0
1325202227,22
1325206693,122
1325212154,14
1325230804,44
1325231370,17
1325241665,33
1325252853,15
1325286935,11
1325297391,86
1325304283,12
1325310921,12
1325315882,12
1325324098,54
1325331240,193
1325331751,36
1325334963,22
1325337668,111
1325344471,372
1325371159,12
1325377922,16
1325381890,56
1325392505,15
1325410311,12
1325418450,39
1325423888,234
1325437839,11
1325454558,11
1325458789,49
1325459387,400
1325473104,23
1325475853,12
1325478362,18
1325489072,78
1325561565,18
1325576698,34
1325588165,22
1325592680,48
1325604847,78
1325614151,45
1325687429,35
1325714602,20
1325723889,48
1325748595,45
1325805237,49
1325839630,15
1325853520,44
1325861181,18
1325888868,35
1325895668,22
1325897531,67
1325901216,13
1325902812,29
1325916970,43
1325931100,12
1325996077,98
1326008263,231
1326035801,19
1326044641,123
1326052782,26
1326053961,34
1326054908,5
1326056513,253
1326071833,64
1326088798,121
1326089811,372
1326099407,923
1326100627,28
1326115288,78
1326130379,29
1326134013,30
1326137943,28
1326140471,54
1326143244,36
1326154796,12
1326164488,44
1326173426,15
1326177141,45
1326180722,63
1326189017,118
1326194383,21
1326198592,53
1326199068,100
1326210686,90
1326222384,43
1326224688,39
1326228297,17
1326235132,195
1326235614,13
1326235960,34
1326239454,20
1326240806,106
1326244070,116
1326249163,224
1326251311,103
1326261673,42
1326266863,80
1326292154,50
1326302831,22
1326316542,322
1326319269,24
1326329875,775
1326337581,12
1326371998,18
1326381011,46
1326392947,23
1326394141,120
1326394720,336
1326420620,190
1326422884,26
1326452281,35
1326464530,20
1326479281,12
1326480303,777
1326486804,0
1326489552,26
1326497156,145
1326507166,40
1326515774,629
1326522983,14
1326529720,19
1326531152,1530
1326532838,15
1326542313,11
1326547070,34
1326554666,92
1326574350,561
1326578519,18
1326586077,69
1326593358,13
1326596330,18
1326596385,13
1326607979,223
1326609621,13
1326639319,17
1326642999,115
1326650657,13
1326654671,2202
1326671554,15
1326675251,20
1326681144,181
1326682918,349
1326701903,17
1326723034,34
1326723184,20
1326728658,11
1326729848,20
1326732485,11
1326737916,38
1326758887,11
1326763427,20
1326773343,24
1326779390,19
1326785577,27
1326794832,129
1326807637,169
1326813141,13
1326822054,29
1326825726,20
1326830277,11
1326836323,221
1326844625,19
1326853912,211
1326856161,55
1326893710,3404
1326894904,12
1326915228,639
1326920589,27
1326935802,63
1326939689,12
1326942966,20
1326960768,11
1326961553,16
1326963227,12
1326963742,393
1326970364,133
1326990376,13
1327005655,13
1327008838,22
1327016629,16
1327017495,16
1327021058,169
1327070180,292
1327071007,116
1327076283,27
1327081238,53
1327083343,65
1327088798,5390
1327114542,28
1327124384,41
1327135163,75
1327170623,27
1327180127,123
1327181303,19
1327183282,12
1327190291,127
1327191572,107
1327214801,2563
1327221128,49
1327225282,448
1327230913,19
1327257919,81
1327274680,143
1327274904,20
1327285989,18
1327287225,23
1327302572,33
1327308609,11
1327310658,102
1327325660,11
1327327043,142
1327328463,103
1327329738,137
1327333040,39
1327334049,14
1327346569,11
1327355044,24
1327360831,196
1327364812,103
1327367130,63
1327387768,59
1327391344,34
1327394183,78
1327399926,54
1327406396,11
1327407830,11
1327408088,13
1327411925,87
1327414207,271
1327451853,68
1327455678,24
1327458936,19
1327467443,13
1327480429,33
1327488191,17
1327494327,12
1327497611,522
1327497865,248
1327502931,1577
1327503571,14
1327504083,50
1327504713,20
1327506365,156
1327530585,20
1327537702,1
1327542058,1
1327542811,11
1327544079,1
1327546939,1
1327549440,1
1327556525,40
1327574742,142
1327584991,90
1327587687,16
1327589312,2
1327591718,54
1327597546,12
1327600825,19
1327610423,31
1327615345,80
1327616101,68
1327630460,20
1327634219,37
1327647115,66
1327654942,58
1327657718,13
1327672071,46
1327678038,47
1327679001,270
1327679348,79
1327682682,24
1327688858,252
1327703576,26
1327720872,11
1327722130,14
1327738631,14
1327741635,578
1327745309,24
1327760492,15
1327769792,23
1327770542,90
1327771378,69
1327772426,78
1327778516,12
1327812422,142
1327815140,47
1327819882,20
1327825895,15
1327829284,14
1327855429,56
1327856083,23
1327859722,112
1327882465,17
1327912660,122
1327918915,19
1327935413,51
1327979474,34
1327981697,93
1327982974,23
1327999315,21
1328004208,108
1328010825,41
1328021837,178
1328026413,11
1328035329,295
1328038695,11
1328041729,18
1328053986,51
1328078040,11
1328080712,12
1328095036,14
1328103438,76
1328146553,13
1328147909,12
1328154517,110
1328179440,26
1328183085,317
1328194657,24
1328202159,78
1328222462,38
1328232367,15
1328249282,17
1328249314,81
1328251573,68
1328264456,32
1328284302,61
1328287322,18
1328310747,40
1328312204,79
1328330941,43
1328332531,11
1328335662,154
1328340947,204
1328355234,116
1328358094,385
1328359638,15
1328366185,22
1328389467,81
1328392883,13
1328393539,20
1328406087,130
1328406804,11
1328427203,17
1328433769,175
1328443059,16
1328444511,108
1328455222,12
1328466187,15
1328468175,155
1328474181,97
1328476182,12
1328481144,70
1328481917,14
1328497862,56
1328498728,27
1328501436,33
1328501958,589
1328526159,188
1328527258,255
1328532063,44
1328532636,12
1328542091,25
1328548434,11
1328550807,25
1328564479,29
1328572130,12
1328580275,37
1328590564,28
1328596181,15
1328597658,17
1328598252,17
1328598292,445
1328599392,135
1328621400,11
1328627783,2585
1328634552,11
1328637363,18
1328652275,73
1328655966,22
1328656683,43
1328656904,138
1328667649,16
1328668543,16
1328692002,74
1328692130,13
1328707869,203
1328712465,108
1328730284,36
1328742496,21
1328757117,22
1328764415,56
1328769721,1179
1328783846,45
1328787975,14
1328790913,12
1328795639,25
1328798993,16
1328803446,11
1328809295,31
1328816228,85
1328824432,54
1328825933,13
1328829300,47
1328830359,61
1328853711,49
1328854022,11
1328854403,13
1328860135,11
1328861070,11
1328862207,43
1328868896,90
1328876445,28
1328879183,26
1328879530,18
1328889333,38
1328902345,25
1328931719,28
1328934583,16
1328936229,32
1328939473,38
1328945410,191
1328952004,236
1328953337,11
1328955645,110
1328958105,260
1328963694,28
1328965478,11
1328966233,55
1328972071,21
1328973416,67
1328975103,11
1328983281,83
1328986158,13
1328993998,11
1328999564,12
1329000381,13
1329015230,31
1329019919,11
1329049965,13
1329050462,162
1329068056,13
1329068880,13
1329078157,314
1329080568,12
1329096836,247
1329105755,432
1329110841,60
1329128263,158
1329136737,301
1329147530,14
1329163060,669
1329167133,340
1329183470,74
1329192162,38
1329193820,21
1329197939,11
1329203213,18
1329206395,134
1329223745,92
1329262603,13
1329267018,30
1329270526,82
1329272295,3142
1329284982,19
1329291338,133
1329295499,81
1329307780,42
1329314423,14
1329315609,38
1329316947,34
1329320094,34
1329328083,13
1329337346,11
1329342357,11
1329351407,35
1329353712,67
1329356755,16
1329357004,36
1329358049,14
1329365055,17
1329370534,128
1329374056,185
1329374920,11
1329380787,391
1329396176,12
1329410717,14
1329412905,22
1329421755,19
1329423195,37
1329430882,37
1329438460,29
1329441055,12
1329442515,12
1329448333,11
1329457912,8
1329459029,76
1329477354,72
1329481289,57
1329482074,48
1329484633,73
1329489497,38
1329491612,273
1329501906,8
1329504081,77
1329505047,11
1329505325,12
1329511267,11
1329520982,202
1329523769,79
1329527700,12
1329532338,130
1329535056,36
1329535977,36
1329561971,1212
1329573100,11
1329575745,38
1329587981,43
1329595774,211
1329596477,15
1329613421,36
1329624699,51
1329625338,11
1329629252,1881
1329637462,18
1329643274,545
1329651055,11
1329658588,93
1329663737,48
1329665466,92
1329669219,29
1329681238,12
1329682118,13
1329688801,85
1329695341,20
1329695874,12
1329697250,55
1329702444,17
1329702794,18
1329704476,16
1329704518,22
1329705938,468
1329706276,30
1329710106,17
1329711203,90
1329717122,102
1329719848,24
1329723865,69
1329730694,13
1329730975,67
1329758650,193
1329766967,59
1329772796,29
1329775407,37
1329778496,84
1329802802,2
1329806020,4
1329807733,48
1329817321,22
1329834110,103
1329843554,740
1329846683,103
1329847278,145
1329849289,1768
1329850500,36
1329896761,12
1329902064,35
1329915046,64
1329918442,17
1329919679,31
1329925237,14
1329938634,20
1329954529,37
1329969587,41
1329972462,494
1329973913,14
1329981086,11
1329986688,80
1330005206,135
1330006371,66
1330015402,20
1330046460,66
1330046962,16
1330048600,27
1330063459,0
1330075875,120
1330081591,101
1330084370,17
1330103508,19
1330108323,78
1330122331,14
1330127155,52
1330132149,112
1330133167,42
1330135801,2539
1330143688,19
1330144990,374
1330157080,15
1330160336,669
1330161504,25
1330175803,19
1330202874,21
1330202935,21
1330204791,20
1330206754,45
1330220596,18
1330222125,37
1330222767,20
1330239706,453
1330248807,38
1330252700,13
1330259315,95
1330260203,14
1330260295,32
1330271159,29
1330282006,145
1330297001,48
1330298097,31
1330318865,111
1330319314,12
1330329922,82
1330332758,80
1330332851,14
1330339939,19
1330347036,27
1330349574,46
1330360148,101
1330367520,136
1330369527,164
1330375360,12
1330387157,163
1330409659,2
1330412774,14
1330413963,97
1330414761,62
1330434395,199
1330439658,25
1330441646,11
1330442132,17
1330450385,44
1330457932,51
1330460638,18
1330461845,43
1330462451,12
1330462520,19
1330468709,967
1330471743,44
1330473381,123
1330475010,445
1330476066,99
1330493920,71
1330496923,31
1330507810,6
1330510119,4
1330513780,17
1330516443,13
1330516569,49
1330516937,424
1330523734,69
1330530171,220
1330531961,305
1330541122,12
1330542419,137
1330551342,8
1330568623,82
1330573139,13
1330578988,101
1330585128,70
1330585421,13
1330595379,47
1330606242,21
1330606607,165
1330609336,13
1330620024,26
1330621209,108
1330627533,172
1330632565,2
1330637533,16
1330644388,198
1330646326,370
1330647435,78
1330647543,30
1330647892,84
1330652318,3
1330652407,828
1330669096,101
1330683084,18
1330687306,56
1330698126,157
1330702515,2787
1330706992,11
1330717140,102
1330719310,100
1330723353,23
1330738995,15
1330741123,63
1330762310,149
1330775457,105
1330775624,103
1330785579,52
1330790110,11
1330797406,27
1330797628,16
1330805756,14
1330809662,145
1330817460,36
1330828102,91
1330828627,11
1330836689,100
1330840700,12
1330847698,12
1330857517,12
1330858727,38
1330864189,922
1330869473,164
1330875586,41
1330882929,283
1330901644,99
1330908282,60
1330909640,7
1330919548,89
1330930488,14
1330938244,13
1330948735,222
1330959200,177
1330960529,18
1330983726,50
1330984071,92
1331014414,108
1331018891,180
1331023859,203
1331025830,64
1331027444,51
1331030378,0
1331031602,26
1331044795,109
1331048894,16
1331049113,75
1331055771,12
1331057191,12
1331078494,234
1331078718,27
1331079127,1724
1331084199,4
1331086429,132
1331086670,5
1331086842,16
1331104768,12
1331105012,31
1331112087,186
1331118057,110
1331119731,23
1331119852,25
1331122776,21
1331135578,16
1331135699,21159
1331135798,97
1331141764,13
1331165805,18
1331171993,11
1331175545,20
1331176828,11
1331183783,60
1331196092,141
1331202439,91
1331207288,488
1331208948,38
1331209128,84
1331217585,114
1331225083,102
1331225823,13
1331238111,42
1331242694,78
1331261687,2265
1331283163,171
1331306269,12
1331328001,23
1331332827,85
1331333821,23
1331340460,44
1331343223,24
1331349107,14
1331349458,68
1331366070,13
1331368522,18
1331381173,12
1331392011,16
1331399015,25
1331417844,52
1331440110,102
1331441014,986
1331466051,36
1331470986,84
1331473860,20
1331477935,16
1331479180,39
1331483296,14
1331500511,32
1331510024,101
1331514192,18
1331519486,193
1331530885,135
1331532226,102
1331534901,119
1331538256,16
1331538751,53
1331551027,2
1331581864,355
1331604310,219
1331608070,81
1331619047,21
1331629885,36
1331635528,52
1331636953,7085
1331644818,111
1331646849,18
1331649570,59
1331651339,20
1331660357,36
1331661613,15
1331661622,100
1331676909,89
1331682353,11
1331684414,11
1331687431,47
1331693594,49
1331694732,1
1331702344,14
1331707935,147
1331712273,29
1331716042,17
1331718729,100
1331719870,12
1331721780,18
1331723225,509
1331724387,15
1331728719,3858
1331732980,13
1331740864,15
1331741216,22
1331748819,1
1331752587,45
1331753988,19
1331754319,28
1331759511,27
1331760244,0
1331763167,190
1331765777,124
1331769662,77
1331787386,1
1331788266,1
1331788336,105
1331788893,14
1331796968,15
1331801753,12
1331803157,14
1331813703,14
1331817922,33
1331825203,85
1331826815,33
1331837555,54
1331848582,22
1331857587,17
1331869739,127
1331881644,21
1331882604,11
1331897397,28
1331901587,189
1331913904,27
1331919771,96
1331927895,144
1331933796,32
1331944527,21
1331946338,55
1331949060,98
1331950531,16
1331975250,487
1331979525,31
1331994955,22
1331999365,37
1332009127,1105
1332028915,35
1332043249,24
1332045055,12
1332059443,17
1332073142,1426
1332077516,11
1332080070,4148
1332098727,30
1332104789,213
1332105799,27
1332109784,22
1332114272,85
1332122666,15
1332135149,404
1332135490,20
1332137279,30
1332137861,25
1332143980,12
1332145538,39
1332162237,109
1332163947,49
1332164591,17
1332165704,15
1332174495,15
1332184066,18
1332185853,393
1332206753,13
1332212466,165
1332216306,23
1332222725,43
1332228998,12
1332230141,39
1332230734,79
1332232432,13
1332243516,116
1332244698,12
1332247470,123
1332249222,145
1332253779,13
1332269543,36
1332277078,19
1332281808,13
1332299633,33
1332348091,66
1332356636,49
1332370895,16
1332372413,14
1332394842,98
1332396395,49
1332396549,57
1332397473,27
1332399543,15
1332403959,58
1332419257,16
1332435127,38
1332450492,390
1332461149,44
1332463018,15
1332481591,41
1332485851,21
1332498297,14
1332500792,52
1332505367,21
1332532363,23
1332541807,300
1332556054,13
1332559302,48
1332570754,24
1332582761,94
1332585907,115
1332590617,211
1332596477,102
1332599518,108
1332604484,113
1332615194,23
1332616861,16
1332619774,159
1332621372,104
1332626527,101
1332635704,52
1332643644,95
1332652922,89
1332654537,85
1332656411,149
1332659211,158
1332665268,69
1332667033,88
1332674770,95
1332682313,30
1332683811,94
1332692074,12
1332692176,90
1332692519,264
1332693263,18
1332696398,55
1332700417,27
1332705907,35
1332715766,95
1332722846,187
1332730190,13
1332736374,258
1332736816,27
1332750396,301
1332750652,11
1332756442,108
1332766794,18
1332781509,2056
1332781797,40
1332787357,22
1332798328,100
1332799087,407
1332807475,45
1332818293,26
1332819701,99
1332840481,14
1332841701,101
1332854064,91
1332868730,161
1332869857,34
1332880861,32
1332887136,93
1332893475,1950
1332894075,11
1332903042,73
1332905634,42
1332914690,12
1332916939,13
1332920500,12
1332922008,16
1332923668,23
1332924393,11
1332935366,11
1332946915,12
1332948732,11
1332955374,14
1332958756,14
1332966182,11
1332967299,169
1332968205,25
1332978872,90
1332984685,45
1332989832,71
1332999200,27
1333000249,12
1333000741,640
1333016032,20
1333019311,31
1333029054,157
1333033450,124
1333058192,194
1333065091,214851
1333074594,23
1333076632,164
1333082085,11
1333084323,24
1333084899,35
1333088207,46
1333089866,49
1333096882,31
1333097145,99
1333099739,238
1333100390,113
1333103530,59
1333111883,211
1333111893,2876
1333116579,39
1333118570,47
1333122965,16
1333125623,57
1333132389,173
1333139588,13
1333141598,160
1333142935,712
1333144072,318
1333147698,11
1333150349,11
1333150357,87
1333152408,52
1333155576,264
1333156486,370
1333161040,14
1333165619,4410
1333167552,251
1333171737,562
1333175049,14753
1333178360,20
1333179208,11
1333183397,201
1333185096,202
1333206542,23
1333209944,20
1333210012,13
1333211388,79
1333212317,192
1333218091,24
1333220013,18
1333224461,26
1333226405,29
1333228186,33
1333229304,27
1333232606,76
1333234252,32
1333234667,69
1333235870,260
1333243747,51
1333247282,404
1333249891,15
1333252932,31
1333254657,87
1333258936,752
1333259530,14
1333263294,326
1333266800,135
1333270655,12
1333275113,23
1333276203,45
1333279808,16
1333284620,71
1333285776,87
1333285997,44
1333286217,37
1333287238,144
1333287836,37
1333288958,14
1333289615,12
1333290303,20
1333294170,31
1333294285,642
1333295863,157
1333303761,89
1333305802,11
1333306299,13
1333307560,168
1333307990,11
1333311954,13
1333314863,13
1333320049,61
1333321333,24167
1333322877,75
1333323848,12
1333323890,36
1333328202,23
1333329582,659
1333339639,16
1333340876,197
1333343804,59
1333348052,27
1333350630,107
1333351747,34
1333354895,17
1333358267,52
1333362686,245
1333364378,23
1333365124,69
1333366513,12
1333367960,54
1333376987,57
1333382690,28
1333391530,11
1333397767,24
1333398680,224
1333399642,171
1333405231,13
1333406789,239
1333417632,20
1333418376,25
1333421030,14
1333421854,20
1333424882,16
1333425246,14
1333428970,43
1333429325,145
1333445152,33
1333446374,1083
1333447648,104
1333451307,16
1333452358,183
1333452698,88
1333465802,12
1333466908,18
1333468243,22
1333470417,35
1333471394,97
1333472422,11
1333472695,49
1333479437,118
1333482618,142
1333483404,53
1333485208,16
1333486649,384
1333491534,67
1333496313,39
1333515547,13
1333522020,19
1333540873,18
1333556422,533
1333559105,97
1333560682,23
1333577584,14
1333579278,71
1333579583,34
1333591877,31
1333594899,149
1333605725,67
1333607666,354
1333608411,11
1333612974,66
1333622771,51
1333628502,110
1333629201,323
1333630193,263
1333633428,15
1333633606,12
1333637290,35
1333638979,14
1333643722,30
1333646693,90
1333652151,565
1333661810,260
1333662860,21
1333664534,11
1333671088,104
1333671427,83
1333672877,93
1333673564,116
1333681300,15
1333681306,89
1333682494,107
1333685863,145
1333686963,13
1333687005,235
1333687717,16
1333689922,122
1333690733,23
1333691675,14
1333691983,12
1333693108,61
1333694353,37
1333696087,19
1333698951,11
1333700083,51
1333704579,14
1333705173,29
1333705619,55
1333708088,39
1333710014,15
1333711733,113
1333712699,36
1333713967,32
1333716389,12
1333718792,1758
1333719936,19
1333720250,196
1333729444,20
1333732618,13
1333732838,328
1333738786,75
1333741624,133
1333742677,1261
1333744314,7
1333745116,31
1333749131,101
1333750613,88
1333750727,15
1333751689,59
1333752187,89
1333755311,304
1333755444,89
1333756521,28
1333759458,16
1333759772,45
1333768172,52
1333781342,59
1333785789,45
1333786261,36
1333787962,63
1333788175,14
1333788844,14
1333800345,14
1333800859,31
1333802136,50
1333805762,40
1333807290,3360
1333814075,12
1333814934,17
1333816459,35
1333820264,13
1333823235,18
1333826930,1
1333829507,30
1333833261,32
1333836885,16
1333842753,60
1333844350,38
1333845161,91
1333846196,20
1333846315,37
1333852561,103
1333857917,29
1333860049,118
1333867193,73
1333868070,157
1333868242,2
1333868738,29
1333868821,103
1333871456,17
1333882104,49
1333886655,33
1333888744,13
1333889515,14
1333889802,89
1333891395,11
1333898352,22
1333901551,35
1333906002,107
1333907823,139
1333908130,14
1333908465,48
1333913099,101
1333921957,79
1333928744,52
1333935622,46
1333936445,34
1333939283,147
1333944343,11
1333945932,12
1333953001,24
1333953498,14
1333959391,34
1333959420,13
1333961389,1321
1333964468,328
1333968715,13
1333969047,196
1333969048,77
1333974533,79
1333978174,111
1333978320,41
1333979896,12
1333980820,17
1333981728,84
1333983461,17
1333984161,16
1333986963,59
1333986968,83
1333988254,11
1333992581,142
1333998031,12
1334001035,83
1334001399,29
1334003760,14
1334012210,101
1334013845,16
1334014671,14
1334017055,65
1334020733,135
1334020974,163
1334022793,22
1334022816,55
1334023333,14
1334028660,31
1334040575,105
1334042515,15
1334049472,106
1334049596,26
1334063554,75
1334067476,17
1334070408,70
1334073773,31
1334075920,68
1334076307,100
1334088923,25
1334089233,24
1334105013,17
1334109809,32
1334111073,46
1334114196,15
1334114994,14
1334117350,18
1334118559,168
1334120194,69
1334120593,43
1334125889,34
1334136067,17
1334139750,15
1334141883,12
1334142865,21
1334146979,14
1334150998,24
1334151801,25
1334155300,11
1334155887,16
1334156126,29
1334158914,15
1334161261,79
1334167430,129
1334170202,51
1334178589,32
1334191769,11
1334196535,11
1334198162,902
1334205011,47
1334206998,111
1334211162,138
1334214605,121
1334216502,11
1334218170,14
1334221903,13
1334231497,23
1334236148,67
1334237171,18
1334237364,89
1334239695,37
1334242984,79
1334244124,16
1334245678,3823
1334246540,171
1334249383,405
1334252774,98
1334258848,219
1334259243,55
1334260665,23
1334265626,11
1334266376,24
1334266810,62
1334268109,35
1334278770,36
1334282453,13
1334284281,11
1334296085,45
1334301205,109
1334303719,13
1334303936,22
1334304098,33
1334305310,201
1334309081,39
1334309410,43
1334315235,38
1334316173,12
1334330745,19
1334339967,24
1334340339,46
1334344116,23
1334348217,112
1334353846,24
1334359396,25
1334359931,121
1334360795,22
1334362778,212
1334363727,53
1334369459,41
1334373503,1579
1334373890,14
1334374258,13
1334374940,52
1334377747,46
1334381943,69
1334384058,140
1334389803,17
1334392318,401
1334392728,11
1334400948,15
1334410695,29
1334426678,40
1334427454,13
1334430510,188
1334431456,208
1334434081,90
1334434550,12
1334441048,24
1334442247,129
1334446501,14
1334454708,114
1334459444,361
1334460196,67
1334464448,31
1334469990,71
1334475603,43
1334478349,45
1334481534,12
1334490046,131
1334494531,64
1334495031,27
1334496909,27
1334497772,24
1334498837,23
1334499588,24
1334507347,11
1334515984,280
1334525377,263
1334525635,15
1334526169,13
1334526991,17
1334528008,34
1334529258,65
1334546357,35
1334554248,107
1334561781,1196
1334563025,25
1334567579,54
1334568449,13
1334571130,23
1334580563,36
1334586481,7120
1334610101,88
1334610441,11
1334613831,110
1334614062,349
1334616460,21
1334617361,26
1334630805,269
1334641482,39
1334652214,15
1334652583,13
1334657231,544
1334657392,88
1334663580,64
1334664261,50
1334664494,21
1334665167,14
1334666637,19
1334670095,105
1334673908,14
1334675451,112
1334675743,60
1334680608,21
1334685457,859
1334692596,134
1334697523,82
1334697707,12
1334706134,19
1334711961,16
1334714311,624
1334719824,13
1334726163,27
1334739972,12
1334740674,13
1334747723,616
1334753031,84
1334754594,37
1334754646,13
1334757349,23
1334759863,25
1334759868,20
1334760679,13
1334766747,169
1334767490,33
1334785968,124
1334788662,179
1334811048,11
1334821195,43
1334824785,191
1334827616,29
1334830521,36
1334838753,479
1334839328,144
1334847244,38
1334862599,25
1334864632,191
1334866577,34
1334869048,26
1334869051,16
1334869464,11
1334871947,41
1334875164,25
1334881845,75
1334882617,13
1334886021,901
1334892339,15
1334892591,29
1334893847,112
1334897143,1682
1334899250,59
1334904197,393
1334905443,176
1334910786,56
1334912034,43
1334913907,43
1334921369,23
1334922788,21
1334923843,108
1334929461,104
1334935003,60
1334936547,11
1334938665,79
1334939514,40
1334944307,18
1334946538,44
1334946608,1189
1334954277,159
1334962266,985
1334964169,31
1334964434,26
1334973129,104
1334974438,13
1334981118,11
1334981593,111
1334984194,120
1334990030,20
1334992514,12
1334993967,39
1335005265,396
1335006007,18
1335008301,35
1335011939,143
1335015250,12
1335016012,81
1335020425,25
1335029930,14
1335030435,29
1335034417,26
1335045464,58
1335047324,16
1335047814,14
1335048946,67
1335052083,56
1335056021,16
1335058602,25
1335061439,31
1335064650,210
1335068806,29
1335072032,17
1335075540,21
1335079998,122
1335080558,15
1335082381,36
1335084025,222
1335085754,276
1335086034,48
1335090338,103
1335095553,25
1335095892,814
1335101620,98
1335104760,1292
1335106729,72
1335108708,149
1335113546,12
1335115548,90
1335116723,13
1335127844,164
1335128252,12
1335130938,97
1335143909,101
1335144165,33
1335148136,52
1335152899,36
1335155355,387
1335156872,12
1335166603,19
1335189481,79
1335198601,27
1335200032,48
1335212898,82
1335219884,24
1335220704,40
1335221105,32
1335228821,43
1335236473,60
1335236592,26
1335239016,69
1335240884,11
1335241492,288
1335242525,12
1335253559,26
1335255049,11
1335257165,67
1335262886,53
1335265978,15
1335269450,11
1335271414,12
1335272583,24
1335277779,33
1335279198,284
1335280945,13
1335287012,54
1335289503,21
1335297766,66
1335300607,173
1335301413,31
1335303378,19
1335304622,313
1335309784,21
1335321431,12
1335324856,62
1335336760,15
1335354851,105
1335381999,21
1335383960,22
1335386553,15
1335401089,141
1335419770,127
1335428439,32
1335435191,79
1335438980,277
1335448906,48
1335472527,15
1335480912,114
1335489258,30
1335490343,81
1335502205,40
1335504690,14
1335510018,19
1335517093,19
1335520628,23
1335520848,21
1335529420,18
1335529739,12
1335530417,186
1335536876,12
1335541602,15
1335545044,152
1335545726,14
1335556488,88
1335574883,202
1335576026,13
1335577443,121
1335580282,18
1335588244,15
1335591771,25
1335595428,93
1335596223,48
1335604263,41
1335604707,46
1335617049,13
1335620846,59
1335630981,219
1335639807,16
1335645343,13
1335651249,35
1335654115,60
1335654221,147
1335656816,37
1335659068,194
1335660277,37
1335661102,25
1335665091,37
1335673673,151
1335678174,20
1335678778,14
1335679618,13
1335681005,61
1335681939,19
1335689077,15
1335708556,13
1335711818,101
1335718387,35
1335721092,17
1335722570,202
1335724194,11
1335730305,19
1335735694,13
1335739077,13
1335740572,16
1335741900,23
1335743026,12
1335752695,13
1335753770,32
1335758624,15
1335759152,36
1335760878,25
1335766616,16
1335771179,24
1335772020,12
1335772029,55
1335774921,13
1335784003,73
1335787168,11
1335787333,406
1335788701,41
1335794735,18
1335795491,124
1335797107,97
1335799735,41
1335803989,102
1335806584,17
1335813860,90
1335815757,99
1335822803,14
1335823455,193
1335823489,19
1335825540,13
1335827487,25
1335828785,23
1335829557,36
1335830636,149
1335836747,19
1335853519,20
1335860007,17
1335864397,28
1335864613,17
1335867536,1026
1335874089,26
1335874180,63
1335877752,206
1335879973,15
1335885703,44
1335895658,34
1335907828,179
1335909167,18
1335912279,16
1335912966,123
1335914257,34
1335922448,275
1335936108,34
1335944000,93
1335949833,13
1335951900,0
1335954169,14
1335960835,30
1335967154,28
1335973029,14
1335983168,15
1336014816,35
1336021761,11
1336035716,13
1336037828,108
1336044501,13
1336052087,14
1336052866,53
1336053850,234
1336054308,152
1336068061,134
1336072612,11
1336076986,35
1336081708,55
1336085426,170
1336087795,31
1336092462,16
1336092482,522
1336103213,12
1336104623,26
1336111792,19
1336112305,17
1336134468,32
1336136924,25
1336137027,57
1336138968,75
1336155185,219
1336158655,21
1336172780,30
1336195432,16
1336201793,44
1336204120,549
1336204186,12
1336215028,36
1336242970,19
1336248697,554
1336259941,119
1336264556,318
1336275025,88
1336292944,11
1336300986,48
1336301267,54
1336302099,74
1336303474,12
1336330801,45
1336333153,12
1336342957,14
1336353897,66
1336369490,17
1336370355,105
1336373577,44
1336381528,12
1336388573,24
1336416579,128
1336440987,70
1336441276,46
1336470784,377
1336474673,12
1336475692,14
1336482340,286
1336487943,834
1336488925,53
1336494535,16
1336502227,4404
1336524975,31
1336532371,195
1336536241,29
1336537991,23
1336543323,18
1336556657,73
1336562485,17
1336566679,19
1336566994,15
1336568049,120
1336570406,19
1336572754,13
1336576806,17
1336591441,64
1336593927,14
1336611652,15
1336616218,11
1336616320,244
1336621274,11
1336625383,18
1336630337,11
1336641426,60
1336643065,744
1336644753,66
1336654874,115
1336661106,30
1336663851,616
1336664744,16
1336687701,66
1336690016,33
1336697409,18
1336698710,12
1336700403,12
1336700419,11
1336700566,103
1336707554,14
1336707765,532
1336718458,13
1336723018,12
1336725446,30
1336731315,20
1336732106,27
1336734730,114
1336735663,16
1336738345,11
1336738841,11
1336738922,12
1336739291,115
1336750151,51
1336750828,18
1336758489,11
1336762621,62
1336763789,14
1336763824,11
1336764619,19
1336767699,13
1336769768,139
1336774403,151
1336783814,683
1336787958,54
1336791624,72
1336793734,270
1336795852,190
1336796517,107
1336807890,15
1336809331,22
1336816530,14
1336817177,14
1336819612,100
1336836593,124
1336849011,162
1336849558,45
1336849561,12
1336870197,116
1336875304,183
1336883305,22
1336890161,13
1336899053,13
1336901242,13
1336910524,17
1336922223,52
1336932674,16
1336932824,22
1336933337,3512
1336935849,17
1336948153,60
1336953396,52
1336960242,11
1336963289,15
1336968253,15
1336971041,889
1336972285,290
1336991775,97
1336998102,173
1336998801,332
1337005997,13
1337013258,25
1337017230,33
1337030059,350
1337043852,33
1337044566,311
1337055793,14
1337079150,121
1337088225,18
1337089090,86
1337089243,1216
1337095328,12
1337106358,20
1337113106,12
1337114883,218
1337154009,19
1337169907,12
1337175615,80
1337178377,395
1337179865,19
1337185508,11
1337197972,20
1337208333,111
1337209046,100
1337219316,370
1337220896,99
1337221385,212
1337248280,86
1337255767,11
1337265311,12
1337271325,41
1337274902,300
1337291830,27
1337303060,477
1337305068,16
1337317752,69
1337318437,13
1337322085,18
1337335939,106
1337347330,201
1337355290,92
1337358932,11
1337365764,13
1337367085,18
1337369002,39
1337386123,115
1337388889,12
1337392547,11
1337403931,207
1337420546,44
1337421625,15
1337423542,15
1337429987,63
1337430918,14
1337433006,17
1337439833,36
1337445545,13
1337477702,17
1337486551,88
1337487779,15
1337489889,17
1337500215,238
1337506732,164
1337511446,71
1337517051,21
1337536120,141
1337546913,43
1337550227,11
1337553171,40
1337571992,41
1337572127,114
1337578304,45
1337578630,27
1337578818,466
1337579398,22
1337596700,63
1337601061,16
1337602979,23
1337609024,11
1337613894,87
1337621009,69
1337633607,103
1337649431,17
1337654108,11
1337656691,25
1337657531,252
1337660241,20
1337669222,13
1337673512,12
1337692487,62
1337705732,45
1337761072,17
1337772677,107
1337788143,93
1337799906,55
1337812117,29
1337815068,96
1337824285,65
1337825385,30
1337831651,13
1337849777,101
1337850913,17
1337855913,104
1337857692,92
1337858576,153
1337877406,146
1337890252,18
1337892723,104
1337908361,37
1337914644,24
1337915408,849
1337918481,244
1337920628,1859
1337930352,13
1337931942,302
1337938067,20
1337955304,3814
1337957143,170
1337964424,97
1337964706,12
1337966059,137
1337970244,15
1337972266,73
1337973368,25
1337977437,28
1337984443,34
1337985430,53
1337990266,19
1338004369,11
1338007151,14
1338010782,30
1338013869,11
1338025545,15
1338042088,12
1338044881,26
1338047693,13
1338050462,34
1338054093,17
1338059579,22
1338060611,40
1338068096,11
1338070588,53
1338072710,19
1338080210,11
1338080566,42
1338082659,38
1338086501,201
1338094665,121
1338094917,69
1338095980,123
1338119569,73
1338123411,12
1338136303,38
1338141106,12
1338149885,20
1338155834,13
1338158176,21
1338176891,101
1338188635,58
1338190243,12
1338195181,12
1338197350,11
1338220660,348
1338226792,23
1338237504,736
1338244450,42
1338245007,23
1338245814,11
1338246647,31
1338256280,29
1338257695,11
1338259169,13
1338264493,14
1338267325,28
1338268130,81
1338282256,11
1338283803,13
1338290116,799
1338291563,101
1338299113,17
1338302505,64
1338319843,17
1338323174,99
1338324457,67
1338333908,110
1338338357,118
1338344149,12
1338351567,14
1338364833,18
1338372146,29
1338385364,17
1338390527,66
1338399339,318
1338401951,14
1338402803,11
1338407314,13
1338409520,462
1338409555,22
1338410086,18
1338420427,21
1338421329,15
1338429250,13
1338438385,682
1338445797,202
1338449348,160
1338449813,73
1338457188,58
1338460111,26
1338470351,25
1338470635,5018
1338485857,49
1338496073,13
1338507931,18
1338514004,13
1338521950,11
1338525632,40
1338527485,66
1338528444,63
1338532566,674
1338539251,134
1338543536,25
1338553673,120
1338566237,12
1338568803,56
1338583257,14
1338600053,233
1338607051,21
1338613165,18
1338631832,38
1338635601,13
1338640495,116
1338641236,18
1338644253,70
1338652300,19
1338653847,95
1338654346,28
1338656008,13
1338666754,35
1338673926,86
1338681838,239
1338718658,14
1338728538,14
1338745917,32
1338751601,37
1338753298,11
1338754588,18
1338756163,20
1338760528,61
1338806190,26
1338815374,16
1338845970,47
1338846854,31
1338852104,11
1338859337,24
1338887764,13
1338889223,86
1338905690,11
1338906120,33
1338909303,175
1338942110,51
1338946084,12
1338962361,107
1338967108,84
1338973163,103
1338985108,72
1338998514,104
1339010487,29
1339011098,40
1339021210,37
1339021256,317
1339029998,53
1339031118,13
1339039345,45
1339040637,4
1339042910,19
1339044753,58
1339045665,12
1339061652,52
1339063751,117
1339069883,36
1339100581,12
1339101586,47
1339103577,21
1339110580,182
1339127722,114
1339144629,27
1339145734,23
1339153651,11
1339161831,2848
1339161965,29
1339180121,27
1339185691,84
1339187357,20
1339200244,86
1339203132,27
1339208118,663
1339218374,14
1339221311,47
1339237322,22
1339240911,12
1339249258,16
1339251799,87
1339256252,424
1339265861,35
1339276856,14
1339317132,106
1339328962,97
1339347406,101
1339348001,34
1339356442,33
1339359145,103
1339360747,30
1339364752,19
1339368171,253
1339397745,25
1339399284,14
1339427803,12
1339437882,357
1339444422,29
1339445525,206
1339449237,32
1339467180,31
1339469423,35
1339472592,12
1339473581,12
1339490898,83
1339498585,15
1339507545,20
1339529355,41
1339530018,37
1339551602,34
1339554313,89
1339560372,159
1339565442,101
1339579467,72
1339594968,21
1339608613,11
1339616902,37
1339632021,26
1339635446,17
1339639334,17
1339646736,15
1339653489,58
1339655276,16
1339655769,18
1339676382,11
1339704281,11
1339714338,18
1339725192,45
1339726856,24
1339728060,49
1339733401,15
1339735736,2
1339736623,120
1339737707,316
1339738644,26
1339742577,2643
1339773182,64
1339775716,13
1339777921,38
1339781554,12
1339785537,35
1339788881,17
1339791597,141
1339797352,12
1339802034,102
1339805394,14
1339808705,11
1339813167,257
1339813990,51
1339827214,58
1339858058,13
1339882795,829
1339888634,43
1339889879,17
1339894168,51
1339901047,43
1339934566,275
1339950905,34
1339958692,15
1339964815,44
1339968508,33
1339974909,12
1339985467,16
1339990746,11
1339997765,24
1340003279,14
1340041904,13
1340070986,49
1340094258,20
1340108849,17
1340109073,15
1340123236,25
1340127888,12
1340164895,37
1340184488,13
1340202513,39
1340213340,166
1340213355,14
1340217408,100
1340219193,100
1340223489,76
1340224367,11
1340226889,15
1340239554,12
1340242893,11
1340243403,257
1340244547,88
1340244833,11
1340250141,50
1340264441,181
1340266652,45
1340266995,67
1340286009,14
1340293245,89
1340295365,67
1340318912,18
1340327539,47
1340329413,16
1340334830,75
1340380399,13
1340386535,26
1340391518,102
1340411840,13
1340435253,200
1340437754,162
1340448609,21
1340454386,101
1340458520,12
1340465600,36
1340468334,21
1340469396,23
1340477960,12
1340481439,41
1340494633,7
1340495078,48
1340501779,670
1340505597,14
1340508414,14
1340508826,669
1340513588,29
1340525869,94
1340539355,63
1340539407,64
1340540832,293
1340543993,22
1340566515,21
1340575051,15
1340578432,19
1340579873,23
1340583144,24
1340583919,17
1340589130,60
1340592485,62
1340599893,25
1340609417,15
1340637057,12
1340645826,121
1340646366,141
1340650048,15
1340657858,15
1340665678,11
1340671619,29
1340673279,16
1340674367,13
1340676550,47
1340688293,12
1340690409,12
1340700756,16
1340707757,12
1340715286,18
1340715825,12
1340720714,18
1340743476,996
1340749561,242
1340754639,29
1340755598,44
1340764497,30
1340770569,25
1340773654,61
1340784339,22
1340804364,37
1340838740,12
1340840762,15
1340853320,41
1340859448,397
1340867805,23
1340896547,113
1340898649,34
1340901473,15
1340901539,64
1340906871,136
1340909618,11
1340915158,22
1340918386,56
1340923899,34
1340954053,52
1340980663,16
1340986558,96
1341026277,190
1341029172,126
1341050308,106
1341055554,177
1341067556,328
1341068496,68
1341070697,59
1341093731,19
1341122474,164
1341125695,83
1341125867,22
1341129518,41
1341148232,94
1341149365,327
1341153524,66
1341155391,46
1341155586,12
1341155815,22
1341160435,24
1341166607,17
1341173577,47
1341181902,71
1341201886,41
1341206732,215
1341264609,525
1341265509,21
1341311122,27
1341325485,41
1341330299,198
1341332136,12
1341337395,15
1341338917,19
1341340606,536
1341345745,17
1341350544,15
1341373608,71
1341398261,26
1341400178,89
1341407028,20
1341420270,73
1341430062,59
1341447483,91
1341454466,36
1341455210,102
1341463282,379
1341474906,15
1341503738,28
1341520197,381
1341523148,25
1341541311,17
1341542459,105
1341548340,64
1341551167,11
1341563468,36
1341577145,22
1341584355,24
1341587440,15
1341596888,40
1341603085,594
1341631692,33
1341637663,107
1341641447,36
1341645736,14
1341648244,37
1341651233,65
1341657741,73
1341669331,765
1341676432,45
1341688111,119
1341692576,82
1341701849,22
1341706039,11
1341716416,30
1341733342,24
1341735727,11
1341777694,118
1341805689,137
1341812905,98
1341825590,13
1341872734,26
1341873210,17
1341876019,48
1341878507,11
1341889261,254
1341894956,22
1341900733,24
1341902729,13
1341905595,78
1341920107,14
1341931727,18
1341935392,37
1341954655,48
1341956558,204
1341972254,105
1341974904,114
1341976699,13
1341979225,27
1341986504,277
1341993211,10
1341994273,105
1342002767,14
1342004430,41
1342004464,43
1342024605,48
1342030755,28
1342039919,77
1342045617,28
1342059924,52
1342068224,19
1342076765,11
1342084139,166
1342093929,14
1342094693,112
1342096549,47
1342097925,12
1342101236,442
1342115121,341
1342123891,103
1342126613,45
1342138510,17
1342150210,99
1342171870,75
1342183437,35
1342194262,27
1342214489,33
1342226102,863
1342227027,52
1342227253,651
1342231800,18
1342235893,47
1342258291,57
1342259354,131
1342277311,107
1342284671,39
1342316468,49
1342316713,79
1342332401,52
1342343904,21
1342350845,64
1342361582,12
1342375827,29
1342398464,30
1342409589,17
1342411868,16
1342417239,15
1342431965,18
1342445602,26
1342461518,2032
1342464169,86
1342470402,14
1342481891,55
1342491607,14
1342500291,15
1342512383,18
1342520585,13
1342554736,14
1342556125,35
1342560370,20
1342560700,19
1342560964,11
1342561181,23
1342622980,63
1342654340,120
1342664307,35
1342672874,33
1342687107,11
1342689310,21
1342703663,214
1342704295,23
1342705519,49
1342709193,99
1342735006,85
1342735114,30
1342737409,334
1342752035,13
1342754040,27
1342754049,75
1342758527,28
1342772482,105
1342780597,21
1342785446,19
1342791907,179
1342819640,96
1342828219,15
1342832444,104
1342844259,27
1342848408,78
1342851168,359
1342854250,17
1342860818,34
1342873008,24
1342876750,1245
1342877083,903
1342886503,1903
1342892230,42
1342901504,25
1342909779,26
1342913260,37
1342920710,15
1342922298,13
1342930695,2115
1342943152,622
1342944953,13
1342960681,165
1342965476,21
1342965874,38
1342977758,15
1342979008,257
1342980302,11
1343008829,108
1343011496,784
1343018048,109
1343020980,105
1343022162,14
1343023193,20
1343025657,139
1343028017,25
1343058080,13
1343103481,34
1343123502,13
1343138303,131
1343138309,27
1343146307,730
1343173017,47
1343173231,50
1343183897,54
1343185866,21
1343225206,13
1343228481,512
1343231895,72
1343251796,65
1343256867,89
1343265360,43
1343299521,55
1343302246,14
1343302907,50
1343307023,51
1343317564,27
1343320043,133
1343324357,11
1343326804,67
1343331728,15
1343337251,19
1343343594,18
1343355299,48
1343366770,14
1343368433,111
1343370924,12
1343373341,88
1343382345,27
1343392001,70
1343405284,20
1343411249,373
1343413018,101
1343414845,15
1343423834,113
1343432847,75
1343434877,73
1343438200,482
1343438403,59
1343443200,109
1343474843,22
1343478300,37
1343480922,218
1343485074,225
1343492312,41
1343505908,63
1343514685,26
1343549793,12
1343553474,44
1343559272,35
1343574693,11
1343580080,44
1343591542,12
1343616432,13
1343618089,39
1343621706,370
1343621986,12
1343627315,19
1343649490,70
1343654601,12
1343661207,37
1343680712,127
1343690014,21
1343696624,11
1343701672,63
1343702053,69
1343704879,14
1343708602,48
1343725832,13
1343746076,575
1343754894,15
1343758689,69
1343759060,52
1343773044,146
1343784598,25
1343789448,11
1343813780,80
1343815757,11
1343829889,74
1343834088,53
1343854589,67
1343859373,41
1343868941,21
1343880269,48
1343884573,108
1343888093,22
1343889664,23
1343899003,12
1343904710,22
1343926942,13
1343928378,46
1343928863,16
1343936017,14
1343946559,96
1343951443,17
1343957927,15
1343974697,105
1343981050,109
1343985054,30
1343998404,14
1344002498,30
1344027867,14
1344030503,49
1344047658,15
1344075823,160
1344080512,13
1344110151,71
1344114534,11
1344123464,11
1344133101,12
1344173066,53
1344185376,48
1344186126,29
1344193284,35
1344197854,18
1344200520,26
1344205867,16
1344208527,3493
1344218476,26
1344239263,239
1344265699,20
1344285885,11
1344292555,396
1344298447,203
1344301286,12
1344340188,48
1344382113,109
1344419000,16
1344421774,30
1344429702,29
1344431820,35
1344435627,11
1344448157,34
1344453575,338
1344467574,199
1344468353,24
1344479940,17
1344489903,34
1344492727,14
1344510895,16
1344529244,41
1344540534,21
1344545345,18
1344551841,105
1344564813,69
1344584548,106
1344585174,41
1344590699,12
1344607188,99
1344610278,46
1344612469,64
1344613438,13
1344620985,152
1344634174,13
1344675804,12
1344676556,105
1344686779,455
1344693102,569
1344694195,35
1344713275,347
1344715804,20
1344718688,23
1344746546,22
1344753789,11
1344766430,143
1344774994,41
1344775535,68
1344778576,15
1344780270,41
1344785966,12
1344790387,62
1344791166,16
1344801947,22
1344812447,86
1344816886,11
1344881927,107
1344894631,18
1344908058,177
1344937238,70
1344939825,1894
1344948661,98
1344953514,21
1344955800,339
1344968581,183
1344981041,11
1344986967,21
1345000011,187
1345002856,125
1345012571,31
1345013588,228
1345017215,100
1345029747,12
1345038409,48
1345039516,13
1345050110,24
1345050445,15
1345053073,11
1345056936,18
1345063548,47
1345064345,15
1345064837,32
1345069536,32
1345071918,31
1345085376,14
1345089155,11
1345096675,269
1345101083,18
1345110572,301
1345116969,29
1345123653,13
1345128258,52
1345140312,30
1345149644,18
1345151921,81
1345167055,141
1345177309,760
1345185947,1532
1345195981,32
1345232342,77
1345236480,16
1345247964,14
1345248976,12
1345251001,15
1345287682,14
1345289911,183
1345317093,35
1345381253,41
1345393073,52
1345394664,13
1345395383,123
1345396354,61
1345401816,34
1345411504,45
1345440309,13
1345446688,361
1345460462,19
1345470812,30
1345479725,31
1345516815,55
1345523782,54
1345527478,164
1345528032,16
1345532856,54
1345533091,34
1345551221,32
1345570959,12
1345591046,12
1345606017,1358
1345611232,21
1345611806,57
1345614715,193
1345616611,109
1345644494,27
1345645666,31
1345647371,86
1345647429,12
1345648200,60
1345649791,90
1345652091,15
1345652566,335
1345671513,12
1345684784,117
1345698340,11
1345703852,28
1345706237,43
1345710688,312
1345718310,61
1345719526,135
1345723168,164
1345726006,51
1345744178,34
1345746804,12
1345751272,241
1345759007,54
1345787749,49
1345791392,131
1345802690,25
1345815125,33
1345817442,11
1345827689,59
1345828091,205
1345837685,44
1345838715,160
1345859344,130
1345870034,11
1345879298,104
1345883199,28
1345883656,132
1345885009,21
1345887853,515
1345901466,55
1345901547,55
1345901563,55
1345902637,55
1345907683,46
1345915661,55
1345915690,55
1345915734,55
1345915851,55
1345920783,55
1345921307,55
1345922155,55
1345923370,55
1345923623,55
1345924622,55
1345925503,55
1345927045,55
1345928201,18
1345928720,56
1345929022,36
1345929327,55
1345931063,56
1345932899,55
1345934120,55
1345935498,55
1345937297,55
1345938638,55
1345939889,55
1345939975,55
1345940090,55
1345941924,55
1345942764,20
1345944477,55
1345944739,55
1345945433,55
1345947087,132
1345947195,29
1345947757,55
1345949485,55
1345949709,55
1345951166,55
1345952077,55
1345952317,55
1345952840,56
1345954486,55
1345955128,55
1345955178,55
1345955453,55
1345955547,55
1345955636,55
1345958659,55
1345958969,55
1345958996,55
1345959082,55
1345960042,55
1345960735,55
1345962292,55
1345962589,55
1345962781,55
1345963628,55
1345963887,55
1345964862,55
1345965162,537
1345966415,55
1345967478,55
1345967957,55
1345971280,55
1345972429,56
1345972544,55
1345973240,55
1345973650,55
1345974389,11
1345974836,55
1345975126,55
1345979074,57
1345979504,55
1345980708,83
1345980982,55
1345981854,55
1345982245,55
1345983249,55
1345983343,55
1345983348,55
1345983626,20
1345984328,55
1345985604,55
1345986939,55
1345988143,55
1346022334,11
1346026206,124
1346039712,98
1346039860,61
1346057914,19
1346061026,33
1346062804,48
1346063985,102
1346064336,14
1346078929,63
1346085923,48
1346091486,13
1346094459,74
1346146497,13
1346174466,15
1346175190,99
1346190193,73
1346195779,61
1346218448,21
1346219541,65
1346220882,47
1346228630,31
1346230651,274
1346237489,11
1346249020,17
1346252450,285
1346253341,14
1346260142,23
1346261214,21
1346307946,29
1346310306,17
1346313384,11
1346327782,109
1346337331,237
1346340676,36
1346349112,38
1346367348,301
1346385506,14
1346385509,79
1346389126,11
1346397198,69
1346412541,11
1346415832,18
1346453342,25
1346453905,49
1346478760,203
1346483147,15
1346487417,58
1346522788,43
1346541729,57
1346560456,15
1346561198,18
1346645880,24
1346702053,76
1346703498,14
1346724088,23
1346738096,134
1346744730,17
1346762789,52
1346768255,17
1346796337,30
1346796786,28
1346803536,39
1346811169,124
1346816913,21
1346817726,322
1346821797,23
1346828464,116
1346834544,13
1346834894,13
1346838955,87
1346840166,44
1346842621,44
1346846403,123
1346858216,26
1346858594,117
1346861528,58
1346868843,117
1346869407,547
1346872712,137
1346873539,117
1346877372,15
1346878343,283
1346881244,69
1346881798,134
1346885163,61
1346903424,89
1346917581,343
1346919628,14
1346921142,59
1346921856,14
1346923773,21
1346941996,75
1346952846,32
1346959995,16
1346960356,97
1346968938,11
1346970181,1403
1346970804,76
1346977153,16
1346977666,23
1347007379,45
1347015929,90
1347016622,27
1347021297,11
1347023832,17
1347032814,89
1347035388,31
1347038101,63
1347044574,67
1347055631,12
1347064376,40
1347069433,361
1347070943,105
1347072522,34
1347083020,17
1347085191,12
1347086987,37
1347099796,46
1347099813,16
1347104012,28
1347104725,117
1347107184,18
1347111628,14
1347113909,162
1347130541,52
1347130943,114
1347150649,82
1347171818,79
1347206968,13
1347218981,16
1347231294,19
1347242059,64
1347253611,12
1347255896,62
1347280103,44
1347282894,57
1347288327,59
1347309048,29
1347309118,13
1347310666,20
1347317140,64
1347319086,86
1347324911,49
1347362588,26
1347362960,156
1347375552,18
1347387749,31
1347389034,76
1347390496,21
1347406690,88
1347414663,81
1347416745,117
1347420387,12
1347440465,56
1347467348,70
1347471521,89
1347481129,152
1347490037,22
1347497096,11
1347523999,82
1347536143,25
1347541757,222
1347551841,39
1347571936,22
1347573691,61
1347593204,19
1347599467,292
1347600582,47
1347609610,34
1347627885,31
1347630697,19
1347639094,400
1347642125,21
1347655814,78
1347659559,376
1347702541,87
1347705664,447
1347713131,75
1347713438,120
1347724565,57
1347748870,24
1347774635,484
1347784359,156
1347795944,11
1347797694,34
1347804154,82
1347829965,684
1347840838,73
1347854589,41
1347856248,535
1347860774,30
1347863641,90
1347874466,81
1347890919,400
1347904567,37
1347918703,53
1347932927,77
1347934719,40
1347943201,38
1347949563,12
1347956946,40
1347982389,291
1347985156,42
1347986038,177
1347989140,29
1347990677,37
1348004165,23
1348011968,209
1348053574,113
1348055153,197
1348063053,21
1348064556,39
1348084390,897
1348097705,36
1348098222,11
1348106550,112
1348116977,63
1348126219,23
1348135768,24
1348143952,38
1348156683,50
1348167930,20
1348176228,19
1348178527,288
1348180318,37
1348201847,12
1348202128,20
1348235857,21
1348253680,560
1348254196,14
1348260479,30
1348272501,26
1348273348,51
1348274054,46
1348275027,12
1348276330,67
1348284661,54
1348300536,18
1348302752,348
1348313687,26
1348316078,197
1348333283,13
1348349064,51
1348355912,17
1348391424,54
1348392748,47
1348400890,23
1348410363,121
1348410955,22
1348419687,49
1348419690,65
1348428036,475
1348444039,16
1348452207,19
1348481678,12
1348498387,46
1348514848,16
1348518319,18
1348526296,57
1348527401,35
1348560270,14
1348572094,1161
1348577064,6492
1348583714,16
1348586688,22
1348596379,66
1348619663,173
1348630230,33
1348638682,11
1348639040,55
1348651036,39
1348657063,17
1348667807,18
1348667872,18
1348671115,83
1348674112,19
1348677774,17
1348681550,11
1348686403,43
1348701282,370
1348704062,27
1348711572,19
1348740564,11
1348778300,408
1348790466,22
1348793218,627
1348794096,26
1348794718,15
1348826110,432
1348832682,33
1348859674,11
1348892450,34
1348917435,18
1348919081,35
1348932500,938
1348938807,17
1348967729,377
1348969891,330
1348977577,32
1348991127,17
1348997813,36
1349017398,102
1349020633,20
1349027364,23
1349042604,107
1349044099,15
1349056080,102
1349057704,11
1349063907,57
1349091497,22
1349104464,16
1349122168,406
1349132974,11
1349144999,73
1349145694,12
1349146728,15
1349165199,120
1349173193,32
1349176345,77
1349183040,162
1349212716,16
1349216523,80
1349224989,18
1349229865,24
1349241969,102
1349242163,71
1349253750,2379
1349268699,11
1349275055,15
1349285058,301
1349297882,16
1349316850,15
1349317542,28
1349317996,39
1349320558,79
1349328247,17
1349336081,26
1349340121,78
1349359792,17
1349377992,51
1349384315,15
1349407416,137
1349421263,11
1349427816,15
1349433531,13
1349443136,11
1349452117,31
1349463691,14
1349505573,26
1349507889,1492
1349514211,201
1349544787,96
1349556563,17
1349572739,18
1349577647,176
1349579793,20
1349585036,17
1349585760,18
1349594151,19
1349596742,33
1349601607,2581
1349602545,43
1349612500,18
1349616307,11
1349625245,62
1349626139,21
1349629235,21
1349639008,17
1349653154,212
1349656169,42
1349665307,81
1349669587,26
1349676836,15
1349681829,130
1349699284,85
1349726265,11
1349741082,479
1349751051,14
1349765459,737
1349769699,13
1349778237,16
1349821609,42
1349828911,42
1349879284,57
1349898907,1301
1349901347,44
1349928654,20
1349936010,40
1349947981,45
1349965719,105
1349966116,66
1349966872,51
1349980117,86
1349990522,145
1350000608,132
1350010414,84
1350011645,32
1350016125,179
1350022729,30
1350039488,48
1350046847,101
1350091249,318
1350113091,249
1350126722,35
1350136467,15
1350140196,42
1350140870,33
1350145251,70
1350154655,20
1350168470,20
1350177196,30
1350179044,50
1350187482,135
1350220289,201
1350226382,52
1350230651,17
1350243052,27
1350269287,12
1350274410,63
1350286298,11
1350294108,35
1350300161,11
1350301267,33
1350313506,13
1350314050,29
1350323171,330
1350326290,74
1350355758,11
1350361414,16
1350372781,14
1350383326,314
1350387491,43
1350394339,53
1350407228,21
1350419329,169
1350429680,34
1350440869,29
1350442575,79
1350443870,53
1350446435,162
1350459735,12
1350467929,14
1350482593,12
1350483520,15
1350485361,38
1350490114,35
1350493439,25
1350494757,23
1350500240,17
1350500438,11
1350514937,52
1350526507,27
1350533577,170
1350547574,20
1350573642,39
1350633041,20
1350634258,62
1350634886,21
1350641425,14
1350647633,26
1350659541,26
1350663779,60
1350691287,47
1350699571,40
1350706479,25
1350739235,22
1350742000,56
1350743361,40
1350767832,32
1350779421,64
1350783894,15
1350788030,57
1350806722,148
1350831696,79
1350844461,18
1350853551,55
1350863925,68
1350870971,25
1350871465,812
1350874668,50
1350887816,11
1350893640,11
1350895783,12
1350898035,19
1350899039,123
1350911905,16
1350928952,49
1350932288,102
1350949949,12
1350970233,163
1350973046,22
1350978527,557
1350978779,32
1350984217,2545
1350989994,27
1350992371,15
1350998562,80
1351006031,14
1351007885,58
1351014030,12
1351017534,71
1351024522,11
1351079756,25
1351094922,20
1351112589,55
1351114333,41
1351115950,51
1351116259,14
1351122267,39
1351122459,34
1351122837,65
1351124863,12
1351128332,14
1351132746,48
1351156039,37
1351167897,93
1351168580,70
1351170835,47
1351179451,46
1351181158,38
1351182837,112
1351194393,34
1351204776,53
1351212530,132
1351222102,96
1351223904,11
1351235469,36
1351235984,125
1351239516,11
1351246490,20
1351250012,16
1351250877,104
1351254750,66
1351255275,22
1351273918,26
1351274581,69
1351289755,46
1351298424,83
1351304444,56
1351333415,17
1351361630,20
1351380939,46
1351394391,11
1351408901,77
1351414435,208
1351417776,207
1351419541,14
1351431648,13
1351431908,41
1351451063,95
1351452756,11
1351453338,143
1351456179,62
1351461667,20
1351469027,138
1351477655,60
1351484144,20
1351486444,17
1351498449,17
1351507648,11
1351509581,47
1351531421,59
1351538048,72
1351544565,12
1351555854,26
1351567676,12
1351580768,21
1351584242,40
1351590971,19
1351601873,100
1351633259,17
1351677435,43
1351701238,611
1351742423,48
1351764811,161
1351771415,17
1351819100,80
1351833397,35
1351843765,109
1351845049,21
1351847425,45
1351852529,33
1351852735,22
1351859098,1002
1351864871,36
1351879111,667
1351887954,41
1351888900,58
1351889117,294
1351890013,134
1351894347,15
1351898295,14
1351898444,537
1351904594,48
1351919577,110
1351925761,42
1351926237,86
1351929360,20
1351942493,24
1351942980,11
1351950648,13
1351951016,33
1351970898,17
1351994483,13
1352002781,13
1352019686,62
1352034098,11
1352050644,14
1352064169,239
1352094917,43
1352118461,170
1352170588,24
1352184016,320
1352186581,12
1352218236,60
1352219826,18
1352223257,426
1352278343,98
1352303594,99
1352342534,12
1352351185,158
1352356887,26
1352358908,34
1352371849,19
1352375345,401
1352405575,12
1352419294,62
1352442668,63
1352443439,59
1352456470,64
1352468688,43
1352488551,23
1352490697,84
1352517967,29
1352542451,28
1352547997,227
1352552982,76
1352560425,24
1352561368,28
1352570050,40
1352589739,30
1352595627,85
1352629703,14
1352641686,12
1352660626,118
1352664267,19
1352691399,18
1352712351,140
1352727583,12
1352804372,28
1352817754,28
1352840073,13
1352857715,13
1352867353,25
1352880998,24
1352882170,299
1352919228,63
1352938433,26
1353000600,14
1353019606,20
1353025107,36
1353026092,182
1353045656,139
1353051646,331
1353061522,12
1353066871,18
1353067185,26
1353069894,178
1353072228,37
1353074397,85
1353078105,15
1353092192,19
1353098943,11
1353102759,65
1353108471,11
1353115006,38
1353116530,54
1353140432,34
1353155778,43
1353158694,16
1353173352,126
1353188158,17
1353219694,23
1353229835,15
1353251444,16
1353272338,11
1353275854,13
1353294029,16
1353314384,21
1353315719,16
1353318754,18
1353321870,16
1353347315,17
1353356231,19
1353358187,12
1353358416,31
1353359273,124
1353380095,38
1353408336,54
1353413537,15
1353421964,250
1353422241,16
1353423181,54
1353423268,28
1353431819,69
1353448139,27
1353457639,16
1353459015,11
1353483529,44
1353491688,32
1353498091,75
1353500088,15
1353515767,14
1353517202,236
1353523749,112
1353541222,11
1353548665,2349
1353554831,13
1353555442,41
1353574269,17
1353576572,23
1353576631,30
1353585964,47
1353589716,23
1353612029,23
1353612693,11
1353624605,82
1353671742,242
1353716596,36
1353718239,11
1353743156,43
1353758318,11
1353775184,54
1353782683,54
1353794475,17
1353798170,64
1353799765,108
1353800490,41
1353804818,21
1353819774,15
1353820979,19
1353821164,52
1353842421,13
1353845349,44
1353853430,312
1353856430,29
1353865057,95
1353902448,34
1353904951,36
1353905112,30
1353908306,28
1353920660,161
1353921881,24
1353927647,86
1353954206,14
1353960300,30
1353975656,183
1353977769,14
1353992598,27
1354022484,182
1354037078,36
1354059245,458
1354117265,322
1354128239,108
1354165808,62
1354191602,30
1354207711,33
1354222884,28
1354225214,11
1354232863,36
1354233951,104
1354235626,158
1354246287,30
1354250936,19
1354253328,12
1354257722,25
1354280341,58
1354304208,70
1354305572,32
1354310030,4544
1354310584,68
1354322512,335
1354327327,30
1354369411,12
1354370982,17
1354375208,13
1354377874,93
1354405777,33
1354411229,32
1354414949,170
1354415131,125
1354415236,302
1354415327,24
1354415396,149
1354415474,13
1354416322,92
1354419140,14
1354422422,350
1354425362,34
1354428692,29
1354439160,77
1354439543,32
1354484158,11
1354492794,19
1354497019,50
1354498839,19
1354503159,51
1354505968,11
1354507405,34
1354515658,47
1354518773,68
1354530252,37
1354535060,55
1354557029,19
1354571216,45
1354582706,102
1354590736,37
1354611198,315
1354616771,32
1354619562,24
1354628751,63
1354631508,11
1354645252,95
1354687855,15
1354702877,250
1354705170,370
1354733288,12
1354795258,63
1354807227,140
1354816117,11
1354867766,19
1354877827,27
1354880180,38
1354909737,155
1354936526,51
1354943397,46
1354945198,260
1354991682,242
1355001703,74
1355011153,17
1355039759,21
1355058394,32
1355071512,33
1355092388,459
1355098120,35
1355117874,47
1355150344,97
1355157779,29
1355167415,45
1355188644,97
1355191680,18
1355209097,32
1355222070,145
1355243640,32
1355259034,556
1355333063,49
1355366032,816
1355378705,56
1355381508,15
1355405465,137
1355421445,57
1355429026,16
1355432617,15
1355437200,79
1355442112,44
1355456846,14
1355464417,27
1355507861,42
1355519841,175
1355538316,32
1355551407,28
1355559405,13
1355621506,42
1355670558,17
1355671615,13
1355673057,11
1355675055,18
1355677789,18
1355679277,63
1355691167,97
1355710062,26
1355711678,17
1355714335,24
1355741308,30
1355788866,30
1355808762,46
1355823958,67
1355831950,20
1355833393,540
1355842287,24
1355951141,16
1355970652,23
1355993451,49
1356039222,11
1356072788,34
1356077516,340
1356108169,17
1356156490,84
1356159928,646
1356206624,12
1356207901,14
1356218279,17
1356223683,32
1356224347,22
1356313688,51
1356314209,17
1356352413,14
1356357361,25
1356375344,58
1356380014,20
1356393702,23
1356416097,12
1356428658,14
1356455117,12
1356530489,51
1356535652,85
1356560259,13
1356579487,582
1356623751,43
1356633634,41
1356696056,15
1356717536,107
1356717648,31
1356721060,30
1356745013,57
1356761900,18
1356801039,73
1356809188,65
1356829113,51
1356832501,35
1356862937,28
1356886213,105
1356918624,99
1356920312,11
1356930616,13
1356952776,34
1356970538,52
1356977789,14
1356989040,67
1357036560,94
1357073013,52
1357103077,28
1357126066,15
1357190572,14
1357195825,58
1357201592,47
1357257622,47
1357272370,1641
1357277481,42
1357299429,25
1357328948,56
1357339619,75
1357379644,108
1357510623,29
1357541496,28
1357583015,106
1357631540,50
1357729892,20
1357734967,26
1357748847,21
1357751559,37
1357767720,15
1357781858,17
1357785729,29
1357791006,135
1357795483,102
1357810572,17
1357849254,28
1357890808,85
1357930999,11
1357956391,20
1357960982,28
1357997871,21
1358056328,17
1358064690,23
1358094353,26
1358118158,53
1358140812,1143
1358168733,45
1358246455,15
1358275774,56
1358286075,57
1358295353,840
1358324516,12
1358346534,272
1358357460,21
1358378778,102
1358414152,22
1358421254,16
1358458431,29
1358459341,106
1358465489,31
1358503697,40
1358513550,53
1358535254,26
1358546635,33
1358561036,101
1358565454,12
1358571386,433
1358588929,307
1358628594,50
1358630538,19
1358635004,31
1358657723,42
1358665704,14
1358669917,29
1358676153,31
1358679908,38
1358687794,17
1358733444,188
1358748241,31
1358768619,39
1358803735,11
1358811454,25
1358831257,22
1358848972,62
1358861324,23
1358903281,14
1358923506,11
1358948316,37
1359024254,20
1359030593,96
1359059989,11
1359108765,63
1359120685,200
1359123968,86
1359125057,128
1359136297,88
1359140585,85
1359159922,45
1359185809,31
1359187566,11
1359219320,20
1359221896,163
1359274124,32
1359285504,21
1359388164,53
1359438376,11
1359439962,62
1359448945,26
1359564380,42
1359590718,16
1359639792,22
1359646526,27
1359648586,16
1359695413,12
1359759930,17
1359771019,11
1359835005,16
1360002260,19
