repo_id,stars
749137,3792
1555094,3079
2005484,560
4387547,3295
5698643,4102
5797013,5064
7502247,2578
8426406,4936
8681349,49776
9252533,6353
10353211,5987
11274380,118
11579941,1217
12738012,295
13956112,1417
14734876,14246
15988336,1677
18671453,1210
23633128,342
24227875,6428
24561828,14508
25311354,2891
25459400,13865
27222050,4229
29217054,23009
29906842,15739
30860673,2309
30907774,23071
34674210,153
34798315,9537
36420109,1704
36840131,2178
37035067,1591
38182966,3646
38216778,9198
38233033,3305
38696925,29399
39904377,2111
41310523,2506
44961854,969
45103027,214
45271904,10001
45512989,34330
46527265,6039
48660863,2804
48904888,5662
49292670,920
49632852,1251
50202460,3966
53133861,21125
55018634,2443
56639410,1407
57377821,2246
57602001,22954
59341837,934
59982630,2954
60145277,868
60166854,1831
60352717,1553
60377070,7046
61393415,537
61793256,982
61924149,1781
62087567,4604
62476384,166
62824998,2911
62843932,1784
63793563,979
64834778,1346
65017574,6164
65558310,2255
66331305,1540
67437371,643
68125931,14744
69269563,10767
70431106,28856
71849748,631
72225778,602
72329031,425
73964895,14858
74173698,5997
75190475,7371
75587993,1850
75710587,4068
76678740,2165
76768630,2818
77023811,3128
77321225,749
77341954,2576
78200488,5591
78313173,10446
78732688,851
79263545,225
79372336,2123
80240424,4367
82841862,7012
83542054,1802
83878269,15809
84099393,193
84949566,2054
85768267,227
86599573,6642
87067212,9944
88113789,2319
88222263,1754
90733436,3838
90862638,1938
91857770,802
92287968,15427
94956993,1531
95574086,2034
96012614,744
96256108,709
96416890,184
96853855,1989
97794087,815
97817788,115
98441914,1064
98499283,7327
99139417,181
99379143,1965
99412308,9550
99561213,3027
102067496,2182
102102105,769
102538419,837
102692863,21298
103229836,1680
104722806,5109
104854615,7860
105769029,1222
105808063,218
107108009,4279
107111421,73507
107115042,1858
107305157,1778
107878597,202
108945887,4906
109678660,1761
110606051,649
111699912,889
112103066,6941
112488313,1535
113166974,6699
113577479,1300
114540126,3092
114870155,3664
115673437,1850
115744122,4663
116590428,2650
116697549,3583
116797311,12227
117433667,207
119160553,40061
119741627,474
120720556,2089
121637551,9533
122595764,134
122715432,1667
122816625,1485
123197101,1409
123693096,442
124853261,3524
124882400,1098
125007217,1126
125099497,562
125444399,1772
125862390,2286
128061014,180
129847467,3309
131582572,20788
131881622,14846
131955509,273
132464395,157715
133060053,3542
133444044,2268
134584107,109
136799312,891
137123785,275
137789266,1674
138141023,216
138552196,25436
139945544,876
142422739,10894
142569591,248
142908872,6582
143284193,2674
143328315,39527
145693916,11313
146103950,1824
146435045,4728
146633589,37483
146856200,2890
146863062,5406
147229508,416
148067600,197
148550577,330
150864645,1080
151619717,38522
151904296,1950
152071156,879
156157055,49056
156317154,15151
156401841,9910
156946744,6514
157198623,12834
157908837,177
158025053,688
158673445,4647
158744344,3438
159110178,3129
159797814,951
159916548,3031
160361977,3689
161247988,3397
162021652,8153
163235189,1652
164433070,4272
165041732,25863
165645094,617
166911196,285
167694194,35023
168062479,210
168149502,1764
168269440,6346
169158585,2931
169991845,921
170118596,6134
170777132,7045
171564291,230
172407982,841
172519084,175
173005932,2274
173544440,7736
173827642,1465
175052225,10313
176858880,4667
176982014,17398
177614859,627
178470457,504
178626720,31286
178976529,8780
180307968,1535
180827233,9507
181222410,3399
181436799,15861
182067506,10951
182163054,1918
182865216,2144
185401193,1756
186056630,916
186332888,2319
186698598,1686
186872119,5224
187398354,1143
188356619,2980
189425886,219
189602331,269
191179628,1307
191194671,634
191751197,268
193332705,1970
193973813,423
196340907,1793
197009243,107
198483875,225
200004447,4074
200471228,858
200722670,18104
201025777,14813
201441751,2443
203558879,240
204388092,6667
204786174,829
206314293,1391
207454227,447
207988739,788
209556497,9167
209709465,3780
210357243,1414
212056242,1882
212747520,4253
213250662,548
216243021,975
216525761,436
217049858,1133
217113590,6337
217775615,729
218177655,395
218952803,13162
219035799,10958
219623588,4811
221121871,4976
221631156,1824
221733013,747
221787282,5157
222209282,738
222780595,4657
222824662,16151
223357324,4278
224261160,377
224908244,10771
225125850,137
225260962,16489
225572038,5654
226046528,2273
226368168,1540
227055040,421
228203350,3341
232627037,584
232876381,3783
232901618,2191
233587412,441
234676361,422
236624100,799
238593012,613
239828934,132
241021214,2527
244620269,14155
245127811,719
245949080,1022
247865662,1611
248977013,1209
250036571,3832
251041078,5272
251233119,213
251396732,10321
253079431,1270
253849484,6361
255823049,2571
257327148,638
257520135,360
257648141,2826
260420185,4041
261098554,863
261372860,13678
262296122,87485
262424540,3102
264675954,17363
265127379,448
265850286,971
267420351,1416
267857463,5253
269773439,160
270670394,1959
271090649,3995
271800973,2590
271828142,1712
272785290,1902
272924197,326
273082432,1685
273337347,1349
273630336,343
274610956,1994
275182202,236
276288252,1920
279643881,3647
280784933,494
281475256,1776
281519510,4056
284824224,3223
284864176,4441
285951873,2904
285973698,2045
286408558,2102
286876809,547
288142727,767
288187811,947
288411806,286
288482469,10735
289205582,1532
289605524,7661
290091948,67312
290373506,10669
290686772,397
291070953,575
291703561,7841
291787503,11740
292617111,409
292648103,345
292896321,658
293572361,394
293631918,822
295608796,1489
297302063,4326
297535227,718
297672263,7782
300789100,1180
300996055,25477
302827809,9412
303541321,2087
303705119,3793
303953548,142
304530333,1985
305492699,1111
305572443,205
306242293,607
306977633,31205
306980630,5934
307213173,31343
307315411,565
309504885,3506
310368642,540
312042527,1682
312152973,3392
314748658,801
315977578,7797
316328024,784
318515767,170
320299900,9255
320598037,1374
321181247,142
321994701,616
322270485,1029
322855089,10766
323048702,71789
323651234,7452
326174741,36159
326479996,1837
327113050,5628
328236233,432
330325505,4316
330768122,2572
332181872,1330
333421996,5154
333624050,677
333867421,161
334567245,8745
334760721,1214
334848347,9235
336132980,372
337924729,729
338717688,861
340339997,11392
341473983,2074
342728683,9455
343203057,2128
343429224,1345
344069267,490
344190478,64666
345180734,1841
346124279,3035
346676718,758
350375089,4419
350871478,911
351720449,1593
353670076,2964
353968278,773
354138793,6445
354751914,957
356881804,2350
357328206,812
357891182,2011
358208946,381
358276714,155
359839626,8219
361511031,2879
361735570,2296
367549861,835
370275343,648
370342171,1232
370728359,1799
371631642,403
373308826,4752
373674258,8413
377631316,212
377866577,265
379581563,3107
380191749,17352
381317767,166
381952060,1641
382835373,659
383121608,282
384562101,226
385275507,3820
387786881,3458
388636965,2883
391273014,381
391777965,625
393571599,36917
393874035,14660
394089041,3063
395688425,4119
398941751,381
400215964,39482
400918657,358
401484223,9483
404924772,929
405929837,2742
406341006,473
407722319,12366
409653223,3984
411987045,503
415956481,377
416312227,213
417875186,764
418399149,1086
420628968,1846
422148948,4125
422274596,41434
423991420,1749
425484875,1492
427347642,1010
429104828,3653
429736266,10252
432730711,3018
432768606,548
433054511,2265
434324346,974
436617251,183
438416676,2470
438419937,11109
438514144,11262
439033158,4581
439528372,1099
440603375,621
440752086,14131
442706416,697
443220240,5140
443497884,842
444251617,370
445768278,5194
446713689,970
448167075,2990
448343090,2742
448398954,879
449649393,18391
449649595,2487
450291588,2644
451309277,356
452821660,667
457995289,773
458086533,872
458411579,578
458461908,417
458588993,8330
459466436,2461
460761639,1938
460867737,468
463439055,520
464704193,2996
468576060,75211
469136195,1328
469377939,1161
469622127,294
470779379,788
470832353,161
471249443,3133
472525693,646
473736446,380
474150870,1540
475150006,372
476918521,1953
477657302,368
477846408,826
477999739,1111
478484453,2183
478823173,11303
479199191,3040
479916584,1084
480303698,2220
480318757,520
481427289,1242
483260394,410
483678677,144
483710165,348
484017724,319
486656484,1269
487309566,2829
488091508,113
488641606,41673
489105078,1196
492526669,6380
493209224,108
495587598,8419
496192011,611
496233655,2352
496844646,517
497184741,472
497356715,852
497512032,12948
497780232,1111
498011141,34292
498575448,1460
498766488,10312
499173659,490
499272646,1115
500427876,632
501192860,1004
502863191,13412
503178978,417
506404806,537
507861208,3704
507972385,3497
509133407,565
509153572,3826
510360767,702
511003180,1188
511492785,2096
511745849,5988
513534410,976
514644612,312
515647260,36492
516505460,1879
516962930,2498
519577891,47983
520969009,36881
521688260,134
522133400,17439
522165515,794
522180634,1852
522895309,1635
524092789,432
525327651,334
525592995,27855
525605934,367
526514610,1437
526725525,335
527359569,2437
527796682,746
527889855,898
528076983,450
528328355,1254
528350188,3325
528763774,742
528771628,370
529560594,7315
529954479,760
530072220,367
530323399,3508
531653392,2124
531788813,3887
532465933,6249
533127272,13581
533199740,7738
533451541,4703
533601913,431
533752345,356
533934365,371
534330590,8190
534779800,1337
534817329,2628
535063290,674
535379921,396
535492585,369
535691024,3363
536013043,1937
536244334,497
536314590,1511
536492655,891
536614303,365
537093072,491
537940881,3211
538180525,15152
538375570,1889
538408555,495
539045602,418
539389184,7915
539888500,17562
540357453,921
540685210,926
541147441,1958
541269386,52838
541322916,5825
541841924,347
542185751,7429
542713154,1636
542763041,1218
542772373,394
543063415,1003
543189172,1986
543297533,790
543955160,4570
544039155,1068
544618040,563
545130358,608
545595027,1562
545918043,2043
546206616,29028
546466467,2546
546476703,8852
547227418,388
547725599,11790
547919119,658
548093252,803
548735230,1970
549133772,1390
549830413,7216
550981146,1243
551376520,60587
551689337,2856
552580878,947
552660722,838
554771302,12490
555532742,497
555659262,540
556522959,1633
556553471,1436
557271203,515
557880310,593
558278400,504
558368772,1349
558653606,486
559759491,809
560299175,21648
560704231,51581
560859378,919
561175504,693
561434347,1853
561902498,536
562595985,645
562754304,2357
563259458,503
564597496,1067
565372076,2422
565563619,4106
565658766,999
565772050,748
566323731,14195
568194185,365
568517086,2679
568776116,442
569265598,2515
569559542,261
569687650,1253
569860278,1263
569988037,374
570015943,768
570020780,4203
570384908,21533
570530787,599
570663084,359
570696986,3900
571055479,4259
571148432,281
571722519,317
572071014,1007
572087603,342
572570113,15977
572620767,1747
573203577,380
573224813,523
573661753,23729
573759422,6451
573822937,3720
573891417,1200
573963587,757
573982889,3888
574046356,2731
574095904,458
574097989,8207
574116196,13055
574156195,3456
574160606,3462
574210381,274
574278577,5530
574347022,918
574411233,2666
574428530,4179
574578825,8235
574612724,3874
574727842,732
574861362,1246
575042276,3452
575051095,5991
575253452,3581
575267939,3744
575295397,3785
575340621,54434
575628616,7546
575997792,1977
576005588,3777
576072728,2098
576204079,691
576254831,3868
576380523,7864
576696753,3997
576799754,453
576869790,2007
576921601,3171
577116112,61457
577603990,37404
577753426,4459
577953547,454
578245357,1237
578272278,552
578460780,322
578685027,7923
579082810,77433
579494713,2023
579947672,2933
580147701,130
580525453,402
580537336,7289
580595594,400
580600129,2702
581656211,783
581913613,7308
582319835,523
582432706,5356
582729142,487
583315360,1274
583616027,534
584167315,378
584639396,9105
584843932,918
584935389,598
586171281,1426
586624356,12753
586903198,278
587031627,1151
587275399,917
587573950,331
587586087,41952
588477692,9503
588533284,773
588732058,2418
588898844,3656
588992876,2572
589013057,2295
589831718,126925
590681558,4611
591667477,921
591782276,3470
591961298,6098
592287689,737
593550728,629
593927328,2211
593961226,722
594096901,3297
594215219,1015
594609262,7275
594679568,1908
594869373,1065
595130474,730
595257557,770
595530574,1218
596205066,322
597240369,461
597490428,683
597583114,9017
597644883,3833
598099426,4185
598375636,2057
598539671,5641
598705038,325
598872262,2110
599293758,7727
599320067,153076
599338659,3082
599524116,31978
599570867,676
599687030,4217
599781179,4364
599811829,461
599950865,789
599976443,3128
600068422,3432
600223950,562
600229707,2062
600362783,3428
600368121,24871
600450326,4450
600534454,1164
600544354,21077
601100396,4422
601161044,16242
601205363,1623
601622432,699
601734711,635
601904916,2198
602005115,12276
602366280,6888
602455110,1127
602465880,648
602478874,3108
602771615,2471
603067222,824
603085008,10876
603215482,951
603535454,9606
603593003,5535
603668088,5655
604651852,3093
604899926,4148
605221864,945
605662936,307
605673387,29340
605998734,341
606329910,2707
606520610,3145
606669199,913
606790323,3654
606803328,6179
606949210,274
606991065,260
607013954,14805
607121301,2508
607202370,4998
607289185,28443
607301922,470
607355225,1185
607375979,354
607503931,117
607667587,512
607840368,808
607845880,2384
607858988,9491
608130371,323
608136755,165
608246343,636
608422802,346
608490374,7945
608896930,10348
609002853,3810
609054077,4274
609090479,3901
609099433,666
609255505,471
609333954,8391
609416865,24967
609427511,3212
609445326,6398
609721722,17158
609727033,770
609790481,957
610038902,3477
610043832,3720
610071879,821
610197072,5307
610217037,7518
610260322,41408
610265797,2351
610487003,1552
610713721,341
611161753,2247
611284377,4419
611291701,1343
611368361,807
611618121,21226
611723171,916
611817888,390
611913815,3273
612275000,1943
612350395,6188
612494680,122
612555408,1941
612562157,833
612603924,353
612750561,4322
613075789,12900
613456719,610
613731840,12206
613984283,12375
614050971,1273
614258120,10753
614325365,18939
614470292,2586
614719201,10172
614764248,33822
614765452,186543
614780968,2121
614826827,2116
614854112,866
614950419,1162
614965975,3999
615133427,546
615208684,1619
615313264,375
615403340,15580
615439742,3340
615510678,17576
615532857,3056
615536358,452
615557134,1443
615684995,574
615695876,4785
615702252,1393
615709657,512
615891862,1195
615910198,533
616027609,1399
616034965,431
616179530,1323
616187681,2590
616263789,318
616372661,71207
616466279,905
616830183,3044
616983144,254
616989909,389
617044480,1087
617048769,2673
617152691,8069
617179274,16403
617206966,911
617325145,3227
617363723,446
617418536,1221
617431627,356
617443880,442
617444598,503
617462489,413
617529988,2212
617577744,472
617708951,2329
617798408,21195
617864263,670
618116667,1890
618229896,950
618291036,1383
618299849,1337
618345160,2791
618503555,1340
618509061,379
618511002,10804
618644310,1605
619047425,358
619059435,2581
619143361,3062
619234173,3024
619312022,4260
619814004,2965
619825247,8484
619959033,77414
620059973,777
620076077,1720
620165658,492
620174542,7326
620225616,478
620275636,3341
620333997,818
620362812,2752
620428566,1044
620458878,14903
620552483,2174
620557779,575
620843043,1233
620943152,916
621226745,449
621562296,812
621575252,7549
621808642,29596
622134485,305
622147274,1702
622163915,450
622202906,3432
622352364,12349
622462950,385
622510230,6480
622569125,3192
622599959,2668
622633514,393
622709062,170
622788147,2886
623119055,1722
623276552,1024
623337398,700
623414622,1561
623453211,445
623499246,1158
623604666,852
623618719,1172
623656022,690
623679404,1053
623737874,330
624156003,679
624214839,2771
624236959,4334
624268705,2253
624294388,331
624421862,927
624432016,2261
624870895,9093
624889833,1168
624906825,134
625187946,16475
625308923,2344
625486047,8144
625502953,302
625659174,814
625673154,1131
625793423,3412
625802141,3315
625802507,1239
625961301,3500
626117554,1097
626161045,553
626166292,526
626239608,778
626509716,4877
626597211,349
626723712,1697
626885698,1000
626937684,1598
627132009,1249
627274798,1110
627480054,19705
627534556,477
627561173,18551
627637290,438
627644217,800
627646824,574
627727693,12341
627744002,2900
627915388,658
627962120,939
628087446,1453
628154495,1798
628172054,1575
628230315,2181
628250345,3000
628296906,12211
628479063,398
628749964,147
628853983,834
628959446,5748
629049442,3235
629102662,24976
629142696,5151
629177820,3209
629292062,2465
629411216,192
629494390,6926
629520282,1259
629538245,1195
629651008,1990
629789089,4107
629922458,3345
630208579,911
630292680,3793
630487790,1141
630488256,587
630646591,2043
630755965,4907
630987119,357
631003534,179
631079307,328
631081758,9049
631084700,318
631136535,884
631147793,1223
631169911,4659
631254164,36334
631258918,23740
631285104,5498
631454728,10196
631484230,2583
631493578,285
631522874,4156
631567741,40154
631651537,334
631673804,590
631693079,321
631705933,1615
631755045,425
631822812,6243
631829946,955
631986005,366
631999917,139
632043405,410
632265457,275
632269609,794
632303131,1741
632387128,1268
632394512,393
632538509,1364
632871496,1512
632871628,4461
632902959,3256
633037655,471
633091774,1976
633141345,994
633262635,31555
633738492,1037
633933122,24532
634043200,26731
634081686,23054
634082741,262
634151665,2120
634443338,659
634505738,172
634511992,635
634590129,413
634938527,947
635059080,1820
635129194,3299
635240594,57429
635258975,6369
635392069,491
635785526,308
635992742,845
636344889,4225
636372163,13611
636473464,523
636529302,511
636535720,6459
636693030,17578
636787031,12849
636922549,5101
636986058,4682
637096157,12421
637126931,3141
637237273,3499
637313883,1101
637692988,774
637924634,15286
638018738,826
638054601,4909
638158791,876
638240319,622
638609341,3779
638629097,48137
638722390,1297
638869686,565
638900030,2366
638951438,21325
638977082,321
639001213,4046
639079153,1612
639095114,3537
639096757,6711
639225857,2053
639286908,765
639548771,1473
639673870,2305
639687152,1670
639772835,4946
639835356,28935
639997734,3531
640182997,17653
640476297,384
640495759,414
640683234,1885
640747712,656
640784478,416
640819432,5816
641205268,14901
641213599,1534
641364608,354
641490799,943
641729782,1545
641932376,466
642099326,6047
642323624,35773
642332004,1153
642368010,1507
642416556,642
642578676,512
642608852,12991
642640119,389
642642539,17970
642696395,548
642826885,489
642880013,290
642906925,2223
642917329,20815
643035818,465
643050363,1811
643193835,1091
643298670,295
643405499,4592
643435168,2145
643705885,1553
643722626,374
643749430,3362
643838075,2885
643885884,2627
643916827,22731
643952838,604
643959798,864
643978507,232
644075561,821
644235905,24888
644259800,2458
644335995,1003
644343479,1093
644351982,1080
644461337,26140
644497089,2965
644686905,35450
644799767,960
644827453,554
644862510,3146
644945770,567
645171789,126
645270986,2012
645376002,343
645397533,5487
645423151,194
645471238,7137
645841220,434
646129383,599
646220234,340
646464288,762
646489141,731
646532460,935
646537482,2895
647071735,269
647090216,346
647100790,308
647651782,2334
647752905,756
647951887,991
648133004,958
648145432,774
648450331,583
648461026,880
648474263,2004
648505057,5709
648629873,13114
648704297,287
648800562,738
648854280,1067
648967412,2593
649025519,685
649035177,813
649047066,723
649224670,6365
649402606,633
649494372,773
649647885,6498
650246838,870
650365761,411
650657605,450
650838385,353
650839020,2614
650918061,2974
651145357,704
651479977,1051
651487266,9269
651673736,484
651715861,233
651739863,1221
651856155,235
651961311,1292
652065806,562
652419549,107
652420569,2223
652484969,767
652523482,827
652604373,1847
652712035,30810
652780999,388
652941996,8628
653196037,526
653386433,6329
653589102,13719
653595084,5651
653893086,822
654037367,460
654115596,648
654122609,8000
654124617,7296
654824689,359
654834995,669
655021836,906
655099582,81623
655155250,2414
655253031,312
655459367,29384
655806940,117560
655948482,8679
655949187,2822
656030508,1953
656099147,63086
656181752,1292
656242004,1303
656376920,1535
656385153,3645
656648289,323
657057869,1121
657103388,291
657153187,512
657442586,611
657895120,15532
657992824,535
658169646,262
658277588,4708
658356545,474
658453192,3046
658523581,707
658928958,178318
658954791,1622
659030774,717
659158359,1183
659163102,286
659211539,435
659402878,9289
659412092,7781
659786592,427
660299583,1236
660360373,392
660428571,757
660452634,1063
660489378,11218
660551251,69782
660860817,640
660891114,386
661149290,676
661178361,1611
661481146,328
661792195,438
661847690,317
661917017,393
662443651,1291
662567193,276
662717361,1487
662766482,12495
662871293,323
662878020,7261
663095187,1457
663157481,262
663247362,2474
663396489,2350
663801546,1259
663830644,172
663918038,1648
664102018,1016
664177247,1370
664262546,364
664420782,599
664427248,3846
664529368,1084
664752008,2929
664767555,859
664913876,5175
665164787,1402
665299585,1595
665360778,604
665471631,874
665653661,1192
665986900,561
666140407,743
666163354,2174
666197652,2086
666260877,3136
666461223,606
666826154,1245
667024117,907
667148214,757
667259013,358
667297720,18554
667532295,9270
667751028,322
667828615,2983
668052031,7129
668122773,14747
668132464,2835
668195240,59073
668481985,1362
668513898,1938
668812621,1707
668990200,619
669331976,6150
669402660,553
669420857,4219
669671669,814
669704171,742
669839756,514
670089677,389
670177036,294
670526867,935
670696350,703
671044141,119
671076272,2945
671115276,168
671367604,1956
671542615,655
671737761,694
671759870,3660
672224983,8789
672405848,327
672415139,9902
672418156,217
672490782,359
672673877,997
672678720,2374
672730040,1302
672790711,459
672839549,430
672847735,1706
673277480,2309
673277958,6868
673534316,3771
673596675,12042
673704029,1206
674075444,21581
674149041,209
674448056,288
674782109,696
674804053,223
674827652,371
674841239,348
674921134,138
675151062,2310
675166027,422
675501126,333
675790276,304
675892095,1056
675911200,1350
676012640,383
676028871,4855
676057693,1234
676089005,1339
676793232,2433
676855783,586
677284959,1504
677655818,336
677815836,262
678182421,3336
678526156,22282
678589928,230
678765416,481
679091311,1857
679237742,33703
679402823,1171
679506386,43977
679564879,1046
679673096,402
679869950,29571
680043217,801
680120071,60379
680173591,2830
680797687,2275
680860351,945
680918523,1152
681002458,7290
681075491,6723
681240572,386
681455046,907
681482900,1322
681516317,4529
681566005,17934
681603891,652
681809062,1058
681989160,273
682080300,12693
682556990,221
683009618,5658
683039317,845
683066449,800
683509343,272
683573931,5448
683650472,1725
684049556,668
684718744,912
684881338,6937
684881857,3639
684883012,1758
685444668,4086
685523400,341
685709378,596
685779821,286
685897222,177
686076152,1085
686161611,10456
686476221,1212
686709515,284
687036710,761
687065217,314
687127955,319
687211074,339
687246031,292
687372462,450
687449432,1046
687727674,1344
688164459,27893
688186076,2825
689172454,1309
689214770,2876
689299900,3487
689406476,900
689541424,2765
689765175,856
690349659,445
690609896,8170
690860892,895
691194929,462
691303110,4338
691347156,22481
691978242,691
692175642,1123
692676232,282
693038546,865
693072929,822
693638247,667
694239644,226
694279648,406
694510132,1318
694670164,2689
695229234,967
695699688,1075
696086319,132
696243788,2254
696503950,951
696601819,447
697007681,2074
697356168,166
697550206,1290
697933414,743
698210830,605
698288684,14853
698470143,288
698654711,357
698678789,469
698998233,985
699159727,868
699343375,1213
699396462,735
699581828,222
699727627,408
700724064,2372
700762093,308
701109860,325
701256444,283
701312880,731
701419101,1887
701494311,8910
701547123,148546
701604805,1112
701627142,1119
701867516,514
701872893,362
702050953,1253
702370097,816
702674692,727
702880644,2417
703132587,668
703276306,150
703411624,24208
703433265,1166
703596504,539
704036520,1049
704054996,829
704106022,550
704543233,4993
704959035,4315
705126352,835
705247308,644
705358800,1397
705433049,3077
705695450,3366
705901752,2094
705950346,2629
706023626,1302
706400384,357
706636808,244
706794274,1942
706800296,858
707018563,384
707020503,476
707237272,4145
707248455,820
707356799,1610
707441527,12940
707501489,1081
707504998,899
707552952,833
707818217,3823
707871811,537
707913607,1240
708532926,322
708552127,577
708693209,3018
709504524,270
709603902,12309
709620206,394
710127591,304
710443541,1342
710475189,506
710539769,597
710601088,56973
710781843,466
711291697,137
711319439,916
711391701,1382
711550638,13763
711650878,2040
711864970,525
711904523,171
711904962,3796
712179847,382
712629129,3300
712897010,10724
713152194,829
713419018,518
713609629,318
713967573,7822
714008096,484
714035943,355
714143245,10280
714226745,1522
714374011,1911
714387282,726
714395490,404
714808642,286
714853510,771
714865034,504
714893421,791
714940169,3156
715248012,171
715348647,543
715427466,13580
715523093,2037
715592775,770
715806751,979
715884951,14888
716273663,777
716439063,308
716476891,1972
716579519,515
716583109,3401
716786755,428
716799237,1761
716937075,2094
717009085,330
717026159,1194
717138746,2113
717197250,44972
717216771,491
717287228,6579
717917803,1515
717956516,1203
718107269,942
718323423,945
718379614,22396
718407978,1150
718748920,3529
718853934,394
718875034,220
719367888,31684
719455172,6549
719761455,397
719790983,404
720449800,588
720659604,284
720915219,1196
720959702,308
721250099,2367
721643027,1618
721995615,10125
722184017,11575
722523710,251
722811903,1360
722844356,13198
722954739,1261
723015178,2692
723094714,3201
723226486,2344
723307046,1763
723485772,1172
723665493,674
723728776,421
723758860,1450
723933053,1314
724028394,651
724066757,1809
724118604,1730
724415659,159
724478159,1493
724564445,1026
725157537,862
725334471,242
725463194,363
725476324,806
725658398,410
726013572,970
726390185,915
726478743,409
726518175,868
726570398,3001
726692169,2000
727268148,1001
727460041,776
727470807,3035
727502310,584
727519007,314
727699569,1099
728395410,1872
728528910,3224
728758093,467
728820625,2500
729271800,561
729453988,10400
729716514,624
730276071,507
730334347,550
730389199,347
730414546,781
730439488,272
730534580,87334
730728120,3926
730753909,4282
731037923,492
731293077,5984
731397562,1816
731449710,455
731462543,4878
731842419,9712
732366705,599
732401352,721
732543215,397
732849776,1280
732909726,990
733057080,1356
733454789,294
733497470,371
733578284,790
733661878,3576
733802106,5546
733899994,6844
734171107,975
734312577,5639
734626369,1207
734710598,789
735087691,703
735283134,1044
735425203,5170
735469449,1795
735982439,951
736191625,1301
736198723,1774
736272311,14068
736349347,560
736419116,518
736491949,2499
736530793,1061
737050647,653
737607643,363
738046322,2204
738095453,546
738519395,342
738733003,43405
738771232,474
738776129,1562
739486956,1301
739667828,5337
740043450,543
740111119,478
740293013,7063
740316987,9456
740338525,5397
740789348,2041
741100585,3196
741165735,150
741543947,582
741791071,1207
741989385,5161
742015163,1220
742146179,458
742244656,28859
742326880,1061
742902859,655
742949598,392
743007730,583
743107776,769
743533748,2156
743720963,814
743746918,642
743770309,7564
743780291,4178
743789945,162
743825398,5622
744164276,4324
744855992,383
745311984,1412
745546184,8683
745732093,2677
745749489,3943
746122997,136
746295630,752
746380110,503
746430561,1843
746667927,1444
746708555,339
746783381,457
746833579,811
747578582,1804
747648993,1228
748030359,988
748528018,6319
748674684,9072
748833709,487
749135518,285
750069596,2508
750262306,780
750274600,395
750371625,4256
750409062,800
750678695,18136
750896555,1339
751008707,13822
751413469,1324
751474418,1592
751863240,2041
751927947,312
752576871,1276
752672224,453
752798324,235
752815135,1252
752840454,1415
752856939,266
752906381,612
752946440,2967
753490180,72025
753525670,299
753664908,859
753742444,828
753750990,28717
753757613,394
753886289,4365
754066467,1597
754173470,1570
755161958,958
755500149,432
755804236,3392
755874962,458
755952077,637
755979015,762
756142546,7957
756475416,2608
756910902,214
757246914,287
757390591,426
757771051,947
757875395,1076
757885472,756
757899614,589
758197374,18243
758253566,697
758619546,179
759825266,3618
760107045,825
760329856,483
760947966,1003
761068700,1059
761150311,7135
761397238,1645
761580012,786
762204955,1790
762224673,5697
762300924,2472
762303728,15167
762355055,2411
763068976,830
763718151,377
763733771,1035
763774926,7586
763784232,435
763795053,6386
763825934,1741
763842651,7767
763923484,3765
763946969,394
763992110,637
764049913,1250
764161180,802
764328003,142
764418725,6954
764684731,642
764867656,727
765001096,118
765212809,362
765636168,447
766789360,2062
767257109,326
767492699,1363
767522148,832
767612356,194
767985271,7727
768036550,5019
768315119,339
768612800,4358
769026721,295
769134044,1056
769264114,655
769564277,7598
769852109,1742
769873873,602
769954254,693
770001062,3014
770153867,102702
770633006,2373
770650946,220
770946179,761
771302083,83772
771670025,17622
771808616,3538
771812200,166
771847852,1038
772047488,805
772179341,1028
772231767,347
772626462,1910
772632148,5111
772900420,516
773015046,678
773093836,1128
773321993,424
773345074,880
773544702,22496
773950709,2473
774011471,1910
774180708,385
775149161,737
775300536,352
775790548,1526
776632801,882
776854298,30913
776908852,23905
777111718,25696
777273508,1177
777392297,585
777597786,2193
777812139,3331
777941000,829
778281287,686
778431525,35438
778560533,287
778768633,490
778819999,2250
779285435,2132
779309317,1502
779312276,875
779499743,362
779843396,1227
779928034,1749
780047246,408
780161909,382
780323643,274
780522250,8725
780584116,228
780685045,2458
780737106,20047
781254183,326
781261349,14210
781367266,887
781412750,480
781420440,1618
781548686,680
781634560,1347
781762105,281
781844208,622
781914762,6599
782308046,3752
782539945,9035
782544882,1572
782597014,1484
782938634,270
782946208,5010
783303222,1339
783512367,38794
783558843,826
783743154,279
783744120,516
783839655,536
784021364,447
784181462,36100
784183059,5271
784528890,1762
784546140,11853
784586462,1193
784700179,240
784769209,556
784797264,734
784800776,982
784852356,144
784906798,2637
785004114,1464
785300720,987
785617449,375
785719030,233
785751279,1335
786008946,1074
786281570,937
786509147,933
786642156,4538
788470926,430
788751269,382
788768107,8832
789379581,292
789457378,305
789480255,6905
789601531,774
790018635,275
790136258,114
790316547,1246
790704526,2325
791124680,8409
791678512,844
791687835,116
791733442,816
791911417,559
792039881,3540
792072603,2665
792550179,251
792608353,665
792840938,587
793152808,789
793375104,132237
793379298,5207
793416920,297
793454852,4442
793526430,519
793795224,6331
795106410,725
795256319,243
795577184,383
795601045,1446
795784338,570
795905076,580
797193117,554
797371964,9373
797507464,112
797526075,105
797531982,446
797821110,1689
798163156,832
798503976,205
798892173,821
799032556,1616
799067071,695
799084863,332
799574583,782
800050396,1707
801447013,292
801547807,1025
801763739,8381
801764728,269
802174871,427
802342616,464
802434683,5600
802821703,9780
803024793,2089
803449223,153
803643412,1560
803733455,4604
804026091,958
804027896,1106
804458911,550
804533296,339
804542745,520
804768546,1796
804867341,4324
805155266,50323
805900550,546
806007891,4119
806192576,7936
806216118,1448
806294968,271
806444030,828
806770482,1243
806804556,2518
806854629,32895
806921131,525
807305060,11115
807477229,166
807512074,7412
807526338,121
807727161,2067
808019331,1337
808072504,722
808091003,764
808123482,1831
808180334,877
808279683,124
808982778,254
809060646,1344
809380023,789
809671338,1965
809673506,6162
809764991,345
809877633,788
810121174,3867
810363572,206
810375738,662
810861466,8248
810940471,637
810975601,187
811330067,328
811374381,1093
811638645,2144
811675345,12746
811918547,707
812111293,296
812535124,197
812975380,18846
813220336,2218
813368909,3693
813390194,320
814018882,872
814403270,1952
814502811,1499
815071490,144
815554514,290
815634288,11164
815654365,328
815778607,328
815946742,2297
816158613,1225
816163847,2014
817354652,11041
817558041,317
817595660,1339
817999901,138
818118661,4448
818331198,19244
818371268,484
819274200,1542
819291550,2639
819613072,1472
819746780,660
820105241,1113
820144741,2807
820723371,1105
820789280,3389
820898375,1577
821257066,1816
821372392,28181
821845183,271
822329559,2092
822439302,364
822604462,41991
823175328,1819
823198721,273
823533826,806
823596198,2039
823731928,616
823919159,557
824091324,1250
824541776,6437
825079672,957
825151681,295
825279449,2110
826111692,3963
826168160,64639
826170402,19011
826643276,1470
826847986,578
827005317,6366
827224160,296
828487049,403
828505099,4665
828725594,559
828733319,604
829521860,424
829762850,1154
829991333,265
830468922,2176
830613483,672
830859294,2256
831914256,5870
832180352,1250
832452447,14548
832482665,1787
833512367,3964
833803262,222
834050728,1081
834231760,590
834369920,54589
834418003,477
834688418,6912
834978333,384
835317697,886
835704674,2498
835975784,15881
836079752,1044
836554261,353
836899473,368
837411728,515
838093526,4417
838126055,400
838163451,143
838216432,7132
838412119,1009
838528318,1607
838542536,11238
838659679,12603
838970603,6561
839037098,27116
839428333,12334
839638772,819
839750798,1083
840056306,29830
840162905,1971
840665645,957
840672252,2273
841242731,1798
841263635,357
841370602,5572
841397199,2082
841472636,10671
841537832,223
842172831,1578
842982339,411
843003613,851
843119525,1179
843570824,8306
843734873,423
843946121,3173
845116230,857
845839905,1235
846166884,527
846504063,247
846579774,3379
846650421,1390
846698999,52704
847717439,16150
847942139,705
848182195,433
848430472,556
848716186,170
849121458,3302
849473290,554
850195226,1829
850267588,28841
850515061,6423
850683423,5239
851036791,1669
851138183,1224
851256132,676
851311691,792
851405219,2840
851492630,1769
851508130,327
851957432,1097
851973702,2266
852211693,715
853516073,491
853853180,393
853922938,766
854337508,10578
855162700,3145
855588588,8453
856013564,333
856917013,317
857301513,521
857378779,295
857596299,6899
858952634,257
859231373,887
859332112,692
859510816,2367
859537060,5664
859956307,4875
860141324,562
860826290,108
861432372,324
861556786,2202
861746639,2613
861758511,1832
861937484,1982
862342240,474
862421352,1577
862449441,16506
862570523,8935
862578138,13143
862584018,23984
862802466,1359
863050120,4622
863276973,2480
863454901,1062
863884238,502
863930645,1461
864107095,665
864683346,398
864768613,306
864976834,559
865062553,1270
865578152,3611
865656561,6490
865674064,754
865687718,185
866356299,593
866513204,38793
866517667,1982
866534224,124
866629172,681
867149056,131
867337374,10650
867365585,266
867433720,5333
868173144,20090
868456222,552
868466289,3206
868528979,186
868765642,1696
869057963,252
869529046,359
869964172,310
870039374,2139
870189331,12146
870402765,443
870957129,870
871211266,2790
871368615,8747
871483501,510
871725446,478
871835352,109
872005985,7348
872021590,2403
872550457,1510
872632465,979
872748942,605
873102254,575
873330843,808
873387226,298
873548300,1684
873919267,360
874559208,17752
875190427,219
875857865,388
875989196,539
876000634,2582
876064934,36950
876079530,796
876363500,255
876463366,311
876545970,1793
877230294,10860
877487641,154
877649153,3940
877757116,880
878272507,1057
878401217,551
878605324,528
878634542,673
879091764,621
879473096,1716
879657839,540
879677288,430
879753997,242
879874959,2727
879985123,497
881014682,207
881100462,947
881171866,15610
881201918,1890
881448795,2196
881458615,108884
881804112,8193
881991789,582
882026761,7468
882106204,421
882354535,1957
882486617,1047
882880878,396
883037083,1436
884123664,3932
884452470,1167
884907449,349
885743839,1953
886299924,1536
886448921,1601
886682265,300
886929922,158
886966165,3706
887684103,5021
888092115,173262
888350460,1809
888450044,876
888615536,2064
888977326,852
889371307,4151
889684712,1521
889730722,861
889798967,1703
889850064,912
890043011,4439
890358626,320
891123403,392
891705470,10840
891872929,651
891941403,720
892076269,1037
892173192,4049
892415825,252
892729604,1013
893031915,5723
893198731,210
893612026,664
893720264,300
894138030,177
894215592,280
894382523,173
894727712,123
894876686,2565
894945634,1365
894988451,1786
895079444,678
895124092,292
895224323,805
895253710,7710
895291604,4859
895453957,12424
895508656,71974
895801050,5740
895930732,1587
895942941,15295
896146306,3044
896252863,341
896296825,27181
896335270,92123
896417211,918
896594784,929
896905855,242
896927006,5881
897068154,820
897268988,8341
897308110,1495
897375907,615
897595329,3636
897809208,5730
897865415,1557
898003154,644
898004429,1030
898106797,346
898128804,1356
898304583,12681
898345892,9302
898654014,282
898806615,150
899184149,3413
899268921,151
899309258,2101
899407931,7215
899491463,908
899663167,1326
899983311,891
900152988,1989
900207021,2219
900260982,291
900493069,929
900564894,613
900577388,6507
900708662,185
900908903,2558
901328207,184
901554449,1728
901585471,2222
901596497,212
901680517,1533
901720337,247
901797250,5985
901925992,572
901950528,5376
902201960,5832
902419239,642
902495626,454
903410228,1107
903548628,2248
903606632,234
903643338,313
903700733,15878
903960898,1517
903999320,1802
904010974,903
904031977,476
904060563,591
904190702,231
904249963,696
904277704,659
904534974,7215
904639064,1672
905016458,8502
905450127,2910
905471442,948
905850659,168
906122697,1178
906245192,419
906251482,36219
906326388,1453
906380555,358
906848878,3166
906909760,319
907148362,303
907706400,1227
908054915,131
908705399,196
908734690,2704
908799323,3249
909177153,222
909213664,97708
909215044,466
909466352,880
909717778,1161
910125376,2959
910133553,208
910265773,1576
910277051,296
910336786,1480
910426589,628
910918245,319
910986056,16274
911150848,256
911185631,467
911256711,3329
911303109,18592
911680526,1240
911831076,4914
912452889,340
912499477,2612
912645774,3093
912731730,1082
912869501,1656
913547673,258
913574546,1448
913593764,1238
913907685,1973
914316754,19815
914406146,1534
914475684,199
914625205,1715
915015718,461
915233417,6544
915291641,2001
915358848,2471
915425472,872
915470479,423
915520679,9064
915822493,346
915838812,385
916009087,17153
916292078,270
916386111,3257
916693314,165
916695726,3455
917001485,412
917444482,339
917782991,1638
917868934,30897
917903047,2458
917985457,681
918092521,260
918778709,3886
918932603,38554
918998436,159
919458554,1203
919609219,3650
919835586,14462
920159501,3498
920179950,351
920576726,2595
920835737,409
920995232,6375
921048775,1480
921374864,1300
921418273,657
921448845,1824
921652649,584
922050275,3211
922596686,5363
922709376,695
922830617,164
923103714,447
924394244,5423
924706399,3391
924738875,4367
925147332,4019
925298844,6534
925457982,854
925508103,944
925634755,2937
926222936,199
926252103,10766
926285456,750
926297959,1325
926334425,3275
926861272,19538
927890076,7137
928054659,272
928147986,125
928176450,519
928246219,318
928318862,9735
928416110,1209
928766981,484
928857407,2673
928976443,486
929050264,911
929121414,23150
929152510,395
929153651,416
929158279,3627
929338255,4072
929591639,189
929918364,267
930007673,323
930132430,2203
930217913,7290
930733499,500
930886482,707
931205747,244
931352845,33100
931365873,4102
931442415,2532
931552739,1093
931705070,2229
931884122,576
931892749,15637
932076703,2509
932348189,333
932644823,5460
932741577,789
932756293,781
932892820,180
932931149,258
933044155,2572
933144612,830
933201974,172
933350408,3438
933392619,1482
933588046,476
933700399,915
933701586,13365
933894892,1501
934119223,252
934139122,505
934147482,1619
934358660,374
934527631,2431
934753959,3791
934853350,246
934999287,3048
935223529,989
935450522,5641
935534753,1553
935604638,26787
935753640,422
935895786,271
936036852,514
936075340,304
936151330,897
936369652,1306
936371491,500
936395722,1683
936588488,823
936974548,4685
936986786,5108
936993021,1380
937033828,299
937056810,2114
937106681,422
937347387,253
937527501,1567
937952934,5656
938111182,309
938268326,303
938322627,2897
938379776,2088
938582880,479
938652536,191
938859604,5710
939035618,132
939207877,4902
939242211,212
939371152,591
939648665,5165
939657163,462
939712575,309
939870671,530
939937385,428
940099147,1325
940989522,379
941145803,3554
941160149,3706
941562247,2050
941652610,185
941866087,332
941931006,138
941971657,403
942114501,20082
942206898,7740
942624437,1838
942756187,14776
942771284,32168
942837343,27986
943214141,182
943266643,548
943686184,1539
943950290,7915
944922104,337
944976593,11976
944988714,601
945034056,1281
945121885,340
945309383,204
945411078,10738
945551361,6222
945592798,278
945605057,8286
945763259,2052
946010740,6606
946025961,452
946087422,26827
946153980,3884
946174307,4467
946178371,10578
946228075,462
946270469,151
946278572,3981
946334325,240
946380199,28571
946676136,1270
946702247,6814
946763772,217
946767878,6579
946845941,3189
947349598,2004
947516890,595
948072295,5108
948148972,1862
948264786,2511
948430889,1856
948567826,315
948663423,8703
948725367,587
948839453,6771
948860546,1396
949542298,539
949564493,314
949646929,8319
950019212,385
950061990,1638
950361043,1025
950412509,318
950839330,787
950891299,4311
950937118,165
951125019,786
951163887,672
951254050,209
951416232,512
951543275,3691
951636984,463
951746200,2936
952238700,9585
952294753,2822
952688112,36023
952939763,2122
952977008,503
952999410,753
953089294,4620
953142807,1185
953215797,365
953274130,1694
953321814,2833
953478769,2211
953521037,34703
953587943,947
953683578,27898
953944252,2985
953945624,2645
954045557,496
954295376,351
954321799,645
954528300,1192
954762768,399
954873280,25310
954963562,11281
955112969,182
955577327,718
955620917,60635
956283541,6948
956421280,496
956585124,1353
956657893,5893
956679248,1304
956842312,8323
956908445,4664
957053334,6141
957410714,178
957412694,4341
957479413,1907
957658915,25247
957756643,3411
957812975,1455
957825149,2293
957859485,9705
957960956,186
958189434,2062
958531089,35147
958603506,247
958733763,347
958830671,10147
958852531,588
958956842,1626
959346743,525
959473422,12612
959543974,7547
960225366,808
960292911,247
960665821,16967
960724144,779
961238844,418
961883456,576
962024783,2905
962106649,2580
962125208,2634
962134278,3374
962294285,283
962587799,744
963665823,4150
964314175,1618
964477695,5921
964818213,1163
964996396,3966
965030779,2148
965174143,1524
965232391,541
965313467,9041
965632655,8118
965872694,614
965974441,5790
965998145,3332
966022561,584
966372868,620
966653795,2199
966916741,654
967062640,3221
967155121,556
967543976,201
967670863,651
967738751,9144
968197216,106479
968317835,2055
969005843,235
969010919,19361
969235474,556
969263461,761
969373000,1542
969725165,328
969892666,6590
969920935,1035
970023948,3760
970107711,827
970267776,668
970578570,2609
970691159,395
970875123,938
971300888,4968
971399370,961
971922154,159
971992642,4951
972553373,4306
972862480,627
972930250,847
972957983,1255
973051124,2543
973180254,6779
973223133,4764
973292935,2480
973621150,3530
974157595,5825
974445592,12745
974865573,2103
975012144,381
975045036,2119
975318071,17620
976255395,453
976286833,2138
977737334,323
978236277,8648
978331188,10054
978384239,542
979235459,1229
979345481,1531
979392131,15259
980086077,2430
980428225,2072
980526715,1020
980584668,1968
980669489,205
980793684,227
981177285,9471
981223380,651
982172059,246
982517950,6731
982711664,603
982835425,977
983113668,5085
983757718,1845
983763510,4981
983846239,868
984011683,2871
984119889,1200
984133376,10108
984189260,868
984376616,394
984413599,2916
984625191,3902
985839104,13168
986553289,491
986861312,2863
987252260,1188
987312029,793
987541636,1663
987670088,27294
987682107,2993
987975584,10537
988337333,18303
988488798,4981
988535212,280
988545824,837
988856738,397
988892963,1069
989406293,235
989917360,1209
990310636,658
990811530,237
990919575,285
990985890,581
991030974,901
991037838,346
991047680,1561
991092853,1948
991528882,1724
991626874,818
992021228,255
992114392,844
992325192,560
992778031,513
992907328,315
993236973,1553
993376725,1584
993392548,496
993521808,3571
993635199,372
993864981,891
994061888,293
994252890,6530
995129837,851
995371708,334
995796077,794
995920026,1407
996124831,1778
996329491,6448
996546959,1125
996626040,10274
997085842,3108
997120524,842
997220114,273
997390194,5042
997410148,523
997438135,518
997490512,6274
997890921,22665
998445877,1319
998658053,1828
998704750,330
998903307,1777
999030842,14964
999743169,575
1000362065,37715
1000784797,817
1000933836,683
1001200358,1328
1001452682,12016
1001531356,575
1001889935,3167
1002055021,905
1002069540,2609
1002125012,27745
1002608585,341
1003353701,528
1003434490,1382
1003614809,2996
1003799351,504
1003987503,588
1004147641,17474
1004491404,595
1004631442,8619
1004647857,5381
1004789600,608
1004995740,22365
1005233473,4938
1005959915,289
1006104934,5181
1006340566,411
1006993051,882
1007665741,886
1007681088,5459
1007724038,644
1007845219,860
1008177062,4348
1008373485,13241
1008713177,26937
1008775535,648
1008961851,893
1009038213,377
1009729416,455
1010094371,2034
1010285990,498
1010311478,245
1010318950,6401
1010478967,2272
1010681419,73917
1010767195,2440
1011137032,1429
1011263959,298
1011716417,636
1012087571,46980
1012470975,152
1012676456,3275
1013335166,327
1013404946,3276
1013480284,30208
1015215237,195
1015232837,377
1015241891,1902
1015280784,2300
1015753941,2573
1015815983,6339
1015852565,785
1015965886,541
1016271077,812
1016323751,38298
1016423859,12614
1016903129,864
1017049444,2827
1017500658,161
1017966556,434
1018098280,2050
1018547681,3764
1018830110,1576
1019203263,156
1019360350,3386
1019432584,12495
1019609805,2150
1020779503,1704
1020834440,3666
1020843346,616
1020997213,139
1021219064,3615
1021295105,511
1021369428,202
1021621499,3365
1021895365,23299
1021907170,1630
1022508659,743
1022925092,992
1022984892,4410
1023243010,1130
1024095504,301
1025121037,4760
1025300166,5800
1025363199,170
1025906681,3283
1025924157,2778
1026361581,195
1026589873,340
1027015746,871
1027092197,225
1027207153,821
1027384981,27673
1027472552,1329
1027657650,453
1027735852,1662
1028070615,14291
1028159967,12714
1028492186,14953
1029036679,24230
1029049168,2343
1029161494,493
1029237831,365
1029289585,1973
1029765858,1795
1031066646,236
1031215137,15216
1031572511,331
1031666266,167
1031702103,613
1031738741,3151
1031743438,105
1031953656,1473
1032382011,774
1032429296,3092
1032459340,64612
1032498247,872
1033268244,5677
1033504128,107
1033533442,1904
1033618518,248
1033873680,8370
1034122619,1740
1034425196,12358
1034455311,203
1034736943,3942
1035165731,1934
1035903914,600
1035925398,251
1036205124,8078
1036471813,225
1036704760,1517
1036865607,4913
1037029275,186
1037741738,4515
1037868089,697
1037882481,1638
1037962296,5038
1038251341,4708
1038267026,506
1038357256,274
1038413113,1071
1038434342,717
1038507702,1528
1038887977,187
1039282306,2757
1039587768,7600
1040280323,2743
1040397982,8327
1041176052,4043
1041444133,1736
1041920680,4599
1042367133,126315
1042526843,2405
1042774256,914
1043448231,1846
1044010907,3372
1044765979,3260
1045330979,1128
1045721921,9597
1046807713,3618
1046864201,2190
1047320420,3275
1047604775,2509
1047714514,1342
1048132347,387
1048158960,1239
1048282719,2237
1048320382,10963
1048418394,3247
1048564437,277
1048601047,4972
1048652045,178
1049183334,645
1049248085,192
1049886433,2343
1049887781,792
1049911276,362
1050245177,675
1050485604,404
1051229663,1683
1051432019,555
1052016638,896
1052050442,72439
1052094299,1135
1052259802,3098
1052387869,539
1052473204,1120
1052828228,4694
1052845083,18336
1053114486,626
1053118194,36388
1053297461,3751
1053496366,1719
1053544737,532
1053598893,4950
1054147333,213
1054677274,2700
1054793726,48989
1055778057,650
1056221118,1351
1056452116,790
1056618941,4361
1057381764,808
1057758059,797
1057848324,766
1057909657,586
1058148535,1197
1058223453,540
1058825816,1967
1058850200,3168
1059326899,2349
1059472549,3515
1061041576,27306
1061327311,9577
1061365581,524
1061953414,168351
1062171191,513
1062210926,998
1062297179,5023
1062458369,28589
1063265931,4109
1064264196,1002
1064636662,2727
1065047674,1573
1065059442,46680
1065066515,2001
1065865385,2513
1066243512,1886
1066509034,2998
1067194496,459
1067611583,147
1068755384,376
1069234314,428
1069446208,3270
1069465928,2806
1069943001,19361
1072539730,12038
1072816188,2440
1073224795,270923
1073579907,670
1074023461,2438
1074175180,381
1074561042,26249
1075241121,252
1075250658,1455
1075381375,13436
1076111130,1761
1076312498,944
1076538757,120
1076969585,2550
1077560986,461
1077591800,183
1077662591,2156
1077701245,882
1077819522,21330
1077839783,290
1077850011,14611
1077926723,1205
1077989117,2766
1078227922,659
1078434900,501
1078528927,6394
1078598180,2368
1079302078,619
1079469057,3018
1079547517,965
1079619168,6022
1079906817,3521
1079966361,3312
1080070047,10974
1080226559,348
1080442728,2869
1080536031,1738
1080688707,828
1080728121,1405
1080989149,1877
1081336463,2752
1081397957,25143
1081415439,248
1081623471,2079
1081770999,2310
1081783144,421
1082137380,4517
1082722503,3343
1082927074,3253
1082960574,2991
1083188349,5191
1083363028,2601
1083676347,105
1083790746,446
1083953029,533
1084058975,2205
1084400107,1551
1084853233,30086
1085062248,126
1085086903,11968
1085130367,1167
1085636225,375
1085876386,6139
1086124473,576
1086419061,19739
1086756757,1464
1086808440,201
1086887314,2952
1087021837,672
1087106485,365
1087304134,1719
1087772670,5350
1087915800,508
1087953935,679
1088165333,437
1088558237,11626
1088705108,8167
1088816938,748
1088947514,1184
1089324287,682
1089959414,4904
1090165309,391
1091441963,723
1091563845,2324
1092047360,40990
1092116209,6522
1092279475,5697
1092555455,164
1092747695,235
1093458723,337
1093529841,10228
1093903598,634
1094040884,132
1094122545,1524
1094171135,1011
1095936393,1968
1095948794,3762
1095991387,505
1096175506,1146
1096608396,3556
1096955196,1368
1097695258,19956
1097835077,1528
1097885806,296
1098549899,585
1098665524,2355
1098866858,585
1099328966,12260
1100358796,744
1100363827,3527
1100776768,33434
1101059247,1140
1101183880,804
1101198567,2403
1101234405,2707
1101358021,853
1101573776,158
1101874129,9759
1102197464,3240
1102438776,1229
1102464845,194
1102475895,296
1103012935,386013
1103039640,547
1103066894,1318
1103502237,1082
1103772881,5457
1104232109,756
1104332987,70877
1104370536,7159
1105067009,626
1105657641,9600
1105906942,5892
1105911868,194
1106046293,2249
1106290890,776
1106440682,594
1106444494,351
1106612431,2470
1106615912,2030
1106663535,15437
1107721554,1155
1107847846,407
1107929306,1184
1108061543,376
1108188054,253
1108246201,261
1108658403,240
1108682714,6535
1108837393,67735
1109163478,950
1110248948,1659
1110443421,15428
1110629675,436
1110724055,440
1110731552,544
1110782890,14718
1110932933,3605
1111221079,898
1111537966,3818
1111937658,2241
1112015061,730
1112154391,357
1112189620,25988
1112733896,748
1112757335,496
1112843446,2310
1113140733,3073
1113326957,789
1113327297,1926
1113373470,668
1113403973,11020
1113476505,542
1113573066,45021
1113922795,2613
1114838453,4457
1115322337,1495
1115438773,3023
1115602775,2309
1115745775,620
1116604175,2878
1116658452,902
1117298172,748
1117388084,1462
1117497732,1872
1117639997,24160
1117827886,291
1117851921,733
1117894769,1847
1117896698,457
1117927632,2159
1117942206,3691
1118058753,563
1118085970,12488
1118204739,1019
1118273977,792
1118472080,613
1118483478,1122
1118556483,358
1118601518,36735
1118620356,920
1118981983,636
1119072163,238
1119305249,1082
1119492821,2441
1119523584,5259
1119580695,3896
1119883856,1589
1120106077,1408
1120507300,2068
1120540348,4961
1120583995,1115
1120886225,1763
1120991338,951
1120992116,545
1121405464,3882
1121898861,1309
1121999804,1234
1122242121,4754
1122681704,2033
1122873619,1481
1123331936,1044
1123338559,5776
1123956658,7671
1124031902,1590
1124219907,34977
1124236568,382
1124477911,1935
1124631986,966
1124754056,2301
1124759447,484
1124936542,773
1124990304,856
1125228311,333
1125258937,945
1125683897,451
1125856365,24043
1126064944,1400
1126473386,27320
1126557956,806
1126841840,4931
1127011907,404
1127191351,3004
1127234517,8596
1127276854,1490
1127402712,450
1127793756,5809
1127844060,555
1127855842,236
1128204614,17242
1128579105,369
1128708803,259
1128833454,1876
1129412343,674
1129437678,2689
1129568168,1614
1129583447,3306
1129597773,363
1129786550,18645
1129836481,336
1130004860,5730
1130040122,987
1130269053,260
1130325611,1347
1130445785,797
1130564872,80974
1130809465,38512
1130952330,532
1131085323,1812
1131194012,270
1131286249,282
1131381274,242
1131513930,62391
1131637627,1136
1131734767,708
1131980797,553
1132063646,1669
1132431999,10897
1132664039,2052
1132750706,15791
1133207146,24894
1133210524,4327
1133611462,164
1133660268,2013
1133872562,528
1133901637,5390
1134247238,410
1134445014,543
1134447175,6550
1134743153,735
1134819911,3958
1134882229,885
1135067489,281
1135148452,936
1135169266,2263
1135179558,7990
1135193663,570
1135212071,43985
1135260262,2957
1135473927,801
1135492298,15581
1135501937,2499
1135791677,13747
1135871706,617
1135891523,2879
1135975613,277
1136152017,1297
1136197489,182
1136590548,239559
1136616428,1620
1136666433,35125
1136752401,1576
1136782037,2609
1136945646,225
1137222083,784
1137445686,542
1137485434,2310
1137515077,5016
1137515714,402
1137711311,40685
1137729039,157
1137850293,1212
1138349022,992
1138376193,1453
1138835447,1823
1139111484,332
1139329853,401
1139596354,1013
1139643103,1051
1139782619,13568
1139883371,372
1139971460,75814
1140000232,1788
1140071348,2110
1140152286,391
1140226073,612
1140263746,978
1140481996,688
1140494293,714
1140774520,792
1140788023,378
1141023706,547
1141384261,470
1141468878,175
1141592887,1281
1141701871,1062
1141704318,51900
1141706975,1411
1141720197,1532
1141782198,50125
1141853351,5736
1142132744,205
1142274728,8525
1142397834,607
1142406715,4520
1142413815,331
1142482827,464
1142833038,149
1142857237,294
1143019584,811
1143237475,5078
1143261428,9934
1143295695,5412
1143403408,961
1143408173,1846
1143664622,506
1143753790,318
1143767804,27348
1143816215,617
1143938205,228
1143952193,5749
1144007363,950
1144211118,1093
1144284308,691
1144694071,2613
1144727401,2420
1145075367,706
1145158024,1899
1145420469,2819
1145667945,2364
1145881485,637
1145914675,1221
1146004684,2250
1146153471,1956
1146425139,3939
1146462485,2775
1146471921,2018
1146550474,3624
1146738089,30492
1147019563,2075
1147094660,46880
1147103080,3727
1147294830,504
1147379948,4108
1147566999,2970
1147803825,820
1148290190,872
1148314264,484
1148617298,1673
1149110392,483
1149257427,5137
1149469661,551
1149484257,1126
1149919051,2058
1150071903,2490
1150205470,6410
1150626239,7587
1150696087,557
1150781804,397
1150800542,2320
1150865300,859
1150877418,3294
1150995498,601
1151113612,3896
1151205052,3085
1151221822,314
1151379841,859
1151411061,6378
1151667698,5362
1151867743,457
1151870687,366
1151948575,408
1152014594,13977
1152145571,1693
1152159038,3204
1152162423,188
1152600431,1448
1152720637,1234
1152766213,404
1152784189,572
1152844950,337
1152948526,917
1153027372,169
1153111797,261
1153372704,6935
1153483156,394
1153494379,1024
1153634897,296
1153688673,411
1153764295,1045
1153806672,1974
1153822578,510
1153886029,176
1153919891,772
1154009261,4993
1154123797,2288
1154407752,1675
1154879377,2971
1154974019,354
1155025406,3203
1155063795,316
1155091202,5658
1155099363,1730
1155123554,1064
1155232855,1338
1155266070,798
1155268703,1828
1155383451,7991
1155576139,6049
1155681893,183
1155766506,1109
1155776799,1269
1155816493,2354
1155965274,23804
1156013210,1656
1156046366,257
1156170875,4492
1156416181,435
1156797572,5983
1156956890,32561
1156960719,14356
1156994049,9389
1157171418,18618
1157299560,174
1157326300,240
1157543432,894
1157643045,168
1157659618,404
1157855507,932
1157909530,315
1157928891,446
1158444028,688
1158472225,3010
1158588224,31346
1158631460,3470
1158722119,86365
1158782187,176
1158799392,10302
1158953185,2081
1159184254,527
1159261054,1539
1159381774,2215
1159910897,233
1160158798,371
1160245783,1315
1160289313,818
1160721237,252
1160886023,1343
1161038816,634
1161355400,745
1161379409,762
1161394125,1635
1162089095,863
1162099055,75601
1162410458,8799
1162907198,295
1162971794,2236
1162985117,423
1163421557,461
1163460571,1020
1163460850,2179
1163524922,257
1163644748,574
1163855415,1087
1164059777,1410
1164459351,1081
1164521143,835
1164625104,587
1164646909,516
1164655740,1408
1164832776,16366
1164859248,991
1165324947,33764
1165361576,3793
1165489591,560
1165507389,4462
1165663023,1400
1165855406,2908
1166050099,114
1166108740,265
1166139870,18106
1166171472,196
1166321809,1456
1166408297,26896
1166606658,1087
1166706525,1167
1167034425,2860
1167077257,2701
1167209519,7423
1167296906,882
1167300963,42074
1167337904,488
1167413446,3051
1167525683,241
1167626999,336
1167788341,29857
1167791343,1851
1167823778,1370
1168073473,897
1168184085,276
1168261320,1302
1168294481,691
1168753718,11388
1168900248,689
1169009889,179
1169078701,319
1169101061,2305
1169144801,2227
1169297054,533
1169560166,4319
1169612059,759
1170266927,25178
1170303612,2330
1170321595,571
1170326509,2112
1170548091,3940
1170615905,263
1170634188,661
1170648585,589
1171111467,5884
1171284401,1247
1171290857,507
1171312494,4119
1171376163,2525
1171575871,398
1171605222,254
1171656857,1357
1171755183,192
1171873526,377
1172197625,343
1172251311,464
1172309719,188
1172540122,645
1172574522,6223
1172739419,1867
1172782796,513
1172805219,1245
1172886754,647
1173427820,2852
1173503298,641
1173528409,512
1173769719,838
1173838343,941
1173848034,10565
1174224707,2943
1174262723,419
1174423274,238
1174443757,191
1174614095,386
1174625805,326
1174747993,1424
1174957711,358
1175231820,1674
1175263852,1571
1175316550,2053
1175317731,173
1175414428,288
1175742612,212
1175748759,4189
1175870738,2927
1175900220,3069
1176061718,501
1176129893,19376
1176335208,2021
1176469774,2352
1176497351,882
1176557412,760
1176677271,1281
1176808813,1561
1176898834,3521
1177118700,218
1177129875,558
1177402105,40638
1177456367,1095
1177640089,702
1177919337,725
1178198291,1242
1178437140,1867
1178500367,720
1178505369,399
1178584802,309
1178834224,876
1178974910,471
1179046874,11113
1179074781,1047
1179124545,4437
1179213731,2685
1179363570,6815
1179413000,8925
1179457582,222
1179478740,270
1179539349,3550
1179682343,949
1179727851,685
1179824727,214
1179959183,4477
1180015183,827
1180226026,1503
1180391077,671
1180445240,399
1180700598,170
1180781840,1197
1180872582,206
1180917769,5820
1181171430,235
1181272477,3151
1181318933,1378
1181409661,291
1181429842,581
1181479848,11287
1181624333,526
1181899027,1354
1181982220,28098
1182000750,2467
1182212878,27829
1182215277,1197
1182216394,2851
1182547092,22129
1182588635,275
1182594286,2184
1182712729,2421
1182741097,1472
1183151083,200
1183396155,1278
1184096749,430
1184170771,1422
1184249417,513
1184268220,5960
1184313747,464
1184340999,264
1184752645,4412
1184830713,695
1184839874,166
1184996128,1426
1185003107,496
1185016972,665
1185122623,5902
1185233810,1016
1185308721,237
1185389803,31308
1185430378,1927
1185438389,370
1185528404,1532
1186036632,897
1186202698,2070
1186233280,1347
1186304875,218
1186389044,305
1186598756,1029
1186664179,1212
1186701238,993
1186842622,1713
1187150337,2415
1187349447,299
1187386524,125
1187464970,880
1187490902,442
1187573823,412
1187595770,509
1187630119,14533
1187689258,502
1187718501,203
1187805808,2478
1188009186,608
1188133194,1410
1188180267,6450
1188362803,2479
1188669909,2181
1188684386,455
1188775349,1867
1188833811,254
1189234446,5280
1189384516,5141
1189432033,1390
1189732822,4414
1190042495,1792
1190390511,1068
1190515659,461
1190778303,4503
1191240966,367
1191398263,582
1191520000,3702
1191671352,1240
1192168837,1717
1192303694,1463
1192555574,14726
1192646696,1722
1192691221,308
1192710260,295
1192845474,1033
1193082155,8725
1193276701,190
1193374549,3344
1193430229,493
1193465306,487
1193818575,347
1194056092,2061
1194293040,548
1194517182,725
1194576770,371
1194842235,397
1195165448,3439
1195208341,3809
1195243030,11178
1195371847,3526
1195557790,1184
1196568696,245
1196617276,17241
1196674898,267
1196898989,800
1196950132,882
1197002442,4501
1197043989,10229
1197079556,2144
1197172145,3279
1197183235,2502
1197197392,2370
1197226849,3421
1197227242,2551
1197262207,3217
1197265285,1554
1197357033,2743
1197387463,939
1197473770,925
1197491237,1050
1197496497,1744
1197569406,14043
1197598190,4084
1197631840,921
1197656055,3944
1197674252,1666
1197690052,1204
1197727671,895
1197782606,2997
1197811764,2170
1197990888,30631
1198040849,2753
1198063129,529
1198068829,526
1198155461,1184
1198211652,233
1198306812,30660
1198331424,163
1198370352,1865
1198604352,766
1198625298,237
1198654685,971
1198829864,1642
1198882870,1185
1198982020,368
1199028956,1284
1199057215,1100
1199548147,562
1199668171,13854
1199720858,411
1199905418,1429
1199916658,715
1200071160,931
1200192516,186
1200309199,295
1200426344,1487
1200597263,105435
1200800171,888
1200968971,183
1201167354,318
1201173969,97611
1201212574,130
1201253077,3656
1201432708,1492
1201628267,994
1201656210,58314
1201754187,202
1201775166,1875
1201897606,365
1201906543,258
1202070696,2380
1202113460,1366
1202274504,258
1202436319,432
1202496880,462
1202549948,3185
1202555904,2288
1202599845,19564
1202634727,1004
1202937420,5872
1203115035,670
1203116301,146
1203185600,4656
1203417753,2001
1203463294,328
1203468533,13402
1203485136,1037
1203558071,20139
1203657193,243
1203667901,223
1204165003,2143
1204369117,820
1204383770,189
1204427144,433
1204520409,1268
1205047801,167
1205137520,5572
1205298114,520
1206357666,1690
1206390571,9861
1206468071,700
1206501749,3889
1206553433,11051
1206566990,2414
1206648335,713
1206910786,170
1207006614,1553
1207091162,9847
1207529559,937
1207639951,10075
1207687985,2049
1207740274,2362
1207908536,293
1207953136,285
1207965399,2290
1208339803,1463
1208451003,794
1208510936,912
1208616942,717
1209020591,566
1209098380,2167
1209350013,592
1209640045,532
1209889782,9245
1210070282,383
1210155353,4890
1210223349,442
1210288370,759
1210537388,2641
1210965499,15
1210969976,615
1210974853,34
1210993610,19
1210995403,20
1210996597,414
1210998536,26
1210999518,21
1211008223,79
1211009406,14
1211010427,13
1211015701,30
1211016441,414
1211026924,26
1211027023,16
1211029147,17
1211045181,29
1211046673,53
1211047453,74
1211049218,143
1211054287,650
1211062214,23
1211066605,14
1211067257,11
1211079624,25
1211081420,14
1211081914,17
1211082205,20
1211083967,55
1211091483,14
1211091844,42
1211092393,79
1211096376,1833
1211100249,517
1211101745,23
1211103743,11
1211105461,17
1211106808,18
1211119746,34
1211134411,279
1211135748,58
1211139949,11531
1211148265,12
1211152788,90
1211153639,594
1211161312,47
1211164307,22
1211182199,37
1211183026,33
1211183428,33
1211185810,13
1211188079,97
1211192559,35
1211200858,10
1211206127,253
1211207463,19
1211213013,58
1211213210,35
1211216973,20
1211231675,19
1211239245,11
1211240086,17
1211242246,13
1211245293,39
1211245881,44
1211246310,44
1211247455,44
1211247978,44
1211248537,44
1211249123,44
1211253535,44
1211254498,44
1211255002,44
1211255474,44
1211255968,44
1211256418,68
1211256910,44
1211258495,44
1211258530,27
1211259024,44
1211260619,16
1211261120,44
1211263474,44
1211263944,44
1211264394,44
1211264885,44
1211265499,44
1211269161,39
1211269625,39
1211288094,15
1211288569,237
1211291830,44
1211292824,13
1211323948,64
1211326181,110
1211328845,42
1211331887,43
1211332487,20
1211334989,92
1211339624,41
1211340505,12
1211341812,16
1211344034,51
1211346525,36
1211347607,16
1211353240,15
1211353708,32
1211357795,386
1211358903,19
1211363745,215
1211363761,22
1211369814,27
1211373664,17
1211373726,14
1211375944,367
1211392915,51
1211396326,103
1211397094,12
1211397985,16
1211406359,13
1211407380,19
1211421149,25
1211424294,114
1211431908,22
1211436356,28
1211437711,25
1211445936,16
1211449139,1054
1211451737,239
1211455718,32
1211472582,24
1211474003,48
1211478189,417
1211483815,69
1211486387,14
1211495036,241
1211495678,80
1211496271,12
1211496721,14
1211499945,18
1211504567,14
1211506215,129
1211511366,32
1211514405,49
1211516798,27
1211528757,33
1211532216,67
1211537500,2219
1211544888,11
1211547129,13
1211549389,11
1211555810,138
1211560503,14
1211568421,78
1211576866,36
1211589067,927
1211595987,16
1211611644,36
1211614110,211
1211615179,165
1211621353,13
1211628140,13
1211628924,56
1211636743,320
1211639042,68
1211640020,51
1211648517,45
1211664428,85
1211668332,23
1211673552,19
1211688259,29
1211689305,78
1211709322,20
1211709401,42
1211713203,39
1211734353,37
1211762072,17
1211769859,12
1211771701,137
1211786253,11
1211796176,170
1211804342,73
1211805157,20
1211816061,18
1211822834,105
1211841798,47
1211844962,10
1211847033,33
1211852158,23
1211879821,24
1211880680,26
1211883488,27
1211907063,13
1211913026,50
1211933183,29
1211933536,19
1211937619,40
1211947721,17
1211954790,23
1211961956,13
1211973138,17
1211974233,16
1211981858,60
1212012880,20
1212016788,45
1212023672,27
1212030186,37
1212038396,58
1212040616,51
1212041285,44
1212044099,114
1212045148,33
1212046166,16
1212048194,27
1212051246,29
1212054378,25
1212059169,287
1212059453,21
1212060952,59
1212065926,25
1212068500,2757
1212068825,19
1212071331,118
1212071873,11
1212073733,79
1212073877,15
1212074645,30
1212080845,12
1212082239,16
1212098005,25
1212102867,13
1212103871,35
1212104171,72
1212105001,15
1212106565,26
1212109465,16
1212112489,58
1212122101,736
1212122915,11
1212123893,311
1212126095,26
1212133946,387
1212138326,18
1212142448,26
1212142746,31
1212149375,792
1212150078,12
1212152443,15
1212152679,10
1212155273,25
1212156829,60
1212162173,40
1212162858,18
1212163614,29
1212163658,7365
1212171830,69
1212178686,48
1212180639,322
1212184690,13
1212187194,64
1212191053,15
1212192645,11
1212194710,53
1212199101,42
1212202152,81
1212205041,86
1212213795,10
1212215459,25
1212217978,11
1212221277,53
1212224446,104
1212231935,34
1212237753,70
1212240247,26
1212272650,35
1212291096,15
1212297061,17
1212297707,570
1212299698,24
1212301481,14
1212303172,16
1212305418,10
1212309782,14
1212312612,18
1212313395,36
1212313943,27
1212321035,19
1212321780,11
1212322352,13
1212323523,45
1212324108,215
1212326426,15
1212327060,18
1212328464,21
1212335792,1267
1212337929,55
1212339953,13
1212344894,18
1212352704,204
1212353968,475
1212355347,14
1212358471,46
1212361258,98
1212365405,335
1212370575,14
1212380723,67
1212386132,13
1212389344,80
1212396129,18
1212401107,74
1212404364,33
1212405954,13
1212409812,20
1212411769,21
1212416285,51
1212420523,95
1212424025,47
1212425313,20
1212426242,35
1212435342,14
1212436974,13
1212445952,238
1212446074,225
1212458158,33
1212463614,21
1212471969,189
1212485345,13
1212495958,21
1212503250,9643
1212507810,14
1212517694,14
1212519203,18
1212522158,23
1212526449,28
1212534605,45
1212545513,47
1212545562,19
1212545659,19
1212547305,50
1212552738,52
1212556547,54
1212568395,2550
1212579112,19
1212580057,11
1212580972,16
1212584333,14
1212604955,36
1212607944,19
1212608505,35
1212615762,14
1212615823,63
1212626143,12
1212639739,37
1212645406,52
1212655381,223
1212662651,33
1212662699,43
1212674766,18
1212691238,17
1212697436,20
1212698895,21
1212708301,27
1212711737,14
1212716497,44
1212717547,13
1212718768,2473
1212731288,21
1212732933,13
1212741592,15
1212744728,16
1212750508,44
1212751545,14
1212751853,26
1212752329,40
1212756310,15
1212767451,29
1212770626,19
1212772844,57
1212776839,13
1212779336,38
1212792234,362
1212802346,35
1212803197,147
1212818660,137
1212822116,135
1212826524,14
1212832891,16
1212833318,611
1212843730,55
1212854568,44
1212863969,17
1212866717,14
1212873879,18
1212877255,40
1212893754,24
1212898723,55
1212901838,42
1212906611,11
1212912437,14
1212915278,17
1212932043,16
1212936003,17
1212946437,45
1212958625,1995
1212958792,159
1212960200,26
1212964560,99
1212986802,22
1212990952,73
1213004527,60
1213018000,934
1213021084,17
1213021942,25
1213031647,10
1213049020,16660
1213053754,59
1213064866,109
1213065419,18
1213067090,15
1213070486,53
1213072190,64
1213072391,17
1213072853,35
1213074351,24
1213075462,21
1213079400,47
1213079565,13
1213081795,30
1213082786,207
1213083204,11
1213089388,35
1213093442,15
1213096099,21
1213097216,30
1213099006,12
1213099715,17
1213102235,45
1213107404,11
1213121380,217
1213122529,16
1213126085,44
1213128008,11
1213128525,14
1213129179,12
1213135165,33
1213138705,48
1213141996,16
1213150985,40
1213158264,13
1213159910,31
1213166415,29
1213174371,25
1213210884,18
1213212865,1969
1213214826,10
1213215164,10
1213215604,18
1213232466,51
1213239020,24
1213244638,86
1213244979,77
1213254756,12
1213265429,156
1213269387,11
1213270275,11
1213271324,821
1213278007,29
1213278465,42
1213279660,34
1213282074,14
1213286530,46
1213286773,29
1213295040,198
1213298526,31
1213313471,77
1213314710,39
1213320306,66
1213322283,17
1213344454,32
1213347757,44
1213350401,12
1213369035,16
1213369150,13
1213369689,26
1213376196,65
1213377775,285
1213388257,11
1213389047,38
1213390704,29
1213393702,13
1213401667,34
1213406268,46
1213410885,18
1213412750,123
1213418162,27
1213422759,13
1213424550,31
1213438872,26
1213439274,13
1213448295,16
1213456169,39
1213456832,79
1213465959,62
1213477480,698
1213483766,91
1213484834,68
1213489460,31
1213492378,20
1213494393,20
1213494845,86
1213499662,12
1213508077,44
1213522308,62
1213526705,288
1213545146,45
1213546910,84
1213548688,13
1213558515,101
1213572410,15
1213578141,22
1213589825,149
1213589861,344
1213596558,27
1213599866,40
1213602620,37
1213605295,20
1213612261,13
1213616615,2189
1213621353,55
1213627697,116
1213635270,116
1213655814,15
1213665985,12
1213667676,17
1213667879,312
1213671679,12
1213679333,19
1213684532,22
1213690685,38
1213705966,17
1213724156,20
1213726114,109
1213732395,1117
1213737277,25
1213738495,22
1213752513,16
1213756841,30
1213757446,226
1213776823,728
1213782040,12
1213783578,22
1213784218,11
1213785946,16
1213789212,41
1213806247,20
1213815713,37
1213816047,695
1213820321,13
1213831079,34
1213840696,33
1213841375,12
1213848993,82
1213850825,20
1213854984,65
1213856502,19
1213858087,37
1213869298,17
1213877989,20
1213882945,27
1213883741,40
1213894274,12
1213899530,27
1213903458,49
1213903931,47
1213921570,18
1213924905,21
1213933023,18
1213936160,16
1213946709,32
1213956965,671
1213958077,18
1213963375,247
1213963816,23
1213969021,53
1213975621,598
1213978779,52
1213989169,15
1213991947,36
1213992071,15
1213993401,8
1213995610,76
1213999980,11
1214023498,31
1214027647,21
1214028696,122
1214031601,45
1214039649,13
1214042231,130
1214048612,30
1214054836,27
1214055530,247
1214056183,29
1214061724,47
1214066049,23
1214073962,13
1214075908,47
1214079192,342
1214086123,185
1214088066,17
1214097767,19
1214103856,16
1214106457,20
1214115656,66
1214116564,49
1214123279,46
1214124594,31
1214125715,3387
1214130539,164
1214132525,24
1214137514,15
1214145978,61
1214157669,44
1214166855,292
1214171422,20
1214186671,20
1214187650,29
1214194417,16
1214198641,47
1214205098,251
1214206049,506
1214207265,39
1214209804,13
1214224482,68
1214230350,77
1214232991,21
1214253933,16
1214259427,53
1214267031,18
1214273599,19
1214284796,128
1214286302,13
1214292570,99
1214308670,37
1214316980,12
1214325159,39
1214330138,32
1214330684,547
1214340119,25
1214344575,59
1214345024,30
1214349536,2701
1214354379,38
1214357854,28
1214365048,31
1214367522,311
1214368528,278
1214371636,17
1214372687,37
1214378079,22
1214378330,13
1214382445,119
1214401834,60
1214402572,159
1214410740,19
1214415239,13
1214417298,19
1214419579,10
1214419813,26
1214421786,28
1214423832,1565
1214430889,16
1214432280,53
1214432636,52
1214444660,75
1214451720,18
1214459508,280
1214464768,398
1214466235,15
1214478877,37
1214479548,17
1214482028,82
1214484185,17
1214488263,97
1214491827,20
1214497982,17
1214499036,30
1214515537,19
1214515716,17
1214522988,15
1214534230,21
1214535662,28
1214541835,152
1214543765,42
1214544186,27
1214545008,33
1214548581,18
1214556362,682
1214564144,23
1214564285,476
1214565094,18
1214565945,44
1214568317,15
1214586312,11
1214590697,25
1214598450,91
1214613536,24
1214614273,69
1214617729,63
1214621535,38
1214621915,12
1214625657,110
1214631343,3
1214633006,11
1214639705,31
1214639959,11
1214643314,29
1214651975,22
1214654038,32
1214661652,24
1214662152,16
1214664730,118
1214668357,28
1214671166,316
1214701984,26
1214706991,12
1214708684,11
1214711567,38
1214712269,14
1214720448,16
1214721509,52
1214732478,16
1214733598,21
1214741287,824
1214744766,14
1214746179,13
1214761986,49
1214764451,187
1214770805,59
1214783544,2263
1214785164,5416
1214788016,654
1214792028,34
1214795107,17
1214799336,75
1214805512,1167
1214805939,14
1214807590,460
1214808136,15
1214809647,19
1214812584,13
1214814133,1023
1214823259,30
1214823616,57
1214824471,69
1214825004,18
1214832943,20
1214845304,209
1214847313,16
1214857101,11
1214862520,15
1214873786,27
1214883816,18
1214885213,23
1214885251,12
1214889705,70
1214894588,128
1214895007,18
1214898654,23
1214913459,24
1214914397,618
1214915118,22
1214917315,30
1214921938,50
1214925130,28
1214926344,288
1214932135,12
1214940958,131
1214947572,15
1214948129,16
1214951658,978
1214958134,384
1214959257,28
1214964352,26
1214966051,18
1214971907,27
1214973617,46
1214980737,42
1215002714,23
1215007786,84
1215011706,23
1215015607,89
1215017190,17
1215020386,50
1215020609,26
1215021756,13
1215025222,16
1215026946,18
1215027194,451
1215034382,56
1215037002,13
1215037136,64
1215044156,14
1215048066,23
1215054020,175
1215071370,24
1215072592,27
1215075128,12
1215089331,12
1215096061,32
1215096318,39
1215104825,13
1215105191,16
1215107073,122
1215109328,11
1215112375,22
1215112716,217
1215114303,29
1215115240,14
1215122415,10
1215124088,16
1215126598,131
1215133631,17
1215136096,22
1215142181,1026
1215145625,22881
1215153409,5727
1215159144,46
1215163675,11
1215167976,33
1215172008,30
1215180660,40
1215184266,22
1215184274,63
1215188084,15
1215188990,17
1215192081,13
1215194738,42
1215213624,271
1215222097,158
1215232646,16
1215235243,49
1215237193,16
1215240744,29
1215247792,19
1215256431,13
1215268822,15
1215274814,70
1215277996,19
1215280164,1369
1215290046,17
1215297817,70
1215306737,19
1215306761,57
1215317123,17
1215321844,16
1215327975,32
1215338506,23
1215341250,13
1215345965,18
1215353434,384
1215367178,11
1215376308,85
1215388091,102
1215391309,21
1215394372,37
1215398789,37
1215414287,50
1215415060,47
1215417088,47
1215417342,40
1215427805,15
1215431881,22
1215435055,31
1215435141,30
1215435693,118
1215437858,76
1215449317,65
1215453504,19
1215456863,11
1215464508,14
1215469331,22
1215472967,12
1215494831,31
1215501373,1424
1215513042,279
1215525052,22
1215528293,15
1215530108,18
1215535154,37
1215536848,30
1215549140,17
1215565821,54
1215576669,29
1215580107,24
1215581359,17
1215593067,41
1215598138,58
1215602802,302
1215602835,11
1215609207,19
1215609896,51
1215610146,22
1215612244,829
1215617177,26
1215617234,11
1215627862,49
1215630826,97
1215637209,11
1215641367,99
1215642753,311
1215651941,16
1215653880,39
1215659290,30
1215667929,83
1215670433,39
1215678767,860
1215686624,55
1215693176,67
1215695618,22
1215699839,14
1215703747,47
1215708757,237
1215709831,20
1215711897,27
1215724110,16
1215734700,14
1215754581,31
1215761080,58
1215762204,12
1215763925,138
1215772018,60
1215774013,440
1215778039,27
1215778674,25
1215786287,18
1215802577,27
1215804516,24
1215815598,14
1215820754,20
1215821842,30
1215840941,39
1215840958,12
1215841405,61
1215848131,47
1215848597,88
1215848628,24
1215860363,14
1215880700,85
1215885888,37
1215895293,84
1215895678,138
1215896820,17
1215901237,61
1215904689,71
1215925081,18
1215929924,41
1215941570,21
1215952260,42
1215959245,39
1215961903,131
1215968361,146
1215974868,2996
1215976690,140
1215978264,10
1215980069,12
1215983140,138
1215989105,20
1215999715,22
1216005890,64
1216017171,45
1216017372,59
1216018447,28
1216020101,58
1216022788,26
1216023525,23
1216028377,72
1216030087,24
1216032525,176
1216037740,12
1216061380,51
1216069663,16
1216082712,26
1216087888,23
1216089000,17
1216090751,412
1216092644,14
1216098872,11
1216102513,40
1216104234,62
1216108819,85
1216109475,215
1216109985,28
1216116826,2810
1216131824,250
1216133553,262
1216138306,103
1216144935,13
1216152655,91
1216154126,14
1216157979,18
1216171501,16
1216190131,16
1216201070,25
1216201393,28
1216201523,274
1216208824,13
1216242393,21
1216243094,16
1216253015,76
1216260255,11
1216272351,81
1216283993,12
1216319128,50
1216319430,27
1216321571,11
1216324736,20
1216324944,18
1216328923,63
1216332504,25
1216333449,30
1216334681,23
1216335416,154
1216336936,15
1216350024,24
1216350996,41
1216351315,25
1216352422,193
1216360484,211
1216372376,12
1216375790,214
1216382538,33
1216400972,19
1216401140,26
1216403796,14
1216408253,48
1216414579,21
1216417050,12
1216418105,18
1216429765,55
1216443171,47
1216451834,22
1216456135,23
1216462061,103
1216463076,145
1216475812,33
1216482194,111
1216484498,31
1216490718,41
1216494144,25
1216494445,281
1216501093,13
1216510419,12
1216512254,18
1216513155,21
1216513449,14
1216514794,37
1216523472,55
1216526830,11
1216538171,24
1216540769,13
1216545064,12
1216546135,14
1216557401,127
1216561964,18
1216569752,98
1216571209,765
1216575395,32
1216575633,30
1216578144,21
1216579794,12
1216581384,20
1216583510,45
1216585136,42
1216585843,23
1216592214,25
1216592520,20
1216594612,415
1216602261,23
1216602307,14
1216603405,19
1216604251,11
1216606902,39
1216617312,13
1216621664,42
1216626808,17
1216631222,142
1216634387,66
1216636456,13
1216638612,45
1216657015,22
1216659670,29
1216662529,58
1216666459,14
1216668024,12
1216671362,364
1216672009,2422
1216676682,17
1216687226,14
1216702324,29
1216705316,39
1216710530,72
1216716893,12
1216729729,512
1216733352,12
1216734435,23
1216744997,378
1216753351,26
1216754861,104
1216755814,27
1216760293,35
1216761709,25
1216767127,124
1216774150,16
1216774242,17
1216782078,15
1216783017,12
1216788591,23
1216795554,71
1216802857,98
1216802904,649
1216806001,134
1216807315,13
1216809628,110
1216810108,399
1216813186,35
1216817621,36
1216821891,16
1216823006,23
1216824806,16
1216824855,21
1216828696,19
1216839348,758
1216849186,163
1216851265,27
1216854084,33
1216854661,112
1216863195,29
1216889203,181
1216889464,13
1216890989,30
1216894026,48
1216904708,44
1216916975,16
1216920437,17
1216925406,429
1216947831,781
1216950004,25
1216954187,10258
1216955020,25
1216957019,90
1216961632,79
1216962487,13
1216972280,80
1216978255,167
1216978941,413
1216979884,46
1216980321,21
1216981748,12
1216982911,21
1217002856,16
1217004160,14
1217006906,30
1217013436,35
1217013518,116
1217024571,14
1217027821,13
1217028120,589
1217035059,14
1217036554,62
1217036916,40
1217040185,18349
1217043693,45
1217046685,13
1217048091,16
1217050817,12
1217064635,22
1217064814,20
1217066206,79
1217077268,14
1217078336,99
1217079795,462
1217080687,199
1217086292,14
1217097102,76
1217098957,108
1217103809,131
1217105994,28
1217109502,11
1217115101,12
1217117361,11
1217117726,12
1217118687,39
1217122519,14
1217126552,11
1217128906,29
1217129907,17
1217139543,37
1217152169,61
1217154559,58
1217160355,85
1217178567,11
1217180034,48
1217182377,23
1217188876,15
1217190965,22
1217192243,186
1217195695,13
1217201645,20
1217201723,12
1217208761,14
1217209599,115
1217210212,35
1217212029,18
1217212643,28
1217216576,214
1217220793,18
1217222433,49
1217233667,34
1217249705,37
1217252492,11
1217258787,27
1217259193,13
1217259573,507
1217262941,24
1217269188,32
1217269729,18
1217281602,191
1217281692,1140
1217283106,2
1217288862,37
1217291538,8935
1217298686,14
1217299529,26
1217301865,54
1217315946,16
1217325629,20
1217333901,26
1217334368,17
1217339390,14
1217344324,29
1217345178,671
1217350447,78
1217368484,34
1217370937,23
1217388134,14
1217393935,13
1217394553,12
1217396442,2646
1217400042,11
1217408512,72
1217409016,28
1217409285,32
1217423929,14
1217440433,15
1217441118,30
1217456927,20
1217481469,99
1217503846,129
1217508335,33
1217509950,63
1217511504,14
1217511531,13
1217515201,11
1217519452,13
1217522067,13292
1217522094,28
1217523249,28
1217531704,26
1217534578,35
1217536224,12
1217539691,17
1217550851,22
1217551679,702
1217559252,13
1217567462,41
1217579854,37
1217582381,16
1217588885,128
1217591699,44
1217595194,28
1217598410,44
1217603668,82
1217605771,18
1217620707,25
1217630469,625
1217634097,40
1217635695,24
1217654363,245
1217655472,57
1217663853,29
1217671020,1717
1217679253,12
1217681650,30
1217687846,76
1217694973,28
1217696644,11
1217698251,11
1217699935,90
1217700782,33
1217702792,39
1217706948,116
1217707705,18
1217711317,88
1217713553,32
1217713968,148
1217714762,56
1217717180,28
1217738451,12
1217763769,23
1217767853,17
1217772968,43
1217775138,117
1217781789,14
1217786036,608
1217796049,14
1217808614,474
1217809336,53
1217822489,27
1217829921,16
1217834505,25
1217837484,22
1217838440,80
1217860122,24
1217863633,59
1217865504,21
1217872789,29
1217879288,15
1217883656,14
1217885409,125
1217896031,12
1217897624,21
1217904354,167
1217907067,37
1217914588,740
1217923504,13
1217941030,77
1217951047,60
1217951987,191
1217952569,180
1217954055,48
1217969544,50
1217975777,24
1217991124,59
1217996319,240
1217998780,11
1218000077,27
1218004139,626
1218016275,14
1218017185,111
1218018309,297
1218019071,20
1218035937,57
1218037205,66
1218040416,33
1218046945,85
1218062604,87
1218062941,27
1218081641,18
1218084144,11
1218087980,24
1218088263,675
1218100867,23
1218103164,18
1218104262,952
1218116830,22
1218126087,81
1218126567,11
1218129961,17
1218137657,88
1218146932,93
1218147345,22
1218148432,36
1218155686,2279
1218164293,12
1218174807,19
1218177240,15
1218177391,395
1218178534,39
1218182607,18
1218190285,86
1218191675,20
1218193413,19
1218194584,50
1218195359,31
1218197239,50
1218202403,29
1218208502,5437
1218209681,32
1218211276,44
1218216789,12
1218222850,171
1218235340,33
1218242169,51
1218250144,11
1218252276,130
1218263250,23
1218277073,32
1218280573,11
1218283016,22
1218284806,15
1218293878,129
1218304124,42
1218305232,274
1218306945,36
1218311395,17
1218333096,19
1218340463,14
1218354547,20
1218368663,154
1218369506,21
1218369796,13
1218370235,36
1218371280,66
1218371623,18
1218372872,24
1218375081,12
1218375755,18
1218381586,33
1218384914,101
1218390093,47
1218393421,12
1218394454,38
1218415046,21
1218418799,12
1218419817,11
1218436380,13
1218437719,12
1218444058,38
1218446685,37
1218446841,801
1218448244,31
1218453975,35
1218464479,29
1218466593,273
1218476217,11
1218489387,52
1218489659,54
1218493681,380
1218506731,16
1218519728,13
1218533705,36
1218536620,274
1218540605,27
1218541279,12
1218543409,13
1218557130,17
1218560388,17
1218576239,93
1218580895,23
1218594998,15
1218597110,216
1218600746,35
1218611299,18
1218612615,53
1218613627,33
1218623368,152
1218626992,16
1218635949,23
1218640391,74
1218642260,29
1218651210,172
1218655389,27
1218662021,13
1218682596,2343
1218683765,24
1218684227,31
1218688296,587
1218690244,17
1218694102,14
1218704741,27
1218706004,15
1218710522,44
1218711689,252
1218715924,14
1218716774,12
1218725228,47
1218729723,68
1218729846,36
1218733756,20
1218737406,820
1218743746,12
1218749710,31
1218765387,51
1218767374,12
1218770712,14
1218807909,20
1218815399,10
1218816743,45
1218819993,342
1218822896,21
1218823179,1178
1218826355,43
1218835536,11
1218844081,230
1218855969,263
1218867656,12
1218871120,71
1218881505,26
1218885291,13
1218896483,100
1218900228,12
1218906699,26
1218919346,76
1218919522,15
1218928200,11
1218939714,18
1218960190,14
1218962966,15
1218968930,16
1218972260,43
1218973317,43
1218975799,321
1218978057,544
1218978163,14
1218981305,90
1218987594,45
1218997190,16
1219009070,2307
1219011837,64
1219014440,15
1219018779,14
1219030980,60
1219031547,158
1219039446,24
1219040524,12
1219042200,23812
1219053872,44
1219060209,136
1219062712,33
1219070729,36
1219075763,37
1219083479,40
1219087723,1652
1219096687,177
1219102141,12
1219103073,14
1219105341,47
1219110005,68
1219111340,14
1219113318,12
1219119800,73
1219121452,25
1219125540,34
1219129212,23
1219133217,65
1219133249,18
1219139049,14
1219141172,42
1219141370,13
1219145354,304
1219151193,743
1219152899,30
1219157502,97
1219158316,49
1219160435,30
1219161733,94
1219162717,32
1219165039,43
1219165613,26
1219171273,26
1219174984,22
1219175109,31
1219184182,141
1219231323,52
1219237875,50
1219243063,89
1219244075,11
1219253193,32
1219254116,36
1219260485,30
1219264163,12
1219268325,12
1219273452,26
1219284263,90
1219286705,31
1219291910,342
1219291943,11
1219295659,80
1219304474,15
1219310759,17
1219314144,44
1219319479,68
1219329571,21
1219334069,111
1219351875,113
1219355698,30
1219370895,109
1219378569,3394
1219380800,120
1219382075,38
1219385288,20
1219389544,20
1219400421,3714
1219410317,11
1219412347,34
1219424400,24
1219424471,74
1219424489,641
1219446293,1963
1219461180,13
1219461862,19
1219463714,97
1219468224,1594
1219472097,41
1219484308,7
1219485919,16
1219488984,74
1219493841,553
1219502106,37
1219502927,40
1219504139,167
1219504831,48
1219509115,47
1219515121,10
1219516950,38
1219521173,52
1219531851,41
1219534231,431
1219536599,81
1219542934,14
1219543409,225
1219547995,114
1219548485,81
1219554320,38
1219558865,201
1219565167,31
1219569035,12
1219572953,175
1219574837,13
1219579626,22
1219583915,11
1219587551,118
1219593472,29
1219594207,27
1219595665,12
1219596464,16
1219597358,14
1219608640,213
1219611080,36
1219616277,125
1219619061,15
1219624930,24
1219627422,13
1219630658,11
1219631371,39
1219634836,219
1219642679,100
1219645555,21
1219650644,21
1219651269,39
1219657136,12
1219690829,328
1219701951,16
1219710688,52
1219711698,26
1219715755,12
1219715787,16
1219715803,148
1219721372,19
1219748199,175
1219755209,46
1219760772,24
1219765831,73
1219770679,26
1219783686,12
1219787573,20
1219806855,12
1219809875,203
1219810783,10
1219813016,37
1219815462,15
1219817956,42
1219828173,76
1219833464,85
1219845641,11
1219852021,148
1219860050,45
1219864617,19
1219866542,243
1219868875,21
1219876482,40
1219882846,33
1219896053,1868
1219898362,13
1219898664,19
1219902572,13
1219904470,9
1219917446,122
1219920268,194
1219923941,308
1219934554,11
1219935155,42
1219935284,23
1219950293,38
1219955687,14
1219956685,23
1219960594,239
1219961908,146
1219962340,344
1219965126,177
1219967630,73
1219975226,257
1219983369,13
1219986280,22
1219989708,112
1219990121,14
1219993725,22
1219995793,29
1219996057,97
1219998363,92
1220000506,4367
1220007647,28
1220010376,20
1220012117,16
1220016354,18
1220037795,40
1220043190,31
1220053648,19
1220054577,14
1220067179,52
1220075313,13
1220075608,45
1220082570,12
1220088588,29
1220090633,18
1220092577,320
1220098492,12
1220125073,21
1220130005,15
1220140390,33
1220144875,936
1220159504,27
1220169409,46
1220173287,19
1220174856,27
1220179368,11
1220182682,28
1220185073,104
1220194478,61
1220215555,374
1220223727,808
1220225368,66
1220238335,12
1220238467,101
1220242986,11
1220258106,13
1220263034,296
1220273153,13
1220275445,19
1220285708,33
1220285949,28
1220299146,13
1220299921,15
1220300275,14
1220302420,14
1220308601,16
1220310845,13
1220316999,102
1220317771,20
1220329626,41
1220332472,15
1220338733,16
1220341616,19
1220348449,15
1220353202,155
1220363221,33
1220363990,19
1220365832,52
1220368375,11
1220374179,27
1220381862,38
1220384784,137
1220389370,23
1220392046,11
1220403506,42
1220404592,29
1220411769,14
1220414137,25
1220418983,762
1220422927,14
1220423005,12
1220424323,18
1220455984,122
1220461696,37
1220469803,21
1220471126,18
1220475543,136
1220491177,36
1220492374,151
1220496752,11
1220498389,229
1220505991,17
1220516737,26
1220529992,38
1220530277,71
1220531892,43
1220532477,18
1220537846,88
1220544718,36
1220548149,21
1220549743,16
1220558446,24
1220567611,14
1220567735,182
1220577936,13
1220600476,237
1220608365,25
1220623008,180
1220627175,17
1220632889,28
1220636828,15
1220638726,13
1220640564,16
1220642173,130
1220642301,24
1220647753,34
1220649868,43
1220651250,9
1220656611,182
1220664071,95
1220679051,577
1220680065,11
1220683883,24
1220690422,439
1220701611,40
1220702116,12
1220703605,73
1220703793,32
1220716870,12
1220717364,108
1220718004,27
1220721979,22
1220728088,48
1220729468,21
1220732691,34
1220732893,14
1220744087,33
1220744720,10147
1220745791,46
1220746027,16
1220749061,15
1220752606,33
1220759940,26
1220763728,42
1220766820,15
1220768711,74
1220773489,14
1220786764,62
1220788224,19
1220789495,18
1220798236,14
1220798417,16
1220799180,17
1220801645,47
1220816008,27
1220823738,14
1220825109,56
1220832274,11
1220834686,232
1220837462,54
1220839770,50
1220849813,92
1220854477,75
1220862873,11
1220874732,17
1220884982,82
1220885689,179
1220886594,36
1220888415,520
1220899692,8369
1220899915,16
1220902080,91
1220902278,55
1220904453,32
1220914655,1320
1220918585,460
1220924648,44
1220925408,41
1220928655,25
1220929839,99
1220935138,16
1220936047,3550
1220937125,979
1220941467,29
1220944440,26
1220946058,28
1220946370,18
1220946543,16
1220947600,291
1220960618,301
1220971487,18
1220980580,11
1220986068,12
1220992833,16
1220997082,100
1220997378,51
1220998146,25
1221000860,13
1221001476,44
1221002372,13
1221020718,63
1221022475,25
1221024497,13
1221027919,21
1221030613,31
1221034553,219
1221039460,47
1221041276,13
1221048533,220
1221052488,84
1221055970,12
1221060403,16
1221068259,47
1221068793,18
1221068903,234
1221070677,155
1221080309,18
1221082755,20
1221084482,25
1221095263,18
1221106976,52
1221110820,17
1221120906,14
1221120939,589
1221122081,20
1221133188,43
1221135148,35
1221161226,26
1221177199,41
1221180063,261
1221184926,18
1221190110,14
1221195568,38
1221207669,14
1221209689,441
1221210108,57
1221222583,11
1221224535,17
1221224699,54
1221232109,1520
1221235601,14
1221240503,71
1221249352,167
1221249481,420
1221252023,14
1221256937,328
1221261207,24
1221262308,20
1221276979,57
1221282584,21
1221283675,13
1221284398,12
1221285149,11
1221287674,15
1221290320,25
1221292713,44
1221297625,11
1221299116,53
1221305781,32
1221306275,51
1221311014,112
1221324299,15
1221329261,43
1221334231,52
1221334280,14
1221334351,46
1221339736,16
1221349753,11
1221350544,19
1221356410,24
1221358460,15
1221364968,18
1221368271,14
1221369065,74
1221369740,84
1221371853,14
1221378802,110
1221379719,18
1221393754,22
1221394850,25
1221399001,260
1221399354,115
1221402357,38
1221404347,11
1221407662,73
1221409201,11
1221416424,14
1221429772,4781
1221431519,26
1221433219,74
1221435237,21
1221439608,15
1221448780,39
1221460575,81
1221461052,19
1221463263,25
1221467011,41
1221467572,16
1221482272,92
1221489330,39
1221489445,37
1221499512,20
1221501629,23
1221509404,6133
1221518324,240
1221518435,29
1221522399,13
1221527554,30
1221531804,16
1221533603,23
1221538357,49
1221543574,48
1221551017,80
1221565029,20
1221574903,31
1221579569,71
1221587346,32
1221587347,12
1221592399,23
1221592798,23
1221598890,13
1221600993,11
1221604075,11
1221616686,19
1221617744,33
1221623636,22
1221625543,11
1221631495,16
1221634436,36
1221641349,1470
1221649738,202
1221651799,48
1221654125,233
1221673609,42
1221688929,33
1221689260,446
1221691036,14
1221702550,12
1221704200,45
1221707935,23
1221710397,25
1221716703,19
1221722107,41
1221723497,23
1221723996,25
1221728904,153
1221733094,64
1221737887,11
1221741915,157
1221742654,766
1221746501,14
1221750692,16
1221751439,12
1221772065,11
1221772225,71
1221772308,21
1221775867,7
1221778133,109
1221780643,37
1221781531,464
1221796063,255
1221797579,15
1221798227,42
1221814255,51
1221814673,68
1221814894,199
1221830959,13
1221831329,32
1221835075,56
1221844677,27
1221851069,360
1221856501,20
1221860353,15
1221864089,50
1221867246,142
1221892294,105
1221903920,42
1221906609,18
1221922293,2275
1221932119,15
1221933616,37
1221937090,105
1221942000,19
1221944165,15
1221955143,49
1221961972,19
1221963957,54
1221976173,278
1221979804,32
1221981994,237
1221985908,22
1221995568,17
1221998155,16
1222002934,12
1222008889,50
1222009188,13
1222022455,27
1222029303,36
1222042205,697
1222044626,14
1222044811,29
1222047800,21
1222047953,73
1222063724,35
1222064942,19
1222072017,69
1222090116,148
1222092630,32
1222092774,22
1222093674,50
1222102170,270
1222107387,13
1222110047,64
1222110548,2200
1222117874,136
1222120468,2328
1222126520,242
1222128242,63
1222133394,613
1222142792,78
1222147517,15
1222155920,25
1222159197,41
1222160568,37
1222161345,24
1222169973,59
1222173827,422
1222181013,113
1222197263,121
1222213350,5233
1222216275,11
1222221630,47
1222229518,18
1222237818,27
1222250448,22
1222257358,13
1222257602,2256
1222258735,466
1222262982,31
1222269231,12
1222274697,53
1222277117,23
1222281860,12
1222295714,239
1222297562,12
1222298778,12
1222307895,89
1222318103,28
1222333741,11
1222338286,12
1222339926,35
1222343245,134
1222344790,21
1222354812,25
1222356417,51
1222364235,62
1222368361,73
1222372573,297
1222372873,98
1222373496,23
1222375486,83
1222383700,40
1222387700,64
1222389269,23
1222392614,18
1222395717,23
1222404225,32
1222407355,197
1222409861,11
1222413951,914
1222419504,12
1222427087,75
1222440968,12
1222446155,29
1222449264,23
1222451826,14
1222455527,543
1222460606,12
1222468111,21
1222472761,40
1222473027,20
1222476425,28
1222481250,12
1222484199,12
1222495257,18
1222504648,714
1222512550,13
1222515414,40
1222521101,1549
1222529313,337
1222545886,216
1222566478,32
1222567435,55
1222573128,6
1222579145,40
1222585234,58
1222585735,18
1222587475,1886
1222589733,35
1222591322,11
1222594156,29
1222596522,17
1222604391,13
1222608265,128
1222609123,92
1222613133,17
1222632373,68
1222634257,17
1222634748,67
1222637509,492
1222639711,429
1222647433,35
1222655977,29
1222659956,23
1222660901,46
1222674351,28
1222676896,53
1222678009,13
1222685735,24
1222689155,106
1222692857,38
1222698237,15
1222700467,18
1222716018,24
1222734777,37
1222743186,46
1222744121,12
1222745356,37
1222752154,38
1222753133,14
1222766639,88
1222769612,15
1222785238,38
1222788897,25
1222789989,947
1222792842,13
1222792879,16
1222799292,185
1222814323,12
1222814416,12
1222824018,44
1222826242,723
1222835772,17
1222837583,56
1222845504,17
1222847856,26
1222852418,17
1222854008,38
1222856929,21
1222869003,125
1222870709,290
1222884903,11
1222890347,40
1222890567,74
1222890689,13
1222890844,21
1222893766,75
1222903331,11
1222907340,62
1222917575,24192
1222917836,78
1222921129,13
1222946560,125
1222953844,12
1222956315,13
1222961423,14
1222970626,29
1222988636,13
1222998674,812
1223006434,143
1223006510,64
1223006526,78
1223009200,36
1223020752,25
1223039216,34
1223051315,49
1223053891,11
1223054977,16
1223059776,47
1223060975,38
1223062473,56
1223067277,12
1223075782,48
1223076991,18
1223081941,21
1223084838,12
1223087359,29
1223091925,45
1223098661,18
1223118338,13
1223125423,107
1223128651,58
1223133721,17
1223135437,30
1223135475,12
1223139391,20
1223139487,76
1223140677,28
1223160418,17
1223161782,22
1223162027,95
1223163837,13
1223167370,11
1223169069,46
1223172760,16
1223187010,73
1223189582,15
1223192120,11
1223192596,71
1223194760,85
1223197070,13
1223198048,44
1223198968,41
1223206275,44
1223211246,11
1223215533,163
1223216894,238
1223230665,13
1223234827,9
1223238480,28
1223251391,38
1223253334,14
1223255499,59
1223260156,31
1223273994,49
1223275907,59
1223280581,11
1223282310,31
1223287468,35
1223293586,718
1223296623,63
1223297225,11
1223312639,20
1223318023,26
1223318951,54
1223319768,30
1223325002,33
1223329036,60
1223341630,21
1223342966,32
1223351292,343
1223370395,122
1223373345,112
1223374550,34
1223389180,43
1223392126,18
1223392907,17
1223394733,36
1223396927,11
1223418318,30
1223418686,19
1223420362,101
1223423695,963
1223423846,21
1223425211,13
1223425250,977
1223427443,64
1223428226,1929
1223431386,38
1223432033,15
1223440125,233
1223452181,11
1223453358,102
1223457247,16
1223476197,1150
1223477018,42
1223481327,12
1223484108,23
1223488585,21
1223492205,101
1223511885,45
1223512305,2165
1223515225,130
1223524158,31
1223535200,37
1223535314,19
1223537324,53
1223542538,12
1223549594,12
1223569332,17
1223585334,15
1223588947,14
1223597497,392
1223599621,39
1223614643,15
1223626282,29
1223631277,41
1223640430,70
1223640606,18
1223641228,32
1223643607,15
1223650754,41
1223664643,14
1223665294,52
1223665356,14
1223671634,52
1223676147,11
1223680545,15
1223691529,33
1223697365,157
1223706171,15
1223713824,331
1223728036,78
1223736934,30
1223742587,242
1223752589,2210
1223756821,11
1223758935,159
1223759393,18
1223761956,27
1223772529,34
1223779346,34
1223781466,15
1223786009,13
1223790834,33
1223793125,16
1223805771,179
1223807538,48
1223811729,22
1223816634,90
1223817677,446
1223826724,18
1223827002,53
1223827147,51
1223827471,42
1223827641,47
1223827804,48
1223827947,44
1223828210,50
1223828346,51
1223828502,41
1223828637,47
1223828917,49
1223829082,42
1223829235,51
1223829381,51
1223829650,55
1223829652,44
1223829655,47
1223829657,56
1223829799,57
1223829801,56
1223829941,50
1223830082,48
1223830230,51
1223830232,53
1223830233,44
1223830237,47
1223831655,11
1223845433,15
1223849551,12
1223853501,12
1223858182,14
1223863863,19
1223869499,70
1223883039,17
1223884751,50
1223886857,11
1223894967,79
1223921326,24
1223925190,19
1223969544,316
1223977600,18
1223980979,12
1223980999,12
1223987407,245
1224021161,11
1224022502,18
1224025688,291
1224033309,535
1224037373,16
1224047453,12
1224062178,68
1224066068,135
1224068505,22
1224077477,23
1224096166,11
1224100238,22
1224110675,290
1224127318,35
1224137561,132
1224137844,60
1224138499,79
1224149089,15
1224157469,34
1224163986,48
1224167985,13
1224169076,15
1224189909,13
1224193010,14
1224193130,27
1224194102,58
1224196440,14
1224200214,44
1224203978,29
1224218617,29
1224227389,37
1224236735,14
1224239089,15
1224243497,27
1224250535,35
1224253491,99
1224258916,14
1224263089,17
1224267893,139
1224269630,23
1224271858,15
1224275784,365
1224277831,14
1224278666,290
1224283053,121
1224287368,15
1224294151,11
1224304627,14
1224309951,70
1224311190,140
1224314007,27
1224314254,24
1224319811,23
1224330181,218
1224343090,21
1224347838,398
1224348278,26
1224353416,21
1224353843,134
1224360317,78
1224368231,477
1224376867,17
1224385314,15
1224387109,24
1224393902,20
1224402483,14
1224408143,41
1224413254,45
1224415020,27
1224431303,182
1224434372,17
1224439365,18
1224446608,15
1224446616,51
1224454782,115
1224455487,103
1224471569,29
1224474408,17
1224476053,15
1224481107,26
1224483176,177
1224483504,74
1224486190,15
1224486824,26
1224489872,12
1224498772,73
1224501168,33
1224508792,207
1224509741,12
1224511035,28
1224526153,60
1224532553,11
1224539373,62
1224543123,52
1224547398,16
1224549174,12
1224558836,39
1224560336,22
1224580914,25
1224584532,15
1224591227,13
1224591740,45
1224598709,16
1224600617,25
1224609919,12
1224610424,13
1224615167,22
1224617188,25
1224620722,27
1224629294,43
1224631526,23
1224645559,237
1224652367,13
1224652560,89
1224653264,15
1224659590,114
1224660488,17
1224661714,58
1224671672,12
1224681639,25
1224683353,33
1224690468,23
1224692542,21
1224701408,209
1224703318,227
1224708689,30
1224712076,12
1224712371,448
1224715013,39
1224716146,13
1224734198,717
1224735108,12
1224738938,69
1224740357,75
1224743032,36
1224753810,14
1224755442,15
1224755974,18
1224757492,16
1224762245,198
1224772110,16
1224775471,27
1224777018,30
1224777703,12
1224778433,597
1224780087,45
1224786239,25
1224786272,12
1224786947,120
1224798921,102
1224799062,13
1224809280,11
1224810795,14
1224813164,1
1224816641,19
1224822906,198
1224823899,708
1224830290,19
1224844395,16
1224854794,4109
1224866871,254
1224879981,13
1224880453,21
1224881335,98
1224887964,57
1224893022,27
1224908126,13
1224912127,18
1224926075,13
1224928087,74
1224930497,16
1224942256,19
1224949386,20
1224956547,55
1224964077,13
1224966022,27
1224968393,75
1224974361,2662
1224975160,52
1224977058,18
1224978706,12
1224987521,22
1225005463,2965
1225010740,16
1225017253,13
1225019919,254
1225046031,11
1225049374,139
1225051897,74
1225059107,147
1225062134,445
1225071533,13
1225077445,15
1225078277,26
1225102492,21
1225119525,13
1225129803,24
1225134435,65
1225141037,361
1225141328,25
1225150929,83
1225154854,32
1225162543,53
1225167529,18
1225171017,33
1225174600,24
1225178950,5329
1225179060,35
1225179105,1642
1225185913,36
1225186502,324
1225188401,2369
1225196741,50
1225197030,16
1225202603,158
1225210265,36
1225226478,45
1225228592,47
1225234444,93
1225241880,32
1225242097,19
1225250312,46
1225263228,25
1225265867,14
1225266305,14
1225272732,25
1225277249,206
1225285890,382
1225296260,16
1225301513,13
1225316611,278
1225333873,18
1225337111,68
1225338289,105
1225344059,215
1225345651,92
1225347547,38
1225357488,41
1225359679,12
1225363703,85
1225364874,29
1225365569,2871
1225375494,34
1225380161,30
1225382028,21
1225391938,12
1225400068,26
1225403584,13
1225420868,26
1225420959,60
1225427533,782
1225427809,32
1225430807,315
1225443129,12
1225443909,20
1225445312,36
1225446523,288
1225448100,12
1225450090,11
1225456147,28
1225457257,79
1225462729,276
1225470108,12
1225473337,21
1225476523,21
1225480734,49
1225492439,527
1225495029,19
1225501987,94
1225506667,39
1225506852,323
1225518061,419
1225519296,29
1225521647,14
1225525367,16
1225529925,25
1225533642,26
1225544568,67
1225550834,51
1225551985,368
1225553633,32
1225556223,19
1225557539,18
1225558656,40
1225570552,17
1225572163,84
1225576792,34
1225583202,36
1225586334,48
1225594874,708
1225599451,116
1225602716,22
1225603857,16
1225605262,85
1225605804,40
1225614660,106
1225614895,53
1225619975,155
1225620122,426
1225626176,180
1225626763,21
1225639773,38
1225642446,13
1225651988,13
1225662585,15
1225666510,23
1225676063,107
1225676909,71
1225681482,45
1225683137,47
1225688424,1290
1225692581,25
1225701232,50
1225704208,20
1225711621,160
1225717117,12
1225722703,1207
1225723635,19
1225723660,13
1225753223,7893
1225753650,13
1225764309,11
1225772996,16
1225774688,6670
1225777233,29
1225779504,27
1225779594,264
1225780897,142
1225780993,16
1225799532,17
1225803835,51
1225809732,34
1225810547,42
1225818500,13
1225821344,25
1225834084,1752
1225834491,17
1225840521,986
1225844031,17
1225850181,34
1225853511,17
1225856988,33
1225857440,42
1225861226,19
1225865375,24
1225876937,41
1225890580,19
1225893563,22
1225900566,59
1225904506,66
1225932464,222
1225933743,18
1225934387,13
1225943680,23
1225968076,16
1225969993,20
1225971591,20
1225983316,32
1225986799,18
1225990269,183
1225994627,25
1226007284,196
1226012688,12
1226012864,13
1226030841,43
1226032210,11
1226033059,18
1226034860,15
1226053598,9
1226056647,11
1226060652,59
1226062469,161
1226065142,107
1226068984,969
1226075327,52
1226079078,18
1226085740,116
1226088627,1035
1226093137,14
1226095529,25
1226100929,17
1226108917,45
1226115080,35
1226117657,20
1226128535,36
1226130495,11
1226146401,17
1226150677,19
1226151688,28
1226151883,434
1226161344,12
1226169092,13
1226182842,2307
1226183162,16
1226187070,118
1226187634,120
1226187719,56
1226193564,50
1226199630,52
1226200305,77
1226213530,12
1226227428,32
1226236210,39
1226238042,86
1226244643,11
1226246989,16
1226251409,166
1226252114,105
1226253568,51
1226254918,71
1226256828,300
1226263631,41
1226269138,11
1226278857,538
1226283335,23
1226284422,93
1226284891,11
1226289738,14
1226291577,45
1226292938,36
1226293227,33
1226304875,1633
1226309398,29
1226314049,23
1226314578,104
1226315076,102
1226316657,21
1226323056,14
1226339117,111
1226344275,15
1226349980,65
1226355570,27
1226371446,14
1226379024,3635
1226383350,135
1226384208,46
1226387322,11
1226390973,18
1226392513,10
1226398315,132
1226402027,79
1226406577,30
1226408403,15
1226415818,131
1226416904,21
1226422330,21
1226423849,18
1226427018,17
1226438114,14
1226444988,114
1226448677,85
1226454952,32
1226455806,52
1226456766,41
1226458391,77
1226466427,19
1226477048,13
1226480668,10
1226481856,22
1226489531,21
1226489634,86
1226498208,98
1226501154,31
1226503828,32
1226505078,10
1226505891,17
1226507528,15
1226514391,176
1226518400,74
1226523004,20
1226535806,175
1226538859,38
1226539674,60
1226540982,12
1226541360,14
1226544828,17
1226546604,40
1226547671,13
1226549459,210
1226553585,24
1226556412,312
1226560380,73
1226562178,78
1226571055,129
1226579643,13
1226586920,37
1226594437,14
1226597296,28
1226597750,165
1226607711,100
1226613826,15
1226619487,13
1226622350,12
1226622973,15
1226625878,26
1226626731,322
1226627909,325
1226632537,35
1226632856,38
1226642159,12
1226643987,86
1226646964,13
1226648841,47
1226652468,21
1226654232,81
1226655664,17
1226657498,18
1226658783,58
1226661880,15
1226666101,13
1226674733,11
1226680005,29
1226684518,54
1226685400,14
1226691771,111
1226699436,42
1226707772,21
1226707828,323
1226708151,16
1226709645,11
1226713626,84
1226729515,19
1226734075,11
1226740973,124
1226753901,31
1226755169,39
1226762620,13
1226767159,113
1226772027,26
1226775065,45
1226819062,28
1226821501,21
1226821868,13
1226828149,11
1226850047,15
1226854571,13
1226861761,38
1226863001,14
1226880839,30
1226886541,127
1226889175,62
1226907735,18
1226920373,31
1226922418,56
1226936027,16
1226947837,52
1226957148,43
1226959760,12
1226965804,31
1226967201,14
1226967770,23
1226967819,17
1226971454,255
1226986657,16
1226990646,51
1226990838,28
1227015908,31
1227017537,13
1227019873,199
1227022288,102
1227027199,20
1227039929,13
1227046979,31
1227065728,17
1227067139,161
1227069931,50
1227077394,15
1227085694,58
1227086368,19
1227088125,16
1227096538,26
1227101935,12
1227102698,3749
1227104690,70
1227105346,12
1227110871,44
1227119649,28
1227121063,129
1227125656,65
1227127184,23
1227127969,40
1227128046,18
1227129671,17
1227136764,280
1227152271,16
1227155975,20
1227168652,12
1227170018,42
1227174554,20
1227177719,76
1227179138,92
1227185855,14
1227186335,18
1227194005,126
1227195038,1324
1227205007,14
1227212265,13
1227213432,24
1227213690,13
1227214087,55
1227216141,63
1227220907,11
1227228210,14
1227231165,12
1227232520,21
1227237099,121
1227265762,71
1227276149,38
1227279014,25
1227293556,17
1227304377,12
1227305725,16
1227307732,118
1227308303,13
1227309113,40
1227309157,28
1227309257,96
1227315434,275
1227316546,13
1227317243,12
1227323948,106
1227324720,14
1227329418,64
1227333518,33
1227334684,13
1227339848,453
1227341286,450
1227347243,231
1227354976,15
1227364450,26
1227371987,122
1227377102,169
1227383057,31
1227386646,101
1227390839,496
1227392097,31
1227400359,13
1227406723,21
1227421344,42
1227431177,18
1227432942,615
1227433014,15
1227436157,15
1227440274,30
1227447038,28
1227459967,419
1227465950,11
1227490532,361
1227490571,26
1227497140,242
1227500565,27
1227501308,24
1227502479,31
1227504870,88
1227512772,59
1227519848,11
1227520263,44
1227526743,15
1227527033,102
1227531308,13
1227547559,15
1227569304,22
1227572703,26
1227579597,12
1227581500,11
1227593880,31
1227594572,11
1227601772,18
1227621444,32
1227634482,418
1227651594,18
1227655562,40
1227658387,78
1227659400,59
1227666088,14
1227674193,14
1227674495,65
1227680608,22
1227689238,630
1227689345,14
1227689365,1084
1227691444,209
1227691745,32
1227696060,18
1227710607,54
1227710766,37
1227736568,162
1227737079,13
1227738572,144
1227741708,40
1227743772,15
1227745768,16
1227759219,76
1227764627,613
1227764837,12
1227772650,103
1227778716,30
1227780447,66
1227783664,12
1227791598,144
1227791833,12
1227793598,23
1227794635,42
1227796170,26
1227802852,12
1227804086,19
1227819401,23
1227833686,15
1227836678,40
1227837151,16
1227841016,127
1227844943,45
1227854358,12
1227855667,12
1227859687,12
1227887303,17
1227889587,18
1227896191,46
1227896929,12
1227897195,18
1227900401,32
1227908098,33
1227909760,105
1227911136,11
1227920831,11
1227922538,15
1227922565,12
1227926204,16
1227927676,19
1227927721,264
1227928962,17
1227930611,62
1227931090,24
1227934615,18
1227937407,14
1227939012,39
1227941987,21
1227948480,11
1227949952,11
1227952190,18
1227957125,70
1227957130,348
1227957195,26
1227961194,27
1227970381,21
1227974472,17
1227994782,27
1227995235,142
1227997362,18
1228005292,14
1228007020,23
1228013410,83
1228017441,11
1228018833,11
1228032595,16
1228035032,79
1228046130,291
1228053564,149
1228062603,18
1228062617,47
1228067246,12
1228069348,39
1228074884,39
1228076003,171
1228086016,14
1228086182,100
1228088285,17
1228096639,14
1228101172,64
1228104491,47
1228115620,16
1228117001,206
1228125649,15
1228127918,28
1228130702,484
1228130770,12
1228146580,13
1228165644,48
1228168646,57
1228168995,38
1228170055,17
1228178051,11
1228200995,31
1228219566,10
1228221963,604
1228239224,17
1228240362,10
1228247504,34
1228250753,28
1228254460,16
1228261509,16
1228266778,77
1228267278,16
1228275932,54
1228281642,23
1228288173,17
1228295878,32
1228301704,19
1228306162,2241
1228306713,21
1228307422,20
1228312499,2337
1228312506,78
1228313288,33
1228316859,33
1228322256,17
1228323801,32
1228324681,17
1228342438,298
1228350271,31
1228350521,13
1228353720,23
1228366354,178
1228372477,21
1228379700,272
1228400253,57
1228403229,1641
1228411653,45
1228428489,75
1228439915,23
1228444255,682
1228446689,13
1228449634,133
1228473512,15
1228475028,13
1228476271,27
1228476484,55
1228479706,54
1228491972,35
1228493290,171
1228504283,11
1228512606,127
1228513113,11
1228513556,156
1228515248,99
1228515550,11
1228519832,15
1228523019,103
1228523683,64
1228545519,13
1228552104,12
1228558220,3731
1228568556,16
1228574491,15
1228575327,37
1228586120,175
1228588430,17
1228589758,940
1228602335,16
1228612153,94
1228618772,51
1228622177,66
1228631114,18
1228632952,11
1228635904,23
1228636567,175
1228642604,15
1228648424,26
1228657398,12
1228667346,80
1228668841,12
1228669486,14
1228674073,88
1228678241,30
1228680276,55
1228682702,206
1228685110,23
1228687488,753
1228693026,20
1228694959,50
1228695623,80
1228697918,62
1228698955,25
1228699675,22
1228700725,22
1228719920,163
1228724246,52
1228727422,31
1228736718,18
1228738883,21
1228747289,12
1228753050,23
1228757065,22
1228757171,24
1228760265,16
1228764266,16
1228768037,28
1228783107,11
1228810289,29
1228818758,14
1228819544,46
1228828230,13
1228840276,18
1228843980,14
1228844333,104
1228852684,733
1228858762,16
1228859413,21
1228860440,13
1228861830,15
1228862369,11
1228862630,45
1228871992,24
1228876335,20
1228878094,12
1228889804,11
1228895176,295
1228895544,12
1228904236,20
1228908118,12
1228917479,100
1228918500,40
1228920758,23
1228924271,52
1228925375,14
1228931313,285
1228940083,23
1228943778,16
1228957241,24
1228960838,15
1228968888,22
1228969569,46
1228970952,82
1228975741,53
1228980352,22
1229003220,11
1229006538,64
1229017267,140
1229020401,11
1229023725,73
1229031275,14
1229032419,48
1229035202,15
1229035215,13
1229036895,20
1229044921,19
1229048611,12
1229054518,25
1229063586,33
1229079681,87
1229084290,12
1229090312,55
1229105761,13
1229107163,181
1229111282,337
1229124309,12
1229124312,14
1229133593,11
1229158170,10
1229166124,16
1229168545,1050
1229172514,91
1229176335,50
1229190386,27
1229193892,21
1229195377,73
1229196808,81
1229204641,40
1229209839,47
1229210803,15
1229218228,176
1229224485,31
1229224593,16
1229238440,49
1229245515,20
1229259494,15
1229261085,12
1229268651,261
1229278525,43
1229279783,22
1229284884,144
1229292419,15
1229298305,20
1229310351,139
1229320971,81
1229333016,22
1229349063,14
1229349389,18
1229357719,13
1229373251,24
1229378930,19
1229386356,14
1229397886,17
1229408930,19
1229412034,61
1229418777,39
1229423958,30
1229428033,12
1229428402,18
1229438606,875
1229454546,27
1229457276,12
1229457609,24
1229464883,15
1229466378,60
1229467189,32
1229477362,12
1229488808,16
1229489956,117
1229492049,371
1229495263,14
1229500299,19
1229515933,31
1229520414,32
1229527457,26
1229528792,11
1229531271,4172
1229545347,13
1229555898,99
1229567447,97
1229570567,14
1229574762,592
1229601083,10
1229604063,83
1229613037,37
1229613796,91
1229617802,41
1229618308,1480
1229628532,93
1229629521,51
1229637015,42
1229641799,42
1229642522,91
1229647480,30
1229649395,102
1229650435,27
1229661701,37
1229669329,217
1229674813,12
1229676125,20
1229687336,19
1229689031,769
1229701530,86
1229702296,64
1229703050,39
1229708435,1155
1229721446,70
1229723763,14
1229741211,16
1229745713,15
1229754911,17
1229755072,30
1229783908,81
1229786287,84
1229790796,11
1229795529,29
1229795695,17
1229797518,34
1229800444,14
1229804367,27
1229805967,17
1229826021,15
1229833518,42
1229857613,49
1229861118,59
1229871910,21
1229875399,43
1229879223,12
1229879990,81
1229891190,58
1229897155,12
1229903970,12
1229912653,39
1229913273,17
1229921727,14
1229923980,24
1229925453,28
1229929214,45
1229936612,21
1229951782,53
1229966556,18
1229981114,27
1229996685,11
1230002242,13
1230003467,49
1230006699,39
1230011719,23
1230017515,79
1230024643,22
1230028115,38
1230041935,30
1230043431,68
1230046062,14
1230048764,84
1230050232,12
1230057297,18
1230065851,14
1230068255,1001
1230070449,15
1230084743,639
1230094821,48
1230103632,41
1230107024,56
1230108051,24
1230120460,15
1230123793,24
1230152852,6
1230155372,49
1230159855,13
1230160823,29
1230167645,254
1230176657,19
1230190038,13
1230219819,52
1230223069,32
1230276014,56
1230284069,51
1230292187,26
1230293192,1710
1230321451,119
1230325066,20
1230346035,35
1230373864,11
1230385816,636
1230405663,16
1230406987,21
1230409724,34
1230413282,390
1230418395,15
1230435080,84
1230436729,33
1230439621,13
1230447187,46
1230454104,14
1230454177,15
1230456360,16
1230459107,38
1230459924,241
1230464401,102
1230467838,71
1230476289,14
1230483021,23
1230488118,26
1230490753,22
1230492351,35
1230511039,99
1230513709,50
1230515496,19
1230518059,17
1230520777,50
1230522302,101
1230525793,83
1230526772,22
1230527280,22
1230529409,20
1230530146,12
1230541272,662
1230542209,14
1230543109,13
1230544421,36
1230545436,11
1230550463,15
1230552302,157
1230556858,14
1230557299,13
1230568421,11
1230571259,32
1230572279,31
1230575245,19
1230579510,12
1230579759,105
1230586927,42
1230615746,16
1230620963,937
1230623377,96
1230623501,30
1230625926,30
1230630133,25
1230635158,27
1230642554,15
1230655525,154
1230659792,165
1230660642,12
1230664565,300
1230670201,17
1230673946,24
1230680336,22
1230682729,13
1230692090,11
1230695001,69
1230715250,32
1230717187,21
1230718069,941
1230737007,18
1230742700,17
1230752196,51
1230753416,17
1230754449,18
1230756781,12
1230757897,12
1230768672,44
1230770171,143
1230773043,11
1230783829,35
1230786016,40
1230786055,44
1230788815,80
1230793950,19
1230797184,189
1230802596,12
1230804418,85
1230816656,58
1230825866,17
1230833691,13
1230838153,19
1230838307,49
1230840644,89
1230842937,28
1230844008,13
1230848107,12
1230852546,50
1230853768,15
1230857353,13
1230871680,33
1230881343,61
1230881670,12
1230886249,73
1230888286,12
1230888292,14
1230894777,339
1230923893,25
1230925393,2732
1230932548,14
1230933500,1846
1230934830,16
1230949874,210
1230951716,124
1230963108,16
1230966999,74
1230983602,13
1230988115,66
1230992661,32
1231005484,69
1231013771,20
1231027499,74
1231033580,83
1231033969,17
1231045391,185
1231046319,24
1231051334,31
1231055190,54
1231076326,20
1231076877,27
1231085769,70
1231088698,69
1231103016,20
1231109330,15
1231109894,39
1231115153,17
1231132517,17
1231135337,3402
1231139963,19
1231140530,12
1231148257,21
1231148851,19
1231150947,93
1231151385,52
1231151488,17
1231151663,14
1231170332,6558
1231173995,17
1231175554,10
1231190293,14
1231208198,15
1231208519,17
1231210975,308
1231241823,15
1231246471,15
1231252094,14
1231266096,30
1231274914,14
1231290655,16
1231291764,3479
1231317792,76
1231332766,98
1231340225,55
1231340530,32
1231341859,37
1231342894,34
1231355875,32
1231362609,49
1231366492,11
1231370735,16
1231381704,37
1231387029,503
1231393604,32
1231397904,14
1231403659,861
1231404888,16
1231411784,13
1231415007,78
1231419446,12
1231425003,61
1231428995,13
1231433355,30
1231444515,20
1231471942,60
1231477977,59
1231497523,27
1231505124,13
1231510846,13
1231521009,11
1231524322,33
1231527664,28
1231530575,13
1231538321,128
1231542361,15
1231545705,15
1231546738,15
1231549501,24
1231550533,16
1231552637,12
1231583450,11
1231585114,12
1231588676,29
1231593995,16
1231598581,20
1231608642,18
1231611366,6
1231614512,106
1231616411,16
1231620129,28
1231625820,44
1231628816,15
1231630576,65
1231642319,12
1231644909,11
1231649071,31
1231664875,141
1231670954,27
1231673216,272
1231680323,11
1231682461,18
1231686879,35
1231689449,269
1231690607,12
1231692013,26
1231693733,11
1231694800,12
1231703771,13
1231704393,145
1231729738,16
1231736896,11
1231743029,2459
1231745368,24
1231745656,178
1231746098,18
1231752523,15
1231758535,14
1231759224,37
1231759515,16
1231759984,11
1231761068,12
1231764379,438
1231764941,173
1231780395,25
1231784866,35
1231788271,13
1231789326,74
1231795778,17
1231798689,14
1231803000,18
1231804068,18
1231804783,57
1231805954,27
1231815937,13
1231823217,60
1231824780,13
1231828364,43
1231833412,46
1231839460,347
1231839648,62
1231841922,28
1231851167,27
1231859271,38
1231866881,23
1231867801,90
1231870852,46
1231873889,20
1231878142,38
1231879080,12
1231881320,162
1231886686,11
1231888139,47
1231892841,15
1231894603,20
1231901927,12
1231904604,11
1231905001,130
1231907165,42
1231927624,15
1231939612,13
1231950207,10
1231951255,65
1231951515,32
1231957581,23
1231959993,14
1231961643,152
1231963420,12
1231964765,11
1231964865,27
1231971079,6
1231980017,210
1231981195,61
1231982666,398
1231982924,38
1231983974,23
1231994250,33
1231995031,11
1231995778,38
1231999821,14
1232001105,240
1232009484,43
1232012824,314
1232014015,15
1232030145,876
1232049160,73
1232068112,70
1232070333,33
1232073302,18
1232075306,26
1232075861,12
1232076534,21
1232090563,13
1232094166,323
1232095746,55
1232098068,40
1232101340,19
1232113187,20
1232117277,42
1232117613,152
1232123859,12
1232151729,13
1232153525,22
1232158115,15
1232179108,12
1232184481,56
1232186823,12
1232187392,11
1232187559,15
1232194910,12
1232198091,16
1232202151,13
1232204103,26
1232207193,289
1232207397,16
1232227455,23
1232230999,636
1232231222,51
1232234668,37
1232235554,64
1232237836,19
1232239020,85
1232248372,108
1232269102,14
1232276786,15
1232282516,44
1232293202,13
1232306594,17
1232327074,516
1232327866,45
1232334482,49
1232339395,98
1232370714,1207
1232377059,17
1232379583,26
1232385284,64
1232389209,11
1232391229,32
1232392775,14
1232401934,16
1232412113,18
1232418131,48
1232423250,20
1232425850,48
1232435913,28
1232438673,13
1232441255,37
1232451950,11
1232463120,29
1232464132,244
1232472302,26
1232475356,18
1232480669,157
1232486341,118
1232486433,47
1232498795,81
1232500611,14
1232502928,17
1232503620,17
1232503763,26
1232513743,19
1232516411,19
1232519992,23
1232525596,15
1232527299,89
1232531989,22
1232539952,21
1232540172,33
1232540803,188
1232549174,70
1232572427,220
1232575828,13
1232591685,20
1232599710,618
1232604320,29
1232621817,263
1232647348,23
1232648797,36
1232650857,78
1232656744,34
1232669793,17
1232669890,15924
1232673052,54
1232680785,108
1232691570,57
1232701426,22
1232703184,34
1232705473,57
1232705869,49
1232710515,93
1232712502,1502
1232714995,154
1232722722,83
1232724697,11
1232727602,390
1232733344,23
1232744272,11
1232744411,13
1232744559,612
1232750479,433
1232751931,15
1232754722,72
1232776063,159
1232779906,15
1232780747,13
1232789753,50
1232799038,18
1232808085,78
1232810067,86
1232816339,32
1232820476,12
1232821011,14
1232824274,483
1232828202,20
1232840936,43
1232842595,104
1232843240,276
1232845626,17
1232852448,14
1232874124,14
1232881907,36
1232897272,129
1232909411,22
1232909568,177
1232913979,12
1232917858,56
1232918613,14
1232923707,13
1232927836,17
1232938373,84
1232963755,15
1232965265,15
1232972544,11
1232973386,22
1232990838,21
1232995659,11
1232995828,1999
1232996564,59
1232997470,1492
1233008152,16
1233008591,31
1233010742,12
1233014365,82
1233015992,41
1233021008,22
1233021136,218
1233021488,11
1233023839,26
1233034881,12
1233037001,194
1233038165,30
1233038926,18
1233045914,12
1233049557,43
1233063278,15
1233065556,48
1233067536,11
1233069149,15
1233075087,18
1233079257,19
1233082731,1736
1233083551,9
1233098501,14
1233099780,28
1233104285,12
1233106510,39
1233109239,82
1233119393,1320
1233125421,20
1233133379,77
1233135720,845
1233143212,77
1233154583,22
1233161009,30
1233174097,21
1233184997,53
1233186866,16
1233188553,14
1233189346,23
1233194295,42
1233202284,18
1233205881,19
1233207118,36
1233214582,67
1233216116,17
1233216476,22
1233224752,168
1233224946,29
1233251373,13
1233257999,306
1233258841,15
1233265885,44
1233268108,58
1233269361,14
1233277768,17
1233282551,67
1233291379,27
1233295735,21
1233319813,31
1233329720,18
1233329957,21
1233332479,330
1233332668,416
1233334923,13
1233350326,14
1233351502,27
1233363436,11
1233366728,141
1233366936,16
1233368430,13
1233369321,24
1233373060,13
1233382603,22
1233396999,18
1233397063,11
1233398203,208
1233405473,29
1233408615,24
1233408974,21
1233410784,26
1233416003,337
1233434991,58
1233445009,113
1233446849,483
1233448211,26
1233449784,18
1233450404,17
1233453656,77
1233458746,11
1233464839,25
1233465262,14
1233469120,46
1233469226,19
1233476234,15
1233480477,356
1233482326,24
1233488217,15
1233488749,27
1233490795,70
1233490808,11
1233493205,34
1233493409,19
1233495945,317
1233506305,14
1233513947,14
1233519809,17
1233520252,570
1233522763,19
1233524712,17
1233526732,11
1233530473,774
1233534767,11
1233537327,39
1233541170,137
1233543737,64
1233543984,521
1233544257,72
1233550386,31
1233550493,189
1233553764,90
1233562439,10
1233565815,154
1233569086,542
1233572903,279
1233573420,18
1233573842,67
1233580044,19
1233587089,38
1233598443,35
1233603128,933
1233603965,19
1233604225,14
1233606911,93
1233610760,12
1233614908,20
1233618223,46
1233627155,17
1233629841,19
1233635142,14
1233646374,262
1233649082,132
1233652236,32
1233652334,11
1233654138,16
1233656750,60
1233656840,311
1233657891,35
1233658145,36
1233679939,16
1233680465,364
1233686144,17
1233693748,11
1233696776,40
1233698270,15
1233699119,15
1233699402,18
1233699918,5
1233701259,237
1233703053,17
1233703424,18
1233705462,41
1233706426,107
1233709504,72
1233710805,14
1233712980,53
1233714212,14
1233720469,24
1233723985,16
1233725979,11
1233729011,230
1233729086,18
1233747143,188
1233749549,91
1233753464,505
1233757735,21
1233760877,23
1233765261,20
1233765815,32
1233768853,53
1233769789,29
1233770752,33
1233777384,36
1233798338,40
1233803199,47
1233805369,17
1233812013,14
1233816047,32
1233821151,39
1233827788,17
1233828825,13
1233843911,12
1233854753,62
1233860222,29
1233864947,27
1233866989,14
1233869677,11
1233876194,24
1233879845,24
1233880450,71
1233880644,14
1233894805,12
1233901070,37
1233904235,14
1233906435,182
1233907218,34
1233912286,12
1233919441,32
1233930657,38
1233931276,15
1233933761,66
1233943553,22
1233949434,27
1233958357,17
1233974117,68
1233976060,871
1233993377,12
1233995178,23
1233997710,12
1233998926,106
1234017442,11
1234025089,20
1234025876,56
1234028597,74
1234031683,27
1234032496,47
1234034478,594
1234035085,12
1234036165,23
1234036912,12
1234044583,12
1234045986,22
1234052506,11
1234055431,23
1234070879,24
1234092057,18
1234105541,28
1234112226,22
1234118506,31
1234132434,19
1234145889,11
1234147572,17
1234148417,21
1234162438,40
1234169919,52
1234177006,149
1234177512,26
1234178837,23
1234184966,29
1234190555,18
1234200320,31
1234222196,57
1234227627,40
1234233025,22
1234245766,17
1234248776,30
1234262086,170
1234264457,21
1234267901,12
1234272109,44
1234280457,38
1234287955,405
1234289791,212
1234294493,16
1234297189,66
1234300923,29
1234303102,18
1234304147,42
1234318070,89
1234326831,20
1234331775,13
1234335671,49
1234338588,116
1234345172,302
1234349309,17
1234349461,112
1234352205,25
1234369111,17
1234370872,16
1234397786,15
1234406300,27
1234406613,102
1234408269,12
1234414395,19
1234419539,9
1234422018,168
1234428768,23
1234431556,148
1234453033,19
1234460360,2233
1234461816,45
1234467701,35
1234468941,16
1234477934,105
1234479687,13
1234484212,13
1234493308,110
1234497073,20
1234500980,28
1234501960,25
1234503198,82
1234505847,14
1234510527,14
1234512626,17
1234527033,27
1234528389,63
1234531190,13
1234531788,15
1234537369,235
1234547478,36
1234550622,2597
1234561569,12
1234563660,113
1234568497,62
1234569107,15
1234571279,336
1234584593,12
1234598133,27
1234599332,18
1234600595,22
1234604467,14
1234610717,34
1234612574,10
1234620713,10
1234643563,114
1234648277,32
1234648973,17
1234651011,29
1234659682,33
1234660785,16
1234663284,30
1234664581,21
1234668950,97
1234669280,37
1234670865,75
1234674650,89
1234675369,14
1234678740,12
1234692020,34
1234697322,21
1234703701,38
1234709952,18
1234712383,20
1234717086,74
1234717726,11
1234724745,1617
1234728317,44
1234728799,12
1234732702,14
1234736795,30
1234743389,63
1234743709,141
1234748523,19
1234759372,67
1234766431,151
1234808106,17
1234817105,28
1234819935,22
1234825297,31
1234829540,828
1234839530,17
1234854174,11
1234870827,166
1234871124,19
1234872393,19
1234884845,16
1234901863,14
1234902158,7
1234908161,14
1234910726,30
1234918031,24
1234923277,17
1234924484,20
1234932922,20
1234949873,19
1234965356,33
1234995144,19
1234999285,19
1235003804,344
1235009516,70
1235012977,13
1235028451,12
1235037158,20
1235044422,12
1235045594,25
1235046467,94
1235049982,11
1235050047,25
1235056479,8638
1235076151,91
1235077351,17
1235080900,13
1235091914,168
1235098353,184
1235103257,23
1235109342,67
1235111179,78
1235112405,48
1235113559,105
1235113769,16
1235116683,297
1235117834,11
1235123321,24
1235128023,47
1235128193,36
1235131147,132
1235135158,417
1235143195,14
1235145221,27
1235150265,71
1235161765,25
1235167543,21
1235168383,12
1235169587,12
1235175101,713
1235186898,21
1235192172,12
1235192304,41
1235199422,11
1235201909,66
1235219333,16
1235219714,22
1235221346,26
1235222817,16
1235225511,106
1235226760,100
1235230186,38
1235232111,17
1235254657,551
1235257170,22
1235259928,22
1235263729,119
1235266237,25
1235278626,19
1235288917,14
1235295742,157
1235298635,11
1235298988,47
1235311075,14
1235318920,82
1235322661,414
1235324410,452
1235325516,17
1235348945,21
1235349424,18
1235368663,18
1235372092,22
1235384825,34
1235398362,14
1235401698,172
1235403515,42
1235415129,12
1235416020,28
1235419463,13
1235423394,31
1235424374,22
1235433876,20
1235435251,20
1235439841,57
1235467345,278
1235467347,16
1235483809,1022
1235491483,40
1235491525,652
1235491557,596
1235491573,37
1235491599,36
1235491636,32
1235491662,31
1235494902,104
1235507023,82
1235511227,237
1235511271,44
1235515289,30
1235516373,28
1235528350,17
1235528861,14
1235535108,77
1235536039,608
1235557096,34
1235561546,399
1235563757,14
1235570981,95
1235600169,13
1235600664,12
1235601806,13
1235603352,21
1235604959,1046
1235615622,41
1235620806,37
1235625452,85
1235635879,31
1235635941,69
1235641260,43
1235648424,49
1235666777,13
1235677045,13
1235677889,32
1235682971,59
1235693765,17
1235695972,12
1235696190,21
1235697532,12
1235700241,39
1235703061,13
1235708935,19
1235712635,77
1235713026,12
1235721044,352
1235728605,11
1235730493,333
1235733002,89
1235738333,15
1235745072,16
1235785305,14
1235796446,44
1235801337,17
1235804415,8
1235809841,45
1235821686,288
1235824690,1224
1235826853,184
1235832354,2656
1235839978,17
1235841610,66
1235850561,31
1235854800,12
1235864347,41
1235887692,74
1235898898,27
1235904866,12
1235915700,388
1235923517,44
1235928536,321
1235937388,17
1235944874,17
1235950823,24
1235951137,83
1235953029,25
1235957378,27
1235957729,29
1235989465,54
1235991419,167
1235995633,26
1236003844,17
1236010010,37
1236020540,30
1236022353,12
1236024834,344
1236029557,20
1236030607,17
1236032569,14
1236033849,12
1236037886,53
1236038347,22
1236069346,16
1236072112,89
1236080238,45
1236092346,14
1236097343,19
1236103434,81
1236113248,12
1236116882,79
1236134087,55
1236138758,21
1236144809,24
1236146225,18
1236147664,15
1236147743,247
1236150757,28
1236154506,198
1236169319,61
1236174636,15
1236183038,307
1236183483,12
1236188285,13
1236189703,12
1236192120,65
1236193793,16
1236197117,32
1236205854,15
1236210286,15
1236215173,625
1236217302,28
1236220169,14
1236225066,26
1236230376,30
1236231313,86
1236232731,141
1236238799,18
1236239871,11
1236242712,303
1236249097,825
1236256286,9
1236258392,23
1236268528,11
1236268781,42
1236270722,11
1236276097,72
1236280432,15
1236281532,13
1236290893,23
1236293784,23
1236297203,12
1236299256,77
1236299970,23
1236299999,28
1236308364,15
1236310444,433
1236311039,19
1236318244,330
1236318314,95
1236318548,44
1236320113,15
1236324961,15
1236325505,13
1236328476,38
1236334602,15
1236336437,679
1236336797,37
1236338255,100
1236348029,20
1236350718,60
1236351119,29
1236353193,1875
1236369867,13
1236376729,40
1236378975,13
1236390867,30
1236393593,18
1236412595,22
1236415557,78
1236416145,12
1236419355,11
1236423287,58
1236429199,60
1236430316,17
1236444588,16
1236448624,39
1236451209,30
1236456093,110
1236456506,195
1236467467,92
1236472889,158
1236475536,14
1236475951,14
1236477525,13
1236477821,29
1236478732,15
1236490395,528
1236493835,26
1236496917,17
1236501740,15
1236502369,29
1236502968,19
1236505940,52
1236507497,54
1236507612,25
1236514798,18
1236523584,186
1236536813,116
1236539330,24
1236548587,16
1236558471,23
1236558948,94
1236565619,28
1236570104,155
1236572125,29
1236574498,214
1236597439,21
1236611436,28
1236614974,10
1236627656,55
1236654892,22
1236667081,12
1236668474,12
1236672762,16
1236677779,145
1236692100,18
1236692111,87
1236692563,25
1236705473,25
1236709079,11
1236710711,17
1236712166,29
1236724617,14
1236724803,57
1236730482,31
1236735790,65
1236755306,116
1236763145,13
1236764229,37
1236767104,12
1236771809,172
1236781628,11
1236782644,14
1236783424,20
1236785802,22
1236788504,20
1236790468,95
1236808991,11
1236809377,46
1236816811,12
1236835461,33
1236835492,11
1236840275,108
1236851335,30
1236852308,27
1236854679,25
1236859477,18
1236861772,97
1236872415,18
1236877194,25
1236894679,52
1236908206,31
1236909004,11
1236910063,100
1236911090,56
1236918072,12
1236931661,25
1236933951,15
1236941307,66
1236945444,15
1236957585,384
1236964964,35
1236968473,12
1236981959,85
1236984329,22
1236985474,93
1237004640,1570
1237007359,22
1237010660,55
1237013741,857
1237021776,27
1237023264,17
1237037977,11
1237043630,126
1237046812,12
1237052662,51
1237054274,44
1237062426,13
1237066114,19
1237066616,16
1237067851,21
1237095996,56
1237104157,14
1237109545,30
1237111736,13
1237112689,307
1237113075,41
1237114445,54
1237116511,75
1237131130,12
1237137541,14
1237146076,83
1237159425,16
1237163046,225
1237164472,145
1237164513,3694
1237174940,2804
1237176215,10
1237181322,37
1237199276,16
1237215648,23
1237218322,23
1237219351,15
1237225592,19
1237225812,14
1237229663,27
1237231741,14
1237232401,13
1237232532,89
1237232853,86
1237239472,1041
1237241613,22
1237243825,16
1237246004,12
1237250723,12
1237253926,13
1237257052,118
1237257560,17
1237259189,39
1237267911,13
1237271327,77
1237283836,16
1237284154,10
1237287718,28
1237290361,13
1237295423,26
1237295737,61
1237295946,27
1237299882,28
1237301457,16
1237302913,14
1237308021,58
1237318021,53
1237319927,747
1237342938,16
1237345031,151
1237346118,140
1237353655,21
1237354845,13
1237360639,69
1237365178,108
1237370783,113
1237378117,19
1237383337,24
1237387249,24
1237390322,15
1237392402,23
1237403075,15
1237409271,10
1237416862,14
1237418222,15
1237422941,52
1237424084,18
1237428082,16
1237428154,14
1237429296,180
1237433527,58
1237436537,16
1237444585,14
1237448423,52
1237453528,17
1237461617,11
1237463177,196
1237464523,38
1237465820,288
1237470197,11
1237470590,20
1237475996,51
1237500772,12
1237501021,25
1237507452,17
1237514143,12
1237516776,82
1237522343,50
1237524419,968
1237525004,16
1237525965,24
1237527907,14
1237528100,65
1237536657,31
1237548136,16
1237556756,13
1237566150,61
1237567431,14
1237567855,61
1237569827,24
1237570742,3041
1237574834,13
1237596235,14
1237604801,16
1237605993,61
1237607224,18
1237610023,23
1237619750,13
1237623600,24
1237625202,162
1237627849,31
1237630202,635
1237639323,310
1237640697,23
1237640922,27
1237643030,16
1237648686,45
1237651000,19
1237652723,14
1237658148,17
1237696009,11
1237699264,17
1237699485,11
1237707289,43
1237717182,11
1237720723,14
1237728861,16
1237729316,12
1237733764,13
1237734940,21
1237735665,32
1237749445,40
1237750162,206
1237773425,94
1237781439,17
1237784796,15
1237786440,20
1237789963,18
1237809202,378
1237818034,122
1237819660,24169
1237821145,12
1237826064,233
1237829770,11
1237833791,13
1237835872,60
1237836502,11
1237839280,18
1237841458,56
1237843760,13
1237845954,15
1237849841,14
1237852816,16
1237856742,26
1237856798,21
1237857534,35
1237858339,56
1237862355,40
1237873111,57
1237876885,25
1237879977,12
1237885983,178
1237886021,38
1237887278,13
1237891010,42
1237897310,126
1237898891,38
1237901907,28
1237904058,11
1237906084,12
1237911785,2683
1237924504,17
1237926298,21
1237930635,35
1237955879,14
1237979735,1884
1237988466,13
1237991026,46
1237994338,12
1237999979,28
1238010504,17
1238020455,46
1238042326,17
1238042602,97
1238043239,1599
1238043869,32
1238045437,19
1238047523,1206
1238050175,109
1238063840,17
1238071279,65
1238086960,16
1238091730,42
1238096032,474
1238104138,46
1238108965,22
1238119796,11
1238120057,19813
1238121115,29
1238133044,141
1238139003,31
1238142752,18
1238143049,41
1238152096,15
1238157601,31
1238166279,37
1238179349,17
1238187414,19
1238194024,16
1238194631,26
1238203091,11
1238204186,14
1238210020,18
1238212613,29
1238219632,18
1238246893,17
1238256194,36
1238264514,37
1238268252,14
1238273556,23
1238275599,24
1238285636,50
1238292307,210
1238294428,55
1238294607,114
1238301041,148
1238305550,19
1238314095,31
1238325234,15
1238336148,12
1238338967,11
1238339696,13
1238352328,22
1238353357,41
1238359772,13
1238361124,25
1238363307,47
1238364469,46
1238374516,17
1238379684,17
1238384020,20
1238386254,20
1238388797,15
1238392177,29
1238394528,11
1238398366,19
1238402794,119
1238412760,23
1238416752,381
1238420386,21
1238426179,867
1238426791,417
1238434689,11
1238449822,15
1238453195,38
1238455882,119
1238458554,561
1238460215,40
1238468873,11
1238490261,36
1238496158,187
1238499219,18
1238503477,438
1238505021,29
1238505874,110
1238509745,17
1238514693,13
1238529161,13
1238537858,22
1238540326,21
1238542557,15
1238542948,28
1238547139,81
1238548881,11
1238552380,17
1238559947,52
1238571740,30
1238573176,16
1238576219,26
1238579838,17
1238580104,11
1238586910,11
1238606716,2698
1238608979,291
1238610334,22
1238611197,24
1238611909,24
1238612611,18
1238634317,16
1238645472,325
1238653384,126
1238669068,55
1238676776,11
1238676972,16
1238677791,32
1238684786,14
1238692464,18
1238695224,12
1238707516,12
1238722120,15
1238723751,12
1238727325,31
1238731481,27
1238733254,36
1238739631,19
1238742660,20
1238743123,28
1238755764,165
1238758672,373
1238759267,22
1238765688,16
1238775512,615
1238783354,184
1238787403,11
1238812762,31
1238818691,15
1238830448,100
1238831904,12
1238834247,13
1238836672,11
1238850401,11
1238855847,30
1238866442,61
1238872822,138
1238876865,34
1238889388,18
1238894468,19
1238894762,16
1238896536,105
1238897954,35
1238911466,15
1238914644,24
1238926475,11
1238930668,16
1238948350,17
1238954573,19
1238954795,16
1238956754,429
1238959575,44
1238968097,43
1238986224,18
1238992253,382
1238993977,19
1238996909,334
1239006019,51
1239011091,40
1239018578,18
1239029437,15
1239032588,14
1239039079,165
1239045423,54
1239056971,7
1239062027,5
1239071762,52
1239077803,19
1239104861,60
1239110217,18
1239112559,12
1239115570,35
1239117786,20
1239117832,19
1239119721,1875
1239126926,16
1239135974,30
1239139048,65
1239140279,335
1239151917,55
1239152939,19
1239159840,2222
1239160406,11
1239173626,17
1239193196,51
1239193572,11
1239197994,36
1239198502,64
1239199313,14
1239200352,32
1239204847,21
1239209837,17
1239210589,215
1239212074,16
1239214607,45
1239216283,44
1239216743,12
1239243690,21
1239249946,12
1239251402,11
1239262895,12
1239264029,267
1239273447,16
1239285070,86
1239297672,98
1239309119,12
1239321485,72
1239341513,19
1239351619,107
1239353812,20
1239357956,76
1239359080,16
1239365819,12
1239366397,26
1239367040,31
1239373733,20
1239374684,12
1239375488,356
1239375999,16
1239382882,98
1239396861,15
1239398976,19
1239402511,12
1239412648,12
1239412733,15
1239414002,15
1239414821,791
1239416779,11
1239427226,22
1239434866,503
1239441299,33
1239447191,54
1239447811,18
1239455254,229
1239464173,46
1239469327,33
1239473321,595
1239474789,41
1239489400,45
1239491397,32
1239518697,83
1239522492,578
1239524798,14
1239528524,21
1239532231,31
1239537127,43
1239537612,11
1239544598,17
1239549872,151
1239550442,64
1239556796,321
1239557619,54
1239563227,56
1239563655,123
1239567925,17
1239574235,13
1239577913,43
1239579728,20
1239580976,15
1239599225,20
1239600245,24
1239611613,27
1239617900,14
1239618973,46
1239619264,33
1239621046,13
1239622029,13
1239622387,581
1239624733,50
1239630237,13
1239644418,16
1239645385,392
1239654352,17
1239660837,14
1239669136,23
1239673198,23
1239676667,132
1239707233,32
1239715093,15
1239716772,13
1239722612,26
1239726217,23
1239728183,56
1239732876,28
1239735146,18
1239735720,17
1239744607,11
1239746319,22
1239749878,11
1239752722,103
1239754392,15
1239757945,34
1239765355,34
1239769034,21
1239774861,209
1239787202,16
1239797781,106
1239797866,15
1239799148,14
1239802726,10
1239806607,31
1239812704,23
1239825801,17
1239826594,20
1239833246,30
1239856270,30
1239859061,145
1239864142,689
1239869762,46
1239878087,39
1239878287,196
1239890796,1358
1239894005,39
1239898419,147
1239901771,31
1239906726,24
1239909172,18
1239911524,11
1239918790,2567
1239921355,21
1239923622,65
1239928176,627
1239930788,117
1239940446,101
1239942327,14
1239944495,15
1239949403,21
1239953499,92
1239960519,12
1239961334,25
1239966472,14
1239977707,11
1239979370,41
1239982332,13
1239983358,24
1239995275,17
1239996076,5271
1239999657,15
1240003797,34
1240013465,101
1240014089,11
1240015023,16
1240019066,12
1240020163,18
1240031323,14
1240043567,11
1240045833,28
1240047266,83
1240051005,48
1240052317,31
1240056880,11
1240061827,19
1240062561,132
1240070838,13
1240073512,21
1240080694,35
1240083383,21
1240087779,16
1240092403,18
1240122142,15
1240131152,23
1240132015,18
1240150652,23
1240159825,12
1240163211,94
1240163717,19
1240164093,48
1240167455,21
1240183493,43
1240191065,2207
1240192072,13
1240195275,12
1240202235,18
1240214550,27
1240224353,15
1240247258,14
1240247529,12
1240249001,10
1240258164,16
1240259223,43
1240269979,11
1240272133,54
1240276079,30
1240288571,14
1240299044,12
1240299682,27
1240305839,12
1240308067,123
1240315822,22
1240332026,47
1240333679,16
1240340068,70
1240341386,11
1240346607,50
1240346695,168
1240364388,205
1240365600,26
1240374270,38
1240393483,12
1240394691,17
1240395546,30
1240417420,11
1240419112,27
1240420839,21
1240421258,562
1240437710,12
1240443039,44
1240444875,33
1240448548,11
1240483776,214
1240492421,47
1240498594,14
1240500457,53
1240502884,77
1240515946,13
1240521980,11
1240522440,18
1240537180,96
1240542828,18
1240545670,11
1240545861,38
1240556206,30
1240556566,30
1240560323,57
1240566648,74
1240567099,16
1240568470,48
1240572887,30
1240579392,15
1240580951,11
1240599492,57
1240601170,62
1240602767,13
1240611559,18
1240644798,19
1240648531,13
1240652283,17
1240653523,86
1240665936,11
1240667381,13
1240671870,16
1240672860,18
1240677825,51
1240682987,13
1240690447,14
1240693623,25
1240698398,293
1240700384,57
1240708362,26
1240713910,52
1240719306,18
1240720849,94
1240724913,21
1240725237,11
1240725952,113
1240730830,83
1240732143,131
1240743325,45
1240747229,16
1240755345,14
1240766312,19
1240768914,11
1240771767,38
1240775510,265
1240786277,26
1240793632,11
1240801215,33
1240808459,18
1240820240,11
1240830830,83
1240832183,18
1240844474,36
1240851965,15
1240854296,58
1240856375,19
1240859912,18
1240865540,15
1240868987,36
1240872088,792
1240872126,36
1240872943,11
1240894264,12
1240896337,16
1240905795,17
1240919474,40
1240938433,14
1240944610,35
1240944626,665
1240946207,15
1240948992,19
1240955193,13
1240959510,38
1240961226,21
1240963793,14
1240977522,11
1240995825,40
1240996286,320
1241000028,227
1241014702,13
1241017476,49
1241019087,23
1241033447,13
1241037350,12
1241040212,14
1241048131,75
1241051113,17
1241054742,52
1241058151,22
1241070039,12
1241074831,20
1241076174,225
1241088351,13
1241094896,14
1241096931,24
1241105467,21
1241106368,23
1241110664,11
1241114653,16
1241132689,37
1241134258,66
1241141239,31
1241146344,56
1241146497,31
1241149979,40
1241152875,977
1241153103,35
1241159711,19
1241163802,11
1241169266,15
1241170129,11
1241172117,14
1241179152,30
1241185532,84
1241208413,34
1241209202,121
1241212925,17
1241215332,26
1241218480,27
1241223523,77
1241234879,278
1241246291,12
1241257629,6595
1241258726,205
1241271550,58
1241273478,518
1241275896,52
1241277287,37
1241277589,84
1241279320,15
1241281880,13
1241283238,22
1241295791,23
1241298903,47
1241300226,14
1241309851,13
1241319334,16
1241329902,35
1241335289,20
1241335398,13
1241336268,32
1241338288,39
1241345946,16
1241348820,39
1241350460,15
1241353600,16
1241358748,13
1241360951,38
1241362619,2520
1241367216,12
1241368039,21
1241383026,12
1241389997,17
1241397530,14
1241407718,22
1241411485,27
1241412718,85
1241414489,15
1241415025,47
1241420026,22
1241425259,1857
1241430916,136
1241450690,20
1241453878,24
1241459204,11
1241459358,14
1241469718,16
1241476818,12
1241477012,13
1241487212,16
1241488294,13
1241489968,32
1241494140,31
1241500194,85
1241503505,11
1241511155,159
1241515224,345
1241519294,30
1241526989,21
1241535855,11
1241537755,502
1241538479,213
1241539231,98
1241540822,12
1241541907,74
1241552156,35
1241553266,12
1241586348,15
1241587887,46
1241588340,30
1241611273,12
1241612240,65
1241612644,53
1241613478,154
1241621727,85
1241631637,13
1241633491,18
1241640889,13
1241641410,20
1241644778,16
1241647818,78
1241648746,36
1241650947,29
1241653775,19
1241653839,152
1241657568,23
1241657981,11
1241661785,17
1241665017,16
1241665534,30
1241679569,38
1241704120,19
1241705990,68
1241706792,140
1241709623,136
1241723280,14
1241738234,91
1241742205,33
1241743752,242
1241747058,39
1241749352,36
1241750341,60
1241752946,39
1241761359,35
1241767972,23
1241775611,75
1241778703,52
1241803876,122
1241816625,64
1241825365,28
1241825396,302
1241828177,13
1241837533,31
1241845242,117
1241863775,29
1241878578,14
1241879839,13
1241886270,19
1241889596,16
1241889601,70
1241891788,25
1241894863,34
1241896683,13
1241912674,12
1241916676,32
1241954827,32
1241955479,28
1241958508,41
1241959906,321
1241960226,20206
1241963187,60
1241965602,18
1241974928,13
1241975714,16
1241976480,20
1241977003,15
1241977188,20
1241979160,84
1241979723,15
1241987162,909
1241990307,70
1241990700,1822
1241994412,39
1242010545,14
1242013932,5
1242017470,10
1242027459,118
1242030289,29
1242030344,31
1242034359,57
1242041584,62
1242043952,17
1242047436,82
1242060029,108
1242065628,13
1242070147,15
1242072896,23
1242077970,35
1242077982,90
1242094165,173
1242098463,25
1242099375,15
1242100472,49
1242107382,2006
1242108349,131
1242121583,17
1242128023,32
1242143475,16
1242169673,47
1242170957,17
1242175465,15
1242179708,17
1242180484,115
1242192661,15
1242196870,15
1242203650,191
1242206624,63
1242211335,28
1242230402,29
1242238680,0
1242243389,16
1242243557,11
1242244665,15
1242245415,22
1242249898,34
1242252209,38
1242268113,52
1242272716,64
1242283903,18
1242284800,17
1242288930,18
1242293609,67
1242306767,317
1242316635,1560
1242320277,13
1242321286,46
1242326448,21
1242339840,44
1242350957,38
1242354790,1715
1242356298,48
1242384007,12
1242392922,270
1242402978,192
1242415623,217
1242427355,12
1242428415,70
1242432807,11
1242441763,25
1242442927,42
1242442956,18
1242450764,37
1242451241,15
1242472887,17
1242497817,31
1242503983,12
1242517249,58
1242520249,24
1242522317,12
1242534846,12
1242536991,18
1242538725,12
1242552865,20
1242559266,15
1242562576,15
1242564361,11
1242565101,11
1242568050,53
1242571544,35
1242572220,11
1242576422,11
1242579794,75
1242581027,42
1242582611,39
1242582771,20
1242587191,11
1242591913,16
1242595081,11
1242623011,13
1242627057,42
1242637912,17
1242643262,11
1242649859,15
1242665944,25
1242670883,14
1242672160,160
1242679355,1437
1242692799,16
1242697027,144
1242705930,19
1242712290,84
1242719319,1087
1242731930,11
1242750846,13
1242760522,23
1242766913,76
1242787253,279
1242790955,29
1242805637,25
1242808266,11
1242815807,18
1242836028,18
1242847410,83
1242849406,60
1242854746,40
1242858742,42
1242867671,827
1242881254,18
1242885972,15
1242896502,261
1242899551,155
1242899915,50
1242903900,21
1242911893,23
1242916194,13
1242917283,12
1242924666,112
1242933539,20
1242956191,15
1242967652,4945
1242971079,11
1242974687,32
1242994017,107
1242995930,23
1243001514,18
1243006338,206
1243011353,1822
1243017690,420
1243019455,15
1243020749,127
1243027110,80
1243027635,63
1243027695,18
1243029025,16
1243033047,113
1243037216,12
1243043047,17
1243057319,27
1243060739,17
1243065333,12
1243068376,22
1243068991,26
1243071828,22
1243072224,70
1243086146,12
1243090173,17
1243095143,13
1243099463,14
1243100020,117
1243106323,263
1243107271,34
1243109314,15
1243110119,15
1243130327,11
1243136561,52
1243146433,225
1243160351,298
1243160855,39
1243164484,69
1243166788,14
1243166945,219
1243176585,338
1243179697,87
1243183766,22
1243199454,30
1243200853,98
1243202918,12
1243210367,58
1243217842,23
1243238668,83
1243240174,13
1243242946,51
1243244774,49
1243247507,132
1243249411,18
1243256378,57
1243266259,10
1243270101,14
1243276849,18
1243277861,142
1243279769,80
1243282472,11
1243285960,17
1243288395,11
1243296441,167
1243301217,14
1243308022,19
1243316506,14
1243317327,146
1243318039,18
1243319764,11
1243320653,14
1243335820,87
1243337208,11
1243337973,11
1243338375,17
1243339945,14
1243343514,38
1243348295,32
1243353641,92
1243354073,90
1243355836,16
1243364905,212
1243365944,340
1243369427,13
1243370296,23
1243370935,38
1243373853,140
1243384906,19
1243386295,11
1243386953,32
1243393451,54
1243394372,18
1243397963,599
1243401750,66
1243403565,21
1243403791,35
1243407684,17
1243414163,14
1243414364,13
1243432393,11
1243435460,32
1243436931,13
1243440891,23
1243456460,24
1243462118,21
1243465661,19
1243470443,11
1243474783,19
1243475954,12
1243480043,25
1243486736,43
1243490323,84
1243499752,101
1243510961,12
1243520031,151
1243523634,11
1243524942,11
1243536512,117
1243546453,11
1243567693,14
1243589705,29
1243592929,15
1243594497,12
1243601229,32
1243601998,21
1243607387,16
1243611246,11
1243614106,18
1243618131,628
1243619611,52
1243631224,31
1243632421,12
1243632643,14
1243643571,15
1243645314,110
1243646445,14
1243647266,62
1243649535,11
1243660478,15
1243674199,71
1243680833,26
1243704133,20
1243710888,25
1243732556,587
1243739072,425
1243754671,21
1243754968,78
1243761147,14
1243762255,51
1243765551,14
1243765775,59
1243773718,16
1243780058,12
1243795091,34
1243799385,30
1243802511,17
1243808884,55
1243841282,70
1243842380,14
1243843387,138
1243859110,17
1243859417,27
1243860196,37
1243861636,20
1243868004,15
1243878128,46
1243904405,61
1243908724,20
1243925666,12
1243928497,43
1243928867,26
1243929420,17
1243945729,13
1243947630,156
1243951513,23
1243954362,71
1243961683,32
1243962929,68
1243963093,200
1243975263,14
1243975449,36
1243978384,66
1243979429,51
1243998884,15
1244000773,15
1244001574,21
1244028703,30
1244036548,11
1244037728,13
1244040752,108
1244045010,29
1244047930,23
1244050587,168
1244051960,28
1244056427,20
1244071529,3015
1244073371,32
1244074262,44
1244074490,21
1244074619,14
1244076766,12
1244108994,634
1244116421,20
1244130987,21
1244136912,11
1244140869,28
1244142296,51
1244148805,16
1244151525,16
1244155308,38
1244155727,64
1244157761,32
1244162403,1074
1244168174,38
1244174738,14
1244176206,11
1244178999,17
1244184293,13
1244185155,411
1244194276,31
1244194507,24
1244197679,30
1244200187,11
1244213970,38
1244216551,45
1244217665,21
1244226944,23
1244231089,11
1244232710,53
1244238140,21
1244238936,32
1244255120,17
1244255768,11
1244263982,11
1244264446,60
1244264505,89
1244277268,17
1244278623,12
1244290601,105
1244295316,20
1244296820,638
1244307392,43
1244307848,20
1244322645,47
1244323702,244
1244325213,14
1244328171,23
1244344645,14
1244346431,23
1244361533,14
1244364968,17
1244370426,16
1244375757,48
1244375832,74
1244377054,24
1244385712,20
1244386148,14
1244391930,13
1244391958,122
1244425600,17
1244431440,301
1244443711,14
1244459047,24
1244462189,13
1244468619,270
1244473756,36
1244476160,31
1244476739,13
1244482736,11
1244488619,18
1244490397,84
1244493472,1462
1244500483,132
1244530113,18
1244534097,17
1244539716,51
1244541606,21
1244557522,177
1244564263,173
1244565986,253
1244570126,35
1244582483,83
1244593267,37
1244595001,16
1244596735,20
1244598092,22
1244599833,25
1244611777,23
1244615729,25
1244621946,65
1244626627,57
1244638297,11
1244644510,12
1244645507,71
1244647147,13
1244660131,11
1244664340,67
1244666899,11
1244667663,58
1244673218,88
1244675532,17
1244679831,12
1244688614,30
1244691031,11
1244693229,15
1244693986,26
1244713152,17
1244716271,36
1244742159,12
1244747615,111
1244747754,12
1244750915,69
1244755919,15
1244762126,32
1244770399,19
1244774008,151
1244780636,24
1244782513,125
1244784820,113
1244799378,7
1244801083,16
1244801631,42
1244804202,24
1244813010,18
1244814127,195
1244828190,32
1244838109,86
1244838820,13
1244839354,30
1244848150,52
1244858848,26
1244859148,341
1244862129,13
1244872344,71
1244886395,15
1244896384,16
1244916257,13
1244926035,100
1244934024,29
1244939861,17
1244948549,61
1244954648,13
1244959261,573
1244959516,12
1244959985,18
1244960155,98
1244989350,188
1245004908,35
1245010764,88
1245029777,27
1245035344,16
1245035377,20
1245041174,40
1245043545,58
1245045417,11
1245048633,21
1245051336,16
1245059090,12
1245060355,20
1245061401,30
1245064524,16
1245064892,380
1245076219,67
1245097257,25
1245100586,29
1245101224,104
1245104473,99
1245106598,323
1245108765,16
1245113203,15
1245132749,120
1245188885,12
1245192508,13
1245195081,24
1245220559,16
1245220578,12
1245221146,21
1245222189,13
1245223443,16
1245224749,16
1245225769,30
1245227535,113
1245234058,81
1245241908,80
1245243244,16
1245243860,41
1245256564,1525
1245258929,14
1245268506,710
1245272377,105
1245274067,25
1245278599,19
1245279396,12
1245282108,140
1245290072,55
1245292227,16
1245294728,18
1245296273,78
1245308002,33
1245310595,17
1245318030,37
1245319446,673
1245322596,20
1245325857,64
1245327065,109
1245329241,736
1245331393,12
1245333424,441
1245333938,268
1245344317,49
1245347848,53
1245350611,23
1245355875,29
1245356181,27
1245356640,105
1245356661,71
1245359581,36
1245362186,13
1245364257,67
1245365519,38
1245368109,33
1245369970,24
1245371971,17
1245380838,12
1245391661,30
1245396820,12
1245405409,21
1245412168,117
1245419404,14
1245425969,14
1245427200,21
1245427909,62
1245429611,98
1245439294,17
1245439775,12
1245440202,22
1245444273,58
1245451069,13
1245452305,2430
1245458564,167
1245458706,92
1245461700,138
1245465729,3491
1245470955,185
1245476031,1273
1245491192,24
1245509597,14
1245510473,28
1245510932,95
1245511686,12
1245518138,35
1245524843,11
1245539123,97
1245540410,157
1245545312,26
1245546693,36
1245549227,151
1245556773,15
1245558372,182
1245561762,598
1245563309,127
1245585947,11
1245591132,148
1245593541,14
1245595783,12
1245617878,35
1245621552,168
1245623286,22
1245633673,13
1245635988,11
1245644492,80
1245653552,12
1245664409,11
1245681818,82
1245692484,19
1245695183,117
1245699721,6081
1245699982,22
1245720361,11
1245720902,75
1245723733,12
1245725287,14
1245730899,31
1245733063,718
1245738786,37
1245740241,19
1245743299,12
1245746212,13
1245748325,13
1245760328,144
1245771671,28
1245772322,11
1245775155,11
1245790592,95
1245797515,139
1245813675,14
1245816682,12
1245820850,57
1245834824,19
1245838621,89
1245849114,33
1245862251,64
1245865164,13
1245871125,17
1245881246,12
1245893489,20
1245894065,15
1245901041,515
1245903975,19
1245921621,425
1245923485,17
1245925715,19
1245927552,33
1245944434,13
1245952606,1950
1245955470,14
1245957017,34
1245959143,87
1245970168,18
1245970899,60
1245998874,14
1246000378,33
1246031278,19
1246047187,14
1246072199,44
1246073739,24
1246090648,11
1246093394,20
1246096751,11
1246113734,11
1246132462,16
1246148135,1446
1246196526,48
1246198169,168
1246201104,19
1246205050,17
1246211773,596
1246220668,23
1246224744,25
1246227084,108
1246228717,41
1246229181,20
1246236720,101
1246238195,30
1246243218,106
1246244431,38
1246250743,23
1246251770,60
1246265860,100
1246270079,21
1246273057,268
1246273154,26
1246274264,28
1246276297,196
1246276785,152
1246279685,27
1246280246,15
1246292527,15
1246292540,32
1246304557,17
1246315244,65
1246322535,12
1246326252,28
1246326761,224
1246330857,149
1246332472,30
1246336325,16
1246337897,12
1246346594,680
1246360316,14
1246389313,13
1246399437,3939
1246402525,133
1246410678,33
1246435403,18
1246440630,1066
1246441409,27
1246442875,74
1246451746,30
1246459259,6410
1246471409,15
1246482134,23
1246482207,60
1246483895,192
1246500556,96
1246504454,13
1246510003,12
1246513769,24
1246515824,79
1246515971,12
1246519476,12
1246521575,150
1246529893,14
1246532319,198
1246534911,1574
1246536953,12
1246538174,48
1246539049,16
1246542567,85
1246549494,18
1246561851,17
1246567508,21
1246570817,39
1246574857,18
1246574873,153
1246577741,24
1246582123,45
1246590578,12
1246596727,12
1246596878,21
1246600517,1047
1246600961,44
1246600993,28
1246602771,28
1246622880,16
1246625636,8090
1246629463,28
1246631932,31
1246638907,43
1246642453,39
1246644567,13
1246646082,17
1246662457,11
1246664009,20
1246681024,16
1246687346,12
1246690056,52
1246695181,19
1246709259,35
1246711970,160
1246715834,15
1246717058,14
1246719459,37
1246721062,499
1246722622,1047
1246742103,17
1246745196,27
1246745654,14
1246749616,227
1246751432,15
1246751434,103
1246759937,44
1246767321,18
1246771179,17
1246779788,75
1246782280,53
1246786755,77
1246790422,62
1246795720,147
1246797254,18
1246802646,30
1246803083,54
1246804487,14
1246812750,59
1246814545,10
1246814836,18
1246817571,17
1246821609,18
1246843657,21
1246849817,24
1246854395,20
1246857494,30
1246866879,20
1246880217,12
1246887188,42
1246895855,40
1246904632,127
1246905604,95
1246911708,57
1246914307,18
1246924426,14
1246924457,11
1246959565,41
1246959727,46
1246967830,13
1246980923,39
1246989049,29
1246992941,22
1246994155,44
1247000985,17
1247014730,97
1247024515,16
1247024804,126
1247033084,101
1247044553,15
1247045448,27
1247051636,21
1247052265,53
1247062549,41
1247077303,26
1247077505,26
1247078110,32
1247086450,16
1247093576,21
1247095976,326
1247100158,23
1247106374,10
1247115218,83
1247115666,70
1247117944,28
1247122194,19
1247124796,14
1247134453,38
1247141754,11
1247142210,26
1247149707,125
1247161384,21
1247171934,15
1247181447,42
1247188228,40
1247190710,85
1247191183,15
1247195606,31
1247195686,17
1247212350,23
1247217251,83
1247225040,14
1247231088,67
1247236424,571
1247242073,232
1247256403,9
1247256864,330
1247257056,68
1247257077,18
1247257153,11
1247265455,26
1247276507,11
1247281221,37
1247282947,11
1247286539,27
1247288896,217
1247289840,28
1247290145,28
1247291997,22
1247292043,51
1247294715,203
1247295822,12
1247301782,43
1247302502,91
1247303587,11
1247310533,32
1247314588,119
1247316645,35
1247317288,53
1247321833,386
1247351481,18
1247356796,23
1247365040,73
1247371684,67
1247376153,20
1247376695,134
1247380137,35
1247384825,27
1247388276,47
1247401217,44
1247414152,146
1247418292,44
1247419504,21
1247421999,16
1247424466,13
1247425144,11
1247433544,83
1247436411,72
1247458577,16
1247458623,23
1247459187,36
1247461066,24
1247469826,182
1247473093,12
1247477036,20
1247482929,67
1247489291,51
1247492866,12
1247495357,20
1247508851,13
1247509569,23
1247515668,22
1247529759,18
1247539290,11
1247546991,191
1247561558,13
1247566922,39
1247581321,70
1247581975,33
1247591069,19
1247591822,24
1247594975,11
1247599728,30
1247600704,14
1247602219,27
1247603334,33
1247604974,11
1247605879,34
1247605980,53
1247609335,22
1247612350,213
1247622731,150
1247623206,26
1247625334,11
1247628069,14
1247630704,53
1247641253,17
1247649837,18
1247663174,11
1247666824,26
1247670071,28
1247671245,112
1247672857,30
1247682155,18
1247682989,21
1247694581,12
1247699938,12
1247702973,115
1247709872,26
1247712689,40
1247712904,23
1247720302,53
1247743070,11
1247743352,141
1247745092,17
1247746103,17
1247746872,12
1247748424,42
1247756899,22
1247777740,19
1247782800,27
1247786593,275
1247798896,12
1247799878,20
1247808514,168
1247813845,14
1247826283,11
1247833825,72
1247842541,22
1247845398,19
1247866311,15
1247890345,13
1247897962,11
1247916961,256
1247926868,21
1247938040,132
1247939001,61
1247940076,16
1247944288,419
1247953558,113
1247955571,15
1247959177,15
1247960650,69
1247966640,65
1247969231,36
1247972630,32
1247980837,19
1247981517,107
1247984150,13
1248011103,1730
1248031872,79
1248032650,23
1248034647,127
1248040531,11
1248040866,16
1248041623,54
1248045931,18
1248050597,17
1248051050,14
1248054102,66
1248055238,333
1248058147,28
1248064498,11
1248066032,14
1248067744,11
1248072541,23
1248078952,77
1248082572,11
1248087013,57
1248090936,11
1248096254,39
1248105780,53
1248111614,24
1248111899,19
1248123371,91
1248124718,21
1248128332,12
1248129522,13
1248141334,136
1248143320,16
1248150453,21
1248150739,19
1248151636,11
1248154861,22
1248155542,20
1248160730,18
1248163123,11
1248164821,23
1248165430,18
1248175705,89
1248181720,29
1248182767,21
1248183848,41
1248186446,103
1248199024,35
1248204690,393
1248211654,18
1248213776,67
1248216427,503
1248219709,48
1248221644,41
1248231202,13
1248243804,24
1248248786,24
1248253333,18
1248255775,21
1248257257,107
1248257430,72
1248264334,27
1248267320,397
1248269184,12
1248296770,19
1248302385,24
1248302524,31
1248303277,50
1248305485,72
1248309376,14
1248310439,83
1248315096,343
1248323006,179
1248332641,13
1248333420,33
1248334419,26
1248336086,48
1248340154,20
1248344067,16
1248346724,131
1248348085,15
1248348624,16
1248352148,27
1248353257,11
1248354167,26
1248357950,16
1248358923,217
1248359368,25
1248368290,20
1248369746,21
1248373426,61
1248374766,123
1248378025,118
1248384170,33
1248385157,30
1248395430,35
1248396295,27
1248401048,50
1248401658,30
1248403597,61
1248412629,33
1248413615,13
1248414214,28
1248435337,12
1248438483,19
1248441930,23
1248442200,52
1248442484,18
1248453360,31
1248453777,33
1248461566,16
1248469137,26
1248474674,54
1248482197,270
1248482770,12
1248483021,28
1248489557,67
1248493288,55
1248502601,11
1248509220,14
1248510758,14
1248512702,17
1248516993,143
1248517174,18
1248517528,44
1248528424,38
1248534579,33
1248538120,18
1248559884,12
1248573158,15
1248575408,17
1248579736,60
1248581414,12
1248586873,51
1248587890,12
1248591409,20
1248591897,53
1248597849,19
1248615838,35
1248618409,293
1248620768,200
1248620921,24
1248625781,19
1248628771,24
1248636112,194
1248657228,20
1248659915,176
1248670681,50
1248670774,20
1248679982,38
1248685391,644
1248715157,16
1248719717,22
1248726560,28
1248727836,19
1248731923,37
1248735165,10
1248735456,30
1248735737,47
1248742343,479
1248745413,156
1248747220,654
1248749020,16
1248758524,162
1248761307,797
1248761484,15
1248763048,263
1248766276,90
1248769876,11
1248772557,11
1248774202,263
1248782150,36
1248789121,252
1248793375,14
1248794761,24
1248795924,169
1248796295,22
1248803716,29
1248827715,17
1248836706,16
1248861358,52
1248871857,14
1248872128,41
1248873301,58
1248874742,68
1248874749,70
1248880965,15
1248882195,17
1248882718,55
1248883464,26
1248889884,105
1248896213,16
1248897354,23
1248897838,49
1248898453,11
1248898722,20
1248898972,33
1248908185,12
1248915354,23
1248917960,24
1248924479,516
1248925933,17
1248926022,60
1248930600,25
1248931805,25
1248932206,12
1248933347,57
1248941614,36
1248943562,26
1248949848,12
1248950091,24
1248951081,24
1248951507,21
1248952892,12
1248955957,3204
1248958654,55
1248962830,14
1248981027,120
1248981662,83
1248983894,11
1248984067,45
1248986738,15
1248994114,26
1249006271,30
1249013020,20
1249014031,54
1249015197,29
1249015425,14
1249023319,11
1249024111,56
1249027272,11
1249040497,46
1249047809,90
1249051947,14
1249052052,11
1249052875,13
1249062173,14
1249068419,14
1249094239,113
1249095115,111
1249111989,32
1249123734,103
1249131332,19
1249136784,28
1249158906,16
1249162928,464
1249175775,15
1249178065,20
1249180847,155
1249181353,25
1249182330,22
1249187944,95
1249189589,76
1249202199,20
1249203338,278
1249207787,14
1249209643,264
1249213103,31
1249224062,115
1249225398,24
1249239992,13
1249245754,435
1249258514,286
1249261520,1786
1249271148,29
1249276248,15
1249284066,17
1249287005,36
1249290620,36
1249293657,24
1249296723,12
1249300381,97
1249303001,12
1249305626,14
1249305805,13
1249315245,27
1249317289,32
1249325080,25
1249332416,45
1249337353,12
1249344928,17
1249345325,26
1249346259,13
1249357615,23
1249360394,9
1249363406,33
1249369480,69
1249380837,21
1249382417,12
1249386263,30
1249386299,30
1249406215,13
1249408490,31
1249409445,40
1249410188,17
1249421739,31
1249422921,59
1249430762,11
1249432822,10
1249454751,12
1249458219,23
1249462231,83
1249462611,104
1249466568,13
1249467039,28
1249488202,38
1249509510,11
1249517670,31
1249519439,22
1249521361,16
1249530651,17
1249530755,31
1249534702,87
1249535239,91
1249548355,34
1249549064,12
1249550191,419
1249550690,71
1249557108,14
1249572987,16
1249573380,13
1249578225,16
1249582990,56
1249619405,23
1249628271,12
1249634577,45
1249655286,16
1249658123,70
1249659243,45
1249662979,19
1249663397,13
1249669193,18
1249681283,16
1249695433,14
1249708194,45
1249709179,82
1249723308,56
1249730633,52
1249731486,41
1249738003,128
1249740810,29
1249756800,16
1249766977,18
1249774057,350
1249779388,17
1249784811,19
1249785717,24
1249792018,31
1249808300,21
1249808474,17
1249808814,109
1249809218,12
1249813229,78
1249826669,13
1249826776,13
1249847701,73
1249847920,125
1249849319,59
1249853652,31
1249855865,210
1249868091,18
1249880434,15
1249881776,16
1249883059,11
1249887741,40
1249888354,161
1249892130,12
1249893354,20
1249895223,41
1249907578,55
1249908102,13
1249913179,130
1249913251,33
1249915620,13
1249922033,758
1249923101,18
1249942687,38
1249944634,19
1249951168,27
1249964612,13
1249978957,18
1249980876,93
1249982319,21
1249983772,189
1249990320,913
1250009810,22
1250020003,13
1250040582,161
1250045863,14
1250050869,150
1250051977,11
1250057030,12
1250060426,26
1250065590,39
1250068182,54
1250070490,39
1250072702,12
1250081513,25
1250083495,33
1250085833,15
1250093949,12
1250109958,14
1250113821,21
1250122277,32
1250123107,13
1250126240,97
1250129192,21
1250134799,15
1250142065,17
1250146825,12
1250157861,12
1250164325,12
1250182657,22
1250204816,25
1250216343,14
1250224428,24
1250229427,22
1250233265,21
1250237069,12
1250243010,30
1250244785,19
1250245397,20
1250255823,42
1250257487,44
1250258692,320
1250259248,49
1250265557,18
1250280866,156
1250289468,24
1250293035,12
1250295793,49
1250296394,12
1250296864,328
1250301953,75
1250301976,70
1250314473,18
1250315476,23
1250320740,14
1250326588,15
1250328232,80
1250332636,90
1250335928,12
1250336324,13
1250337793,17
1250346244,18
1250354179,15
1250360389,59
1250367999,20
1250371224,31
1250377526,11
1250391425,11
1250394838,135
1250404733,31
1250417836,16
1250420602,36
1250439637,58
1250445362,11
1250446965,19
1250459937,40
1250468542,13
1250486012,14
1250493755,133
1250500177,27
1250504922,21
1250505481,20
1250508847,73
1250510717,12
1250512479,19
1250528328,23
1250529441,11
1250540901,21
1250541123,15
1250553890,13
1250556989,12
1250561399,14
1250568649,45
1250569639,151
1250575980,1088
1250595753,18
1250626860,104
1250634182,64
1250651738,130
1250651755,105
1250658155,18
1250663311,19
1250666404,13
1250673270,52
1250677506,57
1250678702,55
1250680727,60
1250681945,24
1250696677,40
1250696765,13
1250706260,45
1250709578,26
1250713849,15
1250716184,11
1250741226,36
1250756907,11
1250763371,119
1250763414,176
1250771627,16
1250806008,88
1250812354,106
1250815023,18
1250818845,1947
1250822765,4311
1250824950,108
1250830715,59
1250834429,116
1250835189,102
1250836794,49
1250837740,52
1250837806,14
1250842815,25
1250860168,808
1250863480,11
1250868690,45
1250876768,12
1250878990,22
1250889003,19
1250895580,57
1250907050,16
1250911372,509
1250918358,56
1250918529,34
1250931415,23
1250950417,17
1250958854,15
1250977830,27
1250978302,135
1250978888,27
1250981471,25
1250989577,56
1250997037,13
1250998045,28
1251005638,47
1251007586,75
1251009262,15
1251011584,15
1251011879,26
1251012724,34
1251014582,20
1251020438,11
1251020516,11
1251020986,38
1251023065,16
1251023178,14
1251024234,12
1251025862,11
1251026554,13
1251032065,52
1251045093,32
1251057798,882
1251066255,90
1251067168,17
1251068284,32
1251069607,25
1251072363,19
1251077755,55
1251078984,15
1251085918,14
1251086916,1431
1251097472,26
1251097626,42
1251103176,16
1251118569,25
1251118601,32
1251122133,312
1251123266,100
1251124565,24
1251126765,12
1251127841,98
1251130670,54
1251139326,17
1251139884,38
1251140252,18
1251145978,12
1251150120,38
1251156448,29
1251159224,13
1251160046,32
1251169801,77
1251180462,40
1251182451,15
1251186402,2928
1251187002,11
1251196102,13
1251213060,40
1251216667,920
1251226689,56
1251240181,11
1251240323,22
1251241656,490
1251246810,177
1251249025,12
1251254800,16
1251258620,15
1251260343,16
1251263546,6257
1251265302,13
1251266007,15
1251273528,20
1251278834,18
1251280424,114
1251282803,17
1251283920,13
1251285811,29
1251301903,1036
1251303564,17
1251308481,14
1251313363,12
1251313933,38
1251314041,82
1251314288,29
1251323039,12
1251343430,19
1251352160,34
1251359454,18
1251360469,150
1251368164,97
1251377810,37
1251382271,314
1251382609,24
1251385826,17
1251387822,14
1251398714,26
1251401451,20
1251409505,11
1251420451,16
1251421003,23
1251433180,11
1251445838,147
1251447656,15
1251450386,448
1251456931,17
1251460378,1330
1251460904,18
1251465520,23
1251466224,13
1251467172,28
1251482232,61
1251491910,38
1251497181,13
1251498553,20
1251498620,74
1251504299,19
1251505949,28
1251508685,49
1251523074,46
1251532445,22
1251542434,13
1251547021,14
1251547207,16
1251552989,29
1251558498,23
1251570670,61
1251580441,22
1251583175,87
1251599962,19
1251604333,643
1251624865,26
1251626339,16
1251648836,213
1251663029,18
1251670765,14
1251689896,13
1251699671,12
1251700076,17
1251721871,19
1251723283,37
1251724698,22
1251731366,50
1251731376,12
1251734577,300
1251734584,40
1251739081,20
1251740335,27
1251756708,17
1251759892,30
1251760410,11
1251772458,71
1251775321,19
1251775733,9354
1251778861,22
1251792143,14
1251802067,171
1251802724,13
1251803584,14
1251813045,84
1251827172,13
1251829083,15
1251829476,13
1251845453,11
1251848854,34
1251849393,39
1251849873,34
1251875798,301
1251875808,17
1251884605,93
1251885652,48
1251890389,15
1251897393,991
1251903045,41
1251908803,113
1251910639,21
1251914525,65
1251915392,16
1251922246,13
1251922807,239
1251925434,20
1251927617,29
1251929985,79
1251930408,13
1251934611,65
1251942561,48
1251952412,69
1251952732,17
1251953699,15
1251959042,11
1251971351,19
1251972814,204
1251976028,130
1251980172,68
1252004011,39
1252004709,18
1252008320,55
1252018507,42
1252021413,16
1252023224,26
1252031757,18
1252036272,21
1252038744,18
1252041604,34
1252061412,59
1252069793,14
1252078364,64
1252079931,12
1252091728,16
1252093552,76
1252094313,149
1252102710,35
1252117557,380
1252124728,86
1252126809,11
1252127170,47
1252128435,95
1252128712,16
1252129353,17
1252130548,44
1252134250,41
1252136178,13
1252140935,11
1252147339,304
1252153392,42
1252154132,53
1252159801,57
1252163022,20
1252166840,153
1252169477,22
1252174335,228
1252175636,13
1252190566,14
1252192009,37
1252193482,63
1252196939,18
1252197860,21
1252198341,938
1252200141,25
1252203843,19
1252217827,91
1252218467,30
1252218508,44
1252237951,28
1252244572,57
1252248426,34
1252252549,189
1252254864,13
1252255944,13
1252258448,845
1252263438,13
1252270191,26
1252273912,39
1252276246,72
1252294823,706
1252298988,14
1252302865,39
1252306996,82
1252311044,64
1252323344,26
1252329745,19
1252335022,11
1252338417,413
1252344029,11
1252346445,14
1252347222,27
1252349871,18
1252351219,31
1252352256,275
1252353845,20
1252355400,13
1252356934,415
1252369220,23
1252388266,14
1252390722,15
1252416155,128
1252416972,32
1252426483,16
1252427005,94
1252427337,27
1252430502,15
1252432466,1241
1252440552,12
1252450076,92
1252453520,44
1252460350,124
1252480275,15
1252489123,36
1252489441,14
1252504178,48
1252509592,25
1252514339,14
1252529804,132
1252531427,18
1252551939,28
1252565065,105
1252591763,34
1252604518,63
1252614765,22
1252618883,30
1252640395,62
1252663001,42
1252665712,160
1252674082,11
1252678407,12
1252683525,139
1252706328,11
1252708837,42
1252709482,95
1252720351,13
1252742425,17
1252753056,56
1252762674,13
1252767968,64
1252769293,14
1252769537,53
1252770030,95
1252773170,141
1252781693,85
1252783246,22
1252786173,15
1252794477,18
1252795971,15
1252796495,25
1252800918,475
1252806653,45
1252812411,13
1252814323,286
1252818966,23
1252834518,340
1252837596,42
1252849584,359
1252855223,14
1252855897,40
1252864153,11
1252865556,206
1252872258,16
1252873338,12
1252906447,193
1252912673,26
1252914174,1192
1252928482,20
1252928995,151
1252936604,22
1252944075,116
1252945188,15
1252947649,11
1252952191,13
1252952405,14
1252953230,11
1252954588,51
1252959382,13
1252977352,15
1252984906,16
1253003051,18
1253009493,13
1253018855,19
1253018922,23
1253028636,82
1253029370,18
1253030135,38
1253030239,18
1253035764,13
1253043798,53
1253048130,302
1253053983,32
1253058314,13
1253060190,11
1253073679,145
1253076510,22
1253087813,57
1253093667,19
1253094078,23
1253095831,12
1253096577,12
1253105062,17
1253106462,19
1253109536,14
1253136404,110
1253138201,9440
1253140411,11
1253142931,55
1253154385,13
1253159229,12
1253161184,23
1253161550,56
1253172163,96
1253173624,13
1253176060,12
1253177447,11
1253180911,31
1253183580,12
1253187784,452
1253188133,50
1253188625,25
1253189731,60
1253190467,337
1253192251,123
1253193912,37
1253196108,52
1253198907,43
1253202484,11
1253209585,16
1253215229,21
1253226365,18
1253229117,76
1253229410,52
1253236308,829
1253246843,111
1253255514,18
1253258627,15
1253263152,11
1253263363,14
1253264520,16
1253274530,69
1253276414,11
1253277329,47
1253282479,12
1253289046,20
1253291046,18
1253298475,39
1253298895,208
1253310633,23
1253315866,32
1253321907,13
1253325096,40
1253333823,19
1253338425,45
1253345584,14
1253355518,11
1253355909,22
1253360155,12
1253367871,36
1253380025,30
1253383646,30
1253395625,21
1253396714,62
1253399623,15
1253402092,42
1253404011,11
1253408150,16
1253408695,15
1253416463,115
1253425173,123
1253434460,27
1253437477,17
1253447693,13
1253468349,23
1253469197,279
1253472297,19
1253475617,70
1253485086,11
1253502725,14
1253504490,48
1253525979,515
1253530425,13
1253537209,11
1253541782,32
1253557571,17
1253570680,20
1253581456,37
1253582840,16
1253588145,30
1253595420,20
1253615096,18
1253656413,95
1253671303,54
1253675841,28
1253679657,40
1253681844,15
1253690069,12
1253701314,60
1253701802,29
1253702844,314
1253707218,30
1253713483,31
1253720103,17
1253729367,33
1253736519,29
1253742875,37
1253751761,29
1253754548,14
1253767152,98
1253777615,18
1253811539,25
1253818087,421
1253828973,14
1253838600,44
1253848583,25
1253848998,43
1253854641,131
1253861590,36
1253884201,28
1253885183,12
1253890132,28
1253895982,20
1253897951,88
1253903395,32
1253909831,25
1253910734,108
1253910903,14
1253911241,22
1253931164,15
1253944538,13
1253949245,16
1253958043,78
1253958991,14
1253960983,55
1253965584,25
1253977740,260
1253986450,46
1253990739,13
1253998361,18
1253999202,33
1254012505,23
1254014703,22
1254015381,36
1254016797,34
1254019661,18
1254019975,32
1254024450,11
1254030784,12
1254034581,26
1254042671,480
1254048353,62
1254056681,26
1254057572,11
1254070081,16
1254079730,17
1254079995,12
1254082382,28
1254084097,132
1254084271,197
1254094317,11
1254098980,49
1254102663,1340
1254109005,102
1254114247,27
1254116142,32
1254116963,14
1254121526,16
1254133915,201
1254138541,66
1254144254,21
1254144284,11
1254146279,11
1254147730,88
1254160123,33
1254169763,57
1254172144,280
1254179462,222
1254181310,20
1254184429,17
1254189492,41
1254212219,13
1254225062,437
1254227775,12
1254236422,23
1254236704,11
1254241414,37
1254252644,368
1254255091,12
1254260949,32
1254262014,18
1254264635,61
1254275329,14
1254275749,21
1254290765,14
1254297242,69
1254301562,20
1254302588,84
1254314982,15
1254319847,14
1254330320,23
1254332563,45
1254334425,368
1254339935,33
1254363469,14
1254364909,12
1254373926,23
1254381594,24
1254384645,24
1254385987,36
1254392393,12
1254398677,123
1254399477,12
1254401289,18
1254406160,80
1254411461,10
1254412545,12
1254416519,27
1254422214,50
1254431824,21
1254437167,37
1254441434,217
1254442158,30
1254446563,14
1254447437,17
1254452192,14
1254452787,31
1254464469,23
1254468871,125
1254470906,13
1254484582,11
1254485070,107
1254488786,295
1254493862,12
1254494310,15
1254494406,121
1254496741,124
1254511581,51
1254513990,22
1254520394,15
1254524549,19
1254526494,57
1254527180,18
1254542861,58
1254550137,17
1254551153,12
1254554862,402
1254563196,11
1254564615,41
1254568308,17
1254581518,14
1254582918,419
1254583584,21
1254587174,14
1254611266,34
1254612542,60
1254621308,13
1254626919,11
1254632152,14
1254639681,13
1254654777,14
1254670042,24
1254677146,49
1254677395,26
1254683579,11
1254686143,14
1254689754,33
1254694129,37
1254695322,31
1254698689,13
1254705293,15
1254709505,25
1254709542,92
1254709546,93
1254723344,25
1254738596,121
1254747633,71
1254749434,713
1254762496,40
1254770962,100
1254781717,22
1254786830,14
1254791906,16
1254793224,11
1254796141,35
1254796279,25
1254797756,15
1254804097,79
1254806672,11
1254821193,105
1254821263,13
1254821702,34
1254822800,12
1254833122,29
1254835140,13
1254841524,14
1254842655,14
1254852838,49
1254853575,64
1254855346,33
1254859692,36
1254862084,279
1254864393,37
1254883422,83
1254883580,16
1254883786,15
1254889363,445
1254897550,24
1254902423,40
1254907261,14
1254909527,310
1254916915,25
1254921178,67
1254922746,14
1254925678,17
1254927411,36
1254930923,73
1254933451,55
1254936535,69
1254942874,12
1254957788,26
1254958761,18
1254962360,21
1254968049,12
1254975170,12
1254976532,15
1254978612,1243
1254979680,49
1254980620,12
1254981976,29
1254982293,27
1254988625,18
1254989944,23
1254994604,11
1254999058,72
1255000879,20
1255012792,20
1255014875,306
1255018965,212
1255019438,137
1255030433,63
1255035312,104
1255036494,22
1255040895,37
1255047944,14
1255048873,15
1255052395,25
1255053392,94
1255058993,39
1255066757,118
1255069527,1263
1255069809,29
1255083276,13
1255084016,166
1255096810,21
1255103576,28
1255106581,15
1255110293,22
1255112026,41
1255112574,40
1255122629,570
1255122754,88
1255125268,32
1255126889,12
1255127941,35
1255138122,111
1255140163,23
1255141143,28
1255148136,54
1255156283,68
1255156294,13
1255160041,31
1255160069,44
1255163849,11
1255172001,67
1255180606,85210
1255183845,69
1255184316,11
1255184385,39
1255204332,12
1255204944,138
1255207002,14
1255207455,12
1255214093,75
1255215630,58
1255216528,25
1255217938,4259
1255221654,174
1255225975,64
1255231979,86
1255237198,677
1255240664,12
1255251478,301
1255252768,13
1255262063,60
1255267904,452
1255281808,18
1255283013,13
1255291036,1004
1255291644,26
1255292571,14
1255294416,11
1255296887,50
1255298603,35
1255302592,13
1255305328,141
1255328803,123
1255337613,11
1255349692,31
1255351625,24
1255352255,19
1255359164,38
1255361346,48
1255370361,42
1255377268,11
1255388337,132
1255391825,167
1255396003,13
1255396262,18
1255399416,83
1255412388,1322
1255435041,14
1255437855,26
1255452572,199
1255459277,109
1255466067,81
1255479245,61
1255480829,19
1255488822,13
1255497074,42
1255500482,25
1255504318,13
1255508156,42
1255527317,205
1255548271,90
1255548448,13
1255563159,611
1255566884,13
1255580602,26
1255596359,308
1255606208,29
1255607681,10
1255607931,26
1255610167,51
1255610635,16
1255619122,57
1255623257,72
1255626665,32
1255632247,22
1255635173,18
1255635278,15
1255635956,38
1255636103,17
1255642930,11
1255644879,118
1255645214,253
1255645993,102
1255655571,17
1255658534,17
1255665358,150
1255672659,13
1255689883,282
1255695357,12
1255699364,20
1255701432,745
1255706921,27
1255708192,92
1255715568,46
1255715915,20
1255722057,37
1255725941,23
1255726496,12
1255729003,26
1255734079,41
1255735488,84
1255737222,457
1255738228,44
1255741629,37
1255741729,172
1255742924,231
1255753477,23
1255754715,11
1255764474,25
1255768549,801
1255772026,27
1255775965,85
1255777137,21
1255779273,18
1255793570,15
1255794238,61
1255798421,18
1255800034,657
1255801447,68
1255809571,56
1255811098,28
1255814688,17
1255817315,387
1255835429,58
1255839702,14
1255841045,222
1255841208,44
1255852666,1395
1255854163,134
1255866572,290
1255868108,18
1255871614,269
1255875588,22
1255878092,59
1255884999,35
1255887695,20
1255894310,29
1255906464,16
1255926795,12
1255930302,56
1255931715,15
1255932242,41
1255934214,66
1255939006,13
1255939927,747
1255957684,14
1255959569,16
1255962608,15
1255969968,12
1255977012,13
1255978057,41
1255987686,21
1256004106,16
1256004258,34
1256004591,12
1256006352,75
1256008414,12
1256010188,23
1256010196,34
1256013446,102
1256017052,13
1256019022,15
1256035393,141
1256044657,13
1256044850,24
1256057070,27
1256057097,21
1256061018,58
1256070689,60
1256075082,181
1256080504,1182
1256081410,28
1256082863,2515
1256087672,17
1256100909,12
1256117847,36
1256129531,27
1256134563,19
1256135527,185
1256142741,16
1256150601,148
1256152082,22
1256152256,13
1256157003,25
1256158761,16
1256162488,11
1256174716,17
1256203716,38
1256206719,13
1256210575,38
1256212160,21
1256225183,407
1256233184,90
1256245174,19
1256254749,23
1256267364,50
1256270560,30
1256273336,17
1256283138,51
1256284456,34
1256294633,20
1256335459,164
1256339895,24
1256345172,28
1256353697,87
1256355630,24
1256362818,12
1256365721,11
1256369595,16
1256380956,12
1256381100,23
1256384533,26
1256386246,110
1256392208,23
1256393269,34
1256394332,19
1256394914,48
1256395974,22
1256397049,16
1256418773,14
1256421769,10
1256429757,23
1256465772,24
1256469584,28
1256474162,20
1256477021,31
1256488150,12
1256488414,29
1256508800,15
1256525840,286
1256528164,13
1256532379,15
1256536129,20
1256556655,13
1256557633,38
1256569717,41
1256574820,24
1256594473,78
1256613417,761
1256613854,45
1256614080,61
1256616890,531
1256622298,40
1256635590,15
1256663368,11
1256668848,83
1256674994,22
1256680367,26
1256685222,13
1256692328,25
1256694816,34
1256695612,13
1256697754,23
1256700912,88
1256706414,15
1256706847,367
1256707537,49
1256708592,228
1256719211,66
1256728599,1855
1256730629,37
1256746773,38
1256753731,12
1256757375,99
1256762495,38
1256766596,41
1256767131,27
1256791924,286
1256792998,27
1256796696,12
1256797384,31
1256810082,13
1256810886,27
1256811075,11
1256811827,16
1256814757,12
1256816449,48
1256826613,104
1256838837,17
1256853835,53
1256855764,157
1256859409,41
1256866626,14
1256868358,902
1256877966,17
1256880556,23
1256880560,21
1256881326,149
1256887864,61
1256896059,22
1256900649,12
1256905546,188
1256921558,20
1256922648,20
1256922851,14
1256948331,242
1256958861,11
1256960873,23
1256973124,40
1256980703,67
1256987455,28
1256989150,29
1256993124,24
1256997541,164
1257001631,39
1257015437,16
1257021270,18
1257023848,24
1257026460,15
1257026582,29
1257026599,15
1257033404,13
1257035990,133
1257038971,13
1257049996,11
1257059092,13
1257064854,55
1257081095,48
1257081562,32
1257083638,46
1257084734,26
1257086995,23
1257105253,293
1257115788,82
1257121594,105
1257138628,14
1257142330,27
1257149881,44
1257150485,65
1257152532,24
1257154160,492
1257164704,27
1257167310,43
1257168102,715
1257168128,13
1257176278,14
1257179976,19
1257184348,88
1257184479,108
1257192156,18
1257196285,13
1257205393,22
1257237972,97
1257238395,121
1257239130,35
1257245859,26
1257246331,12
1257256310,28
1257259287,46
1257267571,10
1257287847,32
1257302750,59
1257306325,397
1257311255,14
1257312136,12
1257325436,15
1257326665,137
1257334011,29
1257334909,13
1257336733,41
1257338172,81
1257339205,15
1257340523,18
1257340615,38
1257340967,23
1257342857,31
1257344450,27
1257347274,18
1257350653,19
1257356927,52
1257366746,25
1257374565,53
1257378383,84
1257395037,68
1257410408,41
1257412756,18
1257414614,39
1257420150,121
1257444227,14
1257461065,49
1257473218,27
1257475195,12
1257479175,31
1257488099,16
1257493303,12
1257495129,48
1257524396,255
1257527947,19
1257533120,34
1257533286,1249
1257534627,21
1257539780,25
1257543605,56
1257547794,26
1257551522,12
1257556156,21
1257558028,25
1257581672,115
1257591931,74
1257597917,11
1257617514,21
1257643781,13
1257687200,237
1257696179,11
1257698938,30
1257701836,22
1257711769,23
1257717114,11
1257724435,47
1257729787,11
1257734455,39
1257735930,36
1257744257,42
1257751567,25
1257753186,21
1257759481,47
1257765230,57
1257766325,16
1257774704,52
1257781328,88
1257796544,15
1257798483,130
1257804050,11
1257804391,48
1257815288,14
1257821422,12
1257821888,15
1257823859,13
1257823911,13
1257825473,13
1257827184,18
1257838048,32
1257850224,20
1257850501,20
1257855543,18
1257858164,415
1257863403,11
1257867023,261
1257868723,49
1257870356,12
1257883885,45
1257889861,15
1257890423,12
1257891396,11
1257900040,32
1257908328,40
1257915692,270
1257917139,17
1257939823,106
1257947813,79
1257953142,494
1257953914,494
1257960486,12
1257970587,20
1257971581,446
1257979261,12
1257982213,69
1257983666,55
1258006305,106
1258007831,38
1258009125,14
1258023796,13
1258030732,81
1258031582,74
1258033438,27
1258038455,11
1258039718,15
1258047506,12
1258061785,19
1258061935,28
1258066808,69
1258071797,13
1258079443,11
1258095431,14
1258106719,15
1258115712,14
1258121809,67
1258122081,54
1258124114,1
1258125843,60
1258127863,67
1258135570,31
1258139388,13
1258140778,29
1258140989,11
1258165990,15
1258166617,41
1258168862,122
1258182956,23
1258189993,53
1258193405,11
1258200041,36
1258201451,30
1258203386,13
1258221473,416
1258225193,31
1258226171,11
1258227143,13
1258228307,28
1258238626,22
1258242408,120
1258244355,14
1258251268,207
1258259975,14
1258262448,34
1258288849,11
1258299774,36
1258301311,854
1258303369,15
1258305951,123
1258321488,40
1258335228,105
1258340670,104
1258346478,20
1258365577,18
1258367539,16
1258373802,131
1258378203,22
1258386431,169
1258390378,67
1258395429,87
1258401277,62
1258413847,516
1258428688,12
1258435504,20
1258435606,17
1258441232,18
1258456256,18
1258457725,86
1258459022,21
1258464919,55
1258471673,18
1258473132,36
1258483266,24
1258496446,417
1258499650,13
1258504422,58
1258504679,31
1258556728,39
1258557801,25
1258560454,17
1258588229,23
1258588698,30
1258597378,66
1258602218,11
1258613313,25
1258619550,15
1258621567,894
1258644344,16
1258646291,886
1258647960,14
1258649388,20
1258649467,11
1258654823,24
1258661939,14
1258680088,12
1258702484,53
1258710790,59
1258728537,12
1258729729,13
1258742941,136
1258744471,11
1258748958,62
1258757115,69
1258763088,78
1258786108,20
1258788077,561
1258788360,113
1258792464,84
1258823740,51
1258829991,48
1258837516,11
1258857842,17
1258861605,31
1258862322,954
1258868919,15
1258871740,11
1258876319,25
1258896369,15
1258907670,115
1258907996,13
1258915869,41
1258919692,1774
1258921750,90
1258926070,62
1258927530,22
1258929370,13
1258931275,17
1258932513,911
1258942809,11
1258944375,186
1258968157,22
1258973778,16
1258978313,178
1258992238,35
1258994637,455
1258994885,67
1258995114,17
1258998722,21
1259014725,12
1259018168,15
1259026412,646
1259028314,111
1259034625,23
1259052145,73
1259056815,25
1259059236,17
1259061131,18
1259065572,17
1259077622,13
1259083708,31
1259085213,51
1259085778,14
1259090179,48
1259107621,45
1259108546,34
1259108597,173
1259117115,16
1259120931,18
1259131593,36
1259145252,18
1259147822,15
1259149438,16
1259165014,18
1259171983,11
1259178633,11
1259181812,17
1259191407,16
1259194804,1079
1259201063,98
1259217090,32
1259217247,20
1259222060,11
1259223676,130
1259231858,31
1259245856,28
1259251906,24
1259254831,54
1259260853,41
1259275090,19
1259280063,22
1259286533,29
1259295666,18
1259300797,17
1259304417,34
1259308521,91
1259311205,87
1259327087,32
1259331899,57
1259335163,15
1259336125,25
1259343264,39
1259358860,12
1259362413,29
1259362713,19
1259369663,14
1259369963,25
1259384869,12
1259395084,113
1259398032,64
1259405859,71
1259415915,30
1259423904,30
1259425261,58
1259431541,87
1259457554,36
1259462203,31
1259474972,14
1259483683,221
1259485799,56
1259491562,11
1259494501,18
1259497581,12
1259507820,15
1259512035,17
1259522769,80
1259523153,19
1259526897,32
1259531690,15
1259533679,12
1259534208,21
1259537705,11
1259544911,17
1259550938,118
1259564149,14
1259565283,162
1259588531,57
1259603732,48
1259606129,69
1259608817,12
1259609252,12
1259624583,34
1259626350,52
1259628464,36
1259630883,65
1259655229,11
1259658765,18
1259659403,14
1259669851,12
1259670522,19
1259675906,307
1259703320,117
1259713623,71
1259719572,19
1259721870,16
1259728164,26
1259735963,14
1259737072,17
1259742577,389
1259782962,45
1259786302,19
1259790088,26
1259790639,32
1259803392,19
1259836955,12
1259840866,14
1259850204,44
1259853056,14
1259872947,105
1259875534,2529
1259885475,437
1259891275,15
1259891941,16
1259893746,18
1259894246,12
1259894852,24
1259899975,14
1259900796,110
1259901407,13
1259915957,27
1259920741,72
1259923337,21
1259934942,19
1259939911,939
1259940171,22
1259951839,96
1259952460,132
1259964745,16
1259970025,30
1259981261,23
1259988665,77
1259989062,29
1260000827,54
1260005897,26
1260025410,88
1260026035,202
1260029173,26
1260032978,15
1260035249,157
1260043445,113
1260049044,17
1260061766,19
1260073387,13
1260076099,11
1260076680,15
1260106056,57
1260110388,92
1260112833,130
1260113241,273
1260114957,11
1260115758,15
1260125959,515
1260131768,11
1260133945,30
1260136347,53
1260141196,78
1260143008,137
1260143846,92
1260146854,11
1260151185,12
1260155434,509
1260167177,20
1260169618,12
1260170265,100
1260175020,15
1260175350,49
1260177823,130
1260183528,51
1260186676,97
1260187048,12
1260192602,25
1260198724,203
1260209364,34
1260225576,19
1260229560,99
1260233912,18
1260234472,19
1260239529,78
1260240113,129
1260242528,34
1260281911,62
1260281947,54
1260284940,38
1260286969,21
1260287864,26
1260288940,7669
1260298891,17
1260300565,15
1260302733,31
1260304654,14
1260306926,31
1260307676,67
1260309411,63
1260314510,26
1260325992,43
1260339805,14
1260339974,245
1260349072,12
1260349075,17
1260352704,27
1260356003,21
1260364763,11
1260372600,12
1260382821,14
1260384009,11
1260388212,22
1260391373,19
1260394860,12
1260404909,16
1260411304,161
1260413335,11
1260429066,16
1260436039,145
1260450908,22
1260453112,34
1260465380,18
1260467366,282
1260467916,11
1260468060,174
1260470095,11
1260473040,26
1260475954,172
1260487799,47
1260489286,117
1260489444,327
1260493005,13
1260508753,19
1260548655,21
1260550899,84
1260565605,21
1260566313,30
1260566992,155
1260570042,14
1260570912,42
1260580223,553
1260580731,188
1260581968,38
1260583277,26
1260584015,82
1260592293,18
1260619539,14
1260625224,569
1260633111,14
1260635669,126
1260650150,49
1260651471,28
1260672618,33
1260673375,11
1260680138,37
1260684528,83
1260690154,14
1260694049,18
1260694570,15
1260698041,49
1260705693,11
1260719601,12
1260738363,15
1260747208,27
1260767408,14
1260782172,134
1260783987,91
1260784883,27
1260790246,21
1260802641,26
1260808534,12
1260820152,14
1260826634,12
1260829862,14
1260833141,17
1260842109,24
1260858945,17
1260865601,15
1260868321,45
1260881431,23
1260888121,22
1260889371,47
1260898583,28
1260900484,495
1260900514,118
1260902344,11
1260912258,12
1260912552,58
1260914994,71
1260923039,13
1260930181,111
1260932922,20
1260940877,246
1260946467,15
1260962896,427
1260970028,11
1260971370,17
1260981282,11
1260988400,24
1260989566,39
1260990730,47
1260991622,17
1260993476,21
1260994505,16
1260997792,67
1261004744,67
1261005717,44
1261050605,12
1261050660,16
1261053236,24
1261053712,91
1261057454,30
1261060989,260
1261065819,11
1261075496,12
1261077889,31
1261080024,314
1261091524,17
1261092598,61
1261094281,23
1261102385,33
1261108675,27
1261109384,16
1261114908,226
1261127156,105
1261130089,133
1261131444,18
1261131489,13
1261137992,15
1261139783,25
1261140727,12
1261142701,193
1261142966,12
1261149834,25
1261151781,13
1261155086,32
1261156607,66
1261156675,45
1261170027,1614
1261174510,38
1261181445,148
1261184716,26
1261189730,24
1261192484,17
1261197598,34
1261202186,20
1261204838,76
1261206045,88
1261208315,47
1261209334,22
1261212474,13
1261212938,33
1261214597,13
1261215810,16
1261220798,30
1261223819,33
1261240895,15
1261244719,29
1261250729,17
1261261480,55
1261264826,20
1261277035,31
1261279210,107
1261283764,11
1261291781,40
1261299715,13
1261303294,34
1261314451,14
1261322128,15
1261322254,23
1261325025,117
1261328849,39
1261335744,145
1261340483,286
1261350061,11
1261352043,22
1261359560,15
1261361358,14
1261365430,56
1261418565,26
1261422007,1161
1261444857,61
1261460894,19
1261465639,13
1261473759,27
1261473844,11
1261477736,13
1261482517,48
1261484186,34
1261489081,14
1261494515,32
1261496045,19
1261510276,12
1261519189,47
1261529607,77
1261555327,361
1261560612,22
1261571908,1397
1261575325,91
1261605201,114
1261606904,20
1261607128,13
1261613239,138
1261618066,13
1261618291,48
1261637596,43
1261650101,3391
1261653673,13
1261655419,33
1261655913,14
1261663145,247
1261666359,13
1261668478,18
1261676533,18
1261677886,102
1261690469,142
1261692450,13
1261696687,27
1261696801,13
1261698932,49
1261699679,12
1261700124,28
1261705376,21
1261706872,11
1261709082,19
1261711686,41
1261717201,243
1261718567,11
1261720977,210
1261721161,16
1261725242,517
1261729018,48
1261729176,23
1261742826,14
1261746086,16
1261757282,11
1261760482,32
1261761574,29
1261773273,40
1261784190,36
1261784901,14
1261794704,334
1261798970,33
1261810128,37
1261811848,23
1261814068,106
1261819007,16
1261822543,17
1261825338,16
1261836074,53
1261842465,18
1261846836,15
1261851971,19
1261859183,194
1261861097,304
1261864097,47
1261865368,13
1261867321,24
1261880172,127
1261880471,109
1261882969,11
1261887193,24
1261891241,17
1261893837,30
1261899136,54
1261904654,28
1261912889,18
1261923892,24
1261925930,20
1261930573,12
1261934811,20
1261952114,14
1261953460,14
1261958143,147
1261964579,12
1261966474,239
1261968483,28
1261974266,15
1261976132,51
1262010385,13
1262011244,17
1262011420,54
1262011534,27
1262018067,38
1262031046,41
1262031874,19
1262033876,13
1262034051,380
1262038960,26
1262042046,248
1262078510,40
1262089852,17
1262093995,61
1262094216,16
1262097785,122
1262099015,22
1262104463,60
1262106658,13
1262108086,3
1262110699,904
1262113622,16
1262139429,15
1262142501,1749
1262183719,338
1262195134,14
1262210750,45
1262210755,42
1262212892,353
1262217859,30
1262231970,25
1262250380,76
1262252186,11
1262253113,13
1262255990,49
1262256174,73
1262258494,14
1262260844,12
1262261093,1201
1262266624,20
1262267135,42
1262270573,12
1262274066,10
1262281052,24
1262299207,13
1262299325,90
1262300001,14
1262310226,33
1262318402,16
1262328297,57
1262331855,11
1262337797,38
1262338410,71
1262354720,11
1262377838,97
1262391566,13
1262392277,14
1262396222,83
1262403617,40
1262413069,11
1262423362,353
1262434101,414
1262438199,119
1262438610,17
1262454502,29
1262477291,26
1262478282,21
1262482595,67
1262485265,50
1262486604,13
1262490703,82
1262495435,524
1262500406,43
1262511183,11
1262517316,196
1262527142,18
1262530176,19
1262530182,1482
1262536690,160
1262548615,14
1262553817,35
1262554977,19
1262557450,22
1262558565,14
1262560274,14
1262583106,14
1262587286,20
1262594832,15
1262595831,175
1262600318,11
1262600346,27
1262600576,95
1262603912,488
1262605827,28
1262614973,16
1262617470,16
1262628565,19
1262635330,158
1262635440,12
1262641073,38
1262642235,25
1262652828,12
1262654935,11
1262656442,38
1262657910,19
1262668020,34
1262679022,27
1262682069,1259
1262710034,67
1262714152,209
1262717434,11
1262738818,23
1262739704,29
1262740944,611
1262741170,31
1262748595,17
1262754474,21
1262756007,85
1262758480,34
1262762432,85
1262769725,628
1262775896,19
1262809285,16
1262812820,12
1262816915,29
1262824066,12
1262824399,80
1262834835,15
1262839931,20
1262842296,128
1262860046,24
1262870924,30
1262879903,44
1262882328,374
1262885509,13
1262887634,11
1262889313,11
1262898434,11
1262913668,57
1262915424,13
1262934014,35
1262940334,112
1262948105,360
1262952180,730
1262971603,12
1262979985,23
1262984601,12
1262989602,21
1262995777,11
1262995939,11
1262996076,12
1262996245,14
1263001383,11
1263011041,20
1263022587,44
1263026652,11
1263027923,11
1263041093,105
1263045874,17
1263051452,45
1263054292,76
1263055981,17
1263062246,13
1263066411,32
1263067524,12
1263074604,171
1263076167,186
1263079727,529
1263083568,33
1263086677,32
1263098427,129
1263108759,105
1263114987,12
1263120928,48
1263123553,29
1263145127,29
1263145338,45
1263158313,827
1263161226,35
1263168455,57
1263169627,11
1263190780,138
1263192944,26
1263193615,15
1263201769,19
1263206805,16
1263210473,24
1263215731,26
1263217954,94
1263220935,34
1263288598,17
1263306054,15
1263317286,270
1263337356,26
1263337741,291
1263341555,11
1263344910,70
1263346715,11
1263376372,31
1263378972,55
1263389919,14
1263394947,15
1263436794,97
1263460757,18
1263461743,204
1263468392,12
1263469068,13
1263472198,20
1263477177,15
1263494511,15
1263494700,1415
1263497845,367
1263498017,275
1263500923,41
1263503017,11
1263513016,72
1263518262,14
1263519874,22
1263529459,16
1263529852,37
1263530988,35
1263539330,34
1263543625,661
1263543726,773
1263544262,22
1263548429,17
1263549136,473
1263549539,31
1263578760,17
1263579149,12
1263586501,50
1263614411,11
1263642416,381
1263646405,13
1263652392,133
1263662092,116
1263669308,30
1263676410,18
1263679455,18
1263681437,499
1263681504,694
1263682572,15
1263686288,23
1263686305,36
1263688817,19
1263689280,12
1263694034,121
1263696450,16
1263697745,26
1263706509,12
1263727392,25
1263731684,123
1263731718,31
1263732150,25
1263734978,38
1263739043,271
1263740445,11
1263745780,22
1263748076,40
1263748925,451
1263753253,13
1263772632,110
1263773312,84
1263778230,56
1263778677,15
1263790057,15
1263797030,20
1263797851,114
1263800852,97
1263813947,130
1263815266,21
1263817105,24
1263820590,204
1263826844,27
1263836633,15
1263837722,33
1263839399,42
1263841182,23
1263845975,148
1263853624,23
1263858338,20
1263864208,60
1263881930,19
1263883524,14
1263886339,48
1263886755,410
1263898766,48
1263900228,13
1263936864,82
1263951106,132
1263954351,13
1263958197,84
1263958714,30
1263959494,12
1263961048,37
1263966659,21
1263993269,114
1264002437,22
1264006420,12
1264015326,65
1264021866,19
1264023481,191
1264023857,26
1264026813,11
1264037739,14
1264038598,378
1264044496,67
1264045527,24
1264046956,18
1264058297,141
1264059987,13
1264065724,72
1264067820,21
1264068873,86
1264069918,27
1264088844,377
1264094531,27
1264095869,12
1264097318,29
1264105561,18
1264117145,16
1264118847,20
1264121778,21
1264122570,24
1264123054,179
1264142220,28
1264148819,11
1264150994,86
1264155972,119
1264161723,94
1264162018,27
1264170342,50
1264175252,295
1264177851,12
1264187422,19
1264193645,14
1264203334,20
1264208997,20
1264221238,16
1264223799,200
1264227384,46
1264239018,54
1264245933,14
1264252157,16
1264252189,16
1264253788,17
1264263123,18
1264268237,82
1264268579,46
1264269844,202
1264280082,20
1264283513,21
1264286435,102
1264288688,11
1264297712,145
1264301794,12
1264302819,56
1264305693,49
1264323505,17
1264338985,18
1264362107,31
1264364812,12
1264366272,15
1264370356,12
1264379603,47
1264396304,928
1264401689,155
1264403672,11
1264405172,12
1264405655,57
1264411005,82
1264412951,75
1264422246,16
1264424593,11
1264424867,11
1264430711,49
1264434310,72
1264438111,19
1264438885,16
1264452592,15
1264458399,24
1264465126,39
1264471869,13
1264478656,1637
1264490258,11
1264515363,17
1264518139,19
1264529761,29
1264531337,982
1264540632,11
1264550876,12
1264556564,29
1264560911,755
1264560983,41
1264576033,17
1264586206,21
1264596339,19
1264604347,88
1264606715,14
1264607329,14
1264612845,24
1264613111,16
1264614857,16
1264615549,24
1264618288,40
1264624316,25
1264640680,12
1264644535,11
1264645343,54
1264647440,24
1264648433,97
1264648449,70
1264660523,28
1264663828,131
1264663877,12
1264669104,13
1264680063,50
1264683354,256
1264690543,35
1264692184,386
1264718849,21
1264733604,13
1264735145,13
1264745201,60
1264753245,22
1264759254,17
1264771182,14
1264779904,18
1264782053,12
1264784142,20
1264785723,14
1264805127,15
1264807581,12
1264811161,5044
1264811391,89
1264825687,24
1264829799,15
1264831383,33
1264849705,30
1264854400,15
1264856509,21
1264860429,48
1264860668,11
1264866499,15
1264875310,54
1264888983,13
1264894695,14
1264895666,14
1264902224,35
1264913325,11
1264916063,167
1264920090,177
1264920217,58
1264921191,11
1264921302,38
1264921402,32
1264922986,48
1264929973,63
1264936952,401
1264938021,41
1264938089,38
1264943577,11
1264959229,40
1264963292,14
1264981155,19
1264985458,30
1264996101,13
1264999260,11
1265011796,14
1265013383,167
1265017606,60
1265020374,19
1265021119,457
1265024742,27
1265025028,12712
1265025158,77
1265026514,20
1265036022,12
1265046112,45
1265056200,39
1265061961,17
1265072174,37
1265085160,12
1265089119,15
1265091045,13
1265095054,26
1265095394,36
1265107923,1759
1265111888,43
1265113238,16
1265119157,62
1265120239,59
1265124479,87
1265140422,11
1265149208,12
1265149787,12
1265154925,11
1265157889,14
1265160955,27
1265161025,13
1265161922,140
1265165485,15
1265168957,14
1265169717,138
1265170158,23
1265183354,11
1265189318,17
1265191090,17
1265199841,15
1265200861,96
1265202284,25
1265216452,16
1265222064,20
1265228611,19
1265228655,44
1265234733,950
1265234847,11
1265247790,11
1265255507,25
1265258509,360
1265259508,17
1265260024,77
1265260318,32
1265264803,15
1265265111,3961
1265269341,14
1265274127,183
1265280126,13
1265280546,13
1265299631,16
1265300288,21
1265306963,14
1265336929,11
1265340208,24
1265347911,120
1265355600,23
1265358918,17
1265359732,39
1265366583,32
1265366905,26
1265372116,15
1265380989,161
1265390757,29
1265394997,14
1265406948,26
1265408665,74
1265410918,14
1265413617,131
1265441951,17
1265442909,12
1265454162,15
1265458126,112
1265476791,77
1265478249,41
1265494008,21
1265513304,172
1265549794,32
1265552536,13
1265555134,42
1265567769,17
1265583422,19
1265594654,14
1265600028,20
1265603499,40
1265610112,18
1265617033,443
1265617292,392
1265620021,225
1265623659,14
1265629109,69
1265629271,13
1265640685,23
1265641153,97
1265646959,12
1265649420,34
1265650482,41
1265654867,350
1265655524,11
1265659832,53
1265683445,44
1265695368,19
1265695680,18
1265703051,28
1265726242,16
1265726822,12
1265733673,14
1265735397,11
1265742513,200
1265744392,44
1265752395,40
1265752712,33
1265768013,42
1265768300,25
1265768701,24
1265774025,493
1265789540,11
1265794277,31
1265794381,20
1265796764,14
1265803168,23
1265821429,35
1265826291,15
1265832843,121
1265834793,10
1265843504,15
1265846354,14
1265847669,15
1265853198,495
1265864287,12
1265865407,57
1265879849,44
1265890989,55
1265902239,17
1265908792,14
1265908861,211
1265911625,34
1265912071,13
1265932691,37
1265939134,81
1265941363,45
1265942011,116
1265942254,16
1265946810,12
1265947881,287
1265948491,203
1265949807,11
1265958257,28
1265958906,30
1265971949,35
1265972336,14
1265976488,102
1265987986,113
1265994178,23
1266004872,182
1266008323,15
1266009367,917
1266013406,80
1266014461,54
1266014997,14
1266020160,112
1266020574,64
1266030785,96
1266036898,15
1266037990,405
1266067414,84
1266068908,5
1266075015,35
1266076577,17
1266079353,22
1266080079,24
1266094931,30
1266097798,52
1266105075,15
1266107778,27
1266108902,11
1266113070,1710
1266123542,34
1266125334,2827
1266138495,211
1266146028,182
1266151452,87
1266152452,157
1266155997,202
1266166969,24
1266168156,13
1266173329,20
1266177587,105
1266182461,42
1266183832,23
1266193115,55
1266197764,70
1266201499,19
1266217708,19
1266218243,104
1266219046,39
1266246431,15
1266247085,202
1266255540,22
1266263075,88
1266264841,13
1266267072,151
1266275329,16
1266283205,59
1266290680,87
1266293233,57
1266296455,50
1266304094,50
1266305677,50
1266307899,11
1266313328,441
1266318994,15
1266321081,58
1266333761,27
1266345305,41
1266362977,15
1266419325,17
1266421724,13
1266423377,15
1266424270,26
1266430207,25
1266437081,18
1266438067,32
1266450666,87
1266454367,124
1266457355,13
1266457957,21
1266458733,80
1266461783,51
1266463689,2283
1266468011,12
1266480247,33
1266497775,94
1266506220,11
1266523269,30
1266530655,14
1266539703,42
1266545941,15
1266546849,24
1266560001,452
1266585104,31
1266590423,35
1266592247,119
1266593507,25
1266608079,37
1266611505,254
1266625409,240
1266634415,37
1266640182,63
1266654184,12
1266665369,53
1266668632,21
1266670693,16
1266681147,93
1266683229,25
1266693943,12
1266705384,47
1266714706,11
1266719940,30
1266729582,11
1266743317,35
1266746400,17
1266751399,13
1266760430,122
1266761189,21
1266762935,20
1266764373,12
1266766270,12
1266767316,13
1266767703,11
1266767878,11
1266770863,12
1266770885,11
1266772239,11
1266772424,11
1266775326,11
1266775877,58
1266776491,30
1266777802,11
1266778001,57
1266782242,14
1266790372,212
1266796019,35
1266797999,101101
1266799249,27
1266802954,184
1266805842,59
1266808913,637
1266820242,11
1266831814,25
1266832724,12
1266839845,13
1266843215,152
1266844941,12
1266849821,24
1266850827,98
1266851101,11
1266853656,16
1266858242,206
1266858928,15
1266864281,16
1266878159,18
1266880481,21
1266882364,12
1266884317,3278
1266886046,20
1266896323,16
1266898778,30
1266904606,15
1266907450,31
1266909505,358
1266923310,1927
1266929218,14
1266933346,20
1266936773,31
1266944077,45
1266944346,11
1266947843,105
1266951007,42
1266955308,12
1266966338,18
1266973328,45
1266974941,22
1266977227,354
1266992634,22
1266996737,27
1267009695,14
1267009899,15
1267012844,14
1267014036,12
1267017585,43
1267017690,29
1267028123,278
1267029128,21
1267030790,24
1267040436,16
1267046936,244
1267052097,33
1267058532,38
1267072080,44
1267072834,19
1267077321,68
1267078448,531
1267078922,29
1267080179,17
1267083417,106
1267084166,94
1267090854,39
1267099925,45
1267106080,219
1267118279,12
1267128082,25
1267132878,15
1267144335,16
1267145484,924
1267148249,91
1267148586,74
1267150356,15
1267150781,18
1267154008,14
1267166322,14
1267173419,24
1267178198,41
1267180193,14
1267182294,76
1267187136,44
1267188301,12
1267193003,12
1267202750,197
1267206817,17
1267213347,23
1267216518,79
1267220319,12
1267223777,38
1267239286,500
1267244789,14
1267248648,229
1267254468,59
1267270491,12
1267276935,13
1267282504,12
1267298105,35
1267298120,11
1267309954,77
1267314128,3251
1267319628,17
1267338478,16
1267344807,36
1267357812,11
1267360768,31
1267361485,41
1267365780,31
1267373650,26
1267377090,14
1267377766,31
1267418242,32
1267423357,389
1267424116,15
1267428350,12
1267429913,13
1267435922,13
1267439901,225
1267442156,11
1267442907,3005
1267449244,11
1267455254,626
1267462292,67
1267462567,13
1267463135,14
1267478123,20
1267478667,23
1267489981,27
1267507562,19
1267509865,13
1267512077,14
1267515210,28
1267521793,312
1267532788,11
1267533614,23
1267545742,27
1267555704,133
1267560967,16
1267562469,15
1267562753,74
1267567867,19
1267578193,14
1267588585,95
1267600247,45
1267606837,111
1267616623,33
1267625134,192
1267637633,11
1267640232,11
1267646326,42
1267646599,12
1267661626,27
1267662028,27
1267668301,11
1267704664,53
1267714460,26
1267719513,14
1267720524,21
1267720559,29
1267720676,21
1267727027,40
1267734925,64
1267746149,33
1267750281,41
1267781357,13
1267787802,12
1267790126,15
1267797347,997
1267812693,60
1267827423,11
1267834136,45
1267857912,21
1267889604,24
1267895449,36
1267899050,555
1267906132,62
1267909940,28
1267926509,16
1267927082,26
1267930758,24
1267931387,542
1267931785,14
1267944654,29
1267950292,20
1267950499,116
1267961072,158
1267962106,33
1267972630,125
1267976178,30
1267976639,38
1267982346,789
1268020132,13
1268021255,32
1268021824,17
1268025800,150
1268031240,16
1268045022,16
1268051861,83
1268065859,17
1268068714,822
1268072868,98
1268075935,24
1268090860,178
1268095849,14
1268096201,383
1268097411,15
1268100973,21
1268111504,15
1268119910,27
1268128556,16
1268145375,14
1268146725,15
1268147774,11
1268155691,18
1268160811,24
1268173217,19
1268173783,11
1268176994,36
1268180661,14
1268200064,77
1268215445,12
1268217254,292
1268218773,21
1268223330,21
1268228289,89
1268229382,22
1268235796,122
1268244339,35
1268252819,32
1268254997,25
1268256719,21
1268259442,33
1268260801,16
1268261820,26
1268267248,49
1268273877,323
1268284228,68
1268285891,33
1268298108,14
1268302580,31
1268304499,23
1268305959,45
1268306885,15
1268307016,45
1268316117,66
1268326291,14
1268327597,20
1268338780,144
1268346928,31
1268356440,15
1268362826,17
1268364062,36
1268369209,36
1268376366,41
1268378017,68
1268378300,10
1268380621,9
1268384113,28
1268387367,14
1268391007,10
1268392304,13
1268404512,45
1268405286,15
1268406038,11
1268421611,37
1268424426,147
1268425637,24
1268428452,15
1268429667,789
1268432027,15
1268444761,130
1268457437,15
1268462870,16
1268473439,99
1268474534,32
1268484853,130
1268486256,17
1268494008,59
1268505810,38
1268515356,12
1268523178,59
1268529281,22
1268530428,16
1268537589,63
1268539305,576
1268540986,16
1268544206,44
1268549091,41
1268581486,20
1268587146,40
1268591043,47
1268596025,28
1268617925,73
1268620423,28
1268630774,17
1268656356,82
1268661539,11
1268664934,29
1268667810,54
1268672542,16
1268677373,41
1268678092,20
1268708084,314
1268720033,12
1268727777,15
1268729667,18
1268740212,8
1268741294,51
1268765496,26
1268770925,14
1268774372,465
1268794291,12
1268794733,316
1268804183,75
1268807064,31
1268807806,170
1268808203,121
1268810268,53
1268824522,14
1268827480,23
1268830527,150
1268836911,11
1268845710,21
1268846699,19
1268858784,19
1268862613,28
1268869032,31
1268892689,30
1268895491,1262
1268896186,13
1268903356,513
1268906765,68
1268907748,11
1268928622,25
1268930297,91
1268932733,11
1268939819,31
1268941272,25
1268946099,13
1268946118,893
1268958229,59
1268963701,23
1268966319,20
1268972487,21
1268972829,11
1268973671,12
1268977356,16
1268985285,17
1268988104,17
1268993278,21
1269005241,159
1269006706,18
1269010756,64
1269020094,44
1269022523,18
1269023104,13
1269029221,48
1269032936,18
1269049395,17
1269050856,417
1269059109,24
1269099967,111
1269100267,70
1269104023,13
1269107814,48
1269122407,194
1269122597,13
1269124956,891
1269132133,65
1269137789,25
1269151536,14
1269151566,253
1269153676,12
1269165011,36
1269179412,11
1269183188,11
1269208043,126
1269209167,13
1269210627,13
1269223576,12
1269228279,22
1269229845,435
1269238642,35
1269257700,1174
1269258933,21
1269261013,82
1269263114,17
1269266325,147
1269273642,48
1269277076,29
1269296186,11
1269300580,41
1269301416,49
1269305481,29
1269308901,20
1269308923,37
1269316020,34
1269317272,14
1269320827,89
1269322853,12
1269335663,31
1269337275,57
1269359249,29
1269391765,15
1269395331,3660
1269402869,251
1269413789,11
1269427595,13
1269430114,11
1269436738,20
1269448154,12
1269454372,73
1269464080,21
1269478615,97
1269481044,11
1269491088,61
1269497012,16
1269513219,16
1269513884,22
1269518652,29
1269521952,96
1269534849,42
1269535242,16
1269535454,19
1269538790,11
1269544321,13
1269563679,43
1269576216,11
1269579327,18
1269585871,13
1269596073,21
1269605251,21
1269607964,14
1269608035,13
1269622457,40
1269636659,12
1269641096,11
1269651669,18
1269661723,85
1269665456,12
1269672979,7
1269676154,12
1269682523,15
1269685084,50
1269685946,28
1269692569,14
1269699648,28
1269704533,38
1269704985,18
1269705487,45
1269705763,11
1269711675,16
1269712221,65
1269717058,35
1269726690,20
1269731710,186
1269742942,19
1269761117,4
1269761412,36
1269764931,13
1269764950,11
1269772976,93
1269773027,17
1269773493,465
1269794052,47
1269795544,31
1269796292,12
1269796643,95
1269797017,24
1269807645,185
1269812178,76
1269830694,85
1269840257,115
1269850088,82
1269851180,107
1269858379,54
1269860633,20
1269879098,12
1269890027,89
1269891133,50
1269893474,56
1269893717,94
1269895056,26
1269898828,37
1269899136,87
1269900226,49
1269903646,51
1269904726,55
1269904936,51
1269907862,87
1269908181,70
1269908217,88
1269909458,22
1269910083,14
1269921100,88
1269930651,348
1269942268,25
1269954733,33
1269957268,22
1269957437,12
1269963508,27
1269969239,15
1269974484,56
1269979871,94
1269985986,63
1269998378,79
1270000366,60
1270004247,21
1270012613,39
1270012861,86
1270015837,83
1270026896,15
1270027424,36
1270028045,33
1270030551,38
1270031391,163
1270040330,14
1270043710,85
1270059391,13
1270062694,50
1270066109,41
1270083345,14
1270088902,149
1270094853,106
1270096568,18
1270102475,24
1270102733,11
1270103958,17
1270108133,124
1270111515,24
1270112941,36
1270113847,105
1270117218,20
1270118026,83
1270118408,14
1270123573,12
1270124813,53
1270128259,187
1270140510,31
1270142210,88
1270146800,45
1270152181,69
1270153043,60
1270154954,26
1270167990,16
1270169087,70
1270172711,45
1270180210,25
1270184812,18
1270186926,36
1270187094,239
1270197597,20
1270203332,22
1270211498,31
1270212749,80
1270236264,26
1270236733,155
1270237967,19
1270244429,375
1270247558,15
1270257672,16
1270263798,40
1270272670,1271
1270272683,78
1270278702,13
1270281105,21
1270305651,25
1270311793,12
1270317534,15
1270319627,26
1270319876,21
1270324476,26
1270330893,38
1270337939,18
1270347090,34
1270347637,45
1270349001,15
1270350192,63
1270359331,18
1270376159,18
1270386613,29
1270404590,17
1270418354,27
1270436690,25
1270450973,11
1270452141,61
1270460555,21
1270463426,15
1270467991,15
1270468007,27
1270479467,12
1270484383,98
1270496550,172
1270519493,131
1270530485,17
1270535333,18
1270544596,21
1270552867,40
1270559321,335
1270564245,12
1270564595,33
1270566770,147
1270568813,57
1270572078,17
1270575067,31
1270576590,516
1270577393,14
1270581909,15
1270586785,17
1270587915,441
1270593506,19
1270606117,15
1270639637,11
1270648268,14
1270650562,19
1270650592,17
1270654341,14
1270658081,25
1270661532,316
1270662452,22
1270664730,23
1270665247,12
1270670825,54
1270685284,11
1270706314,341
1270716345,15
1270727384,11
1270735113,47
1270743726,25
1270745915,12
1270754807,13
1270774188,15
1270775324,35
1270776668,12
1270782426,23
1270784327,23
1270787191,256
1270792738,11
1270794083,26
1270799590,23
1270812122,120
1270814918,151
1270817407,65
1270821261,55
1270823576,42
1270841510,13
1270842103,55
1270885892,20
1270895993,15
1270897577,22
1270897615,13
1270902730,22
1270932665,39
1270935022,19
1270939570,53
1270941393,173
1270942565,22
1270943597,32
1270949711,25
1270953767,13
1270958539,38
1270973004,25
1270978050,19
1270983350,439
1270984756,198
1270985920,23
1270993620,46
1270995833,42
1271007640,15
1271008243,81
1271009327,19
1271014683,12
1271016135,124
1271020715,15
1271020926,29
1271029803,55
1271029976,73
1271035445,11
1271036184,24
1271041937,13
1271058140,18
1271060545,12
1271063452,153
1271074936,194
1271076630,40
1271088386,25
1271092274,12
1271093776,18
1271096888,15
1271107543,14
1271113810,4558
1271125689,53
1271126468,28
1271151089,185
1271153363,13
1271159623,111
1271174023,37
1271177245,19
1271179812,88
1271186753,148
1271193598,26
1271197200,51
1271199377,39
1271203484,89
1271209041,15
1271231125,11
1271237172,12
1271245542,14
1271259982,22
1271267166,191
1271268769,13
1271270944,69
1271273008,138
1271274665,27
1271282024,12
1271286007,13
1271294554,14
1271297528,43
1271304238,86
1271314492,17
1271314891,262
1271318343,110
1271323125,938
1271332588,13
1271335719,90
1271341656,22
1271351851,23
1271355875,19
1271364651,73
1271368582,167
1271372403,202
1271376695,82
1271378942,19
1271379258,109
1271380517,12
1271382286,18
1271385222,32
1271394035,41
1271398876,60
1271399089,20
1271400466,79
1271420288,34
1271420977,16
1271422457,12
1271424358,22
1271430067,11
1271435898,2
1271437886,49
1271448649,58
1271450465,14
1271455778,18
1271457758,82
1271459708,20
1271470955,18
1271476200,16
1271484634,22
1271492923,11
1271520816,13
1271535978,56
1271540239,15
1271547037,12
1271548133,48
1271570982,11
1271581989,39
1271626710,21
1271627791,1565
1271630464,28
1271639578,54
1271646025,73
1271659862,30
1271669507,28
1271670316,39
1271687319,55
1271709279,14
1271711372,36
1271717980,38
1271725588,20
1271730027,32
1271730307,12
1271744960,107
1271751851,175
1271763503,126
1271765742,22
1271770751,33
1271778933,41
1271779636,21
1271785712,71
1271798363,50
1271812884,18
1271829077,25
1271830762,12
1271832502,15
1271834471,20
1271836518,134
1271837463,12
1271851102,15
1271861642,102
1271880068,12
1271892689,407
1271894214,584
1271897760,42
1271898598,18
1271899250,50
1271908885,13
1271910930,116
1271912252,46
1271923086,38
1271940155,33
1271944074,21
1271948043,43
1271951093,84
1271951742,14
1271954866,41
1271963632,38
1271963966,48
1271988435,12
1271993416,366
1271995946,83
1272004366,76
1272008570,18
1272009330,52
1272012407,12
1272031254,222
1272032218,15
1272035915,20
1272036423,21
1272043772,25
1272060580,12
1272062596,38
1272066715,28
1272067033,48
1272068425,68
1272069487,11
1272072826,34
1272076570,87
1272090879,29
1272098945,17
1272105565,20
1272107021,37
1272111651,148
1272114571,143
1272116617,86
1272136562,23
1272139132,26
1272147124,19
1272151400,158
1272154998,407
1272162595,514
1272167701,36
1272168991,13
1272178757,16
1272190228,142
1272194482,21
1272199139,19
1272209005,12
1272211920,12
1272212084,51
1272216190,20
1272222798,46
1272230296,38
1272237085,18
1272239121,29
1272243674,110
1272251780,24
1272256998,63
1272272492,21
1272273607,34
1272278054,17
1272292267,24
1272294107,88
1272300172,19
1272306281,125
1272308668,14
1272310004,11
1272329397,12
1272329661,52
1272335256,13
1272352853,16
1272353680,38
1272361049,27
1272363594,12
1272372441,26
1272374498,114
1272375576,83
1272390008,20
1272392110,11
1272394355,17
1272394364,11
1272394474,32
1272395609,20
1272402042,130
1272408187,135
1272408209,11
1272412393,47
1272415285,19
1272418588,55
1272428065,11
1272429683,11
1272430339,26
1272432833,12
1272443375,94
1272451079,13
1272463265,22
1272480305,18
1272481334,41
1272484811,28
1272487463,626
1272488455,76
1272498799,72
1272507264,35
1272508647,54
1272521786,36
1272529524,25
1272536927,16
1272554778,39
1272564262,14
1272565581,76
1272573107,127
1272574333,78
1272585317,60
1272596900,14
1272618533,16
1272637435,34
1272647768,17
1272673683,37
1272677221,80
1272677604,14
1272678676,21
1272687783,14
1272691690,98
1272699504,46
1272701607,22
1272706111,49
1272708842,15
1272710409,105
1272710943,12
1272753759,22
1272758718,13
1272763042,71
1272767487,31
1272776005,17
1272782661,13
1272788310,17
1272788559,99
1272806533,87
1272833484,13
1272839788,62
1272840358,98
1272861960,29
1272869340,15
1272875395,47
1272887430,182
1272893415,293
1272898943,410
1272927396,16
1272941538,23
1272950786,33
1272968536,101
1272987676,19
1272996531,19
1273016975,62
1273018804,24
1273032277,23
1273038969,27
1273038999,436
1273054934,683
1273058241,127
1273059507,152
1273065968,36
1273073914,27
1273080329,39
1273087967,21
1273092463,14
1273093466,30
1273116225,100
1273117744,14
1273121905,12
1273136102,13
1273153152,24
1273158972,136
1273168529,26
1273198218,19
1273207855,19
1273226668,131
1273234375,125
1273235470,17
1273236370,176
1273241958,17
1273244170,37
1273261870,14
1273262639,19
1273264754,10
1273267557,25
1273290231,16
1273325705,14
1273354626,20
1273360197,23
1273366252,17
1273379460,878
1273390282,32
1273390455,32
1273404749,17
1273408927,52
1273412710,11
1273427276,2848
1273445261,14
1273449064,54
1273461545,19
1273468795,15
1273480337,41
1273513023,26
1273517404,13
1273536495,28
1273558528,479
1273560464,36
1273565575,195
1273580359,872
1273580682,15
1273596763,18
1273622478,67
1273630366,11
1273641903,15
1273643869,47
1273663589,10
1273664895,104
1273665431,24
1273666576,32
1273674103,25
1273677991,40
1273690766,19
1273702114,35
1273705510,55
1273707469,701
1273721854,15
1273725939,12
1273742979,53
1273747165,32
1273750352,12
1273768116,193
1273768194,97
1273809867,13
1273811777,12
1273814630,14
1273819492,20
1273822664,34
1273822835,18
1273823886,38
1273824143,318
1273824907,9451
1273830468,28
1273830568,17
1273835322,44
1273859296,122
1273866610,15
1273870399,96
1273887301,242
1273894022,77
1273902369,24
1273907635,11
1273910052,121
1273914365,47
1273921075,113
1273945470,33
1273946285,12
1273947285,18
1273951058,46
1273969283,14
1273983782,12
1273991348,13
1274021598,10
1274027793,17
1274028827,24
1274034089,43
1274046250,12
1274050660,66
1274065715,32
1274067670,384
1274068447,11
1274069548,47
1274072121,11
1274073109,22
1274085987,30
1274091897,32
1274096236,46
1274106865,44
1274107935,167
1274109794,57
1274110623,20
1274115689,32
1274116177,29
1274128923,37
1274130362,13
1274162448,558
1274162776,25
1274165943,28
1274177139,578
1274179498,27
1274186056,23
1274187550,15
1274191784,81
1274194803,58
1274196244,14
1274209386,21
1274218871,11
1274224909,11
1274244010,16
1274262885,238
1274272400,53
1274282386,52
1274286443,39
1274290610,17
1274323575,120
1274327218,227
1274333693,16
1274347782,11
1274347870,12
1274352475,12
1274353224,13
1274377670,221
1274377976,18
1274379274,26
1274388991,204
1274395005,24
1274399536,1200
1274410217,41
1274422150,21
1274435787,48
1274452075,212
1274461040,11
1274466455,19
1274474589,27
1274475076,50
1274477411,13
1274482878,13
1274487235,38
1274491393,34
1274504017,11
1274509298,53
1274518711,23
1274526198,123
1274530343,25
1274548517,149
1274551031,190
1274566622,44
1274572099,33
1274574043,153
1274600688,346
1274618325,38
1274625247,14
1274625443,13
1274630894,61
1274645705,13
1274659405,25
1274666296,13
1274671628,41
1274674701,29
1274678743,16
1274683034,66
1274684138,12
1274689099,22
1274690333,31
1274708755,583
1274722544,16
1274722784,16
1274723381,38
1274734576,29
1274751552,11
1274755774,63
1274781008,12
1274782065,34
1274792587,57
1274794325,12
1274797292,20
1274802650,12
1274822133,821
1274836410,21
1274840455,11
1274848749,143
1274890313,24
1274910871,22
1274912120,262
1274921085,19
1274927132,20
1274927923,60
1274942644,19
1274947140,17
1274950277,1381
1274956474,21
1274957322,17
1274957825,150
1274959346,21
1274963086,72
1274966563,34
1274976225,13
1274978097,121
1274989973,169
1274991593,22
1275003861,45
1275012508,15
1275023165,11
1275025253,18
1275044490,38
1275059220,14
1275060098,31
1275069084,163
1275070381,15
1275073263,18
1275075651,138
1275076041,269
1275076664,53
1275102300,15
1275102452,42
1275130055,187
1275131245,22
1275140990,24
1275145666,32
1275152793,872
1275161859,36
1275162193,20
1275168166,12
1275173343,17
1275175186,440
1275177106,11
1275182720,57
1275184152,25
1275189541,27
1275191614,17
1275198423,14
1275199411,497
1275201476,105
1275207060,17
1275208894,19
1275218737,38
1275237798,17
1275248251,11
1275252612,16
1275257255,86
1275268652,900
1275300007,22
1275300693,11
1275326618,26
1275328113,244
1275328860,18
1275334546,12
1275338283,18
1275353433,52
1275356304,9
1275360962,11
1275362861,46
1275365955,43
1275367824,13
1275373382,51
1275375546,25
1275378979,1111
1275382167,30
1275398700,39
1275399788,20
1275406931,20
1275408975,26
1275409602,46
1275409857,15
1275426982,34
1275435960,16
1275436512,341
1275438802,11
1275439887,17
1275441117,23
1275443832,59
1275463264,218
1275464621,277
1275474507,14
1275476039,244
1275484321,18
1275485578,119
1275487759,21
1275490006,61
1275502743,11
1275508434,223
1275529781,20
1275534185,44
1275540111,17
1275545374,75
1275548357,207
1275551473,65
1275555255,23
1275560536,297
1275572887,20
1275580348,73
1275608780,19
1275614372,41
1275616384,32
1275620871,8
1275627632,13
1275631990,14
1275637608,120
1275642440,91
1275645005,13
1275653543,1314
1275661316,26
1275666044,27
1275667403,82
1275688260,22
1275692189,28
1275702441,22
1275702472,18
1275717406,32
1275718468,295
1275719173,14
1275721604,17
1275730750,1112
1275740059,22
1275742035,15
1275746690,101
1275750805,12
1275750847,32
1275751077,15
1275752001,27
1275753414,52
1275759716,23
1275770420,17
1275771493,41
1275771523,11
1275771636,20
1275773301,129
1275774513,22
1275776288,143
1275780695,21
1275781569,462
1275784257,18
1275791557,37
1275798277,11
1275800019,14
1275801647,215
1275802499,132
1275806147,1820
1275809133,11
1275816023,11
1275835912,13
1275847986,16
1275849132,51
1275862312,47
1275862425,46
1275862520,24
1275873724,244
1275888604,21
1275895436,12
1275919553,22
1275930411,42
1275932091,24
1275940471,28
1275941970,16
1275953456,28
1275961086,93
1275964022,221
1275968866,81
1275976049,11
1275991516,76
1275998498,193
1276001351,105
1276003841,13
1276018440,89
1276024553,35
1276031429,59
1276039558,12
1276042293,18
1276053763,14
1276059304,28
1276078615,16
1276083194,29
1276083628,54
1276099689,90
1276107518,47
1276108103,75
1276123512,19
1276126258,15
1276132557,21
1276135867,132
1276173422,12
1276174879,18
1276192674,85
1276192981,33
1276204083,11
1276208459,12
1276223472,23
1276236504,14
1276236933,660
1276238183,453
1276239073,12
1276242781,12
1276251860,10
1276271904,11
1276273805,24
1276275753,16
1276278055,56
1276278953,15
1276280076,12
1276283874,12
1276285633,58
1276296530,91
1276299637,62
1276305787,117
1276309507,23
1276313599,42
1276315818,17
1276320499,11
1276341793,22
1276352451,21
1276368237,532
1276373569,14
1276376062,24
1276379563,23
1276391102,98
1276404683,15
1276405439,18
1276405554,12
1276406549,32
1276411484,14
1276411563,45
1276415631,16
1276417315,11
1276425709,14
1276437202,34
1276438142,33
1276447323,19
1276448889,26
1276448941,7
1276457096,12
1276459546,13
1276461266,180
1276469439,55
1276480305,41
1276486859,13
1276487550,12
1276488493,19
1276496267,22
1276497933,1
1276498033,78
1276510682,62
1276517176,235
1276521542,39
1276527666,930
1276541052,88
1276541290,15
1276541312,32
1276546290,30
1276548713,14
1276549659,86
1276562838,231
1276568000,23
1276578580,25
1276594089,90
1276595002,383
1276607131,124
1276616663,21
1276627552,72
1276628959,12
1276630793,14
1276631768,25
1276634402,28
1276641245,168
1276645556,16
1276665883,983
1276667029,92
1276675503,45
1276682306,18
1276682613,18
1276683938,92
1276684296,15
1276689592,312
1276696490,312
1276700568,25
1276711748,12
1276718530,11
1276740847,15
1276747866,55
1276752077,206
1276755627,20
1276755713,29
1276758823,14
1276764289,11
1276770371,16
1276773725,14
1276776945,22
1276791347,11
1276795737,21
1276798831,28
1276809046,155
1276812919,138
1276828003,11
1276847779,21
1276853525,536
1276859161,75
1276859360,32
1276861983,16
1276862650,26
1276874027,46
1276876288,22
1276885966,448
1276888344,12
1276930142,46
1276940779,346
1276950198,91
1276958558,47
1276962100,15
1276966391,725
1276977095,12
1276978035,13
1276983707,27
1276999782,485
1277004822,940
1277008800,11
1277011740,36
1277016823,15
1277020166,54
1277026242,23
1277036183,25
1277040638,24
1277048300,29
1277054380,309
1277058567,240
1277063342,28
1277070400,18
1277072583,36
1277079211,82
1277079624,194
1277097844,102
1277124338,19
1277124966,18
1277131490,16
1277138198,129
1277139033,36
1277165741,65
1277169394,178
1277208602,179
1277214686,18
1277225273,13
1277241268,16
1277269587,16
1277282352,17
1277284594,84
1277286522,649
1277291595,17
1277335948,17
1277377323,35
1277389693,153
1277391537,25
1277405426,746
1277425281,12
1277425617,18
1277432663,16
1277434798,36
1277442050,83
1277446916,11
1277451814,83
1277453821,64
1277455152,13
1277470372,18
1277476916,99
1277477208,14916
1277479867,32
1277487031,57
1277488771,71
1277491008,16
1277494856,13
1277495137,14
1277499908,60
1277510172,536
1277510760,12
1277515654,12
1277520329,15
1277541374,11
1277544698,415
1277560144,13
1277561099,300
1277571999,11
1277578751,65
1277579877,28
1277585787,40
1277588122,28
1277590623,96
1277600433,12
1277603748,20
1277610497,12
1277614585,469
1277623916,27
1277637600,74
1277646668,13
1277671229,22
1277684919,53
1277685376,11
1277690020,21
1277693854,35
1277696037,459
1277714741,48
1277715563,563
1277719566,19
1277737044,23
1277750729,39
1277755058,32
1277769453,29
1277771911,117
1277791233,20
1277795285,29
1277796956,23
1277797277,29
1277797619,61
1277798763,78
1277807615,14
1277814981,11
1277825694,11
1277833095,102
1277836854,20
1277842157,21
1277847672,17
1277853749,16
1277854808,20
1277858718,11
1277868994,36
1277870870,18
1277872938,17
1277880177,34
1277887325,36
1277888947,34
1277893717,24
1277911581,21
1277918666,286
1277926656,20
1277933603,147
1277934977,84
1277936455,60
1277944206,23
1277944593,10
1277946689,38
1277957002,11
1277961348,11
1277972001,12
1277989920,52
1277991010,23
1278003221,20
1278005100,18
1278013162,12
1278014713,6
1278019716,11
1278020293,11
1278021888,76
1278022559,88
1278024385,11
1278025342,38
1278026821,33
1278033420,21
1278040671,145
1278045237,182
1278049086,16
1278055475,12
1278059883,11
1278071262,468
1278073463,107
1278079983,40
1278081820,19
1278082400,376
1278104920,31
1278105901,13
1278120949,37
1278138352,17
1278157951,82
1278160330,90
1278196186,30
1278223986,185
1278229113,13
1278231268,24
1278243180,69
1278253689,91
1278254044,30
1278265633,105
1278287808,11
1278291700,16
1278293841,41
1278295496,12
1278312228,145
1278320942,224
1278324639,27
1278327133,14
1278332553,15
1278332767,13
1278339298,20
1278344410,32
1278344979,73
1278377646,21
1278381956,115
1278395255,179
1278404368,55
1278411775,17
1278435489,22
1278439253,105
1278474208,41
1278480039,21
1278492027,11
1278492137,24
1278516883,14
1278536566,214
1278547598,22
1278560693,36
1278568055,95
1278584694,138
1278587549,18
1278594969,20
1278621812,53
1278624991,11
1278668528,1195
1278676884,28
1278681031,21
1278711372,13
1278714916,31
1278715940,10
1278717907,444
1278730680,13
1278734867,12
1278737636,32
1278757502,512
1278776929,22
1278779353,38
1278798600,19
1278823978,103
1278829954,123
1278838315,129
1278840500,15
1278845334,38
1278845749,23
1278854221,28
1278864291,12
1278865145,19
1278866190,56
1278872653,45
1278873576,15
1278881844,125
1278889606,80
1278895912,75
1278901777,13
1278908912,31
1278913000,166
1278915262,112
1278915857,15
1278919646,28
1278924500,48
1278926400,1375
1278930365,22
1278930806,817
1278937895,36
1278940275,217
1278959735,18
1278982238,144
1278993665,41
1279012585,41
1279018568,14
1279049964,15
1279064655,24
1279085846,706
1279086651,13
1279093890,12
1279103174,21
1279113820,34
1279121101,16
1279133101,12
1279140437,47
1279145675,26
1279149268,14
1279159149,3588
1279160729,20
1279164234,223
1279164369,13
1279171235,17
1279180155,178
1279181033,18
1279184910,17
1279185910,12
1279187498,207
1279205412,25
1279216221,29
1279218207,15
1279225546,17
1279253971,14
1279275212,34
1279275226,17
1279280095,132
1279298346,35
1279299303,58
1279301508,33
1279319463,23
1279325204,297
1279328732,54
1279329809,11
1279343644,139
1279345508,12
1279360413,26
1279362723,148
1279365081,30
1279373995,12
1279380501,13
1279384488,20
1279402999,11
1279406675,20
1279421241,22
1279423167,17
1279426975,280
1279435409,2278
1279437639,19
1279463850,12
1279468851,23
1279474229,64
1279480946,1078
1279489980,363
1279499470,45
1279508420,53
1279515197,44
1279515370,45
1279519446,14
1279522547,54
1279525967,157
1279532837,340
1279540157,11
1279555835,37
1279578393,34
1279580095,17
1279596088,12
1279604360,40
1279611658,12
1279617454,12
1279624703,67
1279625094,14
1279628779,24
1279654497,77
1279659344,339
1279680219,18
1279706266,95
1279721212,28
1279722854,13
1279737208,12
1279737421,45
1279760665,237
1279773754,12
1279786142,13
1279787729,15
1279795528,15
1279795550,98
1279802440,12
1279811464,97
1279815402,12
1279825421,14
1279830753,32
1279834357,20
1279836172,15
1279846336,25
1279857804,11
1279886110,15
1279903025,11
1279923114,21
1279932127,10
1279940806,41
1279949713,11
1279994040,32
1279994504,231
1280002781,21
1280019852,353
1280026191,79
1280026567,12
1280027316,21
1280030529,45
1280038203,24
1280050659,26
1280069770,157
1280089735,17
1280092445,15
1280095430,21
1280097745,14
1280115203,205
1280115630,30
1280129499,765
1280129529,27
1280147188,178
1280155659,123
1280156793,14
1280163607,11
1280182204,40
1280202820,11
1280210616,79
1280215616,11
1280221360,107
1280231676,59
1280241714,26
1280262851,11
1280270159,27
1280270225,27
1280282376,14
1280289116,39
1280290209,11
1280293058,17
1280296384,46
1280330025,20
1280369733,19
1280379860,18
1280383510,18
1280392516,12
1280394773,156
1280396163,46
1280408203,16
1280419330,47
1280423622,11
1280434631,145
1280439591,251
1280461698,12
1280467793,30
1280469592,13
1280470795,19
1280508992,141
1280523866,135
1280524151,19
1280536185,44
1280553461,37
1280557654,44
1280557740,28
1280559914,204
1280562970,96
1280577596,138
1280579388,27
1280607135,19
1280607497,11
1280608186,51
1280610964,21
1280615153,63
1280620933,118
1280641283,51
1280652237,19
1280655402,11
1280662085,12
1280664963,39
1280700348,11
1280702430,11
1280703037,118
1280718019,23
1280732127,69
1280760538,18
1280767222,14
1280791354,168
1280793558,136
1280799166,11
1280804858,28
1280809609,262
1280825877,131
1280833415,147
1280847472,277
1280858916,12
1280860414,27
1280863441,112
1280866254,0
1280869012,89
1280869399,180
1280891560,18
1280896898,24
1280898919,16
1280900448,12
1280903659,22
1280908538,11
1280909807,69
1280912404,32
1280913563,146
1280913878,58
1280927151,12
1280932746,52
1280955914,2349
1280967898,27
1280984042,599
1280990105,1172
1280998916,11
1281005910,316
1281005934,14
1281019389,30
1281025418,36
1281030225,135
1281030454,31
1281032192,26
1281032298,25
1281054646,246
1281061133,18
1281066641,117
1281071040,11
1281091382,518
1281094446,30
1281098289,12
1281110750,135
1281120025,17
1281123262,32
1281124139,12
1281132799,16
1281133904,16
1281135080,34
1281140983,173
1281154124,13
1281168411,232
1281171445,73
1281195074,132
1281200786,80
1281204616,19
1281220980,42
1281230845,57
1281232928,91
1281235683,199
1281269179,15
1281269977,18
1281271303,46
1281285550,268
1281298965,16
1281315781,6927
1281320664,118
1281328046,391
1281328458,11
1281328537,36
1281330782,159
1281337106,12
1281342434,41
1281358460,11
1281362103,137
1281364875,14
1281365033,17
1281367277,75
1281377338,27
1281381884,142
1281383429,13
1281400388,16
1281420131,507
1281431415,60
1281436921,15
1281445089,37
1281473904,172
1281481028,65
1281482961,82
1281483635,27
1281489228,25
1281489745,20
1281495756,337
1281514306,23
1281525803,16
1281540408,26
1281556722,13
1281565975,12
1281576906,67
1281582807,13
1281591192,73
1281593724,49
1281616740,13
1281622996,12
1281629949,14
1281632165,633
1281635644,58
1281645560,21
1281650273,88
1281655995,12
1281666770,66
1281670519,75
1281674370,41
1281682555,11
1281688052,14
1281712143,14
1281769152,12
1281774250,21
1281819568,213
1281831896,17
1281852693,12
1281862290,22
1281863041,49
1281865046,631
1281865940,112
1281869415,11
1281873897,12
1281879940,25
1281880139,169
1281913298,36
1281918185,16
1281925464,25
1281954048,45
1281959383,15
1281963787,54
1281978113,34
1281981117,2
1282001233,52
1282011183,24
1282014269,18
1282014696,3
1282017359,164
1282025633,533
1282027238,69
1282030207,16
1282040587,15
1282045227,13
1282048314,36
1282049269,76
1282052467,13
1282052906,37
1282056346,30
1282058825,90
1282076425,30
1282080507,28
1282102712,20
1282103176,335
1282106099,12
1282107840,34
1282110174,24
1282120686,33
1282125157,20
1282128957,104
1282132622,32
1282141848,21
1282151191,33
1282159694,198
1282171564,13
1282178367,16
1282198847,405
1282203523,12
1282208637,17
1282225905,12
1282231488,58
1282233511,209
1282239707,11
1282246237,17
1282253922,16
1282265183,389
1282269007,145
1282273176,39
1282282026,21
1282294081,48
1282310951,152
1282324221,140
1282329734,12
1282335857,37
1282340577,168
1282341373,49
1282346681,17
1282350588,53
1282351393,14
1282360547,476
1282362391,508
1282364492,171
1282384355,87
1282385165,14
1282401255,16
1282418221,19
1282459536,17
1282467677,170
1282469039,35
1282472011,11
1282474395,187
1282477586,129
1282490647,44
1282499854,0
1282514037,113
1282539777,40
1282572282,27
1282577775,31
1282589931,40
1282597454,20
1282613745,7
1282634846,23
1282636938,291
1282650900,1582
1282653241,43
1282675658,16
1282680810,3307
1282682864,29
1282694784,83
1282705108,588
1282711658,13
1282712646,18
1282748401,66
1282753323,27
1282763835,17
1282766748,45
1282766814,39
1282771204,22
1282777609,146
1282786458,28
1282787424,41
1282792053,11
1282795086,58
1282797177,147
1282799832,45
1282831444,11
1282835463,202
1282845531,702
1282858165,70
1282882352,15
1282908694,33
1282910754,193
1282916460,371
1282925790,74
1282928973,16
1282937931,20
1282938415,21
1282938682,22
1282950465,57
1282958467,41
1282964765,11
1282967472,301
1282972498,31
1282978005,24
1282983086,151
1282984140,22
1283006548,33
1283007956,737
1283008105,134
1283013981,33
1283015427,156
1283015444,152
1283015456,151
1283015458,157
1283022577,32
1283043066,21
1283051151,117
1283059888,14
1283085412,13
1283088493,11
1283118598,77
1283126461,24
1283126780,188
1283131709,16
1283133573,25
1283142725,31
1283143764,24
1283151062,13
1283155270,11
1283158668,70
1283168492,56
1283176487,13
1283182898,43
1283183407,11
1283187727,13
1283231201,15
1283237512,47
1283252850,16
1283286182,14
1283296883,15
1283299226,133
1283300177,18
1283301890,151
1283301945,156
1283302652,151
1283302684,153
1283302820,151
1283302855,152
1283305043,151
1283305297,155
1283308335,946
1283308515,151
1283309332,151
1283309505,153
1283309991,152
1283310806,151
1283310807,151
1283311815,151
1283313140,153
1283314136,151
1283318124,157
1283321289,151
1283321505,24
1283324276,151
1283325882,152
1283326518,151
1283327964,151
1283328850,152
1283328907,150
1283329020,152
1283329717,152
1283329800,156
1283331989,151
1283332113,151
1283332466,151
1283333210,153
1283333331,151
1283334060,151
1283334279,154
1283334544,50
1283336941,151
1283341842,151
1283342383,150
1283344388,154
1283346286,151
1283346451,152
1283346987,152
1283347021,151
1283348713,151
1283352405,22
1283352617,63
1283352859,151
1283353368,151
1283353856,152
1283354276,151
1283354800,27
1283354814,151
1283354974,58
1283355043,151
1283358155,151
1283360113,152
1283362196,154
1283363395,151
1283365576,151
1283375853,38
1283376338,360
1283395530,33
1283398419,22
1283398629,44
1283408258,54
1283410511,46
1283416351,27
1283417522,16
1283427179,22
1283434917,30
1283453011,38
1283460530,18
1283463401,12
1283466765,154
1283466833,11
1283467688,118
1283494260,37
1283495582,12
1283497044,14
1283501535,164
1283501799,13
1283521764,31
1283522472,17
1283540505,221
1283561164,19
1283563241,50
1283565828,28
1283572841,42
1283574029,16
1283576600,14
1283579994,12
1283580131,16
1283580852,29
1283582119,94
1283584225,13
1283598915,13
1283603794,106
1283610049,14
1283611177,12
1283622513,9
1283628638,25
1283652685,13
1283653121,16
1283656693,93
1283657805,29
1283669789,11
1283678028,62
1283681554,68
1283686041,18
1283686098,16
1283699291,19
1283721731,23
1283721804,19
1283722068,15
1283731455,11
1283735838,22
1283740523,15
1283743529,66
1283762259,40
1283766654,36
1283781487,84
1283783477,25
1283792171,18
1283796634,16
1283799034,97
1283802261,21
1283819872,13
1283821188,87
1283833415,17
1283833758,26
1283836865,27
1283850742,19
1283852448,14
1283852774,14
1283859977,19
1283865819,21
1283868033,215
1283868835,22
1283873694,22
1283875369,28
1283876614,12
1283880494,14
1283891625,17
1283901628,22
1283923666,17
1283925045,14
1283927346,71
1283939838,12
1283940465,70
1283943813,14
1283947846,22
1283963928,14
1283968843,26
1283977684,11
1283981615,77
1283986253,35
1283993031,229
1284009891,31
1284014215,22
1284030856,41
1284040136,172
1284052134,25
1284058045,21
1284066374,19
1284067692,71
1284077348,18
1284077352,21
1284082382,23
1284082910,18
1284088776,122
1284095369,20
1284099955,49
1284104299,45
1284109842,32
1284124788,12
1284126768,64
1284128909,14
1284129855,40
1284139056,57
1284155780,13
1284168496,36
1284172888,13
1284174979,2011
1284182184,24
1284198482,12
1284202424,34
1284208011,16
1284208582,102
1284209689,16
1284210058,28
1284223182,19
1284246323,13
1284246470,243
1284247955,37
1284261810,42
1284271591,196
1284277975,39
1284286206,12
1284303399,114
1284304193,12
1284310632,12
1284316868,18
1284322503,13
1284322507,14
1284346730,61
1284364149,19
1284382976,12
1284392092,38
1284414913,217
1284420230,26
1284423701,1
1284426808,13
1284435392,17
1284445635,267
1284449744,19
1284452101,14
1284463375,19
1284479480,13
1284485443,28
1284518502,20
1284522908,11
1284534061,22
1284541636,12
1284546129,49
1284551780,19
1284555311,58
1284578918,39
1284579907,83
1284580604,39
1284589598,22
1284595670,12
1284607942,133
1284608173,187
1284608906,188
1284643150,22
1284648689,301
1284658028,28
1284659975,18
1284667422,19
1284672605,155
1284674449,39
1284681116,45
1284688466,69
1284692613,106
1284698263,14
1284700356,63
1284712193,48
1284714863,11
1284721646,12
1284727934,14
1284733159,13
1284734312,16
1284735525,76
1284736292,310
1284740610,381
1284751258,19
1284753142,100
1284756909,16
1284759701,43
1284781487,17
1284783817,41
1284785245,43
1284787758,15
1284803064,21
1284808139,14
1284830350,20
1284836640,308
1284845470,747
1284850658,16
1284862935,25
1284865806,13
1284867443,13
1284869933,17
1284875082,35
1284889108,29
1284905996,53
1284915598,12
1284956847,12
1284958326,19
1284959612,2005
1284962534,35
1284967045,11
1284968478,25
1284971043,28
1284986056,34
1285000932,14
1285016676,14
1285027813,43
1285029934,30
1285034691,7
1285072698,53
1285091835,14
1285102035,19
1285104880,47
1285113628,58
1285116275,23
1285126866,43
1285134067,16
1285138167,24
1285145325,6
1285150264,27
1285173126,49
1285175428,36
1285179460,32
1285186519,12
1285207270,112
1285223817,210
1285240239,17
1285247004,64
1285257302,11
1285260006,13
1285260852,28
1285268157,39
1285268296,11
1285271027,13
1285272914,101
1285276442,13
1285277249,19
1285290091,14
1285290326,21
1285299512,19
1285308005,69
1285358712,11
1285362275,41
1285366850,20
1285372971,11
1285375505,12
1285388916,14
1285404766,11
1285404893,14
1285406575,50
1285455564,18
1285459193,12
1285492735,2
1285512939,763
1285522430,11
1285532627,32
1285533087,16
1285553511,15
1285565409,11
1285584165,27
1285612368,28
1285613614,24
1285613772,12
1285614272,12
1285616517,12
1285619315,39
1285633187,17
1285635617,17
1285641979,12
1285642601,12
1285643256,80
1285643489,687
1285643868,31
1285649662,30
1285653192,87
1285653194,21
1285654295,16
1285656500,40
1285665224,13
1285669809,21
1285670072,33
1285670188,21
1285672288,35
1285694624,12
1285704764,22
1285705904,3032
1285716169,16
1285726536,62
1285729011,44
1285736028,12
1285753321,27
1285768056,25
1285769468,16
1285776286,11
1285778184,51
1285781098,20
1285784272,11
1285787558,93
1285797092,36
1285808809,292
1285816658,0
1285819874,72
1285860457,12
1285863081,16
1285881211,46
1285881563,22
1285885421,12
1285886218,231
1285900799,61
1285902621,45
1285904119,11
1285924109,19
1285926464,28
1285940339,19
1285946801,11
1285956092,28
1285957532,218
1285966137,39
1285974683,1223
1285994107,31
1285995046,27
1285996394,14
1286010520,1052
1286041367,21
1286041430,187
1286054177,43
1286055132,54
1286055730,14
1286069434,19
1286071002,203
1286080008,11
1286102636,11
1286104608,11
1286113664,40
1286116609,29
1286124464,17
1286135398,26
1286142799,40
1286159878,27
1286203278,17
1286206140,81
1286206293,12
1286210431,31
1286217696,20
1286230821,22
1286232072,19
1286235236,95
1286236913,63
1286243024,15
1286260116,15
1286261242,33
1286266523,50
1286279483,220
1286309178,410
1286319925,15
1286349836,29
1286361322,17
1286395891,15
1286406151,28
1286425214,33
1286452688,38
1286462942,17
1286475682,70
1286478863,33
1286485360,12
1286497554,11
1286498512,25
1286499192,14
1286500654,12
1286500812,12
1286501135,20
1286518017,14
1286519799,21
1286529702,23
1286533290,15
1286547006,20
1286548050,41
1286550596,89
1286551417,26
1286576904,68
1286584533,43
1286589461,46
1286591918,16
1286613567,80
1286622370,16
1286623246,14
1286633499,13
1286638524,27
1286644174,16
1286650072,41
1286652851,125
1286655809,42
1286657898,70
1286660559,88
1286663306,17
1286674545,19
1286693004,11
1286693015,22
1286701048,15
1286705389,9
1286708665,21
1286709271,34
1286728102,12
1286732818,1193
1286733418,34
1286747417,23
1286754616,24
1286757779,14
1286762321,44
1286762528,15
1286763703,38
1286765396,51
1286769439,11
1286775287,160
1286781880,223
1286792158,27
1286817684,13
1286822346,40
1286842063,32
1286843623,42
1286843683,60
1286845834,62
1286846690,11
1286852030,34
1286854085,86
1286870850,20
1286901904,35
1286921847,226
1286928810,35
1286929516,41
1286936704,104
1286939042,16
1286953511,31
1286955203,14
1286962008,38
1286963131,1
1286976854,17
1286981693,16
1286986255,19
1287003459,26
1287005135,25
1287010006,23
1287015444,18
1287032262,15
1287032505,30
1287040997,13
1287048614,22
1287050833,115
1287054186,22
1287054567,24
1287055640,16
1287057225,12
1287063635,24
1287064286,15
1287064367,727
1287065520,17
1287068039,117
1287097047,27
1287103899,23
1287109448,15
1287112265,15
1287114669,320
1287117896,11
1287118910,49
1287127015,12
1287133573,160
1287133718,13
1287137309,45
1287143833,17
1287144800,16
1287154353,13
1287167787,13
1287168491,1065
1287168990,595
1287169139,29
1287183937,12
1287188318,18
1287195249,12
1287204510,64
1287205623,14
1287216871,6
1287216971,38
1287232396,16
1287241330,15
1287242357,23
1287249670,27
1287250090,46
1287253720,21
1287263044,13
1287275352,15
1287282432,796
1287300798,20
1287302739,52
1287319347,29
1287326388,19
1287329807,14
1287332070,31
1287333722,17
1287339827,79
1287341687,38
1287346406,31
1287352822,122
1287355973,329
1287401002,438
1287408207,70
1287413468,14
1287418409,64
1287429470,12
1287442244,257
1287444152,44
1287460663,5538
1287461497,39
1287470793,31
1287482439,14
1287486661,49
1287489793,26
1287494718,11
1287505428,17
1287518095,15
1287523902,15
1287530240,15
1287531513,35
1287549995,14
1287564317,13
1287568859,212
1287570647,11
1287585416,14
1287594240,12
1287594602,18
1287603239,49
1287607687,13
1287609461,24
1287610282,26
1287612332,37
1287625631,264
1287628953,16
1287629488,28
1287631198,18
1287663860,69
1287674895,47
1287678199,242
1287687409,39
1287710410,30
1287710445,32
1287710473,36
1287710505,38
1287728325,259
1287733709,14
1287737246,22
1287751585,103
1287755141,21
1287763956,14
1287766456,11
1287769478,715
1287779992,26
1287780961,17
1287782481,12
1287783473,15
1287802914,52
1287804060,2051
1287806129,20
1287816393,12
1287823023,66
1287825471,126
1287831552,45
1287833347,108
1287833873,13
1287840943,14
1287846492,365
1287852974,27
1287862936,404
1287870588,66
1287874189,9
1287882910,11
1287890629,64
1287919291,27
1287919581,19
1287928146,13
1287936258,21
1287938366,241
1287962749,24
1287962934,16
1287966278,106
1287967526,13
1287982437,15
1287991092,38
1288001931,949
1288011918,35
1288025747,12
1288054527,19
1288054693,157
1288059458,11
1288064456,53
1288064720,20
1288069617,12
1288076814,94
1288081323,90
1288081425,11
1288093218,152
1288095947,23
1288096154,7
1288101814,39
1288106370,98
1288107515,21
1288110627,23
1288120439,15
1288131984,19
1288147191,12
1288151957,16
1288158967,21
1288163028,28
1288175235,62
1288176337,13
1288213067,12
1288220921,245
1288228170,26
1288234715,15
1288262029,16
1288265666,29
1288273711,54
1288276081,12
1288277383,25
1288292418,1757
1288298712,11
1288304560,71
1288321115,61
1288325627,1881
1288331786,73
1288342491,45
1288362206,26
1288363236,20
1288380908,88
1288388694,16
1288395026,157
1288402762,3206
1288404530,17
1288411750,22
1288414617,494
1288422836,15
1288422944,13
1288424187,11
1288433826,18
1288460943,12
1288462699,11
1288463361,13
1288476092,14
1288492734,11
1288496072,91
1288504075,15
1288505524,84
1288508356,104
1288513932,91
1288540223,14
1288545282,127
1288570069,24
1288582051,13
1288587093,21
1288595527,78
1288599558,15
1288603421,25
1288608768,16
1288630993,16
1288642659,24
1288651538,14
1288672674,403
1288682148,17
1288684460,53
1288700771,11
1288703620,29
1288706873,45
1288728943,25
1288733503,19
1288758234,13
1288762476,26
1288777867,16
1288777900,234
1288781687,25
1288787277,134
1288787426,45
1288789542,22
1288791412,19
1288820389,199
1288848940,2401
1288858970,23
1288861827,81
1288900132,55
1288913882,20
1288919960,14
1288931625,34
1288951030,13
1288952475,166
1288952816,75
1288958400,33
1288972522,32
1288985136,19
1288986083,35
1288998877,18
1289000483,16
1289001778,37
1289031324,74
1289037448,96
1289038438,165
1289052336,21
1289066205,30
1289075393,322
1289096470,33
1289096810,45
1289101843,17
1289112181,24
1289122820,11
1289123250,37
1289130590,211
1289134166,35
1289148499,11
1289180378,12
1289182307,14
1289184179,46
1289191071,17
1289210484,11
1289213389,13
1289213568,28
1289214621,14
1289216565,20
1289237218,21
1289253413,28
1289254089,12
1289258261,29
1289268385,20
1289268998,41
1289275691,270
1289281455,17
1289287656,12
1289291024,48
1289300100,45
1289302468,17
1289303356,12
1289309191,1017
1289313583,15
1289316188,96
1289329590,35
1289333270,17
1289344908,60
1289357453,12
1289373801,16
1289382533,20
1289383690,15
1289402893,56
1289403900,21
1289409182,41
1289409845,100
1289411321,96
1289419269,17
1289435641,1188
1289435661,18
1289445158,14
1289447490,245
1289449692,91
1289456372,21
1289458451,12
1289459154,26
1289468620,11
1289471395,17
1289475244,14
1289476943,260
1289479753,12
1289490233,73
1289500007,18
1289527697,15
1289539646,101
1289551526,87
1289566856,552
1289575092,15
1289578785,14
1289579011,25
1289594768,83
1289595475,28
1289598388,112
1289599380,19
1289599396,27
1289606611,134
1289606934,82
1289612923,284
1289634070,18
1289635045,14
1289644132,14
1289647930,91
1289651398,16
1289657695,46
1289661113,562
1289663086,11
1289665394,14
1289684445,25
1289708063,16
1289714083,12
1289718189,23
1289724268,308
1289727134,203
1289735643,12
1289737428,17
1289738717,24
1289739564,16
1289739593,15
1289742380,28
1289743790,1980
1289751966,11
1289755707,1965
1289770124,93
1289772049,11
1289781756,40
1289801839,34
1289805474,187
1289810924,27
1289811218,19
1289815509,18
1289816372,50
1289817225,91
1289817233,13
1289834653,81
1289837195,59
1289847529,23
1289855202,38
1289858698,436
1289868346,1313
1289871444,53
1289880549,16
1289888557,105
1289903345,15
1289907287,12
1289907975,14
1289908594,14
1289909279,16
1289910520,14
1289911629,11
1289921037,32
1289932122,33
1289949311,206
1289951235,483
1289958986,441
1289960958,13
1289968844,12
1289973161,16
1289975833,7
1289984605,10
1289989219,14
1289998730,15
1290003469,42
1290004323,17
1290014367,25
1290022584,181
1290025719,62
1290031396,15
1290036613,12
1290037030,49
1290039961,144
1290061411,38
1290062238,49
1290068976,127
1290069630,77
1290071994,31
1290081931,27
1290089254,16
1290098318,121
1290111917,24
1290123560,82
1290127517,29
1290128725,12
1290130146,12
1290146959,59
1290150257,170
1290164166,13
1290169280,16
1290185333,14
1290185701,38
1290219822,59
1290241977,42
1290251222,12
1290258572,47
1290286902,20
1290326260,299
1290327176,22
1290328251,20
1290335624,14
1290348818,14
1290354647,25
1290357699,21
1290361156,244
1290371866,13
1290411054,19
1290427326,20
1290432479,26
1290433922,13
1290445936,308
1290461222,12
1290465737,23
1290474490,37
1290486035,14
1290494976,16
1290495061,16
1290507726,19
1290512486,28
1290519989,54
1290534164,20
1290534496,50
1290545197,20
1290547652,51
1290553178,13
1290553643,17
1290558619,33
1290565606,452
1290565686,241
1290590424,38
1290601520,22
1290601834,30
1290627511,21
1290650156,23
1290650462,45
1290653606,301
1290660827,26
1290661234,65
1290680922,48
1290682233,22
1290686701,21
1290686985,16
1290695545,12
1290696540,50
1290697920,111
1290700307,51
1290728896,319
1290732504,13
1290749098,92
1290754906,17
1290757367,11
1290767643,25
1290768088,162
1290768901,34
1290782877,14
1290790488,14
1290804584,12
1290807177,11
1290809573,59
1290823246,17
1290830352,15
1290838121,19
1290852121,30
1290854596,666
1290857129,39
1290878523,12
1290884614,119
1290897015,22
1290897156,770
1290900293,42
1290923480,15
1290927049,15
1290929180,12
1290933935,197
1290947992,59
1290950360,123
1290952186,34
1290956546,30
1290960638,11
1290961602,75
1290979982,130
1290982812,11
1291007526,16
1291031738,46
1291031778,16
1291037585,60
1291037733,20
1291049617,13
1291074566,73
1291085789,11
1291088056,15
1291088888,17
1291092395,17
1291098094,566
1291098747,12
1291114277,93
1291115716,123
1291116871,25
1291123786,89
1291146703,77
1291154771,42
1291155153,35
1291155173,20
1291157543,678
1291173264,31
1291173267,16
1291189671,13
1291203310,17
1291210160,429
1291214151,136
1291221848,11
1291233408,105
1291242597,589
1291280180,66
1291282235,23
1291286746,15
1291296643,12
1291301285,32
1291305333,24
1291322604,56
1291336189,12
1291336217,30
1291336838,37
1291339585,18
1291342338,17
1291351338,20
1291351498,13
1291360022,24
1291383899,10
1291387853,27
1291414309,107
1291421612,80
1291423504,20
1291424008,12
1291431281,59
1291441881,18
1291442636,29
1291455828,26
1291455926,18
1291466723,40
1291466969,5
1291468384,13
1291481144,11
1291490166,251
1291492779,34
1291498626,45
1291499934,30
1291501594,12
1291502015,961
1291502103,29
1291503861,382
1291530267,237
1291531038,13
1291534737,62
1291536810,13
1291543949,12
1291544092,2203
1291571801,96
1291595187,11
1291604065,64
1291613802,123
1291618703,32
1291629775,13
1291629779,10
1291642855,96
1291643562,14
1291644553,25
1291658615,35
1291659044,115
1291661471,117
1291673784,19
1291675170,12
1291688318,165
1291691703,83
1291693853,21
1291720073,19
1291727921,13
1291728144,45
1291734043,60
1291741982,184
1291742788,77
1291748193,29
1291765045,25
1291766087,31
1291773488,13
1291779094,51
1291781923,64
1291783779,4845
1291802228,14
1291808712,34
1291831530,23
1291834848,46
1291860076,166
1291886696,20
1291888782,106
1291892045,59
1291896819,179
1291901874,13
1291907563,38
1291915843,14
1291921955,95
1291923249,43
1291931737,26
1291936449,15
1291950976,25
1291958928,234
1291962137,28
1291969904,65
1291971266,17
1291974677,16
1291978751,37
1291987214,18
1291988340,267
1291991682,30
1291993456,12
1291994110,202
1292006968,16
1292018156,14
1292028312,33
1292028472,17
1292033680,16
1292036695,17
1292072706,359
1292088940,535
1292122475,19
1292127782,24
1292149371,19
1292158992,350
1292170877,31
1292185453,11
1292186249,51
1292197111,113
1292208306,312
1292208583,41
1292215635,11
1292218441,20
1292223573,11
1292226955,12
1292249533,55
1292251343,20
1292256306,43
1292265540,37
1292266680,393
1292280196,12
1292280249,873
1292287896,15
1292290792,12
1292294946,13
1292295667,17
1292302215,167
1292320543,22
1292336215,162
1292339579,17
1292341562,95
1292342255,99
1292354118,15
1292354210,75
1292362076,18
1292365126,81
1292373208,19
1292381040,14
1292384008,19
1292406637,992
1292431002,55
1292434453,18
1292436887,438
1292440059,67
1292440486,20
1292458106,49
1292458261,48
1292458276,62
1292462975,95
1292469953,14
1292472665,25
1292477439,57
1292480695,206
1292482053,182
1292493380,4
1292505690,305
1292523720,18
1292529733,209
1292530568,17
1292532003,30
1292544026,844
1292548604,27
1292550079,26
1292567425,99
1292575405,12
1292581405,35
1292586353,23
1292588083,733
1292591034,29
1292601409,117
1292602748,14
1292603082,976
1292611271,864
1292617331,49
1292652711,70
1292661997,48
1292662826,62
1292666572,11
1292668977,174
1292670045,35
1292672931,365
1292678764,32
1292687159,41
1292688393,19
1292699127,17
1292704139,48
1292707082,27
1292709273,129
1292725081,40
1292726463,73
1292729732,39
1292735425,11
1292752293,14
1292756053,907
1292758637,1133
1292799650,21
1292803076,53
1292805205,20
1292810049,20
1292813857,252
1292815860,66
1292817311,78
1292818025,15
1292826636,11
1292842754,108
1292859223,25
1292864285,567
1292887429,15
1292893151,29
1292896360,12
1292904557,22
1292908333,121
1292915032,26
1292917621,28
1292920091,30
1292930883,26
1292937850,177
1292949057,23
1292959171,95
1292960437,35
1292965534,14
1292967604,33
1292975337,13
1292983476,12
1292983646,51
1292995916,88
1293002033,143
1293011705,16
1293014571,316
1293016738,15
1293023344,107
1293023679,71
1293029871,29
1293047359,101
1293051640,279
1293054306,754
1293055082,67
1293060614,81
1293066810,37
1293079208,399
1293080938,12
1293082552,9
1293082777,13
1293089313,14
1293097754,29
1293121942,603
1293123016,15
1293128596,629
1293133470,169
1293133608,17
1293144497,25
1293145788,25
1293146740,31
1293152736,14
1293153760,61
1293166992,50
1293174594,51
1293188585,30
1293204556,59
1293219971,83
1293238217,24
1293242972,12
1293267652,39
1293275849,444
1293282148,15
1293287983,59
1293290940,298
1293297917,12
1293298064,125
1293302148,85
1293329788,163
1293335769,20
1293344456,134
1293344851,17
1293359656,13
1293366476,12
1293369680,77
1293371220,798
1293372051,1501
1293373926,28
1293392008,42
1293394740,12
1293395679,26
1293400026,16
1293418144,16
1293424064,33
1293445504,54
1293450941,162
1293473664,593
1293496062,156
1293499204,11
1293519413,20
1293528120,16
1293528352,219
1293532831,11
1293548427,291
1293565442,35
1293566414,23
1293583727,128
1293587084,25
1293591465,27
1293596948,11
1293597225,104
1293600453,1113
1293608593,609
1293617341,31
1293625280,12
1293627972,16
1293631192,82
1293640519,420
1293647745,26
1293670798,917
1293691564,99
1293698128,20
1293717587,30
1293717823,134
1293718969,183
1293727298,94
1293729903,137
1293742072,124
1293743886,72
1293746415,23
1293746575,31
1293747025,134
1293801504,42
1293806470,759
1293840610,32
1293842570,55
1293851627,11
1293861908,12
1293889404,60
1293898786,36
1293924437,15
1293928825,41
1293935952,13
1293948993,269
1293950824,11
1293955244,21
1293965946,153
1293975384,45
1294008777,95
1294058995,14
1294069826,12
1294080817,14
1294094207,17
1294114499,43
1294119998,21
1294147380,11
1294157055,183
1294164685,79
1294200741,51
1294251753,11
1294259549,15
1294279713,13
1294301160,11
1294305994,13
1294311895,11
1294326780,17
1294335516,11
1294339931,180
1294351823,28
1294369296,65
1294382024,50
1294390376,103
1294427913,136
1294430749,38
1294440483,26
1294459630,64
1294466084,18
1294480204,18
1294485027,17
1294528581,15
1294541211,26
1294544128,932
1294544597,12
1294562764,432
1294565886,14
1294567068,77
1294586858,37
1294598436,33
1294604196,36
1294614772,32
1294616380,200
1294624577,11
1294625255,33
1294626733,81
1294637523,493
1294651771,21
1294654664,52
1294665149,53
1294667605,17
1294673670,133
1294677362,13
1294678204,131
1294679712,21
1294680964,24
1294686811,131
1294697127,11
1294704254,130
1294722834,167
1294739070,131
1294760990,139
1294763382,14
1294778982,37
1294787951,134
1294799753,13
1294816362,134
1294821660,164
1294823848,132
1294849806,37
1294852002,17
1294874234,26
1294885537,21
1294904000,77
1294906029,29
1294907218,13
1294939035,75
1294942498,13
1294956555,113
1294964139,920
1294964918,66
1294974964,168
1294988947,352
1294991594,13
1295000646,18
1295002937,75
1295011810,12
1295012792,17
1295039995,280
1295042547,14
1295046960,67
1295051598,66
1295070151,42
1295073265,222
1295085779,14
1295086761,158
1295092827,304
1295108547,39
1295117727,306
1295145837,16
1295154902,1165
1295162156,2
1295166457,17
1295167025,37
1295170501,55
1295183786,12
1295184546,12
1295185242,12
1295186092,17
1295193750,14
1295194584,13
1295196892,15
1295199205,13
1295206342,15
1295262141,11
1295266264,47
1295282395,12
1295282888,4
1295293233,14
1295296921,40
1295298451,22
1295303557,13
1295310807,51
1295314945,153
1295320127,31
1295320736,52
1295344808,13
1295357346,12
1295359708,36
1295363021,132
1295383219,120
1295386434,13
1295387006,57
1295415985,132
1295422942,12
1295438128,36
1295450141,76
1295470853,530
1295478728,14
1295482110,269
1295495980,11
1295496217,12
1295510275,69
1295512859,14
1295515267,101
1295524525,27
1295531254,1579
1295543570,12
1295554023,103
1295577734,112
1295578280,16
1295581894,96
1295583883,22
1295584891,58
1295590478,32
1295614877,11
1295618902,60
1295624544,21
1295634529,28
1295648738,243
1295649165,102
1295650615,12
1295653490,33
1295653887,34
1295657237,11
1295658103,22
1295661232,19
1295661278,20
1295663128,21
1295663977,11
1295676197,202
1295680592,14
1295688847,109
1295700623,2
1295708862,573
1295714815,17
1295752474,223
1295764899,15
1295765493,12
1295766600,20
1295768859,161
1295773286,1
1295803985,30
1295809480,16
1295814352,23
1295829277,27
1295835040,78
1295858816,40
1295864070,160
1295864331,32
1295872517,18
1295877973,12
1295901464,103
1295902352,16
1295906282,11
1295937847,151
1295965137,43
1295965620,63
1295967737,12
1295972337,58
1295975920,17
1295985574,61
1295989737,16
1295991094,26
1295994638,63
1295996145,13
1296000930,45
1296010200,72
1296016994,43
1296021415,24
1296024548,765
1296036886,2174
1296040105,31
1296041659,100
1296050346,598
1296055654,54
1296056515,18
1296072145,61
1296090089,16
1296101426,15
1296102301,383
1296107475,815
1296111192,364
1296111638,28
1296111994,17
1296114889,39
1296119852,34
1296129407,10
1296135579,26
1296135758,44
1296137450,11
1296138876,16
1296163320,21
1296189318,29
1296190079,35
1296243058,20
1296248129,57
1296250451,211
1296256899,11
1296260901,38
1296273774,14
1296300799,3595
1296301313,938
1296302822,848
1296312541,47
1296324767,120
1296326316,66
1296344930,475
1296347944,164
1296348059,17
1296349582,212
1296350812,49
1296354941,8
1296365237,194
1296370469,20
1296375920,490
1296381450,19
1296383855,139
1296385256,292
1296390238,13
1296397537,93
1296404338,141
1296408226,16
1296425754,13
1296432061,12
1296432740,57
1296434943,88
1296435222,21
1296438403,26
1296441594,55
1296449838,69
1296450945,47
1296452875,13
1296462200,235
1296465177,13
1296471020,13
1296471449,1268
1296472403,140
1296476248,21
1296478978,38
1296484148,37
1296537614,11
1296550039,164
1296553907,15
1296555600,28
1296557893,41
1296570575,43
1296573992,21
1296584227,13
1296585751,241
1296602376,85
1296607973,127
1296627757,942
1296635340,46
1296635666,15
1296643720,33
1296649748,18
1296649839,742
1296661225,116
1296668674,21
1296672011,142
1296678306,266
1296678314,46
1296680841,1330
1296688714,40
1296688895,258
1296711588,214
1296713807,11
1296717138,20
1296734416,12
1296738161,31
1296751400,122
1296768326,92
1296774563,26
1296775646,28
1296780960,148
1296787820,29
1296792947,40
1296793921,28
1296808521,180
1296814267,12
1296817533,87
1296833527,43
1296836072,222
1296841294,94
1296854989,113
1296861532,43
1296874887,63
1296882043,27
1296889061,22
1296900853,12
1296903699,17
1296904602,11
1296913096,193
1296922843,15
1296926351,13
1296926632,11
1296929824,13
1296931670,16
1296932035,82
1296935864,122
1296937336,10
1296941059,16
1296944672,22
1296959361,29
1296961913,68
1296963477,359
1296965951,76
1296980330,12
1296981871,54
1296982152,43
1297000919,18
1297003539,32
1297004839,27
1297007256,108
1297007799,14
1297010149,484
1297013313,72
1297019929,46
1297022212,116
1297030348,18
1297030493,12
1297042736,17
1297049157,13
1297072142,93
1297075250,14
1297089591,168
1297090793,159
1297091782,20
1297099848,24
1297100398,30
1297115272,112
1297115450,93
1297117944,39
1297121898,32
1297147597,26
1297152948,51
1297155925,69
1297161149,17
1297163433,12
1297185351,18
1297186508,62
1297191394,124
1297197707,1
1297197942,97
1297199648,22
1297201544,12
1297204247,0
1297211063,40
1297212179,117
1297221666,14
1297241435,23
1297245314,44
1297248636,134
1297251847,17
1297263342,20
1297265714,17
1297278222,544
1297287351,12
1297290359,11
1297313158,126
1297316519,5362
1297316564,161
1297317945,29
1297334206,82
1297337135,13
1297343152,30
1297344540,15
1297353293,18
1297368894,11
1297368927,20
1297376870,16
1297377707,12
1297379226,44
1297385317,17
1297385905,13
1297386092,37
1297386391,355
1297390767,14
1297390829,35
1297391498,35
1297393883,17
1297397966,17
1297400572,18
1297413550,16
1297414511,103
1297429458,61
1297429477,37
1297448989,63
1297451632,11
1297462855,17
1297466672,19
1297478882,29
1297479393,19
1297491478,15
1297510474,14
1297526964,21
1297534990,29
1297538014,119
1297553204,106
1297560842,11
1297567382,29
1297572541,87
1297573774,29
1297574911,42
1297579661,32
1297579800,55
1297586900,25
1297595257,11
1297600783,15
1297608111,69
1297611216,111
1297616368,14
1297633053,40
1297638533,120
1297643511,17
1297645533,1106
1297650803,17
1297660778,13
1297668161,36
1297684377,15
1297691747,162
1297694352,64
1297701040,18
1297703342,30
1297709406,13
1297730581,17
1297738589,48
1297757117,18
1297762386,12
1297765263,14
1297766097,19
1297776074,208
1297776908,135
1297780347,111
1297789435,19
1297797901,40
1297799377,117
1297814636,13
1297827159,105
1297831184,50
1297878371,119
1297899871,20
1297902282,83
1297912696,130
1297916761,21
1297937750,18
1297941714,11
1297960940,11
1297972250,52
1297979369,481
1297984221,95
1297985737,106
1297986858,17
1297987227,33
1297991968,11
1297996943,60
1298001693,47
1298006204,13
1298021489,149
1298031533,157
1298034949,53
1298037639,226
1298047052,13
1298065682,56
1298073124,14
1298076016,18
1298084716,99
1298108536,39
1298112590,36
1298115146,107
1298124536,301
1298127389,42
1298139770,14
1298153351,33
1298158902,57
1298164075,171
1298174000,17
1298175867,20
1298186451,21
1298188743,38
1298189234,862
1298191005,34
1298203529,34
1298208279,23
1298209482,13
1298212519,11
1298216311,30
1298216890,22
1298228264,19
1298235708,17
1298244810,1316
1298248424,27
1298265782,148
1298271854,32
1298282884,99
1298282939,107
1298301815,581
1298301851,11
1298306683,36
1298311899,15
1298314398,16
1298317899,43
1298324581,90
1298330759,15
1298330762,140
1298335317,12
1298351661,12
1298354563,50
1298354719,40
1298373096,21
1298373549,12
1298381505,47
1298389464,25
1298394175,126
1298402208,21
1298402291,22
1298402884,91
1298416012,16
1298420807,12
1298427761,43
1298441011,90
1298444438,33
1298458766,113
1298494423,27
1298500250,50
1298511776,11
1298518446,14
1298522061,26
1298524881,17
1298526427,11
1298531535,24
1298540929,154
1298569568,38
1298598437,21
1298605985,34
1298611557,174
1298661166,17
1298661864,45
1298662780,43
1298664835,24
1298677021,13
1298696137,8575
1298699871,27
1298699946,12
1298703923,18
1298710636,108
1298717535,13
1298735948,198
1298757994,19
1298760593,172
1298761206,24
1298776816,55
1298780689,105
1298781357,57
1298783547,13
1298794128,50
1298803736,30
1298809265,11
1298817286,46
1298818939,29
1298825209,1534
1298833847,23
1298835702,29
1298841963,13
1298849251,204
1298852328,36
1298874131,17
1298890469,21
1298890549,1525
1298907438,11
1298912593,28
1298912749,71
1298912807,218
1298916380,40
1298933079,94
1298948475,15
1298954696,88
1298962178,16
1298962714,153
1298977090,369
1298994476,12
1298997344,18
1298998324,1580
1299021923,21
1299023861,186
1299043514,244
1299058088,95
1299059228,413
1299064384,17
1299071115,13
1299074098,17
1299075417,32
1299075519,110
1299075525,28
1299086165,22
1299096615,19
1299098282,14
1299101460,19
1299103445,18
1299104550,37
1299108987,63
1299109556,157
1299119693,15
1299128832,12
1299132400,14
1299132437,15
1299133936,203
1299153287,43
1299172984,16
1299183411,44
1299193892,13
1299196724,18
1299225226,108
1299227072,740
1299238284,17
1299238433,129
1299239337,51
1299248993,18
1299251844,14
1299255113,157
1299261309,15
1299266129,226
1299274014,18
1299283711,13
1299297301,59
1299299202,23
1299300597,19
1299316742,61
1299322393,19
1299332215,20
1299332376,121
1299332647,14
1299352195,46
1299359887,21
1299363480,17
1299377098,48
1299377596,80
1299381557,146
1299391180,94
1299391914,24
1299395003,14
1299402689,27
1299405532,104
1299411037,13
1299415612,97
1299424782,18
1299427635,11
1299436675,37
1299444163,81
1299446983,132
1299449396,12
1299460293,484
1299469235,17
1299472893,33
1299483807,53
1299494230,92
1299499111,51
1299501821,11
1299504474,163
1299510850,15
1299516451,43
1299516812,62
1299518666,274
1299531705,15
1299534286,13
1299544119,31
1299550692,55
1299564899,18
1299570761,12
1299573741,39
1299585779,21
1299592457,11
1299593939,23
1299608688,29
1299619059,48
1299619868,283
1299627068,32
1299628213,16
1299635121,60
1299639457,146
1299691584,168
1299702144,13
1299704239,13
1299711281,18
1299715232,29
1299734316,182
1299750967,112
1299751691,0
1299769220,9666
1299770029,11
1299809384,14
1299811667,57
1299820860,558
1299827099,177
1299833043,26
1299839177,22
1299847522,12
1299849814,19
1299851932,20
1299864365,18
1299869694,36
1299885911,474
1299896218,83
1299907984,19
1299929539,12
1299936609,243
1299946390,17
1299948312,38
1299952233,330
1299952957,82
1299953207,24
1299963641,75
1299965162,29
1299966529,455
1299969979,57
1299969985,20
1299980464,42
1299986260,65
1299986993,19
1300023993,170
1300024503,434
1300030250,25
1300040942,75
1300044327,11
1300059342,83
1300071253,16
1300071984,26
1300084498,46
1300088092,29
1300107229,35
1300108628,173
1300123581,179
1300130121,22
1300134200,141
1300140564,46
1300144318,128
1300145782,106
1300153697,268
1300163727,16
1300164869,16
1300165290,141
1300168072,136
1300171107,127
1300173275,625
1300181963,106
1300184722,22
1300197094,17
1300200526,13
1300204002,129
1300204425,98
1300211152,139
1300212740,73
1300220661,125
1300229326,17
1300230372,89
1300237368,139
1300241319,18
1300242971,127
1300259063,140
1300265377,140
1300269999,15
1300271089,40
1300271177,41
1300271266,40
1300271366,42
1300271521,41
1300273081,21
1300277628,143
1300282659,81
1300282686,16
1300286845,54
1300287685,11
1300290874,28
1300293955,25
1300293986,173
1300295755,16
1300296756,16
1300301101,39
1300333512,132
1300337557,23
1300342376,11
1300374453,91
1300393596,0
1300401366,25
1300402437,59
1300418295,350
1300430658,51
1300438415,19
1300442898,74
1300446537,128
1300459912,38
1300470235,19
1300484864,184
1300502001,46
1300521661,12
1300523446,54
1300541341,84
1300541916,53
1300555995,535
1300568623,12
1300573378,48
1300576199,14
1300577620,19
1300585573,12
1300589372,22
1300596785,88
1300599779,92
1300600847,20
1300608745,13
1300610806,23
1300611018,156
1300612704,2030
1300619513,18
1300628885,19
1300631934,50
1300644821,26
1300666568,40
1300667851,18
1300682631,23
1300707779,15
1300713717,27
1300715013,30
1300719974,214
1300725289,20
1300735116,24
1300757259,76
1300781672,129
1300791877,41
1300819170,263
1300825775,696
1300827846,17
1300835670,22
1300838692,13
1300842713,16
1300874608,12
1300882050,13
1300901348,23
1300901573,13
1300902838,24725
1300907089,41
1300919728,17
1300920852,15
1300925674,13
1300926657,35
1300955288,13
1300982703,25
1300983367,16
1300983387,246
1300991151,56
1300993394,14
1300995235,34
1301005835,30
1301016329,23
1301017059,12
1301035913,24
1301065951,27
1301067430,19
1301073151,76
1301078425,46
1301103236,95
1301105296,267
1301107406,11
1301120666,40
1301131750,103
1301135117,19
1301140584,118
1301140808,11186
1301143981,16
1301149423,19
1301150154,14
1301161752,212
1301178592,61
1301196895,209
1301199747,30
1301201613,150
1301213233,627
1301214182,12
1301224634,30
1301231972,207
1301238021,86
1301246878,13
1301254884,156
1301262267,24
1301266742,42
1301269170,25
1301277455,18
1301292883,24
1301304056,60
1301304237,87
1301312343,159
1301318281,21
1301322902,24
1301323244,17
1301347593,13
1301348114,99
1301348989,13
1301366518,23
1301371493,16
1301373645,16
1301374527,20
1301376039,148
1301376665,16
1301386747,57
1301389817,13
1301401232,18
1301417762,17
1301419178,16
1301421907,11
1301439040,27
1301445158,23
1301448027,38
1301454477,14
1301455815,25
1301458181,17
1301466742,0
1301469329,85
1301471093,13
1301472408,12
1301485123,1033
1301485816,407
1301491918,45
1301492559,44
1301493865,17
1301498505,43
1301498945,84
1301502264,40
1301518021,41
1301525143,24
1301527869,35
1301528097,63
1301533608,111
1301540478,132
1301558649,17
1301563271,100
1301570059,231
1301575666,11
1301596482,68
1301597356,13596
1301607598,1075
1301611769,13
1301639709,17
1301640367,105
1301641528,19
1301643310,28
1301653337,591
1301657572,196
1301667013,43
1301672719,457
1301683816,363
1301693327,34
1301709626,58
1301725592,14
1301738357,15
1301756334,30
1301767680,12
1301774983,43
1301790724,35
1301796528,54
1301812872,46
1301819599,16
1301841465,50
1301856089,59
1301856519,55
1301861241,30
1301870117,23
1301875103,14
1301898837,25
1301903391,171
1301917947,23
1301934220,12
1301938254,12
1301958727,18
1301969071,22
1301983899,68
1301987551,26
1301992438,20
1301993377,12
1301998668,13
1302010381,20
1302014092,12
1302019080,241
1302019326,46
1302029387,31
1302030647,15
1302031002,115
1302037370,16
1302045369,68
1302067941,17
1302077273,1099
1302080030,16
1302087529,12
1302093382,387
1302124928,28
1302164086,29
1302170043,117
1302170604,15
1302172683,832
1302190660,107
1302202107,49
1302202880,32
1302223856,55
1302242606,11
1302252210,81
1302262750,116
1302268312,17
1302269184,21
1302273154,97
1302277405,19
1302287414,66
1302291872,20
1302296412,18
1302297046,16
1302297836,29
1302315783,30
1302319451,23
1302326901,22
1302327379,24
1302329332,95
1302335558,26
1302375379,118
1302393186,14
1302398032,1867
1302409680,777
1302413366,17
1302419828,43
1302426780,15
1302427034,22
1302442495,11
1302448737,373
1302460137,142
1302464336,13
1302471470,20
1302482437,19
1302483274,88
1302494840,12
1302496224,655
1302501377,13
1302513724,35
1302521362,30
1302522817,13
1302531339,163
1302544971,163
1302549724,116
1302552260,11
1302584359,28
1302595848,61
1302610309,18
1302615481,22
1302629692,33
1302634008,16
1302637373,12
1302641378,12
1302643506,106
1302655029,12
1302657908,18
1302669715,23
1302690078,861
1302692944,43
1302701321,27
1302709654,15
1302734131,15
1302746638,20
1302754323,31
1302756008,1632
1302761259,67
1302778457,24
1302780148,13
1302793047,21
1302801301,12
1302802371,118
1302812797,11
1302835106,11
1302856834,15
1302875835,13
1302888707,39
1302893901,15
1302911872,75
1302914488,28
1302915552,353
1302920880,20
1302925060,66
1302937875,25
1302938232,26
1302961227,43
1302962846,76
1302984367,103
1302986554,657
1302987358,34
1302988703,67
1303008060,100
1303020015,279
1303030097,58
1303043661,16
1303050614,18
1303051373,14
1303057578,14
1303075050,261
1303082204,131
1303090597,14
1303104453,53
1303104741,14
1303106583,28
1303110640,39
1303111815,31
1303113964,42
1303123981,19
1303124963,77
1303160078,27
1303179284,12
1303197338,38
1303207414,46
1303214804,28
1303225493,14
1303228846,13
1303237716,19
1303245406,11
1303253010,102
1303257127,96
1303258850,2721
1303265999,132
1303286155,19
1303294638,38
1303306436,35
1303311265,11
1303315918,223
1303323911,190
1303365335,32
1303388198,340
1303415892,17
1303424682,13
1303430390,69
1303444609,1190
1303452678,45
1303463449,126
1303475491,36
1303494416,992
1303503512,24
1303504717,95
1303510493,15
1303516931,374
1303528937,69
1303535896,33
1303542206,68
1303546492,66
1303558514,168
1303563430,52
1303576851,1209
1303612962,33
1303627608,25
1303648567,44
1303649436,12
1303650717,10
1303654689,26
1303659182,114
1303663690,30
1303663929,15
1303665181,59
1303694788,17
1303698387,14
1303700237,15
1303711609,181
1303715087,225
1303720794,26
1303725660,26
1303760460,28
1303763995,33
1303775804,25
1303777396,16
1303780153,26
1303792328,23
1303808471,37
1303816773,20
1303829880,2676
1303838051,11
1303840800,86
1303843138,43
1303846871,18
1303848201,44
1303848744,13
1303852154,16
1303852365,13
1303856272,21
1303882206,11
1303900797,48
1303913048,18
1303945692,40
1303951648,142
1303954218,27
1303954895,18
1303964380,11
1303967338,15
1303967412,35
1303984411,41
1303993210,12
1303996759,18
1304005951,13
1304007356,18
1304009131,30
1304012236,69
1304014128,60
1304019895,42
1304024914,31
1304027230,146
1304050127,11
1304056775,160
1304080289,56
1304094516,48
1304107002,19
1304125705,19
1304129036,950
1304146485,23
1304149672,108
1304152620,16
1304159264,5777
1304160686,11
1304174300,175
1304196000,12
1304196094,18
1304207622,3932
1304222831,151
1304225766,13
1304226508,11
1304229261,471
1304232661,42
1304234956,22
1304237262,44
1304238567,81
1304242618,25
1304246254,12
1304260727,45
1304294655,11
1304306112,23
1304315081,101
1304318009,11
1304322497,50
1304333897,27
1304335866,29
1304337507,40
1304341067,35
1304347403,11
1304349828,71
1304349839,16
1304355918,15
1304359065,196
1304373890,16
1304378523,31
1304378982,35
1304380332,12
1304384931,64
1304404625,13
1304407094,143
1304423757,31
1304431028,120
1304443708,14
1304444662,39
1304451904,45
1304467806,50
1304471702,52
1304473868,21
1304488632,29
1304488811,17
1304493978,17
1304495415,111
1304501122,52
1304506703,32
1304517830,19
1304519591,39
1304520950,15
1304526833,13
1304529385,130
1304529863,61
1304537180,15
1304537472,76
1304539881,15
1304542808,46
1304556871,31
1304559533,26
1304567127,46
1304567934,23
1304586137,18
1304591688,24
1304594889,10
1304595029,148
1304597154,21
1304599770,23
1304610471,12
1304628584,20
1304631348,33
1304632302,41
1304663770,126
1304671769,53
1304679633,23
1304680116,54
1304682395,10
1304694242,26
1304696083,54
1304696714,1129
1304697544,17
1304731994,16
1304734752,16
1304747155,149
1304750838,11
1304758893,76
1304766813,50
1304775452,100
1304785049,21
1304794847,22
1304799387,21
1304802486,12
1304806937,28
1304818308,14
1304821256,15
1304827709,0
1304828386,42
1304828882,0
1304832932,47
1304837172,60
1304837388,15
1304837809,82
1304843457,189
1304856087,25
1304862483,24
1304863350,13
1304888461,70
1304901279,62
1304911834,14
1304923286,32
1304926283,113
1304927496,128
1304930510,25
1304957651,671
1304963373,28
1304980197,13
1304985779,42
1304988216,14
1304995104,17
1304995293,19
1304997851,43
1305001221,108
1305002900,12
1305006110,10
1305021260,23
1305036742,14
1305037983,149
1305045933,35
1305046490,28
1305054288,17
1305056966,128
1305056996,30
1305058794,638
1305081749,41
1305087722,16
1305087895,23
1305091317,31
1305103103,79
1305115824,146
1305117762,66
1305120640,131
1305129752,51
1305133774,100
1305146030,35
1305148975,36
1305151705,145
1305155429,34
1305161350,20
1305176990,16
1305178119,295
1305179696,65
1305184384,14
1305188958,15
1305192376,315
1305195833,13
1305199771,21
1305202283,77
1305213459,25
1305213711,26
1305226250,26
1305228500,17
1305235960,23
1305236221,15
1305243497,2483
1305247069,17
1305262154,80
1305266704,11
1305267585,173
1305271574,45
1305279821,28
1305283849,190
1305286302,16
1305295802,18
1305317087,16
1305322797,111
1305361794,55
1305375036,32
1305383508,1198
1305384204,26
1305391575,93
1305402694,63
1305405354,108
1305421235,424
1305422688,133
1305428722,120
1305444772,178
1305457480,111
1305464963,13
1305466278,441
1305475154,48
1305475918,269
1305486782,15
1305490851,199
1305492582,21
1305498575,393
1305507742,33
1305508043,43
1305514578,15
1305527469,17
1305535459,42
1305540288,8
1305545535,329
1305549420,12
1305550169,11
1305551862,250
1305553926,11
1305556195,91
1305561172,21
1305570895,18
1305587608,74
1305591013,23
1305603066,14
1305606229,113
1305616760,14
1305624022,447
1305625451,35
1305628084,59
1305637317,14
1305660185,17
1305663861,4732
1305667339,65
1305679958,23
1305682786,16
1305704141,43
1305707360,24
1305709115,19
1305715709,21
1305721097,15
1305731992,35
1305741457,180
1305741622,21
1305744986,51
1305755468,68
1305772131,164
1305773751,14
1305774331,80
1305780550,46
1305782176,17
1305788388,17
1305789974,26
1305796151,150
1305797201,81
1305803446,268
1305806069,29
1305806147,30
1305812425,26
1305814109,67
1305814495,16
1305816675,19
1305818123,15
1305824431,13
1305828240,44
1305841714,43
1305844835,125
1305848083,13
1305848792,11
1305853976,11
1305862430,19
1305863428,13
1305864535,31
1305877496,70
1305900997,12
1305904986,45
1305919833,54
1305945075,212
1305949408,9
1305990791,61
1306012498,301
1306022100,14
1306026425,19
1306027397,16
1306049663,12
1306059784,34
1306061660,13
1306065843,1935
1306119612,29
1306128367,14251
1306128677,15
1306129196,45
1306138051,11
1306142266,59
1306145188,13
1306154480,34
1306154585,75
1306167802,11
1306169988,121
1306183965,51
1306195002,67
1306196215,40
1306213287,27
1306234870,12
1306237950,35
1306263750,16
1306272254,35
1306272949,234
1306273589,42
1306275910,30
1306277970,12
1306298776,66
1306302333,24
1306308600,17
1306313813,16
1306318768,223
1306319469,20
1306319471,21
1306319479,20
1306326204,172
1306330232,18
1306331131,18
1306332390,12
1306335487,34
1306342221,15
1306353245,32
1306364195,115
1306401233,22
1306402179,8
1306402746,8
1306405145,12
1306408422,98
1306411267,16
1306413888,32
1306427790,15
1306430083,352
1306439313,29
1306443880,922
1306446403,110
1306447506,432
1306448176,57
1306451998,20
1306471514,13
1306482063,162
1306485176,96
1306493579,11
1306494403,49
1306496047,42
1306496060,107
1306500877,44
1306503677,636
1306505953,37
1306512034,35
1306537922,27
1306539048,39
1306551257,24
1306551587,90
1306568539,127
1306578822,58
1306586377,17
1306595286,192
1306600992,18
1306607268,213
1306613830,201
1306616266,31
1306633324,11
1306656310,120
1306659537,42
1306662378,121
1306664176,349
1306694574,59
1306706347,34
1306722822,2060
1306725865,54
1306727166,16
1306733753,737
1306736699,38
1306741502,13
1306743583,73
1306758289,1199
1306768200,1462
1306781567,15
1306826997,43
1306834767,53
1306836270,251
1306846091,27
1306848735,27
1306851637,13
1306851819,27
1306869516,7
1306872292,6
1306876863,5
1306882201,14
1306883915,15
1306886896,37
1306900312,1
1306905377,16
1306907703,31
1306912075,0
1306918164,863
1306932520,64
1306938692,22
1306959362,18
1306960192,22
1306969596,124
1306985935,92
1306986142,11
1306989887,1675
1307004566,44
1307024852,25
1307025984,207
1307038453,1
1307060259,16
1307065127,12
1307065754,35
1307068134,62
1307070667,185
1307074936,19
1307084089,324
1307084846,117
1307096111,26
1307097672,45
1307104496,79
1307119235,67
1307122649,12
1307144877,18
1307154301,298
1307157054,57
1307160977,66
1307168916,16
1307169447,78
1307178612,12
1307178735,98
1307180092,12
1307183421,15
1307197725,198
1307202159,253
1307203323,78
1307213552,43
1307221879,43
1307230282,14
1307234647,13
1307244279,42
1307248901,45
1307252454,773
1307266417,93
1307270186,15
1307270857,54
1307285110,101
1307328321,185
1307341214,24
1307347876,13
1307350189,276
1307351082,37
1307359698,60
1307372176,16
1307376509,54
1307379556,234
1307383231,2268
1307394829,14
1307404521,11
1307409549,12
1307416356,12
1307425320,21
1307432618,72
1307448787,102
1307465082,15
1307467681,26
1307486190,1265
1307488192,17
1307488992,159
1307489758,14
1307514479,83
1307527826,14
1307547413,13
1307559411,18
1307567870,65
1307568662,2195
1307584540,37
1307596191,22
1307603352,51
1307624256,20
1307628678,12
1307633669,61
1307643131,12
1307646804,14
1307648930,30
1307649454,43
1307649953,75
1307671429,18
1307673508,35
1307679581,1807
1307694207,21
1307697837,38
1307703830,148
1307704843,12
1307713600,19
1307720625,17
1307733763,79
1307742719,11
1307762938,216
1307767186,19
1307773072,38
1307773990,19
1307787792,100
1307790733,111
1307805451,45
1307807240,35
1307809022,24
1307815143,14
1307817867,20
1307818034,86
1307821649,30
1307831948,11
1307836085,21
1307885966,28
1307893307,19
1307896324,21
1307911548,53
1307913805,16
1307918371,15
1307944394,44
1307952399,22
1307954344,90
1307966960,17
1307972723,13
1307984484,173
1307987666,55
1307990988,12
1307992645,28
1308019466,22
1308040005,79
1308045091,20
1308097408,16
1308102087,39
1308110606,15
1308122629,38
1308123071,23
1308124634,82
1308149332,277
1308192854,11
1308206794,16
1308234922,13
1308268969,42
1308288667,137
1308295979,52
1308316384,23
1308327451,20
1308331067,17
1308336615,19
1308352598,23
1308359696,11
1308361498,23
1308364098,13
1308369084,51
1308397376,50
1308398292,13
1308400131,16
1308404399,53
1308410531,24
1308419721,38
1308444605,28
1308447765,55
1308448263,81
1308448270,293
1308458265,52
1308458354,368
1308460307,547
1308474631,21
1308479983,42
1308481724,34
1308482715,22
1308521113,47
1308521559,137
1308530009,105
1308535464,32
1308538112,113
1308545018,22
1308548569,28
1308555341,21
1308558657,261
1308565466,14
1308567776,13
1308579255,17
1308593621,339
1308599537,63
1308602622,36
1308603606,32
1308612950,151
1308635689,48
1308635795,17
1308648534,574
1308686491,71
1308708421,93
1308739986,20
1308745348,14
1308747824,18
1308758430,17
1308766310,12
1308779766,23
1308788921,20
1308795025,250
1308801528,32
1308805179,40
1308813487,93
1308815776,52
1308834602,18
1308843906,211
1308844682,22
1308850915,25
1308867877,56
1308873515,84
1308878403,30
1308924757,69
1308942123,321
1308959443,55
1308968509,16
1309035989,13
1309048757,297
1309051991,16
1309088427,17
1309088889,164
1309091925,90
1309102418,2009
1309107879,124
1309116723,33
1309132872,31
1309135706,102
1309137852,14
1309144942,12
1309151187,40
1309225609,12
1309245485,12
1309246845,64
1309249926,39
1309280330,14
1309282831,520
1309341321,170
1309343607,14
1309348250,63
1309349093,13
1309360788,45
1309370339,16
1309385521,17
1309391856,16
1309399723,976
1309403290,13
1309407208,24
1309425913,39
1309433170,15
1309433504,72
1309435192,35
1309437536,363
1309451980,3163
1309472658,17
1309476358,112
1309487694,25
1309499087,1107
1309505221,1058
1309510538,39
1309540034,19
1309553976,18
1309554690,259
1309561049,12
1309585508,1040
1309586086,43
1309587458,128
1309597733,18
1309601929,19
1309611294,18
1309617936,43
1309620561,12
1309640971,37
1309647838,53
1309661157,10
1309661906,184
1309664593,73
1309664986,72
1309668849,110
1309671224,33
1309676304,205
1309681281,18
1309681855,214
1309681945,18
1309687875,15
1309703648,45
1309704070,23
1309709313,41
1309712229,121
1309738430,11
1309759774,101
1309760179,56
1309781127,90
1309782162,21
1309790222,23
1309793819,22
1309799622,25
1309804498,19
1309804746,22
1309815142,30
1309818833,55
1309830743,15
1309831189,23
1309836866,143
1309846574,68
1309857238,89
1309873735,16
1309889408,12
1309902610,75
1309907019,28
1309914275,12
1309929858,12
1309939393,11
1309949076,35
1309964649,29
1309972807,22
1309990836,527
1309992998,59
1309994258,23
1309996887,21
1309997615,19
1310007456,24
1310007689,13
1310013986,378
1310014869,330
1310038761,17
1310057619,3953
1310066833,59
1310082015,37
1310097724,38
1310109196,205
1310126867,202
1310139882,42
1310156788,26
1310159401,20
1310161451,38
1310162837,739
1310187403,12
1310191503,48
1310199195,11
1310208173,24
1310243342,46
1310243752,52
1310254507,21
1310260640,22
1310271207,202
1310274020,38
1310274582,48
1310285353,92
1310294466,97
1310296661,69
1310307310,222
1310309392,55
1310313058,11
1310314263,30
1310314499,11
1310318281,110
1310335350,16
1310380073,72
1310396953,17
1310406084,21
1310428322,164
1310429236,54
1310495129,11
1310505194,15
1310538762,46
1310543401,57
1310577552,21
1310586510,102
1310594307,76
1310601561,224
1310624440,225
1310624630,483
1310629295,15
1310630466,27
1310632392,22
1310636883,13
1310641242,17
1310650417,15
1310666689,1148
1310679785,45
1310681525,15
1310682277,16
1310687669,38
1310691580,909
1310692055,25
1310696198,16
1310700974,24
1310705177,113
1310715414,123
1310716843,46
1310727310,23
1310741811,400
1310748800,181
1310757100,142
1310757503,11
1310758816,654
1310767243,126
1310767575,17
1310782328,26
1310785779,14
1310798572,15
1310813330,262
1310819016,25
1310825919,45
1310830484,63
1310844245,36
1310847317,1068
1310858736,11
1310865330,259
1310871684,21
1310874500,128
1310885424,28
1310891138,59
1310902433,172
1310940802,47
1310964744,24
1310966347,41
1310967763,53
1310968158,159
1310973801,38
1310981351,88
1310982497,58
1311000427,30
1311043182,11
1311058503,47
1311071006,17
1311085469,123
1311096964,47
1311124886,26
1311138783,12
1311147433,48
1311153410,348
1311160595,11
1311163719,37
1311174165,77
1311175410,22
1311186098,25
1311196031,16
1311213274,31
1311225763,582
1311242301,34
1311250427,64
1311257557,111
1311273226,15
1311304578,88
1311307019,41
1311313529,343
1311349557,21
1311384232,973
1311411474,99
1311422733,11
1311424418,23
1311425451,12
1311437062,15
1311468146,33
1311473088,34
1311485484,89
1311494325,24
1311500998,17
1311501610,17
1311502074,18
1311502709,19
1311503215,17
1311503723,12
1311504457,16
1311505830,12
1311529044,17
1311578618,21
1311581613,79
1311615093,21
1311616339,38
1311630122,25
1311640403,48
1311664525,55
1311668806,54
1311673540,16
1311678225,129
1311686694,44
1311697330,70
1311705381,75
1311706813,30
1311716728,166
1311726422,19
1311732585,16
1311739668,13
1311760177,22
1311762905,56
1311769536,54
1311777322,27
1311777851,14
1311807280,45
1311807406,152
1311829424,10
1311833401,23
1311854354,125
1311901064,62
1311914043,58
1311921003,35
1311928786,11
1311936638,39
1311956660,23
1311957569,44
1311964297,43
1311982302,17
1311998459,38
1312008708,83
1312026582,70
1312027571,26
1312029783,201
1312033853,22
1312038136,14
1312038724,37
1312044635,22
1312045449,19
1312049432,23
1312049524,213
1312052589,18
1312055438,19
1312055731,17
1312056523,17
1312070559,37
1312090216,11
1312098151,13
1312101153,17
1312117697,106
1312126862,17
1312139641,13
1312142639,543
1312150421,112
1312153246,119
1312158011,70
1312158335,1244
1312161341,86
1312193222,95
1312196199,18
1312198605,167
1312220956,285
1312224999,48
1312228909,14
1312239443,124
1312245950,122
1312247338,42
1312249564,20
1312257227,3072
1312258286,11
1312278161,20
1312280882,232
1312288602,294
1312292672,53
1312306755,24
1312346598,40
1312346934,55
1312375880,164
1312403743,15
1312406410,29
1312422942,68
1312424308,12
1312428500,36
1312438113,15
1312446183,96
1312466494,14
1312473145,54
1312477654,85
1312485662,85
1312488824,449
1312517093,33
1312532956,13
1312538053,11
1312540818,34
1312543008,12
1312545887,49
1312546480,75
1312547265,30
1312554298,621
1312554404,436
1312564120,47
1312574524,17
1312580372,86
1312591765,152
1312609286,392
1312610893,23
1312612110,11
1312619737,277
1312627260,63
1312665350,235
1312680132,46
1312685460,29
1312693131,15
1312693622,17
1312698116,31
1312710283,189
1312716448,115
1312723278,74
1312728158,11
1312729279,112
1312738975,12
1312740155,27
1312752179,38
1312756784,91
1312759592,53
1312762173,162
1312806315,33
1312807575,857
1312835170,35
1312835660,18
1312866998,44
1312879027,42
1312879869,16
1312902046,42
1312909652,135
1312910397,11
1312919844,26
1312920018,23
1312920079,31
1312920802,13
1312924030,26
1312924592,30
1312925920,27
1312927051,25
1312934614,15
1312949602,21
1312949782,96
1312956538,14
1312957276,28
1312966353,17
1312985238,17
1312987866,21
1312990898,26
1313004200,15
1313011686,92
1313026445,101
1313032827,60
1313041772,296
1313064103,68
1313070818,12
1313085544,44
1313088952,13
1313106112,11
1313130082,10
1313138826,55
1313142522,72
1313164370,65
1313166155,68
1313181765,74
1313214764,39
1313215450,777
1313222155,11
1313225248,100
1313236648,37
1313239727,132
1313243427,13
1313281849,14
1313288190,24
1313290235,44
1313295846,51
1313300049,35
1313325215,80
1313351403,84
1313352721,81
1313355587,25
1313358017,113
1313360734,41
1313362873,15
1313374269,22
1313375317,64
1313378548,117
1313381402,61
1313390677,112
1313390925,112
1313391069,110
1313392636,26
1313397312,54
1313411155,38
1313427207,121
1313432487,38
1313434625,359
1313435339,2092
1313435665,16
1313436648,50
1313451184,116
1313453387,23
1313463885,13
1313488505,16
1313488876,11
1313524608,13
1313548808,41
1313549651,13
1313550097,12
1313550111,28
1313573635,259
1313576395,8373
1313580625,15
1313594931,23
1313610207,36
1313612260,17
1313614650,465
1313635970,31
1313670990,13
1313671055,41
1313678749,36
1313691908,17
1313699888,11
1313732283,159
1313733120,11
1313733249,112
1313742872,11
1313744584,18
1313763142,70
1313785939,125
1313805296,48
1313805761,15
1313808387,63
1313817088,148
1313835429,16
1313843554,127
1313844277,96
1313865197,14
1313886041,50
1313902928,11
1313905017,14
1313919842,22
1313921896,106
1313941347,19
1313950222,25
1313951228,95
1313954221,36
1313966068,784
1313978749,121
1313993247,24
1313999061,34
1314005304,20
1314007736,24
1314017272,17
1314029122,69
1314033208,32
1314035762,13
1314036825,95
1314048518,222
1314064046,25
1314070900,62
1314075859,68
1314077782,13
1314090794,14
1314104494,88
1314105991,20
1314112828,36
1314121831,23
1314131289,74
1314140996,52
1314141621,26
1314159634,35
1314180940,21
1314181734,15
1314190101,117
1314213737,214
1314223012,92
1314223440,32
1314243622,56
1314267613,81
1314272530,13
1314277259,31
1314289943,26
1314300684,47
1314304412,109
1314351367,20
1314351515,15
1314368765,331
1314372174,15
1314384305,12
1314400315,11
1314404827,742
1314411582,29
1314411983,11
1314426744,17
1314435335,46
1314435709,12
1314437735,42
1314448411,12
1314507647,31
1314510451,54
1314513956,65
1314515526,16
1314518085,427
1314521366,27
1314525428,81
1314530051,12
1314535038,311
1314549531,31
1314553634,180
1314556783,161
1314575500,11
1314575864,64
1314577732,29
1314582570,11
1314587317,222
1314597444,201
1314606490,42
1314609786,102
1314650261,12
1314665580,105
1314692458,40
1314696900,41
1314708146,19
1314719265,38
1314751354,17
1314761721,24
1314771915,121
1314775126,112
1314785707,138
1314787397,201
1314793770,56
1314796671,52
1314797404,44
1314810821,15
1314828347,52
1314839093,53
1314861868,44
1314897407,11
1314898286,34
1314902293,13
1314907124,17
1314908790,889
1314921459,13
1314921521,78
1314930526,66
1314930742,21
1314935411,23
1314939164,24
1314942306,13
1314955865,14
1314963175,177
1314965195,16
1315002015,18
1315013718,29
1315019806,96
1315046220,12
1315060524,121
1315090338,21
1315107360,144
1315148422,103
1315162321,13
1315174739,41
1315202731,43
1315253319,18
1315259344,113
1315261510,13
1315264982,190
1315274753,23
1315310857,208
1315325448,115
1315345631,11
1315360669,219
1315380003,13
1315384578,68
1315386783,14
1315387640,12
1315396243,30
1315403737,29
1315417479,23
1315423038,12
1315424242,2078
1315427742,60
1315458055,215
1315467948,29
1315496140,460
1315507441,13
1315554178,18
1315554554,17
1315555252,85
1315559738,63
1315593981,85
1315606516,12
1315608225,35
1315612819,15
1315615915,30
1315616754,13
1315624465,83
1315650270,15
1315653133,53
1315666966,486
1315694205,51
1315704673,617
1315704894,28
1315719035,52
1315725201,113
1315727835,28
1315754570,28
1315759320,14
1315771979,488
1315773456,102
1315780685,44
1315782500,34
1315788070,18
1315788496,651
1315799079,231
1315812726,322
1315815106,21
1315829821,53
1315850048,461
1315854686,1546
1315862117,37
1315872547,25
1315881431,27
1315882506,34
1315885684,152
1315898112,28
1315913180,15
1315929647,2113
1315946971,47
1315962414,75
1315994465,64
1315995847,28
1316018310,16
1316027708,25
1316033508,72
1316035735,36
1316058101,101
1316065836,112
1316073756,115
1316095157,60
1316114472,97
1316182715,21
1316187395,21
1316217740,27
1316220263,17
1316262618,19
1316266139,27
1316273378,46
1316282601,25
1316292189,88
1316298108,12
1316327387,16
1316344428,11
1316356625,15
1316365555,521
1316371799,248
1316373075,37
1316378608,53
1316380795,14
1316387098,11
1316440427,89
1316441040,31
1316443307,2966
1316443332,34
1316451942,128
1316474873,62
1316485187,77
1316490853,27
1316527318,13156
1316536180,27
1316538156,39
1316538729,44
1316544157,28
1316553733,197
1316580848,16
1316591500,34
1316592914,19
1316594544,22
1316594840,150
1316595638,147
1316596909,129
1316597022,72
1316597685,137
1316597776,20
1316597823,21
1316599000,209
1316599118,22
1316599324,221
1316599603,22
1316599791,31
1316599810,167
1316599919,17
1316601917,478
1316602289,17
1316602914,125
1316604798,28
1316605374,22
1316605636,20
1316642877,31
1316673337,19
1316678048,12
1316679883,29
1316703022,23
1316705882,57
1316706381,53
1316707723,57
1316708302,52
1316709227,56
1316712254,58
1316712864,38
1316715735,75
1316715856,13
1316719774,55
1316722408,90
1316725796,55
1316765705,11
1316775238,16
1316783029,22
1316793737,275
1316795029,125
1316795249,23
1316808195,49
1316827897,42
1316875788,3864
1316883315,65
1316909862,13
1316924477,112
1316944679,90
1316968835,61
1316983376,41
1317000300,23
1317005876,20
1317011745,38
1317026993,16
1317035639,81
1317041031,5322
1317054555,261
1317066429,106
1317066456,21
1317066828,29
1317086026,84
1317089093,63
1317093528,14
1317118119,62
1317152420,17
1317172464,61
1317190160,16
1317191653,100
1317198312,59
1317202867,86
1317210052,71
1317211370,14
1317211809,81
1317234451,11
1317237779,14
1317239419,1014
1317244380,30
1317248227,49
1317261674,32
1317266955,49
1317273101,87
1317304497,45
1317322071,50
1317323848,81
1317328379,12
1317332295,6
1317333477,4
1317353600,0
1317354312,10
1317355443,3
1317355814,5
1317356529,4
1317358185,375
1317358607,4
1317359824,3
1317360095,3
1317360904,6
1317362445,3
1317363305,6
1317376183,119
1317379324,65
1317380479,22
1317380531,21
1317381990,13
1317385739,55
1317390768,15
1317392030,15
1317395460,11
1317405392,11
1317413024,14
1317420606,20
1317434942,109
1317438192,12
1317439916,16
1317448886,111
1317466681,15
1317467366,15
1317472781,36
1317489065,40
1317498322,76
1317515809,441
1317527211,56
1317541451,41
1317564135,172
1317571548,41
1317575332,17
1317584210,61
1317597851,49
1317608912,19
1317611495,19
1317638285,95
1317638368,39
1317679835,35
1317714743,19
1317721033,29
1317724906,22
1317742704,109
1317749372,65
1317780464,122
1317805815,26
1317820455,21
1317834385,30
1317845318,122
1317850140,17
1317853585,28
1317863622,53
1317902880,52
1317915210,13
1317927085,26
1317930819,15
1317946380,31
1317979155,11
1317996135,60
1317998700,19
1318002754,226
1318023660,42
1318025112,818
1318037436,25
1318057073,21
1318072933,28
1318087745,335
1318091082,36
1318092877,52
1318096478,99
1318100800,20
1318111439,21
1318150396,54
1318152768,33
1318164526,28
1318187016,2615
1318211548,20
1318213206,12
1318229004,59
1318241125,23
1318245682,19
1318251650,12
1318252591,26
1318257480,30
1318258994,16
1318274214,4
1318289209,15
1318289840,12
1318289843,94
1318293898,18
1318294378,12
1318304916,162
1318310911,30
1318320674,55
1318330553,42
1318341671,52
1318348313,59
1318353635,13
1318360190,24
1318361504,67
1318369502,29
1318379446,29
1318382003,39
1318382587,645
1318383417,140
1318384640,12
1318388542,42
1318404555,24
1318423155,32
1318425496,21
1318431764,44
1318436431,44
1318436679,12
1318483994,12
1318504079,154
1318529228,22
1318609608,53
1318672654,49
1318675746,13
1318681359,73
1318712528,31
1318722718,89
1318725835,42
1318727352,61
1318734428,25
1318768894,8259
1318795016,19
1318801695,131
1318802395,51
1318804206,15
1318805473,14
1318820565,21
1318826614,55
1318832652,65
1318849324,0
1318855915,28
1318858576,21
1318865785,0
1318866049,0
1318866816,17
1318873117,0
1318873253,293
1318873509,0
1318875738,12
1318877719,0
1318882771,111
1318883031,23
1318885938,95
1318892468,15
1318893208,342
1318894586,67
1318896542,0
1318900928,11
1318904076,184
1318906944,0
1318913074,6
1318914813,20
1318937120,127
1318944817,11
1318961055,14
1318963796,65
1318963974,12
1318966444,25
1318977673,13
1319010645,90
1319031883,31
1319036011,92
1319037509,33
1319051191,28
1319051889,12
1319066980,166
1319067720,36
1319085701,44
1319087070,21
1319093879,199
1319095350,14
1319109139,169
1319112594,19
1319119605,41
1319137793,15
1319156283,29
1319158290,12
1319160890,14
1319168519,9
1319174653,394
1319185876,83
1319201095,13
1319201916,52
1319213105,11
1319225586,11
1319247547,146
1319248989,560
1319268814,131
1319277794,38
1319280026,111
1319290417,128
1319294522,29
1319299763,24
1319308368,70
1319312065,41
1319325765,117
1319336961,1904
1319353851,46
1319357404,12
1319357442,13
1319366891,11
1319367318,49
1319368210,85
1319373413,17
1319378448,299
1319394660,21
1319419492,2797
1319423199,33
1319441113,22
1319443961,11
1319445130,62
1319474007,229
1319475824,11
1319535995,16
1319540329,110
1319573724,112
1319580960,116
1319592497,0
1319600255,125
1319602786,18
1319608945,0
1319609065,0
1319609835,2
1319610055,0
1319610556,12
1319610743,0
1319612476,0
1319612605,0
1319612775,0
1319616329,12
1319616569,1
1319619796,138
1319622644,2
1319625231,2
1319625842,1
1319630301,113
1319630833,2
1319634614,3
1319638566,2
1319638787,0
1319643307,0
1319645021,5
1319645784,0
1319647108,1
1319651356,0
1319651581,0
1319652485,29
1319655999,1
1319656092,26
1319656926,3
1319659765,5
1319662583,0
1319665034,2
1319678347,101
1319680328,1
1319697693,11
1319701315,0
1319702332,12
1319709827,0
1319709905,2
1319715231,0
1319720221,0
1319749836,12
1319753754,3
1319756036,0
1319756096,3
1319759430,2
1319760746,20
1319776248,38
1319780465,110
1319781586,13
1319782366,2
1319785149,0
1319786688,94
1319789375,14
1319793410,22
1319795009,3
1319797823,16
1319823035,48
1319827146,33
1319830431,2
1319832335,157
1319835565,122
1319851399,60
1319855210,1048
1319873617,93
1319873856,32
1319913823,268
1319919713,11
1319921002,302
1319927892,346
1319929531,18
1319935567,18
1319940995,11
1319941229,38
1319945044,67
1319946565,11
1319951501,23
1319996831,15
1320010935,62
1320032479,110
1320039160,46
1320039519,55
1320069781,38
1320081580,53
1320085548,40
1320086941,66
1320088898,99
1320101490,2251
1320109030,15
1320110114,19
1320145775,58
1320148460,12
1320151833,40
1320154042,55
1320160089,20
1320178198,50
1320191889,414
1320193282,2
1320195608,134
1320198992,2
1320203112,112
1320206061,16
1320208076,60
1320216862,15
1320223657,0
1320225787,0
1320226649,0
1320231703,4
1320236696,18
1320239169,65
1320242285,1057
1320243208,1
1320246076,43
1320246435,1
1320257424,17
1320258128,16
1320269374,0
1320270455,504
1320271414,95
1320277476,0
1320283832,87
1320283956,18
1320289812,18
1320292651,14
1320297326,3
1320298299,2
1320298687,1
1320301761,13
1320307428,365
1320308904,13
1320316688,11
1320324014,1
1320324475,0
1320332437,17
1320335794,13
1320336874,17
1320339732,164
1320340321,17
1320342909,17
1320347777,17
1320349038,15
1320349933,25
1320360869,1
1320361231,1
1320361728,2
1320371134,0
1320377629,24
1320378523,26
1320379092,16
1320380005,15
1320383259,0
1320387914,100
1320388319,0
1320389065,12
1320393115,23
1320394663,1
1320395538,160
1320404240,0
1320406751,1
1320410702,0
1320412291,1
1320413062,0
1320417534,0
1320418391,1
1320419451,0
1320419730,0
1320423970,0
1320444346,603
1320448084,2
1320448216,102
1320456030,1
1320456601,22
1320457204,15
1320463247,20
1320472884,31
1320479894,15
1320486737,0
1320488375,0
1320490421,0
1320490739,0
1320491907,0
1320493145,0
1320495821,26
1320496553,0
1320498228,0
1320500320,0
1320500692,26
1320502145,267
1320502581,36
1320507130,0
1320508734,0
1320512475,0
1320532788,0
1320532948,0
1320533264,0
1320538689,24
1320578276,28
1320603795,16
1320605477,24
1320623548,21
1320658226,34
1320707005,23
1320719264,0
1320723546,17
1320737819,12
1320763344,41
1320767711,43
1320804509,29
1320818729,84
1320824737,51
1320827273,825
1320874379,11
1320905866,14
1320932400,22
1320943282,21
1321035178,16
1321045269,59
1321050149,264
1321050932,8
1321063327,19
1321069859,10
1321088913,75
1321100725,12
1321135386,102
1321139753,11
1321142548,45
1321152436,49
1321161662,95
1321177738,13
1321182314,31
1321204158,20
1321209080,53
1321216024,53
1321219788,90
1321239702,26
1321259990,11
1321260596,51
1321275205,33
1321277409,16
1321280738,117
1321291692,51
1321327978,13
1321342529,53
1321356000,52
1321376069,42
1321379766,27
1321382020,29
1321396874,111
1321397116,37
1321399490,32
1321407943,142
1321408165,280
1321408361,20
1321423834,29
1321436547,131
1321441704,37
1321458559,13
1321465913,17
1321490481,30
1321499283,33
1321505820,31
1321507377,33
1321559698,345
1321578581,823
1321591183,84
1321624668,637
1321637157,26
1321674874,42
1321678498,62
1321688525,591
1321689447,14
1321699044,16
1321714128,17
1321738568,13
1321749130,43
1321770621,425
1321772520,25
1321773119,48
1321773777,47
1321781742,39
1321784163,49
1321786097,84
1321790489,491
1321826970,157
1321878142,35
1321884777,33
1321888095,77
1321907813,11
1321908669,25
1321917067,0
1321920026,671
1321921283,42
1321926278,32
1321929305,0
1321936789,11
1321957043,0
1321968329,0
1321968445,0
1321988451,28
1321992041,0
1321996634,60
1321999667,1
1322012299,14722
1322016298,12
1322033157,0
1322041286,1
1322045689,27
1322051065,27
1322054270,28
1322055568,53
1322083229,87
1322083929,237
1322091211,68
1322098015,111
1322113808,15
1322136828,911
1322162271,14
1322183015,109
1322187842,225
1322193747,14
1322195763,20
1322214052,220
1322226624,471
1322239420,53
1322241466,268
1322241610,4
1322245839,2
1322254311,199
1322256167,3
1322256388,19
1322307430,111
1322339572,24
1322350350,42
1322356489,30
1322371775,41
1322388294,34
1322396669,51
1322411592,20
1322438508,70
1322439023,67
1322477142,31
1322480547,66
1322481762,211
1322502505,317
1322510470,27
1322524751,142
1322551166,12
1322579884,12
1322584104,44
1322621080,19
1322626388,15
1322633620,83
1322640431,363
1322651268,459
1322652272,56
1322660175,32
1322668478,22
1322685769,17
1322698650,877
1322699193,84
1322701347,13
1322734311,33
1322754000,316
1322754864,64
1322767235,22
1322768766,2717
1322781104,158
1322794014,42
1322795798,55
1322796395,64
1322798245,250
1322799348,160
1322800734,32
1322801375,64
1322821393,16
1322825368,494
1322829806,111
1322840923,17
1322850354,483
1322882679,24
1322889322,12
1322892096,80
1322918377,97
1322919742,21
1322934980,20
1322938843,25
1322943860,452
1322957439,23
1322963697,61
1322976119,57
1322976829,63
1322979659,86
1322983543,56
1323003537,54
1323018222,14
1323039537,179
1323045322,35
1323045821,74
1323048240,158
1323076522,22
1323081107,15
1323093689,30
1323101134,31
1323122780,50
1323127278,444
1323130935,146
1323166404,105
1323192475,16
1323215530,29
1323260088,24
1323280384,36
1323288013,40
1323306782,64
1323322459,829
1323366767,27
1323366961,162
1323374070,12
1323419190,41
1323437451,14
1323449258,29
1323452550,316
1323463941,90
1323479933,156
1323482446,45
1323487520,28
1323490949,12
1323498380,30
1323511527,2475
1323514075,26
1323525253,29
1323548506,127
1323562930,19
1323577359,38
1323581499,33
1323595365,47
1323600817,27
1323654521,27
1323663794,287
1323673335,148
1323688475,12
1323692802,289
1323695128,16
1323695325,132
1323695358,114
1323712925,40
1323731499,17
1323763720,1602
1323764338,11
1323777381,32
1323787093,117
1323796113,192
1323833414,57
1323840812,41
1323841129,20
1323845482,15
1323869266,20
1323875882,15
1323907664,48
1323908322,21
1323919094,310
1323926490,13
1323931693,21
1323933315,56
1323938708,37
1323950625,61
1323957541,36
1323978754,455
1323984334,290
1323985353,32
1323988988,15
1323993731,47
1323995843,40
1324010126,11
1324010880,13
1324015717,98
1324058131,20
1324059656,18
1324063135,36
1324071199,78
1324083696,31
1324107430,281
1324117656,94
1324124790,15
1324137339,34
1324157281,64
1324166631,103
1324208491,625
1324216451,40
1324219364,37
1324223080,41
1324232013,17
1324240706,70
1324250345,32
1324263473,211
1324284666,30
1324303646,118
1324311422,26
1324339417,23
1324366886,29
1324381785,52
1324382874,63
1324385140,31
1324395929,49
1324460855,44
1324477638,14
1324482694,48
1324485862,79
1324487331,20
1324491658,57
1324495180,30
1324519003,30
1324527947,45
1324537078,49
1324538069,100
1324543298,18
1324553091,19
1324636939,101
1324639578,170
1324650416,42
1324658671,29
1324663201,77
1324668664,13
1324702702,205
1324704163,51
1324704245,34
1324720705,18
1324721157,105
1324731844,29
1324741372,11
1324744711,28
1324749263,111
1324769510,52
1324795580,27
1324803269,21
1324817742,134
1324838427,13
1324847108,398
1324853220,34
1324858135,32
1324891625,23
1324932440,34
1324948322,38
1324950805,32
1324952686,27
1324971080,25
1324983964,24
1325028032,58
1325059793,40
1325060410,25
1325064335,98
1325072646,17
1325096132,1020
1325101953,95
1325104810,149
1325112478,106
1325141112,41
1325142316,16
1325194554,39
1325206693,80
1325241665,27
1325286935,11
1325297391,72
1325304283,12
1325315882,12
1325322542,204
1325324098,43
1325337668,22
1325344471,238
1325410311,11
1325588165,14
1325614151,36
1325714602,20
1325723889,43
1325805237,37
1325853520,43
1325888868,26
1325895668,17
1325897531,54
1325902812,22
1325916970,29
1325996077,74
1326008263,127
1326035801,17
1326044641,101
1326053961,26
1326054908,103
1326056513,176
1326088798,55
1326115288,38
1326137943,22
1326143244,20
1326164488,18
1326173426,13
1326177141,31
1326180722,31
1326189017,70
1326199068,28
1326224688,20
1326228297,14
1326235132,68
1326240806,49
1326244070,50
1326249163,26
1326266863,23
1326292154,25
1326302831,18
1326316542,139
1326329875,453
1326394720,74
1326420620,135
1326452281,28
1326464530,12
1326480303,785
1326486804,59
1326522983,12
1326529720,16
1326531152,151
1326547070,24
1326554666,84
1326574350,635
1326586077,31
1326607979,97
1326642999,42
1326654671,1503
1326671554,13
1326675251,18
1326681144,100
1326682918,120
1326737916,27
1326773343,22
1326794832,105
1326807637,133
1326836323,126
1326853912,120
1326856161,40
1326915228,112
1326963742,260
1326992826,14
1327008838,53
1327070180,220
1327071007,59
1327114542,27
1327180127,105
1327190291,58
1327191572,34
1327214801,1557
1327221128,30
1327225282,345
1327274680,140
1327285989,16
1327327043,123
1327328463,66
1327329738,106
1327333040,32
1327360831,102
1327391344,28
1327394183,48
1327411925,55
1327414207,63
1327497611,238
1327497865,179
1327502931,828
1327504713,15
1327537702,13
1327542058,20
1327544079,16
1327546939,34
1327549440,14
1327561373,39
1327574742,28
1327584991,34
1327587687,14
1327647115,40
1327654942,22
1327664185,157
1327672071,35
1327679001,19
1327679348,52
1327703576,26
1327741635,455
1327769792,14
1327771378,71
1327772426,39
1327812422,44
1327912660,84
1327915197,2
1327916640,2
1327923000,0
1327930234,0
1327930300,0
1327935413,79
1327941497,0
1327950220,0
1327987517,0
1328004208,43
1328021837,85
1328035329,100
1328103438,59
1328146553,13
1328202159,37
1328251573,41
1328287322,17
1328310747,32
1328330941,27
1328335662,56
1328340947,47
1328355234,55
1328389467,149
1328406087,105
1328468175,37
1328481144,46
1328526159,70
1328527258,357
1328542091,16
1328590564,24
1328597658,12
1328627783,1416
1328656904,45
1328707869,46
1328712465,56
1328757117,17
1328769721,636
1328824432,36
1328829300,42
1328830359,42
1328868896,80
1328889333,33
1328934583,33
1328945410,16
1328952004,127
1328955645,99
1328958105,188
1328966233,39
1329050462,47
1329096836,78
1329110841,27
1329128263,156
1329136737,50
1329167133,115
1329205905,1
1329206395,127
1329223745,33
1329267018,27
1329270526,67
1329477354,55
1329491612,75
1329520982,41
1329535977,75
1329629252,1488
1329643274,290
1329658588,61
1329688801,84
1329697250,40
1329723865,45
1329758650,95
1329766967,41
1329772796,28
1329778496,47
1329806020,34
1329834110,90
1329849289,109
1329919679,28
1329972462,160
1330005206,119
1330063459,0
1330075875,42
1330108323,77
1330132149,37
1330135801,465
1330160336,259
1330297001,29
1330332758,37
1330347036,26
1330369527,41
1330434395,42
1330461845,28
1330473381,85
1330507810,37
1330510119,34
1330516937,106
1330606607,34
1330627533,158
1330632565,59
1330644388,160
1330652318,35
1330669096,102
1330687306,35
1330719310,27
1330762310,64
1330809662,84
1330864189,487
1330901644,44
1330909640,45
1330916054,41
1331049113,33
1331078494,27
1331086429,37
1331135699,63
1331242694,58
1331261687,226
1331283163,26
